time/fps,time/total_timesteps,time/iterations,time/time_elapsed,train/value_loss,train/entropy_loss,train/clip_fraction,train/loss,train/policy_gradient_loss,train/approx_kl,train/std,train/learning_rate,train/explained_variance,train/n_updates,train/clip_range,rollout/ep_rew_mean,rollout/ep_len_mean
470,2048,1,4,,,,,,,,,,,,,
532,4096,2,7,4.805806660652161,-7.156643509864807,0.2658203125,2.2963247299194336,-0.0077006999170407655,0.020459265,0.37337222695350647,0.0003,0.9904541969299316,24420,0.2,,
550,6144,3,11,4.536823439598083,-7.15121283531189,0.180859375,1.857221245765686,-0.013472848478704691,0.019878503,0.3733302354812622,0.0003,0.9912541508674622,24425,0.2,,
523,8192,4,15,5.307590365409851,-7.153025984764099,0.20126953125,2.1547224521636963,-0.013936325069516897,0.021629442,0.3734549880027771,0.0003,0.990349292755127,24430,0.2,1786.28271484375,1000.0
530,10240,5,19,3.635695445537567,-7.159496998786926,0.24580078125,1.5458180904388428,-0.01570918469224125,0.026276205,0.3736051023006439,0.0003,0.9928199052810669,24435,0.2,1786.28271484375,1000.0
543,12288,6,22,5.180751872062683,-7.160606217384339,0.2275390625,2.4430603981018066,-0.010016863024793566,0.01687242,0.3735640048980713,0.0003,0.9923501014709473,24440,0.2,1786.28271484375,1000.0
548,14336,7,26,3.915427565574646,-7.157992434501648,0.22685546875,1.9811993837356567,-0.014262365433387459,0.025752187,0.3734785318374634,0.0003,0.9938050508499146,24445,0.2,1786.28271484375,1000.0
536,16384,8,30,2.6991743206977845,-7.155146479606628,0.21875,1.2399052381515503,-0.015226759389042855,0.026080288,0.3735007643699646,0.0003,0.9957983493804932,24450,0.2,1670.843505859375,1000.0
544,18432,9,33,3.450038182735443,-7.154421544075012,0.20224609375,1.4794440269470215,-0.015180651610717178,0.020325491,0.37351179122924805,0.0003,0.9950054883956909,24455,0.2,1670.843505859375,1000.0
550,20480,10,37,3.675300824642181,-7.147884345054626,0.33837890625,1.7570276260375977,-0.011341356206685305,0.026856551,0.3732953369617462,0.0003,0.9937893152236938,24460,0.2,1670.843505859375,1000.0
555,22528,11,40,5.068224692344666,-7.13829185962677,0.30263671875,2.464257001876831,-0.00968596248421818,0.02338026,0.37318453192710876,0.0003,0.9920639395713806,24465,0.2,1670.843505859375,1000.0
545,24576,12,45,3.5148122787475584,-7.13486487865448,0.34501953125,1.5476645231246948,-0.01239362662890926,0.03109824,0.3731883764266968,0.0003,0.9943642020225525,24470,0.2,1701.7943115234375,1000.0
550,26624,13,48,4.178985607624054,-7.132797050476074,0.31416015625,1.905441164970398,-0.016141486028209327,0.03305503,0.373215913772583,0.0003,0.993975043296814,24475,0.2,1701.7943115234375,1000.0
554,28672,14,51,4.7964102029800415,-7.132638144493103,0.32451171875,2.4579272270202637,-0.015879300888627768,0.03312233,0.3731352388858795,0.0003,0.9939233064651489,24480,0.2,1701.7943115234375,1000.0
558,30720,15,55,4.15233815908432,-7.129182815551758,0.30888671875,2.20157527923584,-0.010287903225980699,0.030820854,0.373056024312973,0.0003,0.9948795437812805,24485,0.2,1701.7943115234375,1000.0
550,32768,16,59,3.115023446083069,-7.124480772018432,0.30673828125,1.3732815980911255,-0.007331120781600475,0.02017266,0.37295040488243103,0.0003,0.995956301689148,24490,0.2,1697.28857421875,1000.0
550,34816,17,63,4.632939076423645,-7.118371605873108,0.30244140625,2.444068431854248,-0.010295685124583542,0.029007317,0.37278425693511963,0.0003,0.9930217862129211,24495,0.2,1697.28857421875,1000.0
551,36864,18,66,2.672694230079651,-7.1054576396942135,0.306640625,1.2297375202178955,-0.01550161896739155,0.030461013,0.37261030077934265,0.0003,0.9929207563400269,24500,0.2,1697.28857421875,1000.0
554,38912,19,70,3.8191648840904238,-7.099445867538452,0.32041015625,1.8307178020477295,-0.01230745012871921,0.025690136,0.37258613109588623,0.0003,0.9912474751472473,24505,0.2,1697.28857421875,1000.0
546,40960,20,74,3.4754544138908385,-7.101007699966431,0.20791015625,1.42327082157135,-0.012396855361294002,0.018953048,0.3726467490196228,0.0003,0.9920649528503418,24510,0.2,1695.005859375,1000.0
549,43008,21,78,4.179255092144013,-7.102392315864563,0.304296875,1.8858848810195923,-0.00810479822102934,0.04705377,0.372659832239151,0.0003,0.9898167848587036,24515,0.2,1695.005859375,1000.0
552,45056,22,81,5.025865483283996,-7.101748943328857,0.29443359375,2.5925099849700928,-0.010075654368847609,0.027093805,0.3728733956813812,0.0003,0.9832206964492798,24520,0.2,1695.005859375,1000.0
554,47104,23,84,5.75789954662323,-7.1084596633911135,0.44365234375,2.9784066677093506,-0.012965296127367765,0.052243333,0.37301427125930786,0.0003,0.981131911277771,24525,0.2,1695.005859375,1000.0
549,49152,24,89,5.651464200019836,-7.1055316686630245,0.3958984375,2.819032907485962,-0.009539976413361729,0.04254786,0.37279465794563293,0.0003,0.9804797768592834,24530,0.2,1716.5279541015625,1000.0
551,51200,25,92,5.008804488182068,-7.107326602935791,0.40263671875,2.25654935836792,-0.008251829165965318,0.04551778,0.3731347918510437,0.0003,0.986128032207489,24535,0.2,1716.5279541015625,1000.0
553,53248,26,96,4.663315343856811,-7.124613213539123,0.26103515625,2.2605762481689453,-0.013783849094761536,0.025362201,0.3733018636703491,0.0003,0.9882444739341736,24540,0.2,1716.5279541015625,1000.0
554,55296,27,99,6.219687414169312,-7.127308964729309,0.380078125,2.931791067123413,-0.016171445487998426,0.03825434,0.3732507824897766,0.0003,0.9843220710754395,24545,0.2,1716.5279541015625,1000.0
550,57344,28,104,4.329800283908844,-7.123911023139954,0.32060546875,2.0289900302886963,-0.012498415086884051,0.030669725,0.3731575012207031,0.0003,0.9885790944099426,24550,0.2,1720.11328125,1000.0
552,59392,29,107,3.761215054988861,-7.119045758247376,0.27216796875,1.6537187099456787,-0.011021579848602414,0.032655716,0.3731362521648407,0.0003,0.9929459095001221,24555,0.2,1720.11328125,1000.0
554,61440,30,110,5.063137841224671,-7.115703988075256,0.1849609375,2.142552137374878,-0.012438023102004082,0.019033562,0.3729937970638275,0.0003,0.9905050992965698,24560,0.2,1720.11328125,1000.0
556,63488,31,114,3.901994693279266,-7.114422559738159,0.33388671875,1.842722773551941,-0.017702106724027545,0.033427916,0.373173326253891,0.0003,0.9928184151649475,24565,0.2,1720.11328125,1000.0
552,65536,32,118,3.9410269618034364,-7.11990716457367,0.27109375,1.6860843896865845,-0.008661675686016678,0.03999356,0.3731164336204529,0.0003,0.9924013614654541,24570,0.2,1710.136962890625,1000.0
554,67584,33,121,4.553194427490235,-7.117151093482971,0.3294921875,2.301384687423706,-0.01990389879792929,0.031198116,0.3732146620750427,0.0003,0.9916009306907654,24575,0.2,1710.136962890625,1000.0
555,69632,34,125,4.064662981033325,-7.127383303642273,0.29970703125,1.9522148370742798,-0.015685177443083377,0.040521733,0.3734961748123169,0.0003,0.9920817017555237,24580,0.2,1710.136962890625,1000.0
555,71680,35,128,4.0920289039611815,-7.134858655929565,0.4103515625,1.9067070484161377,0.00543889794498682,0.03905109,0.37343931198120117,0.0003,0.9914429783821106,24585,0.2,1710.136962890625,1000.0
551,73728,36,133,3.7075753927230837,-7.128781700134278,0.33671875,1.6162822246551514,-0.008351960428990423,0.028473405,0.37322744727134705,0.0003,0.9926589727401733,24590,0.2,1721.02197265625,1000.0
552,75776,37,137,5.426416373252868,-7.1266230821609495,0.40126953125,2.707977533340454,-0.005899809836409986,0.07478876,0.3732862174510956,0.0003,0.9731273055076599,24595,0.2,1721.02197265625,1000.0
553,77824,38,140,4.253792488574982,-7.13129198551178,0.4880859375,1.814499020576477,-0.004452770482748747,0.060517177,0.37338128685951233,0.0003,0.9696215987205505,24600,0.2,1721.02197265625,1000.0
554,79872,39,143,4.746952962875366,-7.134068727493286,0.4587890625,2.2821245193481445,0.004104159725829959,0.06339421,0.3733617067337036,0.0003,0.9660298824310303,24605,0.2,1721.02197265625,1000.0
551,81920,40,148,7.284788751602173,-7.132162404060364,0.3908203125,3.5094563961029053,-0.009675956959836186,0.034154996,0.3733018636703491,0.0003,0.9527484774589539,24610,0.2,1738.5404052734375,1000.0
553,83968,41,151,3.7052824020385744,-7.128181600570679,0.41494140625,1.5760443210601807,-0.0025430346839129927,0.028906997,0.3732820153236389,0.0003,0.9816351532936096,24615,0.2,1738.5404052734375,1000.0
554,86016,42,155,3.705314540863037,-7.127223825454712,0.3609375,1.8677517175674438,-0.01415847297757864,0.03720846,0.3732672929763794,0.0003,0.9798620343208313,24620,0.2,1738.5404052734375,1000.0
550,88064,43,159,3.06420738697052,-7.124308037757873,0.349609375,1.4509466886520386,-0.006736869597807527,0.04223638,0.37311041355133057,0.0003,0.9826005697250366,24625,0.2,1744.98388671875,1000.0
551,90112,44,163,3.951704716682434,-7.117297840118408,0.34423828125,1.9790006875991821,-0.009034015983343125,0.032852978,0.37313905358314514,0.0003,0.9771434664726257,24630,0.2,1744.98388671875,1000.0
553,92160,45,166,6.178138566017151,-7.122126269340515,0.37666015625,3.01452374458313,-0.003376228385604918,0.046375178,0.3731282651424408,0.0003,0.9735607504844666,24635,0.2,1744.98388671875,1000.0
554,94208,46,170,5.983564710617065,-7.121093130111694,0.29990234375,3.0318775177001953,-0.015197421167977154,0.02964287,0.37316012382507324,0.0003,0.9736723303794861,24640,0.2,1744.98388671875,1000.0
551,96256,47,174,5.166252708435058,-7.1129329919815065,0.40361328125,2.3697547912597656,-0.012803279655054211,0.043742247,0.37281540036201477,0.0003,0.9742944240570068,24645,0.2,1753.5399169921875,1000.0
552,98304,48,177,5.225730323791504,-7.094875454902649,0.49482421875,2.640831232070923,0.007080258917994797,0.0698863,0.3724747896194458,0.0003,0.979120671749115,24650,0.2,1753.5399169921875,1000.0
553,100352,49,181,3.0840890169143678,-7.081562232971192,0.5271484375,1.4939230680465698,0.01593006062321365,0.121188104,0.3722643554210663,0.0003,0.992451548576355,24655,0.2,1753.5399169921875,1000.0
554,102400,50,184,3.624179649353027,-7.075273323059082,0.39677734375,1.658516764640808,-0.010005739890038967,0.033671834,0.37224268913269043,0.0003,0.991387665271759,24660,0.2,1753.5399169921875,1000.0
552,104448,51,189,5.08266179561615,-7.075869536399841,0.30185546875,2.3898260593414307,-0.016314310557208955,0.03479441,0.3723300099372864,0.0003,0.9882122874259949,24665,0.2,1756.5428466796875,1000.0
552,106496,52,192,3.4948954463005064,-7.082316374778747,0.2966796875,1.5854994058609009,-0.01462952431757003,0.027183099,0.37256643176078796,0.0003,0.9923316240310669,24670,0.2,1756.5428466796875,1000.0
552,108544,53,196,3.2725677490234375,-7.089813494682312,0.2560546875,1.8094844818115234,-0.016495543927885593,0.028031733,0.37271538376808167,0.0003,0.9915229082107544,24675,0.2,1756.5428466796875,1000.0
552,110592,54,200,2.9513607740402223,-7.089990425109863,0.21982421875,1.443781852722168,-0.01702059111557901,0.02007462,0.3725716769695282,0.0003,0.9927337169647217,24680,0.2,1756.5428466796875,1000.0
548,112640,55,205,4.001784360408783,-7.083622145652771,0.21220703125,2.0034589767456055,-0.014915522781666368,0.023274347,0.37252113223075867,0.0003,0.9885740280151367,24685,0.2,1744.65966796875,1000.0
550,114688,56,208,4.127288484573365,-7.0853118896484375,0.28037109375,1.7835001945495605,-0.01340907735284418,0.024903854,0.3726245164871216,0.0003,0.9911193251609802,24690,0.2,1744.65966796875,1000.0
550,116736,57,211,3.9691349506378173,-7.087794947624206,0.24482421875,1.9938737154006958,-0.018580269999802113,0.023447366,0.3725600242614746,0.0003,0.9921252131462097,24695,0.2,1744.65966796875,1000.0
551,118784,58,215,4.177242541313172,-7.084971714019775,0.3611328125,1.8693444728851318,-0.004201915464363992,0.039742466,0.3726174831390381,0.0003,0.9923503398895264,24700,0.2,1744.65966796875,1000.0
549,120832,59,219,4.336767256259918,-7.0854089736938475,0.27158203125,2.008965492248535,-0.009466061112470925,0.027657542,0.3725802004337311,0.0003,0.9919556975364685,24705,0.2,1750.2965087890625,1000.0
550,122880,60,223,5.365543150901795,-7.086637783050537,0.32197265625,2.3354039192199707,-0.011734909238293767,0.03867882,0.3726631700992584,0.0003,0.9885233640670776,24710,0.2,1750.2965087890625,1000.0
551,124928,61,226,5.239190459251404,-7.086522006988526,0.3037109375,2.6749815940856934,-0.014414185448549688,0.037387487,0.372484415769577,0.0003,0.9821827411651611,24715,0.2,1750.2965087890625,1000.0
552,126976,62,229,4.099758243560791,-7.078187084197998,0.3171875,2.0208022594451904,-0.009710860112681985,0.0272362,0.37246984243392944,0.0003,0.9858277440071106,24720,0.2,1750.2965087890625,1000.0
550,129024,63,234,3.986576163768768,-7.075093531608582,0.325390625,1.7997839450836182,-0.006049904995597899,0.047434922,0.37236371636390686,0.0003,0.9851260781288147,24725,0.2,1760.96728515625,1000.0
551,131072,64,237,4.6153289437294,-7.0651460647583,0.38798828125,2.1252715587615967,0.0032934874354396014,0.03701723,0.37221217155456543,0.0003,0.9929686784744263,24730,0.2,1760.96728515625,1000.0
552,133120,65,241,4.211692941188812,-7.0604332447052,0.29501953125,2.1727287769317627,-0.013102632667869329,0.02716741,0.3721521198749542,0.0003,0.9951562881469727,24735,0.2,1760.96728515625,1000.0
552,135168,66,244,3.66363730430603,-7.062979245185852,0.27412109375,1.645355463027954,-0.014114789699669927,0.026432395,0.3721914291381836,0.0003,0.9956735372543335,24740,0.2,1760.96728515625,1000.0
550,137216,67,249,5.184359884262085,-7.0679614543914795,0.260546875,2.7049362659454346,-0.010183079424314201,0.02876191,0.3722721338272095,0.0003,0.9946101307868958,24745,0.2,1748.6031494140625,1000.0
551,139264,68,252,3.829761016368866,-7.07399001121521,0.3091796875,1.6978060007095337,-0.011061813030391932,0.033098858,0.3723791837692261,0.0003,0.9949569702148438,24750,0.2,1748.6031494140625,1000.0
552,141312,69,255,4.5878845930099486,-7.078645801544189,0.28076171875,2.303793430328369,-0.017822877084836364,0.024122588,0.3724323809146881,0.0003,0.9925948977470398,24755,0.2,1748.6031494140625,1000.0
552,143360,70,259,3.3070691227912903,-7.074868154525757,0.3515625,1.6103163957595825,-0.013457105937413871,0.037358586,0.372259259223938,0.0003,0.9948688745498657,24760,0.2,1748.6031494140625,1000.0
549,145408,71,264,3.8610130667686464,-7.0719235897064205,0.38544921875,2.030489921569824,-0.00808124551549554,0.03835197,0.37238046526908875,0.0003,0.9946457743644714,24765,0.2,1752.3466796875,1000.0
548,147456,72,268,3.4778099417686463,-7.076068162918091,0.18115234375,1.6588542461395264,-0.010921069444157184,0.014644554,0.37234246730804443,0.0003,0.9928458333015442,24770,0.2,1752.3466796875,1000.0
548,149504,73,272,3.4092453360557555,-7.072829532623291,0.3138671875,1.5616669654846191,-0.01564183667069301,0.049827542,0.3722662627696991,0.0003,0.9897072315216064,24775,0.2,1752.3466796875,1000.0
548,151552,74,276,2.8954421877861023,-7.069463539123535,0.280859375,1.3880852460861206,-0.009078552410937846,0.031515192,0.3721723258495331,0.0003,0.9913463592529297,24780,0.2,1752.3466796875,1000.0
546,153600,75,281,3.6027515053749086,-7.066357970237732,0.22666015625,1.5656005144119263,-0.014714186126366258,0.021898622,0.3721153736114502,0.0003,0.9896509051322937,24785,0.2,1746.7568359375,1000.0
547,155648,76,284,4.237510538101196,-7.067283964157104,0.33505859375,2.1237659454345703,-0.011003250954672694,0.05111874,0.3721030056476593,0.0003,0.9904272556304932,24790,0.2,1746.7568359375,1000.0
547,157696,77,287,4.656931412220001,-7.07179012298584,0.33505859375,1.9845410585403442,-0.01173917034175247,0.037679963,0.372206449508667,0.0003,0.98936527967453,24795,0.2,1746.7568359375,1000.0
548,159744,78,291,4.482848215103149,-7.074312829971314,0.2359375,2.106200695037842,-0.016948971431702375,0.01857927,0.37217268347740173,0.0003,0.989959716796875,24800,0.2,1746.7568359375,1000.0
546,161792,79,296,4.244132244586945,-7.07107093334198,0.17353515625,1.8913369178771973,-0.017334787012077867,0.01631728,0.37204599380493164,0.0003,0.9899380803108215,24805,0.2,1744.517333984375,1000.0
546,163840,80,299,3.0769025802612306,-7.064795207977295,0.309375,1.619053602218628,-0.01189357852563262,0.034263365,0.3719545006752014,0.0003,0.9906865954399109,24810,0.2,1744.517333984375,1000.0
546,165888,81,303,3.6200956225395204,-7.0594837188720705,0.22685546875,1.8022397756576538,-0.012510536145418883,0.024794688,0.3718005418777466,0.0003,0.9875995516777039,24815,0.2,1744.517333984375,1000.0
547,167936,82,306,2.415429389476776,-7.054049873352051,0.29140625,1.293211817741394,-0.018634195160120725,0.023783851,0.37178292870521545,0.0003,0.991313636302948,24820,0.2,1744.517333984375,1000.0
545,169984,83,311,3.343698787689209,-7.055719423294067,0.34833984375,1.5078250169754028,-0.015539229800924658,0.03144093,0.3718157410621643,0.0003,0.988625705242157,24825,0.2,1742.6429443359375,1000.0
546,172032,84,314,3.0102625608444216,-7.055256366729736,0.3548828125,1.5664650201797485,-0.004473214177414775,0.04607267,0.3718981444835663,0.0003,0.9933295249938965,24830,0.2,1742.6429443359375,1000.0
546,174080,85,318,4.145157265663147,-7.0576382875442505,0.24404296875,2.0823657512664795,-0.01308807109016925,0.029709067,0.3718584477901459,0.0003,0.9911172986030579,24835,0.2,1742.6429443359375,1000.0
545,176128,86,322,4.017629730701446,-7.056338095664978,0.39453125,1.9446008205413818,-0.007904758211225271,0.045139477,0.37191036343574524,0.0003,0.9918169975280762,24840,0.2,1737.0023193359375,1000.0
545,178176,87,326,4.018456733226776,-7.063763213157654,0.322265625,2.682655096054077,-0.00853021196089685,0.040174454,0.372040331363678,0.0003,0.9921416640281677,24845,0.2,1737.0023193359375,1000.0
545,180224,88,330,3.1875345349311828,-7.065615200996399,0.25078125,1.472175121307373,-0.011946823121979833,0.024368737,0.37205183506011963,0.0003,0.9937657117843628,24850,0.2,1737.0023193359375,1000.0
545,182272,89,334,4.235764467716217,-7.066755247116089,0.38056640625,1.9820935726165771,-0.00775790298357606,0.038460616,0.37207740545272827,0.0003,0.9920466542243958,24855,0.2,1737.0023193359375,1000.0
544,184320,90,338,4.362203145027161,-7.067554235458374,0.2884765625,2.107767343521118,-0.007824816601350903,0.031185562,0.3721384108066559,0.0003,0.9914082884788513,24860,0.2,1716.5531005859375,1000.0
544,186368,91,342,2.7295785903930665,-7.067800784111023,0.3228515625,1.5208553075790405,-0.01473722148220986,0.038828664,0.37202948331832886,0.0003,0.9950209856033325,24865,0.2,1716.5531005859375,1000.0
545,188416,92,345,4.7776970863342285,-7.055051183700561,0.34658203125,2.3863766193389893,-0.011792139755561948,0.03246504,0.371744304895401,0.0003,0.9916529655456543,24870,0.2,1716.5531005859375,1000.0
545,190464,93,348,4.88147656917572,-7.040677332878113,0.40224609375,2.425842046737671,-0.010463669640012085,0.034433536,0.37146756052970886,0.0003,0.9914886355400085,24875,0.2,1716.5531005859375,1000.0
544,192512,94,353,4.146157705783844,-7.035430645942688,0.4357421875,2.2556650638580322,-0.004526911512948572,0.07367242,0.3714911639690399,0.0003,0.9926955699920654,24880,0.2,1704.8126220703125,1000.0
545,194560,95,356,3.9451969265937805,-7.039253425598145,0.3587890625,1.9137479066848755,-0.008988285646773874,0.05549848,0.3715153932571411,0.0003,0.9920105934143066,24885,0.2,1704.8126220703125,1000.0
545,196608,96,360,4.033542442321777,-7.042552971839905,0.42705078125,1.9443310499191284,0.0006459275144152343,0.067458324,0.3716963529586792,0.0003,0.9566497206687927,24890,0.2,1704.8126220703125,1000.0
545,198656,97,364,5.359689998626709,-7.0472534656524655,0.46044921875,2.350344181060791,0.0009269669535569847,0.059236657,0.37176263332366943,0.0003,0.9428240656852722,24895,0.2,1704.8126220703125,1000.0
544,200704,98,368,4.7200519919395445,-7.056874799728393,0.39853515625,2.4153330326080322,0.00016960283974185587,0.055120416,0.3720388412475586,0.0003,0.9531831741333008,24900,0.2,1721.14599609375,1000.0
544,202752,99,372,5.260573387145996,-7.0643069505691525,0.44326171875,2.3608617782592773,0.008032587938942015,0.04954374,0.37196362018585205,0.0003,0.9810409545898438,24905,0.2,1721.14599609375,1000.0
545,204800,100,375,4.56216332912445,-7.062224435806274,0.38544921875,2.1307342052459717,-0.007647972018457949,0.039941486,0.37202319502830505,0.0003,0.9898732304573059,24910,0.2,1721.14599609375,1000.0
545,206848,101,379,3.5118213891983032,-7.065529227256775,0.22333984375,1.5516901016235352,-0.01449845831375569,0.016914329,0.3720303475856781,0.0003,0.9921682476997375,24915,0.2,1721.14599609375,1000.0
544,208896,102,383,4.38385808467865,-7.065094423294068,0.28173828125,2.0739150047302246,-0.015007654018700124,0.033326004,0.37199467420578003,0.0003,0.9895371198654175,24920,0.2,1723.943115234375,1000.0
545,210944,103,387,3.3856688857078554,-7.0660775899887085,0.29775390625,1.728447437286377,-0.013575587840750813,0.031939074,0.37200799584388733,0.0003,0.9911733865737915,24925,0.2,1723.943115234375,1000.0
545,212992,104,390,4.470374345779419,-7.065109491348267,0.292578125,2.0872082710266113,-0.017264358676038684,0.026860338,0.3719334304332733,0.0003,0.9841048121452332,24930,0.2,1723.943115234375,1000.0
544,215040,105,394,4.945867919921875,-7.058818745613098,0.43046875,2.2741754055023193,0.003858825913630426,0.07263045,0.37175390124320984,0.0003,0.9814545512199402,24935,0.2,1723.943115234375,1000.0
543,217088,106,399,5.9596922397613525,-7.053038096427917,0.4015625,2.845442533493042,-0.005845453846268356,0.04857585,0.37178248167037964,0.0003,0.9787963628768921,24940,0.2,1728.6778564453125,1000.0
544,219136,107,402,4.238223004341125,-7.050636649131775,0.323828125,2.2413275241851807,-0.006309565808624029,0.055337466,0.37153562903404236,0.0003,0.9852316975593567,24945,0.2,1728.6778564453125,1000.0
544,221184,108,406,4.4463515996932985,-7.040593004226684,0.334375,1.9961684942245483,-0.012715204409323633,0.02785203,0.37147459387779236,0.0003,0.9859967231750488,24950,0.2,1728.6778564453125,1000.0
544,223232,109,409,5.329172897338867,-7.041194987297058,0.34296875,2.357198476791382,-0.01356416973285377,0.03776403,0.3715802729129791,0.0003,0.9827670454978943,24955,0.2,1728.6778564453125,1000.0
543,225280,110,414,4.16598459482193,-7.046553254127502,0.3185546875,2.12968373298645,-0.01641415976919234,0.027589442,0.3716854453086853,0.0003,0.9864016771316528,24960,0.2,1736.242919921875,1000.0
544,227328,111,417,4.679694354534149,-7.045603728294372,0.3275390625,1.9253146648406982,-0.014424403058364987,0.030189868,0.37152111530303955,0.0003,0.9901555180549622,24965,0.2,1736.242919921875,1000.0
544,229376,112,420,5.502842617034912,-7.038352370262146,0.3541015625,2.791517972946167,-0.01448374290484935,0.03199716,0.3713887333869934,0.0003,0.9907026290893555,24970,0.2,1736.242919921875,1000.0
545,231424,113,424,4.3188668370246885,-7.033813548088074,0.33994140625,2.0058367252349854,-0.01580269995611161,0.030224036,0.3713234066963196,0.0003,0.9925731420516968,24975,0.2,1736.242919921875,1000.0
544,233472,114,428,6.117222261428833,-7.03449285030365,0.347265625,2.9130771160125732,-0.012105488497763873,0.028653167,0.3713463544845581,0.0003,0.9881505966186523,24980,0.2,1746.767822265625,1000.0
544,235520,115,432,3.477010154724121,-7.029878449440003,0.34453125,1.7025851011276245,-0.016543102078139783,0.048308417,0.37107396125793457,0.0003,0.9898256063461304,24985,0.2,1746.767822265625,1000.0
545,237568,116,435,5.977402758598328,-7.011341905593872,0.28173828125,2.8554153442382812,-0.01488880137912929,0.027075876,0.3709235191345215,0.0003,0.9765278100967407,24990,0.2,1746.767822265625,1000.0
545,239616,117,438,4.002056574821472,-7.008972811698913,0.252734375,1.7501411437988281,-0.02011355587746948,0.029088754,0.37095096707344055,0.0003,0.9866594672203064,24995,0.2,1746.767822265625,1000.0
544,241664,118,443,3.4914178967475893,-7.008539986610413,0.25341796875,1.673061490058899,-0.01522975293919444,0.030835949,0.37093737721443176,0.0003,0.9861481189727783,25000,0.2,1752.85498046875,1000.0
545,243712,119,446,3.852501916885376,-7.006430602073669,0.40048828125,1.775580883026123,-0.006382711906917393,0.032347895,0.3709808886051178,0.0003,0.9950050115585327,25005,0.2,1752.85498046875,1000.0
546,245760,120,450,4.344235563278199,-7.011951303482055,0.324609375,2.0947024822235107,-0.006641777395270765,0.054408655,0.37131550908088684,0.0003,0.9946540594100952,25010,0.2,1752.85498046875,1000.0
546,247808,121,453,3.9482964992523195,-7.023216819763183,0.33154296875,1.9218288660049438,-0.01247798902913928,0.0286051,0.3714161813259125,0.0003,0.9952606558799744,25015,0.2,1752.85498046875,1000.0
545,249856,122,458,3.9379828929901124,-7.023774862289429,0.312109375,1.804365873336792,-0.0054780450649559494,0.03498272,0.3714252710342407,0.0003,0.9954639673233032,25020,0.2,1748.3154296875,1000.0
545,251904,123,461,3.1850969910621645,-7.023926830291748,0.2697265625,1.4866015911102295,-0.012493225687649101,0.023917109,0.37142330408096313,0.0003,0.9957373738288879,25025,0.2,1748.3154296875,1000.0
545,253952,124,465,3.088505721092224,-7.0211081266403195,0.28447265625,1.4510838985443115,-0.014821688656229525,0.02530912,0.37124329805374146,0.0003,0.9958715438842773,25030,0.2,1748.3154296875,1000.0
544,256000,125,470,2.9091554045677186,-7.013764023780823,0.24189453125,1.3409771919250488,-0.017634709598496556,0.02559387,0.3712059557437897,0.0003,0.9959539175033569,25035,0.2,1733.946044921875,1000.0
544,258048,126,473,4.271373510360718,-7.016107606887817,0.27890625,1.9727505445480347,-0.01580143445171416,0.02526955,0.37121233344078064,0.0003,0.9944654107093811,25040,0.2,1733.946044921875,1000.0
545,260096,127,477,3.4396013140678408,-7.017460823059082,0.27626953125,1.683841347694397,-0.01336981423664838,0.033326466,0.37135088443756104,0.0003,0.9956396222114563,25045,0.2,1733.946044921875,1000.0
545,262144,128,480,4.0500455617904665,-7.022023439407349,0.35,1.5335509777069092,-0.014763200795277953,0.03797517,0.3713461458683014,0.0003,0.9945830702781677,25050,0.2,1733.946044921875,1000.0
544,264192,129,485,3.94018315076828,-7.020212435722351,0.248046875,1.9863969087600708,-0.012484838743694127,0.032486193,0.37136805057525635,0.0003,0.9947152137756348,25055,0.2,1737.1217041015625,1000.0
545,266240,130,488,4.114001345634461,-7.023666191101074,0.28876953125,2.1044394969940186,-0.01577644357457757,0.025689375,0.3714369535446167,0.0003,0.9942600131034851,25060,0.2,1737.1217041015625,1000.0
545,268288,131,491,3.533409321308136,-7.022113037109375,0.28076171875,1.4870295524597168,-0.015607726783491671,0.02610209,0.37128371000289917,0.0003,0.9942998886108398,25065,0.2,1737.1217041015625,1000.0
545,270336,132,495,3.8161672711372376,-7.015002036094666,0.325,1.864755630493164,-0.011662390339188278,0.02113082,0.37121057510375977,0.0003,0.9938771724700928,25070,0.2,1737.1217041015625,1000.0
544,272384,133,499,3.4473055839538573,-7.0170090675354,0.38955078125,1.4670610427856445,-0.010139089287258684,0.048502065,0.3713120222091675,0.0003,0.9944421648979187,25075,0.2,1720.0146484375,1000.0
545,274432,134,503,3.974953460693359,-7.022180199623108,0.233203125,1.701884388923645,-0.014380682446062564,0.018302932,0.37136778235435486,0.0003,0.9936965107917786,25080,0.2,1720.0146484375,1000.0
545,276480,135,506,4.831974506378174,-7.025475549697876,0.34990234375,2.336721420288086,-0.016283886739984155,0.031951718,0.37144550681114197,0.0003,0.9890902638435364,25085,0.2,1720.0146484375,1000.0
546,278528,136,509,4.572590088844299,-7.025975942611694,0.3005859375,2.3529484272003174,-0.011225813790224493,0.023288187,0.3713953197002411,0.0003,0.9899151921272278,25090,0.2,1720.0146484375,1000.0
544,280576,137,514,3.996488261222839,-7.018905782699585,0.3326171875,1.6410472393035889,-0.010403979709371925,0.058155205,0.37117552757263184,0.0003,0.9905045032501221,25095,0.2,1732.49267578125,1000.0
545,282624,138,518,3.846022403240204,-7.006014680862426,0.29755859375,1.8435499668121338,-0.012342848721891642,0.02940736,0.3711375296115875,0.0003,0.9887283444404602,25100,0.2,1732.49267578125,1000.0
545,284672,139,521,4.0233386874198915,-7.0000125646591185,0.35078125,1.8090418577194214,-0.00649735345505178,0.033554792,0.371040403842926,0.0003,0.9597485065460205,25105,0.2,1732.49267578125,1000.0
545,286720,140,525,5.201364350318909,-6.995729374885559,0.3560546875,2.7463958263397217,-0.0021270494326017797,0.072956026,0.37108084559440613,0.0003,0.9524559378623962,25110,0.2,1732.49267578125,1000.0
544,288768,141,530,3.864185059070587,-6.99498188495636,0.3072265625,1.8862119913101196,-0.013919006800279021,0.030409362,0.37094685435295105,0.0003,0.9610876441001892,25115,0.2,1742.4000244140625,1000.0
545,290816,142,533,4.907110571861267,-6.986155939102173,0.30322265625,2.472006320953369,-0.01783729288727045,0.028660707,0.3707125782966614,0.0003,0.9840787053108215,25120,0.2,1742.4000244140625,1000.0
545,292864,143,536,4.7121826887130736,-6.978964018821716,0.19912109375,2.3435370922088623,-0.01146831326186657,0.019624297,0.37069857120513916,0.0003,0.9906490445137024,25125,0.2,1742.4000244140625,1000.0
545,294912,144,540,5.2163426876068115,-6.97840838432312,0.34482421875,2.4608511924743652,-0.011626079410780222,0.03320529,0.37057772278785706,0.0003,0.9905748963356018,25130,0.2,1742.4000244140625,1000.0
545,296960,145,544,4.511031723022461,-6.973673868179321,0.25712890625,2.211792469024658,-0.015150215616449714,0.0217411,0.3705686330795288,0.0003,0.9916589260101318,25135,0.2,1731.084228515625,1000.0
545,299008,146,548,3.889445447921753,-6.975509858131408,0.24501953125,1.83192777633667,-0.012380907218903303,0.03396838,0.37066859006881714,0.0003,0.9945216178894043,25140,0.2,1731.084228515625,1000.0
546,301056,147,551,3.830495524406433,-6.981693768501282,0.358203125,1.8383581638336182,0.00391037838999182,0.036978234,0.37078508734703064,0.0003,0.9953617453575134,25145,0.2,1731.084228515625,1000.0
546,303104,148,554,3.7589842677116394,-6.984225964546203,0.262890625,1.8642799854278564,-0.015681322989985348,0.0229687,0.37080028653144836,0.0003,0.9951756596565247,25150,0.2,1731.084228515625,1000.0
545,305152,149,559,4.358330357074737,-6.985825681686402,0.318359375,2.058906316757202,-0.01805610633455217,0.0349783,0.37082159519195557,0.0003,0.9943681955337524,25155,0.2,1716.04443359375,1000.0
546,307200,150,562,4.233898949623108,-6.985899138450622,0.2685546875,2.1701467037200928,-0.015266411809716374,0.02122119,0.3707126975059509,0.0003,0.9948462247848511,25160,0.2,1716.04443359375,1000.0
546,309248,151,565,4.565946435928344,-6.981272721290589,0.22099609375,2.1503946781158447,-0.01556246733525768,0.018341156,0.37068986892700195,0.0003,0.993850588798523,25165,0.2,1716.04443359375,1000.0
546,311296,152,569,4.407816207408905,-6.986161994934082,0.2083984375,2.279733180999756,-0.012569157360121607,0.021578291,0.3708682656288147,0.0003,0.9939771890640259,25170,0.2,1716.04443359375,1000.0
545,313344,153,574,5.066440129280091,-6.9912265062332155,0.37080078125,2.4699063301086426,-0.012245315057225526,0.045038585,0.3707963824272156,0.0003,0.9930323362350464,25175,0.2,1704.8323974609375,1000.0
545,315392,154,577,3.168390655517578,-6.986927342414856,0.28095703125,1.3377209901809692,-0.00982674069236964,0.024618223,0.37071454524993896,0.0003,0.9957745671272278,25180,0.2,1704.8323974609375,1000.0
546,317440,155,581,4.350943303108215,-6.984185695648193,0.21162109375,2.346369743347168,-0.008673580107279122,0.01737198,0.3707384467124939,0.0003,0.9936145544052124,25185,0.2,1704.8323974609375,1000.0
546,319488,156,584,4.024797487258911,-6.987595629692078,0.3234375,1.8870704174041748,-0.014903767360374331,0.029816784,0.37089109420776367,0.0003,0.9943326711654663,25190,0.2,1704.8323974609375,1000.0
544,321536,157,590,5.04495940208435,-6.995338416099548,0.308984375,2.3928961753845215,-0.012429433967918157,0.027791983,0.37105172872543335,0.0003,0.9926706552505493,25195,0.2,1695.931884765625,1000.0
544,323584,158,594,3.9840878009796143,-7.001232600212097,0.2236328125,1.9036800861358643,-0.01510272000450641,0.021751242,0.3710957169532776,0.0003,0.9948005676269531,25200,0.2,1695.931884765625,1000.0
545,325632,159,597,3.3856918573379517,-7.003612971305847,0.4146484375,1.8193246126174927,0.0014014804735779762,0.06860484,0.3711090385913849,0.0003,0.9952573180198669,25205,0.2,1695.931884765625,1000.0
545,327680,160,600,4.181099963188172,-7.005042648315429,0.34658203125,2.245882511138916,-0.013886740105226636,0.04561894,0.37124526500701904,0.0003,0.9942952990531921,25210,0.2,1695.931884765625,1000.0
544,329728,161,605,3.5502008199691772,-7.013236021995544,0.3142578125,1.6563993692398071,-0.011500916467048228,0.028136358,0.37139707803726196,0.0003,0.9953396916389465,25215,0.2,1686.52685546875,1000.0
544,331776,162,609,4.285903990268707,-7.019845294952392,0.29921875,2.074403762817383,-0.016152151371352376,0.04639314,0.3714689016342163,0.0003,0.9815282225608826,25220,0.2,1686.52685546875,1000.0
544,333824,163,612,3.3988003969192504,-7.019893193244934,0.36015625,1.6434690952301025,-0.009890963486395777,0.032959893,0.3715648353099823,0.0003,0.9729686975479126,25225,0.2,1686.52685546875,1000.0
545,335872,164,616,3.5329261302947996,-7.022469210624695,0.31015625,1.5674021244049072,-0.009940944309346379,0.027889123,0.37178754806518555,0.0003,0.9713451266288757,25230,0.2,1686.52685546875,1000.0
543,337920,165,621,3.340502989292145,-7.025844597816468,0.35625,1.5851694345474243,-0.01447600550018251,0.033148617,0.3716910481452942,0.0003,0.9743632078170776,25235,0.2,1687.0865478515625,1000.0
543,339968,166,625,3.6736745834350586,-7.021464729309082,0.283984375,1.9221946001052856,-0.016569428879301996,0.02671892,0.3715972304344177,0.0003,0.9924845695495605,25240,0.2,1687.0865478515625,1000.0
544,342016,167,628,4.325374984741211,-7.01490740776062,0.35849609375,2.20668363571167,-0.005840483645442873,0.036943115,0.37125226855278015,0.0003,0.9909743070602417,25245,0.2,1687.0865478515625,1000.0
543,344064,168,633,4.040882539749146,-7.003827929496765,0.39091796875,1.97434401512146,-0.013387083751149475,0.04567024,0.3711492121219635,0.0003,0.9914386868476868,25250,0.2,1679.6624755859375,1000.0
543,346112,169,636,5.076368236541748,-7.005220532417297,0.2830078125,2.503453016281128,-0.011972734658047556,0.03339296,0.37120234966278076,0.0003,0.9895293116569519,25255,0.2,1679.6624755859375,1000.0
543,348160,170,640,3.491838753223419,-7.0056743144989015,0.25751953125,1.9046413898468018,-0.01393379622604698,0.021545831,0.3711707592010498,0.0003,0.9924627542495728,25260,0.2,1679.6624755859375,1000.0
544,350208,171,643,2.7454479455947878,-7.006596565246582,0.30703125,1.2753220796585083,-0.01707477108575404,0.035639994,0.37129196524620056,0.0003,0.9943152666091919,25265,0.2,1679.6624755859375,1000.0
543,352256,172,648,3.3062086701393127,-7.011675071716309,0.3111328125,1.5784209966659546,-0.011173663986846804,0.03153355,0.37131941318511963,0.0003,0.9932519793510437,25270,0.2,1686.9180908203125,1000.0
543,354304,173,651,3.499789595603943,-7.009764337539673,0.28662109375,1.5100020170211792,-0.00913101346231997,0.02895831,0.371207594871521,0.0003,0.9931299090385437,25275,0.2,1686.9180908203125,1000.0
543,356352,174,655,5.26340491771698,-7.003069949150086,0.3830078125,2.7439730167388916,-0.004696878022514284,0.04420138,0.37103959918022156,0.0003,0.9792096614837646,25280,0.2,1686.9180908203125,1000.0
543,358400,175,659,5.742268586158753,-7.003449392318726,0.4779296875,2.750246524810791,0.007067556749098003,0.065243125,0.3712885081768036,0.0003,0.9776083827018738,25285,0.2,1686.9180908203125,1000.0
542,360448,176,664,4.14088476896286,-7.013933277130127,0.426953125,2.121135950088501,0.004531060135923326,0.05395562,0.37140175700187683,0.0003,0.9830767512321472,25290,0.2,1705.9737548828125,1000.0
542,362496,177,667,4.897281885147095,-7.008450961112976,0.416015625,2.3649771213531494,-0.000995640503242612,0.0499662,0.37113097310066223,0.0003,0.9818979501724243,25295,0.2,1705.9737548828125,1000.0
543,364544,178,671,3.951659631729126,-6.999589800834656,0.33603515625,1.9297215938568115,-0.011769228172488511,0.028996227,0.370988667011261,0.0003,0.9851810336112976,25300,0.2,1705.9737548828125,1000.0
543,366592,179,674,2.8965896368026733,-6.99446210861206,0.23203125,1.4659740924835205,-0.012900662841275334,0.026759224,0.3708685636520386,0.0003,0.9880402684211731,25305,0.2,1705.9737548828125,1000.0
542,368640,180,679,3.5150163888931276,-6.987438774108886,0.24697265625,1.8789498805999756,-0.01542454909067601,0.026782509,0.3706909716129303,0.0003,0.9867695569992065,25310,0.2,1714.5606689453125,1000.0
542,370688,181,683,4.504363739490509,-6.976556015014649,0.28544921875,2.2508742809295654,-0.019274902995675802,0.027450874,0.3702954351902008,0.0003,0.9871559739112854,25315,0.2,1714.5606689453125,1000.0
542,372736,182,686,2.976646935939789,-6.959101843833923,0.3603515625,1.5599056482315063,-0.01596391978673637,0.03581834,0.3700900077819824,0.0003,0.9946327209472656,25320,0.2,1714.5606689453125,1000.0
543,374784,183,690,4.078372704982757,-6.953491497039795,0.3958984375,1.8134372234344482,0.00481219282373786,0.05146295,0.3699098825454712,0.0003,0.9929034113883972,25325,0.2,1714.5606689453125,1000.0
542,376832,184,694,3.907972812652588,-6.9404895305633545,0.2833984375,1.9802614450454712,-0.0210037229815498,0.032768156,0.3694702684879303,0.0003,0.9919509887695312,25330,0.2,1716.359375,1000.0
542,378880,185,698,3.6380863308906557,-6.922124242782592,0.28701171875,1.692259430885315,-0.015999911120161414,0.030108696,0.36928102374076843,0.0003,0.9941906929016113,25335,0.2,1716.359375,1000.0
542,380928,186,701,5.114570164680481,-6.912571454048157,0.3275390625,2.5904176235198975,-0.016297331545501947,0.03818354,0.36908015608787537,0.0003,0.9934142231941223,25340,0.2,1716.359375,1000.0
543,382976,187,705,5.8460978984832765,-6.909442639350891,0.2697265625,2.6867001056671143,-0.012389903655275702,0.033003356,0.36918574571609497,0.0003,0.9923086166381836,25345,0.2,1716.359375,1000.0
542,385024,188,710,4.390459930896759,-6.914771199226379,0.29267578125,2.3846259117126465,-0.01203538898844272,0.033407643,0.3692486584186554,0.0003,0.9944929480552673,25350,0.2,1716.83984375,1000.0
542,387072,189,713,4.859451222419739,-6.922012209892273,0.25771484375,2.2397687435150146,-0.013277970091439783,0.03260264,0.3696734607219696,0.0003,0.989643931388855,25355,0.2,1716.83984375,1000.0
542,389120,190,717,5.7020503282547,-6.937591624259949,0.340234375,2.5164577960968018,-0.007737940805964172,0.04525648,0.36977818608283997,0.0003,0.9720893502235413,25360,0.2,1716.83984375,1000.0
542,391168,191,721,3.264386534690857,-6.9309447526931764,0.39853515625,1.7073763608932495,-0.0003014471614733338,0.04785292,0.36965885758399963,0.0003,0.9832309484481812,25365,0.2,1716.83984375,1000.0
541,393216,192,725,4.229633891582489,-6.9296162843704225,0.28095703125,1.9766273498535156,-0.02104088051710278,0.034374222,0.3695603609085083,0.0003,0.9783048033714294,25370,0.2,1718.72900390625,1000.0
542,395264,193,729,5.947660064697265,-6.925731253623963,0.25185546875,2.9927525520324707,-0.012085279729217292,0.026173836,0.36943671107292175,0.0003,0.9733904004096985,25375,0.2,1718.72900390625,1000.0
542,397312,194,732,7.70686902999878,-6.9247904300689695,0.275390625,3.6035919189453125,-0.01401108419522643,0.038633756,0.36947694420814514,0.0003,0.9584529399871826,25380,0.2,1718.72900390625,1000.0
542,399360,195,736,5.951204061508179,-6.921613979339599,0.315234375,2.75115966796875,-0.009062226547393947,0.04038444,0.36925646662712097,0.0003,0.9682633876800537,25385,0.2,1718.72900390625,1000.0
541,401408,196,741,5.326622462272644,-6.90994234085083,0.37705078125,2.771099805831909,-0.009916539769619703,0.039126568,0.36913830041885376,0.0003,0.9675397872924805,25390,0.2,1742.50048828125,1000.0
541,403456,197,745,4.557842862606049,-6.914875149726868,0.40908203125,2.366846799850464,-0.00822225408628583,0.039090823,0.3695521950721741,0.0003,0.9934966564178467,25395,0.2,1742.50048828125,1000.0
541,405504,198,749,3.6318198561668398,-6.926754498481751,0.30888671875,1.9501596689224243,-0.01625618829857558,0.03672214,0.3695422410964966,0.0003,0.9953566789627075,25400,0.2,1742.50048828125,1000.0
541,407552,199,753,4.146220600605011,-6.9220675230026245,0.31142578125,1.7513633966445923,-0.013435272173956037,0.031443354,0.36948955059051514,0.0003,0.9948469996452332,25405,0.2,1742.50048828125,1000.0
539,409600,200,759,4.3467969536781315,-6.917448711395264,0.30009765625,2.0402612686157227,-0.017497549671679734,0.024792988,0.3693305552005768,0.0003,0.9945591688156128,25410,0.2,1729.944580078125,1000.0
538,411648,201,764,2.9134695410728453,-6.906976628303528,0.32060546875,1.514322280883789,-0.013209028099663556,0.027088806,0.369115948677063,0.0003,0.9949197769165039,25415,0.2,1729.944580078125,1000.0
537,413696,202,769,2.5626757383346557,-6.8975773572921755,0.43916015625,1.2654218673706055,-0.0037125264760106804,0.067393504,0.3690084218978882,0.0003,0.9938615560531616,25420,0.2,1729.944580078125,1000.0
535,415744,203,776,3.862788534164429,-6.8929355382919315,0.43046875,1.7523494958877563,0.005472573079168796,0.034145094,0.36891859769821167,0.0003,0.9912132620811462,25425,0.2,1729.944580078125,1000.0
534,417792,204,782,3.2573570728302004,-6.889169788360595,0.2654296875,1.4949792623519897,-0.010291692661121487,0.024602935,0.36886799335479736,0.0003,0.99310702085495,25430,0.2,1743.7777099609375,1000.0
533,419840,205,786,3.700175070762634,-6.885659694671631,0.2390625,1.9224350452423096,-0.015495220618322491,0.02500549,0.3687814474105835,0.0003,0.9938648343086243,25435,0.2,1743.7777099609375,1000.0
533,421888,206,791,4.635147202014923,-6.879841256141662,0.26884765625,2.401021718978882,-0.012050927779637278,0.018090542,0.368743360042572,0.0003,0.9922826290130615,25440,0.2,1743.7777099609375,1000.0
533,423936,207,795,3.659278225898743,-6.879891586303711,0.3693359375,1.6405532360076904,-0.009087046631611884,0.050255843,0.3688467741012573,0.0003,0.9939720630645752,25445,0.2,1743.7777099609375,1000.0
531,425984,208,800,3.2555591225624085,-6.875722455978393,0.3158203125,1.594113826751709,-0.014380270504625514,0.036870334,0.3687632381916046,0.0003,0.9943026900291443,25450,0.2,1745.3883056640625,1000.0
531,428032,209,805,4.842773389816284,-6.8727047681808475,0.34130859375,2.1281254291534424,-0.01904145525768399,0.034016386,0.36874279379844666,0.0003,0.9939572215080261,25455,0.2,1745.3883056640625,1000.0
531,430080,210,809,5.702737283706665,-6.877678418159485,0.39541015625,2.662691116333008,0.00033233065623790027,0.055428848,0.36888307332992554,0.0003,0.9925662279129028,25460,0.2,1745.3883056640625,1000.0
530,432128,211,814,5.686475825309754,-6.895843505859375,0.396875,2.568725824356079,-0.010092112654820084,0.037066363,0.36921045184135437,0.0003,0.992695152759552,25465,0.2,1747.818115234375,1000.0
530,434176,212,818,3.8460652112960814,-6.90630030632019,0.3564453125,1.7244030237197876,-0.009187468513846397,0.042680074,0.3691074550151825,0.0003,0.9950962662696838,25470,0.2,1747.818115234375,1000.0
530,436224,213,821,4.373385214805603,-6.8992047786712645,0.30009765625,1.8583581447601318,-0.015011891798349098,0.026861444,0.36897531151771545,0.0003,0.9906007647514343,25475,0.2,1747.818115234375,1000.0
531,438272,214,825,4.216372382640839,-6.893874311447144,0.300390625,2.0003764629364014,-0.015043293067719787,0.026597533,0.36892464756965637,0.0003,0.9915325045585632,25480,0.2,1747.818115234375,1000.0
530,440320,215,830,4.003905534744263,-6.893113660812378,0.28408203125,1.8576602935791016,-0.011304945638403296,0.02862152,0.36886513233184814,0.0003,0.991985023021698,25485,0.2,1748.817138671875,1000.0
530,442368,216,833,3.687551426887512,-6.890998816490173,0.24775390625,1.6762237548828125,-0.007623706909362227,0.034101434,0.3688606023788452,0.0003,0.9920177459716797,25490,0.2,1748.817138671875,1000.0
530,444416,217,837,4.643667411804199,-6.884715914726257,0.35478515625,2.3248708248138428,-0.004767720005474985,0.03780741,0.3686310052871704,0.0003,0.9736382961273193,25495,0.2,1748.817138671875,1000.0
531,446464,218,840,3.9125362396240235,-6.87096107006073,0.3451171875,1.7277443408966064,-0.011808598600327968,0.03347481,0.3683016300201416,0.0003,0.9767642021179199,25500,0.2,1748.817138671875,1000.0
530,448512,219,845,5.503751134872436,-6.861067104339599,0.3189453125,2.5797789096832275,-0.00831253924407065,0.031567648,0.3681795299053192,0.0003,0.9683716893196106,25505,0.2,1754.6573486328125,1000.0
530,450560,220,848,4.313460981845855,-6.857197213172912,0.3017578125,2.178738832473755,-0.010850398207549006,0.028889429,0.36807310581207275,0.0003,0.9796930551528931,25510,0.2,1754.6573486328125,1000.0
530,452608,221,852,5.277867341041565,-6.854131913185119,0.28740234375,2.6369669437408447,-0.009590691269841045,0.030046832,0.36806005239486694,0.0003,0.9828031063079834,25515,0.2,1754.6573486328125,1000.0
531,454656,222,856,4.619605267047882,-6.852348971366882,0.277734375,2.3176374435424805,-0.014369363221339882,0.025986666,0.368015319108963,0.0003,0.9848775267601013,25520,0.2,1754.6573486328125,1000.0
530,456704,223,861,4.9892724514007565,-6.847399067878723,0.1974609375,2.4509575366973877,-0.01377033160533756,0.01643366,0.3678033947944641,0.0003,0.9831231832504272,25525,0.2,1762.37939453125,1000.0
530,458752,224,864,3.382320189476013,-6.834481549263001,0.35693359375,1.840537667274475,-0.008301644190214574,0.033066716,0.36748945713043213,0.0003,0.9865903854370117,25530,0.2,1762.37939453125,1000.0
530,460800,225,868,4.366342914104462,-6.819584822654724,0.37451171875,2.238471746444702,-0.009261339227668941,0.045223605,0.3671836256980896,0.0003,0.9592686891555786,25535,0.2,1762.37939453125,1000.0
531,462848,226,871,4.703774237632752,-6.804170489311218,0.323828125,2.2554304599761963,-0.008159863436594606,0.03075513,0.3670080602169037,0.0003,0.952998697757721,25540,0.2,1762.37939453125,1000.0
530,464896,227,876,4.6472643375396725,-6.803281021118164,0.458984375,2.272325038909912,0.004436612431891263,0.07995141,0.3671204447746277,0.0003,0.9487514495849609,25545,0.2,1769.0604248046875,1000.0
530,466944,228,880,5.290438079833985,-6.8028991460800174,0.3216796875,2.368577003479004,-0.009259329526685178,0.042261004,0.36692020297050476,0.0003,0.9876807332038879,25550,0.2,1769.0604248046875,1000.0
530,468992,229,884,6.039148736000061,-6.803458237648011,0.39423828125,2.8983101844787598,-0.012171668920200319,0.052810214,0.36711955070495605,0.0003,0.992247462272644,25555,0.2,1769.0604248046875,1000.0
530,471040,230,888,4.728664231300354,-6.814835429191589,0.344921875,2.3389480113983154,-0.012124860379844903,0.030416178,0.3673301935195923,0.0003,0.994220495223999,25560,0.2,1769.0604248046875,1000.0
529,473088,231,892,5.1297132015228275,-6.8172825336456295,0.2583984375,2.3842337131500244,-0.014688643184490502,0.031998154,0.3671969771385193,0.0003,0.9934470057487488,25565,0.2,1770.920166015625,1000.0
530,475136,232,896,4.038450384140015,-6.8143054962158205,0.40771484375,2.0222766399383545,0.0009992889128625393,0.0359643,0.36714765429496765,0.0003,0.9922736287117004,25570,0.2,1770.920166015625,1000.0
530,477184,233,899,4.512057030200959,-6.813864707946777,0.37685546875,2.388167381286621,-0.01275286867748946,0.054135516,0.36700892448425293,0.0003,0.9784227609634399,25575,0.2,1770.920166015625,1000.0
530,479232,234,903,5.040165948867798,-6.813990998268127,0.38583984375,2.336254596710205,-0.007305429084226489,0.05034408,0.36711084842681885,0.0003,0.9754943251609802,25580,0.2,1770.920166015625,1000.0
529,481280,235,908,3.4303793907165527,-6.818600344657898,0.37578125,1.829756259918213,-0.006498573627322912,0.041032832,0.36713069677352905,0.0003,0.9836720824241638,25585,0.2,1784.5467529296875,1000.0
529,483328,236,913,4.588666105270386,-6.822088503837586,0.2599609375,2.1911356449127197,-0.015326889278367162,0.025400056,0.367241233587265,0.0003,0.9905820488929749,25590,0.2,1784.5467529296875,1000.0
529,485376,237,916,5.199150705337525,-6.826601147651672,0.39736328125,2.492159843444824,-0.0034836273407563567,0.053189687,0.36738327145576477,0.0003,0.9915306568145752,25595,0.2,1784.5467529296875,1000.0
529,487424,238,920,5.412064409255981,-6.8312016248703005,0.38388671875,2.6496729850769043,-0.010826874198392034,0.03456943,0.36748039722442627,0.0003,0.9916317462921143,25600,0.2,1784.5467529296875,1000.0
528,489472,239,925,4.647797536849976,-6.830948615074158,0.36943359375,2.2080414295196533,-0.007342357863672077,0.051376812,0.3675130605697632,0.0003,0.9929320216178894,25605,0.2,1788.5535888671875,1000.0
529,491520,240,929,5.096554327011108,-6.8303422927856445,0.38505859375,2.303798198699951,-0.010257227765396237,0.038433723,0.3676217198371887,0.0003,0.9915907382965088,25610,0.2,1788.5535888671875,1000.0
529,493568,241,932,4.1786446332931515,-6.832901477813721,0.325390625,2.15458345413208,-0.00376200694590807,0.038287662,0.3677305579185486,0.0003,0.9927576780319214,25615,0.2,1788.5535888671875,1000.0
529,495616,242,936,5.838783383369446,-6.838598823547363,0.3107421875,2.8398277759552,-0.013251099362969398,0.025649738,0.3679531216621399,0.0003,0.9898642897605896,25620,0.2,1788.5535888671875,1000.0
528,497664,243,940,5.606893062591553,-6.8461356401443485,0.2560546875,2.924293279647827,-0.014713474758900702,0.02300858,0.3679130971431732,0.0003,0.99018794298172,25625,0.2,1782.5565185546875,1000.0
528,499712,244,944,4.623164284229278,-6.844358944892884,0.2833984375,1.9418656826019287,-0.016742784541565924,0.026844976,0.367840975522995,0.0003,0.9948076605796814,25630,0.2,1782.5565185546875,1000.0
529,501760,245,948,4.194409918785095,-6.839709281921387,0.31064453125,2.189300298690796,-0.015967856300994752,0.046849303,0.3677458167076111,0.0003,0.9951117634773254,25635,0.2,1782.5565185546875,1000.0
529,503808,246,951,2.926529037952423,-6.83824737071991,0.4111328125,1.347371220588684,0.007320267788600177,0.08277421,0.3677109479904175,0.0003,0.9965634346008301,25640,0.2,1782.5565185546875,1000.0
528,505856,247,956,4.404624652862549,-6.833973550796509,0.3474609375,2.1610445976257324,-0.013792911730706691,0.026997328,0.36746275424957275,0.0003,0.994736909866333,25645,0.2,1763.39794921875,1000.0
528,507904,248,960,3.4998727440834045,-6.823716163635254,0.38203125,1.586032509803772,-0.006984171504154801,0.045724325,0.3672962784767151,0.0003,0.9882134795188904,25650,0.2,1763.39794921875,1000.0
529,509952,249,963,4.49232850074768,-6.821602916717529,0.35556640625,1.8510503768920898,-0.01559427147731185,0.036113236,0.3674153685569763,0.0003,0.9716862440109253,25655,0.2,1763.39794921875,1000.0
528,512000,250,968,4.17179514169693,-6.84027590751648,0.39296875,2.048671007156372,-0.006794249499216675,0.04888449,0.367889404296875,0.0003,0.9755911827087402,25660,0.2,1777.2572021484375,1000.0
528,514048,251,972,4.833357262611389,-6.856427383422852,0.392578125,2.3764054775238037,-0.014482686994597316,0.04961273,0.3678966164588928,0.0003,0.9709230065345764,25665,0.2,1777.2572021484375,1000.0
528,516096,252,976,5.430687642097473,-6.855887103080749,0.28310546875,2.5541229248046875,-0.015007049427367747,0.024177726,0.36788538098335266,0.0003,0.9894413948059082,25670,0.2,1777.2572021484375,1000.0
528,518144,253,979,2.603757047653198,-6.8568998098373415,0.2833984375,1.336126685142517,-0.012613614019937814,0.028156377,0.3679414987564087,0.0003,0.9953086972236633,25675,0.2,1777.2572021484375,1000.0
528,520192,254,984,4.07228547334671,-6.861754989624023,0.33232421875,2.013538122177124,-0.007959715917240828,0.036318496,0.3682139217853546,0.0003,0.9924426078796387,25680,0.2,1779.2789306640625,1000.0
528,522240,255,988,4.174478542804718,-6.875462436676026,0.2818359375,1.7747247219085693,-0.015903336089104415,0.024072245,0.36853328347206116,0.0003,0.9916377663612366,25685,0.2,1779.2789306640625,1000.0
528,524288,256,992,4.208488261699676,-6.889476203918457,0.3345703125,2.070746898651123,-0.012264748546294868,0.045199193,0.3686470687389374,0.0003,0.9900031089782715,25690,0.2,1779.2789306640625,1000.0
528,526336,257,996,3.815109598636627,-6.8912107944488525,0.27021484375,1.581397533416748,-0.01498469957150519,0.028829964,0.36862504482269287,0.0003,0.9907622337341309,25695,0.2,1779.2789306640625,1000.0
527,528384,258,1000,3.1443448305130004,-6.892145371437072,0.31142578125,1.55670166015625,-0.011805343208834529,0.04220632,0.36863914132118225,0.0003,0.992184042930603,25700,0.2,1783.9454345703125,1000.0
528,530432,259,1004,5.239414167404175,-6.8916514158248905,0.2990234375,2.2178637981414795,-0.006476255576126277,0.052434742,0.3685302138328552,0.0003,0.9878091812133789,25705,0.2,1783.9454345703125,1000.0
528,532480,260,1007,5.209512972831726,-6.887530398368836,0.27421875,2.532062530517578,-0.018775743013247848,0.023752026,0.3685186803340912,0.0003,0.9903872013092041,25710,0.2,1783.9454345703125,1000.0
528,534528,261,1011,5.739709496498108,-6.886932134628296,0.326171875,2.7492852210998535,-0.011175221647135913,0.05044995,0.3685046434402466,0.0003,0.9890390038490295,25715,0.2,1783.9454345703125,1000.0
527,536576,262,1016,5.708230948448181,-6.885006165504455,0.26337890625,2.6740033626556396,-0.017764244927093387,0.023681125,0.36842605471611023,0.0003,0.98819899559021,25720,0.2,1785.5335693359375,1000.0
528,538624,263,1019,4.471227407455444,-6.882147574424744,0.26962890625,1.960480809211731,-0.014314870140515268,0.0290605,0.36839520931243896,0.0003,0.99004065990448,25725,0.2,1785.5335693359375,1000.0
528,540672,264,1023,3.6402594089508056,-6.885977721214294,0.3767578125,2.214597463607788,-0.011120933294296264,0.045894414,0.36850470304489136,0.0003,0.9887842535972595,25730,0.2,1785.5335693359375,1000.0
528,542720,265,1026,3.8133758902549744,-6.8904839038848875,0.305078125,1.799654483795166,-0.009891927894204854,0.023849852,0.36853769421577454,0.0003,0.9885075092315674,25735,0.2,1785.5335693359375,1000.0
527,544768,266,1032,4.241594505310059,-6.887376284599304,0.378515625,2.288386106491089,-0.00487909079529345,0.036395714,0.3683094382286072,0.0003,0.9872933626174927,25740,0.2,1780.4659423828125,1000.0
527,546816,267,1035,5.151389479637146,-6.876007533073425,0.310546875,3.0837912559509277,-0.01690723126521334,0.021098897,0.36805176734924316,0.0003,0.988975465297699,25745,0.2,1780.4659423828125,1000.0
528,548864,268,1039,4.503124964237213,-6.870022988319397,0.30888671875,2.097884178161621,-0.01421896651154384,0.03493953,0.3680480420589447,0.0003,0.9934871196746826,25750,0.2,1780.4659423828125,1000.0
528,550912,269,1042,4.487964653968811,-6.871476364135742,0.293359375,2.1450562477111816,-0.01680216158274561,0.024075514,0.3681190311908722,0.0003,0.9934942126274109,25755,0.2,1780.4659423828125,1000.0
527,552960,270,1047,4.0165461778640745,-6.871166253089905,0.3119140625,1.8763525485992432,-0.014359644171781838,0.03513068,0.3680211007595062,0.0003,0.9943650364875793,25760,0.2,1777.099365234375,1000.0
528,555008,271,1051,4.887137603759766,-6.867157292366028,0.3087890625,2.2208619117736816,-0.012160427821800112,0.0318071,0.36778905987739563,0.0003,0.991215169429779,25765,0.2,1777.099365234375,1000.0
528,557056,272,1055,4.623081386089325,-6.853750729560852,0.33740234375,2.2404532432556152,-0.006533494964241981,0.028652303,0.3675568401813507,0.0003,0.9900439381599426,25770,0.2,1777.099365234375,1000.0
527,559104,273,1059,4.810290050506592,-6.847016859054565,0.28505859375,2.339772939682007,-0.01644784272648394,0.027745256,0.36761170625686646,0.0003,0.9892069697380066,25775,0.2,1777.099365234375,1000.0
527,561152,274,1063,3.731163430213928,-6.84650685787201,0.37568359375,1.8565222024917603,0.002675331273349002,0.05022292,0.3674587309360504,0.0003,0.9916667342185974,25780,0.2,1768.1728515625,1000.0
527,563200,275,1067,4.94719774723053,-6.837945532798767,0.22490234375,2.2553820610046387,-0.010256930871400982,0.024695668,0.367278516292572,0.0003,0.9922086596488953,25785,0.2,1768.1728515625,1000.0
527,565248,276,1070,4.0744163513183596,-6.8316045045852665,0.2849609375,2.0937578678131104,-0.014450542558915914,0.02872786,0.3672047555446625,0.0003,0.9939076900482178,25790,0.2,1768.1728515625,1000.0
527,567296,277,1074,4.286262691020966,-6.829725933074951,0.2529296875,1.8647440671920776,-0.014578724862076342,0.01970958,0.3671325147151947,0.0003,0.9934636950492859,25795,0.2,1768.1728515625,1000.0
527,569344,278,1079,6.579050183296204,-6.827216410636902,0.30185546875,2.9445738792419434,-0.005594871728681028,0.020613905,0.3671151399612427,0.0003,0.9891219139099121,25800,0.2,1739.3280029296875,1000.0
527,571392,279,1082,2.713489127159119,-6.820298361778259,0.359765625,1.2312790155410767,-0.014537712046876549,0.05438584,0.36685121059417725,0.0003,0.9943697452545166,25805,0.2,1739.3280029296875,1000.0
527,573440,280,1086,4.329842221736908,-6.8083795547485355,0.45107421875,1.8585119247436523,-0.0012001186376437544,0.07307422,0.3669413626194,0.0003,0.94197016954422,25810,0.2,1739.3280029296875,1000.0
527,575488,281,1090,7.800510811805725,-6.811841416358948,0.48056640625,4.1753830909729,-0.0007959505310282111,0.06789953,0.3670160472393036,0.0003,0.9099323749542236,25815,0.2,1739.3280029296875,1000.0
527,577536,282,1095,6.012970519065857,-6.812709999084473,0.43974609375,2.808915376663208,-0.01143485065549612,0.057060577,0.3671775758266449,0.0003,0.9250290393829346,25820,0.2,1749.68896484375,1000.0
527,579584,283,1099,4.869594955444336,-6.8200281143188475,0.361328125,2.3166191577911377,-0.007351986691355705,0.02981923,0.3674314618110657,0.0003,0.991620659828186,25825,0.2,1749.68896484375,1000.0
527,581632,284,1103,6.633948707580567,-6.827491044998169,0.2341796875,2.9753224849700928,-0.011539779277518392,0.019603703,0.3675227165222168,0.0003,0.9904304146766663,25830,0.2,1749.68896484375,1000.0
527,583680,285,1106,5.559131336212158,-6.830114817619323,0.2724609375,2.472188711166382,-0.018647958943620323,0.033207357,0.3675159811973572,0.0003,0.9925209879875183,25835,0.2,1749.68896484375,1000.0
526,585728,286,1111,4.433230853080749,-6.828831529617309,0.295703125,2.1713712215423584,-0.01333027696236968,0.032434914,0.36738964915275574,0.0003,0.9943547248840332,25840,0.2,1743.095947265625,1000.0
527,587776,287,1115,4.41311959028244,-6.824356245994568,0.2583984375,2.310664653778076,-0.016032181913033128,0.022719814,0.3672891855239868,0.0003,0.9883520603179932,25845,0.2,1743.095947265625,1000.0
527,589824,288,1118,3.4119017481803895,-6.818228006362915,0.375390625,1.642851710319519,-0.010150760610122234,0.035978243,0.36718401312828064,0.0003,0.9884840846061707,25850,0.2,1743.095947265625,1000.0
526,591872,289,1123,4.719651865959167,-6.810630846023559,0.28759765625,2.445255756378174,-0.01479490560013801,0.028268684,0.3669384717941284,0.0003,0.9837743043899536,25855,0.2,1743.095947265625,1000.0
526,593920,290,1128,4.018837940692902,-6.797407937049866,0.400390625,2.107609748840332,-0.004372354387305677,0.056735832,0.3666723668575287,0.0003,0.9860915541648865,25860,0.2,1749.6761474609375,1000.0
526,595968,291,1132,6.126663780212402,-6.7883788585662845,0.33427734375,2.937080144882202,-0.015485127421561629,0.022807632,0.36663818359375,0.0003,0.9899597764015198,25865,0.2,1749.6761474609375,1000.0
526,598016,292,1135,4.586360931396484,-6.791346311569214,0.295703125,2.1370835304260254,-0.015425999904982746,0.027795102,0.36683759093284607,0.0003,0.9925533533096313,25870,0.2,1749.6761474609375,1000.0
526,600064,293,1140,5.654273819923401,-6.793525528907776,0.31201171875,2.6028194427490234,-0.015956726856529713,0.033822283,0.36671000719070435,0.0003,0.9907529354095459,25875,0.2,1757.4761962890625,1000.0
526,602112,294,1144,6.347015404701233,-6.7828676223754885,0.39169921875,2.841552495956421,-0.006419072998687625,0.056005206,0.36645299196243286,0.0003,0.9904137849807739,25880,0.2,1757.4761962890625,1000.0
526,604160,295,1147,3.9480736374855043,-6.7729198932647705,0.31240234375,1.9363199472427368,-0.01047120224684477,0.031049382,0.3663959503173828,0.0003,0.9951911568641663,25885,0.2,1757.4761962890625,1000.0
526,606208,296,1151,3.34248970746994,-6.770739006996155,0.21650390625,1.6142271757125854,-0.015207611897494644,0.021481631,0.3663575351238251,0.0003,0.9959253072738647,25890,0.2,1757.4761962890625,1000.0
526,608256,297,1156,4.552316880226135,-6.7676208257675174,0.23046875,2.213562488555908,-0.020353464246727525,0.027300337,0.3663124442100525,0.0003,0.9938449859619141,25895,0.2,1753.3287353515625,1000.0
526,610304,298,1159,3.623082196712494,-6.769339227676392,0.24599609375,1.870704174041748,-0.01707473867572844,0.022317383,0.36634746193885803,0.0003,0.99516761302948,25900,0.2,1753.3287353515625,1000.0
526,612352,299,1163,5.665263605117798,-6.765088748931885,0.30283203125,2.5673537254333496,-0.015199778880923987,0.029589508,0.36615511775016785,0.0003,0.9906536936759949,25905,0.2,1753.3287353515625,1000.0
526,614400,300,1167,4.464266717433929,-6.755029201507568,0.2486328125,1.984333872795105,-0.013616278022527694,0.033369374,0.3660189211368561,0.0003,0.9924003481864929,25910,0.2,1753.3287353515625,1000.0
526,616448,301,1171,3.3804007053375242,-6.753708863258362,0.34833984375,1.6441298723220825,-0.00965266419807449,0.044914532,0.3661991357803345,0.0003,0.9943962693214417,25915,0.2,1746.055908203125,1000.0
526,618496,302,1175,4.556674826145172,-6.759018349647522,0.30947265625,2.032702922821045,-0.01693010372109711,0.03653036,0.36627498269081116,0.0003,0.991206169128418,25920,0.2,1746.055908203125,1000.0
526,620544,303,1178,3.078660249710083,-6.760621643066406,0.331640625,1.4901679754257202,-0.012026236788369716,0.051838327,0.36631983518600464,0.0003,0.9801790714263916,25925,0.2,1746.055908203125,1000.0
526,622592,304,1183,4.035666644573212,-6.762419962882996,0.3236328125,1.904608130455017,-0.008464144309982657,0.028052341,0.36617374420166016,0.0003,0.9735321402549744,25930,0.2,1746.055908203125,1000.0
525,624640,305,1188,3.9323866248130797,-6.75784707069397,0.3072265625,1.8195325136184692,-0.015298073925077916,0.039809197,0.36606940627098083,0.0003,0.9755088090896606,25935,0.2,1752.33984375,1000.0
525,626688,306,1192,2.661678433418274,-6.7551405191421505,0.28212890625,1.2982063293457031,-0.016103525436483322,0.032029632,0.3660864233970642,0.0003,0.994191586971283,25940,0.2,1752.33984375,1000.0
525,628736,307,1196,3.641545844078064,-6.754549646377564,0.22802734375,1.6120359897613525,-0.016507641552016138,0.022625752,0.36597952246665955,0.0003,0.9944331645965576,25945,0.2,1752.33984375,1000.0
525,630784,308,1199,2.8015014290809632,-6.749892854690552,0.34892578125,1.3755030632019043,-0.01295219366438687,0.03262063,0.3659612834453583,0.0003,0.9956594705581665,25950,0.2,1752.33984375,1000.0
525,632832,309,1204,3.4191223621368407,-6.75541660785675,0.283203125,1.4454832077026367,-0.01515217567794025,0.028756237,0.3661333918571472,0.0003,0.9945253729820251,25955,0.2,1744.0372314453125,1000.0
525,634880,310,1208,3.270633339881897,-6.760499143600464,0.20478515625,1.4650113582611084,-0.017961079161614178,0.018627029,0.3660667836666107,0.0003,0.9946497678756714,25960,0.2,1744.0372314453125,1000.0
525,636928,311,1212,4.964146614074707,-6.756639099121093,0.21708984375,2.4271323680877686,-0.01686002828646451,0.02097015,0.3660534620285034,0.0003,0.9916907548904419,25965,0.2,1744.0372314453125,1000.0
525,638976,312,1215,6.048430466651917,-6.754234504699707,0.1966796875,2.878009557723999,-0.015588379092514515,0.018753953,0.36595654487609863,0.0003,0.9900618195533752,25970,0.2,1744.0372314453125,1000.0
525,641024,313,1220,6.441083073616028,-6.74847903251648,0.28984375,3.2905406951904297,-0.016591203701682388,0.035463914,0.3659112751483917,0.0003,0.9888381958007812,25975,0.2,1746.3599853515625,1000.0
525,643072,314,1223,3.1024288535118103,-6.747127985954284,0.32373046875,1.4059773683547974,-0.015301177254877984,0.025199872,0.36579057574272156,0.0003,0.9944886565208435,25980,0.2,1746.3599853515625,1000.0
525,645120,315,1227,4.593941664695739,-6.739569592475891,0.22529296875,2.1206541061401367,-0.011338308989070355,0.024522927,0.3656468391418457,0.0003,0.9908976554870605,25985,0.2,1746.3599853515625,1000.0
525,647168,316,1231,4.6935981750488285,-6.735776567459107,0.23740234375,2.1692330837249756,-0.016198730980977415,0.02337674,0.3657032251358032,0.0003,0.9909559488296509,25990,0.2,1746.3599853515625,1000.0
524,649216,317,1236,4.430898833274841,-6.736910128593445,0.4404296875,2.0725457668304443,-0.00364605279173702,0.045380935,0.3656805157661438,0.0003,0.9909524321556091,25995,0.2,1732.170166015625,1000.0
524,651264,318,1240,4.542867505550385,-6.733941626548767,0.42978515625,2.321258068084717,0.003299717931076884,0.061304636,0.36563441157341003,0.0003,0.9914623498916626,26000,0.2,1732.170166015625,1000.0
524,653312,319,1244,4.7073347806930546,-6.735164952278137,0.36279296875,2.3482601642608643,-0.012394329014932736,0.035737254,0.36586248874664307,0.0003,0.9909452199935913,26005,0.2,1732.170166015625,1000.0
525,655360,320,1248,5.235231518745422,-6.742925810813904,0.35693359375,2.437081813812256,-0.019956324598751962,0.034994975,0.36586326360702515,0.0003,0.9902637004852295,26010,0.2,1732.170166015625,1000.0
524,657408,321,1252,3.6868101239204405,-6.732988739013672,0.40830078125,1.886855125427246,-0.004261578060686588,0.08579241,0.36532843112945557,0.0003,0.9933337569236755,26015,0.2,1740.2706298828125,1000.0
524,659456,322,1256,5.679330134391785,-6.713416409492493,0.27470703125,2.8498711585998535,-0.01695085419341922,0.024051141,0.365163117647171,0.0003,0.9896146059036255,26020,0.2,1740.2706298828125,1000.0
524,661504,323,1260,3.987950348854065,-6.710374402999878,0.3130859375,2.0522546768188477,-0.014992374717257917,0.028745981,0.3651173412799835,0.0003,0.9930135607719421,26025,0.2,1740.2706298828125,1000.0
524,663552,324,1264,4.721548771858215,-6.708168530464173,0.33984375,2.3124873638153076,-0.012358750822022558,0.03728178,0.36501622200012207,0.0003,0.9919577240943909,26030,0.2,1740.2706298828125,1000.0
524,665600,325,1269,4.1865966796875,-6.701933145523071,0.24052734375,2.1436493396759033,-0.015578902885317802,0.031465992,0.36490553617477417,0.0003,0.9926216006278992,26035,0.2,1749.345458984375,1000.0
524,667648,326,1273,5.463790726661682,-6.690642023086548,0.33701171875,2.9455652236938477,-0.021889323939103634,0.03303881,0.36462995409965515,0.0003,0.9865469336509705,26040,0.2,1749.345458984375,1000.0
524,669696,327,1276,4.42824136018753,-6.678096461296081,0.288671875,2.1320972442626953,-0.017082713288255037,0.027374702,0.36444127559661865,0.0003,0.9859921336174011,26045,0.2,1749.345458984375,1000.0
524,671744,328,1280,5.005750346183777,-6.673974537849427,0.424609375,2.3452799320220947,-0.00899018895579502,0.0426607,0.36455509066581726,0.0003,0.9851951599121094,26050,0.2,1749.345458984375,1000.0
524,673792,329,1285,3.6556586265563964,-6.680429601669312,0.3107421875,1.6691092252731323,-0.018786458764225245,0.03350777,0.36474013328552246,0.0003,0.9897332191467285,26055,0.2,1751.9844970703125,1000.0
524,675840,330,1288,5.809067344665527,-6.684348297119141,0.30478515625,3.226605176925659,-0.01290077508892864,0.0326955,0.36464494466781616,0.0003,0.9774746298789978,26060,0.2,1751.9844970703125,1000.0
524,677888,331,1292,4.0858788132667545,-6.679830718040466,0.33076171875,2.1350584030151367,-0.009592879784759135,0.030995574,0.3645130395889282,0.0003,0.982669472694397,26065,0.2,1751.9844970703125,1000.0
524,679936,332,1295,3.6835190892219543,-6.672058486938477,0.39404296875,1.5469279289245605,-0.00612718821503222,0.039592933,0.3643628656864166,0.0003,0.9847910404205322,26070,0.2,1751.9844970703125,1000.0
524,681984,333,1300,3.9414942383766176,-6.66455774307251,0.36015625,1.7462164163589478,-0.008100812719203532,0.035702426,0.3642273545265198,0.0003,0.9850121140480042,26075,0.2,1751.53515625,1000.0
524,684032,334,1304,3.2965710878372194,-6.661241412162781,0.25380859375,1.6850199699401855,-0.012541262176819145,0.020746144,0.364192932844162,0.0003,0.9877917766571045,26080,0.2,1751.53515625,1000.0
524,686080,335,1307,4.523002171516419,-6.658262324333191,0.3048828125,2.2585525512695312,-0.015821810998022556,0.033939652,0.36409324407577515,0.0003,0.983315646648407,26085,0.2,1751.53515625,1000.0
523,688128,336,1313,4.684921932220459,-6.651394486427307,0.31591796875,2.228689432144165,-0.012668063479941339,0.025836159,0.3640027940273285,0.0003,0.9841079711914062,26090,0.2,1750.56201171875,1000.0
523,690176,337,1317,2.736132633686066,-6.651163506507873,0.27861328125,1.291959524154663,-0.016338280495256187,0.024903612,0.363991379737854,0.0003,0.9917340278625488,26095,0.2,1750.56201171875,1000.0
523,692224,338,1321,3.029252600669861,-6.651591515541076,0.241015625,1.4205775260925293,-0.017377613601274787,0.0229557,0.3639538288116455,0.0003,0.9965113997459412,26100,0.2,1750.56201171875,1000.0
524,694272,339,1324,2.528192389011383,-6.651708698272705,0.21181640625,1.157670259475708,-0.01783410254865885,0.0192299,0.3639511168003082,0.0003,0.9973296523094177,26105,0.2,1750.56201171875,1000.0
523,696320,340,1329,4.14288740158081,-6.647234320640564,0.22099609375,2.1567840576171875,-0.0144569345517084,0.023841657,0.36377084255218506,0.0003,0.9953989386558533,26110,0.2,1734.5882568359375,1000.0
523,698368,341,1333,2.621571385860443,-6.641466569900513,0.262109375,1.1557059288024902,-0.019460498611442743,0.02698705,0.3637952506542206,0.0003,0.9969385862350464,26115,0.2,1734.5882568359375,1000.0
523,700416,342,1336,4.324490177631378,-6.647431969642639,0.3412109375,2.242443561553955,-0.008128339983522892,0.048186824,0.3639489710330963,0.0003,0.9920184016227722,26120,0.2,1734.5882568359375,1000.0
524,702464,343,1340,3.327470135688782,-6.653777456283569,0.2640625,1.6516995429992676,-0.015409677405841649,0.029314507,0.36407744884490967,0.0003,0.993299126625061,26125,0.2,1734.5882568359375,1000.0
523,704512,344,1345,3.3485735058784485,-6.66075599193573,0.253515625,1.5210332870483398,-0.009355796757154167,0.021983042,0.36414635181427,0.0003,0.9931420087814331,26130,0.2,1731.377685546875,1000.0
523,706560,345,1348,4.07274968624115,-6.658840584754944,0.33740234375,1.9911471605300903,-0.011613302235491573,0.03383674,0.36410340666770935,0.0003,0.9920470714569092,26135,0.2,1731.377685546875,1000.0
524,708608,346,1352,3.026315248012543,-6.660438346862793,0.2560546875,1.2985254526138306,-0.01638332410948351,0.021319285,0.36416903138160706,0.0003,0.9923455715179443,26140,0.2,1731.377685546875,1000.0
524,710656,347,1355,3.4422135233879088,-6.65757806301117,0.36728515625,1.5978355407714844,0.0024610864231362937,0.044715006,0.36381664872169495,0.0003,0.9912610054016113,26145,0.2,1731.377685546875,1000.0
523,712704,348,1360,3.5970587730407715,-6.639410424232483,0.3244140625,1.8283857107162476,-0.008194294071290641,0.026287265,0.3634909689426422,0.0003,0.9904693365097046,26150,0.2,1743.94970703125,1000.0
524,714752,349,1363,3.427484154701233,-6.633088159561157,0.29990234375,1.3987784385681152,-0.013098664069548249,0.026036208,0.3634882867336273,0.0003,0.9927096962928772,26155,0.2,1743.94970703125,1000.0
524,716800,350,1367,4.45825424194336,-6.635348010063171,0.25703125,2.1245036125183105,-0.015494316886179148,0.028342314,0.36350923776626587,0.0003,0.9920988082885742,26160,0.2,1743.94970703125,1000.0
524,718848,351,1370,4.2089052438735965,-6.633111882209778,0.31455078125,1.8871922492980957,-0.0173915421590209,0.029002082,0.36344027519226074,0.0003,0.9925893545150757,26165,0.2,1743.94970703125,1000.0
524,720896,352,1375,4.226741456985474,-6.632597589492798,0.2943359375,2.477705955505371,-0.017431128188036382,0.029908784,0.3635547459125519,0.0003,0.9922503232955933,26170,0.2,1732.4501953125,1000.0
524,722944,353,1379,3.8680315256118774,-6.634458994865417,0.17783203125,1.7915472984313965,-0.013557677110657095,0.018867526,0.36349809169769287,0.0003,0.9941586852073669,26175,0.2,1732.4501953125,1000.0
524,724992,354,1382,4.681147217750549,-6.628561186790466,0.3591796875,1.9697824716567993,-0.008916788315400482,0.06572384,0.3633076548576355,0.0003,0.9953147172927856,26180,0.2,1732.4501953125,1000.0
524,727040,355,1386,3.326022434234619,-6.6272186756134035,0.4248046875,1.5422309637069702,0.006949474359862507,0.045901526,0.36350181698799133,0.0003,0.9966150522232056,26185,0.2,1732.4501953125,1000.0
523,729088,356,1391,5.10206925868988,-6.634819555282593,0.35224609375,2.3938584327697754,-0.005632075795438141,0.037898976,0.36358118057250977,0.0003,0.9946632385253906,26190,0.2,1734.0009765625,1000.0
524,731136,357,1394,5.705549597740173,-6.634715867042542,0.271875,2.8754279613494873,-0.018628563010133804,0.022367693,0.3635157346725464,0.0003,0.991213321685791,26195,0.2,1734.0009765625,1000.0
524,733184,358,1398,4.501230823993683,-6.630788564682007,0.27939453125,2.111860513687134,-0.015343976765871048,0.043138966,0.36328259110450745,0.0003,0.9605879187583923,26200,0.2,1734.0009765625,1000.0
524,735232,359,1401,4.608113777637482,-6.620701885223388,0.31552734375,1.9613629579544067,-0.00957496757619083,0.02626051,0.36332452297210693,0.0003,0.9626101851463318,26205,0.2,1734.0009765625,1000.0
524,737280,360,1406,5.488574433326721,-6.623979926109314,0.403125,2.722155809402466,-0.003999638766981661,0.042268105,0.36346402764320374,0.0003,0.9514678716659546,26210,0.2,1747.80908203125,1000.0
524,739328,361,1410,4.804389643669128,-6.635902094841003,0.43701171875,2.4845433235168457,0.0013956873095594346,0.09564111,0.36377716064453125,0.0003,0.9934675097465515,26215,0.2,1747.80908203125,1000.0
524,741376,362,1413,3.4901413798332213,-6.646641778945923,0.27314453125,1.5689952373504639,-0.011931556486524641,0.030153543,0.363879531621933,0.0003,0.9953539967536926,26220,0.2,1747.80908203125,1000.0
524,743424,363,1417,3.5710450649261474,-6.650234532356262,0.2931640625,1.7354891300201416,-0.005171271890867501,0.02223551,0.3639306128025055,0.0003,0.9954581260681152,26225,0.2,1747.80908203125,1000.0
524,745472,364,1421,3.974398124217987,-6.646938276290894,0.3158203125,1.8725944757461548,-0.013004472758620978,0.02445528,0.36387383937835693,0.0003,0.9953470230102539,26230,0.2,1740.475830078125,1000.0
524,747520,365,1425,4.657906651496887,-6.63828489780426,0.32158203125,2.1354892253875732,-0.01648118511075154,0.04167009,0.36371517181396484,0.0003,0.9936975240707397,26235,0.2,1740.475830078125,1000.0
524,749568,366,1428,4.406775736808777,-6.634530639648437,0.2986328125,2.1117072105407715,-0.01380008797859773,0.026341783,0.36376136541366577,0.0003,0.9937262535095215,26240,0.2,1740.475830078125,1000.0
524,751616,367,1432,5.7577980041503904,-6.636775326728821,0.33251953125,3.076099395751953,-0.009112216089852155,0.03069895,0.3637782633304596,0.0003,0.9916982650756836,26245,0.2,1740.475830078125,1000.0
524,753664,368,1437,4.099428522586822,-6.637602138519287,0.31875,2.045720100402832,-0.015305864880792797,0.030077457,0.3638303875923157,0.0003,0.9941442012786865,26250,0.2,1731.54443359375,1000.0
524,755712,369,1440,5.081431412696839,-6.638250398635864,0.278125,2.257267951965332,-0.013842038332950325,0.028604127,0.3637069761753082,0.0003,0.9929458498954773,26255,0.2,1731.54443359375,1000.0
524,757760,370,1443,3.92390239238739,-6.633247900009155,0.2255859375,1.5607855319976807,-0.013501711259596049,0.019975213,0.36373135447502136,0.0003,0.9939731955528259,26260,0.2,1731.54443359375,1000.0
524,759808,371,1447,5.054135322570801,-6.637411046028137,0.251953125,2.4388084411621094,-0.016309703304432332,0.017756416,0.3637908697128296,0.0003,0.9923020601272583,26265,0.2,1731.54443359375,1000.0
524,761856,372,1452,2.8599720120429994,-6.637565159797669,0.27197265625,1.3667887449264526,-0.01636269660666585,0.022535201,0.36370861530303955,0.0003,0.9955736994743347,26270,0.2,1723.783447265625,1000.0
524,763904,373,1456,5.9943678140640255,-6.634248185157776,0.28212890625,2.5878491401672363,-0.019274064165074378,0.02801938,0.3637557923793793,0.0003,0.9851627349853516,26275,0.2,1723.783447265625,1000.0
524,765952,374,1459,3.0868469715118407,-6.640473318099976,0.43017578125,1.5316145420074463,-0.004968068690504879,0.048640482,0.36380457878112793,0.0003,0.9920936822891235,26280,0.2,1723.783447265625,1000.0
524,768000,375,1464,4.04807540178299,-6.638829708099365,0.30283203125,1.5928491353988647,-0.010734196996781974,0.022436094,0.36364737153053284,0.0003,0.9895670413970947,26285,0.2,1722.57568359375,1000.0
524,770048,376,1468,5.00730345249176,-6.629622220993042,0.40205078125,2.357788324356079,-0.006638420838862657,0.033109266,0.36363485455513,0.0003,0.9882174730300903,26290,0.2,1722.57568359375,1000.0
524,772096,377,1472,4.119825518131256,-6.630449342727661,0.356640625,1.9766508340835571,-0.00681229867041111,0.038916167,0.36360904574394226,0.0003,0.9924202561378479,26295,0.2,1722.57568359375,1000.0
524,774144,378,1476,3.380202889442444,-6.628569960594177,0.2599609375,1.7744038105010986,-0.016850207513198257,0.026831128,0.3635616600513458,0.0003,0.9938982725143433,26300,0.2,1722.57568359375,1000.0
524,776192,379,1480,5.077036070823669,-6.624571037292481,0.2787109375,2.4989123344421387,-0.012782579532358795,0.02917836,0.36339104175567627,0.0003,0.990941047668457,26305,0.2,1712.060791015625,1000.0
524,778240,380,1484,3.1907933592796325,-6.618383121490479,0.274609375,1.3626906871795654,-0.011080045066773892,0.032477103,0.36329805850982666,0.0003,0.9943224191665649,26310,0.2,1712.060791015625,1000.0
524,780288,381,1487,3.3381773114204405,-6.61469521522522,0.25908203125,1.6017100811004639,-0.012393815373070539,0.02292134,0.3631832003593445,0.0003,0.9959709048271179,26315,0.2,1712.060791015625,1000.0
524,782336,382,1491,2.468832767009735,-6.613466739654541,0.24736328125,1.1766700744628906,-0.014635949837975204,0.024686012,0.36335793137550354,0.0003,0.99666827917099,26320,0.2,1712.060791015625,1000.0
524,784384,383,1496,3.2658280730247498,-6.62016499042511,0.31240234375,1.6926599740982056,-0.008327573677524925,0.041116513,0.36338406801223755,0.0003,0.9959054589271545,26325,0.2,1692.997314453125,1000.0
524,786432,384,1499,3.3277408957481383,-6.61926236152649,0.373828125,1.7284420728683472,-0.0067220240831375126,0.027517926,0.3633614480495453,0.0003,0.9960527420043945,26330,0.2,1692.997314453125,1000.0
524,788480,385,1503,4.901315307617187,-6.611674213409424,0.346484375,2.2546064853668213,-0.013746357336640359,0.043662034,0.36291447281837463,0.0003,0.9447115659713745,26335,0.2,1692.997314453125,1000.0
524,790528,386,1506,5.741285037994385,-6.591066598892212,0.38935546875,2.9449188709259033,-0.005796909960918128,0.054214586,0.3626035451889038,0.0003,0.9352022409439087,26340,0.2,1692.997314453125,1000.0
524,792576,387,1511,5.534827399253845,-6.58131697177887,0.3658203125,2.667635440826416,-0.012317554908804595,0.043367453,0.3625807762145996,0.0003,0.932576596736908,26345,0.2,1717.0172119140625,1000.0
524,794624,388,1515,4.334130859375,-6.580983090400696,0.366796875,2.234002113342285,-0.009903684665914625,0.048711874,0.3624226152896881,0.0003,0.9727259278297424,26350,0.2,1717.0172119140625,1000.0
524,796672,389,1519,6.074167847633362,-6.5706498384475704,0.35322265625,3.089261531829834,-0.013427826156839729,0.045482785,0.3620757758617401,0.0003,0.9838730096817017,26355,0.2,1717.0172119140625,1000.0
524,798720,390,1522,7.116169381141662,-6.5456454992294315,0.48212890625,3.599364995956421,0.002952127275057137,0.074886754,0.36160656809806824,0.0003,0.9812585115432739,26360,0.2,1717.0172119140625,1000.0
524,800768,391,1527,4.549013769626617,-6.5280906677246096,0.4537109375,2.3448755741119385,-0.00600257747573778,0.052495074,0.3614875078201294,0.0003,0.9880101084709167,26365,0.2,1735.0975341796875,1000.0
524,802816,392,1531,6.092732357978821,-6.524139428138733,0.34931640625,2.7590138912200928,-0.000889289565384388,0.066384636,0.36137861013412476,0.0003,0.9855355024337769,26370,0.2,1735.0975341796875,1000.0
524,804864,393,1534,2.9355196595191955,-6.51780858039856,0.41328125,1.539278507232666,-0.00881149412598461,0.05444959,0.36137163639068604,0.0003,0.9927904009819031,26375,0.2,1735.0975341796875,1000.0
524,806912,394,1538,3.86039137840271,-6.512297439575195,0.33994140625,1.9422277212142944,-0.012703257333487272,0.03527565,0.3613084554672241,0.0003,0.9906014204025269,26380,0.2,1735.0975341796875,1000.0
524,808960,395,1542,3.956071650981903,-6.509315013885498,0.2529296875,1.80933678150177,-0.015851370710879564,0.020303417,0.36134299635887146,0.0003,0.9903233051300049,26385,0.2,1728.755615234375,1000.0
524,811008,396,1546,3.640028154850006,-6.5130174398422245,0.35,1.5577260255813599,-0.006095485878176987,0.030701077,0.36146220564842224,0.0003,0.992762565612793,26390,0.2,1728.755615234375,1000.0
524,813056,397,1549,5.3147544145584105,-6.516732406616211,0.2681640625,2.459101676940918,-0.020643433812074362,0.022531796,0.36149346828460693,0.0003,0.9910055994987488,26395,0.2,1728.755615234375,1000.0
524,815104,398,1553,4.078098702430725,-6.5170081615447994,0.2451171875,1.804975152015686,-0.011383282765746117,0.03316361,0.3614451289176941,0.0003,0.9927220344543457,26400,0.2,1728.755615234375,1000.0
524,817152,399,1558,4.805776906013489,-6.516474962234497,0.32265625,2.3136117458343506,-0.010822242929134519,0.023861434,0.36143040657043457,0.0003,0.991999089717865,26405,0.2,1733.2940673828125,1000.0
524,819200,400,1561,3.7737773299217223,-6.515539455413818,0.28896484375,1.870121955871582,-0.013240671739913524,0.0315345,0.3614405393600464,0.0003,0.9902237057685852,26410,0.2,1733.2940673828125,1000.0
524,821248,401,1565,4.687787318229676,-6.510816025733948,0.33896484375,2.4444496631622314,-0.01745551391504705,0.034447048,0.36126187443733215,0.0003,0.9815371036529541,26415,0.2,1733.2940673828125,1000.0
524,823296,402,1568,3.5703035593032837,-6.497090244293213,0.448828125,1.8986927270889282,-0.008768200012855231,0.050830126,0.36118602752685547,0.0003,0.9856678247451782,26420,0.2,1733.2940673828125,1000.0
524,825344,403,1573,3.9657761812210084,-6.499282813072204,0.37236328125,1.9890433549880981,-0.006327475770376623,0.065192744,0.3613090515136719,0.0003,0.9843348264694214,26425,0.2,1741.182373046875,1000.0
524,827392,404,1577,3.8416734099388123,-6.50129885673523,0.4138671875,2.1485469341278076,-0.006687727198004723,0.03778515,0.3613620102405548,0.0003,0.9933104515075684,26430,0.2,1741.182373046875,1000.0
524,829440,405,1580,2.6819831132888794,-6.502173185348511,0.31865234375,1.3536239862442017,-0.016551811061799527,0.029401023,0.36150509119033813,0.0003,0.996165931224823,26435,0.2,1741.182373046875,1000.0
524,831488,406,1584,4.73600480556488,-6.507096672058106,0.2875,2.190089225769043,-0.009201450366526842,0.019380232,0.36161965131759644,0.0003,0.9927769899368286,26440,0.2,1741.182373046875,1000.0
524,833536,407,1589,4.6562901616096495,-6.509274625778199,0.2921875,2.383671998977661,-0.012332083843648433,0.034272663,0.3615773916244507,0.0003,0.9930859208106995,26445,0.2,1728.4481201171875,1000.0
524,835584,408,1592,3.8329271554946898,-6.501509499549866,0.2994140625,1.8303097486495972,-0.011635417770594358,0.03847196,0.36134210228919983,0.0003,0.9924092292785645,26450,0.2,1728.4481201171875,1000.0
524,837632,409,1596,4.08197329044342,-6.489824604988098,0.36533203125,2.030780792236328,-0.004712492856197059,0.05798688,0.3613346219062805,0.0003,0.9913696646690369,26455,0.2,1728.4481201171875,1000.0
524,839680,410,1600,3.6178051114082335,-6.487419366836548,0.40537109375,1.8742200136184692,-0.009931650082580745,0.056772213,0.3612912893295288,0.0003,0.9921154975891113,26460,0.2,1728.4481201171875,1000.0
524,841728,411,1605,4.976088333129883,-6.486698818206787,0.37373046875,2.6486427783966064,-0.0073138687293976545,0.049304284,0.3614324629306793,0.0003,0.989334762096405,26465,0.2,1735.32666015625,1000.0
524,843776,412,1608,4.3392547249794005,-6.489134430885315,0.3365234375,2.2078781127929688,-0.010848993808031083,0.026742171,0.3615036904811859,0.0003,0.9952731132507324,26470,0.2,1735.32666015625,1000.0
524,845824,413,1612,4.647250843048096,-6.489457058906555,0.290625,2.218515396118164,-0.00937150300014764,0.03219904,0.3616512417793274,0.0003,0.9952887892723083,26475,0.2,1735.32666015625,1000.0
524,847872,414,1616,5.34501576423645,-6.497428321838379,0.2107421875,2.3253800868988037,-0.014192572887986898,0.016583199,0.3617629408836365,0.0003,0.9945245385169983,26480,0.2,1735.32666015625,1000.0
524,849920,415,1620,3.865038478374481,-6.50474259853363,0.352734375,1.9279122352600098,-0.015876150410622358,0.030067079,0.3618365526199341,0.0003,0.9960969686508179,26485,0.2,1738.0162353515625,1000.0
524,851968,416,1624,3.5775331020355225,-6.507529664039612,0.240234375,1.6513382196426392,-0.01794753735885024,0.024043381,0.36183464527130127,0.0003,0.9934375882148743,26490,0.2,1738.0162353515625,1000.0
524,854016,417,1628,3.1052027344703674,-6.5074279546737674,0.2298828125,1.5204013586044312,-0.017063106142450123,0.020853223,0.3618646562099457,0.0003,0.9940990209579468,26495,0.2,1738.0162353515625,1000.0
524,856064,418,1633,4.66165292263031,-6.506094026565552,0.27275390625,2.403080463409424,-0.019654858962167055,0.030333854,0.3617020845413208,0.0003,0.9903187155723572,26500,0.2,1728.3692626953125,1000.0
524,858112,419,1636,3.308448243141174,-6.501987004280091,0.246484375,1.4630404710769653,-0.016897243354469536,0.024554392,0.3616087734699249,0.0003,0.9931743741035461,26505,0.2,1728.3692626953125,1000.0
524,860160,420,1640,4.87343270778656,-6.502056550979614,0.4080078125,2.1729180812835693,-0.006844017235562205,0.06406412,0.36158812046051025,0.0003,0.9893949627876282,26510,0.2,1728.3692626953125,1000.0
524,862208,421,1643,3.9670093178749086,-6.500786232948303,0.29228515625,2.2465600967407227,-0.017840382549911736,0.02450394,0.36144641041755676,0.0003,0.9915053844451904,26515,0.2,1728.3692626953125,1000.0
524,864256,422,1648,4.107271277904511,-6.492911767959595,0.30283203125,2.071638584136963,-0.014584189420565963,0.034469254,0.36136913299560547,0.0003,0.9908210635185242,26520,0.2,1730.2388916015625,1000.0
524,866304,423,1652,5.098821425437928,-6.49137589931488,0.272265625,2.4017014503479004,-0.016991856461390852,0.028895218,0.3614073395729065,0.0003,0.9885704517364502,26525,0.2,1730.2388916015625,1000.0
524,868352,424,1656,6.248913335800171,-6.496926665306091,0.30048828125,3.083087205886841,-0.010003696498461067,0.0348342,0.3616383373737335,0.0003,0.9874165058135986,26530,0.2,1730.2388916015625,1000.0
524,870400,425,1659,4.295016705989838,-6.50256872177124,0.38310546875,2.05121111869812,-0.016127573675476015,0.041222837,0.36164093017578125,0.0003,0.9908720850944519,26535,0.2,1730.2388916015625,1000.0
524,872448,426,1664,4.119414460659027,-6.503578233718872,0.34755859375,2.0667953491210938,-0.011188380990643055,0.044586904,0.3617945909500122,0.0003,0.9914922118186951,26540,0.2,1738.21923828125,1000.0
524,874496,427,1667,5.279021143913269,-6.513760757446289,0.2685546875,2.269251585006714,-0.010804755007848143,0.026201976,0.3620539903640747,0.0003,0.9899795651435852,26545,0.2,1738.21923828125,1000.0
524,876544,428,1671,3.897618317604065,-6.517569661140442,0.3705078125,1.8090710639953613,-0.015328567358665168,0.03737896,0.3618946671485901,0.0003,0.9938368201255798,26550,0.2,1738.21923828125,1000.0
524,878592,429,1674,3.127158057689667,-6.513251781463623,0.358984375,1.6058911085128784,-0.014223072212189436,0.05117405,0.36192047595977783,0.0003,0.9946879744529724,26555,0.2,1738.21923828125,1000.0
524,880640,430,1679,3.955552041530609,-6.516112661361694,0.3052734375,1.8445103168487549,-0.011441140831448138,0.044578243,0.3618175685405731,0.0003,0.9935153722763062,26560,0.2,1752.5958251953125,1000.0
524,882688,431,1683,4.972031998634338,-6.505772304534912,0.33017578125,2.2518420219421387,-0.008323547488544136,0.031267058,0.36167559027671814,0.0003,0.9913281798362732,26565,0.2,1752.5958251953125,1000.0
524,884736,432,1686,3.442288649082184,-6.501510834693908,0.38447265625,1.5096797943115234,-0.009725932287983597,0.040310476,0.3615333139896393,0.0003,0.9926218390464783,26570,0.2,1752.5958251953125,1000.0
524,886784,433,1690,4.178886187076569,-6.494701623916626,0.3224609375,2.079662322998047,-0.017627696215640754,0.033879705,0.3614128828048706,0.0003,0.990886926651001,26575,0.2,1752.5958251953125,1000.0
523,888832,434,1696,4.071300733089447,-6.49209246635437,0.3466796875,1.8282644748687744,-0.006867278576828539,0.036311798,0.36145666241645813,0.0003,0.9904930591583252,26580,0.2,1755.22900390625,1000.0
524,890880,435,1699,3.360225701332092,-6.493114018440247,0.3052734375,1.6585650444030762,-0.00622389099735301,0.04157774,0.36142122745513916,0.0003,0.993417501449585,26585,0.2,1755.22900390625,1000.0
524,892928,436,1703,3.360792350769043,-6.490486717224121,0.27998046875,1.9232462644577026,-0.015812344662845135,0.02725625,0.36136355996131897,0.0003,0.9931378960609436,26590,0.2,1755.22900390625,1000.0
524,894976,437,1707,2.307407242059708,-6.490058875083923,0.37451171875,0.9508023262023926,-0.018601614248473196,0.043801278,0.36144039034843445,0.0003,0.995256245136261,26595,0.2,1755.22900390625,1000.0
523,897024,438,1711,3.4449360609054565,-6.4872959613800045,0.20888671875,1.9388386011123657,-0.016271363757550717,0.022828734,0.36134836077690125,0.0003,0.9934419989585876,26600,0.2,1735.28125,1000.0
523,899072,439,1716,3.607357144355774,-6.479875779151916,0.30703125,1.9756686687469482,-0.003975602216087282,0.04417173,0.3611636161804199,0.0003,0.9936608672142029,26605,0.2,1735.28125,1000.0
523,901120,440,1720,4.152339780330658,-6.472417783737183,0.3490234375,1.7431083917617798,-0.014975364960264415,0.032986827,0.36115702986717224,0.0003,0.9920711517333984,26610,0.2,1735.28125,1000.0
523,903168,441,1724,4.180957698822022,-6.476573491096497,0.41748046875,1.9816747903823853,-0.002962889149785042,0.037797738,0.361214816570282,0.0003,0.992922842502594,26615,0.2,1735.28125,1000.0
523,905216,442,1728,3.9577481269836428,-6.481561064720154,0.31318359375,2.1920104026794434,-0.01805947523098439,0.036422115,0.36118730902671814,0.0003,0.992944061756134,26620,0.2,1729.94873046875,1000.0
523,907264,443,1732,4.450979590415955,-6.4828702211380005,0.41630859375,2.1603009700775146,-0.012552296300418675,0.047437787,0.36134985089302063,0.0003,0.9934841394424438,26625,0.2,1729.94873046875,1000.0
523,909312,444,1736,4.538237428665161,-6.482691621780395,0.32021484375,2.148125410079956,-0.014068992296233773,0.023042351,0.3613160252571106,0.0003,0.9943177103996277,26630,0.2,1729.94873046875,1000.0
523,911360,445,1740,4.2619455575942995,-6.486451101303101,0.36416015625,2.1684072017669678,-0.008374335756525398,0.048131928,0.3614678382873535,0.0003,0.9943041801452637,26635,0.2,1729.94873046875,1000.0
523,913408,446,1744,3.2479681372642517,-6.491254115104676,0.2822265625,1.4912852048873901,-0.014268875936977565,0.02540037,0.361388236284256,0.0003,0.995847761631012,26640,0.2,1722.26708984375,1000.0
523,915456,447,1748,3.3576582431793214,-6.484828948974609,0.26328125,1.8862135410308838,-0.014118206477724016,0.026013313,0.3611452281475067,0.0003,0.9948713779449463,26645,0.2,1722.26708984375,1000.0
523,917504,448,1752,4.203069198131561,-6.472941732406616,0.2767578125,1.851722002029419,-0.016663681948557496,0.026347887,0.36089059710502625,0.0003,0.9924642443656921,26650,0.2,1722.26708984375,1000.0
523,919552,449,1756,3.8135396957397463,-6.462172150611877,0.36025390625,1.9979249238967896,-0.015048198262229561,0.039303802,0.3607751429080963,0.0003,0.9931715130805969,26655,0.2,1722.26708984375,1000.0
523,921600,450,1760,3.975070858001709,-6.458043551445007,0.32587890625,1.9584250450134277,-0.014516027644276619,0.03196668,0.36072012782096863,0.0003,0.9929630756378174,26660,0.2,1716.19921875,1000.0
523,923648,451,1764,5.419127678871154,-6.456353259086609,0.294140625,2.7868266105651855,-0.008392301062121988,0.0282898,0.36077752709388733,0.0003,0.9906240701675415,26665,0.2,1716.19921875,1000.0
523,925696,452,1768,4.32753701210022,-6.457152509689331,0.27158203125,2.2125892639160156,-0.015672861505299805,0.023718406,0.3606850206851959,0.0003,0.992855966091156,26670,0.2,1716.19921875,1000.0
523,927744,453,1771,4.608085966110229,-6.452785229682922,0.29619140625,2.0480315685272217,-0.014778511854819954,0.02777612,0.36060377955436707,0.0003,0.9929773211479187,26675,0.2,1716.19921875,1000.0
523,929792,454,1776,3.671185004711151,-6.454487705230713,0.31298828125,1.7751023769378662,-0.013262495049275458,0.027995791,0.3607105016708374,0.0003,0.9947355389595032,26680,0.2,1713.4007568359375,1000.0
523,931840,455,1780,3.5391466856002807,-6.457020831108093,0.26708984375,1.600551962852478,-0.01076524038799107,0.031303313,0.3607061505317688,0.0003,0.9789494872093201,26685,0.2,1713.4007568359375,1000.0
523,933888,456,1784,3.1303077578544616,-6.4572807312011715,0.21181640625,1.6141098737716675,-0.014723784336820245,0.018629054,0.3607776165008545,0.0003,0.9630795121192932,26690,0.2,1713.4007568359375,1000.0
523,935936,457,1788,3.175584006309509,-6.457236957550049,0.29384765625,1.6285946369171143,-0.01646846388466656,0.03204965,0.3607208728790283,0.0003,0.9636691808700562,26695,0.2,1713.4007568359375,1000.0
523,937984,458,1793,2.6367311477661133,-6.454034972190857,0.2412109375,1.1251685619354248,-0.013405149162281305,0.023877202,0.3607235550880432,0.0003,0.969458281993866,26700,0.2,1691.4420166015625,1000.0
523,940032,459,1796,4.540535950660706,-6.451806306838989,0.4078125,2.1928184032440186,0.002181472341180779,0.045990497,0.3606521785259247,0.0003,0.9943941831588745,26705,0.2,1691.4420166015625,1000.0
523,942080,460,1800,4.418598675727845,-6.446593880653381,0.36376953125,2.023468017578125,-0.010715683130547405,0.054022066,0.3605932593345642,0.0003,0.9941216707229614,26710,0.2,1691.4420166015625,1000.0
522,944128,461,1805,3.881524610519409,-6.442531633377075,0.29697265625,1.6662371158599854,-0.011799356900155544,0.02248849,0.36060830950737,0.0003,0.9951730370521545,26715,0.2,1680.1644287109375,1000.0
522,946176,462,1809,3.352706754207611,-6.441402006149292,0.30029296875,1.5472332239151,-0.015506532089784742,0.031511407,0.3606030344963074,0.0003,0.9956839680671692,26720,0.2,1680.1644287109375,1000.0
523,948224,463,1812,3.2095848083496095,-6.44014003276825,0.2796875,1.5398024320602417,-0.017492964584380388,0.028588202,0.3606111705303192,0.0003,0.9947013258934021,26725,0.2,1680.1644287109375,1000.0
523,950272,464,1816,4.205643093585968,-6.442546606063843,0.27548828125,2.1541736125946045,-0.013933833281043917,0.023978721,0.3607387840747833,0.0003,0.9925010800361633,26730,0.2,1680.1644287109375,1000.0
522,952320,465,1821,2.929496204853058,-6.449323987960815,0.2751953125,1.361071228981018,-0.018249722104519604,0.03146179,0.3608461916446686,0.0003,0.9951444864273071,26735,0.2,1693.013916015625,1000.0
522,954368,466,1825,4.256399285793305,-6.4529037237167355,0.29404296875,1.9362986087799072,-0.018782756431028245,0.026256055,0.3608829975128174,0.0003,0.9923997521400452,26740,0.2,1693.013916015625,1000.0
522,956416,467,1828,4.556737303733826,-6.45055730342865,0.34990234375,2.053591728210449,-0.013906235760077833,0.045219123,0.36086252331733704,0.0003,0.9807338714599609,26745,0.2,1693.013916015625,1000.0
523,958464,468,1832,3.539773190021515,-6.447283434867859,0.44482421875,1.8333144187927246,-0.005076130677480251,0.067642756,0.3607937693595886,0.0003,0.9852384328842163,26750,0.2,1693.013916015625,1000.0
522,960512,469,1837,5.051073598861694,-6.438998746871948,0.45224609375,2.265714406967163,0.0019345414824783803,0.06545774,0.3606880307197571,0.0003,0.9789153933525085,26755,0.2,1712.321044921875,1000.0
522,962560,470,1840,4.399378728866577,-6.433967757225036,0.34169921875,2.5173702239990234,-0.011856093700043858,0.04043352,0.3607078790664673,0.0003,0.9836907982826233,26760,0.2,1712.321044921875,1000.0
522,964608,471,1844,6.256874632835388,-6.437941861152649,0.29521484375,3.1294612884521484,-0.0072375938529148694,0.028614001,0.3608189821243286,0.0003,0.9805285930633545,26765,0.2,1712.321044921875,1000.0
522,966656,472,1848,4.509943377971649,-6.434853982925415,0.33310546875,2.1587700843811035,-0.009016462601721287,0.051948007,0.360531210899353,0.0003,0.986701488494873,26770,0.2,1712.321044921875,1000.0
522,968704,473,1853,5.56289119720459,-6.420820093154907,0.37861328125,2.708289384841919,-0.00448758319253102,0.040661126,0.3603900969028473,0.0003,0.9834606051445007,26775,0.2,1719.893310546875,1000.0
522,970752,474,1857,4.378067648410797,-6.416182637214661,0.37451171875,2.2898595333099365,-0.0053883538581430915,0.03631857,0.3602864444255829,0.0003,0.9840396642684937,26780,0.2,1719.893310546875,1000.0
522,972800,475,1860,4.093761885166169,-6.412056636810303,0.398046875,2.002535820007324,-0.003256233630236238,0.035663396,0.3602495789527893,0.0003,0.9791327118873596,26785,0.2,1719.893310546875,1000.0
522,974848,476,1864,5.254254412651062,-6.407893133163452,0.4384765625,2.515345573425293,0.0029364094836637376,0.06701388,0.36020946502685547,0.0003,0.9723978638648987,26790,0.2,1719.893310546875,1000.0
522,976896,477,1868,3.379545533657074,-6.401876091957092,0.43955078125,1.8047621250152588,-0.0013278863043524325,0.055329062,0.3598855137825012,0.0003,0.9819774627685547,26795,0.2,1724.6837158203125,1000.0
522,978944,478,1872,3.897133541107178,-6.383417057991028,0.3033203125,1.9982695579528809,-0.013059504609555007,0.032855336,0.3595866560935974,0.0003,0.9920204281806946,26800,0.2,1724.6837158203125,1000.0
522,980992,479,1876,3.0684772729873657,-6.373636174201965,0.2548828125,1.427715539932251,-0.013202357385307551,0.023130344,0.3594086468219757,0.0003,0.9953877925872803,26805,0.2,1724.6837158203125,1000.0
522,983040,480,1879,3.70905020236969,-6.367187261581421,0.3302734375,1.7629650831222534,-0.009393375180661679,0.02920364,0.35932961106300354,0.0003,0.9943031668663025,26810,0.2,1724.6837158203125,1000.0
522,985088,481,1884,2.3272908449172975,-6.361200165748596,0.23125,1.1982940435409546,-0.013134057994466274,0.017769516,0.3591613471508026,0.0003,0.9964562058448792,26815,0.2,1715.32275390625,1000.0
522,987136,482,1887,3.1529666066169737,-6.354728531837464,0.25986328125,1.5998948812484741,-0.015423820755677298,0.02108675,0.35904818773269653,0.0003,0.9951826333999634,26820,0.2,1715.32275390625,1000.0
522,989184,483,1891,3.7249585509300234,-6.349467849731445,0.34306640625,1.7928826808929443,-0.008940268564037979,0.046448946,0.3589092493057251,0.0003,0.9944592118263245,26825,0.2,1715.32275390625,1000.0
523,991232,484,1895,3.5861294269561768,-6.345585799217224,0.319921875,1.7043670415878296,-0.010458991001360118,0.028390296,0.3589177131652832,0.0003,0.9949020743370056,26830,0.2,1715.32275390625,1000.0
522,993280,485,1899,5.6510416746139525,-6.349369621276855,0.30478515625,2.8359084129333496,-0.01640952059533447,0.023540374,0.3591262400150299,0.0003,0.9912214875221252,26835,0.2,1715.3115234375,1000.0
522,995328,486,1903,3.423796272277832,-6.361241364479065,0.27490234375,1.6437575817108154,-0.017477982956916095,0.027205426,0.3593306541442871,0.0003,0.9945785403251648,26840,0.2,1715.3115234375,1000.0
523,997376,487,1907,4.0407579183578495,-6.369846272468567,0.26953125,1.7336862087249756,-0.01414270766545087,0.025635663,0.3594073951244354,0.0003,0.9941772222518921,26845,0.2,1715.3115234375,1000.0
523,999424,488,1910,2.823000490665436,-6.373309183120727,0.33603515625,1.4896845817565918,-0.006207466870546341,0.029833902,0.3594055473804474,0.0003,0.9956865906715393,26850,0.2,1715.3115234375,1000.0
522,1001472,489,1915,3.6670976877212524,-6.374658679962158,0.2505859375,1.809556484222412,-0.013515760586597026,0.021375857,0.35938259959220886,0.0003,0.9944409728050232,26855,0.2,1706.029541015625,1000.0
522,1003520,490,1919,3.938179624080658,-6.372415065765381,0.341796875,1.800805687904358,-0.011557192844338714,0.04223417,0.35930299758911133,0.0003,0.9920483827590942,26860,0.2,1706.029541015625,1000.0
522,1005568,491,1923,7.198197865486145,-6.362696623802185,0.34453125,3.664839744567871,-0.010106222191825508,0.046594135,0.3589073717594147,0.0003,0.9342890977859497,26865,0.2,1706.029541015625,1000.0
522,1007616,492,1926,5.939372563362122,-6.350321936607361,0.44296875,2.7514045238494873,-0.0073521105805411935,0.08934842,0.35883626341819763,0.0003,0.9416816830635071,26870,0.2,1706.029541015625,1000.0
522,1009664,493,1931,5.8750862121582035,-6.353608703613281,0.43037109375,2.7239127159118652,-0.004809531080536544,0.056550704,0.35883575677871704,0.0003,0.9448128342628479,26875,0.2,1707.9815673828125,1000.0
522,1011712,494,1935,4.779426717758179,-6.354779171943664,0.33486328125,2.1256301403045654,-0.011734872753731907,0.028720114,0.3587518632411957,0.0003,0.9883820414543152,26880,0.2,1707.9815673828125,1000.0
522,1013760,495,1939,3.4798411250114443,-6.349393677711487,0.2541015625,1.6148115396499634,-0.011125046387314796,0.031911448,0.35855454206466675,0.0003,0.9918532371520996,26885,0.2,1707.9815673828125,1000.0
522,1015808,496,1943,4.030094146728516,-6.345671701431274,0.31708984375,1.7726446390151978,-0.016630457993596793,0.027995823,0.35873472690582275,0.0003,0.9913219213485718,26890,0.2,1707.9815673828125,1000.0
522,1017856,497,1949,3.0678057074546814,-6.351905560493469,0.340625,1.301782488822937,-0.01728162686340511,0.027368622,0.35879188776016235,0.0003,0.9931389689445496,26895,0.2,1726.4122314453125,1000.0
521,1019904,498,1954,3.4295625925064086,-6.351898288726806,0.22646484375,1.5994458198547363,-0.019620842044241728,0.019884769,0.3587651252746582,0.0003,0.9947698712348938,26900,0.2,1726.4122314453125,1000.0
521,1021952,499,1958,4.379809081554413,-6.352647972106934,0.2166015625,2.485638380050659,-0.011576263047754765,0.021923544,0.3588036000728607,0.0003,0.9939450025558472,26905,0.2,1726.4122314453125,1000.0
521,1024000,500,1963,3.592542314529419,-6.354598474502564,0.38115234375,1.6316509246826172,-0.014277143124490976,0.03343076,0.3587765395641327,0.0003,0.995293915271759,26910,0.2,1726.547607421875,1000.0
521,1026048,501,1967,3.97887122631073,-6.354601788520813,0.390625,1.9236711263656616,0.009713644860312343,0.030133024,0.3586673140525818,0.0003,0.9944391250610352,26915,0.2,1726.547607421875,1000.0
521,1028096,502,1971,2.9597015023231505,-6.349920034408569,0.288671875,1.4455368518829346,-0.009538607043214142,0.028603278,0.35853126645088196,0.0003,0.9949453473091125,26920,0.2,1726.547607421875,1000.0
521,1030144,503,1974,3.4807623386383058,-6.344694995880127,0.19326171875,1.483076572418213,-0.015009014285169542,0.016670771,0.3584367334842682,0.0003,0.9936940670013428,26925,0.2,1726.547607421875,1000.0
521,1032192,504,1980,4.748061668872833,-6.338520336151123,0.2048828125,2.1308624744415283,-0.015423304331488908,0.018560797,0.3583223223686218,0.0003,0.9918309450149536,26930,0.2,1717.67236328125,1000.0
521,1034240,505,1984,3.1038363695144655,-6.331960701942444,0.24677734375,1.446764588356018,-0.015618308167904615,0.021863535,0.358260840177536,0.0003,0.9950748682022095,26935,0.2,1717.67236328125,1000.0
521,1036288,506,1987,3.640133285522461,-6.3274603366851805,0.27294921875,1.5356725454330444,-0.01371822045184672,0.029092383,0.35817646980285645,0.0003,0.9957159757614136,26940,0.2,1717.67236328125,1000.0
521,1038336,507,1991,3.740469753742218,-6.321563649177551,0.33046875,1.902550458908081,-0.0068408843828365205,0.0445079,0.358113169670105,0.0003,0.9954103827476501,26945,0.2,1717.67236328125,1000.0
521,1040384,508,1996,3.8551122546195984,-6.3244540929794315,0.44326171875,2.0903890132904053,-0.0002045040426310152,0.042380054,0.35824501514434814,0.0003,0.9953269362449646,26950,0.2,1727.4549560546875,1000.0
521,1042432,509,2000,3.994666588306427,-6.33546028137207,0.2703125,1.6822385787963867,-0.013134098504087888,0.022243008,0.35856568813323975,0.0003,0.9946226477622986,26955,0.2,1727.4549560546875,1000.0
521,1044480,510,2003,3.6277597427368162,-6.345162415504456,0.42890625,1.6492143869400024,-0.003685396537184715,0.039754413,0.3586163818836212,0.0003,0.9780102372169495,26960,0.2,1727.4549560546875,1000.0
521,1046528,511,2007,3.075533378124237,-6.345272254943848,0.44326171875,1.4581935405731201,0.006234557647258043,0.062800385,0.35868608951568604,0.0003,0.9805561304092407,26965,0.2,1727.4549560546875,1000.0
520,1048576,512,2013,4.464604508876801,-6.345903277397156,0.5013671875,1.9548019170761108,0.016919953003525733,0.04486808,0.3586031496524811,0.0003,0.9736815690994263,26970,0.2,1743.16455078125,1000.0
520,1050624,513,2017,3.7522236943244933,-6.3375698804855345,0.46533203125,2.025594711303711,0.0028225208632647993,0.05876997,0.3583669662475586,0.0003,0.9867069721221924,26975,0.2,1743.16455078125,1000.0
520,1052672,514,2021,3.9950912952423097,-6.3246558666229244,0.51728515625,1.8760524988174438,0.009552874555811285,0.06354197,0.3581704795360565,0.0003,0.9932643175125122,26980,0.2,1743.16455078125,1000.0
520,1054720,515,2025,5.17763397693634,-6.322898292541504,0.41162109375,2.558854341506958,-0.0030656907125376164,0.05685389,0.3583296835422516,0.0003,0.9911113977432251,26985,0.2,1743.16455078125,1000.0
520,1056768,516,2030,5.028261256217957,-6.322914290428161,0.32880859375,2.481869697570801,-0.012568348413333296,0.034744106,0.35826367139816284,0.0003,0.9906038045883179,26990,0.2,1740.8870849609375,1000.0
520,1058816,517,2034,5.701788115501404,-6.317817568778992,0.38408203125,2.3513879776000977,-0.008930627815425396,0.04629503,0.3582836389541626,0.0003,0.9852510690689087,26995,0.2,1740.8870849609375,1000.0
520,1060864,518,2037,5.7313683271408085,-6.323182606697083,0.39501953125,2.556457281112671,-0.012028138502500951,0.051746648,0.35849860310554504,0.0003,0.9386581182479858,27000,0.2,1740.8870849609375,1000.0
520,1062912,519,2041,3.6117482662200926,-6.326311874389648,0.34169921875,1.7676664590835571,-0.010480153234675526,0.032648005,0.3584330379962921,0.0003,0.9515179395675659,27005,0.2,1740.8870849609375,1000.0
519,1064960,520,2048,6.169615840911865,-6.323845767974854,0.356640625,3.0614020824432373,-0.009713515522889793,0.050488196,0.358517050743103,0.0003,0.9298838376998901,27010,0.2,1742.4945068359375,1000.0
519,1067008,521,2052,3.2904465198516846,-6.324968934059143,0.35732421875,1.5423040390014648,-0.009475513501092792,0.04196643,0.3584583103656769,0.0003,0.9875983595848083,27015,0.2,1742.4945068359375,1000.0
519,1069056,522,2057,5.259951090812683,-6.323635888099671,0.29638671875,2.4361822605133057,-0.011096758861094713,0.03248608,0.35839521884918213,0.0003,0.9837062954902649,27020,0.2,1742.4945068359375,1000.0
519,1071104,523,2061,3.2802579283714293,-6.321413254737854,0.3466796875,1.6242629289627075,-0.0006809455226175487,0.027124587,0.3583323061466217,0.0003,0.9912632703781128,27025,0.2,1742.4945068359375,1000.0
518,1073152,524,2068,4.022152209281922,-6.320198178291321,0.30458984375,2.070120096206665,-0.016008613258600236,0.028364714,0.3582768142223358,0.0003,0.9875445365905762,27030,0.2,1739.467529296875,1000.0
518,1075200,525,2072,4.974645662307739,-6.317574071884155,0.32470703125,2.1523993015289307,-0.011615652026375756,0.02657715,0.35830366611480713,0.0003,0.9887887239456177,27035,0.2,1739.467529296875,1000.0
518,1077248,526,2077,3.8649198412895203,-6.317551875114441,0.2205078125,2.0121958255767822,-0.013221644109580665,0.017888887,0.3583313226699829,0.0003,0.9926630854606628,27040,0.2,1739.467529296875,1000.0
518,1079296,527,2082,3.2349177598953247,-6.3161266326904295,0.35380859375,1.5165995359420776,-0.00990833742544055,0.038055733,0.3583349883556366,0.0003,0.9940578937530518,27045,0.2,1739.467529296875,1000.0
517,1081344,528,2087,3.1593961477279664,-6.315640687942505,0.23974609375,1.3153197765350342,-0.010726410243660212,0.021612708,0.35830795764923096,0.0003,0.9942980408668518,27050,0.2,1731.6678466796875,1000.0
517,1083392,529,2092,5.568343949317932,-6.314704370498657,0.28623046875,2.45210599899292,-0.017651700251735746,0.027398394,0.35834941267967224,0.0003,0.9928398132324219,27055,0.2,1731.6678466796875,1000.0
517,1085440,530,2096,5.367829203605652,-6.315996885299683,0.403515625,2.6438679695129395,-0.008400819869711995,0.04429976,0.35839492082595825,0.0003,0.9940410852432251,27060,0.2,1731.6678466796875,1000.0
517,1087488,531,2100,6.33577196598053,-6.314485359191894,0.304296875,3.3365821838378906,-0.0090852516470477,0.02882891,0.358258455991745,0.0003,0.9930505156517029,27065,0.2,1731.6678466796875,1000.0
517,1089536,532,2105,5.400649380683899,-6.304235577583313,0.31904296875,2.400334119796753,-0.0105599565198645,0.035810497,0.35786378383636475,0.0003,0.9939183592796326,27070,0.2,1739.7576904296875,1000.0
517,1091584,533,2110,4.032527804374695,-6.280396199226379,0.34052734375,1.9654810428619385,-0.00900172240799293,0.030273952,0.3575901985168457,0.0003,0.993556022644043,27075,0.2,1739.7576904296875,1000.0
517,1093632,534,2114,3.1206739068031313,-6.277351021766663,0.2427734375,1.4044928550720215,-0.017365371668711306,0.028173031,0.3576280474662781,0.0003,0.993771493434906,27080,0.2,1739.7576904296875,1000.0
517,1095680,535,2118,4.635820496082306,-6.278676605224609,0.44296875,2.279327869415283,0.005434949678601697,0.051238865,0.35759302973747253,0.0003,0.9914934635162354,27085,0.2,1739.7576904296875,1000.0
516,1097728,536,2123,4.482689690589905,-6.2760323762893675,0.32470703125,2.3475005626678467,-0.01238808617927134,0.02746846,0.35754525661468506,0.0003,0.9911832809448242,27090,0.2,1742.486572265625,1000.0
516,1099776,537,2127,2.9987175107002257,-6.274738478660583,0.32412109375,1.5273936986923218,-0.011951991729438305,0.03058115,0.3575534224510193,0.0003,0.9966328740119934,27095,0.2,1742.486572265625,1000.0
517,1101824,538,2131,3.125039267539978,-6.275102210044861,0.297265625,1.4347940683364868,-0.009170868690125645,0.02829517,0.357571542263031,0.0003,0.996690571308136,27100,0.2,1742.486572265625,1000.0
517,1103872,539,2135,3.7431679368019104,-6.272582077980042,0.25166015625,1.7831612825393677,-0.018565180350560696,0.026382983,0.35740673542022705,0.0003,0.9959708452224731,27105,0.2,1742.486572265625,1000.0
516,1105920,540,2140,3.920321500301361,-6.262991523742675,0.30341796875,1.8944010734558105,-0.016966423694975676,0.03596535,0.357334166765213,0.0003,0.9961791038513184,27110,0.2,1735.1572265625,1000.0
516,1107968,541,2143,4.873151206970215,-6.262730360031128,0.25556640625,2.4466512203216553,-0.01963984202593565,0.02864217,0.35736146569252014,0.0003,0.990746259689331,27115,0.2,1735.1572265625,1000.0
516,1110016,542,2147,4.898663902282715,-6.258873653411865,0.30517578125,2.3466124534606934,-0.014838276710361243,0.03770605,0.3571736514568329,0.0003,0.9882232546806335,27120,0.2,1735.1572265625,1000.0
516,1112064,543,2152,6.484447884559631,-6.252273178100586,0.3734375,3.070450782775879,-0.0020328087848611176,0.041412532,0.3571193516254425,0.0003,0.9844756126403809,27125,0.2,1738.2646484375,1000.0
516,1114112,544,2156,5.125819206237793,-6.251852107048035,0.34248046875,2.3954503536224365,-0.011537581984885036,0.02710474,0.35716575384140015,0.0003,0.9884955286979675,27130,0.2,1738.2646484375,1000.0
516,1116160,545,2160,4.606733965873718,-6.255842614173889,0.34169921875,2.234274387359619,-0.01549487744923681,0.031425778,0.35726216435432434,0.0003,0.9874811768531799,27135,0.2,1738.2646484375,1000.0
516,1118208,546,2164,4.286971688270569,-6.2640677213668825,0.30830078125,2.2158327102661133,-0.012205263075884432,0.032067463,0.35750967264175415,0.0003,0.9882856607437134,27140,0.2,1738.2646484375,1000.0
516,1120256,547,2169,3.8635094165802,-6.276467037200928,0.31845703125,1.848518967628479,-0.0009472758509218692,0.034319535,0.3576708436012268,0.0003,0.9896846413612366,27145,0.2,1738.303955078125,1000.0
516,1122304,548,2172,4.242570257186889,-6.278148293495178,0.34326171875,2.018016815185547,-0.013640349532943219,0.036713153,0.3577033579349518,0.0003,0.9889336824417114,27150,0.2,1738.303955078125,1000.0
516,1124352,549,2176,4.1690132975578305,-6.2807456970214846,0.4373046875,2.2584762573242188,0.0051822270732373,0.050932176,0.35791459679603577,0.0003,0.9867344498634338,27155,0.2,1738.303955078125,1000.0
516,1126400,550,2180,4.972038125991821,-6.284498572349548,0.32177734375,2.5262064933776855,-0.014712093584239482,0.029558424,0.35783684253692627,0.0003,0.9834494590759277,27160,0.2,1738.303955078125,1000.0
516,1128448,551,2185,4.465937805175781,-6.277677249908447,0.30458984375,1.9843395948410034,-0.014723558572586625,0.026865706,0.35786110162734985,0.0003,0.9855127930641174,27165,0.2,1752.7132568359375,1000.0
516,1130496,552,2189,4.769529795646667,-6.278898596763611,0.2689453125,2.716611862182617,-0.013688014552462846,0.028034868,0.3578610420227051,0.0003,0.9876696467399597,27170,0.2,1752.7132568359375,1000.0
516,1132544,553,2193,4.190267860889435,-6.279856324195862,0.24619140625,2.017551898956299,-0.010394739732146264,0.045789033,0.35795357823371887,0.0003,0.991332471370697,27175,0.2,1752.7132568359375,1000.0
516,1134592,554,2197,3.1495769739151003,-6.281500244140625,0.33515625,1.4727059602737427,-0.01569065626244992,0.033669665,0.3579137325286865,0.0003,0.9941476583480835,27180,0.2,1752.7132568359375,1000.0
516,1136640,555,2202,5.408475911617279,-6.280250930786133,0.30927734375,1.7882153987884521,-0.016641875635832547,0.027992744,0.35793808102607727,0.0003,0.98960942029953,27185,0.2,1757.3538818359375,1000.0
516,1138688,556,2206,4.058736729621887,-6.283983612060547,0.358984375,1.8268139362335205,-0.015566692920401692,0.037369777,0.35802775621414185,0.0003,0.9915265440940857,27190,0.2,1757.3538818359375,1000.0
516,1140736,557,2209,5.401200771331787,-6.285784316062927,0.2646484375,2.1571898460388184,-0.018202756927348674,0.028262744,0.35795101523399353,0.0003,0.9813830256462097,27195,0.2,1757.3538818359375,1000.0
516,1142784,558,2213,2.754434883594513,-6.281884169578552,0.27646484375,1.2999893426895142,-0.015879533704719506,0.03326987,0.35790953040122986,0.0003,0.9896856546401978,27200,0.2,1757.3538818359375,1000.0
516,1144832,559,2218,4.26184002161026,-6.276741242408752,0.39833984375,2.0622663497924805,-0.006245103641413152,0.042249463,0.3578237295150757,0.0003,0.9845119118690491,27205,0.2,1757.6201171875,1000.0
516,1146880,560,2221,4.043914926052094,-6.269425249099731,0.30908203125,2.00972056388855,-0.008370474458206444,0.029773667,0.3575996160507202,0.0003,0.9858672618865967,27210,0.2,1757.6201171875,1000.0
516,1148928,561,2225,3.7562918305397033,-6.2560971021652225,0.38955078125,1.9171526432037354,-0.004412406054325402,0.039896473,0.35747987031936646,0.0003,0.9880179762840271,27215,0.2,1757.6201171875,1000.0
516,1150976,562,2229,3.2855623364448547,-6.250870394706726,0.3205078125,1.8236745595932007,-0.009074064588639885,0.034329828,0.3574317693710327,0.0003,0.9902887940406799,27220,0.2,1757.6201171875,1000.0
515,1153024,563,2234,4.4528555393219,-6.24857234954834,0.31728515625,2.0765438079833984,-0.006445830874145031,0.05821748,0.35730043053627014,0.0003,0.9863328337669373,27225,0.2,1760.138916015625,1000.0
515,1155072,564,2241,5.447078895568848,-6.248278880119324,0.23037109375,2.5819671154022217,-0.014525231765583157,0.027208466,0.35733678936958313,0.0003,0.9827688336372375,27230,0.2,1760.138916015625,1000.0
514,1157120,565,2247,4.3299550175666806,-6.258854413032532,0.334765625,2.2731974124908447,-0.012534213764593006,0.038921263,0.35759902000427246,0.0003,0.983546793460846,27235,0.2,1760.138916015625,1000.0
514,1159168,566,2251,3.7423153042793276,-6.274339175224304,0.48291015625,1.9077847003936768,-0.0016621978837065398,0.06867975,0.3578675091266632,0.0003,0.9856966137886047,27240,0.2,1760.138916015625,1000.0
514,1161216,567,2258,4.338745987415313,-6.284691715240479,0.37744140625,2.1340529918670654,-0.012278825335670263,0.031933516,0.35800430178642273,0.0003,0.9814039468765259,27245,0.2,1753.276611328125,1000.0
514,1163264,568,2261,4.994447493553162,-6.286468720436096,0.4259765625,2.3398890495300293,-0.0022167241433635352,0.04860095,0.3578213155269623,0.0003,0.9893020391464233,27250,0.2,1753.276611328125,1000.0
514,1165312,569,2265,3.9407750725746156,-6.2780430793762205,0.345703125,2.041283130645752,-0.016861847322434186,0.028100055,0.3576742708683014,0.0003,0.9931530952453613,27255,0.2,1753.276611328125,1000.0
514,1167360,570,2269,3.6549229264259337,-6.270634245872498,0.3046875,1.8090792894363403,-0.013820115942507982,0.024692345,0.3575381934642792,0.0003,0.9939165115356445,27260,0.2,1753.276611328125,1000.0
514,1169408,571,2274,3.469274580478668,-6.262713384628296,0.25615234375,1.8973191976547241,-0.01339369056513533,0.032692205,0.35739102959632874,0.0003,0.9938300848007202,27265,0.2,1747.6943359375,1000.0
514,1171456,572,2278,4.598041582107544,-6.254185700416565,0.33125,2.1711742877960205,-0.01032958053983748,0.034852564,0.3572779893875122,0.0003,0.9897521138191223,27270,0.2,1747.6943359375,1000.0
514,1173504,573,2281,4.001970386505127,-6.253576326370239,0.28564453125,1.9796251058578491,-0.00988779605831951,0.032826997,0.35735782980918884,0.0003,0.9898633360862732,27275,0.2,1747.6943359375,1000.0
514,1175552,574,2285,3.5280447602272034,-6.257152676582336,0.27255859375,1.8647621870040894,-0.01921854102984071,0.025827177,0.35738563537597656,0.0003,0.9917965531349182,27280,0.2,1747.6943359375,1000.0
514,1177600,575,2290,4.184840679168701,-6.2563477754592896,0.441015625,1.939548373222351,-0.0017946779727935791,0.036877815,0.35747194290161133,0.0003,0.9897902011871338,27285,0.2,1743.362548828125,1000.0
514,1179648,576,2294,3.8490846276283266,-6.252119159698486,0.28759765625,1.863831877708435,-0.015349044743925334,0.043484718,0.35710009932518005,0.0003,0.9925230741500854,27290,0.2,1743.362548828125,1000.0
514,1181696,577,2297,4.758214998245239,-6.2377626419067385,0.284765625,2.38909649848938,-0.014624593104235828,0.024067296,0.35700687766075134,0.0003,0.9916597604751587,27295,0.2,1743.362548828125,1000.0
514,1183744,578,2301,4.1667703747749325,-6.238256168365479,0.324609375,1.9156712293624878,-0.013232011650688946,0.0310712,0.3569973409175873,0.0003,0.9927011728286743,27300,0.2,1743.362548828125,1000.0
514,1185792,579,2306,3.9639624834060667,-6.239697504043579,0.35390625,1.9223562479019165,-0.017365872114896774,0.033854015,0.35712307691574097,0.0003,0.9929214119911194,27305,0.2,1743.1807861328125,1000.0
514,1187840,580,2310,3.91798757314682,-6.2412189245224,0.29453125,1.9341776371002197,-0.00989406332373619,0.047511034,0.3570133447647095,0.0003,0.9899263381958008,27310,0.2,1743.1807861328125,1000.0
514,1189888,581,2314,4.290916931629181,-6.231839561462403,0.20673828125,2.2639923095703125,-0.015619106509257108,0.015001809,0.3567695915699005,0.0003,0.9883908629417419,27315,0.2,1743.1807861328125,1000.0
514,1191936,582,2318,3.317745339870453,-6.217942428588867,0.21650390625,1.6040211915969849,-0.015100113209336996,0.023475815,0.35652607679367065,0.0003,0.990515947341919,27320,0.2,1743.1807861328125,1000.0
513,1193984,583,2323,4.644911813735962,-6.21120285987854,0.26416015625,2.5115795135498047,-0.01559797131922096,0.028552603,0.3564366400241852,0.0003,0.9880214929580688,27325,0.2,1746.0484619140625,1000.0
513,1196032,584,2327,5.1594603061676025,-6.209284329414368,0.338671875,2.37050199508667,-0.01733105757739395,0.036083043,0.3563673198223114,0.0003,0.9925148487091064,27330,0.2,1746.0484619140625,1000.0
513,1198080,585,2331,3.7724247932434083,-6.2047406196594235,0.27861328125,1.727854609489441,-0.009615667909383774,0.028739136,0.3562502861022949,0.0003,0.9944247603416443,27335,0.2,1746.0484619140625,1000.0
513,1200128,586,2335,4.599091005325318,-6.200570440292358,0.334375,2.055543899536133,-0.015137813054025173,0.035150826,0.35630881786346436,0.0003,0.9933376312255859,27340,0.2,1743.858154296875,1000.0
513,1202176,587,2339,5.006944179534912,-6.205402755737305,0.34970703125,2.282790184020996,-0.01721167713403702,0.040248547,0.35644006729125977,0.0003,0.9923003911972046,27345,0.2,1743.858154296875,1000.0
513,1204224,588,2343,4.876388382911682,-6.210910677909851,0.40478515625,2.5487420558929443,0.0033505274972412736,0.06571799,0.3565138280391693,0.0003,0.9849926829338074,27350,0.2,1743.858154296875,1000.0
513,1206272,589,2346,5.976207804679871,-6.213061141967773,0.362109375,3.0010273456573486,-0.014380381361115724,0.04279881,0.3564828038215637,0.0003,0.9800267815589905,27355,0.2,1743.858154296875,1000.0
513,1208320,590,2351,5.224582028388977,-6.209747266769409,0.39384765625,2.508424997329712,-0.009793532639741897,0.051977716,0.3564722239971161,0.0003,0.9836288094520569,27360,0.2,1755.6136474609375,1000.0
513,1210368,591,2355,6.874001598358154,-6.215702748298645,0.36220703125,3.2933263778686523,-0.007131530006881803,0.042192895,0.356660395860672,0.0003,0.9794194102287292,27365,0.2,1755.6136474609375,1000.0
513,1212416,592,2359,4.744681334495544,-6.220404934883118,0.39892578125,2.4375152587890625,-0.005059634172357619,0.03780117,0.3565920889377594,0.0003,0.9878420829772949,27370,0.2,1755.6136474609375,1000.0
514,1214464,593,2362,4.903174424171448,-6.20525963306427,0.3759765625,2.662304639816284,-0.009967248933389784,0.04073205,0.35634469985961914,0.0003,0.987295925617218,27375,0.2,1755.6136474609375,1000.0
513,1216512,594,2367,4.568679070472717,-6.201392412185669,0.38828125,2.3804476261138916,-0.004595340113155544,0.03939719,0.35656192898750305,0.0003,0.988143801689148,27380,0.2,1750.16064453125,1000.0
513,1218560,595,2371,4.289767718315124,-6.2139078855514525,0.37578125,1.9326914548873901,-0.010923427110537887,0.05350132,0.3567883372306824,0.0003,0.9882031083106995,27385,0.2,1750.16064453125,1000.0
513,1220608,596,2374,5.457983303070068,-6.218669366836548,0.38525390625,2.632678270339966,-0.01399071104824543,0.038972776,0.3568337857723236,0.0003,0.986328661441803,27390,0.2,1750.16064453125,1000.0
513,1222656,597,2379,4.983492684364319,-6.22516975402832,0.36455078125,2.464665174484253,-0.010943132755346596,0.05010952,0.3569357395172119,0.0003,0.9869554042816162,27395,0.2,1750.16064453125,1000.0
513,1224704,598,2384,4.486682736873627,-6.231992888450622,0.41259765625,2.0768210887908936,-0.005553581356070936,0.06554513,0.3571169674396515,0.0003,0.9877957701683044,27400,0.2,1764.385009765625,1000.0
513,1226752,599,2387,8.333522009849549,-6.23796513080597,0.40283203125,4.028162956237793,-0.003597969305701554,0.052590452,0.35712572932243347,0.0003,0.9833254218101501,27405,0.2,1764.385009765625,1000.0
513,1228800,600,2391,6.489995360374451,-6.23675503730774,0.26025390625,2.9294793605804443,-0.017437667003832757,0.025273258,0.35713911056518555,0.0003,0.9888773560523987,27410,0.2,1764.385009765625,1000.0
513,1230848,601,2395,6.100685548782349,-6.2400391578674315,0.287109375,2.634270191192627,-0.0032000115606933832,0.06120924,0.35714083909988403,0.0003,0.9895310997962952,27415,0.2,1764.385009765625,1000.0
513,1232896,602,2399,4.945391583442688,-6.241942024230957,0.28642578125,2.1886439323425293,-0.014352327026426793,0.02495006,0.3571360409259796,0.0003,0.991435170173645,27420,0.2,1759.171142578125,1000.0
513,1234944,603,2403,6.435521411895752,-6.247114992141723,0.37587890625,3.056797981262207,-0.01501376684755087,0.03411048,0.35724547505378723,0.0003,0.9886389374732971,27425,0.2,1759.171142578125,1000.0
513,1236992,604,2407,4.780378937721252,-6.249793815612793,0.28984375,2.2442502975463867,-0.016317768418230117,0.028141424,0.3571782112121582,0.0003,0.9916320443153381,27430,0.2,1759.171142578125,1000.0
513,1239040,605,2410,4.908255863189697,-6.243619537353515,0.2927734375,2.3189053535461426,-0.011942972848191857,0.029419279,0.3570977449417114,0.0003,0.9913781881332397,27435,0.2,1759.171142578125,1000.0
513,1241088,606,2415,4.249977576732635,-6.237640357017517,0.24697265625,1.9767147302627563,-0.0157755964435637,0.025668645,0.35678020119667053,0.0003,0.9924961924552917,27440,0.2,1756.90625,1000.0
513,1243136,607,2419,3.2896409392356873,-6.2223739385604855,0.36171875,1.6358526945114136,-0.007535643083974719,0.036265664,0.3566311001777649,0.0003,0.9921848773956299,27445,0.2,1756.90625,1000.0
513,1245184,608,2422,4.211621439456939,-6.219885087013244,0.362109375,2.155017375946045,-0.004070986690931022,0.045543946,0.3567771017551422,0.0003,0.9838960766792297,27450,0.2,1756.90625,1000.0
514,1247232,609,2426,4.02154221534729,-6.222729897499084,0.30283203125,2.140348434448242,-0.009208875289186836,0.023114348,0.3566635251045227,0.0003,0.9847787618637085,27455,0.2,1756.90625,1000.0
513,1249280,610,2431,2.838487207889557,-6.208921623229981,0.253515625,1.3847761154174805,-0.013894079090096056,0.031346988,0.3563414216041565,0.0003,0.9885758757591248,27460,0.2,1760.411376953125,1000.0
513,1251328,611,2434,3.424093770980835,-6.202206778526306,0.29013671875,1.733878254890442,-0.018645402044057846,0.030252285,0.3565490245819092,0.0003,0.9829193353652954,27465,0.2,1760.411376953125,1000.0
514,1253376,612,2438,4.264186203479767,-6.214559197425842,0.308984375,1.8684461116790771,-0.017681849910877644,0.0334573,0.35670363903045654,0.0003,0.9692803621292114,27470,0.2,1760.411376953125,1000.0
514,1255424,613,2442,4.108948767185211,-6.218968987464905,0.35654296875,1.8370590209960938,-0.011799758451525122,0.03304508,0.3566444516181946,0.0003,0.9716190099716187,27475,0.2,1760.411376953125,1000.0
513,1257472,614,2447,3.7657144904136657,-6.219481635093689,0.36279296875,1.764868974685669,-0.008849482540972531,0.03269264,0.3566880226135254,0.0003,0.974486768245697,27480,0.2,1762.667236328125,1000.0
513,1259520,615,2451,3.720052409172058,-6.226375532150269,0.39140625,1.7599436044692993,-0.007571533403825015,0.04825572,0.35683849453926086,0.0003,0.9945853352546692,27485,0.2,1762.667236328125,1000.0
513,1261568,616,2454,3.8950878381729126,-6.233999037742615,0.41845703125,2.3574585914611816,0.0009046915918588638,0.041090965,0.35695600509643555,0.0003,0.9947293996810913,27490,0.2,1762.667236328125,1000.0
514,1263616,617,2458,5.774430751800537,-6.233227181434631,0.26015625,2.601024627685547,-0.012836028216406703,0.021066109,0.356812447309494,0.0003,0.9920286536216736,27495,0.2,1762.667236328125,1000.0
513,1265664,618,2463,3.320455181598663,-6.225890111923218,0.25869140625,1.495564341545105,-0.018566207541152836,0.0238953,0.35669904947280884,0.0003,0.9951363205909729,27500,0.2,1741.1993408203125,1000.0
513,1267712,619,2466,5.584308409690857,-6.22343339920044,0.29736328125,3.0029261112213135,-0.01586648225784302,0.028427988,0.356608510017395,0.0003,0.9931990504264832,27505,0.2,1741.1993408203125,1000.0
513,1269760,620,2470,3.8625282645225525,-6.220682859420776,0.33583984375,1.7979967594146729,-0.015067846258170902,0.032403946,0.3565887212753296,0.0003,0.9952170848846436,27510,0.2,1741.1993408203125,1000.0
514,1271808,621,2474,4.2406262278556826,-6.21782660484314,0.35244140625,1.9677891731262207,-0.015489794686436653,0.03218116,0.35649457573890686,0.0003,0.9950042963027954,27515,0.2,1741.1993408203125,1000.0
513,1273856,622,2478,6.223916339874267,-6.212533068656922,0.3357421875,2.6955230236053467,-0.008260620827786624,0.08043093,0.3563760221004486,0.0003,0.9927040934562683,27520,0.2,1749.315673828125,1000.0
513,1275904,623,2482,4.177804732322693,-6.207077479362487,0.3525390625,1.9839179515838623,-0.0019177593057975173,0.029757133,0.3563496172428131,0.0003,0.992579996585846,27525,0.2,1749.315673828125,1000.0
513,1277952,624,2486,4.358134067058563,-6.2046606063842775,0.34267578125,2.012943983078003,-0.015090768900699913,0.04220749,0.35619810223579407,0.0003,0.9906761646270752,27530,0.2,1749.315673828125,1000.0
513,1280000,625,2491,3.870373547077179,-6.201823210716247,0.32568359375,2.0673813819885254,-0.010774603625759483,0.03824814,0.3563850224018097,0.0003,0.9925659894943237,27535,0.2,1747.27783203125,1000.0
513,1282048,626,2494,2.8648475646972655,-6.207681488990784,0.253125,1.441319227218628,-0.017002026201225817,0.024764098,0.35628780722618103,0.0003,0.9942412972450256,27540,0.2,1747.27783203125,1000.0
513,1284096,627,2498,3.876619482040405,-6.1988844871521,0.35166015625,2.0266761779785156,-0.006966633757110685,0.04411463,0.35604846477508545,0.0003,0.9776531457901001,27545,0.2,1747.27783203125,1000.0
513,1286144,628,2502,4.95729808807373,-6.191911625862121,0.3205078125,2.21867299079895,-0.015499850735068321,0.037124723,0.3559247851371765,0.0003,0.9684982299804688,27550,0.2,1747.27783203125,1000.0
513,1288192,629,2507,5.8137843132019045,-6.1864640474319454,0.36748046875,2.853421926498413,-0.015771386306732894,0.038004678,0.3558691740036011,0.0003,0.9651254415512085,27555,0.2,1752.7230224609375,1000.0
513,1290240,630,2511,4.84850766658783,-6.185328483581543,0.401953125,2.135082960128784,-0.009204116882756352,0.066235796,0.35584694147109985,0.0003,0.978875458240509,27560,0.2,1752.7230224609375,1000.0
513,1292288,631,2515,4.031114411354065,-6.190537810325623,0.29306640625,2.026054620742798,-0.00977449300698936,0.030913875,0.35597240924835205,0.0003,0.9931201338768005,27565,0.2,1752.7230224609375,1000.0
513,1294336,632,2519,5.0984646558761595,-6.18965106010437,0.28828125,2.479332447052002,-0.012350499513559043,0.029817149,0.35570698976516724,0.0003,0.9906038641929626,27570,0.2,1752.7230224609375,1000.0
513,1296384,633,2524,4.909380173683166,-6.174237442016602,0.24169921875,2.2399556636810303,-0.015108774963300676,0.02247006,0.3553597331047058,0.0003,0.9907869696617126,27575,0.2,1762.84619140625,1000.0
513,1298432,634,2528,4.523882102966309,-6.157913088798523,0.31015625,2.23506498336792,-0.013209869875572622,0.022904987,0.3550414443016052,0.0003,0.9914872050285339,27580,0.2,1762.84619140625,1000.0
513,1300480,635,2531,3.6239967942237854,-6.14771466255188,0.264453125,1.5781142711639404,-0.018268492980860175,0.027001057,0.3549838364124298,0.0003,0.9930668473243713,27585,0.2,1762.84619140625,1000.0
513,1302528,636,2535,3.258729577064514,-6.144819116592407,0.31787109375,1.503476619720459,-0.011988356779329478,0.025212865,0.3549686670303345,0.0003,0.9939256310462952,27590,0.2,1762.84619140625,1000.0
513,1304576,637,2540,3.850268065929413,-6.14074969291687,0.36552734375,1.827392339706421,-0.013860752736218274,0.029466167,0.35495978593826294,0.0003,0.9929535388946533,27595,0.2,1769.57568359375,1000.0
513,1306624,638,2544,4.831341123580932,-6.139317226409912,0.2357421875,2.244636058807373,-0.017779780132696033,0.024215596,0.35494711995124817,0.0003,0.9902437329292297,27600,0.2,1769.57568359375,1000.0
513,1308672,639,2547,4.9265399932861325,-6.129833912849426,0.3443359375,2.4154539108276367,-0.010686194035224616,0.036033385,0.3546365201473236,0.0003,0.9903983473777771,27605,0.2,1769.57568359375,1000.0
513,1310720,640,2551,4.004095590114593,-6.111337566375733,0.3953125,1.890684962272644,-0.0035085434326902034,0.03997739,0.35430458188056946,0.0003,0.992120623588562,27610,0.2,1769.57568359375,1000.0
513,1312768,641,2556,4.213917779922485,-6.103181719779968,0.4029296875,2.142369270324707,-0.00769995953887701,0.05793809,0.3541572093963623,0.0003,0.9912218451499939,27615,0.2,1760.634521484375,1000.0
513,1314816,642,2559,5.607798910140991,-6.10115487575531,0.30615234375,2.5704591274261475,-0.015493167703971267,0.02661563,0.35416772961616516,0.0003,0.9904646277427673,27620,0.2,1760.634521484375,1000.0
513,1316864,643,2563,3.96959468126297,-6.108081912994384,0.31005859375,1.9764949083328247,-0.015593804779928177,0.034942,0.3543194532394409,0.0003,0.9933454394340515,27625,0.2,1760.634521484375,1000.0
513,1318912,644,2567,3.3914320826530457,-6.113181090354919,0.317578125,1.5425679683685303,-0.016131528979167344,0.03126607,0.35435950756073,0.0003,0.994405210018158,27630,0.2,1760.634521484375,1000.0
513,1320960,645,2572,4.561337852478028,-6.112806820869446,0.3953125,2.2354352474212646,-0.01804826131556183,0.050337806,0.3542986512184143,0.0003,0.9922346472740173,27635,0.2,1744.3721923828125,1000.0
513,1323008,646,2576,5.012990021705628,-6.10989785194397,0.2447265625,2.41165828704834,-0.012945920391939581,0.024674596,0.35422283411026,0.0003,0.9909679293632507,27640,0.2,1744.3721923828125,1000.0
513,1325056,647,2579,3.898781752586365,-6.10220239162445,0.43662109375,1.8418478965759277,0.001112295174971223,0.053155527,0.3540581464767456,0.0003,0.9942214488983154,27645,0.2,1744.3721923828125,1000.0
513,1327104,648,2583,3.441890287399292,-6.100248861312866,0.2865234375,1.5303502082824707,-0.010911498591303826,0.029417006,0.35407888889312744,0.0003,0.9945624470710754,27650,0.2,1744.3721923828125,1000.0
513,1329152,649,2588,4.164502692222595,-6.099924516677857,0.288671875,2.2284374237060547,-0.013739157957024873,0.029002888,0.35394901037216187,0.0003,0.9937447905540466,27655,0.2,1742.1837158203125,1000.0
513,1331200,650,2592,4.603560376167297,-6.0899951457977295,0.280078125,2.0114083290100098,-0.019188501965254547,0.025323987,0.3538208305835724,0.0003,0.9901707172393799,27660,0.2,1742.1837158203125,1000.0
513,1333248,651,2595,5.3504479885101315,-6.078370475769043,0.4369140625,2.8829185962677,-0.003850363288074732,0.06278002,0.3534952402114868,0.0003,0.9784274101257324,27665,0.2,1742.1837158203125,1000.0
513,1335296,652,2599,6.787499332427979,-6.06781120300293,0.3208984375,3.2884817123413086,-0.01452040250878781,0.03338335,0.35346055030822754,0.0003,0.971556544303894,27670,0.2,1742.1837158203125,1000.0
513,1337344,653,2604,3.0082867622375487,-6.0689808368682865,0.34521484375,1.3799852132797241,-0.00807095430791378,0.048736732,0.353274405002594,0.0003,0.9870043992996216,27675,0.2,1750.0531005859375,1000.0
513,1339392,654,2608,3.7514114022254943,-6.054835987091065,0.38408203125,1.7411173582077026,-0.007049202173948288,0.043581523,0.35310080647468567,0.0003,0.9914643168449402,27680,0.2,1750.0531005859375,1000.0
513,1341440,655,2611,4.407853543758392,-6.051739358901978,0.5521484375,2.0877866744995117,0.014384881663136184,0.07129644,0.35321858525276184,0.0003,0.9916956424713135,27685,0.2,1750.0531005859375,1000.0
513,1343488,656,2615,4.897926950454712,-6.055998730659485,0.3826171875,2.4878530502319336,-0.010838504135608672,0.057711024,0.35311204195022583,0.0003,0.9907057881355286,27690,0.2,1750.0531005859375,1000.0
513,1345536,657,2620,5.096904563903808,-6.056010127067566,0.3583984375,2.762840509414673,-0.009304962516762317,0.03302046,0.35310545563697815,0.0003,0.9906116724014282,27695,0.2,1747.0272216796875,1000.0
513,1347584,658,2624,5.273196673393249,-6.0579825162887575,0.408984375,2.1399762630462646,-0.012773007224313914,0.04703489,0.35305070877075195,0.0003,0.9934637546539307,27700,0.2,1747.0272216796875,1000.0
513,1349632,659,2628,4.316455495357514,-6.05178918838501,0.31572265625,2.028988838195801,-0.009505314892157913,0.037772935,0.35286611318588257,0.0003,0.994846522808075,27705,0.2,1747.0272216796875,1000.0
513,1351680,660,2632,4.449946498870849,-6.040975642204285,0.36728515625,2.1989493370056152,-0.014597058622166514,0.04784871,0.3526759743690491,0.0003,0.9945595264434814,27710,0.2,1747.0272216796875,1000.0
513,1353728,661,2637,4.437561428546905,-6.0360136985778805,0.31083984375,1.8861923217773438,-0.0103976977057755,0.031134065,0.3525255620479584,0.0003,0.9948620796203613,27715,0.2,1739.713134765625,1000.0
513,1355776,662,2641,3.9322962641716,-6.031126403808594,0.2484375,2.012190818786621,-0.019178420270327477,0.024198832,0.35245147347450256,0.0003,0.985641598701477,27720,0.2,1739.713134765625,1000.0
513,1357824,663,2645,5.024436688423156,-6.030476975440979,0.24375,2.478822708129883,-0.011042550881393253,0.019996438,0.3524354100227356,0.0003,0.96305251121521,27725,0.2,1739.713134765625,1000.0
513,1359872,664,2648,4.506588315963745,-6.030067491531372,0.33916015625,2.0864760875701904,-0.016354660037904978,0.041045133,0.35249578952789307,0.0003,0.9702883362770081,27730,0.2,1739.713134765625,1000.0
513,1361920,665,2653,4.158084774017334,-6.030120825767517,0.2544921875,1.9539368152618408,-0.01849030125886202,0.025777224,0.35242265462875366,0.0003,0.9727330803871155,27735,0.2,1755.19580078125,1000.0
513,1363968,666,2657,4.273640298843384,-6.022988986968994,0.28125,2.036712646484375,-0.016405451018363236,0.030396216,0.3522762060165405,0.0003,0.9871041178703308,27740,0.2,1755.19580078125,1000.0
513,1366016,667,2661,4.274094641208649,-6.019704580307007,0.28388671875,2.2201216220855713,-0.015499162627384067,0.022102991,0.35228925943374634,0.0003,0.9876254200935364,27745,0.2,1755.19580078125,1000.0
513,1368064,668,2666,4.975551557540894,-6.020009994506836,0.40595703125,2.5676398277282715,-0.00949256531894207,0.048191905,0.3523269295692444,0.0003,0.9853630065917969,27750,0.2,1757.8856201171875,1000.0
513,1370112,669,2669,5.0552438497543335,-6.019559073448181,0.289453125,2.329606294631958,-0.015513926418498159,0.022672255,0.3523878753185272,0.0003,0.9859156012535095,27755,0.2,1757.8856201171875,1000.0
513,1372160,670,2673,3.824692225456238,-6.019516062736511,0.38017578125,1.895469307899475,-0.009911655075848102,0.0377914,0.3522830903530121,0.0003,0.9940800666809082,27760,0.2,1757.8856201171875,1000.0
513,1374208,671,2677,3.2642272830009462,-6.011197328567505,0.34658203125,1.5103929042816162,-0.012655160785652698,0.03491837,0.35209962725639343,0.0003,0.9947598576545715,27765,0.2,1757.8856201171875,1000.0
513,1376256,672,2682,3.2251386523246763,-6.003706097602844,0.29287109375,1.422752022743225,-0.01938264740165323,0.03240365,0.3520326018333435,0.0003,0.994704008102417,27770,0.2,1752.6265869140625,1000.0
513,1378304,673,2685,5.777816724777222,-6.000556564331054,0.3119140625,3.166280508041382,-0.014123782806564122,0.03560631,0.35196632146835327,0.0003,0.9910350441932678,27775,0.2,1752.6265869140625,1000.0
513,1380352,674,2689,6.341410160064697,-5.999138903617859,0.37578125,2.8839523792266846,-0.01756133169401437,0.027125865,0.35203567147254944,0.0003,0.9853445887565613,27780,0.2,1752.6265869140625,1000.0
513,1382400,675,2693,4.556212162971496,-6.0005535364151,0.3751953125,2.3774285316467285,-0.011397902225144207,0.06849332,0.352131724357605,0.0003,0.9887652397155762,27785,0.2,1752.6265869140625,1000.0
513,1384448,676,2698,5.431724286079406,-6.003979134559631,0.32080078125,2.383528709411621,-0.017433198099024595,0.028702654,0.3521372079849243,0.0003,0.9874631762504578,27790,0.2,1752.3192138671875,1000.0
513,1386496,677,2701,4.939931774139405,-6.0040325164794925,0.25751953125,2.418346405029297,-0.011896927165798843,0.02590839,0.35208654403686523,0.0003,0.9890555739402771,27795,0.2,1752.3192138671875,1000.0
513,1388544,678,2705,4.709923195838928,-6.0014334440231325,0.25859375,2.061293363571167,-0.014226192818023264,0.025246285,0.3520556688308716,0.0003,0.9901739358901978,27800,0.2,1752.3192138671875,1000.0
513,1390592,679,2709,3.9599420189857484,-6.0017616748809814,0.2826171875,2.021442413330078,-0.007890283339656889,0.019971684,0.35210710763931274,0.0003,0.9906808733940125,27805,0.2,1752.3192138671875,1000.0
512,1392640,680,2715,3.8385148882865905,-6.004311299324035,0.24169921875,1.8101634979248047,-0.015301050199195743,0.022252345,0.3521748483181,0.0003,0.9917052388191223,27810,0.2,1753.2979736328125,1000.0
513,1394688,681,2718,3.0188165426254274,-6.003341460227967,0.3375,1.3931756019592285,-0.018074520397931337,0.035502095,0.3520345687866211,0.0003,0.9939844012260437,27815,0.2,1753.2979736328125,1000.0
513,1396736,682,2722,4.804133248329163,-5.993761754035949,0.27412109375,2.556680917739868,-0.012738170474767685,0.036496095,0.35181188583374023,0.0003,0.9902530312538147,27820,0.2,1753.2979736328125,1000.0
513,1398784,683,2726,4.9804446458816525,-5.985830783843994,0.1888671875,2.5072519779205322,-0.015082325675757602,0.016495261,0.35174477100372314,0.0003,0.9894582629203796,27825,0.2,1753.2979736328125,1000.0
512,1400832,684,2730,3.167347586154938,-5.983552432060241,0.1796875,1.684100866317749,-0.014568110485561192,0.018570863,0.3517662286758423,0.0003,0.993303120136261,27830,0.2,1732.603271484375,1000.0
513,1402880,685,2734,5.021164178848267,-5.983595371246338,0.20419921875,2.6937668323516846,-0.01670222762040794,0.019350523,0.3518013060092926,0.0003,0.9913970232009888,27835,0.2,1732.603271484375,1000.0
513,1404928,686,2738,2.8863956212997435,-5.984521198272705,0.189453125,1.4092907905578613,-0.01278698241803795,0.017281318,0.3518150746822357,0.0003,0.9951856732368469,27840,0.2,1732.603271484375,1000.0
513,1406976,687,2742,4.156272745132446,-5.985894179344177,0.27734375,1.934417724609375,-0.01799480167683214,0.030032557,0.3518941104412079,0.0003,0.99257493019104,27845,0.2,1732.603271484375,1000.0
512,1409024,688,2746,3.3097514748573302,-5.988455033302307,0.36591796875,1.6324267387390137,-0.01210192833095789,0.026833937,0.3518776297569275,0.0003,0.9939863085746765,27850,0.2,1719.6348876953125,1000.0
513,1411072,689,2750,4.208099138736725,-5.984458255767822,0.26630859375,1.9046059846878052,-0.016668664896860717,0.0268526,0.35175076127052307,0.0003,0.9890803694725037,27855,0.2,1719.6348876953125,1000.0
513,1413120,690,2754,4.03480293750763,-5.978401374816895,0.34892578125,1.8295327425003052,-0.007621677732095123,0.035467293,0.35170406103134155,0.0003,0.9847716689109802,27860,0.2,1719.6348876953125,1000.0
513,1415168,691,2757,3.186070954799652,-5.977728343009948,0.36025390625,1.6803830862045288,-0.008831594907678663,0.03673864,0.3517047166824341,0.0003,0.9883720278739929,27865,0.2,1719.6348876953125,1000.0
512,1417216,692,2762,4.944634318351746,-5.978381061553955,0.3185546875,2.0629959106445312,-0.011609056359156966,0.0299621,0.35168516635894775,0.0003,0.9803594946861267,27870,0.2,1732.55224609375,1000.0
513,1419264,693,2766,3.9736451864242555,-5.980819463729858,0.3763671875,1.8650158643722534,-0.015551174408756196,0.054905467,0.35173460841178894,0.0003,0.992779552936554,27875,0.2,1732.55224609375,1000.0
513,1421312,694,2770,3.305195987224579,-5.983479070663452,0.3513671875,1.5621328353881836,-0.0060523808817379175,0.06311218,0.351825088262558,0.0003,0.9956324696540833,27880,0.2,1732.55224609375,1000.0
513,1423360,695,2774,3.0867374181747436,-5.987437462806701,0.3509765625,1.5980536937713623,-0.008798486355226487,0.030730719,0.3518623411655426,0.0003,0.9959197640419006,27885,0.2,1732.55224609375,1000.0
512,1425408,696,2779,3.622426450252533,-5.984046888351441,0.33974609375,1.8573658466339111,-0.013962905691005289,0.03227004,0.35169172286987305,0.0003,0.995283305644989,27890,0.2,1727.5235595703125,1000.0
512,1427456,697,2783,3.609298026561737,-5.975157690048218,0.28662109375,1.8299527168273926,-0.018969237222336233,0.027599286,0.35153090953826904,0.0003,0.9942636489868164,27895,0.2,1727.5235595703125,1000.0
512,1429504,698,2786,3.0026676297187804,-5.971107244491577,0.27333984375,1.4651706218719482,-0.01296192214358598,0.025838746,0.351519376039505,0.0003,0.9943065643310547,27900,0.2,1727.5235595703125,1000.0
513,1431552,699,2790,4.159409940242767,-5.975604701042175,0.253515625,1.8610386848449707,-0.013138606178108603,0.029318668,0.35165679454803467,0.0003,0.9926367402076721,27905,0.2,1727.5235595703125,1000.0
512,1433600,700,2795,3.658495080471039,-5.98402693271637,0.33330078125,1.8484429121017456,-0.014406776754185557,0.028279465,0.35179445147514343,0.0003,0.9933511018753052,27910,0.2,1726.173583984375,1000.0
512,1435648,701,2799,4.35280190706253,-5.985232496261597,0.4052734375,2.2207932472229004,-0.0038690425222739576,0.045575596,0.351770281791687,0.0003,0.9837104082107544,27915,0.2,1726.173583984375,1000.0
512,1437696,702,2803,4.735590934753418,-5.986431503295899,0.3482421875,2.2960922718048096,-0.013976845052093267,0.05704046,0.3518765866756439,0.0003,0.952143132686615,27920,0.2,1726.173583984375,1000.0
512,1439744,703,2807,5.9896458148956295,-5.994218635559082,0.34462890625,2.6197500228881836,-0.011354799568653106,0.040471964,0.3521229028701782,0.0003,0.9430723190307617,27925,0.2,1726.173583984375,1000.0
512,1441792,704,2812,6.532093453407287,-6.000050520896911,0.34912109375,3.123135566711426,-0.012170603149570525,0.038410883,0.3519047498703003,0.0003,0.939241886138916,27930,0.2,1734.1778564453125,1000.0
512,1443840,705,2815,4.492380046844483,-5.986260986328125,0.35546875,2.1081643104553223,-0.011963043012656271,0.034561686,0.35160014033317566,0.0003,0.9951937198638916,27935,0.2,1734.1778564453125,1000.0
512,1445888,706,2819,5.0220260381698605,-5.981311941146851,0.2935546875,2.537531614303589,-0.00970036832150072,0.033888094,0.3517035245895386,0.0003,0.9946564435958862,27940,0.2,1734.1778564453125,1000.0
512,1447936,707,2823,5.526575946807862,-5.989414834976197,0.30869140625,2.6815176010131836,-0.015282746986486018,0.027149104,0.3517456650733948,0.0003,0.9945836067199707,27945,0.2,1734.1778564453125,1000.0
512,1449984,708,2827,4.170538902282715,-5.986747169494629,0.29765625,2.0362987518310547,-0.011743638222105801,0.021677189,0.35178235173225403,0.0003,0.9958965182304382,27950,0.2,1730.443115234375,1000.0
512,1452032,709,2831,4.551131343841552,-5.996689701080323,0.43681640625,1.821621060371399,-0.007741423416882753,0.078958064,0.3521490693092346,0.0003,0.9331871271133423,27955,0.2,1730.443115234375,1000.0
512,1454080,710,2835,3.531226325035095,-6.007174921035767,0.49931640625,1.7502175569534302,-0.0015383120160549879,0.089722626,0.35225510597229004,0.0003,0.8683794736862183,27960,0.2,1730.443115234375,1000.0
512,1456128,711,2841,6.434108829498291,-6.017425560951233,0.44208984375,3.0913307666778564,-0.0022521730046719314,0.056222927,0.3520679771900177,0.0003,0.8154585957527161,27965,0.2,1739.96484375,1000.0
512,1458176,712,2844,5.609458708763123,-6.0104865550994875,0.4103515625,2.799551248550415,-0.008301627612672747,0.045345016,0.3519256114959717,0.0003,0.9515438675880432,27970,0.2,1739.96484375,1000.0
512,1460224,713,2848,4.405816662311554,-6.004342079162598,0.37255859375,1.9537982940673828,-0.000478607602417469,0.032517992,0.35199934244155884,0.0003,0.9927526116371155,27975,0.2,1739.96484375,1000.0
512,1462272,714,2851,2.702992618083954,-6.012152814865113,0.2931640625,1.3137264251708984,-0.008946391218341888,0.026196584,0.3521098792552948,0.0003,0.9954387545585632,27980,0.2,1739.96484375,1000.0
512,1464320,715,2856,3.484321928024292,-6.014584255218506,0.333203125,1.5403612852096558,-0.011638786771800368,0.027518736,0.3520447611808777,0.0003,0.9939072132110596,27985,0.2,1735.9002685546875,1000.0
512,1466368,716,2860,4.29273111820221,-6.008927226066589,0.21484375,2.0272929668426514,-0.01856232825666666,0.019815445,0.35187065601348877,0.0003,0.9930804371833801,27990,0.2,1735.9002685546875,1000.0
512,1468416,717,2864,6.4763998031616214,-5.9978152990341185,0.4220703125,3.30631160736084,-0.0071373781189322475,0.054089423,0.35171136260032654,0.0003,0.9913515448570251,27995,0.2,1735.9002685546875,1000.0
512,1470464,718,2867,6.14790153503418,-5.986171889305115,0.4013671875,3.006769895553589,-0.0029861232032999396,0.038777076,0.3514629602432251,0.0003,0.9918102025985718,28000,0.2,1735.9002685546875,1000.0
512,1472512,719,2872,4.236316025257111,-5.969642329216003,0.31240234375,2.0654923915863037,-0.009720676019787789,0.024360932,0.3511911630630493,0.0003,0.9937014579772949,28005,0.2,1745.443115234375,1000.0
512,1474560,720,2876,4.182968723773956,-5.958517003059387,0.3279296875,1.8019202947616577,-0.017985688615590335,0.034302387,0.3510442078113556,0.0003,0.9947917461395264,28010,0.2,1745.443115234375,1000.0
512,1476608,721,2879,5.12176239490509,-5.953358817100525,0.27626953125,2.251396656036377,-0.016741116996854544,0.029638069,0.35099151730537415,0.0003,0.9914933443069458,28015,0.2,1745.443115234375,1000.0
512,1478656,722,2883,4.127879214286804,-5.951015996932983,0.23017578125,2.1100916862487793,-0.01321844367776066,0.022077857,0.35093677043914795,0.0003,0.9937773942947388,28020,0.2,1745.443115234375,1000.0
512,1480704,723,2888,3.659472680091858,-5.947398018836975,0.216015625,1.8641901016235352,-0.009840961988084018,0.01953035,0.35093843936920166,0.0003,0.9943860173225403,28025,0.2,1729.199951171875,1000.0
512,1482752,724,2892,4.258500719070435,-5.946676754951477,0.3484375,2.0259318351745605,-0.013663443143013865,0.041114703,0.3510283827781677,0.0003,0.9937468767166138,28030,0.2,1729.199951171875,1000.0
512,1484800,725,2896,4.185999846458435,-5.95138943195343,0.334375,1.9877283573150635,-0.014925281307660044,0.034768827,0.3511482775211334,0.0003,0.9937759041786194,28035,0.2,1729.199951171875,1000.0
512,1486848,726,2899,4.180306994915009,-5.957621502876282,0.41044921875,1.928547978401184,-0.007892699888907373,0.045739304,0.3512221872806549,0.0003,0.993765115737915,28040,0.2,1729.199951171875,1000.0
512,1488896,727,2905,2.9119136214256285,-5.954879379272461,0.30458984375,1.4796966314315796,-0.013720767153427006,0.027872056,0.35111796855926514,0.0003,0.9955313801765442,28045,0.2,1734.3460693359375,1000.0
512,1490944,728,2909,6.886272621154785,-5.952026629447937,0.36923828125,3.5032622814178467,-0.010287656518630683,0.033399213,0.35105589032173157,0.0003,0.9891790747642517,28050,0.2,1734.3460693359375,1000.0
512,1492992,729,2912,4.581425273418427,-5.9522011280059814,0.19853515625,2.3471553325653076,-0.010870489431545139,0.01790705,0.3510963022708893,0.0003,0.9922817349433899,28055,0.2,1734.3460693359375,1000.0
512,1495040,730,2916,2.855296814441681,-5.95642786026001,0.22548828125,1.308242917060852,-0.015381326177157461,0.02469326,0.35111308097839355,0.0003,0.9951023459434509,28060,0.2,1734.3460693359375,1000.0
512,1497088,731,2921,4.24743332862854,-5.956723165512085,0.3564453125,2.0714945793151855,-0.012505818996578455,0.033127405,0.3511144816875458,0.0003,0.992988109588623,28065,0.2,1740.7294921875,1000.0
512,1499136,732,2924,3.7338659882545473,-5.960929560661316,0.31796875,1.7144739627838135,-0.014833289990201592,0.02967348,0.3512149751186371,0.0003,0.9943543672561646,28070,0.2,1740.7294921875,1000.0
512,1501184,733,2928,3.495392346382141,-5.964256644248962,0.267578125,1.5992777347564697,-0.008931916835717858,0.0172993,0.35139235854148865,0.0003,0.9953281283378601,28075,0.2,1740.7294921875,1000.0
512,1503232,734,2932,4.016472101211548,-5.969072246551514,0.262890625,1.8657466173171997,-0.017859921837225557,0.026871925,0.35139885544776917,0.0003,0.9943628311157227,28080,0.2,1740.7294921875,1000.0
512,1505280,735,2937,2.7163245916366576,-5.969709324836731,0.4123046875,1.2601943016052246,-0.0039059649454429744,0.031960666,0.35147807002067566,0.0003,0.9962555766105652,28085,0.2,1739.64599609375,1000.0
512,1507328,736,2940,3.639062249660492,-5.974659538269043,0.30537109375,1.4305238723754883,-0.014142048545181751,0.043187916,0.3515929579734802,0.0003,0.9941180348396301,28090,0.2,1739.64599609375,1000.0
512,1509376,737,2944,3.937402641773224,-5.977098989486694,0.2833984375,2.1125247478485107,-0.004867618507705629,0.024395678,0.35156771540641785,0.0003,0.9921645522117615,28095,0.2,1739.64599609375,1000.0
512,1511424,738,2947,3.0949661135673523,-5.972451210021973,0.24306640625,1.426215648651123,-0.015836344193667175,0.026099116,0.35140401124954224,0.0003,0.9940207004547119,28100,0.2,1739.64599609375,1000.0
512,1513472,739,2952,3.5334507822990417,-5.965428829193115,0.3140625,1.7472918033599854,-0.012969787465408444,0.026092142,0.35124075412750244,0.0003,0.993266761302948,28105,0.2,1737.45263671875,1000.0
512,1515520,740,2956,3.623619866371155,-5.960332679748535,0.2611328125,1.8002090454101562,-0.015634907386265696,0.018709406,0.3511545956134796,0.0003,0.9938157796859741,28110,0.2,1737.45263671875,1000.0
512,1517568,741,2960,3.6109628677368164,-5.954872584342956,0.31455078125,1.576282024383545,-0.013765999884344637,0.02773432,0.35114362835884094,0.0003,0.994052529335022,28115,0.2,1737.45263671875,1000.0
512,1519616,742,2963,4.78031005859375,-5.950090622901916,0.3466796875,2.1276183128356934,-0.016399455373175442,0.027896851,0.35101187229156494,0.0003,0.9920957684516907,28120,0.2,1737.45263671875,1000.0
512,1521664,743,2969,4.100789225101471,-5.941637849807739,0.235546875,2.05277943611145,-0.014038129703840241,0.024742205,0.3509674072265625,0.0003,0.992812991142273,28125,0.2,1732.435302734375,1000.0
512,1523712,744,2973,3.9128027081489565,-5.939658188819886,0.32060546875,1.892837643623352,-0.022933670599013568,0.031337056,0.35085707902908325,0.0003,0.9903860092163086,28130,0.2,1732.435302734375,1000.0
512,1525760,745,2978,4.646443176269531,-5.931095743179322,0.3083984375,2.032707452774048,-0.017426854511722923,0.023257026,0.3507498502731323,0.0003,0.9860126972198486,28135,0.2,1732.435302734375,1000.0
512,1527808,746,2982,3.922702670097351,-5.921640992164612,0.28076171875,1.8647042512893677,-0.015590999566484243,0.029448308,0.3504825234413147,0.0003,0.9894380569458008,28140,0.2,1732.435302734375,1000.0
512,1529856,747,2987,3.9083586931228638,-5.9086812257766725,0.23193359375,2.1394824981689453,-0.015788753726519646,0.026155705,0.35024699568748474,0.0003,0.9897273778915405,28145,0.2,1750.79833984375,1000.0
511,1531904,748,2992,4.890109252929688,-5.898646092414856,0.37998046875,2.5888381004333496,-0.0062734750797972085,0.08366219,0.3501572012901306,0.0003,0.9629115462303162,28150,0.2,1750.79833984375,1000.0
511,1533952,749,2998,5.46733717918396,-5.895521712303162,0.466796875,2.60646653175354,-0.004237340134568513,0.06271081,0.3501514196395874,0.0003,0.9427698254585266,28155,0.2,1750.79833984375,1000.0
510,1536000,750,3007,4.557695078849792,-5.892716979980468,0.4494140625,2.163114547729492,-0.003653644281439483,0.046333395,0.3500177562236786,0.0003,0.9525372385978699,28160,0.2,1755.0814208984375,1000.0
510,1538048,751,3013,3.240451145172119,-5.8936392068862915,0.37861328125,1.5693703889846802,-0.007450900366529822,0.049125314,0.3500462472438812,0.0003,0.9674055576324463,28165,0.2,1755.0814208984375,1000.0
510,1540096,752,3018,5.7123414278030396,-5.900912976264953,0.4220703125,3.082434892654419,-0.008930112817324698,0.08136551,0.3502084016799927,0.0003,0.9732183814048767,28170,0.2,1755.0814208984375,1000.0
510,1542144,753,3023,6.39296145439148,-5.911505317687988,0.44755859375,3.0385377407073975,-0.01199819662142545,0.06285403,0.3504382371902466,0.0003,0.9675654768943787,28175,0.2,1755.0814208984375,1000.0
509,1544192,754,3029,4.9511985063552855,-5.919155597686768,0.4353515625,2.293814182281494,-0.010805276921018958,0.049856223,0.35033169388771057,0.0003,0.9753921031951904,28180,0.2,1756.6636962890625,1000.0
509,1546240,755,3033,5.017544984817505,-5.911583948135376,0.4212890625,2.3055567741394043,-0.005364771327003836,0.07709251,0.3501712679862976,0.0003,0.9802872538566589,28185,0.2,1756.6636962890625,1000.0
509,1548288,756,3037,4.149805891513824,-5.908135962486267,0.35390625,2.1498374938964844,-0.0005483215674757958,0.027431345,0.3501708507537842,0.0003,0.990522027015686,28190,0.2,1756.6636962890625,1000.0
509,1550336,757,3041,4.239178717136383,-5.909402465820312,0.29501953125,1.9797301292419434,-0.017352921329438685,0.024725877,0.350204735994339,0.0003,0.9898512959480286,28195,0.2,1756.6636962890625,1000.0
509,1552384,758,3046,3.2810957551002504,-5.9069091796875,0.2736328125,1.5431041717529297,-0.018408064171671866,0.027637463,0.350115031003952,0.0003,0.9919260144233704,28200,0.2,1756.0384521484375,1000.0
509,1554432,759,3050,4.341265344619751,-5.898038458824158,0.3134765625,1.999761700630188,-0.006249683001078666,0.038368955,0.34985780715942383,0.0003,0.990680992603302,28205,0.2,1756.0384521484375,1000.0
509,1556480,760,3054,3.4708461999893188,-5.890183734893799,0.303515625,1.576888084411621,-0.013000748842023313,0.029394777,0.3498300611972809,0.0003,0.9947412014007568,28210,0.2,1756.0384521484375,1000.0
509,1558528,761,3058,3.026547574996948,-5.889966320991516,0.34375,1.5880153179168701,-0.013193271891213953,0.03935157,0.34973588585853577,0.0003,0.9952231049537659,28215,0.2,1756.0384521484375,1000.0
509,1560576,762,3063,4.324971604347229,-5.884136486053467,0.30859375,2.0299177169799805,-0.015123536624014378,0.031347465,0.34959539771080017,0.0003,0.993035078048706,28220,0.2,1740.8214111328125,1000.0
509,1562624,763,3068,3.856181573867798,-5.874482035636902,0.2814453125,1.7254799604415894,-0.013369103986769914,0.021255461,0.34933215379714966,0.0003,0.9943336844444275,28225,0.2,1740.8214111328125,1000.0
509,1564672,764,3072,3.697522687911987,-5.859332537651062,0.441796875,1.7383049726486206,-2.459182869642973e-05,0.0692697,0.3490510880947113,0.0003,0.9957844614982605,28230,0.2,1740.8214111328125,1000.0
509,1566720,765,3076,5.250098252296448,-5.854749536514282,0.4263671875,2.5886261463165283,-0.0031448734574951232,0.06077665,0.3490782380104065,0.0003,0.9938024282455444,28235,0.2,1740.8214111328125,1000.0
509,1568768,766,3081,4.67376594543457,-5.85587854385376,0.346484375,2.4901604652404785,-0.010406207805499435,0.044081174,0.3490612804889679,0.0003,0.9943610429763794,28240,0.2,1745.822021484375,1000.0
509,1570816,767,3085,5.1140371799469,-5.852547264099121,0.30068359375,2.5648882389068604,-0.009752058796584607,0.025216343,0.3489348590373993,0.0003,0.9936894774436951,28245,0.2,1745.822021484375,1000.0
509,1572864,768,3089,3.232972526550293,-5.846709036827088,0.3212890625,1.492686152458191,-0.007751283957622946,0.043709654,0.3488997220993042,0.0003,0.9950171709060669,28250,0.2,1745.822021484375,1000.0
509,1574912,769,3093,3.3721230745315554,-5.846535563468933,0.33720703125,1.5472286939620972,-0.012220169580541552,0.026941884,0.34891289472579956,0.0003,0.994735062122345,28255,0.2,1745.822021484375,1000.0
508,1576960,770,3099,3.587570309638977,-5.844476890563965,0.26064453125,1.6671428680419922,-0.01159321954473853,0.027573789,0.34880349040031433,0.0003,0.9945166110992432,28260,0.2,1742.4564208984375,1000.0
508,1579008,771,3103,3.503736424446106,-5.84002194404602,0.34267578125,1.6577982902526855,-0.016186231281608343,0.03065744,0.3488321602344513,0.0003,0.9944002628326416,28265,0.2,1742.4564208984375,1000.0
508,1581056,772,3107,3.403876805305481,-5.842345547676087,0.38828125,1.668502688407898,-0.0027210825122892857,0.036236558,0.348917692899704,0.0003,0.9936457872390747,28270,0.2,1742.4564208984375,1000.0
508,1583104,773,3111,3.737861394882202,-5.844917583465576,0.356640625,1.6359602212905884,-0.01533483982202597,0.042379268,0.3490152359008789,0.0003,0.9928911328315735,28275,0.2,1742.4564208984375,1000.0
508,1585152,774,3116,2.4526901960372927,-5.848205876350403,0.32314453125,1.2660280466079712,-0.010877768718637526,0.027305681,0.34913864731788635,0.0003,0.9953278303146362,28280,0.2,1737.596435546875,1000.0
508,1587200,775,3120,5.1540529251098635,-5.853115487098694,0.291015625,2.3741633892059326,-0.019080967432819305,0.029869728,0.3491819202899933,0.0003,0.9866060018539429,28285,0.2,1737.596435546875,1000.0
508,1589248,776,3124,5.26270821094513,-5.851366591453552,0.5060546875,2.7932045459747314,0.00966149871237576,0.054309733,0.3490334749221802,0.0003,0.9649449586868286,28290,0.2,1737.596435546875,1000.0
508,1591296,777,3128,4.358950138092041,-5.839922761917114,0.416796875,2.171428680419922,0.0029959046747535466,0.052762877,0.34867212176322937,0.0003,0.972862958908081,28295,0.2,1737.596435546875,1000.0
508,1593344,778,3133,8.463469409942627,-5.817520093917847,0.40517578125,3.832159996032715,-0.008900545409414918,0.03774578,0.34814655780792236,0.0003,0.9433432221412659,28300,0.2,1752.8487548828125,1000.0
508,1595392,779,3137,3.404153287410736,-5.7977605104446415,0.4396484375,1.8694301843643188,-0.0038865764392539857,0.07549093,0.34801986813545227,0.0003,0.9902428984642029,28305,0.2,1752.8487548828125,1000.0
508,1597440,780,3141,4.9041975975036625,-5.794566106796265,0.23056640625,2.2655162811279297,-0.015672143758274616,0.022047337,0.3480745553970337,0.0003,0.9869941473007202,28310,0.2,1752.8487548828125,1000.0
508,1599488,781,3145,4.836421084403992,-5.797667241096496,0.31015625,2.4862661361694336,-0.01705966906156391,0.022620235,0.3481350541114807,0.0003,0.9877524971961975,28315,0.2,1752.8487548828125,1000.0
508,1601536,782,3150,4.49476854801178,-5.8019291162490845,0.30244140625,2.2404985427856445,-0.021951408265158533,0.039277434,0.34827613830566406,0.0003,0.9878720641136169,28320,0.2,1754.4417724609375,1000.0
508,1603584,783,3155,3.391614484786987,-5.803810238838196,0.22626953125,1.6618038415908813,-0.016165651229675858,0.028105948,0.34820371866226196,0.0003,0.9949440956115723,28325,0.2,1754.4417724609375,1000.0
508,1605632,784,3160,3.6645038604736326,-5.801959562301636,0.24306640625,1.7740790843963623,-0.014201203366974368,0.02596806,0.3482496440410614,0.0003,0.9951450228691101,28330,0.2,1754.4417724609375,1000.0
508,1607680,785,3164,3.6260976910591127,-5.80642340183258,0.31533203125,1.6397136449813843,-0.008187630493193866,0.027450264,0.3483288586139679,0.0003,0.9955294132232666,28335,0.2,1754.4417724609375,1000.0
507,1609728,786,3170,5.418668532371521,-5.805800890922546,0.2248046875,2.600154161453247,-0.012921556015498936,0.021089809,0.3482246994972229,0.0003,0.992422878742218,28340,0.2,1753.1016845703125,1000.0
507,1611776,787,3173,4.122130930423737,-5.797879099845886,0.25048828125,1.747539758682251,-0.017826719861477613,0.021484617,0.3480958044528961,0.0003,0.992751955986023,28345,0.2,1753.1016845703125,1000.0
507,1613824,788,3177,4.332716655731201,-5.790841078758239,0.3841796875,2.1760780811309814,-0.004150657099671662,0.04003212,0.34790658950805664,0.0003,0.9899827837944031,28350,0.2,1753.1016845703125,1000.0
507,1615872,789,3181,5.643242502212525,-5.786886668205261,0.34375,2.438300371170044,-0.006133552663959563,0.02672156,0.3479408323764801,0.0003,0.9869483113288879,28355,0.2,1753.1016845703125,1000.0
507,1617920,790,3187,6.735463714599609,-5.787094593048096,0.3294921875,3.0181596279144287,-0.014507136843167245,0.039866477,0.3478100597858429,0.0003,0.983573853969574,28360,0.2,1766.319091796875,1000.0
507,1619968,791,3191,4.166573703289032,-5.781042766571045,0.3158203125,1.746479868888855,-0.011018401198089122,0.023684416,0.34772542119026184,0.0003,0.9901101589202881,28365,0.2,1766.319091796875,1000.0
507,1622016,792,3196,4.243411815166473,-5.777850413322449,0.28623046875,2.0302176475524902,-0.012912471673917025,0.037143093,0.3477318286895752,0.0003,0.9895920753479004,28370,0.2,1766.319091796875,1000.0
507,1624064,793,3202,7.924581241607666,-5.778375768661499,0.3404296875,4.165805816650391,-0.005918262619525194,0.0305515,0.34781426191329956,0.0003,0.9818450212478638,28375,0.2,1767.59765625,1000.0
507,1626112,794,3206,5.379649043083191,-5.777759408950805,0.38740234375,2.6943771839141846,-0.005107245896942914,0.070271015,0.3477678596973419,0.0003,0.9883103370666504,28380,0.2,1767.59765625,1000.0
507,1628160,795,3210,3.328062117099762,-5.7747985363006595,0.32919921875,1.7053977251052856,-0.012703860097099095,0.027440477,0.3478463292121887,0.0003,0.991672694683075,28385,0.2,1767.59765625,1000.0
507,1630208,796,3214,4.185806119441986,-5.773964834213257,0.239453125,2.252138614654541,-0.016417027404531836,0.023782678,0.34780362248420715,0.0003,0.9891843199729919,28390,0.2,1767.59765625,1000.0
507,1632256,797,3219,4.403674590587616,-5.769249606132507,0.3025390625,1.9728366136550903,-0.013082168670371175,0.024053143,0.34767448902130127,0.0003,0.9890663623809814,28395,0.2,1754.8179931640625,1000.0
507,1634304,798,3223,2.756271779537201,-5.767043614387513,0.1986328125,1.1134912967681885,-0.01603385116904974,0.017348388,0.34770259261131287,0.0003,0.9938571453094482,28400,0.2,1754.8179931640625,1000.0
507,1636352,799,3226,5.298600530624389,-5.762954258918763,0.2755859375,2.319483995437622,-0.015164101170375944,0.027141446,0.3475349545478821,0.0003,0.9914484024047852,28405,0.2,1754.8179931640625,1000.0
507,1638400,800,3230,5.505711913108826,-5.753534555435181,0.33759765625,2.71399188041687,-0.017449279129505158,0.034189,0.3475250005722046,0.0003,0.9905176758766174,28410,0.2,1754.8179931640625,1000.0
506,1640448,801,3236,4.360549116134644,-5.755236291885376,0.31171875,2.0739080905914307,-0.009507450717501342,0.034166362,0.3476700186729431,0.0003,0.9932224750518799,28415,0.2,1740.4197998046875,1000.0
506,1642496,802,3240,5.259266757965088,-5.759966945648193,0.41826171875,2.824418067932129,-0.007865370670333504,0.06578797,0.34775030612945557,0.0003,0.9919046759605408,28420,0.2,1740.4197998046875,1000.0
506,1644544,803,3243,2.7648036241531373,-5.758376836776733,0.28916015625,1.1709970235824585,-0.01389827923849225,0.027082179,0.34760168194770813,0.0003,0.995143473148346,28425,0.2,1740.4197998046875,1000.0
506,1646592,804,3248,3.489431083202362,-5.752107906341553,0.27861328125,1.6354007720947266,-0.013680915825534611,0.031807497,0.34766316413879395,0.0003,0.9940071105957031,28430,0.2,1740.4197998046875,1000.0
506,1648640,805,3253,3.253939688205719,-5.755110216140747,0.27119140625,1.4056823253631592,-0.014776530535891652,0.028403647,0.34763962030410767,0.0003,0.9945462942123413,28435,0.2,1731.716064453125,1000.0
506,1650688,806,3257,4.938306570053101,-5.750435614585877,0.26064453125,2.834883451461792,-0.015494044544175268,0.025989102,0.34753942489624023,0.0003,0.9907923340797424,28440,0.2,1731.716064453125,1000.0
506,1652736,807,3261,5.624935436248779,-5.747249794006348,0.20419921875,2.7294962406158447,-0.013924217014573515,0.020063736,0.34757766127586365,0.0003,0.9885383248329163,28445,0.2,1731.716064453125,1000.0
506,1654784,808,3265,4.812753415107727,-5.746675562858582,0.32744140625,2.42221999168396,-0.008859095349907874,0.041853704,0.3475131392478943,0.0003,0.9894692897796631,28450,0.2,1731.716064453125,1000.0
506,1656832,809,3270,4.594300270080566,-5.738896369934082,0.32314453125,2.144632577896118,-0.010991177754476666,0.06851011,0.34735435247421265,0.0003,0.9888182878494263,28455,0.2,1731.635498046875,1000.0
506,1658880,810,3274,4.5158342838287355,-5.7247549295425415,0.33271484375,2.388805627822876,-0.01464651278220117,0.059221532,0.34716150164604187,0.0003,0.9872094392776489,28460,0.2,1731.635498046875,1000.0
506,1660928,811,3278,5.384646368026734,-5.717145299911499,0.35478515625,2.2447409629821777,-0.008390789735130966,0.053446215,0.3472098112106323,0.0003,0.9609972238540649,28465,0.2,1731.635498046875,1000.0
506,1662976,812,3282,3.655418062210083,-5.718531918525696,0.37939453125,1.9103881120681763,-0.003034556983038783,0.062365875,0.347181499004364,0.0003,0.9710354208946228,28470,0.2,1731.635498046875,1000.0
506,1665024,813,3287,3.48904789686203,-5.7204471826553345,0.39462890625,1.8106061220169067,-0.019235131761524825,0.047068335,0.3473207354545593,0.0003,0.97407466173172,28475,0.2,1736.932861328125,1000.0
506,1667072,814,3290,4.119497585296631,-5.721762752532959,0.3744140625,1.9008177518844604,-0.011070088244741783,0.06408105,0.34719812870025635,0.0003,0.9559158682823181,28480,0.2,1736.932861328125,1000.0
506,1669120,815,3294,4.844067478179932,-5.708938622474671,0.36171875,2.443878412246704,-0.009977359417825937,0.036101144,0.3468574285507202,0.0003,0.8972508311271667,28485,0.2,1736.932861328125,1000.0
506,1671168,816,3299,4.0643270254135135,-5.69447648525238,0.43974609375,2.033905029296875,-0.007542381109669804,0.08066121,0.34663307666778564,0.0003,0.9176070094108582,28490,0.2,1736.932861328125,1000.0
506,1673216,817,3304,4.680485939979553,-5.692997789382934,0.41611328125,2.3567776679992676,-0.001738786930218339,0.07340914,0.3465907573699951,0.0003,0.9047022461891174,28495,0.2,1759.5843505859375,1000.0
506,1675264,818,3308,4.551265907287598,-5.6946416139602665,0.4634765625,2.5897393226623535,-0.0014746313681825995,0.054269925,0.34661972522735596,0.0003,0.982660174369812,28500,0.2,1759.5843505859375,1000.0
506,1677312,819,3312,5.59144959449768,-5.695235848426819,0.33525390625,2.424607276916504,-0.013110833475366235,0.030555137,0.3465302288532257,0.0003,0.9842867255210876,28505,0.2,1759.5843505859375,1000.0
506,1679360,820,3316,4.671842455863953,-5.686263227462769,0.36455078125,2.2289042472839355,-0.012471894919872283,0.04253421,0.34632232785224915,0.0003,0.9874088764190674,28510,0.2,1759.5843505859375,1000.0
506,1681408,821,3321,4.710856223106385,-5.686163282394409,0.33681640625,2.496701955795288,-0.012548215372953564,0.029392393,0.3464074730873108,0.0003,0.987948477268219,28515,0.2,1761.5714111328125,1000.0
506,1683456,822,3325,3.1023200392723083,-5.692748761177063,0.2306640625,1.5032552480697632,-0.01331321308389306,0.02081626,0.3465355932712555,0.0003,0.9949952960014343,28520,0.2,1761.5714111328125,1000.0
506,1685504,823,3329,2.676717460155487,-5.695419096946717,0.2248046875,1.2176722288131714,-0.016530895815230907,0.028539725,0.34654009342193604,0.0003,0.9949430227279663,28525,0.2,1761.5714111328125,1000.0
506,1687552,824,3333,3.2985560655593873,-5.694330644607544,0.2189453125,1.6611123085021973,-0.015866428334265947,0.024429582,0.34652766585350037,0.0003,0.993277370929718,28530,0.2,1761.5714111328125,1000.0
505,1689600,825,3339,1.9552079379558562,-5.694908595085144,0.28037109375,1.032050371170044,-0.013107274961657821,0.03119858,0.346601665019989,0.0003,0.9961726069450378,28535,0.2,1745.40185546875,1000.0
505,1691648,826,3344,3.7802099108695986,-5.697216796875,0.25166015625,1.7583718299865723,-0.01478861696086824,0.028968949,0.34660613536834717,0.0003,0.9919736981391907,28540,0.2,1745.40185546875,1000.0
505,1693696,827,3348,3.2182456970214846,-5.697943758964539,0.35029296875,1.467185616493225,-0.010006835078820586,0.030197393,0.3466850817203522,0.0003,0.9924931526184082,28545,0.2,1745.40185546875,1000.0
505,1695744,828,3351,5.404093980789185,-5.704854154586792,0.24228515625,2.75675106048584,-0.01726533337496221,0.020994946,0.34681981801986694,0.0003,0.9868727326393127,28550,0.2,1745.40185546875,1000.0
505,1697792,829,3356,3.0643231511116027,-5.704522967338562,0.20654296875,1.4034217596054077,-0.01616754273418337,0.019100916,0.34658539295196533,0.0003,0.9927089214324951,28555,0.2,1739.2891845703125,1000.0
505,1699840,830,3360,4.431201219558716,-5.692669343948364,0.2771484375,2.1699514389038086,-0.013251588540151715,0.035752222,0.34658291935920715,0.0003,0.9838013052940369,28560,0.2,1739.2891845703125,1000.0
505,1701888,831,3364,3.754340720176697,-5.699310278892517,0.2736328125,1.845019817352295,-0.011209714598953724,0.028210696,0.34662961959838867,0.0003,0.9835965037345886,28565,0.2,1739.2891845703125,1000.0
505,1703936,832,3369,4.351184844970703,-5.6975547790527346,0.3880859375,1.9557971954345703,0.0013571655144914985,0.04048326,0.34645140171051025,0.0003,0.9815199971199036,28570,0.2,1739.2891845703125,1000.0
505,1705984,833,3374,4.712486362457275,-5.695923662185669,0.35556640625,2.299758195877075,-0.00868665638845414,0.051377244,0.34648025035858154,0.0003,0.9779568910598755,28575,0.2,1747.3856201171875,1000.0
505,1708032,834,3378,3.721909725666046,-5.701440834999085,0.35341796875,1.8347413539886475,-0.009579101298004388,0.049185432,0.3464561104774475,0.0003,0.9721532464027405,28580,0.2,1747.3856201171875,1000.0
505,1710080,835,3382,3.9680455684661866,-5.705208659172058,0.3720703125,1.8577708005905151,-0.01188989516813308,0.034296505,0.34670376777648926,0.0003,0.9692973494529724,28585,0.2,1747.3856201171875,1000.0
505,1712128,836,3387,3.855699133872986,-5.715971040725708,0.4001953125,2.020981788635254,-0.0033338663168251516,0.064898185,0.3467465043067932,0.0003,0.971685528755188,28590,0.2,1744.6064453125,1000.0
505,1714176,837,3391,4.166611313819885,-5.718703436851501,0.38095703125,1.9968512058258057,-0.010306580271571875,0.032952987,0.3468567430973053,0.0003,0.9729582071304321,28595,0.2,1744.6064453125,1000.0
505,1716224,838,3394,3.3610570073127746,-5.721029806137085,0.30859375,1.5182571411132812,-0.017853053752332926,0.03275624,0.3466901481151581,0.0003,0.9872217178344727,28600,0.2,1744.6064453125,1000.0
505,1718272,839,3398,3.966824507713318,-5.711419725418091,0.50380859375,1.7391427755355835,0.006233545811846852,0.06398051,0.3465630114078522,0.0003,0.9856586456298828,28605,0.2,1744.6064453125,1000.0
505,1720320,840,3404,4.588221335411072,-5.702545094490051,0.48427734375,2.19675874710083,0.004910950595512986,0.1009288,0.3463411331176758,0.0003,0.9840272068977356,28610,0.2,1751.7025146484375,1000.0
505,1722368,841,3407,5.0673047542572025,-5.69426155090332,0.43134765625,2.3994221687316895,-0.002778098452836275,0.053190976,0.34634295105934143,0.0003,0.9825378060340881,28615,0.2,1751.7025146484375,1000.0
505,1724416,842,3411,4.5059123754501345,-5.697937059402466,0.30703125,2.065110683441162,-0.017128652916289865,0.031476457,0.3465014696121216,0.0003,0.9838622212409973,28620,0.2,1751.7025146484375,1000.0
505,1726464,843,3415,3.5173683404922484,-5.703535556793213,0.34296875,1.744610071182251,-0.013060592662077397,0.03862546,0.34649112820625305,0.0003,0.9876141548156738,28625,0.2,1751.7025146484375,1000.0
505,1728512,844,3420,4.7097561120986935,-5.695924973487854,0.31748046875,2.3312532901763916,-0.00931396591477096,0.035279907,0.34619346261024475,0.0003,0.9836633205413818,28630,0.2,1757.7667236328125,1000.0
505,1730560,845,3424,6.0346263408660885,-5.673492407798767,0.3353515625,2.998166561126709,-0.012477030255831778,0.03784049,0.3457469344139099,0.0003,0.986232578754425,28635,0.2,1757.7667236328125,1000.0
505,1732608,846,3428,5.360475325584412,-5.658117485046387,0.384765625,2.3877274990081787,-0.007204887084662914,0.039754137,0.34562233090400696,0.0003,0.9928368330001831,28640,0.2,1757.7667236328125,1000.0
505,1734656,847,3432,3.5341971278190614,-5.657168126106262,0.24833984375,1.699255108833313,-0.019134214497171342,0.024863478,0.34560713171958923,0.0003,0.9951503872871399,28645,0.2,1757.7667236328125,1000.0
505,1736704,848,3437,4.1408123254776,-5.659187960624695,0.35546875,1.9182875156402588,-0.014920850866474211,0.038541127,0.34556257724761963,0.0003,0.9941779971122742,28650,0.2,1756.043701171875,1000.0
505,1738752,849,3441,4.714160776138305,-5.658902835845947,0.4189453125,2.329739809036255,-0.007232360262423754,0.057799764,0.3455120027065277,0.0003,0.9929774403572083,28655,0.2,1756.043701171875,1000.0
505,1740800,850,3444,3.5342806220054626,-5.659811687469483,0.28056640625,1.5352492332458496,-0.008736405381932854,0.020813145,0.34555068612098694,0.0003,0.9931973814964294,28660,0.2,1756.043701171875,1000.0
505,1742848,851,3448,4.622403132915497,-5.661067461967468,0.298046875,2.239628314971924,-0.01612395338015631,0.03106697,0.3455609381198883,0.0003,0.9905111193656921,28665,0.2,1756.043701171875,1000.0
505,1744896,852,3453,2.6731944561004637,-5.662886643409729,0.21015625,1.2734898328781128,-0.012116209790110587,0.036626138,0.3456897735595703,0.0003,0.994428813457489,28670,0.2,1748.014404296875,1000.0
505,1746944,853,3457,4.446188163757324,-5.671685004234314,0.34638671875,2.2377243041992188,-0.0071904300362803045,0.037188116,0.3458249866962433,0.0003,0.9907310605049133,28675,0.2,1748.014404296875,1000.0
505,1748992,854,3460,5.247071886062622,-5.676530838012695,0.26171875,2.7557008266448975,-0.011521276435814798,0.018731212,0.3458556532859802,0.0003,0.9894353151321411,28680,0.2,1748.014404296875,1000.0
505,1751040,855,3464,2.8468868255615236,-5.675921177864074,0.22197265625,1.3968256711959839,-0.015776383550837637,0.023330793,0.34575992822647095,0.0003,0.9938746690750122,28685,0.2,1748.014404296875,1000.0
505,1753088,856,3469,2.7609252333641052,-5.6699429750442505,0.21767578125,1.2170357704162598,-0.014574520289897919,0.019081179,0.3457041382789612,0.0003,0.9943017363548279,28690,0.2,1750.9005126953125,1000.0
505,1755136,857,3473,4.217567873001099,-5.665523600578308,0.28740234375,2.0622947216033936,-0.013560805597808211,0.031444035,0.3455987274646759,0.0003,0.9928731918334961,28695,0.2,1750.9005126953125,1000.0
505,1757184,858,3476,5.619201636314392,-5.659588813781738,0.31044921875,2.639127492904663,-0.015976573119405656,0.036256664,0.3454379737377167,0.0003,0.9914082884788513,28700,0.2,1750.9005126953125,1000.0
505,1759232,859,3480,5.270460438728333,-5.654525971412658,0.2291015625,2.4030187129974365,-0.016643862100318076,0.02243814,0.34517011046409607,0.0003,0.9913462400436401,28705,0.2,1750.9005126953125,1000.0
505,1761280,860,3485,4.078328418731689,-5.6441507816314695,0.292578125,1.9594793319702148,-0.014624341833405196,0.025069738,0.34495511651039124,0.0003,0.9933165907859802,28710,0.2,1740.4686279296875,1000.0
505,1763328,861,3489,4.5781883835792545,-5.639741706848144,0.28017578125,2.154982805252075,-0.014702736306935549,0.022808304,0.3449074625968933,0.0003,0.9914437532424927,28715,0.2,1740.4686279296875,1000.0
505,1765376,862,3492,4.19176322221756,-5.638742971420288,0.3921875,2.054262161254883,-0.014440586627461015,0.040505268,0.3448113203048706,0.0003,0.9921895265579224,28720,0.2,1740.4686279296875,1000.0
505,1767424,863,3497,4.954343831539154,-5.636058282852173,0.3052734375,1.8950144052505493,-0.017119483961141668,0.023866659,0.3447853624820709,0.0003,0.9907534718513489,28725,0.2,1740.4686279296875,1000.0
505,1769472,864,3502,3.825753700733185,-5.641518759727478,0.29462890625,1.7651352882385254,-0.01568378370720893,0.026335564,0.34494102001190186,0.0003,0.9935380220413208,28730,0.2,1730.85693359375,1000.0
505,1771520,865,3506,4.066893744468689,-5.6477038860321045,0.3142578125,2.0383400917053223,-0.014026024844497442,0.032318115,0.3450064957141876,0.0003,0.9930790662765503,28735,0.2,1730.85693359375,1000.0
505,1773568,866,3509,4.533434867858887,-5.651787257194519,0.31796875,2.4533586502075195,-0.020654451177688316,0.031238262,0.3451719880104065,0.0003,0.9923993945121765,28740,0.2,1730.85693359375,1000.0
505,1775616,867,3513,4.2844154834747314,-5.654867243766785,0.36865234375,2.282320976257324,-0.017631892277859152,0.042394783,0.34509965777397156,0.0003,0.992518961429596,28745,0.2,1730.85693359375,1000.0
505,1777664,868,3518,3.7144124269485475,-5.648152709007263,0.2833984375,1.6897369623184204,-0.01931755368132144,0.025042372,0.3450181782245636,0.0003,0.9937936663627625,28750,0.2,1724.47265625,1000.0
505,1779712,869,3522,2.819280540943146,-5.641964936256409,0.41640625,1.2441024780273438,0.0034468058380298316,0.03668184,0.34490782022476196,0.0003,0.9959107637405396,28755,0.2,1724.47265625,1000.0
505,1781760,870,3526,3.4844162464141846,-5.640682291984558,0.309765625,1.8293482065200806,-0.017095864727161826,0.034035802,0.34495824575424194,0.0003,0.9940945506095886,28760,0.2,1724.47265625,1000.0
505,1783808,871,3530,5.414745187759399,-5.646317839622498,0.29990234375,2.4689626693725586,-0.014097362785832956,0.028964484,0.34496331214904785,0.0003,0.9909303188323975,28765,0.2,1724.47265625,1000.0
505,1785856,872,3534,3.1356995701789856,-5.647114419937134,0.30625,1.436763882637024,-0.011967100203037262,0.03353393,0.3449583053588867,0.0003,0.9947782158851624,28770,0.2,1719.8555908203125,1000.0
505,1787904,873,3538,4.660132122039795,-5.650803446769714,0.37880859375,2.255164384841919,-0.008138154656626284,0.03141224,0.34503158926963806,0.0003,0.9932311177253723,28775,0.2,1719.8555908203125,1000.0
505,1789952,874,3542,3.758706831932068,-5.656184577941895,0.322265625,1.892345666885376,-0.016795844398438932,0.024968088,0.3451319634914398,0.0003,0.9945864677429199,28780,0.2,1719.8555908203125,1000.0
505,1792000,875,3547,3.318451702594757,-5.654416966438293,0.24267578125,1.6391746997833252,-0.010254539735615253,0.029345132,0.3449156880378723,0.0003,0.9949057102203369,28785,0.2,1725.0501708984375,1000.0
505,1794048,876,3551,4.306577289104462,-5.6388465642929075,0.2830078125,2.077152729034424,-0.013030088762752712,0.025601683,0.3446654677391052,0.0003,0.9937949776649475,28790,0.2,1725.0501708984375,1000.0
505,1796096,877,3555,5.9273210048675535,-5.63056788444519,0.40361328125,2.5481526851654053,-0.01180458654416725,0.047741875,0.34460991621017456,0.0003,0.989493191242218,28795,0.2,1725.0501708984375,1000.0
505,1798144,878,3559,5.7891425609588625,-5.629736876487732,0.33427734375,2.699199676513672,-0.017904415680095553,0.03626556,0.3446689248085022,0.0003,0.989530622959137,28800,0.2,1725.0501708984375,1000.0
504,1800192,879,3565,5.9998756647109985,-5.63025803565979,0.4078125,3.042834758758545,-0.006258113915100694,0.04839378,0.344747930765152,0.0003,0.9893031120300293,28805,0.2,1735.4541015625,1000.0
504,1802240,880,3569,5.19742603302002,-5.628573608398438,0.40888671875,2.2342159748077393,-0.003106244863010943,0.05041025,0.3446609675884247,0.0003,0.9907310605049133,28810,0.2,1735.4541015625,1000.0
504,1804288,881,3572,3.669087219238281,-5.62741539478302,0.30966796875,1.7453871965408325,-0.0051387441111728546,0.024634404,0.34461987018585205,0.0003,0.9930351972579956,28815,0.2,1735.4541015625,1000.0
505,1806336,882,3576,3.4948129415512086,-5.625920248031616,0.35947265625,1.7553194761276245,-0.005834137718193233,0.05088893,0.34462103247642517,0.0003,0.9939393401145935,28820,0.2,1735.4541015625,1000.0
504,1808384,883,3582,4.193062448501587,-5.627411627769471,0.2603515625,2.0918126106262207,-0.011291866190731525,0.020194432,0.3446468710899353,0.0003,0.9926998019218445,28825,0.2,1722.1964111328125,1000.0
504,1810432,884,3586,4.074734807014465,-5.631214618682861,0.34677734375,1.8714812994003296,-0.012730615236796439,0.0321775,0.34472548961639404,0.0003,0.9927701354026794,28830,0.2,1722.1964111328125,1000.0
504,1812480,885,3589,5.285096049308777,-5.631649613380432,0.2888671875,2.6264493465423584,-0.016297618113458156,0.027125401,0.34460538625717163,0.0003,0.9490665793418884,28835,0.2,1722.1964111328125,1000.0
504,1814528,886,3594,3.220928359031677,-5.626673150062561,0.38779296875,1.5304630994796753,-0.007801835425198078,0.04548305,0.3445991575717926,0.0003,0.9688386917114258,28840,0.2,1722.1964111328125,1000.0
504,1816576,887,3599,5.041743874549866,-5.626769423484802,0.33369140625,2.1774821281433105,-0.005898215109482408,0.023880068,0.34458935260772705,0.0003,0.9560036659240723,28845,0.2,1725.6895751953125,1000.0
504,1818624,888,3602,5.465081906318664,-5.6255754947662355,0.268359375,2.5814359188079834,-0.014905414381064474,0.026355986,0.3445279002189636,0.0003,0.978276789188385,28850,0.2,1725.6895751953125,1000.0
504,1820672,889,3607,4.4540633201599125,-5.621745562553405,0.2208984375,2.129314661026001,-0.013973644631914795,0.021989018,0.34442466497421265,0.0003,0.9919540882110596,28855,0.2,1725.6895751953125,1000.0
504,1822720,890,3611,3.669326066970825,-5.613559269905091,0.2888671875,1.5554717779159546,-0.016960519144777208,0.033825804,0.3442601263523102,0.0003,0.993106484413147,28860,0.2,1725.6895751953125,1000.0
504,1824768,891,3616,3.5016437411308288,-5.609640765190124,0.3130859375,1.7150212526321411,-0.017340043000876902,0.045156594,0.34426069259643555,0.0003,0.9928697347640991,28865,0.2,1712.5198974609375,1000.0
504,1826816,892,3619,3.6832107424736025,-5.61069130897522,0.3677734375,1.8847463130950928,-0.012125454610213637,0.038590927,0.3442899286746979,0.0003,0.9931240677833557,28870,0.2,1712.5198974609375,1000.0
504,1828864,893,3623,3.4604515433311462,-5.612768530845642,0.38232421875,1.3628145456314087,-0.0016872214851900934,0.06373415,0.34435293078422546,0.0003,0.9939756393432617,28875,0.2,1712.5198974609375,1000.0
504,1830912,894,3627,3.6011767268180845,-5.614892482757568,0.24287109375,1.5906530618667603,-0.013747192360460759,0.025188176,0.3442833721637726,0.0003,0.9936510324478149,28880,0.2,1712.5198974609375,1000.0
504,1832960,895,3632,3.2410627245903014,-5.612955236434937,0.2306640625,1.6135090589523315,-0.009873233514372259,0.03587679,0.3443049192428589,0.0003,0.994818389415741,28885,0.2,1705.2003173828125,1000.0
504,1835008,896,3636,3.4387035727500916,-5.615313982963562,0.27275390625,1.9161546230316162,-0.017601853760425,0.030875515,0.3443354368209839,0.0003,0.9950045943260193,28890,0.2,1705.2003173828125,1000.0
504,1837056,897,3640,5.3337527990341185,-5.613273310661316,0.40068359375,2.454613208770752,-0.00812912454130128,0.067228526,0.34416672587394714,0.0003,0.9931543469429016,28895,0.2,1705.2003173828125,1000.0
504,1839104,898,3644,4.96106915473938,-5.600924730300903,0.36142578125,2.6805593967437744,-0.01166912290500477,0.038215443,0.3440231680870056,0.0003,0.9932093620300293,28900,0.2,1705.2003173828125,1000.0
504,1841152,899,3649,3.9619121074676515,-5.597413778305054,0.32685546875,1.8546439409255981,-0.014000965957529843,0.029886775,0.34393107891082764,0.0003,0.9948124885559082,28905,0.2,1704.3443603515625,1000.0
504,1843200,900,3653,4.642540216445923,-5.592183375358582,0.24033203125,2.121210813522339,-0.011547591257840394,0.020832475,0.3438299298286438,0.0003,0.9925674796104431,28910,0.2,1704.3443603515625,1000.0
504,1845248,901,3657,4.133714020252228,-5.587491488456726,0.23486328125,1.7521594762802124,-0.014753545937128364,0.025135567,0.3437468409538269,0.0003,0.9923264980316162,28915,0.2,1704.3443603515625,1000.0
504,1847296,902,3661,3.7086930871009827,-5.584534096717834,0.23291015625,1.6939998865127563,-0.01114414535695687,0.01705495,0.343720942735672,0.0003,0.9929515719413757,28920,0.2,1704.3443603515625,1000.0
504,1849344,903,3666,2.996696138381958,-5.586342096328735,0.3345703125,1.4424195289611816,-0.016055582324042916,0.05297051,0.34387218952178955,0.0003,0.9942660331726074,28925,0.2,1709.564697265625,1000.0
504,1851392,904,3670,4.7243266105651855,-5.59715416431427,0.2802734375,2.2374351024627686,-0.01467381666880101,0.024847863,0.3441338837146759,0.0003,0.9899232983589172,28930,0.2,1709.564697265625,1000.0
504,1853440,905,3674,7.784649467468261,-5.613785219192505,0.3451171875,3.911057233810425,-0.013056515017524362,0.0479064,0.3445380926132202,0.0003,0.976327121257782,28935,0.2,1709.564697265625,1000.0
504,1855488,906,3677,5.323168230056763,-5.6281846284866335,0.3482421875,2.586425304412842,-0.008814608387183398,0.0739151,0.34459835290908813,0.0003,0.9829807281494141,28940,0.2,1709.564697265625,1000.0
504,1857536,907,3682,4.83925313949585,-5.624344420433045,0.40634765625,2.511575698852539,-0.010487413732334971,0.043102257,0.34448954463005066,0.0003,0.9849224090576172,28945,0.2,1731.5762939453125,1000.0
504,1859584,908,3686,3.375361967086792,-5.621757864952087,0.3787109375,1.6715435981750488,-0.0075394945917651056,0.058490433,0.3446222245693207,0.0003,0.976164698600769,28950,0.2,1731.5762939453125,1000.0
504,1861632,909,3690,4.552767562866211,-5.6349244832992555,0.39541015625,2.168926954269409,-0.00342038928065449,0.05109016,0.34499308466911316,0.0003,0.946790337562561,28955,0.2,1731.5762939453125,1000.0
504,1863680,910,3694,5.954914402961731,-5.650938677787781,0.42783203125,2.9593307971954346,-0.010664683312643319,0.06833702,0.34500735998153687,0.0003,0.938453197479248,28960,0.2,1731.5762939453125,1000.0
504,1865728,911,3699,4.930081462860107,-5.644250440597534,0.4353515625,2.23360538482666,-0.0005682046758010983,0.054497916,0.34495189785957336,0.0003,0.947235643863678,28965,0.2,1736.38671875,1000.0
504,1867776,912,3703,3.421337699890137,-5.642688417434693,0.28486328125,1.5188251733779907,-0.011822616145946086,0.028193913,0.3447808027267456,0.0003,0.993242084980011,28970,0.2,1736.38671875,1000.0
504,1869824,913,3707,3.0143040299415587,-5.6370436429977415,0.33037109375,1.4684311151504517,-0.005390661652199924,0.038116522,0.3447569012641907,0.0003,0.993864893913269,28975,0.2,1736.38671875,1000.0
504,1871872,914,3712,3.7751718759536743,-5.6354045391082765,0.2916015625,1.8616920709609985,-0.014755884162150323,0.02857469,0.34460508823394775,0.0003,0.9924792051315308,28980,0.2,1736.38671875,1000.0
503,1873920,915,3718,3.227617073059082,-5.628354573249817,0.26982421875,1.533902645111084,-0.012397307180799544,0.028829636,0.34443724155426025,0.0003,0.9935418963432312,28985,0.2,1736.4451904296875,1000.0
504,1875968,916,3721,3.2310540318489074,-5.621525120735169,0.27451171875,1.597116231918335,-0.02122836539056152,0.02926929,0.344289094209671,0.0003,0.993730366230011,28990,0.2,1736.4451904296875,1000.0
504,1878016,917,3726,5.172032523155212,-5.6128621101379395,0.2671875,2.4949378967285156,-0.011487675178796054,0.03504317,0.344115674495697,0.0003,0.9898042678833008,28995,0.2,1736.4451904296875,1000.0
503,1880064,918,3731,6.470485520362854,-5.609745502471924,0.32998046875,3.128737449645996,-0.018949151039123535,0.034211665,0.3441241979598999,0.0003,0.9873837232589722,29000,0.2,1736.3519287109375,1000.0
503,1882112,919,3735,4.398798477649689,-5.609242105484009,0.31318359375,1.9799953699111938,-0.014660285413265228,0.027554512,0.3438977003097534,0.0003,0.9921596646308899,29005,0.2,1736.3519287109375,1000.0
503,1884160,920,3739,3.465967869758606,-5.598760008811951,0.27138671875,2.0186984539031982,-0.013795622577890753,0.03490449,0.34380555152893066,0.0003,0.9946864247322083,29010,0.2,1736.3519287109375,1000.0
503,1886208,921,3743,2.513441503047943,-5.596297717094421,0.2591796875,1.1921396255493164,-0.018259886209852992,0.026000837,0.3438462018966675,0.0003,0.996269941329956,29015,0.2,1736.3519287109375,1000.0
503,1888256,922,3748,3.6322279930114747,-5.597001409530639,0.25029296875,1.7757577896118164,-0.01663691275753081,0.03271599,0.34388333559036255,0.0003,0.9944899678230286,29020,0.2,1726.1624755859375,1000.0
503,1890304,923,3752,3.973581314086914,-5.595509815216064,0.28681640625,1.9419418573379517,-0.007100926712155342,0.059002925,0.3438566029071808,0.0003,0.9940780401229858,29025,0.2,1726.1624755859375,1000.0
503,1892352,924,3755,4.934686017036438,-5.590894389152527,0.33671875,2.5827529430389404,-0.013993204711005092,0.03520464,0.3437107801437378,0.0003,0.9847428798675537,29030,0.2,1726.1624755859375,1000.0
503,1894400,925,3760,5.233032393455505,-5.583701848983765,0.327734375,2.4558589458465576,-0.015094452747143805,0.03406928,0.34346798062324524,0.0003,0.9826908707618713,29035,0.2,1726.1624755859375,1000.0
503,1896448,926,3766,3.7559979796409606,-5.570940589904785,0.3431640625,1.69189453125,-0.01599812435451895,0.033776592,0.34321048855781555,0.0003,0.9884650707244873,29040,0.2,1743.2587890625,1000.0
503,1898496,927,3769,4.310869669914245,-5.561846446990967,0.3181640625,2.05898118019104,-0.018559213308617473,0.028131157,0.3431866466999054,0.0003,0.9886364340782166,29045,0.2,1743.2587890625,1000.0
503,1900544,928,3773,3.0920716166496276,-5.562564754486084,0.27607421875,1.294458031654358,-0.007345442404039204,0.026728133,0.34315311908721924,0.0003,0.9915045499801636,29050,0.2,1743.2587890625,1000.0
503,1902592,929,3777,4.032997584342956,-5.557364082336425,0.29208984375,1.9437121152877808,-0.0212424507830292,0.026155964,0.3430074453353882,0.0003,0.9865858554840088,29055,0.2,1743.2587890625,1000.0
503,1904640,930,3782,2.966240108013153,-5.551910042762756,0.19912109375,1.3753608465194702,-0.015232939319685102,0.018805763,0.34297552704811096,0.0003,0.98982173204422,29060,0.2,1737.74365234375,1000.0
503,1906688,931,3786,2.5779441714286806,-5.5507999658584595,0.22626953125,1.0700936317443848,-0.014454250643029808,0.02617611,0.3428412675857544,0.0003,0.9915874600410461,29065,0.2,1737.74365234375,1000.0
503,1908736,932,3790,4.203163802623749,-5.5465973854064945,0.413671875,2.0795388221740723,-0.01247174320742488,0.046502348,0.34284135699272156,0.0003,0.9804089069366455,29070,0.2,1737.74365234375,1000.0
503,1910784,933,3794,4.025003886222839,-5.55359115600586,0.280859375,1.8642443418502808,-0.016154734778683632,0.023251336,0.3429258167743683,0.0003,0.9794175028800964,29075,0.2,1737.74365234375,1000.0
503,1912832,934,3800,7.443175148963928,-5.557904314994812,0.353125,3.409360885620117,-0.013186322234105319,0.03852255,0.3430161476135254,0.0003,0.9598426222801208,29080,0.2,1744.2276611328125,1000.0
503,1914880,935,3804,7.192677164077759,-5.561553812026977,0.36708984375,3.411334753036499,-0.012550340057350695,0.050690018,0.34313690662384033,0.0003,0.9788861274719238,29085,0.2,1744.2276611328125,1000.0
503,1916928,936,3808,4.125804936885833,-5.561558651924133,0.3009765625,2.13447904586792,-0.012825939315371215,0.028262107,0.34309855103492737,0.0003,0.9911563992500305,29090,0.2,1744.2276611328125,1000.0
503,1918976,937,3812,3.8108610033988954,-5.557357549667358,0.28857421875,1.8135324716567993,-0.010632162261754275,0.034432255,0.3431171774864197,0.0003,0.9916703701019287,29095,0.2,1744.2276611328125,1000.0
503,1921024,938,3818,2.931477999687195,-5.559446692466736,0.27265625,1.3318932056427002,-0.012095105578191578,0.023043608,0.3431616425514221,0.0003,0.9939482808113098,29100,0.2,1733.1893310546875,1000.0
502,1923072,939,3823,4.537976408004761,-5.557186198234558,0.2310546875,2.105722427368164,-0.01839608307927847,0.02117476,0.34303537011146545,0.0003,0.9935294985771179,29105,0.2,1733.1893310546875,1000.0
502,1925120,940,3828,6.503449130058288,-5.551638913154602,0.29833984375,2.9059653282165527,-0.016138799814507367,0.04184739,0.34299227595329285,0.0003,0.9918258190155029,29110,0.2,1733.1893310546875,1000.0
502,1927168,941,3833,3.7886892318725587,-5.552668738365173,0.26064453125,1.7913726568222046,-0.014789657527580857,0.030799171,0.3430843949317932,0.0003,0.9949193596839905,29115,0.2,1733.1893310546875,1000.0
502,1929216,942,3839,4.675741255283356,-5.557996368408203,0.330859375,1.922310471534729,-0.009555744135286658,0.040730752,0.34319284558296204,0.0003,0.9935872554779053,29120,0.2,1731.94189453125,1000.0
502,1931264,943,3843,4.0094879269599915,-5.561669874191284,0.43046875,1.8482770919799805,4.98330919072032e-05,0.065247595,0.3432469069957733,0.0003,0.9940643906593323,29125,0.2,1731.94189453125,1000.0
502,1933312,944,3849,3.662603235244751,-5.5603371381759645,0.2912109375,1.834309697151184,-0.0069213152048178015,0.02468927,0.3432559370994568,0.0003,0.9934577345848083,29130,0.2,1731.94189453125,1000.0
502,1935360,945,3854,3.4571845650672914,-5.562491798400879,0.284765625,1.523431420326233,-0.011684553045779467,0.04109302,0.3433174192905426,0.0003,0.9939607381820679,29135,0.2,1731.94189453125,1000.0
501,1937408,946,3860,5.4597522735595705,-5.566942119598389,0.5626953125,2.989302396774292,0.02160355794476345,0.113601714,0.3434111773967743,0.0003,0.9907312393188477,29140,0.2,1718.0137939453125,1000.0
501,1939456,947,3864,3.978830671310425,-5.567788147926331,0.3203125,2.0147407054901123,-0.012064954824745655,0.042248726,0.3433457911014557,0.0003,0.9936227202415466,29145,0.2,1718.0137939453125,1000.0
501,1941504,948,3868,4.867227935791016,-5.564135789871216,0.325,2.4503233432769775,-0.013421860779635609,0.03124501,0.34335243701934814,0.0003,0.9907128810882568,29150,0.2,1718.0137939453125,1000.0
501,1943552,949,3872,5.05718514919281,-5.56843478679657,0.295703125,2.080812931060791,-0.016469850880093874,0.03208937,0.34346267580986023,0.0003,0.9914180040359497,29155,0.2,1718.0137939453125,1000.0
501,1945600,950,3877,3.6558218359947205,-5.5782368898391725,0.3677734375,1.7044978141784668,-0.006864441675134003,0.054527175,0.34361129999160767,0.0003,0.9931998252868652,29160,0.2,1734.4141845703125,1000.0
501,1947648,951,3881,5.347041964530945,-5.589639663696289,0.4125,3.0863895416259766,-0.00992258668411523,0.04307618,0.3437255024909973,0.0003,0.9860518574714661,29165,0.2,1734.4141845703125,1000.0
501,1949696,952,3885,3.962916398048401,-5.591817927360535,0.31064453125,2.0455689430236816,-0.014630130375735462,0.033320166,0.34365442395210266,0.0003,0.9868220090866089,29170,0.2,1734.4141845703125,1000.0
501,1951744,953,3889,4.293324089050293,-5.5833720684051515,0.38154296875,1.7657392024993896,-0.009610097715631127,0.038630962,0.34338346123695374,0.0003,0.9867914915084839,29175,0.2,1734.4141845703125,1000.0
501,1953792,954,3895,3.653730261325836,-5.5745553255081175,0.31767578125,1.780316948890686,-0.014037364872638135,0.03439889,0.34325167536735535,0.0003,0.9888342618942261,29180,0.2,1736.9112548828125,1000.0
501,1955840,955,3899,5.815577483177185,-5.571222925186158,0.5345703125,2.8852264881134033,0.00225797031307593,0.07739879,0.34326162934303284,0.0003,0.9896132349967957,29185,0.2,1736.9112548828125,1000.0
501,1957888,956,3903,4.2175137281417845,-5.566938734054565,0.373828125,1.892372727394104,-0.014350456837564706,0.035398148,0.3430313169956207,0.0003,0.992449939250946,29190,0.2,1736.9112548828125,1000.0
501,1959936,957,3907,3.9461694836616514,-5.557689213752747,0.3734375,1.6238036155700684,-0.013463556754868478,0.04288698,0.3427698314189911,0.0003,0.9929155111312866,29195,0.2,1736.9112548828125,1000.0
501,1961984,958,3912,3.674977886676788,-5.544578599929809,0.40283203125,1.749701976776123,-0.009361349599203095,0.04868259,0.34235680103302,0.0003,0.9934926629066467,29200,0.2,1738.6583251953125,1000.0
501,1964032,959,3916,8.091230511665344,-5.535549759864807,0.3865234375,4.253901481628418,-0.0026814583223313095,0.034144357,0.34226158261299133,0.0003,0.9711748957633972,29205,0.2,1738.6583251953125,1000.0
501,1966080,960,3920,2.7703989028930662,-5.530452489852905,0.3583984375,1.3703925609588623,-0.015638995671179146,0.037203994,0.342121958732605,0.0003,0.9894056916236877,29210,0.2,1738.6583251953125,1000.0
501,1968128,961,3926,3.571913111209869,-5.524443173408509,0.25458984375,1.8251705169677734,-0.01397374072112143,0.023923412,0.34201717376708984,0.0003,0.9871223568916321,29215,0.2,1732.0184326171875,1000.0
501,1970176,962,3930,3.1112783312797547,-5.517848157882691,0.240234375,1.4064985513687134,-0.017511647404171528,0.021076407,0.3418193757534027,0.0003,0.989051878452301,29220,0.2,1732.0184326171875,1000.0
501,1972224,963,3934,4.0549574255943295,-5.5096508979797365,0.34150390625,2.025782823562622,-0.012784043280407786,0.044112746,0.3417647182941437,0.0003,0.9882492423057556,29225,0.2,1732.0184326171875,1000.0
501,1974272,964,3939,2.8352306485176086,-5.507151126861572,0.40283203125,1.3771071434020996,-0.011901852209120989,0.051932838,0.34168577194213867,0.0003,0.9913832545280457,29230,0.2,1732.0184326171875,1000.0
500,1976320,965,3945,4.267547154426575,-5.5086239099502565,0.27216796875,2.105471611022949,-0.015548350475728511,0.026107296,0.34172409772872925,0.0003,0.9877312183380127,29235,0.2,1745.5400390625,1000.0
500,1978368,966,3950,3.0824363946914675,-5.507350301742553,0.4578125,1.54840886592865,-0.012471461482346059,0.06804598,0.3415280878543854,0.0003,0.9916805624961853,29240,0.2,1745.5400390625,1000.0
500,1980416,967,3955,4.9227888822555546,-5.500722813606262,0.3720703125,2.301345109939575,-0.014177670213393867,0.036543727,0.3413897752761841,0.0003,0.9887681603431702,29245,0.2,1745.5400390625,1000.0
500,1982464,968,3959,5.879211783409119,-5.500454640388488,0.353515625,2.593106269836426,-0.01650362939108163,0.039220184,0.3415740728378296,0.0003,0.9855108261108398,29250,0.2,1745.5400390625,1000.0
500,1984512,969,3965,4.75768084526062,-5.507474303245544,0.4580078125,2.550325393676758,-0.0006844219984486699,0.07559057,0.3415594696998596,0.0003,0.9887822270393372,29255,0.2,1757.3358154296875,1000.0
500,1986560,970,3968,4.6023080229759215,-5.498266506195068,0.38544921875,2.0693397521972656,-0.008739091735333205,0.029288074,0.3413464426994324,0.0003,0.9928587079048157,29260,0.2,1757.3358154296875,1000.0
500,1988608,971,3972,3.4582213759422302,-5.489406132698059,0.26796875,1.6459767818450928,-0.01733177629066631,0.022432487,0.3413730263710022,0.0003,0.9952220320701599,29265,0.2,1757.3358154296875,1000.0
500,1990656,972,3976,3.2202845454216003,-5.493524527549743,0.21650390625,1.4075543880462646,-0.01950206890469417,0.020064881,0.34147384762763977,0.0003,0.9955283403396606,29270,0.2,1757.3358154296875,1000.0
500,1992704,973,3983,3.528980219364166,-5.49803466796875,0.34189453125,1.5382819175720215,-0.010862576402723789,0.03241935,0.3416554033756256,0.0003,0.9951285719871521,29275,0.2,1740.8770751953125,1000.0
500,1994752,974,3986,3.536524403095245,-5.5060485124588014,0.3111328125,1.5907093286514282,-0.007402552897110582,0.04517705,0.34174737334251404,0.0003,0.9950699210166931,29280,0.2,1740.8770751953125,1000.0
500,1996800,975,3990,4.956697416305542,-5.509481382369995,0.274609375,2.2993898391723633,-0.011451935744844377,0.024070686,0.3417876958847046,0.0003,0.9932341575622559,29285,0.2,1740.8770751953125,1000.0
500,1998848,976,3994,3.7220109701156616,-5.51040415763855,0.21181640625,1.8311939239501953,-0.017939060623757542,0.021235405,0.34171247482299805,0.0003,0.9946263432502747,29290,0.2,1740.8770751953125,1000.0
500,2000896,977,3999,2.2352627992630003,-5.505861973762512,0.21357421875,0.956824779510498,-0.015330219361931085,0.02376069,0.3416323661804199,0.0003,0.9967998266220093,29295,0.2,1724.7542724609375,1000.0
500,2002944,978,4003,3.330985152721405,-5.501655197143554,0.31376953125,1.3996599912643433,-0.01634717162232846,0.033321902,0.3416213393211365,0.0003,0.9948464632034302,29300,0.2,1724.7542724609375,1000.0
500,2004992,979,4008,3.32709618806839,-5.499474716186524,0.346875,1.5253955125808716,-0.012885687814559788,0.03983819,0.34158724546432495,0.0003,0.9942052364349365,29305,0.2,1724.7542724609375,1000.0
500,2007040,980,4013,3.2314334869384767,-5.496179986000061,0.25458984375,1.6318707466125488,-0.01781066255643964,0.021063184,0.3415905833244324,0.0003,0.9947850704193115,29310,0.2,1724.7542724609375,1000.0
499,2009088,981,4018,4.0206710457801815,-5.49201009273529,0.2939453125,2.1425955295562744,-0.011275401711463929,0.038012058,0.34149083495140076,0.0003,0.9934766292572021,29315,0.2,1723.317626953125,1000.0
499,2011136,982,4024,3.6894217848777773,-5.486916089057923,0.3466796875,1.7522848844528198,-0.015197168360464275,0.035541683,0.3414452075958252,0.0003,0.9941322803497314,29320,0.2,1723.317626953125,1000.0
499,2013184,983,4029,3.316444480419159,-5.487199974060059,0.35888671875,1.5436159372329712,-0.00967493939679116,0.04691263,0.3415117561817169,0.0003,0.9944894909858704,29325,0.2,1723.317626953125,1000.0
499,2015232,984,4033,2.9270978689193727,-5.489817833900451,0.35966796875,1.4877479076385498,-0.0037197463447228075,0.046691045,0.34139877557754517,0.0003,0.995618462562561,29330,0.2,1723.317626953125,1000.0
499,2017280,985,4038,3.123661494255066,-5.4854271650314335,0.275390625,1.363656759262085,-0.011514870962128044,0.024080114,0.34127217531204224,0.0003,0.9949318170547485,29335,0.2,1721.2080078125,1000.0
499,2019328,986,4042,3.987501633167267,-5.483823966979981,0.28740234375,2.0326104164123535,-0.004882559552788735,0.033243798,0.34125128388404846,0.0003,0.994795024394989,29340,0.2,1721.2080078125,1000.0
499,2021376,987,4045,4.799293971061706,-5.485629916191101,0.227734375,2.212629795074463,-0.011259607563260943,0.024453226,0.3413185179233551,0.0003,0.9941403269767761,29345,0.2,1721.2080078125,1000.0
499,2023424,988,4049,3.6520238161087035,-5.487745070457459,0.22880859375,1.494086742401123,-0.010538085945881903,0.018722646,0.34132829308509827,0.0003,0.9954492449760437,29350,0.2,1721.2080078125,1000.0
499,2025472,989,4054,4.258382439613342,-5.484816455841065,0.358984375,2.002411127090454,-0.008123465138487518,0.045687437,0.3412073850631714,0.0003,0.9946718215942383,29355,0.2,1720.9638671875,1000.0
499,2027520,990,4058,5.352316570281983,-5.477371430397033,0.2779296875,2.564439058303833,-0.014160246821120381,0.02686743,0.34106847643852234,0.0003,0.9901592135429382,29360,0.2,1720.9638671875,1000.0
499,2029568,991,4062,5.089320683479309,-5.472452187538147,0.3861328125,2.341778516769409,-0.007867184514179826,0.044774547,0.3409966230392456,0.0003,0.9851046800613403,29365,0.2,1720.9638671875,1000.0
499,2031616,992,4066,5.712880802154541,-5.466186046600342,0.50625,2.766308069229126,0.002105588000267744,0.0523472,0.3407026529312134,0.0003,0.9831075072288513,29370,0.2,1720.9638671875,1000.0
499,2033664,993,4071,4.415057742595673,-5.455197763442993,0.397265625,2.000640630722046,-0.004062159149907529,0.057573803,0.34029877185821533,0.0003,0.9867662787437439,29375,0.2,1746.90869140625,1000.0
499,2035712,994,4075,3.6305074095726013,-5.439044332504272,0.41953125,1.806193470954895,-0.010050738602876664,0.038729724,0.3400355577468872,0.0003,0.9887876510620117,29380,0.2,1746.90869140625,1000.0
499,2037760,995,4079,3.7983931064605714,-5.433693170547485,0.3076171875,1.9426231384277344,-0.014407100854441524,0.043933045,0.3400363028049469,0.0003,0.9876543283462524,29385,0.2,1746.90869140625,1000.0
499,2039808,996,4083,4.9393233299255375,-5.437330675125122,0.30302734375,2.4330408573150635,-0.003146309545263648,0.038630337,0.3400653302669525,0.0003,0.9860009551048279,29390,0.2,1746.90869140625,1000.0
499,2041856,997,4089,4.692129635810852,-5.435515546798706,0.3748046875,2.298428773880005,-0.007636976288631558,0.056840077,0.33998382091522217,0.0003,0.984875500202179,29395,0.2,1758.3707275390625,1000.0
499,2043904,998,4093,3.715398895740509,-5.436154985427857,0.3419921875,1.740125298500061,-0.014331040997058153,0.041562643,0.3401493430137634,0.0003,0.9889216423034668,29400,0.2,1758.3707275390625,1000.0
499,2045952,999,4097,3.698266398906708,-5.445009994506836,0.3318359375,1.67244553565979,-0.012596688768826424,0.037111983,0.3401598036289215,0.0003,0.9887920618057251,29405,0.2,1758.3707275390625,1000.0
499,2048000,1000,4102,5.900899767875671,-5.435318422317505,0.326171875,2.809534788131714,-0.01611383908893913,0.043700278,0.33978158235549927,0.0003,0.9827232956886292,29410,0.2,1753.893310546875,1000.0
499,2050048,1001,4106,4.877664971351623,-5.4156907081604,0.32216796875,2.486769437789917,-0.017123281914973632,0.03412002,0.33960211277008057,0.0003,0.9857525825500488,29415,0.2,1753.893310546875,1000.0
499,2052096,1002,4110,5.851170372962952,-5.411585330963135,0.3033203125,3.0221269130706787,-0.016729274508543314,0.03077671,0.33968138694763184,0.0003,0.9808832406997681,29420,0.2,1753.893310546875,1000.0
499,2054144,1003,4113,4.277676260471344,-5.412369012832642,0.40087890625,2.1153666973114014,-0.014652697939891369,0.05664239,0.33951523900032043,0.0003,0.9858648180961609,29425,0.2,1753.893310546875,1000.0
499,2056192,1004,4119,4.150784492492676,-5.4015058994293215,0.3875,1.7652783393859863,-0.013195029622875155,0.052241646,0.339347243309021,0.0003,0.9864269495010376,29430,0.2,1757.0458984375,1000.0
499,2058240,1005,4123,2.8210642337799072,-5.394313406944275,0.40908203125,1.3183149099349976,-0.010119087633211166,0.06021297,0.33924150466918945,0.0003,0.9919661283493042,29435,0.2,1757.0458984375,1000.0
499,2060288,1006,4126,4.046837067604065,-5.392380213737487,0.3619140625,1.766733169555664,-0.012980453460477293,0.04437342,0.3392889201641083,0.0003,0.9935624003410339,29440,0.2,1757.0458984375,1000.0
499,2062336,1007,4130,3.407324659824371,-5.393284559249878,0.3701171875,1.5740396976470947,-0.008812830300303175,0.028593563,0.3391267657279968,0.0003,0.9948420524597168,29445,0.2,1757.0458984375,1000.0
499,2064384,1008,4136,4.058757650852203,-5.382823324203491,0.32744140625,1.7487695217132568,-0.010012615472078323,0.03844155,0.3390161693096161,0.0003,0.9940515756607056,29450,0.2,1761.699951171875,1000.0
499,2066432,1009,4139,3.3276529908180237,-5.38066074848175,0.3130859375,1.6083738803863525,-0.012851894041523338,0.034562737,0.3389982283115387,0.0003,0.995301365852356,29455,0.2,1761.699951171875,1000.0
499,2068480,1010,4143,3.984449803829193,-5.383743762969971,0.28076171875,1.7951250076293945,-0.015128020639531314,0.028567422,0.3391006588935852,0.0003,0.9951969385147095,29460,0.2,1761.699951171875,1000.0
499,2070528,1011,4147,2.823560357093811,-5.387779355049133,0.1998046875,1.3201119899749756,-0.018706518597900866,0.01695577,0.339166522026062,0.0003,0.9964723587036133,29465,0.2,1761.699951171875,1000.0
498,2072576,1012,4153,4.073112750053406,-5.389521360397339,0.2908203125,1.8657540082931519,-0.01607421087101102,0.02631443,0.33922436833381653,0.0003,0.9949901700019836,29470,0.2,1744.6881103515625,1000.0
498,2074624,1013,4158,4.327474105358124,-5.386676859855652,0.33564453125,1.9441440105438232,-0.013583958335220813,0.04278957,0.3390294313430786,0.0003,0.9943537712097168,29475,0.2,1744.6881103515625,1000.0
498,2076672,1014,4161,4.083958756923676,-5.377626276016235,0.35517578125,1.9488931894302368,-0.009920901106670498,0.035187334,0.33891865611076355,0.0003,0.994905948638916,29480,0.2,1744.6881103515625,1000.0
498,2078720,1015,4166,4.835192060470581,-5.373973941802978,0.28994140625,1.7994873523712158,-0.014360345271416008,0.039304808,0.33880722522735596,0.0003,0.9933110475540161,29485,0.2,1744.6881103515625,1000.0
498,2080768,1016,4171,4.651124262809754,-5.372294211387635,0.35771484375,2.3503129482269287,-0.016332686087116598,0.032309502,0.3387681245803833,0.0003,0.9937712550163269,29490,0.2,1731.800048828125,1000.0
498,2082816,1017,4175,3.495749044418335,-5.373880052566529,0.33564453125,1.4704984426498413,-0.015336483262944966,0.04481793,0.338813453912735,0.0003,0.9945468306541443,29495,0.2,1731.800048828125,1000.0
498,2084864,1018,4179,4.7579566717147825,-5.378768086433411,0.4001953125,2.3134496212005615,-0.006321539403870702,0.04355267,0.3389646112918854,0.0003,0.9736524224281311,29500,0.2,1731.800048828125,1000.0
498,2086912,1019,4183,4.254467403888702,-5.3795171737670895,0.37646484375,2.0378599166870117,-0.012864126719068735,0.034263555,0.3389630615711212,0.0003,0.9734907746315002,29505,0.2,1731.800048828125,1000.0
498,2088960,1020,4188,4.689848852157593,-5.3850329399108885,0.3408203125,2.0828187465667725,-0.009760317322798074,0.07117384,0.33921918272972107,0.0003,0.9681075215339661,29510,0.2,1744.496826171875,1000.0
498,2091008,1021,4192,5.696519136428833,-5.393948054313659,0.359765625,2.8902390003204346,-0.011025704245548695,0.04627533,0.33917036652565,0.0003,0.9674999713897705,29515,0.2,1744.496826171875,1000.0
498,2093056,1022,4197,5.293773341178894,-5.388245296478272,0.469140625,2.801730155944824,0.0032124259509146214,0.07719458,0.33891427516937256,0.0003,0.9711548089981079,29520,0.2,1744.496826171875,1000.0
498,2095104,1023,4201,5.35567831993103,-5.3801820278167725,0.40732421875,2.5133819580078125,-0.010463581455405801,0.05865416,0.33870068192481995,0.0003,0.9720013737678528,29525,0.2,1744.496826171875,1000.0
498,2097152,1024,4207,5.021405029296875,-5.365966010093689,0.39365234375,2.4109485149383545,-0.01232309101615101,0.06340596,0.3382159173488617,0.0003,0.9706576466560364,29530,0.2,1768.653564453125,1000.0
498,2099200,1025,4211,4.3800438165664675,-5.353421092033386,0.37998046875,2.007678985595703,-0.007222280837595463,0.042355433,0.33827146887779236,0.0003,0.9873496890068054,29535,0.2,1768.653564453125,1000.0
498,2101248,1026,4215,5.837041568756104,-5.362529826164246,0.31982421875,2.9344124794006348,-0.006558297842275351,0.047725674,0.3384561538696289,0.0003,0.9870107769966125,29540,0.2,1768.653564453125,1000.0
498,2103296,1027,4219,4.9536357641220095,-5.367628741264343,0.309375,2.0818257331848145,-0.015683292911853643,0.03356885,0.3384665250778198,0.0003,0.989891767501831,29545,0.2,1768.653564453125,1000.0
498,2105344,1028,4225,3.877771484851837,-5.36380021572113,0.4138671875,1.9970835447311401,-0.00120655104983598,0.060746964,0.3382173180580139,0.0003,0.9916344285011292,29550,0.2,1778.884033203125,1000.0
498,2107392,1029,4229,5.873331499099732,-5.353823637962341,0.31796875,2.74104380607605,-0.01132354037836194,0.027124502,0.338157057762146,0.0003,0.9826182126998901,29555,0.2,1778.884033203125,1000.0
498,2109440,1030,4233,4.181596195697784,-5.355694150924682,0.3609375,1.9667633771896362,-0.020946633187122643,0.050044257,0.33825433254241943,0.0003,0.9848629832267761,29560,0.2,1778.884033203125,1000.0
498,2111488,1031,4237,4.393588614463806,-5.359206128120422,0.33671875,2.1467397212982178,-0.01656569177284837,0.036423344,0.3382777273654938,0.0003,0.984358549118042,29565,0.2,1778.884033203125,1000.0
498,2113536,1032,4242,4.445135927200317,-5.360811638832092,0.36005859375,1.9881007671356201,-0.010408185119740666,0.037702642,0.3382682800292969,0.0003,0.9843230843544006,29570,0.2,1785.2989501953125,1000.0
498,2115584,1033,4245,5.3417034387588505,-5.361230564117432,0.3373046875,2.3707637786865234,-0.01773285330273211,0.036814995,0.33827945590019226,0.0003,0.9870283007621765,29575,0.2,1785.2989501953125,1000.0
498,2117632,1034,4249,6.183380961418152,-5.352433395385742,0.443359375,3.1694726943969727,-0.005673351045697927,0.07345203,0.33793723583221436,0.0003,0.9865536689758301,29580,0.2,1785.2989501953125,1000.0
498,2119680,1035,4253,7.467685008049012,-5.339376997947693,0.3779296875,3.5435595512390137,-0.01443058755248785,0.038702346,0.33788901567459106,0.0003,0.9845563173294067,29585,0.2,1785.2989501953125,1000.0
498,2121728,1036,4258,4.719614267349243,-5.341456389427185,0.31494140625,2.196538209915161,-0.012382758437888696,0.028109351,0.3380413353443146,0.0003,0.9902664422988892,29590,0.2,1794.311279296875,1000.0
498,2123776,1037,4262,5.420184206962586,-5.346112823486328,0.25107421875,2.4364161491394043,-0.009449598845094442,0.029992696,0.3381030857563019,0.0003,0.9876449704170227,29595,0.2,1794.311279296875,1000.0
498,2125824,1038,4266,4.16458842754364,-5.3461127281188965,0.35068359375,1.9734948873519897,-0.017404917767271398,0.035177257,0.33808350563049316,0.0003,0.9903944730758667,29600,0.2,1794.311279296875,1000.0
498,2127872,1039,4270,3.3109793782234194,-5.346395444869995,0.3208984375,1.6636197566986084,-0.004978371923789382,0.04124426,0.33811259269714355,0.0003,0.9925330877304077,29605,0.2,1794.311279296875,1000.0
498,2129920,1040,4275,3.5134426951408386,-5.348262476921081,0.3009765625,1.5570546388626099,-0.010845303046517074,0.021833936,0.33813151717185974,0.0003,0.9917422533035278,29610,0.2,1798.8956298828125,1000.0
498,2131968,1041,4279,4.269916605949402,-5.344223284721375,0.29111328125,1.8203059434890747,-0.01957367279101163,0.0269108,0.33799928426742554,0.0003,0.9879975914955139,29615,0.2,1798.8956298828125,1000.0
498,2134016,1042,4283,4.250629985332489,-5.336650109291076,0.36728515625,1.8777191638946533,-0.016223767679184674,0.037887752,0.33797019720077515,0.0003,0.9873677492141724,29620,0.2,1798.8956298828125,1000.0
497,2136064,1043,4289,5.327206063270569,-5.331374216079712,0.31376953125,2.438325881958008,-0.012497836723923683,0.04343048,0.3377962112426758,0.0003,0.9849175810813904,29625,0.2,1797.11279296875,1000.0
497,2138112,1044,4293,3.6665935039520265,-5.32462089061737,0.33642578125,1.724907398223877,-0.015010953566525131,0.035412077,0.3378499746322632,0.0003,0.9899787902832031,29630,0.2,1797.11279296875,1000.0
498,2140160,1045,4297,5.514240741729736,-5.331358337402344,0.388671875,2.544163942337036,-0.00632220134139061,0.04515437,0.3379329442977905,0.0003,0.991632878780365,29635,0.2,1797.11279296875,1000.0
498,2142208,1046,4301,3.210513401031494,-5.329070115089417,0.31533203125,1.4735543727874756,-0.01619771090336144,0.025904318,0.3378218412399292,0.0003,0.9950323104858398,29640,0.2,1797.11279296875,1000.0
497,2144256,1047,4307,4.4812012076377865,-5.32406177520752,0.35498046875,2.2672667503356934,-0.01430823365226388,0.031068966,0.3378351032733917,0.0003,0.9929616451263428,29645,0.2,1796.079345703125,1000.0
497,2146304,1048,4311,4.455669903755188,-5.324859833717346,0.40888671875,1.9781666994094849,-0.003799751284532249,0.032567196,0.337943971157074,0.0003,0.9930375814437866,29650,0.2,1796.079345703125,1000.0
497,2148352,1049,4316,4.81921501159668,-5.327449059486389,0.37021484375,2.457427501678467,-0.012833145796321332,0.04048789,0.33789995312690735,0.0003,0.9921407699584961,29655,0.2,1796.079345703125,1000.0
497,2150400,1050,4322,4.211632800102234,-5.3210533380508425,0.34462890625,1.9540255069732666,-0.013332947762683034,0.03940653,0.3377842307090759,0.0003,0.9934980273246765,29660,0.2,1796.079345703125,1000.0
497,2152448,1051,4330,6.415383768081665,-5.315472912788391,0.3078125,2.8033132553100586,-0.011767438799142837,0.0498591,0.33777105808258057,0.0003,0.9898552894592285,29665,0.2,1787.49658203125,1000.0
496,2154496,1052,4335,5.015526366233826,-5.314180874824524,0.3681640625,2.4982826709747314,-0.007925000786781312,0.047562256,0.3378296494483948,0.0003,0.991324245929718,29670,0.2,1787.49658203125,1000.0
496,2156544,1053,4340,6.610537266731262,-5.315576148033142,0.4263671875,3.017416477203369,-0.016853508935309947,0.058231633,0.3379608988761902,0.0003,0.9761110544204712,29675,0.2,1787.49658203125,1000.0
496,2158592,1054,4345,4.94872019290924,-5.321955752372742,0.27216796875,2.394531488418579,-0.01678591566160321,0.03274183,0.3381069302558899,0.0003,0.9819056391716003,29680,0.2,1787.49658203125,1000.0
496,2160640,1055,4352,5.598382902145386,-5.330870962142944,0.3658203125,2.8818910121917725,-0.0036347104934975503,0.054225605,0.3382917046546936,0.0003,0.9778988361358643,29685,0.2,1783.9949951171875,1000.0
496,2162688,1056,4357,5.099325633049011,-5.342313528060913,0.45625,2.321129322052002,0.002627434564055875,0.046996366,0.33843332529067993,0.0003,0.9807274341583252,29690,0.2,1783.9949951171875,1000.0
496,2164736,1057,4361,5.405656719207764,-5.349950623512268,0.39736328125,2.5645153522491455,-0.004142952500842512,0.04855589,0.3385476768016815,0.0003,0.9809056520462036,29695,0.2,1783.9949951171875,1000.0
496,2166784,1058,4365,5.125359416007996,-5.354517245292664,0.420703125,2.6114840507507324,-0.0037571378517895935,0.05420941,0.3386853039264679,0.0003,0.98174649477005,29700,0.2,1783.9949951171875,1000.0
496,2168832,1059,4370,4.641811966896057,-5.363060188293457,0.38671875,2.25061297416687,-0.007913416100200266,0.034088377,0.33879467844963074,0.0003,0.9830980896949768,29705,0.2,1800.49169921875,1000.0
496,2170880,1060,4374,4.847041654586792,-5.3683734893798825,0.3927734375,2.2271578311920166,0.0003494126023724675,0.029683415,0.338868111371994,0.0003,0.9923276901245117,29710,0.2,1800.49169921875,1000.0
496,2172928,1061,4378,3.9388638615608214,-5.372358655929565,0.38505859375,2.1903135776519775,-0.004437260469421745,0.048335705,0.3389512300491333,0.0003,0.9949110746383667,29715,0.2,1800.49169921875,1000.0
496,2174976,1062,4383,4.527395248413086,-5.374491810798645,0.22646484375,1.9370461702346802,-0.014841413870453835,0.016064327,0.33896201848983765,0.0003,0.9944486618041992,29720,0.2,1800.49169921875,1000.0
496,2177024,1063,4389,3.3435521483421327,-5.375386786460877,0.30927734375,1.6615968942642212,-0.01438188529573381,0.04385445,0.33901524543762207,0.0003,0.9956890940666199,29725,0.2,1803.6715087890625,1000.0
495,2179072,1064,4393,3.667152440547943,-5.374930500984192,0.24716796875,1.7403000593185425,-0.014451989997178316,0.021435102,0.3388327360153198,0.0003,0.9946720600128174,29730,0.2,1803.6715087890625,1000.0
495,2181120,1065,4398,3.4886138439178467,-5.368102931976319,0.39072265625,1.6970051527023315,0.0019265722017735242,0.045461953,0.33886128664016724,0.0003,0.9924038648605347,29735,0.2,1803.6715087890625,1000.0
495,2183168,1066,4403,4.424912238121033,-5.370168995857239,0.31376953125,2.0309271812438965,-0.011949631525203586,0.026912881,0.33898061513900757,0.0003,0.9902186989784241,29740,0.2,1803.6715087890625,1000.0
495,2185216,1067,4409,4.0738976955413815,-5.374584770202636,0.34375,1.686719298362732,-0.01424464867450297,0.03187178,0.33891311287879944,0.0003,0.9900262355804443,29745,0.2,1803.0341796875,1000.0
495,2187264,1068,4414,4.509875214099884,-5.374170327186585,0.32978515625,2.010103702545166,-0.016081923921592533,0.03131749,0.33895325660705566,0.0003,0.9904322624206543,29750,0.2,1803.0341796875,1000.0
495,2189312,1069,4420,4.783066439628601,-5.375674796104431,0.33095703125,2.316863775253296,-0.019960647448897362,0.032462176,0.3389967679977417,0.0003,0.9890663623809814,29755,0.2,1803.0341796875,1000.0
495,2191360,1070,4424,5.498484325408936,-5.3760514736175535,0.3822265625,2.6614906787872314,-0.01418269532150589,0.040469944,0.3390006721019745,0.0003,0.987781286239624,29760,0.2,1803.0341796875,1000.0
495,2193408,1071,4430,3.4955926179885863,-5.380790519714355,0.32353515625,1.728116750717163,-0.013802722841501237,0.030384723,0.33921846747398376,0.0003,0.9923042058944702,29765,0.2,1798.143798828125,1000.0
494,2195456,1072,4436,8.594351220130921,-5.388991141319275,0.32177734375,3.694532871246338,-0.016448192042298616,0.03610827,0.3394027352333069,0.0003,0.9679652452468872,29770,0.2,1798.143798828125,1000.0
494,2197504,1073,4440,5.274485182762146,-5.397201490402222,0.38173828125,2.3302934169769287,-0.005140911985654384,0.07860391,0.33940738439559937,0.0003,0.967255711555481,29775,0.2,1798.143798828125,1000.0
494,2199552,1074,4446,5.601612901687622,-5.3986732006073,0.377734375,2.5430610179901123,-0.012758392363321037,0.040673487,0.3393799662590027,0.0003,0.969768762588501,29780,0.2,1798.143798828125,1000.0
494,2201600,1075,4452,6.034925150871277,-5.4047020196914675,0.4396484375,2.782989978790283,-0.0011113291839137673,0.06623952,0.33960166573524475,0.0003,0.964413583278656,29785,0.2,1800.78662109375,1000.0
494,2203648,1076,4456,4.259559893608094,-5.413978528976441,0.3529296875,2.2718989849090576,-0.00757128584664315,0.047143817,0.3397679328918457,0.0003,0.9898071885108948,29790,0.2,1800.78662109375,1000.0
494,2205696,1077,4460,5.511921310424805,-5.421016573905945,0.3716796875,2.466414213180542,-0.011408317857421935,0.032441583,0.33980071544647217,0.0003,0.9881531596183777,29795,0.2,1800.78662109375,1000.0
494,2207744,1078,4464,6.16549768447876,-5.414918422698975,0.3033203125,3.1289565563201904,-0.016778682568110527,0.028638475,0.33960771560668945,0.0003,0.9867631196975708,29800,0.2,1800.78662109375,1000.0
494,2209792,1079,4469,5.4118705034255985,-5.402729892730713,0.3751953125,2.5506515502929688,-0.013145578256808222,0.034599002,0.33949053287506104,0.0003,0.9880212545394897,29805,0.2,1802.6519775390625,1000.0
494,2211840,1080,4473,6.5365489482879635,-5.394831752777099,0.37392578125,3.1590354442596436,-0.014653892139904201,0.038162004,0.33932918310165405,0.0003,0.992189884185791,29810,0.2,1802.6519775390625,1000.0
494,2213888,1081,4477,3.343805694580078,-5.390037536621094,0.39853515625,1.5643694400787354,-0.004781698854640126,0.049244445,0.3393131494522095,0.0003,0.9961560964584351,29815,0.2,1802.6519775390625,1000.0
494,2215936,1082,4481,4.430376136302948,-5.390184450149536,0.3703125,2.1576991081237793,-0.015082268067635596,0.031553157,0.3393042981624603,0.0003,0.9950240850448608,29820,0.2,1802.6519775390625,1000.0
494,2217984,1083,4487,4.609232664108276,-5.392144751548767,0.35654296875,1.9974350929260254,-0.020179424807429312,0.044735637,0.3395094871520996,0.0003,0.994902491569519,29825,0.2,1790.7254638671875,1000.0
494,2220032,1084,4491,4.6142141103744505,-5.405255436897278,0.36396484375,2.48488450050354,-0.01377737345173955,0.051127546,0.3398321568965912,0.0003,0.9924750924110413,29830,0.2,1790.7254638671875,1000.0
494,2222080,1085,4495,4.667413496971131,-5.418752861022949,0.39814453125,2.570585250854492,-0.0005361454212106764,0.045513257,0.3397582769393921,0.0003,0.9922358393669128,29835,0.2,1790.7254638671875,1000.0
494,2224128,1086,4501,6.121737384796143,-5.416845774650573,0.3796875,2.936551809310913,-0.017945589136797935,0.03796026,0.3397844135761261,0.0003,0.9894258379936218,29840,0.2,1788.1448974609375,1000.0
494,2226176,1087,4505,5.166392707824707,-5.416767978668213,0.2796875,2.5642051696777344,-0.015190840838477016,0.039227173,0.3396494686603546,0.0003,0.9913808107376099,29845,0.2,1788.1448974609375,1000.0
493,2228224,1088,4510,3.733806550502777,-5.4078442573547365,0.30380859375,1.886838436126709,-0.011210326629225165,0.027315063,0.33943599462509155,0.0003,0.9939398765563965,29850,0.2,1788.1448974609375,1000.0
493,2230272,1089,4516,6.254385471343994,-5.398816394805908,0.29453125,2.8780341148376465,-0.01708451989106834,0.028255083,0.3392820358276367,0.0003,0.9892621636390686,29855,0.2,1788.1448974609375,1000.0
493,2232320,1090,4522,6.242388486862183,-5.390934538841248,0.33896484375,3.1978867053985596,-0.0009586336091160774,0.034672085,0.3391677141189575,0.0003,0.9904301166534424,29860,0.2,1771.1534423828125,1000.0
493,2234368,1091,4527,4.34491081237793,-5.386028385162353,0.2474609375,2.0335938930511475,-0.01438245412427932,0.020744232,0.339097797870636,0.0003,0.9930333495140076,29865,0.2,1771.1534423828125,1000.0
493,2236416,1092,4532,5.116047310829162,-5.37899169921875,0.31171875,2.7134320735931396,-0.020861185947433115,0.03705921,0.3388417959213257,0.0003,0.990682065486908,29870,0.2,1771.1534423828125,1000.0
493,2238464,1093,4537,5.936708068847656,-5.366515564918518,0.41015625,3.131622076034546,-0.0008612132165580988,0.051828206,0.3386550843715668,0.0003,0.9891281723976135,29875,0.2,1771.1534423828125,1000.0
493,2240512,1094,4543,4.410007405281067,-5.3650288581848145,0.3830078125,1.925108551979065,-0.009482076088897885,0.04822,0.33873021602630615,0.0003,0.9920679330825806,29880,0.2,1771.6279296875,1000.0
492,2242560,1095,4549,4.3434434056282045,-5.369770359992981,0.3025390625,2.1411471366882324,-0.011167827877216041,0.053831644,0.3388005793094635,0.0003,0.9939451217651367,29885,0.2,1771.6279296875,1000.0
492,2244608,1096,4554,3.529550564289093,-5.3662149667739865,0.288671875,1.8157315254211426,-0.007324691512621939,0.029449519,0.33852866291999817,0.0003,0.995578944683075,29890,0.2,1771.6279296875,1000.0
492,2246656,1097,4559,5.236723279953003,-5.354713392257691,0.261328125,2.7708871364593506,-0.014791163639165461,0.021965511,0.33851927518844604,0.0003,0.9936756491661072,29895,0.2,1771.6279296875,1000.0
492,2248704,1098,4565,3.4086992740631104,-5.357232642173767,0.345703125,1.5588136911392212,-0.013558663497678935,0.073675215,0.33856201171875,0.0003,0.9957912564277649,29900,0.2,1763.76708984375,1000.0
492,2250752,1099,4570,4.316827285289764,-5.357633376121521,0.31083984375,1.9946682453155518,-0.009406292648054659,0.025112228,0.33855703473091125,0.0003,0.9937777519226074,29905,0.2,1763.76708984375,1000.0
492,2252800,1100,4575,2.755941557884216,-5.356290578842163,0.25400390625,1.2741557359695435,-0.017320470022968947,0.021937843,0.3385706841945648,0.0003,0.9907869696617126,29910,0.2,1763.76708984375,1000.0
492,2254848,1101,4580,3.788707745075226,-5.354911279678345,0.28525390625,1.9261741638183594,-0.015542965021450073,0.026070774,0.33846932649612427,0.0003,0.987915575504303,29915,0.2,1763.76708984375,1000.0
492,2256896,1102,4585,4.353728842735291,-5.350033712387085,0.24482421875,1.917711615562439,-0.011269741971045733,0.024112884,0.3383677899837494,0.0003,0.9825835824012756,29920,0.2,1753.0938720703125,1000.0
492,2258944,1103,4589,4.46420966386795,-5.349645757675171,0.3544921875,2.237886667251587,-0.014016324374824762,0.032968774,0.3383501470088959,0.0003,0.987315833568573,29925,0.2,1753.0938720703125,1000.0
492,2260992,1104,4593,5.560769844055176,-5.357798004150391,0.37236328125,2.6263210773468018,-0.01476729630958289,0.051340587,0.33852511644363403,0.0003,0.9458208084106445,29930,0.2,1753.0938720703125,1000.0
492,2263040,1105,4597,6.9700432300567625,-5.364487981796264,0.37705078125,3.5193076133728027,-0.01224789519328624,0.040835194,0.33856555819511414,0.0003,0.9324597120285034,29935,0.2,1753.0938720703125,1000.0
492,2265088,1106,4602,4.125674998760223,-5.370179939270019,0.39560546875,1.927140474319458,-0.002740215416997671,0.059800155,0.33870503306388855,0.0003,0.9565001726150513,29940,0.2,1755.528564453125,1000.0
492,2267136,1107,4606,5.242172193527222,-5.377295637130738,0.30341796875,2.693061351776123,-0.012810705427546054,0.023175742,0.33874934911727905,0.0003,0.9848873019218445,29945,0.2,1755.528564453125,1000.0
492,2269184,1108,4610,4.718626499176025,-5.378457760810852,0.29873046875,2.2527382373809814,-0.0181707504671067,0.029946122,0.3386017084121704,0.0003,0.9899620413780212,29950,0.2,1755.528564453125,1000.0
492,2271232,1109,4614,5.005426716804505,-5.367712473869323,0.3130859375,2.4200847148895264,-0.01494871024042368,0.0280317,0.33832699060440063,0.0003,0.9902263283729553,29955,0.2,1755.528564453125,1000.0
491,2273280,1110,4620,5.396469616889954,-5.35721800327301,0.25185546875,2.475741386413574,-0.012371204048395156,0.01648234,0.3382115960121155,0.0003,0.9891613721847534,29960,0.2,1760.0902099609375,1000.0
492,2275328,1111,4624,4.026251232624054,-5.355532836914063,0.23017578125,1.7517590522766113,-0.013113005738705396,0.030403897,0.33823803067207336,0.0003,0.9919010400772095,29965,0.2,1760.0902099609375,1000.0
492,2277376,1112,4628,3.8642475843429565,-5.354225492477417,0.2025390625,1.8800699710845947,-0.01433861549012363,0.021800755,0.3380579948425293,0.0003,0.9925791621208191,29970,0.2,1760.0902099609375,1000.0
492,2279424,1113,4632,5.226153922080994,-5.341483163833618,0.2142578125,2.536289930343628,-0.01601544264703989,0.020284208,0.33783525228500366,0.0003,0.990648090839386,29975,0.2,1760.0902099609375,1000.0
491,2281472,1114,4638,5.115504431724548,-5.333215808868408,0.258203125,2.492265224456787,-0.017802281701005996,0.028677907,0.3377261757850647,0.0003,0.9901673197746277,29980,0.2,1759.5408935546875,1000.0
491,2283520,1115,4642,3.5735225796699526,-5.32827353477478,0.16728515625,1.5316463708877563,-0.015711877075955272,0.018016193,0.33761531114578247,0.0003,0.9932955503463745,29985,0.2,1759.5408935546875,1000.0
491,2285568,1116,4646,4.274090874195099,-5.320085263252258,0.2255859375,2.062180757522583,-0.015002855286002158,0.020864582,0.33749163150787354,0.0003,0.9917932748794556,29990,0.2,1759.5408935546875,1000.0
491,2287616,1117,4650,3.3701980233192446,-5.313947558403015,0.1744140625,1.5110968351364136,-0.011953589506447315,0.015363295,0.33740875124931335,0.0003,0.9933636784553528,29995,0.2,1759.5408935546875,1000.0
491,2289664,1118,4656,3.786282312870026,-5.305187845230103,0.33740234375,1.9496979713439941,-0.012552350806072355,0.043848686,0.33711954951286316,0.0003,0.9935801029205322,30000,0.2,1751.4730224609375,1000.0
491,2291712,1119,4660,4.5268359780311584,-5.2954596996307375,0.34111328125,2.445387125015259,-0.010102971619926394,0.040197317,0.33714669942855835,0.0003,0.9899523258209229,30005,0.2,1751.4730224609375,1000.0
491,2293760,1120,4665,3.5704121828079223,-5.300332641601562,0.39814453125,1.7928881645202637,-0.005656845588237047,0.070796445,0.33719104528427124,0.0003,0.9893386363983154,30010,0.2,1751.4730224609375,1000.0
491,2295808,1121,4669,6.312916851043701,-5.301322817802429,0.43349609375,2.765190601348877,-0.0009517574450001121,0.060187634,0.3372163772583008,0.0003,0.9828721284866333,30015,0.2,1751.4730224609375,1000.0
491,2297856,1122,4674,6.910956907272339,-5.3059816598892215,0.33828125,3.6008474826812744,-0.01206953211221844,0.0311779,0.3374226987361908,0.0003,0.9813494086265564,30020,0.2,1746.677001953125,1000.0
491,2299904,1123,4678,4.060169506072998,-5.316722416877747,0.27001953125,2.0911192893981934,-0.008147686347365379,0.026713617,0.33752286434173584,0.0003,0.9904622435569763,30025,0.2,1746.677001953125,1000.0
491,2301952,1124,4683,3.20339812040329,-5.315907335281372,0.3783203125,1.530295968055725,-0.012430836725980044,0.032737076,0.3374917507171631,0.0003,0.9917687177658081,30030,0.2,1746.677001953125,1000.0
491,2304000,1125,4689,4.180990469455719,-5.315739798545837,0.313671875,1.9081817865371704,-0.009374386968556792,0.035054825,0.3375055193901062,0.0003,0.9897871017456055,30035,0.2,1739.51806640625,1000.0
491,2306048,1126,4694,3.63383309841156,-5.31374204158783,0.3025390625,1.6951559782028198,-0.0062198285129852595,0.020594837,0.33734193444252014,0.0003,0.9922411441802979,30040,0.2,1739.51806640625,1000.0
491,2308096,1127,4698,3.279331052303314,-5.297723722457886,0.39541015625,1.6955397129058838,-0.0065317335305735465,0.056770436,0.3369465470314026,0.0003,0.9655666351318359,30045,0.2,1739.51806640625,1000.0
491,2310144,1128,4704,4.49607560634613,-5.281805992126465,0.46181640625,2.0996696949005127,-0.005628747190348804,0.056579784,0.3368951976299286,0.0003,0.9486638307571411,30050,0.2,1739.51806640625,1000.0
490,2312192,1129,4710,6.192609739303589,-5.273337173461914,0.43818359375,3.0240156650543213,-0.008255059691146016,0.0634506,0.33665332198143005,0.0003,0.922691822052002,30055,0.2,1749.0244140625,1000.0
490,2314240,1130,4716,4.208482038974762,-5.258416199684143,0.37451171875,1.8292803764343262,-0.010519585013389588,0.042484913,0.3364078104496002,0.0003,0.969391405582428,30060,0.2,1749.0244140625,1000.0
490,2316288,1131,4721,2.955422854423523,-5.2480000972747805,0.271875,1.3411263227462769,-0.011749354377388953,0.03234175,0.3362766206264496,0.0003,0.99360591173172,30065,0.2,1749.0244140625,1000.0
490,2318336,1132,4725,3.4376423358917236,-5.24137806892395,0.31162109375,1.566331386566162,-0.011444949009455741,0.035728835,0.33617159724235535,0.0003,0.9921654462814331,30070,0.2,1749.0244140625,1000.0
490,2320384,1133,4730,3.913822555541992,-5.234909176826477,0.2830078125,1.6221585273742676,-0.005200227699242532,0.028688926,0.3361058533191681,0.0003,0.9901478886604309,30075,0.2,1742.7442626953125,1000.0
490,2322432,1134,4734,4.633406186103821,-5.228489685058594,0.349609375,2.305582046508789,-0.0035556271905079484,0.032536916,0.33588215708732605,0.0003,0.9902383089065552,30080,0.2,1742.7442626953125,1000.0
490,2324480,1135,4738,5.376119661331177,-5.21477780342102,0.37177734375,2.5825607776641846,-0.012364849750883877,0.05401325,0.3356146216392517,0.0003,0.9926072955131531,30085,0.2,1742.7442626953125,1000.0
490,2326528,1136,4743,4.335649561882019,-5.203516125679016,0.3513671875,2.2656123638153076,-0.013504495576489717,0.033391323,0.3354385495185852,0.0003,0.9940417408943176,30090,0.2,1742.7442626953125,1000.0
490,2328576,1137,4749,4.159302377700806,-5.1942264318466185,0.31337890625,2.0528502464294434,-0.011068641720339657,0.034499887,0.33532461524009705,0.0003,0.9943872690200806,30095,0.2,1748.2972412109375,1000.0
490,2330624,1138,4753,4.336574697494507,-5.196084022521973,0.328125,2.0381014347076416,-0.010631594597361982,0.030368265,0.33537283539772034,0.0003,0.9942377805709839,30100,0.2,1748.2972412109375,1000.0
490,2332672,1139,4757,3.9600420355796815,-5.200794410705567,0.37880859375,1.7876248359680176,-0.011935019190423191,0.034282185,0.33554068207740784,0.0003,0.9946402311325073,30105,0.2,1748.2972412109375,1000.0
490,2334720,1140,4761,3.4319568037986756,-5.2097292184829715,0.29423828125,1.6023961305618286,-0.016618486074730755,0.034003574,0.33567729592323303,0.0003,0.9950785040855408,30110,0.2,1748.2972412109375,1000.0
490,2336768,1141,4766,3.6791977286338806,-5.216523575782776,0.2529296875,1.7593388557434082,-0.016303857788443565,0.020995524,0.3357231914997101,0.0003,0.9948692917823792,30115,0.2,1751.1685791015625,1000.0
490,2338816,1142,4770,4.318097877502441,-5.213610339164734,0.31630859375,2.1509199142456055,-0.010573371453210712,0.035629507,0.33552658557891846,0.0003,0.9940581917762756,30120,0.2,1751.1685791015625,1000.0
490,2340864,1143,4774,4.625186431407928,-5.20253598690033,0.29853515625,2.3502018451690674,-0.014705782721284777,0.028818026,0.3354884386062622,0.0003,0.9924225211143494,30125,0.2,1751.1685791015625,1000.0
490,2342912,1144,4778,5.241569948196411,-5.203077602386474,0.4517578125,2.3757338523864746,-0.0027618866006378084,0.06429222,0.33551913499832153,0.0003,0.9908317923545837,30130,0.2,1751.1685791015625,1000.0
490,2344960,1145,4783,7.677255487442016,-5.200581622123718,0.39716796875,3.569751024246216,-0.009521336620673537,0.057717636,0.335346519947052,0.0003,0.986453652381897,30135,0.2,1758.2545166015625,1000.0
490,2347008,1146,4787,3.822238576412201,-5.196270227432251,0.489453125,1.979757308959961,0.007263908826280386,0.07632187,0.33538758754730225,0.0003,0.9918053150177002,30140,0.2,1758.2545166015625,1000.0
490,2349056,1147,4793,4.554794347286224,-5.19616665840149,0.33466796875,2.2166028022766113,-0.006918003153987229,0.037043065,0.33525657653808594,0.0003,0.9862398505210876,30145,0.2,1758.2545166015625,1000.0
490,2351104,1148,4797,3.9078134059906007,-5.186006474494934,0.33046875,1.883445143699646,-0.010783342411741614,0.03528031,0.33512407541275024,0.0003,0.9886893630027771,30150,0.2,1758.2545166015625,1000.0
489,2353152,1149,4802,3.170875298976898,-5.170948028564453,0.3876953125,1.7230557203292847,-0.013040016195736826,0.053221345,0.3348870575428009,0.0003,0.9906601905822754,30155,0.2,1761.6968994140625,1000.0
490,2355200,1150,4806,3.7232013940811157,-5.159994745254517,0.26435546875,1.8600318431854248,-0.011056158738210798,0.032604706,0.3349243104457855,0.0003,0.9937888979911804,30160,0.2,1761.6968994140625,1000.0
490,2357248,1151,4810,2.687236821651459,-5.162386894226074,0.2529296875,1.3387175798416138,-0.016189289279282093,0.024621448,0.3349723517894745,0.0003,0.9964778423309326,30165,0.2,1761.6968994140625,1000.0
489,2359296,1152,4815,3.6674609184265137,-5.162819075584411,0.3615234375,1.8003780841827393,-0.007433677278459072,0.03405432,0.3349580764770508,0.0003,0.9949625134468079,30170,0.2,1761.6968994140625,1000.0
489,2361344,1153,4820,3.550357902050018,-5.159566831588745,0.254296875,1.4811220169067383,-0.015442764945328235,0.020881332,0.3348669409751892,0.0003,0.9956414699554443,30175,0.2,1755.1351318359375,1000.0
489,2363392,1154,4824,2.9204002261161803,-5.15276575088501,0.34873046875,1.375570297241211,-0.009864980215206742,0.032581702,0.334725022315979,0.0003,0.9956895709037781,30180,0.2,1755.1351318359375,1000.0
489,2365440,1155,4828,3.810968446731567,-5.147527861595154,0.22119140625,1.8307684659957886,-0.01722803971497342,0.022873314,0.33461102843284607,0.0003,0.9930098056793213,30185,0.2,1755.1351318359375,1000.0
489,2367488,1156,4832,3.4020772576332092,-5.143642091751099,0.251953125,1.5952662229537964,-0.013971724174916744,0.023546197,0.3345278799533844,0.0003,0.9941050410270691,30190,0.2,1755.1351318359375,1000.0
489,2369536,1157,4837,3.3030485033988954,-5.1430576086044315,0.278515625,1.4428815841674805,-0.010729986417572945,0.022899972,0.33456844091415405,0.0003,0.9943552017211914,30195,0.2,1739.962646484375,1000.0
489,2371584,1158,4841,4.314292323589325,-5.14791169166565,0.290234375,2.257436990737915,-0.01458814840298146,0.028322496,0.3346633315086365,0.0003,0.9929342269897461,30200,0.2,1739.962646484375,1000.0
489,2373632,1159,4845,3.5766647696495055,-5.152804899215698,0.356640625,1.6645914316177368,-0.01441332867834717,0.03583559,0.3346498906612396,0.0003,0.9941874742507935,30205,0.2,1739.962646484375,1000.0
489,2375680,1160,4849,4.048562479019165,-5.15095100402832,0.350390625,1.9913814067840576,-0.004451356129720807,0.022973293,0.3345985412597656,0.0003,0.993893027305603,30210,0.2,1739.962646484375,1000.0
489,2377728,1161,4854,3.2457901358604433,-5.146844816207886,0.31171875,1.4096343517303467,-0.015225407644174993,0.02670554,0.33447709679603577,0.0003,0.9947725534439087,30215,0.2,1744.7857666015625,1000.0
489,2379776,1162,4858,3.4458882570266725,-5.13741614818573,0.381640625,1.7479197978973389,-0.006394293601624667,0.0438161,0.3342421352863312,0.0003,0.9934150576591492,30220,0.2,1744.7857666015625,1000.0
489,2381824,1163,4862,4.021847927570343,-5.131258821487426,0.34638671875,2.135072946548462,-0.015613224008120596,0.029937886,0.33420589566230774,0.0003,0.9919362664222717,30225,0.2,1744.7857666015625,1000.0
489,2383872,1164,4866,4.7941207647323605,-5.129297971725464,0.278125,2.820931911468506,-0.011355332471430302,0.025927652,0.33408796787261963,0.0003,0.9908360838890076,30230,0.2,1744.7857666015625,1000.0
489,2385920,1165,4871,4.896519041061401,-5.12180871963501,0.28115234375,2.4987003803253174,-0.011390636209398508,0.014581407,0.33399441838264465,0.0003,0.9896434545516968,30235,0.2,1749.677978515625,1000.0
489,2387968,1166,4875,4.960732889175415,-5.11696343421936,0.31572265625,2.154423475265503,-0.01829190484713763,0.031962384,0.33388611674308777,0.0003,0.9884061813354492,30240,0.2,1749.677978515625,1000.0
489,2390016,1167,4880,5.6079833745956424,-5.110936903953553,0.26787109375,2.6109023094177246,-0.014215531887020915,0.028296523,0.333828330039978,0.0003,0.9875862002372742,30245,0.2,1749.677978515625,1000.0
489,2392064,1168,4885,4.169078612327576,-5.109520196914673,0.3275390625,2.104660749435425,-0.013336850865744054,0.044088244,0.3338158130645752,0.0003,0.9905508756637573,30250,0.2,1754.1807861328125,1000.0
489,2394112,1169,4889,3.865903449058533,-5.10943832397461,0.25888671875,1.968536376953125,-0.008352723938878625,0.021363094,0.3338233232498169,0.0003,0.9910168647766113,30255,0.2,1754.1807861328125,1000.0
489,2396160,1170,4893,3.7282220482826234,-5.110079550743103,0.243359375,1.8528550863265991,-0.015361509949434549,0.026215509,0.33381912112236023,0.0003,0.9898573756217957,30260,0.2,1754.1807861328125,1000.0
489,2398208,1171,4897,4.217631042003632,-5.108128452301026,0.24560546875,1.898173213005066,-0.013815954932942987,0.028899532,0.33381685614585876,0.0003,0.9890937209129333,30265,0.2,1754.1807861328125,1000.0
489,2400256,1172,4902,4.240734028816223,-5.109745597839355,0.26005859375,2.01082181930542,-0.021543491072952746,0.022884322,0.33386629819869995,0.0003,0.9897595643997192,30270,0.2,1747.239501953125,1000.0
489,2402304,1173,4906,3.7490307211875917,-5.111739873886108,0.3927734375,1.7580366134643555,-0.010897770430892706,0.04829085,0.33382755517959595,0.0003,0.9915092587471008,30275,0.2,1747.239501953125,1000.0
489,2404352,1174,4910,4.666052663326264,-5.112740445137024,0.3958984375,2.1442739963531494,-0.01616513596381992,0.048734188,0.3338046073913574,0.0003,0.9927605390548706,30280,0.2,1747.239501953125,1000.0
489,2406400,1175,4914,4.460199868679046,-5.118914771080017,0.41806640625,2.317274570465088,-0.007498162519186735,0.062154952,0.33394747972488403,0.0003,0.9928986430168152,30285,0.2,1747.239501953125,1000.0
489,2408448,1176,4920,3.8974489331245423,-5.128980350494385,0.3984375,1.7321640253067017,-0.012196352914907038,0.037144028,0.3339926302433014,0.0003,0.99396151304245,30290,0.2,1740.85693359375,1000.0
489,2410496,1177,4924,5.4161621809005736,-5.1312273979187015,0.29365234375,2.4344937801361084,-0.00732389660552144,0.03892456,0.3339555561542511,0.0003,0.9910045862197876,30295,0.2,1740.85693359375,1000.0
489,2412544,1178,4928,5.279840755462646,-5.134378671646118,0.425390625,2.9250357151031494,-0.010790794028434903,0.0553696,0.33408355712890625,0.0003,0.9799044132232666,30300,0.2,1740.85693359375,1000.0
489,2414592,1179,4932,4.024867355823517,-5.137749457359314,0.37255859375,2.092053174972534,-0.01610836333129555,0.053118713,0.3341450095176697,0.0003,0.9831115007400513,30305,0.2,1740.85693359375,1000.0
489,2416640,1180,4937,8.151051139831543,-5.142735409736633,0.412109375,3.7953929901123047,-0.004366599558852613,0.04930727,0.3342573940753937,0.0003,0.9637330174446106,30310,0.2,1739.8377685546875,1000.0
489,2418688,1181,4941,5.860150766372681,-5.148501920700073,0.35439453125,2.647454261779785,-0.009853734110947698,0.04028589,0.33440524339675903,0.0003,0.9802329540252686,30315,0.2,1739.8377685546875,1000.0
489,2420736,1182,4945,6.456006455421448,-5.149425649642945,0.395703125,3.1992390155792236,-0.015127461799420417,0.04812121,0.33430230617523193,0.0003,0.987505316734314,30320,0.2,1739.8377685546875,1000.0
489,2422784,1183,4949,4.07153012752533,-5.144369411468506,0.30458984375,1.9536939859390259,-0.006287715630605817,0.033979416,0.3342318832874298,0.0003,0.9913082122802734,30325,0.2,1739.8377685546875,1000.0
489,2424832,1184,4955,5.135059142112732,-5.14684636592865,0.48857421875,2.5616507530212402,-0.0008023027330636978,0.07884185,0.3343958854675293,0.0003,0.9893954396247864,30330,0.2,1746.5855712890625,1000.0
489,2426880,1185,4959,5.740989184379577,-5.1611008644104,0.36064453125,2.940487861633301,-0.004391784546896815,0.05167306,0.3345637321472168,0.0003,0.9903974533081055,30335,0.2,1746.5855712890625,1000.0
489,2428928,1186,4962,4.832284450531006,-5.166756415367127,0.45478515625,2.60456919670105,-0.0017308901820797472,0.05409577,0.3345610499382019,0.0003,0.9918042421340942,30340,0.2,1746.5855712890625,1000.0
489,2430976,1187,4966,3.387633407115936,-5.166026663780213,0.35283203125,1.6242235898971558,-0.00943762295646593,0.025287392,0.33459970355033875,0.0003,0.9940076470375061,30345,0.2,1746.5855712890625,1000.0
489,2433024,1188,4972,4.259528481960297,-5.170491099357605,0.28203125,2.0612921714782715,-0.013762740022502839,0.02536212,0.3347063958644867,0.0003,0.9918317794799805,30350,0.2,1741.403076171875,1000.0
489,2435072,1189,4977,3.5315798997879027,-5.169661331176758,0.286328125,1.6478437185287476,-0.017171818017959594,0.027339252,0.3346601128578186,0.0003,0.9951907396316528,30355,0.2,1741.403076171875,1000.0
489,2437120,1190,4981,3.552063500881195,-5.164214015007019,0.43505859375,1.6631956100463867,-0.011341255716979503,0.06478109,0.3345848321914673,0.0003,0.9959184527397156,30360,0.2,1741.403076171875,1000.0
489,2439168,1191,4985,4.391425538063049,-5.163946104049683,0.3921875,2.2961716651916504,-0.008678053319454194,0.04493654,0.3346443176269531,0.0003,0.9951144456863403,30365,0.2,1741.403076171875,1000.0
489,2441216,1192,4990,3.2721805810928344,-5.160583448410034,0.31484375,1.4922544956207275,-0.015694612823426723,0.02656274,0.33448466658592224,0.0003,0.9964492321014404,30370,0.2,1733.20068359375,1000.0
489,2443264,1193,4994,4.907083249092102,-5.153045105934143,0.36826171875,2.720987558364868,-0.015770714613609016,0.055200428,0.3344503939151764,0.0003,0.9938827753067017,30375,0.2,1733.20068359375,1000.0
489,2445312,1194,4998,5.746203851699829,-5.152848386764527,0.3341796875,2.820829391479492,-0.013019305164925754,0.029361412,0.33437663316726685,0.0003,0.9915506839752197,30380,0.2,1733.20068359375,1000.0
489,2447360,1195,5002,3.8217339158058166,-5.149531054496765,0.26337890625,1.7934538125991821,-0.018231333955191074,0.025443476,0.33431538939476013,0.0003,0.994347095489502,30385,0.2,1733.20068359375,1000.0
489,2449408,1196,5008,3.2442853689193725,-5.147874236106873,0.326171875,1.513563632965088,-0.012448120350018143,0.04454945,0.3343365788459778,0.0003,0.9949951171875,30390,0.2,1733.5933837890625,1000.0
489,2451456,1197,5012,4.49903814792633,-5.149426293373108,0.37724609375,2.3310301303863525,-0.009257775568403303,0.049133897,0.33444368839263916,0.0003,0.989220142364502,30395,0.2,1733.5933837890625,1000.0
489,2453504,1198,5016,5.741182732582092,-5.151867771148682,0.3251953125,2.721505641937256,-0.01205307999625802,0.029259235,0.3344807028770447,0.0003,0.9802184700965881,30400,0.2,1733.5933837890625,1000.0
489,2455552,1199,5020,5.968053245544434,-5.152341890335083,0.35966796875,2.7915267944335938,-0.01556255854666233,0.040008314,0.3343851864337921,0.0003,0.98043292760849,30405,0.2,1733.5933837890625,1000.0
488,2457600,1200,5025,4.235978662967682,-5.1498651027679445,0.29033203125,1.9825841188430786,-0.012534433137625456,0.031133726,0.33443811535835266,0.0003,0.984693169593811,30410,0.2,1741.498779296875,1000.0
489,2459648,1201,5029,3.8955233335494994,-5.1559349536895756,0.36552734375,1.9419969320297241,-0.009815297927707434,0.050474767,0.3346850574016571,0.0003,0.994481086730957,30415,0.2,1741.498779296875,1000.0
489,2461696,1202,5033,4.443387866020203,-5.166805458068848,0.36279296875,2.2289886474609375,0.0013714830623939634,0.047952164,0.33472901582717896,0.0003,0.994343101978302,30420,0.2,1741.498779296875,1000.0
489,2463744,1203,5037,5.36429443359375,-5.164576673507691,0.3837890625,2.3085145950317383,-0.00912494701333344,0.049618557,0.3346339464187622,0.0003,0.9933894276618958,30425,0.2,1741.498779296875,1000.0
488,2465792,1204,5042,4.971657228469849,-5.160886287689209,0.30595703125,2.5008199214935303,-0.01626082684379071,0.03159616,0.33454692363739014,0.0003,0.9938890933990479,30430,0.2,1756.664794921875,1000.0
489,2467840,1205,5046,4.678193163871765,-5.158739304542541,0.3431640625,2.211118221282959,-0.01760983283165842,0.031043094,0.3345407247543335,0.0003,0.9924248456954956,30435,0.2,1756.664794921875,1000.0
489,2469888,1206,5050,3.298835504055023,-5.159025192260742,0.2974609375,1.5540428161621094,-0.018814083957113325,0.036144115,0.3345051407814026,0.0003,0.99433833360672,30440,0.2,1756.664794921875,1000.0
489,2471936,1207,5054,3.8585734724998475,-5.1563677310943605,0.323046875,1.8273580074310303,-0.014634955464862287,0.03158013,0.33447760343551636,0.0003,0.9935501217842102,30445,0.2,1756.664794921875,1000.0
488,2473984,1208,5059,3.8108439326286314,-5.155358552932739,0.23642578125,2.2108402252197266,-0.015472037228755653,0.023770846,0.3343855142593384,0.0003,0.9933900237083435,30450,0.2,1754.6439208984375,1000.0
488,2476032,1209,5063,7.535653686523437,-5.151324653625489,0.3578125,3.5517754554748535,-0.019962261174805464,0.04162544,0.3343506455421448,0.0003,0.8996402025222778,30455,0.2,1754.6439208984375,1000.0
489,2478080,1210,5067,5.632077312469482,-5.1578692436218265,0.50087890625,2.6369540691375732,-0.0031035570544190707,0.09307308,0.3344694674015045,0.0003,0.8436044454574585,30460,0.2,1754.6439208984375,1000.0
488,2480128,1211,5072,8.284753847122193,-5.172981905937195,0.440625,3.796295404434204,-0.005829911725595593,0.06966375,0.3346477746963501,0.0003,0.8024082779884338,30465,0.2,1773.6246337890625,1000.0
488,2482176,1212,5077,5.278959488868713,-5.187140274047851,0.45947265625,3.035261392593384,-0.001837087981402874,0.069936894,0.33479809761047363,0.0003,0.9498344659805298,30470,0.2,1773.6246337890625,1000.0
488,2484224,1213,5081,4.319941234588623,-5.196065878868103,0.4201171875,2.4397897720336914,-0.0001822673249989748,0.04580399,0.3349146842956543,0.0003,0.9915249347686768,30475,0.2,1773.6246337890625,1000.0
488,2486272,1214,5085,4.290699982643128,-5.2008836507797245,0.38779296875,2.2703866958618164,-0.01211537905037403,0.053764142,0.33502060174942017,0.0003,0.9912872910499573,30480,0.2,1773.6246337890625,1000.0
488,2488320,1215,5090,3.9844783902168275,-5.206592559814453,0.23974609375,1.9997094869613647,-0.018141715275123715,0.022006132,0.3350479006767273,0.0003,0.9923956394195557,30485,0.2,1759.9095458984375,1000.0
488,2490368,1216,5094,2.7890353322029116,-5.207948803901672,0.31796875,1.2302895784378052,-0.01855691398959607,0.028688759,0.3350307047367096,0.0003,0.9945957064628601,30490,0.2,1759.9095458984375,1000.0
488,2492416,1217,5098,4.137672758102417,-5.20454523563385,0.2658203125,1.9004220962524414,-0.01776043763384223,0.024345506,0.33485785126686096,0.0003,0.9855279922485352,30495,0.2,1759.9095458984375,1000.0
488,2494464,1218,5102,7.2212533235549925,-5.195327568054199,0.3640625,3.271636724472046,-0.00795451297890395,0.029947422,0.3346813917160034,0.0003,0.9738798141479492,30500,0.2,1759.9095458984375,1000.0
488,2496512,1219,5107,6.107608819007874,-5.186077451705932,0.3087890625,2.7727646827697754,-0.015697857551276683,0.039472,0.3344590365886688,0.0003,0.9784567952156067,30505,0.2,1772.2269287109375,1000.0
488,2498560,1220,5111,4.780044686794281,-5.177024984359742,0.30458984375,2.124946355819702,-0.013478564203251154,0.038889766,0.3342704772949219,0.0003,0.9868267774581909,30510,0.2,1772.2269287109375,1000.0
488,2500608,1221,5115,4.470820450782776,-5.169002485275269,0.32314453125,2.350815534591675,-0.012597831292077899,0.041014317,0.33418506383895874,0.0003,0.9926494359970093,30515,0.2,1772.2269287109375,1000.0
488,2502656,1222,5119,4.615013146400452,-5.16602053642273,0.34970703125,2.221205472946167,-0.013492451282218099,0.044780314,0.33407846093177795,0.0003,0.9919340014457703,30520,0.2,1772.2269287109375,1000.0
488,2504704,1223,5124,3.6596794724464417,-5.162363839149475,0.437890625,1.6999452114105225,-0.001519126701168716,0.03855652,0.33408981561660767,0.0003,0.9939913749694824,30525,0.2,1778.13671875,1000.0
488,2506752,1224,5127,4.227151310443878,-5.165044546127319,0.2806640625,1.9663587808609009,-0.020994331035763026,0.030077714,0.33404725790023804,0.0003,0.9929815530776978,30530,0.2,1778.13671875,1000.0
488,2508800,1225,5131,3.3397124886512755,-5.163517045974731,0.30556640625,1.5877418518066406,-0.016418323712423445,0.025601003,0.33395153284072876,0.0003,0.9940076470375061,30535,0.2,1778.13671875,1000.0
488,2510848,1226,5135,2.7679067134857176,-5.160102415084839,0.29052734375,1.1731427907943726,-0.011051282263360917,0.031150546,0.33386650681495667,0.0003,0.9951602220535278,30540,0.2,1778.13671875,1000.0
488,2512896,1227,5141,2.9387105226516725,-5.1536789894104,0.2880859375,1.6317981481552124,-0.009709703410044313,0.0211915,0.33377552032470703,0.0003,0.9950892925262451,30545,0.2,1767.939208984375,1000.0
488,2514944,1228,5145,4.329800856113434,-5.145921277999878,0.33994140625,2.262902021408081,-0.00832398107741028,0.043921623,0.3336864709854126,0.0003,0.992311418056488,30550,0.2,1767.939208984375,1000.0
488,2516992,1229,5150,6.106077694892884,-5.140413379669189,0.27744140625,2.8881289958953857,-0.016863007331267,0.030246766,0.3336135149002075,0.0003,0.9866728186607361,30555,0.2,1767.939208984375,1000.0
488,2519040,1230,5154,4.236197471618652,-5.139207887649536,0.3716796875,2.0733163356781006,-0.013344998616958037,0.04361287,0.3335549533367157,0.0003,0.9904174208641052,30560,0.2,1767.939208984375,1000.0
488,2521088,1231,5161,3.7243370056152343,-5.137193441390991,0.2646484375,1.8102869987487793,-0.014252042840234935,0.026235655,0.33350518345832825,0.0003,0.9917752742767334,30565,0.2,1760.30224609375,1000.0
488,2523136,1232,5166,5.821605587005616,-5.138338255882263,0.320703125,2.6244609355926514,-0.017862591543234885,0.026863905,0.3335413336753845,0.0003,0.9872468113899231,30570,0.2,1760.30224609375,1000.0
488,2525184,1233,5171,3.7075498700141907,-5.142772269248963,0.21650390625,1.7528841495513916,-0.018793998612090947,0.0257009,0.3336282968521118,0.0003,0.9901593923568726,30575,0.2,1760.30224609375,1000.0
488,2527232,1234,5176,3.8024760127067565,-5.151837587356567,0.3345703125,1.6978557109832764,-0.014784201281145215,0.028359655,0.3337356448173523,0.0003,0.9895555377006531,30580,0.2,1760.30224609375,1000.0
488,2529280,1235,5182,3.6573415637016295,-5.15500910282135,0.330859375,1.716225504875183,-0.018822461413219572,0.027617069,0.33369743824005127,0.0003,0.9894248247146606,30585,0.2,1753.666259765625,1000.0
487,2531328,1236,5187,4.4510931968688965,-5.156859588623047,0.36982421875,2.1140007972717285,-0.013370474439579994,0.052231316,0.33381736278533936,0.0003,0.9858939051628113,30590,0.2,1753.666259765625,1000.0
487,2533376,1237,5192,3.7876386523246763,-5.160560774803161,0.36044921875,1.7384999990463257,-0.008416391466744244,0.0433039,0.33371567726135254,0.0003,0.962505578994751,30595,0.2,1753.666259765625,1000.0
487,2535424,1238,5196,5.133395147323609,-5.154681706428528,0.44453125,2.702437162399292,-0.006364563014358282,0.044918023,0.33364689350128174,0.0003,0.956899881362915,30600,0.2,1753.666259765625,1000.0
487,2537472,1239,5201,3.365991771221161,-5.156743288040161,0.3458984375,1.7953720092773438,-0.0008351254276931286,0.07398525,0.3337768316268921,0.0003,0.9689319729804993,30605,0.2,1773.7353515625,1000.0
487,2539520,1240,5206,2.86684113740921,-5.161720252037048,0.32900390625,1.5404605865478516,-0.004010623635258526,0.031995777,0.3337371051311493,0.0003,0.9915000200271606,30610,0.2,1773.7353515625,1000.0
