time/total_timesteps,time/time_elapsed,time/iterations,time/fps,train/clip_fraction,train/explained_variance,train/policy_gradient_loss,train/std,train/loss,train/entropy_loss,rollout/ep_rew_mean,rollout/ep_len_mean,train/clip_range,train/approx_kl,train/value_loss,train/learning_rate,train/n_updates,eval/en_iyi_adim,eval/skor
4096,5,1,772,,,,,,,,,,,,,,,
8192,8,2,979,0.13583984375,0.8814061880111694,0.0032514930237084625,0.09999581426382065,175.73849487304688,15.906264328956604,551.0257568359375,424.5,0.2,0.01016023,447.9203735351563,0.0001,4550,,
12288,11,3,1073,0.003369140625,0.8376929759979248,-0.004088899958878756,0.1000007763504982,299.8065490722656,15.906025409698486,385.83770751953125,534.75,0.2,0.0027306583,542.412434387207,0.0001,4555,,
16384,16,4,999,0.022021484375,0.9124043583869934,-0.006893859023693949,0.0999937504529953,116.99553680419922,15.905796766281128,1352.7825927734375,840.6111111111111,0.2,0.0061171595,262.7231960296631,0.0001,4560,,
20480,19,5,1025,0.0025390625,0.8773469924926758,-0.004490775591693819,0.09997888654470444,151.38809204101562,15.908103656768798,1189.962646484375,775.4285714285714,0.2,0.0026288829,325.8418701171875,0.0001,4565,,
24576,23,6,1057,0.0013671875,0.7445131540298462,-0.002941602577629965,0.09997855126857758,203.6256561279297,15.909679841995239,1095.3807373046875,740.75,0.2,0.0020596446,541.2177619934082,0.0001,4570,,
28672,26,7,1094,0.02392578125,0.8705287575721741,-0.008420162473339588,0.09997264295816422,109.51732635498047,15.90988130569458,1033.50439453125,718.1538461538462,0.2,0.006531028,250.8882511138916,0.0001,4575,,
32768,30,8,1077,0.026123046875,0.8732252717018127,-0.007860785505909008,0.09996303170919418,75.71855926513672,15.91129560470581,1220.775390625,794.3421052631579,0.2,0.0064698337,201.94255542755127,0.0001,4580,,
36864,33,9,1098,0.03291015625,0.9111810326576233,-0.00811820209491998,0.09997539967298508,56.93388748168945,15.911829447746277,1176.5069580078125,774.9268292682926,0.2,0.0073810993,132.12225856781006,0.0001,4585,,
40960,36,10,1112,0.021044921875,0.8778773546218872,-0.0061308992910198866,0.0999787226319313,62.34175491333008,15.909490847587586,1151.75732421875,773.7674418604652,0.2,0.00606138,209.16639957427978,0.0001,4590,,
45056,39,11,1131,0.061669921875,0.9432332515716553,-0.01123945222934708,0.0999549850821495,32.66697692871094,15.910880875587463,1130.3409423828125,760.0666666666667,0.2,0.00986071,90.44008674621583,0.0001,4595,,
49152,44,12,1109,0.015966796875,0.8742799758911133,-0.007058128749486059,0.0999404564499855,127.716064453125,15.915226221084595,1221.38037109375,793.7457627118644,0.2,0.0056833145,200.90004119873046,0.0001,4600,,
53248,47,13,1129,0.00478515625,0.8604651689529419,-0.0051759168854914606,0.09993872791528702,145.51864624023438,15.916820001602172,1206.1488037109375,789.8333333333334,0.2,0.0035152873,289.44974517822266,0.0001,4605,,
57344,50,14,1140,0.018212890625,0.8756155967712402,-0.007184996583964676,0.0999329462647438,94.0111312866211,15.916966652870178,1159.319091796875,790.2903225806451,0.2,0.0056176186,251.65723419189453,0.0001,4610,,
61440,53,15,1150,0.02099609375,0.8691907525062561,-0.007367868203436956,0.09992679208517075,107.82005310058594,15.918486714363098,1118.5841064453125,788.5538461538462,0.2,0.006034803,254.69442481994628,0.0001,4615,,
65536,57,16,1136,0.017578125,0.874386191368103,-0.006890566000947729,0.09991177916526794,79.25559997558594,15.920037722587585,1183.6231689453125,814.3766233766233,0.2,0.0056168064,261.36953964233396,0.0001,4620,,
69632,60,17,1141,0.0470703125,0.9438697695732117,-0.008681727439397945,0.099909208714962,40.60139465332031,15.921969962120055,1166.3365478515625,802.6962025316456,0.2,0.008417511,107.0731767654419,0.0001,4625,,
73728,64,18,1146,0.0541015625,0.9083833694458008,-0.009429617045680062,0.09988419711589813,92.2080307006836,15.923850584030152,1157.246337890625,797.390243902439,0.2,0.009816002,183.93227939605714,0.0001,4630,,
77824,67,19,1154,0.070751953125,0.940674364566803,-0.01098580937832594,0.09982382506132126,69.44132232666016,15.9311763048172,1126.9150390625,791.0470588235294,0.2,0.009552699,143.45723075866698,0.0001,4635,,
81920,71,20,1143,0.056982421875,0.9385398626327515,-0.01034746553050354,0.09980066865682602,89.73375701904297,15.940261840820312,1222.953857421875,813.0,0.2,0.009446306,198.24935493469238,0.0001,4640,,
86016,74,21,1148,0.063818359375,0.9333288669586182,-0.010907247837167233,0.0998116135597229,57.478981018066406,15.940698909759522,1219.1190185546875,807.89898989899,0.2,0.00982984,161.26446037292482,0.0001,4645,,
90112,78,22,1151,0.021533203125,0.8254479169845581,-0.006998390099033714,0.09981885552406311,176.22877502441406,15.938989353179931,1204.9415283203125,810.05,0.2,0.006065625,357.58044815063477,0.0001,4650,,
94208,81,23,1160,0.021240234375,0.8878698348999023,-0.007384708360768854,0.09981266409158707,105.50892639160156,15.938592076301575,1203.5255126953125,806.66,0.2,0.006623842,296.16311111450193,0.0001,4655,,
98304,85,24,1148,0.077197265625,0.9227018356323242,-0.013442563696298749,0.09977484494447708,80.13351440429688,15.941970086097717,1187.59619140625,805.1,0.2,0.0108781215,179.9010066986084,0.0001,4660,,
102400,88,25,1150,0.058251953125,0.9242105484008789,-0.010088906230521388,0.09975288063287735,79.87154388427734,15.9484308719635,1172.3355712890625,809.29,0.2,0.010009284,188.49847679138185,0.0001,4665,,
106496,92,26,1156,0.05771484375,0.9310091137886047,-0.009536179818678648,0.09973730146884918,72.71124267578125,15.95178234577179,1177.270751953125,812.71,0.2,0.0100709405,158.99749355316163,0.0001,4670,,
110592,95,27,1163,0.0708984375,0.9393831491470337,-0.011500652914401143,0.09969019889831543,65.33547973632812,15.956346011161804,1170.9805908203125,810.87,0.2,0.0097084325,130.4529302597046,0.0001,4675,,
114688,99,28,1154,0.086669921875,0.9454618096351624,-0.012198828998953104,0.09966429322957993,42.45610046386719,15.964353680610657,1186.3929443359375,827.73,0.2,0.010133337,109.1337875366211,0.0001,4680,,
118784,102,29,1157,0.081005859375,0.9582542181015015,-0.010874713707016781,0.0996454730629921,45.383094787597656,15.968090367317199,1157.50537109375,824.18,0.2,0.010974366,103.69277801513672,0.0001,4685,,
122880,105,30,1160,0.0783203125,0.9599031805992126,-0.010967331280698999,0.09959843009710312,37.2716178894043,15.972885656356812,1149.486328125,824.97,0.2,0.010582021,92.9483793258667,0.0001,4690,,
126976,108,31,1168,0.082373046875,0.9465479254722595,-0.01144327066722326,0.09958595037460327,68.42699432373047,15.98056800365448,1148.8330078125,824.42,0.2,0.010294224,130.99699592590332,0.0001,4695,,
131072,113,32,1157,0.07138671875,0.9652568101882935,-0.010334663407411427,0.09956373274326324,24.599754333496094,15.981394028663635,1184.1248779296875,835.4,0.2,0.011765616,76.6645845413208,0.0001,4700,,
135168,116,33,1159,0.058837890625,0.8845452070236206,-0.008924333992763423,0.0995527058839798,122.94854736328125,15.985862326622009,1158.072021484375,823.37,0.2,0.009568955,230.73981208801268,0.0001,4705,,
139264,119,34,1165,0.03544921875,0.8468030691146851,-0.008271534653613345,0.09954310208559036,68.31291198730469,15.98683683872223,1155.804443359375,822.43,0.2,0.007897944,197.8328914642334,0.0001,4710,,
143360,122,35,1167,0.044970703125,0.8534804582595825,-0.009675255231559276,0.09952643513679504,60.579551696777344,15.989632153511048,1175.3001708984375,817.47,0.2,0.008804129,134.4704792022705,0.0001,4715,,
147456,127,36,1159,0.05126953125,0.760443389415741,-0.008676477411063388,0.09952160716056824,107.2127914428711,15.991810941696167,1209.059326171875,814.74,0.2,0.009460302,268.55647430419924,0.0001,4720,,
151552,130,37,1162,0.048095703125,0.8870712518692017,-0.008510307664982975,0.09952554106712341,130.15780639648438,15.99194438457489,1195.897705078125,815.24,0.2,0.008970072,332.911092376709,0.0001,4725,,
155648,133,38,1165,0.060205078125,0.8873489499092102,-0.009894891147268936,0.0995132103562355,138.6986083984375,15.992097306251527,1182.0028076171875,815.14,0.2,0.010132119,327.63238220214845,0.0001,4730,,
159744,136,39,1167,0.05927734375,0.8918454051017761,-0.011503324401564896,0.099516361951828,145.3258514404297,15.9939355134964,1165.4468994140625,809.0,0.2,0.009565365,306.4528305053711,0.0001,4735,,
163840,141,40,1160,0.05029296875,0.9204788208007812,-0.008827534649753943,0.09948483854532242,157.16697692871094,15.994628262519836,1190.19970703125,814.94,0.2,0.009052461,234.15704917907715,0.0001,4740,,
167936,144,41,1164,0.0708984375,0.8421061635017395,-0.010957727208733559,0.09945842623710632,100.28002166748047,16.00127387046814,1168.884521484375,812.01,0.2,0.011549531,228.82359504699707,0.0001,4745,,
172032,147,42,1167,0.086083984375,0.8644286394119263,-0.011977399786701426,0.09944668412208557,69.58211517333984,16.004850482940675,1163.93994140625,809.75,0.2,0.010978557,160.06625957489013,0.0001,4750,,
176128,151,43,1160,0.0939453125,0.8898236751556396,-0.014173603605013341,0.09945046901702881,74.15464782714844,16.00533323287964,1164.4720458984375,821.25,0.2,0.011845481,175.17326812744142,0.0001,4755,,
180224,156,44,1155,0.105859375,0.934180498123169,-0.011578034528065472,0.09940110892057419,49.458824157714844,16.00783610343933,1152.7794189453125,815.53,0.2,0.012069421,108.55381183624267,0.0001,4760,,
184320,158,45,1160,0.09814453125,0.9283093214035034,-0.010791516097378917,0.09936347603797913,88.43936157226562,16.017416954040527,1152.7794189453125,815.53,0.2,0.010984308,178.65560398101806,0.0001,4765,,
188416,162,46,1162,0.0775390625,0.9381951093673706,-0.010883454108261503,0.09934093058109283,44.01566696166992,16.02283134460449,1155.4130859375,813.59,0.2,0.010868924,118.6411813735962,0.0001,4770,,
192512,166,47,1154,0.06962890625,0.902020275592804,-0.009068059863056987,0.09932336956262589,101.72178649902344,16.026728105545043,1193.3330078125,809.74,0.2,0.008346957,223.41012878417968,0.0001,4775,,
196608,169,48,1157,0.113916015625,0.9303984642028809,-0.013641655864194035,0.09933185577392578,72.65960693359375,16.027842712402343,1199.876220703125,814.17,0.2,0.012585621,151.72536449432374,0.0001,4780,,
200704,172,49,1160,0.10732421875,0.9557830691337585,-0.013231269968673586,0.0993112251162529,51.96259307861328,16.02772707939148,1195.2540283203125,805.87,0.2,0.014221041,122.09259490966797,0.0001,4785,,
204800,175,50,1165,0.107568359375,0.9600335955619812,-0.01249655958963558,0.09930947422981262,65.90099334716797,16.030710887908935,1195.2540283203125,805.87,0.2,0.011405765,133.7146484375,0.0001,4790,,
208896,180,51,1154,0.07734375,0.9700896739959717,-0.010658483032602816,0.09930728375911713,33.018802642822266,16.03082332611084,1236.2821044921875,817.19,0.2,0.011863052,97.43520030975341,0.0001,4795,,
212992,183,52,1157,0.079638671875,0.9454762935638428,-0.011258333409205078,0.09927864372730255,92.65325164794922,16.033421564102174,1234.7080078125,817.19,0.2,0.010548357,208.2577013015747,0.0001,4800,,
217088,187,53,1160,0.080078125,0.9062996506690979,-0.011488183349138125,0.09926385432481766,62.717369079589844,16.037726402282715,1212.8841552734375,809.89,0.2,0.01096165,149.24643955230712,0.0001,4805,,
221184,190,54,1163,0.062255859375,0.9238865971565247,-0.00791947278776206,0.09926344454288483,64.08805084228516,16.039163970947264,1211.7379150390625,814.68,0.2,0.009284137,153.99260749816895,0.0001,4810,,
225280,194,55,1156,0.09521484375,0.9526635408401489,-0.012481843482237309,0.09922720491886139,43.693016052246094,16.041642427444458,1240.55322265625,825.04,0.2,0.013676726,111.59340324401856,0.0001,4815,,
229376,197,56,1159,0.088330078125,0.9288837909698486,-0.012646653270348907,0.09922027587890625,70.53165435791016,16.047033739089965,1247.3397216796875,825.04,0.2,0.010901565,154.86559104919434,0.0001,4820,,
233472,201,57,1161,0.077978515625,0.9410093426704407,-0.010208422923460603,0.09920845925807953,55.91059875488281,16.047755765914918,1227.5074462890625,821.25,0.2,0.009823745,144.8852596282959,0.0001,4825,,
237568,204,58,1163,0.086865234375,0.9286673069000244,-0.011599495969130657,0.0992007702589035,106.27681732177734,16.050017499923705,1235.2789306640625,817.31,0.2,0.0105133215,203.75495452880858,0.0001,4830,,
241664,209,59,1153,0.085107421875,0.9035713076591492,-0.011910372477723285,0.09918145090341568,81.23853302001953,16.0522253036499,1281.39013671875,838.01,0.2,0.011850164,220.4513931274414,0.0001,4835,,
245760,212,60,1155,0.113720703125,0.9510454535484314,-0.013087915806681848,0.09914340078830719,49.09086608886719,16.05695595741272,1267.280517578125,832.05,0.2,0.014078106,128.00183792114257,0.0001,4840,,
249856,216,61,1156,0.071484375,0.9461677670478821,-0.009545966994483023,0.09912872314453125,40.09297180175781,16.062647914886476,1233.239990234375,824.55,0.2,0.0104742795,110.32793941497803,0.0001,4845,,
253952,247,62,1024,0.0693359375,0.9162043929100037,-0.010405017790617421,0.0991300642490387,66.49454498291016,16.063863801956177,1237.721435546875,821.98,0.2,0.010719743,206.73505973815918,0.0001,4850,250000,2.4299364733560433
258048,252,63,1022,0.1060546875,0.9404850602149963,-0.012947879196144641,0.0991453006863594,59.91717529296875,16.062083530426026,1273.6878662109375,832.27,0.2,0.012657146,152.65633888244628,0.0001,4855,,
262144,255,64,1024,0.099365234375,0.9330481290817261,-0.011731819773558527,0.09909411519765854,52.9705924987793,16.06352119445801,1277.0191650390625,819.35,0.2,0.011379399,134.96522617340088,0.0001,4860,,
266240,258,65,1028,0.10048828125,0.9072130918502808,-0.011376055818982423,0.09904318302869797,69.10296630859375,16.07522940635681,1273.03271484375,820.39,0.2,0.010846617,181.93920516967773,0.0001,4865,,
270336,261,66,1032,0.080224609375,0.8860394954681396,-0.01164742533583194,0.09903141111135483,85.56559753417969,16.081002044677735,1269.317626953125,821.21,0.2,0.01171436,198.95505142211914,0.0001,4870,,
274432,266,67,1030,0.129345703125,0.9080296754837036,-0.014282373432070016,0.09906844049692154,52.85774612426758,16.078938674926757,1290.9027099609375,831.1,0.2,0.013266442,118.44359951019287,0.0001,4875,,
278528,269,68,1032,0.0935546875,0.8373788595199585,-0.011320002266438678,0.09906433522701263,73.54098510742188,16.074589014053345,1271.2540283203125,830.97,0.2,0.010470327,201.40730934143068,0.0001,4880,,
282624,272,69,1035,0.072802734375,0.8640543222427368,-0.01151021977129858,0.09905121475458145,96.54776763916016,16.07646589279175,1247.8128662109375,820.14,0.2,0.010798771,216.8698657989502,0.0001,4885,,
286720,275,70,1039,0.102197265625,0.9307719469070435,-0.012305327458307147,0.09902937710285187,57.19416809082031,16.07965941429138,1241.03125,818.38,0.2,0.011913121,143.25574626922608,0.0001,4890,,
290816,280,71,1037,0.0927734375,0.9432879686355591,-0.013561747688800096,0.09901592135429382,45.662715911865234,16.082944488525392,1277.2310791015625,832.02,0.2,0.012207037,107.3554630279541,0.0001,4895,,
294912,283,72,1040,0.068896484375,0.8620388507843018,-0.009991822147276253,0.09903626888990402,84.06803131103516,16.08287959098816,1242.7252197265625,823.12,0.2,0.010564398,207.87590827941895,0.0001,4900,,
299008,286,73,1043,0.08896484375,0.8618589043617249,-0.01244538456085138,0.0990624949336052,116.51033782958984,16.07848529815674,1214.5406494140625,817.4,0.2,0.011122742,257.40463027954104,0.0001,4905,,
303104,289,74,1046,0.082666015625,0.8819407820701599,-0.011673438793513924,0.09907926619052887,69.86659240722656,16.073910856246947,1226.90673828125,819.25,0.2,0.011892762,184.56549034118652,0.0001,4910,,
307200,294,75,1043,0.100341796875,0.8786470293998718,-0.013340313572552987,0.09904644638299942,83.51995086669922,16.074889945983887,1247.0672607421875,826.96,0.2,0.012476782,211.58835067749024,0.0001,4915,,
311296,297,76,1045,0.134130859375,0.9162205457687378,-0.015732945350464433,0.09897863864898682,75.3476791381836,16.08456416130066,1223.475830078125,813.56,0.2,0.014461262,158.3942325592041,0.0001,4920,,
315392,300,77,1048,0.08173828125,0.8726810216903687,-0.011613198433769867,0.09896931797266006,112.861328125,16.093216371536254,1211.0682373046875,811.83,0.2,0.009994142,270.8662136077881,0.0001,4925,,
319488,303,78,1052,0.109423828125,0.8940554857254028,-0.011997459942358546,0.0989275574684143,93.71905517578125,16.095693922042848,1215.3096923828125,811.05,0.2,0.011836328,210.25066909790038,0.0001,4930,,
323584,308,79,1049,0.091064453125,0.9293813705444336,-0.01149203525565099,0.0988895446062088,65.78108215332031,16.104160022735595,1241.29248046875,817.44,0.2,0.012294469,140.89320316314698,0.0001,4935,,
327680,311,80,1052,0.12880859375,0.9181317687034607,-0.01480753670912236,0.09888292104005814,67.9016342163086,16.10807056427002,1225.4937744140625,814.95,0.2,0.013322245,166.9197727203369,0.0001,4940,,
331776,314,81,1054,0.09873046875,0.894711971282959,-0.012992467195726932,0.09891089797019958,74.6865234375,16.106508493423462,1224.07275390625,814.03,0.2,0.013160527,208.03141975402832,0.0001,4945,,
335872,317,82,1057,0.096826171875,0.8931848406791687,-0.012433004239574075,0.0989256277680397,94.99778747558594,16.101690530776978,1217.2615966796875,808.35,0.2,0.01162643,213.79931755065917,0.0001,4950,,
339968,322,83,1052,0.06123046875,0.9122908115386963,-0.00957780415774323,0.09891705960035324,93.55303955078125,16.100928163528444,1175.423095703125,818.67,0.2,0.009529356,207.4033405303955,0.0001,4955,,
344064,325,84,1056,0.079443359375,0.918314516544342,-0.0104557805811055,0.0989072248339653,106.95974731445312,16.103213024139404,1159.6234130859375,813.68,0.2,0.011116618,258.5413288116455,0.0001,4960,,
348160,328,85,1059,0.105224609375,0.9346372485160828,-0.01303770977538079,0.09889768809080124,97.5472412109375,16.105026149749754,1152.9857177734375,811.33,0.2,0.012754805,211.68122177124025,0.0001,4965,,
352256,333,86,1057,0.106640625,0.942724883556366,-0.01342757573002018,0.09890004992485046,70.85516357421875,16.10527319908142,1221.7818603515625,824.6,0.2,0.013361521,164.67800827026366,0.0001,4970,,
356352,336,87,1058,0.101806640625,0.9334996938705444,-0.013330114504788071,0.09889652580022812,108.18683624267578,16.10574941635132,1216.1748046875,822.87,0.2,0.011778334,240.67865066528321,0.0001,4975,,
360448,339,88,1061,0.085595703125,0.9221293330192566,-0.009719615813810378,0.09890037775039673,94.44400024414062,16.105732440948486,1184.9981689453125,818.09,0.2,0.009406787,194.66296195983887,0.0001,4980,,
364544,342,89,1064,0.103857421875,0.9321500658988953,-0.011224849079735578,0.09886433184146881,66.69315338134766,16.107746601104736,1184.9981689453125,818.09,0.2,0.011851527,176.34163093566895,0.0001,4985,,
368640,347,90,1061,0.144580078125,0.9625145196914673,-0.012779076350852847,0.09882280230522156,41.65409851074219,16.11554126739502,1200.9415283203125,828.72,0.2,0.015501148,98.37956199645996,0.0001,4990,,
372736,350,91,1063,0.166845703125,0.9443251490592957,-0.012926173763116822,0.09879794716835022,73.70387268066406,16.122506666183472,1170.49853515625,820.47,0.2,0.015362665,141.60092067718506,0.0001,4995,,
376832,353,92,1066,0.106787109375,0.8724469542503357,-0.011597992322640494,0.09877848625183105,113.90999603271484,16.125339031219482,1161.033203125,820.3,0.2,0.012448933,279.86806144714353,0.0001,5000,,
380928,356,93,1067,0.1248046875,0.9181262850761414,-0.013811167376115919,0.09877670556306839,59.95012664794922,16.12803864479065,1148.8565673828125,815.55,0.2,0.0130342245,151.51774673461915,0.0001,5005,,
385024,360,94,1066,0.14375,0.9338841438293457,-0.013052741542924195,0.09878140687942505,70.43048095703125,16.12779369354248,1175.4884033203125,820.66,0.2,0.015030227,163.850022315979,0.0001,5010,,
389120,364,95,1067,0.142724609375,0.9431834816932678,-0.013336590735707431,0.0987459346652031,59.363956451416016,16.130022287368774,1157.090087890625,814.3,0.2,0.014844556,144.5183771133423,0.0001,5015,,
393216,367,96,1069,0.106884765625,0.9246219992637634,-0.011039298147079536,0.09875068068504333,78.18265533447266,16.134458303451538,1157.829833984375,813.15,0.2,0.012019987,168.31132164001465,0.0001,5020,,
397312,370,97,1072,0.097412109375,0.9257068634033203,-0.011281481647165493,0.09876016527414322,57.877262115478516,16.131896781921387,1152.8472900390625,813.47,0.2,0.011492001,161.40517177581788,0.0001,5025,,
401408,375,98,1068,0.13291015625,0.9354133605957031,-0.012583473359700292,0.09873765707015991,48.64155578613281,16.132282543182374,1137.8162841796875,813.61,0.2,0.015368356,124.93075981140137,0.0001,5030,,
405504,378,99,1069,0.121826171875,0.9003362655639648,-0.013689388774218969,0.09874704480171204,79.504150390625,16.134925842285156,1136.06640625,819.07,0.2,0.012428696,225.7124225616455,0.0001,5035,,
409600,382,100,1071,0.126171875,0.9357589483261108,-0.012691260612336918,0.09872478991746902,82.0196533203125,16.135373020172118,1108.7044677734375,808.85,0.2,0.012680043,196.98394927978515,0.0001,5040,,
413696,385,101,1074,0.137939453125,0.9388430714607239,-0.013809468370163813,0.09868066757917404,84.26667022705078,16.14095869064331,1108.7044677734375,808.85,0.2,0.0149404425,186.65637702941893,0.0001,5045,,
417792,389,102,1071,0.1109375,0.945888340473175,-0.011204568523680791,0.09863857179880142,53.59579849243164,16.149525117874145,1163.635009765625,815.99,0.2,0.012422765,132.5896110534668,0.0001,5050,,
421888,393,103,1073,0.107568359375,0.9101453423500061,-0.012583329598419369,0.09863471239805222,74.8261947631836,16.15424737930298,1174.727294921875,817.62,0.2,0.013583625,183.63742942810057,0.0001,5055,,
425984,396,104,1075,0.137890625,0.9204225540161133,-0.013996475329622626,0.0986025482416153,42.55317687988281,16.156186199188234,1173.454833984375,815.46,0.2,0.013177226,109.9731538772583,0.0001,5060,,
430080,399,105,1076,0.1349609375,0.918334424495697,-0.013651699258480221,0.09857524186372757,80.67115783691406,16.163538217544556,1177.235107421875,821.24,0.2,0.012569361,151.35992946624756,0.0001,5065,,
434176,404,106,1074,0.107373046875,0.9209259152412415,-0.012657923504593781,0.09855957329273224,87.32058715820312,16.166222381591798,1200.5919189453125,822.59,0.2,0.013541081,179.4190246582031,0.0001,5070,,
438272,407,107,1075,0.11494140625,0.9322138428688049,-0.012780857214238495,0.09849568456411362,66.8852767944336,16.17279577255249,1184.3551025390625,824.18,0.2,0.012781927,160.06403083801268,0.0001,5075,,
442368,410,108,1076,0.102880859375,0.9490638375282288,-0.011089177278336138,0.09845837205648422,42.94493103027344,16.183678913116456,1174.9605712890625,811.73,0.2,0.012757022,111.70151386260986,0.0001,5080,,
446464,413,109,1079,0.107958984375,0.9402722120285034,-0.012441650230903179,0.09844305366277695,74.85597229003906,16.188257455825806,1177.2821044921875,816.19,0.2,0.01258828,161.31569061279296,0.0001,5085,,
450560,418,110,1077,0.135693359375,0.9626134634017944,-0.01211422006599605,0.09843453764915466,28.951465606689453,16.190354347229004,1205.6068115234375,817.11,0.2,0.015467817,69.42308921813965,0.0001,5090,,
454656,421,111,1078,0.11630859375,0.9361611008644104,-0.01115996339940466,0.0984068438410759,76.7256088256836,16.193342781066896,1204.215576171875,818.59,0.2,0.012364332,174.50213661193848,0.0001,5095,,
458752,424,112,1079,0.114404296875,0.9364625215530396,-0.012612144346348941,0.09836588054895401,91.13445281982422,16.199256801605223,1188.0950927734375,816.03,0.2,0.013748181,220.8708194732666,0.0001,5100,,
462848,427,113,1081,0.1314453125,0.9470832943916321,-0.014800914938678033,0.09831926971673965,69.32014465332031,16.207620573043823,1197.745361328125,814.22,0.2,0.013778953,181.46157455444336,0.0001,5105,,
466944,432,114,1079,0.19521484375,0.9414884448051453,-0.01559531461680308,0.0982976108789444,64.53710174560547,16.21542320251465,1226.490234375,822.87,0.2,0.019214034,147.56744785308837,0.0001,5110,,
471040,435,115,1081,0.161572265625,0.9033825397491455,-0.013416218850761653,0.09832537174224854,122.47988891601562,16.21392865180969,1222.6552734375,820.45,0.2,0.016913503,276.38025665283203,0.0001,5115,,
475136,438,116,1083,0.123681640625,0.9578589797019958,-0.012300631741527467,0.09831766039133072,46.67967224121094,16.21108136177063,1213.7333984375,816.2,0.2,0.012198564,137.18072662353515,0.0001,5120,,
479232,441,117,1084,0.121923828125,0.9663237929344177,-0.013111587171442807,0.09832431375980377,45.60514831542969,16.21189661026001,1210.6357421875,814.48,0.2,0.012857421,100.7114044189453,0.0001,5125,,
483328,446,118,1082,0.156494140625,0.9590830206871033,-0.015848571487003936,0.0983252078294754,80.42657470703125,16.211406898498534,1246.64208984375,829.05,0.2,0.014361893,144.91923274993897,0.0001,5130,,
487424,449,119,1083,0.11865234375,0.945216178894043,-0.010875797460903414,0.09833115339279175,55.00215530395508,16.210620164871216,1243.242919921875,827.9,0.2,0.013521373,136.5636184692383,0.0001,5135,,
491520,452,120,1086,0.121044921875,0.9234406352043152,-0.011535117612220347,0.09833397716283798,75.61516571044922,16.20927176475525,1243.242919921875,827.9,0.2,0.012362678,195.37095985412597,0.0001,5140,,
495616,455,121,1087,0.1255859375,0.94361412525177,-0.01376023596385494,0.09835183620452881,50.23105239868164,16.208106184005736,1224.5889892578125,816.2,0.2,0.013541768,130.74740142822264,0.0001,5145,,
499712,460,122,1085,0.1181640625,0.9293006658554077,-0.012711840914562345,0.0983368456363678,95.29625701904297,16.20700011253357,1269.92431640625,833.65,0.2,0.013158096,193.07817573547362,0.0001,5150,,
503808,489,123,1028,0.14345703125,0.9423791766166687,-0.014483780629234388,0.0983087494969368,60.95115280151367,16.21158986091614,1244.95751953125,827.77,0.2,0.013314314,143.39525756835937,0.0001,5155,250000,2.3009740266350183
507904,493,124,1030,0.0900390625,0.9207385778427124,-0.012211252766428515,0.09829253703355789,148.13006591796875,16.21606316566467,1222.4661865234375,816.23,0.2,0.012130609,275.55544128417966,0.0001,5160,,
512000,497,125,1029,0.075634765625,0.9427879452705383,-0.009729308518581092,0.0982840433716774,87.79012298583984,16.218059301376343,1238.511962890625,823.69,0.2,0.010077804,206.22120208740233,0.0001,5165,,
516096,500,126,1030,0.136181640625,0.9633815884590149,-0.013042059482540936,0.09826848655939102,43.96215057373047,16.219426298141478,1236.74560546875,822.91,0.2,0.013519259,116.66453704833984,0.0001,5170,,
520192,503,127,1032,0.11171875,0.9563256502151489,-0.011160491569899022,0.09825949370861053,51.95719528198242,16.22312216758728,1234.40478515625,818.99,0.2,0.011943242,120.72029647827148,0.0001,5175,,
524288,506,128,1034,0.113330078125,0.9182392358779907,-0.011920462135458365,0.09823881089687347,90.57779693603516,16.224410247802734,1219.4439697265625,811.73,0.2,0.012968692,192.04510231018065,0.0001,5180,,
528384,511,129,1032,0.114111328125,0.9272522926330566,-0.013104207837022841,0.09821377694606781,69.65165710449219,16.229714250564577,1271.4991455078125,824.6,0.2,0.01299344,169.6415153503418,0.0001,5185,,
532480,515,130,1033,0.131005859375,0.9333751797676086,-0.015238246432272718,0.09815852344036102,73.04779052734375,16.23624782562256,1244.6363525390625,825.46,0.2,0.014244756,172.93929061889648,0.0001,5190,,
536576,518,131,1035,0.147900390625,0.9451800584793091,-0.013483510300284251,0.09810450673103333,84.3077163696289,16.247346210479737,1237.5426025390625,817.09,0.2,0.016360627,183.2825044631958,0.0001,5195,,
540672,522,132,1035,0.1125,0.9061565399169922,-0.010987903038039804,0.09809721261262894,55.12206268310547,16.25325846672058,1235.6522216796875,808.85,0.2,0.01225749,214.2828281402588,0.0001,5200,,
544768,526,133,1035,0.0779296875,0.9012401103973389,-0.012576066958718001,0.09810205549001694,101.39933776855469,16.253033256530763,1290.9898681640625,822.31,0.2,0.010402417,292.3045795440674,0.0001,5205,,
548864,529,134,1036,0.1033203125,0.9679741263389587,-0.010399899008916691,0.0981079638004303,35.26396942138672,16.25195550918579,1254.5146484375,808.06,0.2,0.013449382,91.83708267211914,0.0001,5210,,
552960,532,135,1038,0.123046875,0.8546669483184814,-0.013115542707964778,0.09811532497406006,80.67044830322266,16.25080304145813,1248.4786376953125,802.71,0.2,0.013244691,209.21857376098632,0.0001,5215,,
557056,536,136,1039,0.141357421875,0.8367316126823425,-0.015673487517051398,0.09814094007015228,96.65719604492188,16.248169469833375,1266.1981201171875,805.77,0.2,0.013945878,199.23565063476562,0.0001,5220,,
561152,540,137,1038,0.1208984375,0.8972122669219971,-0.013468168256804348,0.09813681244850159,132.5662841796875,16.24486908912659,1256.426513671875,808.62,0.2,0.012397667,234.44316062927246,0.0001,5225,,
565248,543,138,1039,0.129248046875,0.8921037912368774,-0.014355878258356825,0.09814639389514923,85.1536636352539,16.24618411064148,1230.4599609375,799.28,0.2,0.013083789,173.28641567230224,0.0001,5230,,
569344,546,139,1041,0.072119140625,0.91463702917099,-0.009821610967628657,0.09815140813589096,75.14509582519531,16.243742275238038,1230.4599609375,799.28,0.2,0.00982472,189.1783718109131,0.0001,5235,,
573440,550,140,1042,0.117626953125,0.9347754716873169,-0.013233075221069156,0.09815152734518051,70.34895324707031,16.243236827850343,1240.671142578125,812.44,0.2,0.013058951,158.5952178955078,0.0001,5240,,
577536,554,141,1042,0.05703125,0.9116952419281006,-0.010283961077220738,0.09816566109657288,145.44747924804688,16.24268546104431,1239.4195556640625,818.17,0.2,0.009246881,301.8597038269043,0.0001,5245,,
581632,557,142,1043,0.122705078125,0.9486526250839233,-0.013797128747683018,0.09816562384366989,63.9355583190918,16.24082922935486,1198.89697265625,804.6,0.2,0.013838098,172.2821071624756,0.0001,5250,,
585728,560,143,1044,0.10791015625,0.9512612819671631,-0.012196545346523636,0.09816072881221771,61.53767776489258,16.241145133972168,1218.04443359375,811.69,0.2,0.012383375,140.00194339752198,0.0001,5255,,
589824,564,144,1045,0.122705078125,0.9594181776046753,-0.011595780870993621,0.09811632335186005,56.703704833984375,16.245324993133544,1222.825439453125,809.91,0.2,0.013816589,127.83182010650634,0.0001,5260,,
593920,568,145,1044,0.1583984375,0.9485968947410583,-0.013064139330526813,0.09809917956590652,60.53366470336914,16.25303535461426,1229.5567626953125,805.38,0.2,0.014415719,142.2613794326782,0.0001,5265,,
598016,571,146,1046,0.14208984375,0.9404553174972534,-0.012820890807779506,0.09810657799243927,77.66376495361328,16.25240864753723,1219.807861328125,800.9,0.2,0.014631589,188.26590309143066,0.0001,5270,,
602112,574,147,1047,0.133837890625,0.9584157466888428,-0.014156975084915757,0.09808222949504852,59.082706451416016,16.253800868988037,1224.6474609375,803.97,0.2,0.0137039805,146.6620765686035,0.0001,5275,,
606208,578,148,1048,0.119580078125,0.9658754467964172,-0.010731712475535459,0.09804052114486694,66.50108337402344,16.25996251106262,1243.484375,811.34,0.2,0.011720612,137.53672275543212,0.0001,5280,,
610304,582,149,1047,0.142138671875,0.9677371978759766,-0.01298874337808229,0.09801745414733887,40.80366897583008,16.266417980194092,1213.1915283203125,802.18,0.2,0.013045052,118.81945476531982,0.0001,5285,,
614400,585,150,1048,0.14853515625,0.95744788646698,-0.013985268084798008,0.09800226986408234,48.10113525390625,16.26968846321106,1222.396728515625,799.37,0.2,0.015116332,114.91484241485595,0.0001,5290,,
618496,588,151,1050,0.10869140625,0.9057824611663818,-0.010512179974466563,0.09800552576780319,72.79365539550781,16.270848178863524,1228.4547119140625,804.43,0.2,0.01205024,209.61472396850587,0.0001,5295,,
622592,592,152,1051,0.084130859375,0.9351345896720886,-0.011440479115117341,0.09799077361822128,73.44572448730469,16.271232557296752,1221.00146484375,811.75,0.2,0.011045675,184.00028648376465,0.0001,5300,,
626688,596,153,1050,0.09658203125,0.939354419708252,-0.011164264939725398,0.09794753044843674,62.90130615234375,16.27633852958679,1184.0814208984375,810.29,0.2,0.013729897,148.50636596679686,0.0001,5305,,
630784,599,154,1051,0.142041015625,0.9058595895767212,-0.01437950973631814,0.09790907055139542,93.50552368164062,16.284939432144164,1187.742431640625,815.47,0.2,0.014011964,192.27215766906738,0.0001,5310,,
634880,603,155,1052,0.100048828125,0.9125839471817017,-0.011457875827909447,0.09788183867931366,75.99913024902344,16.290659379959106,1181.1695556640625,818.18,0.2,0.011348073,226.9415496826172,0.0001,5315,,
638976,606,156,1054,0.136376953125,0.941440224647522,-0.01338565984624438,0.09785087406635284,66.82879638671875,16.296260499954222,1178.860595703125,820.71,0.2,0.013616031,169.04551734924317,0.0001,5320,,
643072,610,157,1052,0.1212890625,0.9539982676506042,-0.011545754439430312,0.09785094857215881,45.845115661621094,16.299630403518677,1224.9410400390625,819.87,0.2,0.014949768,105.80959606170654,0.0001,5325,,
647168,614,158,1053,0.138916015625,0.9327588677406311,-0.012608311243820936,0.09788204729557037,102.3494644165039,16.296983194351196,1240.6680908203125,824.71,0.2,0.014262149,251.66653709411622,0.0001,5330,,
651264,617,159,1055,0.1294921875,0.9498175978660583,-0.012506281203241088,0.09786203503608704,69.13488006591797,16.293715047836304,1207.92724609375,814.47,0.2,0.013793644,177.83804035186768,0.0001,5335,,
655360,620,160,1056,0.135595703125,0.9398714900016785,-0.013148755230940879,0.09780734777450562,114.1963119506836,16.302089357376097,1207.688720703125,814.71,0.2,0.015152315,229.8528102874756,0.0001,5340,,
659456,624,161,1056,0.146630859375,0.9586902856826782,-0.012703527876874432,0.0977846011519432,42.088199615478516,16.3098286151886,1296.723876953125,818.82,0.2,0.015316462,115.74052753448487,0.0001,5345,,
663552,628,162,1056,0.148046875,0.8775109648704529,-0.011175095121143386,0.09778117388486862,46.27099609375,16.311739587783812,1308.5828857421875,815.53,0.2,0.01643793,110.51516685485839,0.0001,5350,,
667648,630,163,1058,0.19384765625,0.8679585456848145,-0.017144014046061785,0.09778130054473877,116.79850769042969,16.312038564682005,1308.5828857421875,815.53,0.2,0.017056365,244.3394390106201,0.0001,5355,,
671744,633,164,1059,0.102490234375,0.9042171239852905,-0.012477032822789624,0.09779112786054611,46.2655029296875,16.311656618118285,1314.048095703125,813.47,0.2,0.014378704,118.86392135620117,0.0001,5360,,
675840,638,165,1058,0.151025390625,0.9409921169281006,-0.01461590178660117,0.09779904037714005,52.27024459838867,16.30936360359192,1346.54736328125,825.48,0.2,0.015133103,121.53306999206544,0.0001,5365,,
679936,641,166,1059,0.127197265625,0.9471926689147949,-0.012101032864302396,0.09777373820543289,55.65843200683594,16.310620260238647,1346.6729736328125,831.27,0.2,0.012650862,131.73546142578124,0.0001,5370,,
684032,645,167,1060,0.118408203125,0.9524553418159485,-0.011759272316703573,0.09774830937385559,39.21237564086914,16.315868854522705,1331.8746337890625,823.95,0.2,0.0142210545,94.79656887054443,0.0001,5375,,
688128,650,168,1058,0.108984375,0.9275590777397156,-0.011730831244494765,0.09772256016731262,54.27781677246094,16.320410394668578,1364.89794921875,830.43,0.2,0.0147078615,155.95390186309814,0.0001,5380,,
692224,653,169,1059,0.15576171875,0.9490348696708679,-0.013083571929018944,0.09768576174974442,73.47721862792969,16.326033687591554,1360.4520263671875,830.43,0.2,0.014951786,162.63916149139405,0.0001,5385,,
696320,656,170,1060,0.104345703125,0.9526058435440063,-0.010329492099117488,0.09768003970384598,54.341102600097656,16.331025791168212,1351.7164306640625,820.21,0.2,0.011950974,125.44487037658692,0.0001,5390,,
700416,659,171,1061,0.10556640625,0.9216930270195007,-0.012390107999090105,0.09767259657382965,69.71644592285156,16.331205987930296,1359.1151123046875,825.2,0.2,0.012099171,180.3363830566406,0.0001,5395,,
704512,664,172,1060,0.122900390625,0.9532114267349243,-0.012819277489325032,0.09764070063829422,47.115135192871094,16.335052013397217,1383.2493896484375,820.53,0.2,0.014417525,103.96861877441407,0.0001,5400,,
708608,667,173,1061,0.140673828125,0.899024248123169,-0.014820524677634239,0.09765535593032837,141.8873291015625,16.337494993209837,1387.0526123046875,820.0,0.2,0.015312213,229.410502243042,0.0001,5405,,
712704,670,174,1062,0.145556640625,0.9336787462234497,-0.014552741614170372,0.09763254225254059,73.88871002197266,16.336913585662842,1381.2806396484375,814.11,0.2,0.014160097,145.6458303451538,0.0001,5410,,
716800,673,175,1063,0.12822265625,0.9344813227653503,-0.011827985203126445,0.0976245105266571,72.40296936035156,16.341547107696535,1371.49462890625,807.11,0.2,0.014044021,202.6785457611084,0.0001,5415,,
720896,678,176,1062,0.1048828125,0.9446674585342407,-0.012940772497677245,0.09761977195739746,89.62271118164062,16.341845083236695,1379.7344970703125,812.19,0.2,0.013484482,194.8978271484375,0.0001,5420,,
724992,681,177,1063,0.131005859375,0.9564042091369629,-0.015182153932983056,0.09763272851705551,54.848243713378906,16.341729831695556,1381.6331787109375,812.82,0.2,0.015445392,142.83239192962645,0.0001,5425,,
729088,684,178,1064,0.119091796875,0.9257012009620667,-0.011339110578410328,0.09763050824403763,164.33697509765625,16.340077590942382,1353.5037841796875,806.51,0.2,0.01198695,283.051127243042,0.0001,5430,,
733184,688,179,1065,0.111962890625,0.9315522313117981,-0.011810406728181988,0.0976158007979393,80.51870727539062,16.341556119918824,1354.640625,806.4,0.2,0.0122038815,206.19893798828124,0.0001,5435,,
737280,692,180,1064,0.112255859375,0.9437719583511353,-0.010814940743148326,0.09758273512125015,80.48233795166016,16.345998191833495,1376.729248046875,816.87,0.2,0.0114865145,214.96712417602538,0.0001,5440,,
741376,695,181,1065,0.1390625,0.9665867686271667,-0.014830262563191355,0.09752310067415237,60.69375991821289,16.354346179962157,1328.7481689453125,810.79,0.2,0.014597931,140.18691005706788,0.0001,5445,,
745472,698,182,1066,0.129931640625,0.9292954206466675,-0.013401594950119033,0.09749333560466766,90.52576446533203,16.363559246063232,1329.6971435546875,816.97,0.2,0.014190098,197.63100357055663,0.0001,5450,,
749568,702,183,1067,0.1255859375,0.9284940958023071,-0.013494032918242738,0.09747424721717834,53.12053298950195,16.36837124824524,1308.515380859375,810.62,0.2,0.0126267485,138.26623344421387,0.0001,5455,,
753664,733,184,1027,0.1462890625,0.9271241426467896,-0.013571105361916126,0.0974552109837532,65.85408782958984,16.37085223197937,1269.935546875,811.37,0.2,0.015143158,150.10911159515382,0.0001,5460,250000,2.298565385856388
757760,736,185,1028,0.14609375,0.9217739701271057,-0.014050817734096199,0.09746555984020233,59.7511100769043,16.373341131210328,1255.593017578125,810.87,0.2,0.016663803,156.68694744110107,0.0001,5465,,
761856,739,186,1030,0.121142578125,0.918588399887085,-0.012103092460893094,0.0974661186337471,92.54496765136719,16.37120690345764,1249.1387939453125,805.76,0.2,0.01310637,192.06196517944335,0.0001,5470,,
765952,742,187,1031,0.12138671875,0.9198785424232483,-0.012962194543797522,0.09747907519340515,67.89028930664062,16.370777559280395,1249.69580078125,806.82,0.2,0.013753137,168.29856929779052,0.0001,5475,,
770048,747,188,1030,0.115380859375,0.9488793611526489,-0.011717684619361535,0.0974588692188263,48.62504959106445,16.36962785720825,1303.8255615234375,817.07,0.2,0.013086934,145.34255237579345,0.0001,5480,,
774144,750,189,1031,0.159130859375,0.9646903276443481,-0.0145682132570073,0.09742022305727005,44.59375,16.37614049911499,1254.5894775390625,811.52,0.2,0.015782498,117.12766017913819,0.0001,5485,,
778240,753,190,1032,0.140087890625,0.9557597637176514,-0.013914387393742799,0.09738854318857193,81.6947021484375,16.383133316040038,1254.5894775390625,811.52,0.2,0.013423145,167.3802406311035,0.0001,5490,,
782336,756,191,1033,0.14111328125,0.9577873349189758,-0.012916575837880372,0.09739597886800766,66.6485595703125,16.386163568496706,1253.1715087890625,812.93,0.2,0.014543699,146.166095161438,0.0001,5495,,
786432,761,192,1032,0.127587890625,0.9651890993118286,-0.013021574533195236,0.09740924090147018,58.113525390625,16.38350553512573,1340.7197265625,830.21,0.2,0.015099077,132.7214563369751,0.0001,5500,,
790528,765,193,1032,0.144189453125,0.9563268423080444,-0.011794373404700308,0.09738859534263611,50.304100036621094,16.383000993728636,1310.307373046875,825.03,0.2,0.014624976,131.51447257995605,0.0001,5505,,
794624,768,194,1033,0.096923828125,0.9030395150184631,-0.009567998361308127,0.09737756848335266,67.64616394042969,16.38701891899109,1283.36181640625,820.44,0.2,0.010501629,173.26282291412355,0.0001,5510,,
798720,771,195,1034,0.12431640625,0.906004786491394,-0.013107787806075067,0.09734871238470078,54.42960739135742,16.390409994125367,1279.960693359375,821.8,0.2,0.013673703,170.53657188415528,0.0001,5515,,
802816,776,196,1034,0.12470703125,0.9313317537307739,-0.012001452269032598,0.09736305475234985,46.75792694091797,16.393471670150756,1302.7034912109375,840.93,0.2,0.01454562,125.29989738464356,0.0001,5520,,
806912,779,197,1034,0.121533203125,0.93526691198349,-0.012838448968250305,0.09738949686288834,45.83662796020508,16.387960720062257,1264.675537109375,831.84,0.2,0.015308121,123.4878086090088,0.0001,5525,,
811008,783,198,1035,0.11064453125,0.8858721256256104,-0.01180548183619976,0.09739378839731216,105.13843536376953,16.385089063644408,1256.634521484375,825.79,0.2,0.013258322,261.3894962310791,0.0001,5530,,
815104,786,199,1036,0.104443359375,0.8808188438415527,-0.01200575679540634,0.09738171100616455,78.19441986083984,16.385848188400267,1257.512451171875,829.32,0.2,0.013723411,203.8801425933838,0.0001,5535,,
819200,791,200,1035,0.120068359375,0.9219006896018982,-0.013216248934622855,0.09736736118793488,70.62655639648438,16.388353013992308,1279.6217041015625,846.16,0.2,0.013820529,171.75203971862794,0.0001,5540,,
823296,795,201,1035,0.152587890625,0.9217287302017212,-0.014229612986673601,0.09734909981489182,75.20258331298828,16.391609811782835,1235.122314453125,839.73,0.2,0.01544226,157.0436752319336,0.0001,5545,,
827392,798,202,1036,0.158935546875,0.8903625011444092,-0.014577056735288352,0.09735124558210373,119.61419677734375,16.3934054851532,1221.6136474609375,835.74,0.2,0.013603996,224.61123352050782,0.0001,5550,,
831488,802,203,1036,0.115087890625,0.9313480257987976,-0.01272474778816104,0.097323939204216,95.21918487548828,16.39461612701416,1216.947998046875,835.47,0.2,0.012428815,203.15650520324706,0.0001,5555,,
835584,807,204,1034,0.099853515625,0.945648729801178,-0.011130167875671759,0.0973145067691803,58.80107498168945,16.39925365447998,1272.4468994140625,849.58,0.2,0.013136534,151.60241775512696,0.0001,5560,,
839680,811,205,1035,0.093994140625,0.9468952417373657,-0.009247505298117176,0.09730745851993561,55.689849853515625,16.399719715118408,1229.242919921875,843.39,0.2,0.012511816,151.5546817779541,0.0001,5565,,
843776,814,206,1036,0.104736328125,0.89799964427948,-0.01100956840091385,0.09732639044523239,92.09062957763672,16.39990167617798,1229.242919921875,843.39,0.2,0.011444336,228.66266403198242,0.0001,5570,,
847872,817,207,1036,0.101025390625,0.9334973096847534,-0.01240950989886187,0.09733190387487411,52.50527572631836,16.3962486743927,1225.1968994140625,837.87,0.2,0.013550466,146.43962726593017,0.0001,5575,,
851968,822,208,1035,0.106298828125,0.9105854034423828,-0.013260411721421405,0.09732464700937271,104.66694641113281,16.396930265426636,1264.5799560546875,857.85,0.2,0.012761576,295.6536952972412,0.0001,5580,,
856064,825,209,1036,0.120849609375,0.9278566837310791,-0.013480190688278526,0.09730067849159241,76.15392303466797,16.399509239196778,1226.73291015625,847.64,0.2,0.013198038,162.08679885864257,0.0001,5585,,
860160,828,210,1037,0.105810546875,0.8989249467849731,-0.011123013228643685,0.09728124737739563,84.27762603759766,16.403598070144653,1199.5850830078125,845.64,0.2,0.011137433,209.0930419921875,0.0001,5590,,
864256,833,211,1036,0.139306640625,0.902474582195282,-0.014280997012974694,0.09726744890213013,65.6845474243164,16.4066481590271,1245.221923828125,862.25,0.2,0.013655932,178.98078422546388,0.0001,5595,,
868352,836,212,1037,0.13564453125,0.903616189956665,-0.014285175455734133,0.09725572913885117,72.62274932861328,16.40933585166931,1185.86669921875,856.19,0.2,0.0153506575,169.79215030670167,0.0001,5600,,
872448,839,213,1038,0.110546875,0.8417115211486816,-0.014104000746738166,0.0972413718700409,103.18987274169922,16.411291074752807,1170.0579833984375,851.01,0.2,0.011205882,230.91420860290526,0.0001,5605,,
876544,843,214,1039,0.1095703125,0.877811074256897,-0.013638449960853904,0.09723415970802307,63.46799850463867,16.413804674148558,1148.803955078125,850.42,0.2,0.013636454,158.81396942138673,0.0001,5610,,
880640,847,215,1038,0.126416015625,0.8493528962135315,-0.013576430175453425,0.09721938520669937,82.6755142211914,16.4152051448822,1240.856201171875,859.16,0.2,0.01323563,180.21511268615723,0.0001,5615,,
884736,850,216,1039,0.127783203125,0.8583917617797852,-0.013024293840862811,0.09722010791301727,84.92857360839844,16.417307662963868,1217.453369140625,859.16,0.2,0.013402641,213.2053565979004,0.0001,5620,,
888832,854,217,1040,0.114453125,0.9483405351638794,-0.012473738915286959,0.09724707156419754,45.70917510986328,16.415181350708007,1189.2144775390625,848.73,0.2,0.013571737,117.83145198822021,0.0001,5625,,
892928,857,218,1041,0.13759765625,0.9404109120368958,-0.011834917147643865,0.09725794196128845,88.74124145507812,16.410857963562012,1170.2247314453125,843.24,0.2,0.014232088,202.5733215332031,0.0001,5630,,
897024,862,219,1040,0.11181640625,0.9404348134994507,-0.013975070911692455,0.09726157784461975,68.23719787597656,16.41022663116455,1215.548828125,851.35,0.2,0.011843132,207.15675888061523,0.0001,5635,,
901120,865,220,1041,0.11796875,0.9503716230392456,-0.012295534543227404,0.0972239151597023,77.73114013671875,16.41236319541931,1205.487548828125,851.35,0.2,0.01308046,184.22521934509277,0.0001,5640,,
905216,868,221,1042,0.1244140625,0.9465969800949097,-0.014003096474334597,0.0972038134932518,77.48521423339844,16.419084596633912,1208.55322265625,841.99,0.2,0.013550367,186.60529251098632,0.0001,5645,,
909312,871,222,1043,0.10771484375,0.9384894371032715,-0.012193804245907814,0.0971808210015297,98.45550537109375,16.42241382598877,1199.8916015625,847.22,0.2,0.011767281,239.67953872680664,0.0001,5650,,
913408,876,223,1042,0.123828125,0.939146101474762,-0.013825948693556711,0.09715649485588074,78.75120544433594,16.426715326309203,1254.6912841796875,852.83,0.2,0.013608729,188.8801483154297,0.0001,5655,,
917504,879,224,1043,0.139453125,0.9392349123954773,-0.013421677355654537,0.09713529050350189,113.08025360107422,16.43124713897705,1218.6077880859375,852.83,0.2,0.013164602,226.4677619934082,0.0001,5660,,
921600,882,225,1044,0.114794921875,0.9387704730033875,-0.012137918034568429,0.09713559597730637,71.39225769042969,16.433811378479003,1196.828857421875,838.29,0.2,0.0138116665,184.33574905395508,0.0001,5665,,
925696,885,226,1045,0.083642578125,0.9612656831741333,-0.008449099957942963,0.09712550044059753,65.90656280517578,16.433581113815308,1196.2744140625,842.45,0.2,0.012310946,164.5303207397461,0.0001,5670,,
929792,890,227,1044,0.10830078125,0.9702056646347046,-0.011625081615056843,0.09713627398014069,47.30283737182617,16.43508834838867,1278.3302001953125,850.48,0.2,0.013889733,122.1914218902588,0.0001,5675,,
933888,893,228,1045,0.162060546875,0.9625157713890076,-0.013650609983596951,0.09711822122335434,51.35355758666992,16.434445333480834,1258.7239990234375,844.42,0.2,0.016738176,137.5906328201294,0.0001,5680,,
937984,896,229,1045,0.12880859375,0.9444546699523926,-0.01132839250494726,0.09708210080862045,71.41300964355469,16.440116214752198,1221.2454833984375,831.02,0.2,0.012616203,164.8775936126709,0.0001,5685,,
942080,899,230,1046,0.125048828125,0.9550874829292297,-0.01288870680727996,0.09706175327301025,87.50921630859375,16.44569067955017,1221.9638671875,825.48,0.2,0.013608716,179.4689266204834,0.0001,5690,,
946176,904,231,1046,0.172119140625,0.9751798510551453,-0.015674627711996438,0.09703080356121063,33.67301559448242,16.44953861236572,1271.0548095703125,835.14,0.2,0.018355185,98.44421482086182,0.0001,5695,,
950272,907,232,1046,0.17666015625,0.9723554253578186,-0.012435935004032218,0.09701121598482132,30.79035186767578,16.456130027770996,1259.1015625,833.28,0.2,0.017654322,85.36786813735962,0.0001,5700,,
954368,910,233,1047,0.15380859375,0.952475368976593,-0.009298504376783968,0.09699375927448273,50.63823699951172,16.458706283569335,1251.8114013671875,826.6,0.2,0.013455894,131.93216247558593,0.0001,5705,,
958464,914,234,1048,0.103076171875,0.9383031725883484,-0.009590862918412314,0.09696269780397415,71.4879150390625,16.4627986907959,1247.489013671875,820.97,0.2,0.012316249,160.099037361145,0.0001,5710,,
962560,918,235,1047,0.1390625,0.941900908946991,-0.014741819608025253,0.09695850312709808,84.73722839355469,16.46650176048279,1292.1209716796875,840.52,0.2,0.014618731,168.86089115142823,0.0001,5715,,
966656,922,236,1048,0.16474609375,0.9552016854286194,-0.01299420491559431,0.09697488695383072,57.843570709228516,16.465834379196167,1238.0269775390625,830.71,0.2,0.015050309,133.39898719787598,0.0001,5720,,
970752,925,237,1049,0.122119140625,0.9398077726364136,-0.013418553880183027,0.09696213155984879,78.16681671142578,16.464857196807863,1233.664306640625,827.28,0.2,0.013365611,186.78267974853514,0.0001,5725,,
974848,928,238,1050,0.130615234375,0.9445521831512451,-0.01307445548591204,0.09692895412445068,54.71282196044922,16.469591474533082,1231.8291015625,822.45,0.2,0.013700987,156.0565029144287,0.0001,5730,,
978944,933,239,1048,0.147998046875,0.9569377899169922,-0.0118339225766249,0.09692737460136414,83.01878356933594,16.473753213882446,1297.1029052734375,840.96,0.2,0.016895477,143.19035663604737,0.0001,5735,,
983040,936,240,1049,0.162353515625,0.9661107659339905,-0.016281056264415384,0.09690597653388977,62.895633697509766,16.47485818862915,1262.6583251953125,835.95,0.2,0.016381988,117.80406684875489,0.0001,5740,,
987136,939,241,1050,0.16025390625,0.9578527808189392,-0.015758037625346333,0.09688018262386322,50.080081939697266,16.47966151237488,1262.8779296875,835.8,0.2,0.016132258,112.86037216186523,0.0001,5745,,
991232,942,242,1051,0.156787109375,0.9695936441421509,-0.014223658142145722,0.09686014801263809,34.419273376464844,16.48394980430603,1246.7808837890625,826.45,0.2,0.014230974,103.69222621917724,0.0001,5750,,
995328,947,243,1050,0.1,0.9583199620246887,-0.010411499708425254,0.09686508774757385,56.54752731323242,16.485481643676756,1267.135986328125,841.05,0.2,0.011117598,159.71695232391357,0.0001,5755,,
999424,950,244,1051,0.106884765625,0.9432889223098755,-0.011418406694428996,0.09687376022338867,133.3981475830078,16.48395447731018,1247.2381591796875,836.35,0.2,0.012870316,313.6158115386963,0.0001,5760,,
1003520,980,245,1023,0.113427734375,0.941132664680481,-0.012420196295715868,0.09687727689743042,119.11772918701172,16.482617712020875,1244.80126953125,830.65,0.2,0.011402067,267.0131378173828,0.0001,5765,250000,2.3179247892409744
1007616,984,246,1023,0.093603515625,0.9213035106658936,-0.010942056751810014,0.09684326499700546,124.43424987792969,16.484870672225952,1246.5615234375,832.41,0.2,0.011027935,270.78980255126953,0.0001,5770,,
1011712,988,247,1023,0.121044921875,0.9352256655693054,-0.011698914761655032,0.09685391187667847,92.72694396972656,16.488541507720946,1283.5850830078125,838.05,0.2,0.013442617,242.9937313079834,0.0001,5775,,
1015808,992,248,1023,0.089990234375,0.9037521481513977,-0.011117617943091318,0.09685421735048294,115.1079330444336,16.48649182319641,1260.6204833984375,832.66,0.2,0.011440384,258.5501895904541,0.0001,5780,,
1019904,995,249,1024,0.078271484375,0.8680070042610168,-0.012442448601359502,0.09686920791864395,156.02137756347656,16.485885858535767,1250.2364501953125,828.74,0.2,0.010164898,368.61235961914065,0.0001,5785,,
1024000,999,250,1024,0.132421875,0.9540361762046814,-0.014547462214250118,0.09683607518672943,56.40190505981445,16.48547234535217,1256.6083984375,855.91,0.2,0.013871937,142.166849899292,0.0001,5790,,
1028096,1003,251,1024,0.1244140625,0.9528283476829529,-0.012244618404656649,0.09681837260723114,62.51402282714844,16.492284536361694,1247.463623046875,853.12,0.2,0.0136966305,158.18264961242676,0.0001,5795,,
1032192,1006,252,1025,0.100732421875,0.9404886364936829,-0.01087263299850747,0.0967903807759285,83.03890991210938,16.49612717628479,1201.16162109375,845.22,0.2,0.011974947,194.60081062316894,0.0001,5800,,
1036288,1009,253,1026,0.1,0.9299603700637817,-0.010961671578115784,0.0967673733830452,91.34550476074219,16.501212406158448,1180.1212158203125,837.13,0.2,0.01191931,235.80951805114745,0.0001,5805,,
1040384,1014,254,1025,0.110009765625,0.9539972543716431,-0.011865559418220073,0.09674385190010071,69.28886413574219,16.505169534683226,1253.9923095703125,863.11,0.2,0.011702657,169.3937322616577,0.0001,5810,,
1044480,1017,255,1026,0.100732421875,0.9549635648727417,-0.011556865298189223,0.09674949944019318,64.2147216796875,16.508045053482057,1197.258544921875,846.76,0.2,0.012096377,159.63526000976563,0.0001,5815,,
1048576,1020,256,1027,0.1326171875,0.8908818960189819,-0.013200568041065707,0.09672030061483383,111.79277038574219,16.50780324935913,1197.258544921875,846.76,0.2,0.012855642,236.82183532714845,0.0001,5820,,
1052672,1023,257,1028,0.123388671875,0.8617960214614868,-0.011128098116023466,0.09668472409248352,72.84754180908203,16.514706563949584,1187.102294921875,843.06,0.2,0.012018412,185.0882225036621,0.0001,5825,,
1056768,1028,258,1027,0.12275390625,0.850943386554718,-0.012673580698901787,0.09664425253868103,88.28136444091797,16.52187576293945,1204.741455078125,854.65,0.2,0.0142855635,207.38741722106934,0.0001,5830,,
1060864,1032,259,1027,0.141796875,0.8989948630332947,-0.014013875997625292,0.09660133719444275,94.07919311523438,16.52996940612793,1171.712158203125,843.4,0.2,0.01591761,209.03966751098633,0.0001,5835,,
1064960,1035,260,1028,0.1544921875,0.9297993779182434,-0.014091999724041671,0.09656799584627151,71.60990905761719,16.537111949920654,1165.7645263671875,838.79,0.2,0.015432963,167.43519592285156,0.0001,5840,,
1069056,1038,261,1029,0.122314453125,0.932030200958252,-0.011466321552870796,0.09651032090187073,65.71077728271484,16.545261573791503,1164.9874267578125,834.76,0.2,0.01375447,147.1558801651001,0.0001,5845,,
1073152,1042,262,1029,0.135107421875,0.9332605004310608,-0.01215396715560928,0.09649136662483215,72.99101257324219,16.55383744239807,1218.3206787109375,858.28,0.2,0.014511537,153.33008441925048,0.0001,5850,,
1077248,1046,263,1029,0.189501953125,0.9454528093338013,-0.014750480058137328,0.09643435478210449,64.5765380859375,16.558971118927,1184.01708984375,853.39,0.2,0.01686973,144.22189044952393,0.0001,5855,,
1081344,1049,264,1030,0.14482421875,0.9561098217964172,-0.013051357481162994,0.09639755636453629,43.021697998046875,16.569586277008057,1145.89794921875,840.92,0.2,0.015476923,109.0869333267212,0.0001,5860,,
1085440,1052,265,1031,0.164404296875,0.9478151798248291,-0.014280234789475798,0.09635665267705917,71.95207977294922,16.57592463493347,1155.968505859375,841.22,0.2,0.015710913,149.1315019607544,0.0001,5865,,
1089536,1056,266,1030,0.154736328125,0.9578120708465576,-0.014103492925642058,0.09634865820407867,44.665035247802734,16.58147053718567,1190.7032470703125,852.38,0.2,0.01687852,116.61914329528808,0.0001,5870,,
1093632,1060,267,1031,0.152294921875,0.9577422142028809,-0.011396904458524659,0.0963401272892952,55.93500900268555,16.581705045700073,1168.6416015625,846.82,0.2,0.016082022,128.4040376663208,0.0001,5875,,
1097728,1063,268,1032,0.1005859375,0.9365652203559875,-0.01113824819913134,0.09632980823516846,112.23429870605469,16.58429608345032,1168.6416015625,846.82,0.2,0.010813126,252.56731643676758,0.0001,5880,,
1101824,1066,269,1032,0.11962890625,0.9511685967445374,-0.013292825757525861,0.09632036089897156,83.39776611328125,16.586005544662477,1127.4725341796875,843.04,0.2,0.011978384,206.44724159240724,0.0001,5885,,
1105920,1071,270,1032,0.121484375,0.9537027478218079,-0.010726567078381776,0.09633546322584152,74.73896026611328,16.586007833480835,1233.4869384765625,854.06,0.2,0.013550227,230.4817756652832,0.0001,5890,,
1110016,1074,271,1033,0.148388671875,0.9758343696594238,-0.013536379707511514,0.09629933536052704,38.31575012207031,16.58592348098755,1259.2476806640625,854.06,0.2,0.014752946,115.092160987854,0.0001,5895,,
1114112,1078,272,1033,0.17021484375,0.9600975513458252,-0.013829148653894664,0.09626491367816925,57.07048034667969,16.59485969543457,1239.7735595703125,845.49,0.2,0.015819263,146.56772441864013,0.0001,5900,,
1118208,1081,273,1033,0.140966796875,0.9657725691795349,-0.01181900497758761,0.09620228409767151,91.3077392578125,16.602479124069212,1230.737548828125,838.3,0.2,0.013725195,155.72991065979005,0.0001,5905,,
1122304,1086,274,1033,0.14736328125,0.9742396473884583,-0.013374623004347086,0.09610148519277573,35.8292350769043,16.617197132110597,1283.8634033203125,847.45,0.2,0.016250208,93.38763256072998,0.0001,5910,,
1126400,1089,275,1033,0.18212890625,0.9631894826889038,-0.014328910555923358,0.09606686234474182,67.03965759277344,16.632402992248537,1248.0643310546875,841.84,0.2,0.016990822,134.9019618988037,0.0001,5915,,
1130496,1092,276,1034,0.131689453125,0.9401025772094727,-0.012688837747555226,0.09606777131557465,56.95621871948242,16.634916019439697,1266.2047119140625,836.74,0.2,0.013016732,170.75691928863526,0.0001,5920,,
1134592,1095,277,1035,0.107470703125,0.9429011940956116,-0.01190747731598094,0.09607532620429993,68.12544250488281,16.633784818649293,1251.0120849609375,836.74,0.2,0.013561338,192.61959114074708,0.0001,5925,,
1138688,1100,278,1034,0.1130859375,0.9604498744010925,-0.010658488160697744,0.09610454738140106,51.82054901123047,16.630948066711426,1293.6700439453125,847.12,0.2,0.011894113,127.15106468200683,0.0001,5930,,
1142784,1103,279,1035,0.126953125,0.9653592109680176,-0.011328527290606872,0.09611013531684875,42.35816192626953,16.626032257080077,1281.8714599609375,841.46,0.2,0.0141048115,113.04215660095215,0.0001,5935,,
1146880,1106,280,1036,0.1048828125,0.9369757771492004,-0.011760445253457874,0.09611603617668152,66.80923461914062,16.62648935317993,1255.556396484375,832.52,0.2,0.011681095,156.2427267074585,0.0001,5940,,
1150976,1110,281,1036,0.110546875,0.934880256652832,-0.010637770488392562,0.09610359370708466,64.27333068847656,16.625421905517577,1268.1368408203125,831.2,0.2,0.0128794145,145.71882400512695,0.0001,5945,,
1155072,1114,282,1036,0.12255859375,0.9391930103302002,-0.012443398591130972,0.09607427567243576,61.971073150634766,16.630436658859253,1330.5316162109375,845.22,0.2,0.011933949,137.05779247283937,0.0001,5950,,
1159168,1117,283,1036,0.122021484375,0.9095316529273987,-0.011706031276844442,0.09606754779815674,91.07039642333984,16.634756135940552,1321.1129150390625,842.5,0.2,0.013319436,214.85614433288575,0.0001,5955,,
1163264,1121,284,1037,0.10390625,0.8922774791717529,-0.012186780647607521,0.09601381421089172,83.84455871582031,16.638438558578493,1293.55712890625,832.53,0.2,0.0126980515,205.79264373779296,0.0001,5960,,
1167360,1124,285,1038,0.143017578125,0.9094510078430176,-0.015569513803347946,0.09594026207923889,55.15259552001953,16.651366329193117,1316.6318359375,832.5,0.2,0.013736991,163.83179836273194,0.0001,5965,,
1171456,1128,286,1037,0.158203125,0.9312247037887573,-0.014720428746659308,0.09596504271030426,47.41865158081055,16.658187770843504,1327.6806640625,840.67,0.2,0.013752032,131.305265045166,0.0001,5970,,
1175552,1131,287,1038,0.195068359375,0.9617673754692078,-0.017805542831774802,0.09596189111471176,51.49563980102539,16.653613138198853,1318.5926513671875,839.15,0.2,0.018706083,122.34785308837891,0.0001,5975,,
1179648,1135,288,1039,0.125048828125,0.9540199041366577,-0.011550183652434497,0.09594208002090454,45.20033645629883,16.656905031204225,1297.2861328125,835.46,0.2,0.014669236,133.91815700531006,0.0001,5980,,
1183744,1138,289,1039,0.138232421875,0.9433351159095764,-0.011751390411518514,0.09596559405326843,101.40584564208984,16.65750060081482,1302.7822265625,835.46,0.2,0.013615783,171.97328987121583,0.0001,5985,,
1187840,1143,290,1039,0.144921875,0.948674738407135,-0.013520886679179967,0.09594099223613739,47.294132232666016,16.655848693847656,1299.4163818359375,839.69,0.2,0.014706526,120.83530311584472,0.0001,5990,,
1191936,1146,291,1040,0.11884765625,0.8714994192123413,-0.010287786333356053,0.0959235429763794,113.15233612060547,16.660711240768432,1298.0050048828125,842.4,0.2,0.01239242,249.61255950927733,0.0001,5995,,
1196032,1149,292,1040,0.096923828125,0.9089493751525879,-0.010871095675975084,0.095908984541893,87.53257751464844,16.663511562347413,1283.974853515625,835.71,0.2,0.011599508,189.2921443939209,0.0001,6000,,
1200128,1153,293,1040,0.1095703125,0.9124382138252258,-0.012182345148175955,0.09586180001497269,86.65831756591797,16.66859374046326,1315.463623046875,851.14,0.2,0.012644023,219.1538013458252,0.0001,6005,,
1204224,1157,294,1040,0.10087890625,0.9298405051231384,-0.010586856759618967,0.0958392471075058,98.87317657470703,16.67671275138855,1282.17822265625,845.72,0.2,0.012522747,195.12964630126953,0.0001,6010,,
1208320,1160,295,1041,0.14892578125,0.9652893543243408,-0.012997076142346487,0.0958116203546524,46.92058181762695,16.679885721206666,1265.5465087890625,840.46,0.2,0.018000409,103.65710372924805,0.0001,6015,,
1212416,1163,296,1041,0.124462890625,0.9569501280784607,-0.010106403776444495,0.09579773992300034,61.1187858581543,16.685256910324096,1229.3201904296875,831.37,0.2,0.0132117625,135.073637008667,0.0001,6020,,
1216512,1167,297,1041,0.1408203125,0.9647747874259949,-0.012118894082959741,0.09579584002494812,49.876609802246094,16.68571009635925,1350.138916015625,851.44,0.2,0.014555056,128.89951610565186,0.0001,6025,,
1220608,1171,298,1041,0.132275390625,0.9678334593772888,-0.011430232389830052,0.09584571421146393,46.78010559082031,16.683205795288085,1332.850830078125,833.16,0.2,0.0116827,105.26544227600098,0.0001,6030,,
1224704,1174,299,1042,0.119189453125,0.8836089372634888,-0.011732484132517129,0.09585840255022049,142.15257263183594,16.674872303009032,1315.5574951171875,826.88,0.2,0.013024808,304.0202583312988,0.0001,6035,,
1228800,1177,300,1043,0.099365234375,0.9063353538513184,-0.013160755753051489,0.09584187716245651,104.00556945800781,16.6763325214386,1304.732177734375,823.92,0.2,0.012341786,228.46437911987306,0.0001,6040,,
1232896,1182,301,1042,0.12626953125,0.9299706220626831,-0.012807109986897557,0.09583139419555664,93.16510009765625,16.67913293838501,1270.5137939453125,840.19,0.2,0.014048405,203.89090385437012,0.0001,6045,,
1236992,1185,302,1043,0.112109375,0.9420140385627747,-0.013001551030902192,0.09584106504917145,76.42973327636719,16.67919774055481,1258.1165771484375,840.19,0.2,0.012448272,207.93414726257325,0.0001,6050,,
1241088,1188,303,1044,0.1560546875,0.9619961380958557,-0.012578469922300429,0.09578709304332733,49.73808288574219,16.681294441223145,1248.0791015625,831.2,0.2,0.015540076,127.10952262878418,0.0001,6055,,
1245184,1192,304,1044,0.16630859375,0.9504250884056091,-0.015331930841784924,0.09578403830528259,83.51292419433594,16.689442491531373,1239.0927734375,825.27,0.2,0.014343317,215.89954948425293,0.0001,6060,,
1249280,1196,305,1044,0.156396484375,0.9675315618515015,-0.013493240310344845,0.0957619845867157,45.97462844848633,16.690203857421874,1252.7027587890625,833.26,0.2,0.014498798,120.2283281326294,0.0001,6065,,
1253376,1226,306,1021,0.148095703125,0.9411852359771729,-0.014599071128759532,0.09572712332010269,58.72705078125,16.69559803009033,1261.513671875,833.26,0.2,0.01456774,146.3819543838501,0.0001,6070,250000,2.421724732140915
1257472,1229,307,1022,0.141357421875,0.911057710647583,-0.010823611146770417,0.09571364521980286,38.440181732177734,16.701174020767212,1247.79931640625,827.5,0.2,0.013249247,109.54949169158935,0.0001,6075,,
1261568,1233,308,1023,0.148876953125,0.9168761372566223,-0.012894760907511228,0.09573818743228912,64.57585144042969,16.70019426345825,1247.3243408203125,824.19,0.2,0.014945814,138.61591892242433,0.0001,6080,,
1265664,1237,309,1022,0.161083984375,0.9479543566703796,-0.014437050826381892,0.09577584266662598,41.767173767089844,16.69374017715454,1304.2269287109375,840.14,0.2,0.015351709,104.60350894927979,0.0001,6085,,
1269760,1241,310,1023,0.15263671875,0.9533199071884155,-0.014557527302531525,0.0957331508398056,55.677982330322266,16.692759609222414,1266.968994140625,838.82,0.2,0.014960038,122.48920135498047,0.0001,6090,,
1273856,1244,311,1023,0.141259765625,0.9394595623016357,-0.013494243880268186,0.0957312136888504,67.28904724121094,16.699198627471922,1254.0330810546875,832.21,0.2,0.014271129,165.19431266784667,0.0001,6095,,
1277952,1247,312,1024,0.093603515625,0.9292588233947754,-0.010719719564076514,0.09570059180259705,72.27983093261719,16.700092458724974,1277.7581787109375,836.95,0.2,0.011174578,196.4148998260498,0.0001,6100,,
1282048,1251,313,1024,0.0978515625,0.9278472065925598,-0.011790702352300286,0.09569402784109116,82.14408111572266,16.70569701194763,1317.962158203125,862.67,0.2,0.01322954,209.6391460418701,0.0001,6105,,
1286144,1255,314,1024,0.08076171875,0.9104712605476379,-0.010418207058683038,0.09567704051733017,113.00269317626953,16.706528186798096,1282.7132568359375,856.98,0.2,0.010600727,258.10416145324706,0.0001,6110,,
1290240,1258,315,1025,0.10048828125,0.9127404689788818,-0.012098378519294784,0.0956270843744278,79.54000854492188,16.71275954246521,1216.607666015625,844.29,0.2,0.011573423,193.79990997314454,0.0001,6115,,
1294336,1261,316,1025,0.11826171875,0.9218323230743408,-0.01302034235559404,0.09561608731746674,86.0208969116211,16.71991138458252,1217.1754150390625,843.48,0.2,0.012942962,179.96746978759765,0.0001,6120,,
1298432,1265,317,1025,0.1263671875,0.9149265885353088,-0.013995157543104143,0.09559869766235352,72.2317123413086,16.721320343017577,1213.2008056640625,853.94,0.2,0.013276716,161.56643867492676,0.0001,6125,,
1302528,1269,318,1026,0.1251953125,0.9508342146873474,-0.011876502074301243,0.09556607902050018,55.109947204589844,16.726245737075807,1158.2938232421875,843.76,0.2,0.013392931,135.20391006469725,0.0001,6130,,
1306624,1272,319,1026,0.13994140625,0.9548923969268799,-0.01069102498004213,0.09555332362651825,62.1008186340332,16.730952072143555,1144.5777587890625,843.76,0.2,0.015508688,150.18575057983398,0.0001,6135,,
1310720,1276,320,1027,0.14951171875,0.9524108171463013,-0.01234347471036017,0.09553626924753189,64.66511535644531,16.733787727355956,1132.49169921875,845.34,0.2,0.015089607,150.05679473876953,0.0001,6140,,
1314816,1280,321,1026,0.123046875,0.9455768465995789,-0.010658567474456504,0.09551907330751419,75.14641571044922,16.737219095230103,1215.0213623046875,866.43,0.2,0.012595838,176.47696380615236,0.0001,6145,,
1318912,1283,322,1027,0.133642578125,0.9470597505569458,-0.011912205105181784,0.095513254404068,67.03800964355469,16.739046907424928,1200.5679931640625,855.8,0.2,0.013505688,145.04253940582277,0.0001,6150,,
1323008,1286,323,1028,0.11259765625,0.9447717070579529,-0.014335547655355186,0.09548627585172653,61.4432258605957,16.741371440887452,1188.6396484375,855.8,0.2,0.012338128,143.98167839050294,0.0001,6155,,
1327104,1290,324,1028,0.122021484375,0.9498411417007446,-0.011600963823730126,0.09544580429792404,49.18536376953125,16.748557233810423,1182.540283203125,849.66,0.2,0.014244285,115.14989585876465,0.0001,6160,,
1331200,1294,325,1028,0.183935546875,0.9417294859886169,-0.016966812295140698,0.0954127237200737,61.88825607299805,16.755438709259032,1247.6563720703125,868.5,0.2,0.018113073,149.89663047790526,0.0001,6165,,
1335296,1298,326,1028,0.133349609375,0.9119569063186646,-0.012096334929810836,0.09537705779075623,60.09181213378906,16.762264442443847,1204.4879150390625,853.15,0.2,0.012842639,215.25725593566895,0.0001,6170,,
1339392,1301,327,1029,0.12451171875,0.9103645086288452,-0.012281839456409215,0.09537964314222336,84.49079895019531,16.766226625442506,1199.983642578125,847.44,0.2,0.012916664,218.36353187561036,0.0001,6175,,
1343488,1304,328,1029,0.14697265625,0.9299684166908264,-0.01570099939708598,0.09537860006093979,70.06317138671875,16.765596866607666,1183.5101318359375,842.57,0.2,0.016319327,169.67066040039063,0.0001,6180,,
1347584,1309,329,1029,0.113720703125,0.9302926063537598,-0.011651244375389069,0.09535524249076843,48.15760803222656,16.767973232269288,1223.433837890625,857.68,0.2,0.013904944,145.62131309509277,0.0001,6185,,
1351680,1312,330,1029,0.113037109375,0.9280604720115662,-0.011878002842422575,0.09533195942640305,58.17339324951172,16.772437286376952,1205.2996826171875,852.83,0.2,0.01320256,143.6797842025757,0.0001,6190,,
1355776,1315,331,1030,0.17294921875,0.8913936614990234,-0.0147137120278785,0.09536024183034897,57.69940185546875,16.773553895950318,1174.1680908203125,838.99,0.2,0.016474701,157.81512203216553,0.0001,6195,,
1359872,1319,332,1030,0.150146484375,0.8983754515647888,-0.014000420866068453,0.09535874426364899,118.28080749511719,16.769065380096436,1163.8189697265625,835.26,0.2,0.014835745,205.06092834472656,0.0001,6200,,
1363968,1323,333,1030,0.153369140625,0.9415990114212036,-0.012857779551995917,0.09533148258924484,51.3444709777832,16.77247495651245,1198.111328125,839.25,0.2,0.014269484,125.65460834503173,0.0001,6205,,
1368064,1326,334,1031,0.1451171875,0.9190090298652649,-0.013928826799383388,0.09534849971532822,69.19569396972656,16.77374401092529,1166.714111328125,821.32,0.2,0.014665961,163.62443008422852,0.0001,6210,,
1372160,1330,335,1031,0.143212890625,0.9054185748100281,-0.014000591007061303,0.09534233063459396,83.59103393554688,16.771318006515504,1157.875732421875,821.46,0.2,0.016686052,212.0243362426758,0.0001,6215,,
1376256,1334,336,1031,0.10400390625,0.932741641998291,-0.009600658249109984,0.09529735893011093,68.59980773925781,16.77636194229126,1255.9761962890625,844.47,0.2,0.012307145,157.26834983825682,0.0001,6220,,
1380352,1337,337,1031,0.11044921875,0.9350711107254028,-0.012184092949610204,0.09530200064182281,70.15199279785156,16.781897687911986,1243.652587890625,842.92,0.2,0.01268799,164.11868381500244,0.0001,6225,,
1384448,1340,338,1032,0.10830078125,0.8869228363037109,-0.011326344683766365,0.09531198441982269,75.99412536621094,16.7791531085968,1210.3460693359375,833.46,0.2,0.012940989,193.2294662475586,0.0001,6230,,
1388544,1344,339,1032,0.1283203125,0.9465482831001282,-0.011166100471746177,0.09530943632125854,50.56217956542969,16.77905478477478,1192.6025390625,826.59,0.2,0.016491866,115.64911632537842,0.0001,6235,,
1392640,1348,340,1032,0.146337890625,0.9305580854415894,-0.0133594183716923,0.09531334787607193,47.32490921020508,16.778851366043092,1256.4803466796875,834.62,0.2,0.015078297,129.40992603302,0.0001,6240,,
1396736,1352,341,1033,0.1400390625,0.9220061302185059,-0.01275124266394414,0.09529728442430496,51.887996673583984,16.779535627365114,1230.9373779296875,827.64,0.2,0.015778987,142.02091293334962,0.0001,6245,,
1400832,1355,342,1033,0.17587890625,0.9470929503440857,-0.012855157465673983,0.09529030323028564,58.02437973022461,16.782062196731566,1210.749267578125,822.63,0.2,0.016827114,125.61638793945312,0.0001,6250,,
1404928,1358,343,1034,0.13525390625,0.9439581632614136,-0.011020011542132124,0.09525308758020401,63.08633041381836,16.785147666931152,1227.8251953125,823.44,0.2,0.015783928,177.80599956512452,0.0001,6255,,
1409024,1362,344,1033,0.133544921875,0.9487647414207458,-0.012808710627723485,0.09520523995161057,67.17733764648438,16.794488954544068,1195.7674560546875,825.37,0.2,0.014211331,159.09392318725585,0.0001,6260,,
1413120,1366,345,1034,0.12236328125,0.9337310194969177,-0.010780021140817553,0.09517760574817657,69.7017593383789,16.80098190307617,1154.9566650390625,824.04,0.2,0.0134523325,167.6602325439453,0.0001,6265,,
1417216,1369,346,1034,0.153564453125,0.84843909740448,-0.012564910133369267,0.09514708071947098,114.00137329101562,16.80702586174011,1150.08935546875,819.16,0.2,0.014393684,249.4783935546875,0.0001,6270,,
1421312,1372,347,1035,0.11064453125,0.8249552249908447,-0.011802517564501614,0.09514006972312927,80.1911392211914,16.810618305206297,1157.4173583984375,822.25,0.2,0.012178517,234.26239776611328,0.0001,6275,,
1425408,1377,348,1035,0.105419921875,0.8296564817428589,-0.012438714632298797,0.09514066576957703,79.51280975341797,16.811474084854126,1176.722412109375,835.81,0.2,0.011574887,225.04480323791503,0.0001,6280,,
1429504,1380,349,1035,0.111669921875,0.8654337525367737,-0.011902547010686248,0.09511969238519669,68.7000732421875,16.812674856185915,1152.4976806640625,835.81,0.2,0.012269654,210.69095306396486,0.0001,6285,,
1433600,1383,350,1035,0.15009765625,0.8747420907020569,-0.012953791138716041,0.09507572650909424,52.025062561035156,16.819193601608276,1124.1025390625,823.56,0.2,0.016298082,122.14742794036866,0.0001,6290,,
1437696,1386,351,1036,0.16298828125,0.892978847026825,-0.012607672601006925,0.0950547456741333,61.85420608520508,16.826250505447387,1130.3133544921875,825.66,0.2,0.016152278,139.84750537872316,0.0001,6295,,
1441792,1391,352,1036,0.1572265625,0.925043523311615,-0.012415982037782668,0.09498238563537598,40.413963317871094,16.832839822769166,1152.89404296875,843.24,0.2,0.014071729,94.08082904815674,0.0001,6300,,
1445888,1394,353,1036,0.17236328125,0.9385768175125122,-0.013290162751218304,0.0949227511882782,55.03641128540039,16.847025632858276,1146.2127685546875,843.24,0.2,0.015418012,117.28775825500489,0.0001,6305,,
1449984,1397,354,1037,0.152978515625,0.9348113536834717,-0.012482105128583498,0.09492401778697968,56.96677780151367,16.854342889785766,1140.550537109375,840.54,0.2,0.014141567,143.12444438934327,0.0001,6310,,
1454080,1401,355,1037,0.1416015625,0.9117671847343445,-0.01260920676868409,0.09491729736328125,86.1130142211914,16.852735185623168,1126.1251220703125,835.22,0.2,0.0134973265,187.1503578186035,0.0001,6315,,
1458176,1405,356,1037,0.1423828125,0.9332097768783569,-0.013368408370297402,0.09491734206676483,59.87268829345703,16.85444779396057,1176.9024658203125,851.64,0.2,0.0145880375,147.59669704437255,0.0001,6320,,
1462272,1409,357,1037,0.127685546875,0.9355413317680359,-0.013229575363220647,0.09491150826215744,71.8831558227539,16.85465278625488,1147.446044921875,841.68,0.2,0.014162985,158.0664358139038,0.0001,6325,,
1466368,1412,358,1038,0.10927734375,0.9139240384101868,-0.011209764331579209,0.09489989280700684,120.51321411132812,16.855731201171874,1135.2755126953125,827.05,0.2,0.012431085,277.54760971069334,0.0001,6330,,
1470464,1415,359,1038,0.119482421875,0.9507343769073486,-0.011953508725855499,0.09485824406147003,69.91944885253906,16.861084842681883,1156.0498046875,827.32,0.2,0.014195483,167.85466384887695,0.0001,6335,,
1474560,1419,360,1038,0.151220703125,0.9545794129371643,-0.013158439839025959,0.09482855349779129,81.35848236083984,16.868414688110352,1178.629150390625,841.95,0.2,0.014613181,162.93790512084962,0.0001,6340,,
1478656,1423,361,1038,0.15205078125,0.9652304649353027,-0.014004594570724293,0.09482451528310776,44.61612319946289,16.871708250045778,1149.67041015625,830.05,0.2,0.0153377205,112.1668020248413,0.0001,6345,,
1482752,1427,362,1039,0.159814453125,0.9387176036834717,-0.013525066536385567,0.09480002522468567,102.36400604248047,16.874135637283324,1127.3720703125,827.94,0.2,0.01697094,181.12056465148925,0.0001,6350,,
1486848,1430,363,1039,0.12998046875,0.9401161074638367,-0.01374664498725906,0.09475427865982056,97.5006103515625,16.880151748657227,1123.2989501953125,821.9,0.2,0.013917555,228.88382530212402,0.0001,6355,,
1490944,1434,364,1039,0.12490234375,0.9560325145721436,-0.013966502551920713,0.0947427898645401,70.62993621826172,16.886366176605225,1211.8499755859375,832.32,0.2,0.0134602785,200.02168197631835,0.0001,6360,,
1495040,1437,365,1039,0.09609375,0.9580320119857788,-0.0118672447046265,0.09473053365945816,55.678733825683594,16.888019418716432,1163.9107666015625,817.92,0.2,0.011658732,153.84252719879152,0.0001,6365,,
1499136,1441,366,1040,0.1314453125,0.930045485496521,-0.015013040305348113,0.09473077207803726,80.61009216308594,16.8897367477417,1185.022216796875,823.28,0.2,0.01357509,212.06560287475585,0.0001,6370,,
1503232,1470,367,1021,0.088427734375,0.9510898590087891,-0.010087711818050593,0.094725102186203,41.006195068359375,16.88981375694275,1183.2305908203125,821.13,0.2,0.012592771,117.30555534362793,0.0001,6375,250000,2.2967215709360156
1507328,1475,368,1021,0.148486328125,0.9551507830619812,-0.015446777659235522,0.09467562288045883,48.045387268066406,16.894137811660766,1213.462890625,828.1,0.2,0.016527168,145.26463012695314,0.0001,6380,,
1511424,1478,369,1022,0.117236328125,0.9632188677787781,-0.011773454723879695,0.09464238584041595,45.91659164428711,16.90364475250244,1224.4678955078125,826.85,0.2,0.01331926,123.73810482025146,0.0001,6385,,
1515520,1482,370,1022,0.13798828125,0.9618586897850037,-0.013029034703504295,0.09460606426000595,60.22145080566406,16.9093056678772,1210.6888427734375,821.31,0.2,0.013921928,149.4756971359253,0.0001,6390,,
1519616,1485,371,1023,0.123828125,0.9691652059555054,-0.012802947094314732,0.09457399696111679,30.751136779785156,16.916082286834715,1207.767822265625,823.07,0.2,0.013689777,92.40783834457397,0.0001,6395,,
1523712,1489,372,1022,0.15341796875,0.9660022258758545,-0.013945410266751423,0.09450747072696686,47.8293571472168,16.924418258666993,1291.188232421875,829.46,0.2,0.01581856,107.75893058776856,0.0001,6400,,
1527808,1492,373,1023,0.100146484375,0.9239233732223511,-0.009173522680066526,0.09447356313467026,86.68575286865234,16.93583788871765,1288.4755859375,824.77,0.2,0.009642768,241.5478572845459,0.0001,6405,,
1531904,1496,374,1023,0.0763671875,0.9200504422187805,-0.010057169036008418,0.09446252137422562,124.57061004638672,16.939812707901,1293.983154296875,819.38,0.2,0.010197859,298.6925189971924,0.0001,6410,,
1536000,1500,375,1023,0.066796875,0.9410242438316345,-0.009288879670202732,0.09444275498390198,138.74166870117188,16.942053508758544,1298.545654296875,829.7,0.2,0.00968077,305.48564834594725,0.0001,6415,,
1540096,1504,376,1023,0.11044921875,0.9495028257369995,-0.014086764660896733,0.09443515539169312,110.898681640625,16.945454454422,1281.5184326171875,829.34,0.2,0.012346948,265.0559955596924,0.0001,6420,,
1544192,1507,377,1024,0.107666015625,0.9584158658981323,-0.01169065216963645,0.09443990141153336,56.45915222167969,16.945504188537598,1270.771728515625,823.98,0.2,0.012769903,127.30624370574951,0.0001,6425,,
1548288,1510,378,1025,0.145703125,0.9639979004859924,-0.012620643980335444,0.0943935215473175,63.677066802978516,16.94793119430542,1277.4368896484375,825.76,0.2,0.015592561,120.13868598937988,0.0001,6430,,
1552384,1514,379,1024,0.1505859375,0.9611719250679016,-0.010685287235537544,0.09431374818086624,51.13978576660156,16.960823583602906,1291.3369140625,841.06,0.2,0.013370943,136.91334114074706,0.0001,6435,,
1556480,1518,380,1025,0.17041015625,0.9635956883430481,-0.013470863015390933,0.09425564110279083,58.81718444824219,16.97480082511902,1265.768310546875,836.83,0.2,0.015095445,139.71391181945802,0.0001,6440,,
1560576,1521,381,1025,0.151416015625,0.9137542843818665,-0.012483018927741795,0.09422510862350464,53.31947708129883,16.983297967910765,1263.4808349609375,835.75,0.2,0.015719285,131.0013542175293,0.0001,6445,,
1564672,1524,382,1026,0.151123046875,0.9241082072257996,-0.010589603043626994,0.09418987482786179,37.329010009765625,16.988390731811524,1247.2510986328125,832.61,0.2,0.015336491,107.01149787902833,0.0001,6450,,
1568768,1529,383,1025,0.14150390625,0.8700230121612549,-0.014000896050129085,0.09417727589607239,94.59740447998047,16.994454860687256,1301.7266845703125,853.34,0.2,0.013868815,179.30259475708007,0.0001,6455,,
1572864,1532,384,1026,0.12861328125,0.9301776885986328,-0.012484190129907802,0.09418446570634842,47.51460647583008,16.994073820114135,1282.4256591796875,846.99,0.2,0.0141781615,113.34343967437744,0.0001,6460,,
1576960,1535,385,1026,0.124658203125,0.9364929795265198,-0.012551824277034029,0.09416154026985168,57.89447021484375,16.994852781295776,1231.4630126953125,838.72,0.2,0.0139209805,152.99854793548585,0.0001,6465,,
1581056,1538,386,1027,0.113916015625,0.9147422909736633,-0.013774444139562548,0.09410008788108826,62.98615264892578,17.0026123046875,1222.753662109375,838.72,0.2,0.01331168,181.38370018005372,0.0001,6470,,
1585152,1542,387,1027,0.132958984375,0.9387359023094177,-0.01400729157612659,0.094064861536026,64.60128784179688,17.01371865272522,1321.4051513671875,865.51,0.2,0.012735679,157.61906929016112,0.0001,6475,,
1589248,1546,388,1027,0.133544921875,0.9503202438354492,-0.01204328192397952,0.09405967593193054,57.70469284057617,17.01705265045166,1269.1834716796875,859.33,0.2,0.013290406,159.0585626602173,0.0001,6480,,
1593344,1549,389,1028,0.125732421875,0.9459691047668457,-0.009733493233215994,0.09401727467775345,59.47701644897461,17.020146083831786,1262.6444091796875,858.77,0.2,0.0134567125,159.79371318817138,0.0001,6485,,
1597440,1553,390,1028,0.110400390625,0.9081418514251709,-0.00962989908293821,0.09401243180036545,77.87710571289062,17.026846742630006,1229.91748046875,844.44,0.2,0.012888676,188.40016708374023,0.0001,6490,,
1601536,1557,391,1028,0.17607421875,0.9524030089378357,-0.015430427505634725,0.09401209652423859,60.807899475097656,17.025892734527588,1308.4002685546875,873.63,0.2,0.016562382,150.7806739807129,0.0001,6495,,
1605632,1560,392,1028,0.18427734375,0.9642828106880188,-0.012632053275592626,0.09393204748630524,49.1820068359375,17.032451105117797,1242.2366943359375,861.75,0.2,0.017218433,110.84929485321045,0.0001,6500,,
1609728,1563,393,1029,0.144580078125,0.9497915506362915,-0.01133325026021339,0.09392601996660233,57.259822845458984,17.043931770324708,1202.7386474609375,853.75,0.2,0.0137958545,154.32981624603272,0.0001,6505,,
1613824,1567,394,1029,0.141650390625,0.9536198973655701,-0.014437850582180545,0.09394930303096771,56.789146423339844,17.040211057662965,1207.6221923828125,850.45,0.2,0.015590889,138.88324699401855,0.0001,6510,,
1617920,1571,395,1029,0.1521484375,0.939936637878418,-0.014938594534760341,0.09394910931587219,47.31439971923828,17.038051748275755,1233.3148193359375,865.88,0.2,0.015956352,132.1273069381714,0.0001,6515,,
1622016,1574,396,1029,0.1873046875,0.9543331861495972,-0.013805876165861264,0.09392668306827545,69.28382110595703,17.039278030395508,1226.4822998046875,859.7,0.2,0.016331546,138.00079917907715,0.0001,6520,,
1626112,1578,397,1030,0.194287109375,0.9565249681472778,-0.01464840686530806,0.09394947439432144,66.38671112060547,17.040559244155883,1201.278076171875,854.13,0.2,0.016441021,154.50969409942627,0.0001,6525,,
1630208,1581,398,1030,0.1548828125,0.9652290940284729,-0.013485847192350775,0.09394881129264832,53.221595764160156,17.036762285232545,1178.87890625,847.04,0.2,0.017314125,126.27779769897461,0.0001,6530,,
1634304,1585,399,1030,0.14658203125,0.9640552997589111,-0.011172255175188184,0.09392544627189636,65.5945816040039,17.03918328285217,1230.694580078125,860.8,0.2,0.013488549,178.88610076904297,0.0001,6535,,
1638400,1589,400,1030,0.1712890625,0.9637758135795593,-0.013274800928775221,0.09385723620653152,68.74028778076172,17.047628784179686,1182.8076171875,846.36,0.2,0.01759005,133.20719890594484,0.0001,6540,,
1642496,1592,401,1031,0.14296875,0.9340085983276367,-0.013655433699022978,0.09384229779243469,92.91651916503906,17.05662145614624,1182.30224609375,846.36,0.2,0.014849637,229.02288208007812,0.0001,6545,,
1646592,1596,402,1031,0.123681640625,0.9284010529518127,-0.011083815095480532,0.09382978081703186,80.8460922241211,17.058584880828857,1170.805908203125,841.49,0.2,0.013624962,192.34610137939453,0.0001,6550,,
1650688,1600,403,1031,0.134912109375,0.9203391075134277,-0.013508172251749783,0.09379804134368896,135.4130401611328,17.062272596359254,1296.6015625,865.01,0.2,0.012949662,273.60141639709474,0.0001,6555,,
1654784,1603,404,1031,0.124853515625,0.9607714414596558,-0.011145165475318209,0.09381268918514252,56.31218338012695,17.065324974060058,1213.689208984375,844.4,0.2,0.013624152,119.21887474060058,0.0001,6560,,
1658880,1607,405,1032,0.134423828125,0.9337462782859802,-0.011599701881641522,0.09383250027894974,115.27050018310547,17.061395740509035,1213.1663818359375,844.13,0.2,0.013480058,222.01756477355957,0.0001,6565,,
1662976,1610,406,1032,0.103125,0.9207533001899719,-0.013535709388088435,0.09381678700447083,83.8376235961914,17.059946632385255,1185.4794921875,839.29,0.2,0.01282908,207.58299980163574,0.0001,6570,,
1667072,1614,407,1032,0.1212890625,0.9386081695556641,-0.014168603747384623,0.09377951920032501,68.18675231933594,17.065578269958497,1229.90771484375,845.25,0.2,0.012785464,180.17388439178467,0.0001,6575,,
1671168,1617,408,1032,0.12060546875,0.9173506498336792,-0.01223544132662937,0.09379120171070099,93.11668395996094,17.069111013412474,1189.5411376953125,831.84,0.2,0.014449673,226.02596549987794,0.0001,6580,,
1675264,1621,409,1033,0.113916015625,0.9093821048736572,-0.013176231289980933,0.09379953145980835,106.92463684082031,17.066264867782593,1187.420654296875,827.29,0.2,0.013789755,252.76993293762206,0.0001,6585,,
1679360,1624,410,1033,0.1294921875,0.9305251240730286,-0.012568963615922257,0.0938248410820961,82.5776138305664,17.063953113555907,1185.033447265625,819.92,0.2,0.014238123,203.05235214233397,0.0001,6590,,
1683456,1629,411,1033,0.106103515625,0.9478628039360046,-0.013258704834152013,0.09381873160600662,65.27245330810547,17.06008152961731,1225.549560546875,831.94,0.2,0.012581993,184.99836540222168,0.0001,6595,,
1687552,1632,412,1033,0.14267578125,0.9515929818153381,-0.014988134952727706,0.09377604722976685,66.6960678100586,17.065714263916014,1218.9678955078125,829.12,0.2,0.014718689,148.27656784057618,0.0001,6600,,
1691648,1635,413,1034,0.118798828125,0.9337059259414673,-0.012265558156650513,0.09375245869159698,91.11431121826172,17.07255177497864,1207.5224609375,822.65,0.2,0.012350503,224.1750732421875,0.0001,6605,,
1695744,1638,414,1034,0.095654296875,0.933435320854187,-0.009114623442292214,0.09374883025884628,110.46753692626953,17.07591962814331,1210.253173828125,821.44,0.2,0.012631905,234.98889961242676,0.0001,6610,,
1699840,1643,415,1034,0.14267578125,0.979035496711731,-0.011404677887912839,0.09372401982545853,33.977901458740234,17.07692084312439,1238.5496826171875,824.47,0.2,0.016644865,94.0772216796875,0.0001,6615,,
1703936,1646,416,1034,0.161767578125,0.9482519030570984,-0.012635701696854084,0.09372063726186752,84.78972625732422,17.081525373458863,1238.5496826171875,824.47,0.2,0.015043449,189.9018585205078,0.0001,6620,,
1708032,1649,417,1035,0.120751953125,0.8851736783981323,-0.012789090361911804,0.0937042161822319,92.9235610961914,17.081629848480226,1233.6365966796875,819.6,0.2,0.012758277,214.495219039917,0.0001,6625,,
1712128,1654,418,1035,0.080419921875,0.8640500903129578,-0.009711334016174078,0.09367378801107407,104.85971069335938,17.0865695476532,1251.093994140625,835.29,0.2,0.010675724,273.9752254486084,0.0001,6630,,
1716224,1657,419,1035,0.082080078125,0.8893133997917175,-0.011203948897309602,0.09367433190345764,78.66070556640625,17.09037914276123,1180.239501953125,820.1,0.2,0.011902655,225.24653015136718,0.0001,6635,,
1720320,1660,420,1036,0.138818359375,0.9267991781234741,-0.014162201329600065,0.09363707900047302,91.9327621459961,17.09274821281433,1180.239501953125,820.1,0.2,0.014049315,215.64970664978028,0.0001,6640,,
1724416,1664,421,1036,0.111376953125,0.9322356581687927,-0.011889332416467368,0.0936584323644638,66.4183578491211,17.096334838867186,1186.4132080078125,825.2,0.2,0.013053602,167.52360458374022,0.0001,6645,,
1728512,1669,422,1035,0.15107421875,0.9369679093360901,-0.01483953334391117,0.09369028359651566,83.56775665283203,17.089020109176637,1234.1368408203125,836.46,0.2,0.013727959,199.2538921356201,0.0001,6650,,
1732608,1672,423,1035,0.1419921875,0.9496949911117554,-0.012261202238732949,0.09369726479053497,72.1916732788086,17.08583974838257,1184.0323486328125,828.56,0.2,0.015174586,158.24209213256836,0.0001,6655,,
1736704,1675,424,1036,0.127783203125,0.9335975050926208,-0.013891948235686869,0.09370865672826767,86.88538360595703,17.08406252861023,1175.071044921875,822.82,0.2,0.0142704025,233.0212844848633,0.0001,6660,,
1740800,1679,425,1036,0.1572265625,0.9555516839027405,-0.0126541432866361,0.09370797872543335,62.11301803588867,17.083071804046632,1189.7442626953125,827.35,0.2,0.014855709,152.66855869293212,0.0001,6665,,
1744896,1683,426,1036,0.1251953125,0.9541592001914978,-0.012019626621622592,0.09367735683917999,75.67444610595703,17.08566246032715,1248.6085205078125,839.66,0.2,0.0137744555,177.41858978271483,0.0001,6670,,
1748992,1687,427,1036,0.138818359375,0.9446132779121399,-0.01158033317187801,0.0936555340886116,74.19353485107422,17.092479085922243,1201.702880859375,830.34,0.2,0.01549544,182.38935737609864,0.0001,6675,,
1753088,1716,428,1021,0.138330078125,0.8827583193778992,-0.014558353731990792,0.09364534914493561,142.5153045654297,17.094996309280397,1201.702880859375,830.34,0.2,0.012506751,316.726863861084,0.0001,6680,250000,2.3255217891459883
1757184,1720,429,1021,0.130126953125,0.9433680176734924,-0.01227253651013598,0.09362077713012695,65.89107513427734,17.0979483127594,1191.5390625,826.9,0.2,0.014052478,157.78328533172606,0.0001,6685,,
1761280,1724,430,1021,0.16044921875,0.9318054914474487,-0.01178100793622434,0.0935690850019455,97.17554473876953,17.105408954620362,1257.5081787109375,844.81,0.2,0.013387016,216.84933128356934,0.0001,6690,,
1765376,1728,431,1021,0.140234375,0.916714608669281,-0.013128958200104535,0.09354004263877869,89.43804168701172,17.11366696357727,1208.67431640625,841.76,0.2,0.013028275,220.3170467376709,0.0001,6695,,
1769472,1731,432,1022,0.126953125,0.8992935419082642,-0.012970375816803426,0.09351790696382523,82.49706268310547,17.11887917518616,1208.6221923828125,838.51,0.2,0.012290335,197.7107006072998,0.0001,6700,,
1773568,1734,433,1022,0.141796875,0.9162036776542664,-0.01256958198500797,0.09347399324178696,61.07443618774414,17.124517393112182,1212.01904296875,838.51,0.2,0.013318673,170.80909881591796,0.0001,6705,,
1777664,1739,434,1021,0.14521484375,0.9461578726768494,-0.012857024208642542,0.09347128868103027,58.49490737915039,17.129939222335814,1253.705078125,855.66,0.2,0.01450687,146.00629234313965,0.0001,6710,,
1781760,1743,435,1021,0.150341796875,0.9520555734634399,-0.012167983292602002,0.0935075581073761,83.7651596069336,17.126388120651246,1225.566650390625,847.09,0.2,0.014933377,183.58507690429687,0.0001,6715,,
1785856,1746,436,1022,0.122509765625,0.9535400867462158,-0.011977223411668092,0.09350482374429703,93.32290649414062,17.121973609924318,1220.02392578125,841.22,0.2,0.013079198,193.44001312255858,0.0001,6720,,
1789952,1750,437,1022,0.158984375,0.9586857557296753,-0.013340916694141924,0.09346309304237366,57.08249282836914,17.12663812637329,1225.709716796875,839.48,0.2,0.015514447,134.7431838989258,0.0001,6725,,
1794048,1754,438,1022,0.1712890625,0.9540128707885742,-0.013151372433640063,0.09347008168697357,62.289310455322266,17.13135690689087,1292.0699462890625,857.2,0.2,0.01508709,134.11020202636718,0.0001,6730,,
1798144,1757,439,1022,0.165234375,0.9450926184654236,-0.012445700145326555,0.0934310331940651,92.48551940917969,17.13271059989929,1267.1407470703125,850.5,0.2,0.015105003,196.0703197479248,0.0001,6735,,
1802240,1761,440,1023,0.1185546875,0.944267749786377,-0.011245270958170295,0.09342578053474426,111.7763442993164,17.138753509521486,1290.9677734375,850.53,0.2,0.013269365,228.8650302886963,0.0001,6740,,
1806336,1764,441,1023,0.12109375,0.9477521181106567,-0.011177869350649416,0.09344466775655746,83.10929107666016,17.136989879608155,1300.3338623046875,841.0,0.2,0.01402381,192.72626495361328,0.0001,6745,,
1810432,1768,442,1023,0.089453125,0.9365206360816956,-0.008639847353333608,0.09342006593942642,91.93991088867188,17.136467027664185,1372.7557373046875,857.14,0.2,0.011269272,214.29993743896483,0.0001,6750,,
1814528,1772,443,1023,0.114013671875,0.9393088817596436,-0.010655038425466046,0.09341469407081604,68.53569793701172,17.140729713439942,1347.989501953125,853.09,0.2,0.013197319,159.3224842071533,0.0001,6755,,
1818624,1775,444,1024,0.15234375,0.929210364818573,-0.01293417785782367,0.09338884055614471,64.95792388916016,17.142464780807494,1327.10107421875,850.09,0.2,0.016264446,156.8412281036377,0.0001,6760,,
1822720,1778,445,1024,0.16240234375,0.9429939985275269,-0.013235406519379466,0.09337031096220016,65.64958953857422,17.14744963645935,1310.430908203125,848.91,0.2,0.014576132,163.3574613571167,0.0001,6765,,
1826816,1783,446,1024,0.162939453125,0.9580838084220886,-0.013689663703553378,0.09335267543792725,49.98229217529297,17.15096836090088,1373.0843505859375,862.27,0.2,0.016143214,152.27548084259033,0.0001,6770,,
1830912,1786,447,1025,0.1373046875,0.9404325485229492,-0.014481158868875355,0.09332640469074249,81.25033569335938,17.155410385131837,1365.8240966796875,862.27,0.2,0.013518832,209.04738082885743,0.0001,6775,,
1835008,1789,448,1025,0.120703125,0.9557523131370544,-0.011078508046921343,0.09329897910356522,85.52852630615234,17.160363006591798,1329.26513671875,853.28,0.2,0.013137937,187.09850425720214,0.0001,6780,,
1839104,1792,449,1026,0.116357421875,0.9492285251617432,-0.009573946264572442,0.0933120995759964,75.40840911865234,17.162600326538087,1328.5518798828125,854.74,0.2,0.01224518,183.27282066345214,0.0001,6785,,
1843200,1797,450,1025,0.132470703125,0.9413886070251465,-0.009701070375740528,0.0932677686214447,74.36394500732422,17.164000415802,1415.829345703125,863.98,0.2,0.013597553,168.64335289001465,0.0001,6790,,
1847296,1800,451,1026,0.144384765625,0.918870210647583,-0.011545900988858193,0.0932794138789177,153.86289978027344,17.16970238685608,1408.6534423828125,863.98,0.2,0.014520883,278.7408451080322,0.0001,6795,,
1851392,1803,452,1026,0.1396484375,0.9326294660568237,-0.012600253545679152,0.09327895194292068,91.90924835205078,17.166712522506714,1370.16943359375,852.75,0.2,0.013157871,213.80440826416014,0.0001,6800,,
1855488,1806,453,1026,0.100537109375,0.938775360584259,-0.011749574902933092,0.0932699665427208,102.28936767578125,17.16821732521057,1370.16943359375,852.75,0.2,0.012541526,258.56213760375977,0.0001,6805,,
1859584,1811,454,1026,0.156201171875,0.9612834453582764,-0.013268389611039311,0.09323826432228088,62.589622497558594,17.171925735473632,1441.768310546875,862.3,0.2,0.016282078,151.95380210876465,0.0001,6810,,
1863680,1814,455,1027,0.169873046875,0.9606550931930542,-0.01381110522779636,0.09325505793094635,63.73185348510742,17.17469663619995,1431.1031494140625,859.83,0.2,0.017751675,150.46069850921631,0.0001,6815,,
1867776,1817,456,1027,0.161865234375,0.9537555575370789,-0.011376360838767141,0.09321514517068863,62.674224853515625,17.17474184036255,1396.5452880859375,857.51,0.2,0.014898978,143.074462890625,0.0001,6820,,
1871872,1821,457,1027,0.18251953125,0.9529757499694824,-0.013468129892135038,0.09322620183229446,61.67333984375,17.180645370483397,1366.69921875,840.94,0.2,0.013907403,135.28957176208496,0.0001,6825,,
1875968,1826,458,1027,0.1779296875,0.9301420450210571,-0.014374261861667037,0.09319980442523956,96.29199981689453,17.18089485168457,1404.6016845703125,853.9,0.2,0.015751505,234.3531467437744,0.0001,6830,,
1880064,1828,459,1028,0.160791015625,0.9200892448425293,-0.015507018833886832,0.09317571669816971,83.65261840820312,17.185632991790772,1404.6016845703125,853.9,0.2,0.01601293,138.83029174804688,0.0001,6835,,
1884160,1832,460,1028,0.180859375,0.9541751742362976,-0.012556118139764294,0.09314143657684326,39.219383239746094,17.191633653640746,1382.7220458984375,849.4,0.2,0.019195296,86.38154106140136,0.0001,6840,,
1888256,1836,461,1028,0.175732421875,0.9408641457557678,-0.010125209752004594,0.09312944114208221,62.96648406982422,17.196918344497682,1448.98974609375,873.0,0.2,0.015906997,159.63523349761962,0.0001,6845,,
1892352,1840,462,1028,0.13330078125,0.923947811126709,-0.01407709156628698,0.09311561286449432,79.43096923828125,17.198732757568358,1384.3292236328125,863.38,0.2,0.015021961,194.38554840087892,0.0001,6850,,
1896448,1843,463,1028,0.101904296875,0.890631377696991,-0.011807006818708032,0.0930938571691513,67.11117553710938,17.20218782424927,1369.63623046875,856.65,0.2,0.013268994,185.61841621398926,0.0001,6855,,
1900544,1846,464,1029,0.11884765625,0.7986242771148682,-0.011819283221848309,0.09306029975414276,114.5059814453125,17.207146406173706,1347.4000244140625,847.1,0.2,0.012217845,258.80935287475586,0.0001,6860,,
1904640,1851,465,1028,0.155029296875,0.8624370098114014,-0.014443911280250177,0.0930539146065712,93.6678695678711,17.21213779449463,1412.450927734375,850.67,0.2,0.01521605,205.51978607177733,0.0001,6865,,
1908736,1854,466,1029,0.1337890625,0.8579434156417847,-0.012470766418846323,0.09303031861782074,104.45832824707031,17.213431358337402,1365.2227783203125,840.36,0.2,0.013194697,231.94870719909667,0.0001,6870,,
1912832,1857,467,1029,0.125,0.8956001996994019,-0.01325895917834714,0.09303292632102966,76.13951110839844,17.21741142272949,1373.5687255859375,842.46,0.2,0.0145088285,171.69536819458008,0.0001,6875,,
1916928,1860,468,1030,0.12236328125,0.8849673271179199,-0.011047025508014485,0.09306437522172928,106.59584045410156,17.213964796066286,1371.3140869140625,836.5,0.2,0.012799712,213.7262390136719,0.0001,6880,,
1921024,1865,469,1029,0.16328125,0.9301949739456177,-0.01252575054531917,0.09307209402322769,63.69697189331055,17.209284830093384,1342.4403076171875,847.88,0.2,0.01461724,142.28964462280274,0.0001,6885,,
1925120,1868,470,1030,0.18173828125,0.9415579438209534,-0.01338083174196072,0.09309766441583633,74.17365264892578,17.206969690322875,1310.3575439453125,842.91,0.2,0.016199652,172.86285514831542,0.0001,6890,,
1929216,1871,471,1030,0.14150390625,0.9503326416015625,-0.010113826603628695,0.09307300299406052,81.03164672851562,17.205228805541992,1307.7225341796875,837.16,0.2,0.015231851,145.9994394302368,0.0001,6895,,
1933312,1874,472,1031,0.10498046875,0.9570590853691101,-0.009687951486557721,0.09302034974098206,56.656593322753906,17.21325750350952,1300.0733642578125,840.96,0.2,0.012266964,132.06575374603273,0.0001,6900,,
1937408,1879,473,1030,0.159423828125,0.9593453407287598,-0.012058402184629812,0.09300163388252258,60.035560607910156,17.222196435928346,1274.210205078125,848.44,0.2,0.016836576,130.5185453414917,0.0001,6905,,
1941504,1883,474,1031,0.150830078125,0.963300883769989,-0.01253766642184928,0.09300737082958221,46.790000915527344,17.222296380996703,1253.13671875,838.74,0.2,0.016720409,125.20404510498047,0.0001,6910,,
1945600,1886,475,1031,0.116455078125,0.9239310026168823,-0.008692298736423253,0.09301000088453293,161.84544372558594,17.221674251556397,1248.5948486328125,836.23,0.2,0.012960102,254.19510955810546,0.0001,6915,,
1949696,1889,476,1031,0.133935546875,0.9407172203063965,-0.013849919778294861,0.09299320727586746,58.03459930419922,17.222384881973266,1225.2518310546875,830.65,0.2,0.014302152,179.6876480102539,0.0001,6920,,
1953792,1893,477,1031,0.124267578125,0.953438401222229,-0.01094358454865869,0.09296666830778122,54.59223175048828,17.227447032928467,1313.8857421875,850.89,0.2,0.011795245,146.97405090332032,0.0001,6925,,
1957888,1897,478,1031,0.13544921875,0.9578215479850769,-0.012245535396505147,0.09292242676019669,59.24901580810547,17.233575534820556,1263.72021484375,839.37,0.2,0.014315786,141.87594318389893,0.0001,6930,,
1961984,1900,479,1032,0.149755859375,0.9559583067893982,-0.01346581275574863,0.092852383852005,42.87302017211914,17.244785022735595,1254.18408203125,836.51,0.2,0.014913466,125.60434627532959,0.0001,6935,,
1966080,1903,480,1032,0.1599609375,0.9497635364532471,-0.0137599166482687,0.09282506257295609,63.3345947265625,17.254990434646608,1240.498779296875,831.1,0.2,0.015016453,155.76613750457764,0.0001,6940,,
1970176,1907,481,1032,0.127734375,0.955957293510437,-0.012576323247049003,0.09279176592826843,61.63511657714844,17.260871839523315,1278.6158447265625,846.29,0.2,0.013169794,157.28316345214844,0.0001,6945,,
1974272,1911,482,1032,0.166162109375,0.9532179832458496,-0.012233660672791302,0.0927659198641777,60.72907257080078,17.266346883773803,1245.3577880859375,838.08,0.2,0.016856672,131.0814748764038,0.0001,6950,,
1978368,1914,483,1033,0.143603515625,0.8942128419876099,-0.01249557378469035,0.09276755899190903,109.44795227050781,17.269451427459718,1245.3577880859375,838.08,0.2,0.013639972,281.58871231079104,0.0001,6955,,
1982464,1917,484,1033,0.110791015625,0.926409900188446,-0.010613269486930222,0.09279743582010269,55.46719741821289,17.266456174850465,1235.0452880859375,834.61,0.2,0.0114659695,142.2696985244751,0.0001,6960,,
1986560,1921,485,1033,0.126806640625,0.8884010314941406,-0.012113999971188606,0.09279102832078934,153.95709228515625,17.262850427627562,1304.392578125,855.44,0.2,0.013436239,312.6784309387207,0.0001,6965,,
1990656,1925,486,1033,0.135205078125,0.9449294805526733,-0.01132881116354838,0.09278257936239243,53.14044189453125,17.265008068084718,1230.81298828125,839.97,0.2,0.013162766,138.22796001434327,0.0001,6970,,
1994752,1928,487,1034,0.115869140625,0.9091015458106995,-0.012415559234796092,0.09275500476360321,93.1632308959961,17.268013143539427,1230.81298828125,839.97,0.2,0.013112079,228.2323112487793,0.0001,6975,,
1998848,1931,488,1034,0.113720703125,0.9177285432815552,-0.012512197718024254,0.09271584451198578,85.93119049072266,17.27449498176575,1204.7144775390625,835.35,0.2,0.01256695,197.98620223999023,0.0001,6980,,
2002944,1963,489,1020,0.131494140625,0.9431923627853394,-0.013171619910281152,0.09268555790185928,61.412994384765625,17.282013654708862,1310.160888671875,847.38,0.2,0.0148477005,163.63591709136963,0.0001,6985,250000,2.3220577371588336
2007040,1966,490,1020,0.152734375,0.9596646428108215,-0.012692909792531282,0.09265390783548355,43.8023567199707,17.287625122070313,1267.86767578125,835.92,0.2,0.013331139,103.33771572113037,0.0001,6990,,
2011136,1969,491,1021,0.165087890625,0.9562543630599976,-0.013861759123392403,0.09263867139816284,59.7540168762207,17.292749404907227,1267.86767578125,835.92,0.2,0.017727934,121.29355125427246,0.0001,6995,,
2015232,1973,492,1021,0.173388671875,0.9560114145278931,-0.011663235182641073,0.09260167926549911,54.23085403442383,17.29714379310608,1233.8792724609375,831.95,0.2,0.015704338,123.31114501953125,0.0001,7000,,
2019328,1977,493,1021,0.162841796875,0.956821620464325,-0.01139351146412082,0.0925896167755127,59.53843688964844,17.30333571434021,1284.6932373046875,842.88,0.2,0.014284074,128.98960876464844,0.0001,7005,,
2023424,1980,494,1021,0.174462890625,0.9392645955085754,-0.01343588259187527,0.0926162376999855,56.365806579589844,17.30176773071289,1286.006103515625,837.6,0.2,0.014532771,133.86511478424072,0.0001,7010,,
2027520,1983,495,1021,0.15,0.9348859786987305,-0.013068462791852652,0.092580646276474,76.93004608154297,17.30073356628418,1280.694580078125,835.51,0.2,0.014617814,193.18347549438477,0.0001,7015,,
2031616,1987,496,1022,0.146923828125,0.9470193386077881,-0.012857696181163192,0.09258447587490082,70.9554214477539,17.305989456176757,1270.0467529296875,837.46,0.2,0.014291673,174.65254554748535,0.0001,7020,,
2035712,1992,497,1021,0.1337890625,0.9576828479766846,-0.010282038274453953,0.09257781505584717,61.45699691772461,17.305193424224854,1311.762451171875,855.36,0.2,0.014230438,138.66361865997314,0.0001,7025,,
2039808,1994,498,1022,0.1296875,0.9316689372062683,-0.01036324087472167,0.09255936741828918,106.38223266601562,17.30765571594238,1288.206787109375,851.39,0.2,0.0144737065,207.88602390289307,0.0001,7030,,
2043904,1998,499,1022,0.14404296875,0.9343219995498657,-0.01251429573749192,0.09252564609050751,81.43205261230469,17.31290211677551,1270.9915771484375,841.53,0.2,0.013010188,186.54178924560546,0.0001,7035,,
2048000,2002,500,1022,0.136328125,0.9575864672660828,-0.013683368201600387,0.09249403327703476,64.78972625732422,17.319467878341676,1326.0120849609375,860.18,0.2,0.014236327,155.36203212738036,0.0001,7040,,
2052096,2006,501,1022,0.166455078125,0.9675619602203369,-0.014954779946128838,0.09247764945030212,58.853919982910156,17.323724508285522,1330.62255859375,855.67,0.2,0.016252026,128.85651321411132,0.0001,7045,,
2056192,2009,502,1023,0.172314453125,0.9637044668197632,-0.011908199946628884,0.09248083084821701,38.88376998901367,17.3258038520813,1293.0675048828125,845.35,0.2,0.016503878,92.77043552398682,0.0001,7050,,
2060288,2012,503,1023,0.155908203125,0.939767599105835,-0.010677968128584325,0.09250375628471375,67.46966552734375,17.322852849960327,1281.3907470703125,840.53,0.2,0.015622887,139.42465991973876,0.0001,7055,,
2064384,2016,504,1023,0.131591796875,0.9616970419883728,-0.011073387239594012,0.09252920746803284,39.17669677734375,17.317813682556153,1311.598876953125,856.09,0.2,0.013220491,94.52540340423585,0.0001,7060,,
2068480,2021,505,1023,0.140576171875,0.9570508599281311,-0.012211184995248914,0.09253532439470291,35.95563888549805,17.314163780212404,1290.02197265625,851.53,0.2,0.013085287,101.57414226531982,0.0001,7065,,
2072576,2024,506,1023,0.12421875,0.9622915983200073,-0.010303692158777267,0.09254131466150284,54.599544525146484,17.313605260849,1240.8428955078125,840.68,0.2,0.013861742,146.9002384185791,0.0001,7070,,
2076672,2027,507,1024,0.122900390625,0.9073463678359985,-0.012993090046802536,0.09256358444690704,185.0968475341797,17.31092963218689,1221.2596435546875,831.24,0.2,0.013327966,363.3142028808594,0.0001,7075,,
2080768,2031,508,1024,0.10947265625,0.9454421401023865,-0.011077681847382337,0.09255464375019073,54.3826789855957,17.30851631164551,1351.33154296875,856.11,0.2,0.012396704,140.38781089782714,0.0001,7080,,
2084864,2035,509,1024,0.13740234375,0.9373598098754883,-0.011596685188123956,0.09255699068307877,88.3590316772461,17.310805368423463,1345.7972412109375,852.57,0.2,0.015988298,172.14763660430907,0.0001,7085,,
2088960,2038,510,1024,0.135400390625,0.9417267441749573,-0.013529776746872812,0.09253811836242676,57.396202087402344,17.311022424697875,1284.8720703125,842.87,0.2,0.012901432,160.0385187149048,0.0001,7090,,
2093056,2041,511,1025,0.13525390625,0.9563590288162231,-0.011779056070372463,0.09250057488679886,52.850929260253906,17.317085027694702,1267.36279296875,832.76,0.2,0.014426447,130.15569725036622,0.0001,7095,,
2097152,2046,512,1024,0.122802734375,0.9401760697364807,-0.009095950523624196,0.09246543794870377,61.93997573852539,17.324074363708498,1345.174560546875,855.01,0.2,0.011187115,180.9799306869507,0.0001,7100,,
2101248,2049,513,1025,0.165283203125,0.912117063999176,-0.011154148529749363,0.09247036278247833,86.6374282836914,17.328131246566773,1330.4056396484375,848.17,0.2,0.014679698,261.9401163101196,0.0001,7105,,
2105344,2052,514,1025,0.102392578125,0.9115811586380005,-0.011906587250996381,0.09243933856487274,134.49737548828125,17.328848552703857,1314.3182373046875,840.81,0.2,0.011304493,314.4712516784668,0.0001,7110,,
2109440,2056,515,1025,0.1193359375,0.9379405379295349,-0.012573066184995697,0.09240712225437164,72.81034851074219,17.33585500717163,1287.909423828125,830.29,0.2,0.012042702,193.03639755249023,0.0001,7115,,
2113536,2060,516,1025,0.11689453125,0.921631932258606,-0.012731623172294348,0.0924016535282135,105.13614654541016,17.33988528251648,1363.16845703125,851.03,0.2,0.012308635,234.65005187988282,0.0001,7120,,
2117632,2063,517,1026,0.134033203125,0.9567734003067017,-0.012724704534048215,0.09237349033355713,54.16347885131836,17.342126512527464,1332.7801513671875,841.22,0.2,0.014337016,126.67160739898682,0.0001,7125,,
2121728,2066,518,1026,0.09482421875,0.9206832051277161,-0.010155420110095292,0.092338927090168,107.25113677978516,17.348140287399293,1316.81787109375,841.4,0.2,0.010677829,234.74301452636718,0.0001,7130,,
2125824,2070,519,1026,0.103466796875,0.9140586853027344,-0.011896343959961087,0.09231144934892654,87.48180389404297,17.354388761520386,1295.6619873046875,831.33,0.2,0.01272666,197.71227684020997,0.0001,7135,,
2129920,2075,520,1025,0.1173828125,0.8562895059585571,-0.010694645607145503,0.09230583161115646,116.7792739868164,17.358198356628417,1427.3695068359375,850.45,0.2,0.011977239,314.5731716156006,0.0001,7140,,
2134016,2079,521,1026,0.11884765625,0.9070042967796326,-0.013211184996180236,0.09230129420757294,98.4853286743164,17.358454418182372,1368.5579833984375,845.09,0.2,0.013293484,238.30252914428712,0.0001,7145,,
2138112,2082,522,1026,0.15185546875,0.9418317675590515,-0.012747987237526104,0.09230057150125504,68.41429901123047,17.359437561035158,1335.255126953125,842.27,0.2,0.015921373,163.7507749557495,0.0001,7150,,
2142208,2085,523,1027,0.15556640625,0.9481428265571594,-0.013018155586905777,0.0922633558511734,64.0133056640625,17.363037061691283,1321.503173828125,833.86,0.2,0.014305005,150.82246990203856,0.0001,7155,,
2146304,2090,524,1026,0.1681640625,0.9076977968215942,-0.011230785358930007,0.09227403998374939,162.76248168945312,17.367087364196777,1379.7890625,848.9,0.2,0.015942892,268.9523612976074,0.0001,7160,,
2150400,2093,525,1027,0.142138671875,0.9368103742599487,-0.012664034217596053,0.09227720648050308,86.68295288085938,17.364727449417114,1355.0162353515625,843.04,0.2,0.014904816,178.75137424468994,0.0001,7165,,
2154496,2096,526,1027,0.1162109375,0.9300510287284851,-0.00997597179375589,0.09225989878177643,87.551025390625,17.365600538253783,1337.18310546875,837.72,0.2,0.011677144,204.85369682312012,0.0001,7170,,
2158592,2099,527,1028,0.13525390625,0.9184610247612,-0.012774206919129939,0.0922473818063736,74.31108093261719,17.369673013687134,1327.8314208984375,836.25,0.2,0.01454898,175.75834465026855,0.0001,7175,,
2162688,2104,528,1027,0.156396484375,0.9164544343948364,-0.014327697298722342,0.09222117811441422,87.91329193115234,17.37296085357666,1426.145751953125,856.38,0.2,0.016431864,193.8571990966797,0.0001,7180,,
2166784,2107,529,1028,0.14951171875,0.938580334186554,-0.014663894777186215,0.09219685941934586,84.76406860351562,17.378206872940062,1387.045166015625,850.54,0.2,0.014176759,195.49538383483886,0.0001,7185,,
2170880,2110,530,1028,0.135595703125,0.9554400444030762,-0.010174724971875548,0.09215119481086731,71.52104187011719,17.383794164657594,1368.0823974609375,844.86,0.2,0.015239695,139.84597339630128,0.0001,7190,,
2174976,2114,531,1028,0.17138671875,0.9462042450904846,-0.012050882610492409,0.09212386608123779,48.642887115478516,17.3920259475708,1355.5245361328125,836.97,0.2,0.014751302,147.06364555358886,0.0001,7195,,
2179072,2118,532,1028,0.126318359375,0.928381085395813,-0.011328739568125457,0.09211885929107666,91.32141876220703,17.39578709602356,1403.06494140625,847.46,0.2,0.013431185,198.0182113647461,0.0001,7200,,
2183168,2121,533,1028,0.148291015625,0.9265204071998596,-0.014568194898311048,0.09210894256830215,79.95148468017578,17.39642467498779,1382.7855224609375,847.46,0.2,0.01521254,187.3365879058838,0.0001,7205,,
2187264,2124,534,1029,0.14150390625,0.9570325613021851,-0.011305653117597103,0.09210316091775894,47.867794036865234,17.398316383361816,1333.55322265625,839.38,0.2,0.014714429,116.96307964324951,0.0001,7210,,
2191360,2128,535,1029,0.123583984375,0.9439255595207214,-0.009455643210094422,0.09207645803689957,66.02841186523438,17.40063419342041,1346.1636962890625,840.95,0.2,0.010990912,153.33735027313233,0.0001,7215,,
2195456,2133,536,1029,0.112744140625,0.9343867301940918,-0.010834089061245323,0.09205053001642227,67.0236587524414,17.40653305053711,1349.7371826171875,848.15,0.2,0.012742243,170.88784255981446,0.0001,7220,,
2199552,2136,537,1029,0.147412109375,0.9503452181816101,-0.01256117015145719,0.09199836850166321,55.05495834350586,17.413441562652586,1352.1873779296875,842.35,0.2,0.014400508,140.44503173828124,0.0001,7225,,
2203648,2139,538,1029,0.143115234375,0.9416758418083191,-0.010838375287130475,0.09195498377084732,59.708885192871094,17.423449802398682,1321.22216796875,832.14,0.2,0.013607848,157.19854335784913,0.0001,7230,,
2207744,2142,539,1030,0.146728515625,0.9264790415763855,-0.011870807193918153,0.09192321449518204,61.44736099243164,17.43084511756897,1346.7568359375,841.95,0.2,0.013830164,151.40283241271973,0.0001,7235,,
2211840,2147,540,1030,0.1458984375,0.9084019660949707,-0.012312013877090067,0.09189418703317642,51.9760856628418,17.43676609992981,1367.6854248046875,851.44,0.2,0.016424764,125.51376609802246,0.0001,7240,,
2215936,2150,541,1030,0.14326171875,0.8205523490905762,-0.013172741193557158,0.09185054898262024,60.424835205078125,17.443138933181764,1331.6981201171875,847.33,0.2,0.013234722,175.16378231048583,0.0001,7245,,
2220032,2153,542,1030,0.17822265625,0.8958027958869934,-0.015039492945652455,0.09181974083185196,49.36677169799805,17.450909900665284,1325.7120361328125,848.62,0.2,0.017396811,118.06039085388184,0.0001,7250,,
2224128,2158,543,1030,0.13671875,0.8688401579856873,-0.011197119366261176,0.09179475903511047,67.26227569580078,17.456465339660646,1410.004638671875,866.55,0.2,0.014185579,171.15105323791505,0.0001,7255,,
2228224,2161,544,1030,0.15,0.9039881229400635,-0.013600337086245418,0.09178231656551361,82.08732604980469,17.460167407989502,1372.314208984375,860.05,0.2,0.015167167,175.43033905029296,0.0001,7260,,
2232320,2164,545,1031,0.17001953125,0.9594643712043762,-0.014996521733701229,0.09175794571638107,52.71364974975586,17.46358494758606,1341.181884765625,850.0,0.2,0.01530599,141.27812786102294,0.0001,7265,,
2236416,2167,546,1031,0.13564453125,0.9600943922996521,-0.011367500538472085,0.0917435958981514,61.87387466430664,17.46716833114624,1338.0465087890625,850.0,0.2,0.01569359,135.35945510864258,0.0001,7270,,
2240512,2172,547,1031,0.1703125,0.9662817120552063,-0.014628454239573329,0.0917409211397171,48.69227600097656,17.469170999526977,1417.440673828125,870.44,0.2,0.0151284225,115.19778861999512,0.0001,7275,,
2244608,2175,548,1031,0.123046875,0.9546052813529968,-0.00899975853972137,0.09172851592302322,78.24668884277344,17.469476318359376,1356.758544921875,860.32,0.2,0.012449933,166.97629508972167,0.0001,7280,,
2248704,2178,549,1032,0.126220703125,0.9337748289108276,-0.011816789652220905,0.09171286970376968,71.71188354492188,17.472756385803223,1335.4549560546875,855.45,0.2,0.012745617,173.34039688110352,0.0001,7285,,
2252800,2209,550,1019,0.144091796875,0.9403907656669617,-0.011233578599058092,0.09175291657447815,45.36466979980469,17.472159576416015,1278.717529296875,841.63,0.2,0.015336951,116.75850448608398,0.0001,7290,250000,2.317829495796075
2256896,2213,551,1019,0.16748046875,0.9126145839691162,-0.009705344313988461,0.09176302701234818,93.25265502929688,17.46501955986023,1303.4376220703125,862.81,0.2,0.015408667,216.27000846862794,0.0001,7295,,
2260992,2217,552,1019,0.1505859375,0.9409905672073364,-0.012686705158557743,0.09176276624202728,45.29539108276367,17.46530156135559,1254.541259765625,852.93,0.2,0.014179176,107.03391609191894,0.0001,7300,,
2265088,2219,553,1020,0.13828125,0.9233365058898926,-0.011093635141151026,0.09173178672790527,78.65889739990234,17.467379426956178,1257.917236328125,851.61,0.2,0.013347229,200.4600399017334,0.0001,7305,,
2269184,2223,554,1020,0.109912109375,0.9050636291503906,-0.010243652429198846,0.09173247963190079,114.68550109863281,17.472072744369505,1256.4083251953125,848.47,0.2,0.0124042425,252.36992263793945,0.0001,7310,,
2273280,2227,555,1020,0.12412109375,0.9064844846725464,-0.011350898945238441,0.09172741323709488,82.19470977783203,17.471236562728883,1250.1158447265625,854.91,0.2,0.013677184,269.48636322021486,0.0001,7315,,
2277376,2231,556,1020,0.114697265625,0.9367980360984802,-0.011079370829975232,0.09173455834388733,76.711181640625,17.471545791625978,1203.7957763671875,852.53,0.2,0.011970285,181.37851600646974,0.0001,7320,,
2281472,2234,557,1021,0.121923828125,0.9559605717658997,-0.011745299631729721,0.09171624481678009,51.81599426269531,17.471574115753175,1166.83251953125,846.73,0.2,0.013766676,134.12785797119142,0.0001,7325,,
2285568,2238,558,1021,0.095654296875,0.9519442915916443,-0.007946122271823697,0.09170931577682495,59.261253356933594,17.475369882583617,1202.7178955078125,845.56,0.2,0.011277806,156.43899631500244,0.0001,7330,,
2289664,2242,559,1021,0.1359375,0.9618039727210999,-0.008956831676186994,0.091709665954113,39.562313079833984,17.4754358291626,1257.6993408203125,855.3,0.2,0.015758594,102.00345439910889,0.0001,7335,,
2293760,2246,560,1021,0.14453125,0.9435030817985535,-0.010054427362047137,0.0916910246014595,68.00137329101562,17.47690863609314,1221.7406005859375,847.3,0.2,0.012811149,151.28030586242676,0.0001,7340,,
2297856,2249,561,1021,0.11201171875,0.9324151277542114,-0.011823951691621915,0.09168192744255066,45.91950225830078,17.480327558517455,1199.832275390625,842.57,0.2,0.012194845,138.4083209991455,0.0001,7345,,
2301952,2253,562,1021,0.15439453125,0.9076873064041138,-0.01457698775921017,0.09167684614658356,79.65262603759766,17.481875228881837,1201.8065185546875,841.78,0.2,0.014682088,175.56884727478027,0.0001,7350,,
2306048,2257,563,1021,0.1380859375,0.8797075748443604,-0.013414498505881056,0.09168817102909088,77.28597259521484,17.48104567527771,1271.60595703125,846.72,0.2,0.013733283,166.46649856567382,0.0001,7355,,
2310144,2260,564,1021,0.145361328125,0.9400477409362793,-0.010968727769795805,0.0916513055562973,53.085079193115234,17.482428979873657,1231.5478515625,841.19,0.2,0.015506037,139.10560855865478,0.0001,7360,,
2314240,2264,565,1022,0.129541015625,0.922903835773468,-0.010409757599700243,0.09164244681596756,86.7955322265625,17.48868465423584,1205.0745849609375,832.66,0.2,0.015691828,178.39148750305176,0.0001,7365,,
2318336,2267,566,1022,0.12978515625,0.9078828692436218,-0.010874125978443772,0.09167154133319855,77.03079986572266,17.486597061157227,1241.0218505859375,839.96,0.2,0.014351999,168.09248390197754,0.0001,7370,,
2322432,2271,567,1022,0.12109375,0.9086836576461792,-0.012549910889356397,0.09167766571044922,78.89765167236328,17.481787061691286,1261.4920654296875,839.29,0.2,0.013191881,221.58313522338867,0.0001,7375,,
2326528,2275,568,1022,0.151220703125,0.941923975944519,-0.012778014061041176,0.09164614975452423,55.27470016479492,17.48478546142578,1236.088134765625,830.51,0.2,0.013558943,135.48556594848634,0.0001,7380,,
2330624,2278,569,1022,0.1408203125,0.9362151622772217,-0.011049316986463964,0.09165084362030029,71.80689239501953,17.48795928955078,1255.39013671875,834.61,0.2,0.013998633,166.47998180389405,0.0001,7385,,
2334720,2281,570,1023,0.1640625,0.9404690265655518,-0.012045401753857732,0.09161481261253357,65.61736297607422,17.48971047401428,1245.9219970703125,839.74,0.2,0.016295867,141.2005558013916,0.0001,7390,,
2338816,2286,571,1023,0.164990234375,0.9437137842178345,-0.00921232090331614,0.09159379452466965,45.324790954589844,17.49663453102112,1281.2022705078125,845.97,0.2,0.014798104,119.95962009429931,0.0001,7395,,
2342912,2289,572,1023,0.124658203125,0.9172840714454651,-0.011560775694670155,0.09156759828329086,64.94536590576172,17.50047674179077,1243.7039794921875,840.64,0.2,0.012538554,189.01380500793456,0.0001,7400,,
2347008,2292,573,1023,0.0849609375,0.9173983335494995,-0.010869089112384244,0.09155598282814026,79.62511444091797,17.50447635650635,1260.853515625,841.48,0.2,0.010563279,203.57139167785644,0.0001,7405,,
2351104,2296,574,1023,0.13671875,0.9179888963699341,-0.01478156647644937,0.09154656529426575,107.4864501953125,17.506528854370117,1266.6533203125,843.2,0.2,0.013972071,227.525724029541,0.0001,7410,,
2355200,2300,575,1023,0.12978515625,0.9432077407836914,-0.01327173678437248,0.09153620153665543,84.91223907470703,17.50804123878479,1306.806640625,851.47,0.2,0.013229775,178.35016975402831,0.0001,7415,,
2359296,2303,576,1024,0.145166015625,0.9547486305236816,-0.012051781127229332,0.09153750538825989,48.912166595458984,17.50943260192871,1308.995361328125,843.22,0.2,0.017207867,127.4584508895874,0.0001,7420,,
2363392,2307,577,1024,0.093505859375,0.9071831107139587,-0.010717103898059577,0.091532863676548,80.74301147460938,17.50952606201172,1303.1973876953125,834.61,0.2,0.010377474,200.09903144836426,0.0001,7425,,
2367488,2310,578,1024,0.145361328125,0.925719141960144,-0.014692625583847985,0.09151500463485718,64.56488037109375,17.511864995956422,1338.3421630859375,843.16,0.2,0.01678554,158.8600559234619,0.0001,7430,,
2371584,2315,579,1024,0.158544921875,0.9246393442153931,-0.014470627123955637,0.09146752208471298,54.5068244934082,17.51816854476929,1326.2701416015625,849.88,0.2,0.015865479,131.96490936279298,0.0001,7435,,
2375680,2318,580,1024,0.125146484375,0.9304920434951782,-0.010933002643287181,0.09145340323448181,78.82286071777344,17.525916004180907,1283.19970703125,844.05,0.2,0.013787808,172.2484516143799,0.0001,7440,,
2379776,2321,581,1024,0.119775390625,0.9340599775314331,-0.009818063350394368,0.09144698828458786,110.3292236328125,17.526502752304076,1290.8221435546875,842.85,0.2,0.012720346,227.23642921447754,0.0001,7445,,
2383872,2325,582,1025,0.126171875,0.9539583921432495,-0.013204110489459709,0.0914008691906929,63.278438568115234,17.531226634979248,1280.7288818359375,840.39,0.2,0.01362768,153.47521324157714,0.0001,7450,,
2387968,2329,583,1025,0.110205078125,0.9558287262916565,-0.012092797021614388,0.0913744568824768,92.45984649658203,17.540103006362916,1296.58935546875,858.26,0.2,0.012306526,194.8569616317749,0.0001,7455,,
2392064,2332,584,1025,0.121142578125,0.9513745307922363,-0.01479690633714199,0.09136340022087097,68.098876953125,17.542628479003906,1247.647705078125,846.22,0.2,0.013950424,189.56061477661132,0.0001,7460,,
2396160,2336,585,1025,0.114501953125,0.9543232917785645,-0.009978762938408181,0.09135269373655319,64.40756225585938,17.544935846328734,1240.399658203125,841.1,0.2,0.012094401,158.82584114074706,0.0001,7465,,
2400256,2340,586,1025,0.13095703125,0.9647091627120972,-0.012126408674521371,0.09134717285633087,54.7962760925293,17.546539783477783,1311.589111328125,854.72,0.2,0.013291504,133.32333793640137,0.0001,7470,,
2404352,2344,587,1025,0.17880859375,0.9521394371986389,-0.014984941604780033,0.0913374125957489,71.38782501220703,17.54848461151123,1283.9139404296875,850.2,0.2,0.016067378,172.4863136291504,0.0001,7475,,
2408448,2347,588,1026,0.140087890625,0.9388909339904785,-0.011723045830149204,0.09133214503526688,58.03362274169922,17.54946451187134,1254.931396484375,846.15,0.2,0.014297078,134.51029453277587,0.0001,7480,,
2412544,2350,589,1026,0.155029296875,0.921531081199646,-0.01164492813986726,0.09132568538188934,63.787479400634766,17.550140714645387,1252.21142578125,842.81,0.2,0.013938902,142.17082672119142,0.0001,7485,,
2416640,2354,590,1026,0.141748046875,0.9190512895584106,-0.013072608708171174,0.0912756621837616,79.269287109375,17.554918003082275,1314.9046630859375,861.46,0.2,0.013101906,168.1170295715332,0.0001,7490,,
2420736,2358,591,1026,0.168408203125,0.9344800114631653,-0.013509536581113934,0.09128042310476303,58.37762451171875,17.561798000335692,1284.1019287109375,857.42,0.2,0.014450556,149.99410247802734,0.0001,7495,,
2424832,2361,592,1026,0.1259765625,0.924200177192688,-0.01126417238265276,0.09132172167301178,87.54989624023438,17.55643148422241,1251.9725341796875,847.64,0.2,0.011259346,198.98209609985352,0.0001,7500,,
2428928,2364,593,1027,0.087744140625,0.9277077913284302,-0.010738391999620945,0.09131881594657898,89.39225006103516,17.551327610015868,1275.2230224609375,850.29,0.2,0.010878522,221.99425811767577,0.0001,7505,,
2433024,2369,594,1026,0.133837890625,0.9568514227867126,-0.010579618206247688,0.0913282260298729,49.069923400878906,17.55202946662903,1305.1708984375,855.72,0.2,0.015179613,119.75051727294922,0.0001,7510,,
2437120,2372,595,1027,0.142724609375,0.938486635684967,-0.011981643637409434,0.0913294106721878,69.80192565917969,17.55061192512512,1316.7862548828125,855.72,0.2,0.012598222,172.2974338531494,0.0001,7515,,
2441216,2375,596,1027,0.1212890625,0.921155571937561,-0.01002108952961862,0.09129364043474197,59.9890022277832,17.552466917037965,1268.124755859375,847.17,0.2,0.0123936515,157.12913208007814,0.0001,7520,,
2445312,2379,597,1027,0.121484375,0.8512514233589172,-0.0097383358865045,0.09126564860343933,98.0786361694336,17.560630989074706,1274.5863037109375,851.04,0.2,0.011031274,212.97477531433105,0.0001,7525,,
2449408,2383,598,1027,0.180078125,0.8873597979545593,-0.015770040755160152,0.09121808409690857,76.2237319946289,17.56700768470764,1346.5855712890625,866.45,0.2,0.015791696,165.79665336608886,0.0001,7530,,
2453504,2387,599,1027,0.130322265625,0.9152154326438904,-0.01202044407837093,0.09117842465639114,89.00404357910156,17.576128673553466,1313.647216796875,855.58,0.2,0.013335568,223.5281795501709,0.0001,7535,,
2457600,2390,600,1028,0.136474609375,0.9061425924301147,-0.014738422830123454,0.09119376540184021,119.85753631591797,17.579037952423096,1300.86181640625,855.58,0.2,0.012768355,306.16372909545896,0.0001,7540,,
2461696,2394,601,1028,0.117822265625,0.9408546686172485,-0.010104487091302872,0.09117335826158524,75.50852966308594,17.577827215194702,1282.83447265625,851.84,0.2,0.013413618,180.63885955810548,0.0001,7545,,
2465792,2398,602,1027,0.130322265625,0.9132031798362732,-0.011595199012663215,0.09118221700191498,120.02224731445312,17.58078565597534,1355.8348388671875,855.38,0.2,0.014447536,297.5616905212402,0.0001,7550,,
2469888,2402,603,1028,0.139794921875,0.9488336443901062,-0.013433737619197927,0.09115730971097946,108.18263244628906,17.580675172805787,1351.0675048828125,851.55,0.2,0.015023989,197.45698738098145,0.0001,7555,,
2473984,2405,604,1028,0.160546875,0.9650534391403198,-0.013725924177560956,0.0911746397614479,48.7228889465332,17.583260250091552,1359.810302734375,844.22,0.2,0.016256962,141.35919189453125,0.0001,7560,,
2478080,2408,605,1028,0.177783203125,0.9349527359008789,-0.013937834580428899,0.09115208685398102,97.41148376464844,17.5821439743042,1348.192626953125,838.62,0.2,0.016682124,256.2814487457275,0.0001,7565,,
2482176,2413,606,1028,0.166064453125,0.9453224539756775,-0.014565795921953395,0.09114211797714233,119.54664611816406,17.586591672897338,1426.186767578125,858.12,0.2,0.01530795,210.5008014678955,0.0001,7570,,
2486272,2416,607,1028,0.152001953125,0.964925229549408,-0.011079642351251095,0.09112142771482468,57.243560791015625,17.58905529975891,1394.3441162109375,853.81,0.2,0.016507095,142.67714748382568,0.0001,7575,,
2490368,2419,608,1029,0.1599609375,0.9509572982788086,-0.01177779163699597,0.09111949801445007,100.14319610595703,17.591664934158324,1358.95849609375,849.92,0.2,0.01426352,201.89133262634277,0.0001,7580,,
2494464,2423,609,1029,0.16416015625,0.9698052406311035,-0.014642876910511405,0.09115660190582275,43.0985107421875,17.5889639377594,1339.257080078125,844.11,0.2,0.01654861,106.35169658660888,0.0001,7585,,
2498560,2427,610,1029,0.18310546875,0.9629188179969788,-0.011848944769008085,0.0911475196480751,34.332611083984375,17.583946895599365,1418.3165283203125,858.37,0.2,0.01684488,104.64836330413819,0.0001,7590,,
2502656,2457,611,1018,0.17822265625,0.9554087519645691,-0.012164763419423252,0.0911286249756813,39.068260192871094,17.587965297698975,1386.025146484375,845.02,0.2,0.018294597,103.64320316314698,0.0001,7595,250000,2.326993643795655
2506752,2461,612,1018,0.190380859375,0.9264191389083862,-0.011216427001636475,0.09109250456094742,84.0184555053711,17.59456558227539,1376.31591796875,845.02,0.2,0.015288532,200.48882160186767,0.0001,7600,,
2510848,2464,613,1018,0.16005859375,0.9731056094169617,-0.012781082466244698,0.0910729467868805,42.40064239501953,17.600586271286012,1385.287841796875,845.17,0.2,0.015151965,92.74242267608642,0.0001,7605,,
2514944,2468,614,1018,0.1490234375,0.9643579125404358,-0.012738759140484035,0.0910603329539299,54.84626770019531,17.602881526947023,1442.52587890625,856.92,0.2,0.014690868,130.00998935699462,0.0001,7610,,
2519040,2472,615,1018,0.163037109375,0.9622604250907898,-0.011376217944780364,0.0910593718290329,47.33636474609375,17.605023908615113,1413.8460693359375,851.58,0.2,0.01609577,122.70015201568603,0.0001,7615,,
2523136,2475,616,1019,0.157763671875,0.9652299284934998,-0.01129724005004391,0.09098939597606659,37.286190032958984,17.61002621650696,1400.5394287109375,842.66,0.2,0.016004972,107.5483938217163,0.0001,7620,,
2527232,2478,617,1019,0.136181640625,0.9641096591949463,-0.01164988476666622,0.09096425771713257,56.871376037597656,17.62288131713867,1362.65966796875,837.92,0.2,0.0143046845,126.39001235961913,0.0001,7625,,
2531328,2483,618,1019,0.144580078125,0.9506175518035889,-0.012108558346517384,0.09095662087202072,52.471580505371094,17.62447633743286,1401.139892578125,850.58,0.2,0.014260302,158.89531326293945,0.0001,7630,,
2535424,2486,619,1019,0.151318359375,0.9473235607147217,-0.011841227323748172,0.0909639224410057,60.07346725463867,17.62565326690674,1371.7874755859375,843.58,0.2,0.013826774,127.30820693969727,0.0001,7635,,
2539520,2489,620,1019,0.12099609375,0.9147130250930786,-0.01134988849516958,0.09096232056617737,65.4307861328125,17.623909044265748,1387.666259765625,848.79,0.2,0.012853038,173.46089248657228,0.0001,7640,,
2543616,2493,621,1020,0.173876953125,0.9068472385406494,-0.014894779515452683,0.09096609055995941,79.12004089355469,17.623850107192993,1389.0418701171875,845.51,0.2,0.018336497,187.77662200927733,0.0001,7645,,
2547712,2498,622,1019,0.136767578125,0.9225264191627502,-0.01227541328407824,0.09096717834472656,73.79259490966797,17.623400926589966,1406.8798828125,866.86,0.2,0.015165798,181.99760627746582,0.0001,7650,,
2551808,2501,623,1019,0.145458984375,0.9412219524383545,-0.012554029619786888,0.09091576933860779,52.49357223510742,17.627129983901977,1368.5791015625,858.41,0.2,0.015321271,135.94559020996093,0.0001,7655,,
2555904,2505,624,1020,0.174365234375,0.9500585198402405,-0.01101119922241196,0.09090764075517654,49.19013595581055,17.63590579032898,1350.4019775390625,860.26,0.2,0.015929224,119.14689407348632,0.0001,7660,,
2560000,2509,625,1019,0.16025390625,0.9269936680793762,-0.010718464350793511,0.09089210629463196,94.68120574951172,17.636578798294067,1433.4217529296875,877.04,0.2,0.014663542,191.56513652801513,0.0001,7665,,
2564096,2513,626,1019,0.1451171875,0.9620888233184814,-0.01274648345715832,0.09087587893009186,52.839569091796875,17.63996253013611,1437.182861328125,877.22,0.2,0.013070896,126.58021755218506,0.0001,7670,,
2568192,2517,627,1020,0.1697265625,0.9721842408180237,-0.01215401696972549,0.09080726653337479,43.577999114990234,17.647436714172365,1397.78564453125,866.61,0.2,0.0149924345,100.97195892333984,0.0001,7675,,
2572288,2520,628,1020,0.1423828125,0.9675883054733276,-0.011207448481582106,0.09077361971139908,42.600059509277344,17.659181785583495,1364.33740234375,862.78,0.2,0.015590703,128.05256443023683,0.0001,7680,,
2576384,2526,629,1019,0.18642578125,0.9724794626235962,-0.012277476378949359,0.09078247100114822,32.26721954345703,17.66129837036133,1420.556396484375,870.74,0.2,0.018660292,77.89625682830811,0.0001,7685,,
2580480,2530,630,1019,0.169091796875,0.9599732160568237,-0.010936759499600157,0.09073558449745178,49.08500289916992,17.663019609451293,1379.5614013671875,867.37,0.2,0.014931339,123.84866123199463,0.0001,7690,,
2584576,2534,631,1019,0.129052734375,0.9288719892501831,-0.012927570648025721,0.0907013937830925,80.64183807373047,17.67313160896301,1365.0462646484375,860.13,0.2,0.013863397,172.88824520111083,0.0001,7695,,
2588672,2537,632,1020,0.088037109375,0.9273089170455933,-0.011276893451577053,0.09070181846618652,127.9453125,17.676612186431885,1357.3304443359375,859.73,0.2,0.011740664,230.12291107177734,0.0001,7700,,
2592768,2541,633,1020,0.06875,0.9426008462905884,-0.008549656067043544,0.09068933129310608,67.35189819335938,17.676475858688356,1434.676513671875,877.22,0.2,0.010259183,196.37938766479493,0.0001,7705,,
2596864,2545,634,1020,0.108349609375,0.9422150254249573,-0.013073251931928098,0.09066830575466156,67.37509155273438,17.680408430099487,1387.5380859375,877.22,0.2,0.012160438,194.05490951538087,0.0001,7710,,
2600960,2548,635,1020,0.115185546875,0.9435157775878906,-0.011521231493679807,0.0906623899936676,71.25432586669922,17.683617687225343,1330.97509765625,866.18,0.2,0.012653855,160.44871788024903,0.0001,7715,,
2605056,2551,636,1020,0.14287109375,0.927257776260376,-0.01263191387988627,0.09065136313438416,99.18811798095703,17.68420262336731,1296.876708984375,861.64,0.2,0.015774488,241.39872207641602,0.0001,7720,,
2609152,2556,637,1020,0.12412109375,0.9264640212059021,-0.011539902945514768,0.09064674377441406,98.52747344970703,17.686201047897338,1397.147705078125,871.78,0.2,0.012240521,220.10274810791014,0.0001,7725,,
2613248,2559,638,1020,0.166015625,0.9250321984291077,-0.014693382527912035,0.09066247940063477,91.9000244140625,17.68532371520996,1353.51220703125,871.78,0.2,0.015066471,237.90361061096192,0.0001,7730,,
2617344,2563,639,1021,0.12587890625,0.9111807942390442,-0.009287827863590791,0.09066680818796158,85.99411010742188,17.682491540908813,1308.073486328125,862.83,0.2,0.011494391,210.81195755004882,0.0001,7735,,
2621440,2566,640,1021,0.145556640625,0.9306312799453735,-0.01247394549427554,0.09066179394721985,62.77708053588867,17.6824481010437,1298.1036376953125,858.69,0.2,0.014008875,183.66039524078369,0.0001,7740,,
2625536,2571,641,1021,0.135107421875,0.8803800940513611,-0.013853849610313773,0.09066387265920639,80.1649169921875,17.683462381362915,1343.4189453125,862.21,0.2,0.0140223075,221.4664291381836,0.0001,7745,,
2629632,2574,642,1021,0.1166015625,0.900252103805542,-0.014141705865040422,0.09067042917013168,142.85406494140625,17.68268060684204,1333.155517578125,862.21,0.2,0.01144536,269.3166213989258,0.0001,7750,,
2633728,2577,643,1021,0.106591796875,0.9412385821342468,-0.011382743308786303,0.09064878523349762,71.71504974365234,17.68326153755188,1299.5252685546875,850.69,0.2,0.011656114,166.2971487045288,0.0001,7755,,
2637824,2580,644,1022,0.137109375,0.9348680377006531,-0.012176417066075373,0.09062611311674118,84.0926513671875,17.688395071029664,1307.085205078125,850.69,0.2,0.014359228,215.62158584594727,0.0001,7760,,
2641920,2585,645,1021,0.163623046875,0.9583680629730225,-0.013179013977060094,0.09058650583028793,49.14601516723633,17.694159173965453,1374.6656494140625,862.95,0.2,0.015796948,131.484361076355,0.0001,7765,,
2646016,2588,646,1022,0.1580078125,0.9508999586105347,-0.014427650126162917,0.09058989584445953,63.24897766113281,17.699573516845703,1330.400634765625,859.57,0.2,0.016149499,157.37971153259278,0.0001,7770,,
2650112,2591,647,1022,0.16904296875,0.9404541254043579,-0.013090588012710213,0.09053996950387955,52.652225494384766,17.700855827331544,1303.026123046875,854.81,0.2,0.016556006,131.4253656387329,0.0001,7775,,
2654208,2595,648,1022,0.162744140625,0.9047102928161621,-0.014042838831664994,0.09048841893672943,65.9601821899414,17.71298780441284,1289.306640625,851.68,0.2,0.015742257,161.26978740692138,0.0001,7780,,
2658304,2599,649,1022,0.177099609375,0.9103407263755798,-0.012804550619330257,0.09043660759925842,50.423194885253906,17.722341966629028,1356.8656005859375,871.43,0.2,0.01589432,144.40933322906494,0.0001,7785,,
2662400,2602,650,1022,0.15615234375,0.9306738376617432,-0.012291238131001591,0.0904264897108078,88.0220947265625,17.72957754135132,1302.6827392578125,868.6,0.2,0.01623822,176.71721572875975,0.0001,7790,,
2666496,2606,651,1023,0.157958984375,0.948307991027832,-0.013782730023376644,0.09044739603996277,75.87211608886719,17.72896018028259,1229.827880859375,860.38,0.2,0.016591342,186.5746395111084,0.0001,7795,,
2670592,2609,652,1023,0.150048828125,0.9381446242332458,-0.012360479164635762,0.09049112349748611,77.57562255859375,17.722241115570068,1218.935546875,854.89,0.2,0.01530245,186.9558261871338,0.0001,7800,,
2674688,2613,653,1023,0.15751953125,0.956872284412384,-0.011953748459927738,0.09049143642187119,62.98051452636719,17.71655912399292,1287.9482421875,870.75,0.2,0.015016645,121.86764602661133,0.0001,7805,,
2678784,2617,654,1023,0.146826171875,0.8927235007286072,-0.012848746281815693,0.09047582745552063,87.05467224121094,17.719119834899903,1236.8916015625,864.66,0.2,0.012838064,201.71087474822997,0.0001,7810,,
2682880,2620,655,1023,0.119970703125,0.8539800643920898,-0.010201716801384464,0.09046099334955215,109.92047882080078,17.722030067443846,1226.8587646484375,857.68,0.2,0.01214817,252.30487251281738,0.0001,7815,,
2686976,2623,656,1024,0.10478515625,0.8536666035652161,-0.01137618491484318,0.09044360369443893,122.9332046508789,17.72522497177124,1227.1136474609375,859.92,0.2,0.012063991,268.87886505126954,0.0001,7820,,
2691072,2627,657,1024,0.120947265625,0.9037485718727112,-0.012240119383204729,0.09044481068849564,90.9706802368164,17.72754340171814,1289.65771484375,876.5,0.2,0.013520528,197.14018058776855,0.0001,7825,,
2695168,2631,658,1024,0.134521484375,0.951574981212616,-0.013660521700512619,0.09046659618616104,71.3974838256836,17.725525999069212,1233.1827392578125,866.7,0.2,0.014422095,164.2977279663086,0.0001,7830,,
2699264,2634,659,1024,0.12861328125,0.9348017573356628,-0.013642874063225462,0.09045989066362381,96.80148315429688,17.72250337600708,1212.540283203125,860.31,0.2,0.013789486,231.96852951049806,0.0001,7835,,
2703360,2637,660,1024,0.175830078125,0.9481406807899475,-0.015668129688128828,0.09044378250837326,66.0525894165039,17.725960350036623,1225.9964599609375,855.21,0.2,0.01717467,189.96046714782716,0.0001,7840,,
2707456,2643,661,1024,0.1591796875,0.9544033408164978,-0.014393555963761174,0.09045731276273727,75.35899353027344,17.726629877090453,1264.451904296875,872.34,0.2,0.01478662,201.74585151672363,0.0001,7845,,
2711552,2646,662,1024,0.164697265625,0.9308860898017883,-0.016721196874277665,0.0904403105378151,96.96308898925781,17.725999069213866,1250.0374755859375,867.94,0.2,0.017201236,219.66093330383302,0.0001,7850,,
2715648,2649,663,1025,0.14228515625,0.8965089321136475,-0.013456822780426592,0.09041790664196014,79.46226501464844,17.730219411849976,1228.30517578125,863.67,0.2,0.015333712,185.99810829162598,0.0001,7855,,
2719744,2652,664,1025,0.151123046875,0.8933974504470825,-0.012731550366152079,0.09041520953178406,73.4057388305664,17.733554887771607,1220.2327880859375,857.55,0.2,0.016891178,181.48354797363282,0.0001,7860,,
2723840,2657,665,1025,0.12216796875,0.882756233215332,-0.012623381620505825,0.09044387191534042,85.86708068847656,17.730852699279787,1210.0247802734375,867.13,0.2,0.012791811,202.3665355682373,0.0001,7865,,
2727936,2660,666,1025,0.089599609375,0.8957092761993408,-0.009605953248683363,0.09045585244894028,89.78282928466797,17.725963258743285,1184.260009765625,861.97,0.2,0.011891462,241.46367301940919,0.0001,7870,,
2732032,2663,667,1025,0.133837890625,0.9031298756599426,-0.012221373958163894,0.09044057875871658,86.57518768310547,17.72679204940796,1157.465576171875,858.82,0.2,0.013016878,216.45760803222657,0.0001,7875,,
2736128,2667,668,1025,0.141259765625,0.9448975324630737,-0.010770808928646148,0.09043275564908981,43.03242874145508,17.72909255027771,1260.427978515625,880.29,0.2,0.014591722,117.74333171844482,0.0001,7880,,
2740224,2671,669,1025,0.156982421875,0.9545406699180603,-0.01169927126611583,0.0904126837849617,37.93927764892578,17.731824350357055,1212.0616455078125,867.86,0.2,0.01556332,95.91969051361085,0.0001,7885,,
2744320,2674,670,1026,0.1349609375,0.9179933071136475,-0.008909097034484148,0.09039835631847382,72.36469268798828,17.735103607177734,1192.3944091796875,862.0,0.2,0.013485162,190.01180610656738,0.0001,7890,,
2748416,2677,671,1026,0.122216796875,0.8832942843437195,-0.011137137550394981,0.0903874933719635,100.65734100341797,17.738199186325073,1175.2982177734375,857.12,0.2,0.01226206,245.58682136535646,0.0001,7895,,
2752512,2708,672,1016,0.12607421875,0.9090844988822937,-0.010998573171673343,0.09037644416093826,72.0540542602539,17.7404194355011,1287.6650390625,875.07,0.2,0.012515999,193.8051559448242,0.0001,7900,250000,2.327767523233504
2756608,2712,673,1016,0.142236328125,0.9236215949058533,-0.012023437771131285,0.09034731984138489,87.52677917480469,17.744273042678834,1190.1697998046875,861.67,0.2,0.012204843,198.08110656738282,0.0001,7905,,
2760704,2715,674,1016,0.179345703125,0.9217947721481323,-0.013807805971009657,0.09037794172763824,100.05347442626953,17.7459988117218,1190.1697998046875,861.67,0.2,0.015364979,208.10334892272948,0.0001,7910,,
2764800,2719,675,1016,0.173095703125,0.9512763619422913,-0.01596611209679395,0.09037289023399353,44.00735855102539,17.74053821563721,1148.5968017578125,849.3,0.2,0.017593445,101.717453956604,0.0001,7915,,
2768896,2723,676,1016,0.205419921875,0.9441888928413391,-0.014778105542063713,0.0903252363204956,70.83562469482422,17.74672899246216,1272.1212158203125,866.52,0.2,0.019114956,126.97045154571533,0.0001,7920,,
2772992,2727,677,1016,0.1912109375,0.9573144316673279,-0.009875602729152888,0.09031170606613159,27.860673904418945,17.753508424758913,1220.9566650390625,856.67,0.2,0.015783068,73.03375225067138,0.0001,7925,,
2777088,2729,678,1017,0.197119140625,0.9470147490501404,-0.012015856889775023,0.09034518152475357,57.436214447021484,17.7516827583313,1220.9566650390625,856.67,0.2,0.01764768,121.74562492370606,0.0001,7930,,
2781184,2733,679,1017,0.163427734375,0.9419028759002686,-0.01306451273849234,0.09034373611211777,49.001502990722656,17.746592950820922,1199.9119873046875,851.32,0.2,0.015168998,124.47484531402588,0.0001,7935,,
2785280,2737,680,1017,0.135498046875,0.9145859479904175,-0.01132560299593024,0.09031659364700317,83.2279281616211,17.750103616714476,1241.0626220703125,865.98,0.2,0.012191288,196.29845428466797,0.0001,7940,,
2789376,2741,681,1017,0.1376953125,0.9334588646888733,-0.012791604251833632,0.09029287099838257,66.1423110961914,17.754874849319457,1175.722900390625,861.33,0.2,0.014876941,178.38123378753662,0.0001,7945,,
2793472,2744,682,1017,0.129638671875,0.9182827472686768,-0.010980769200250507,0.09026937186717987,75.48662567138672,17.759983158111574,1153.3228759765625,855.3,0.2,0.013573668,199.2367820739746,0.0001,7950,,
2797568,2747,683,1018,0.1259765625,0.903643786907196,-0.010624926455784589,0.09025177359580994,90.22586822509766,17.764266872406004,1166.1451416015625,861.01,0.2,0.013457784,233.10742416381837,0.0001,7955,,
2801664,2752,684,1017,0.1291015625,0.9640957117080688,-0.012112166150473058,0.09022056311368942,38.841922760009766,17.76804699897766,1238.9791259765625,879.56,0.2,0.015872356,109.23183670043946,0.0001,7960,,
2805760,2755,685,1018,0.181298828125,0.9640476703643799,-0.012497641053050757,0.09019086509943008,51.60100173950195,17.775627613067627,1235.1240234375,879.56,0.2,0.017575141,127.7503740310669,0.0001,7965,,
2809856,2758,686,1018,0.180126953125,0.952803373336792,-0.012987749109743162,0.09019841998815536,61.25446319580078,17.77785677909851,1209.6072998046875,869.41,0.2,0.0154722,143.68195075988768,0.0001,7970,,
2813952,2762,687,1018,0.183837890625,0.9612586498260498,-0.01167180875199847,0.09020423144102097,61.64500427246094,17.77591791152954,1220.4805908203125,866.59,0.2,0.015015122,141.6680040359497,0.0001,7975,,
2818048,2766,688,1018,0.182666015625,0.9660047888755798,-0.012462594598764554,0.0901588723063469,50.83355712890625,17.778948926925658,1277.802001953125,872.27,0.2,0.015918545,122.54878902435303,0.0001,7980,,
2822144,2770,689,1018,0.139501953125,0.9495680928230286,-0.01155045924242586,0.09014013409614563,65.52484130859375,17.786958408355712,1262.6011962890625,868.43,0.2,0.01461665,174.3185836791992,0.0001,7985,,
2826240,2773,690,1019,0.111328125,0.9457307457923889,-0.010818853555247188,0.0901283323764801,69.98030090332031,17.789125823974608,1253.0469970703125,862.59,0.2,0.013559099,180.65153121948242,0.0001,7990,,
2830336,2776,691,1019,0.12333984375,0.9364676475524902,-0.011829783255234361,0.09011038392782211,71.60742950439453,17.79278802871704,1271.09619140625,866.72,0.2,0.012262002,199.8193286895752,0.0001,7995,,
2834432,2781,692,1019,0.13662109375,0.9314355850219727,-0.010738196648890152,0.09008095413446426,52.530799865722656,17.79745454788208,1313.9371337890625,878.37,0.2,0.012705136,135.87259731292724,0.0001,8000,,
2838528,2784,693,1019,0.096142578125,0.8879267573356628,-0.009582188166677951,0.09007474780082703,89.67269897460938,17.80153093338013,1262.734130859375,865.85,0.2,0.012625224,179.53688735961913,0.0001,8005,,
2842624,2787,694,1019,0.173486328125,0.8692651987075806,-0.011620888498146086,0.09003236889839172,108.4177017211914,17.805561113357545,1256.010986328125,855.41,0.2,0.01781015,157.01066970825195,0.0001,8010,,
2846720,2791,695,1019,0.188037109375,0.9172340035438538,-0.01363841721904464,0.08996886014938354,44.99264907836914,17.81736602783203,1255.7071533203125,851.99,0.2,0.01768272,131.91729373931884,0.0001,8015,,
2850816,2795,696,1019,0.1279296875,0.8804686665534973,-0.010863413527840749,0.08994761854410172,82.85114288330078,17.82589120864868,1308.48388671875,873.31,0.2,0.012824401,236.29356002807617,0.0001,8020,,
2854912,2799,697,1019,0.106689453125,0.942183256149292,-0.011250734329223633,0.08995910733938217,71.27532958984375,17.827127265930176,1243.334228515625,859.75,0.2,0.012650782,161.2132303237915,0.0001,8025,,
2859008,2802,698,1020,0.125244140625,0.9416730999946594,-0.012654755322728306,0.08996620029211044,89.83926391601562,17.82499566078186,1243.334228515625,859.75,0.2,0.014302691,205.46215324401857,0.0001,8030,,
2863104,2806,699,1020,0.1087890625,0.9441238045692444,-0.00912230903049931,0.08992795646190643,73.2995834350586,17.827722024917602,1248.0152587890625,858.59,0.2,0.012603758,177.65314750671388,0.0001,8035,,
2867200,2810,700,1020,0.16123046875,0.939526379108429,-0.014434129267465323,0.08989246189594269,85.30914306640625,17.83649125099182,1270.080810546875,859.68,0.2,0.013261221,216.27334442138672,0.0001,8040,,
2871296,2813,701,1020,0.15263671875,0.9275959730148315,-0.013811451935907826,0.08988582342863083,62.4898796081543,17.840598630905152,1260.160888671875,853.95,0.2,0.015906848,193.09951210021973,0.0001,8045,,
2875392,2816,702,1020,0.1330078125,0.9458414912223816,-0.011498569115065038,0.08987529575824738,66.74361419677734,17.84219264984131,1258.6826171875,848.91,0.2,0.015219425,146.99023647308348,0.0001,8050,,
2879488,2820,703,1020,0.13896484375,0.9181177616119385,-0.013833489373791964,0.08985009789466858,72.90691375732422,17.845698165893555,1291.8621826171875,853.43,0.2,0.01310784,222.06865921020508,0.0001,8055,,
2883584,2825,704,1020,0.109326171875,0.92522132396698,-0.012106438475893811,0.08984298259019852,111.97830200195312,17.849743366241455,1253.5595703125,847.07,0.2,0.012027236,243.02138061523436,0.0001,8060,,
2887680,2828,705,1020,0.08271484375,0.8844029903411865,-0.010254996275762096,0.08983761072158813,151.99073791503906,17.850209760665894,1270.8575439453125,851.7,0.2,0.0101826005,346.3111141204834,0.0001,8065,,
2891776,2832,706,1021,0.1177734375,0.9186927080154419,-0.011191697465255857,0.0898473858833313,76.8142318725586,17.850391578674316,1239.2244873046875,838.05,0.2,0.013131522,184.3879009246826,0.0001,8070,,
2895872,2835,707,1021,0.122607421875,0.9255936741828918,-0.011698583897668868,0.08983659744262695,81.75949096679688,17.849228048324584,1270.219970703125,847.19,0.2,0.011368469,225.45502014160155,0.0001,8075,,
2899968,2840,708,1021,0.139794921875,0.9688193798065186,-0.011787364596966655,0.0897734984755516,49.19663619995117,17.856203603744508,1247.052978515625,840.69,0.2,0.014461484,116.88274726867675,0.0001,8080,,
2904064,2843,709,1021,0.16240234375,0.9181811809539795,-0.012952303368365392,0.08976033329963684,129.42752075195312,17.867211246490477,1241.322509765625,833.19,0.2,0.014147924,217.967022895813,0.0001,8085,,
2908160,2846,710,1021,0.15625,0.9503856301307678,-0.0110010473174043,0.08977288007736206,64.6386947631836,17.86547532081604,1225.1083984375,823.74,0.2,0.016219534,158.1241497039795,0.0001,8090,,
2912256,2851,711,1021,0.155078125,0.9741331338882446,-0.011185232282150537,0.08980461210012436,40.47515869140625,17.8623028755188,1295.282470703125,832.91,0.2,0.01723243,115.58297767639161,0.0001,8095,,
2916352,2854,712,1021,0.17021484375,0.9562934041023254,-0.010616972157731653,0.08982798457145691,112.33827209472656,17.855155801773073,1293.8795166015625,830.85,0.2,0.016581554,165.97535820007323,0.0001,8100,,
2920448,2858,713,1021,0.131201171875,0.960396945476532,-0.011928036424797029,0.08984324336051941,49.6019287109375,17.851354360580444,1293.1966552734375,826.51,0.2,0.014179578,137.09963436126708,0.0001,8105,,
2924544,2861,714,1022,0.17294921875,0.9551020860671997,-0.013219667016528547,0.08983825147151947,72.15118408203125,17.85009870529175,1290.5767822265625,826.16,0.2,0.014897055,141.09173851013185,0.0001,8110,,
2928640,2866,715,1021,0.14912109375,0.9274314045906067,-0.012974623416084796,0.08981002122163773,70.73306274414062,17.85354528427124,1401.359375,851.82,0.2,0.013805777,187.9255599975586,0.0001,8115,,
2932736,2869,716,1021,0.165478515625,0.943148136138916,-0.01008512390544638,0.0897616595029831,62.5485954284668,17.860908126831056,1392.96728515625,848.39,0.2,0.014774826,144.7403356552124,0.0001,8120,,
2936832,2872,717,1022,0.145849609375,0.931442379951477,-0.011578113224823028,0.08970282226800919,64.2087631225586,17.87216444015503,1380.1239013671875,847.49,0.2,0.014514612,151.0232500076294,0.0001,8125,,
2940928,2876,718,1022,0.174267578125,0.8596672415733337,-0.01451800859067589,0.08967313170433044,160.5791473388672,17.881678676605226,1342.6768798828125,837.86,0.2,0.017879007,285.0638973236084,0.0001,8130,,
2945024,2880,719,1022,0.151611328125,0.925792932510376,-0.012192222563317045,0.08968941867351532,94.22586059570312,17.884025049209594,1445.0865478515625,862.43,0.2,0.015119062,182.26173820495606,0.0001,8135,,
2949120,2884,720,1022,0.19677734375,0.9589697122573853,-0.015843432495603337,0.0896267518401146,45.165802001953125,17.88691453933716,1359.6622314453125,848.06,0.2,0.018979706,101.35715160369872,0.0001,8140,,
2953216,2887,721,1022,0.151220703125,0.921483039855957,-0.012341107125394046,0.0896156057715416,85.62574768066406,17.89686598777771,1357.5194091796875,848.06,0.2,0.013909092,207.3307720184326,0.0001,8145,,
2957312,2890,722,1022,0.134326171875,0.9479742646217346,-0.011515904421685264,0.08963675051927567,37.955909729003906,17.895478343963624,1353.8341064453125,840.45,0.2,0.016242325,105.86614398956299,0.0001,8150,,
2961408,2895,723,1022,0.151416015625,0.9291914105415344,-0.011708215507678688,0.08968031406402588,74.73091125488281,17.889015483856202,1399.20703125,853.08,0.2,0.014296342,170.20069561004638,0.0001,8155,,
2965504,2898,724,1023,0.187548828125,0.9360272884368896,-0.015712923463433982,0.08966468274593353,73.5368881225586,17.88404288291931,1357.6361083984375,849.81,0.2,0.017219435,143.26139011383057,0.0001,8160,,
2969600,2901,725,1023,0.128369140625,0.9345830082893372,-0.012273051048396155,0.08963395655155182,64.85396575927734,17.890144729614256,1357.5302734375,846.7,0.2,0.013968457,164.33783416748048,0.0001,8165,,
2973696,2905,726,1023,0.1287109375,0.9473511576652527,-0.009903946804115549,0.08962170779705048,71.07453155517578,17.895060968399047,1394.662841796875,851.29,0.2,0.01393748,171.4878942489624,0.0001,8170,,
2977792,2909,727,1023,0.158837890625,0.9719793796539307,-0.010174316936172545,0.0896049439907074,34.05814743041992,17.897834539413452,1408.8895263671875,862.0,0.2,0.016690979,81.01359262466431,0.0001,8175,,
2981888,2912,728,1023,0.183203125,0.9485463500022888,-0.008766634442145005,0.08958031237125397,64.39349365234375,17.902054834365845,1396.53466796875,857.49,0.2,0.015742987,151.20889568328857,0.0001,8180,,
2985984,2915,729,1024,0.16181640625,0.957721471786499,-0.012564763566479087,0.08957721292972565,49.679168701171875,17.905756998062134,1377.252197265625,852.82,0.2,0.014948051,106.21189823150635,0.0001,8185,,
2990080,2919,730,1024,0.16650390625,0.9520647525787354,-0.012312248430680484,0.08957028388977051,41.3220329284668,17.906154441833497,1387.6446533203125,859.52,0.2,0.016737692,105.52547512054443,0.0001,8190,,
2994176,2923,731,1024,0.1544921875,0.9195399284362793,-0.012250251660589129,0.08959504216909409,84.15814971923828,17.905428218841553,1432.091552734375,883.65,0.2,0.014995615,138.67092304229737,0.0001,8195,,
2998272,2927,732,1024,0.192529296875,0.9469037055969238,-0.015001329418737441,0.0896083414554596,39.433982849121094,17.89992413520813,1390.7923583984375,874.57,0.2,0.016252708,102.59298973083496,0.0001,8200,,
3002368,2957,733,1015,0.161962890625,0.9416463375091553,-0.01118724038824439,0.08960147202014923,61.5204963684082,17.900427293777465,1378.5657958984375,870.11,0.2,0.013863586,142.38064823150634,0.0001,8205,3000000,2.433108163640875
