time/iterations,time/fps,time/time_elapsed,time/total_timesteps,train/approx_kl,train/std,train/clip_fraction,train/learning_rate,train/n_updates,train/entropy_loss,train/explained_variance,train/clip_range,train/value_loss,train/policy_gradient_loss,train/loss,rollout/ep_len_mean,rollout/ep_rew_mean,eval/en_iyi_adim,eval/skor
1,1200,3,4096,,,,,,,,,,,,,,,
2,1524,5,8192,0.011424845,0.1000264585018158,0.077001953125,0.0001,5,15.902244830131531,0.9616179466247559,0.2,165.97686271667482,-0.015814400179078803,66.30117797851562,,,,
3,1637,7,12288,0.008987354,0.10002423822879791,0.035400390625,0.0001,10,15.901088309288024,0.9723469018936157,0.2,144.89339141845704,-0.010230790299829096,50.1532096862793,,,,
4,1525,10,16384,0.008017957,0.10000192373991013,0.030029296875,0.0001,15,15.902714514732361,0.9757924675941467,0.2,149.7584062576294,-0.008837074495386333,57.28642654418945,994.3125,1879.43212890625,,
5,1525,13,20480,0.010407947,0.09998637437820435,0.052587890625,0.0001,20,15.90694522857666,0.9675334692001343,0.2,168.96500511169432,-0.011978883866686375,65.2889404296875,994.3125,1879.43212890625,,
6,1615,15,24576,0.012607529,0.09996876120567322,0.066015625,0.0001,25,15.909200501441955,0.9059967398643494,0.2,178.54864120483398,-0.012530446000164374,75.09040832519531,994.3125,1879.43212890625,,
7,1689,16,28672,0.012134807,0.0999714583158493,0.063330078125,0.0001,30,15.911577177047729,0.9053058624267578,0.2,158.82626399993896,-0.01286477710818872,63.041175842285156,994.3125,1879.43212890625,,
8,1599,20,32768,0.010958003,0.09993969649076462,0.052734375,0.0001,35,15.912779450416565,0.9310600757598877,0.2,130.41535339355468,-0.01050326339318417,53.09697723388672,997.15625,1833.173095703125,,
9,1634,22,36864,0.010958046,0.0999380499124527,0.059423828125,0.0001,40,15.917411494255067,0.9136805534362793,0.2,143.47508029937745,-0.01320929835201241,60.08589172363281,997.15625,1833.173095703125,,
10,1660,24,40960,0.008059129,0.09991455078125,0.033251953125,0.0001,45,15.918352389335633,0.8200956583023071,0.2,160.57468490600587,-0.01116794865229167,67.3800277709961,997.15625,1833.173095703125,,
11,1687,26,45056,0.009650877,0.09990669786930084,0.04716796875,0.0001,50,15.92183232307434,0.855292797088623,0.2,176.87624168395996,-0.011377261340385303,70.7079849243164,997.15625,1833.173095703125,,
12,1609,30,49152,0.012881137,0.09992396086454391,0.075537109375,0.0001,55,15.921597957611084,0.8480530977249146,0.2,161.91027584075928,-0.014634647802449764,74.31849670410156,998.1041666666666,1727.1246337890625,,
13,1642,32,53248,0.014448298,0.09993726760149002,0.092333984375,0.0001,60,15.91802351474762,0.9274936318397522,0.2,117.71039981842041,-0.014995177602395415,46.45783996582031,998.1041666666666,1727.1246337890625,,
14,1674,34,57344,0.008195941,0.09994572401046753,0.03310546875,0.0001,65,15.916474342346191,0.9281164407730103,0.2,111.44151916503907,-0.00868354223202914,46.12010192871094,998.1041666666666,1727.1246337890625,,
15,1705,36,61440,0.011195176,0.09990361332893372,0.055615234375,0.0001,70,15.917481184005737,0.9608503580093384,0.2,71.81654834747314,-0.009845161571865902,24.76144790649414,998.1041666666666,1727.1246337890625,,
16,1647,39,65536,0.010599926,0.09987425059080124,0.04638671875,0.0001,75,15.926325798034668,0.9582990407943726,0.2,78.66229934692383,-0.009608022531028836,31.875267028808594,998.578125,1721.93310546875,,
17,1675,41,69632,0.011368498,0.0998169556260109,0.056005859375,0.0001,80,15.932780933380126,0.9598446488380432,0.2,81.69381046295166,-0.011434740782715381,31.338376998901367,998.578125,1721.93310546875,,
18,1702,43,73728,0.00909893,0.0997796356678009,0.04091796875,0.0001,85,15.942555570602417,0.9148871302604675,0.2,115.04266452789307,-0.009869733243249357,51.09870910644531,998.578125,1721.93310546875,,
19,1713,45,77824,0.008716936,0.09974634647369385,0.0328125,0.0001,90,15.948820185661315,0.9243446588516235,0.2,135.5381185531616,-0.009609825437655673,53.08089065551758,998.578125,1721.93310546875,,
20,1646,49,81920,0.009921171,0.09973355382680893,0.040771484375,0.0001,95,15.952862167358399,0.9512377977371216,0.2,98.93542919158935,-0.0094373292507953,36.05500411987305,998.8625,1740.793701171875,,
21,1671,51,86016,0.01368537,0.09974533319473267,0.078515625,0.0001,100,15.953372621536255,0.964141845703125,0.2,86.61892318725586,-0.014140003907959909,40.61408996582031,998.8625,1740.793701171875,,
22,1692,53,90112,0.013890599,0.09975231438875198,0.11923828125,0.0001,105,15.952006888389587,0.9661588668823242,0.2,79.85034294128418,-0.014782623515930026,29.205036163330078,998.8625,1740.793701171875,,
23,1711,55,94208,0.014503999,0.09973244369029999,0.10107421875,0.0001,110,15.95177869796753,0.9767563939094543,0.2,61.31292152404785,-0.014719342533499002,23.57375144958496,998.8625,1740.793701171875,,
24,1671,58,98304,0.012982011,0.09968294948339462,0.080859375,0.0001,115,15.959192132949829,0.9773722290992737,0.2,66.72458248138427,-0.012150901847053319,28.743684768676758,999.0520833333334,1761.8349609375,,
25,1689,60,102400,0.014442323,0.0996694415807724,0.11689453125,0.0001,120,15.963865804672242,0.9572173953056335,0.2,93.32740936279296,-0.016372440755367278,37.0582389831543,999.0520833333334,1761.8349609375,,
26,1705,62,106496,0.008593596,0.09966322779655457,0.033251953125,0.0001,125,15.966487145423889,0.8868592381477356,0.2,177.62860298156738,-0.008392385544721038,70.36949920654297,999.0520833333334,1761.8349609375,,
27,1710,64,110592,0.009875563,0.09959103912115097,0.0494140625,0.0001,130,15.971477794647218,0.9304227828979492,0.2,118.8157802581787,-0.009780591761227697,47.42529296875,999.0618556701031,1749.2017822265625,,
28,1656,69,114688,0.014276004,0.09957028180360794,0.0833984375,0.0001,135,15.982776045799255,0.9644259214401245,0.2,82.2355444908142,-0.012588841532124206,35.16652297973633,1000.0,1695.28662109375,,
29,1673,70,118784,0.011228317,0.09954862296581268,0.06240234375,0.0001,140,15.985311031341553,0.9556651711463928,0.2,106.21047878265381,-0.012310582189820706,41.15677261352539,1000.0,1695.28662109375,,
30,1687,72,122880,0.01020626,0.09954557567834854,0.06611328125,0.0001,145,15.988556504249573,0.942596435546875,0.2,100.54528789520263,-0.011396502918796615,39.315879821777344,1000.0,1695.28662109375,,
31,1697,74,126976,0.012189185,0.09952647238969803,0.08857421875,0.0001,150,15.98951323032379,0.962039053440094,0.2,98.66700191497803,-0.013172400504117832,43.36759948730469,1000.0,1670.4425048828125,,
32,1658,79,131072,0.012409374,0.09953867644071579,0.0845703125,0.0001,155,15.990884041786193,0.9650741815567017,0.2,87.88952007293702,-0.013008650369010865,32.737953186035156,1000.0,1672.6207275390625,,
33,1672,80,135168,0.010046897,0.09953285753726959,0.05927734375,0.0001,160,15.990037894248962,0.945083498954773,0.2,106.72808609008788,-0.010252509533893317,48.075313568115234,1000.0,1672.6207275390625,,
34,1686,82,139264,0.011158345,0.09953847527503967,0.064794921875,0.0001,165,15.990329313278199,0.9341310262680054,0.2,116.43647804260254,-0.011032577091827988,45.38803482055664,1000.0,1672.6207275390625,,
35,1691,84,143360,0.011054147,0.09951755404472351,0.06474609375,0.0001,170,15.990443110466003,0.9626397490501404,0.2,86.71720142364502,-0.011518033646279947,34.64040756225586,1000.0,1657.5648193359375,,
36,1663,88,147456,0.009984925,0.09950418025255203,0.058447265625,0.0001,175,15.994858741760254,0.9594569802284241,0.2,103.48007106781006,-0.01111977343680337,38.902496337890625,1000.0,1658.8609619140625,,
37,1676,90,151552,0.012514412,0.09945234656333923,0.09423828125,0.0001,180,15.999721121788024,0.95173579454422,0.2,89.74584693908692,-0.013431129639502614,38.704429626464844,1000.0,1658.8609619140625,,
38,1688,92,155648,0.01324191,0.09939459711313248,0.091455078125,0.0001,185,16.009922170639037,0.9440508484840393,0.2,83.17069931030274,-0.01365197659470141,34.13126754760742,1000.0,1658.8609619140625,,
39,1696,94,159744,0.012387425,0.09937143325805664,0.07626953125,0.0001,190,16.018351316452026,0.9410783052444458,0.2,84.27733154296875,-0.010279280180111528,36.64936447143555,1000.0,1646.5478515625,,
40,1662,98,163840,0.014293117,0.09935011714696884,0.10185546875,0.0001,195,16.02127504348755,0.9570854902267456,0.2,66.0492597579956,-0.012761509942356497,26.618303298950195,1000.0,1705.2518310546875,,
41,1672,100,167936,0.006620576,0.09935316443443298,0.02314453125,0.0001,200,16.02445993423462,0.9254974126815796,0.2,154.97158184051514,-0.005940607481170446,63.85322952270508,1000.0,1705.2518310546875,,
42,1683,102,172032,0.0057075187,0.09934011846780777,0.015966796875,0.0001,205,16.02352304458618,0.9196217060089111,0.2,176.19285583496094,-0.006431922965566628,63.41305160522461,1000.0,1705.2518310546875,,
43,1667,105,176128,0.010769077,0.09932178258895874,0.056005859375,0.0001,210,16.027410221099853,0.9416321516036987,0.2,133.32875843048095,-0.010776896169409156,48.529090881347656,1000.0,1649.03369140625,,
44,1666,108,180224,0.012691664,0.0993022620677948,0.097607421875,0.0001,215,16.030773878097534,0.9592946171760559,0.2,100.54432601928711,-0.013968093472067266,38.13029479980469,1000.0,1649.03369140625,,
45,1677,109,184320,0.011187233,0.09930242598056793,0.07314453125,0.0001,220,16.03245601654053,0.8814417719841003,0.2,130.1857011795044,-0.012237141508376227,48.861385345458984,1000.0,1649.03369140625,,
46,1686,111,188416,0.010671305,0.09928187727928162,0.062890625,0.0001,225,16.033350706100464,0.8996003270149231,0.2,122.03572807312011,-0.011260621913243085,54.723594665527344,1000.0,1649.03369140625,,
47,1666,115,192512,0.011646116,0.09923432022333145,0.08505859375,0.0001,230,16.039739894866944,0.9529306888580322,0.2,84.29638996124268,-0.01331291372771375,33.55002212524414,1000.0,1643.5452880859375,,
48,1674,117,196608,0.012971975,0.09917318820953369,0.10244140625,0.0001,235,16.049899101257324,0.9554538726806641,0.2,83.90524339675903,-0.014296994463074952,42.82529830932617,1000.0,1643.5452880859375,,
49,1683,119,200704,0.015171889,0.09915851056575775,0.116064453125,0.0001,240,16.05766363143921,0.9783468842506409,0.2,65.71880359649658,-0.015112361533101647,23.48736572265625,1000.0,1643.5452880859375,,
50,1692,121,204800,0.012886651,0.09917289763689041,0.107177734375,0.0001,245,16.057601165771484,0.9777166843414307,0.2,66.96366319656372,-0.014009193365927786,31.348474502563477,1000.0,1643.5452880859375,,
51,1673,124,208896,0.012813396,0.09908697754144669,0.09443359375,0.0001,250,16.061508989334108,0.9778940081596375,0.2,58.17467088699341,-0.012062379100825638,21.41164207458496,1000.0,1685.141845703125,,
52,1676,127,212992,0.012592953,0.09901358187198639,0.1103515625,0.0001,255,16.078953170776366,0.9646584391593933,0.2,76.35717792510987,-0.013739258237183093,30.91492462158203,1000.0,1685.141845703125,,
53,1684,128,217088,0.008294037,0.09899643063545227,0.042626953125,0.0001,260,16.086968326568602,0.8524911999702454,0.2,155.76902236938477,-0.00857948571210727,66.53721618652344,1000.0,1685.141845703125,,
54,1692,130,221184,0.011942548,0.0989895910024643,0.085302734375,0.0001,265,16.088349628448487,0.9005693793296814,0.2,112.80670185089112,-0.01220020663458854,49.96876525878906,1000.0,1685.141845703125,,
55,1674,134,225280,0.011928795,0.09894950687885284,0.09609375,0.0001,270,16.092331075668334,0.9221614599227905,0.2,114.51035938262939,-0.014204053053981624,45.66978454589844,1000.0,1692.54541015625,,
56,1682,136,229376,0.012142941,0.0989178717136383,0.097607421875,0.0001,275,16.099549722671508,0.921486496925354,0.2,116.49148426055908,-0.013308501016581431,53.236263275146484,1000.0,1692.54541015625,,
57,1690,138,233472,0.011545825,0.09890423715114594,0.085888671875,0.0001,280,16.104203987121583,0.922150731086731,0.2,131.61583213806153,-0.011946341668954119,54.334224700927734,1000.0,1692.54541015625,,
58,1697,139,237568,0.012760155,0.0988793671131134,0.1189453125,0.0001,285,16.10605421066284,0.9379919767379761,0.2,97.94798526763915,-0.015620142163243145,46.005489349365234,1000.0,1692.54541015625,,
59,1681,143,241664,0.011799165,0.09886565804481506,0.0962890625,0.0001,290,16.111968088150025,0.9249129295349121,0.2,136.8823797225952,-0.011724578589200974,61.82218933105469,1000.0,1697.3421630859375,,
60,1685,145,245760,0.014815651,0.0988222062587738,0.1380859375,0.0001,295,16.11470546722412,0.9508479833602905,0.2,111.0401065826416,-0.01700802439590916,51.95640182495117,1000.0,1697.3421630859375,,
61,1690,147,249856,0.0090614185,0.09881394356489182,0.05166015625,0.0001,300,16.121745347976685,0.9324604272842407,0.2,113.40437908172608,-0.009231353946961462,43.51195526123047,1000.0,1697.3421630859375,,
62,1560,162,253952,0.011400802,0.09881354123353958,0.060302734375,0.0001,305,16.121372652053832,0.9446886777877808,0.2,108.99623794555664,-0.0104466580261942,44.702598571777344,1000.0,1697.3421630859375,250000,2.817857474755701
63,1545,167,258048,0.013549118,0.09879658371210098,0.1181640625,0.0001,310,16.12251567840576,0.9495352506637573,0.2,103.26538009643555,-0.015224328613840044,40.279266357421875,1000.0,1684.2611083984375,,
64,1551,168,262144,0.011852503,0.09871474653482437,0.081494140625,0.0001,315,16.130718755722047,0.9196912050247192,0.2,163.7715269088745,-0.013164442725246773,79.0873794555664,1000.0,1684.2611083984375,,
65,1559,170,266240,0.010355206,0.09867196530103683,0.06474609375,0.0001,320,16.14392442703247,0.858496904373169,0.2,195.7691707611084,-0.010199636884499342,78.67889404296875,1000.0,1684.2611083984375,,
66,1567,172,270336,0.0112416,0.09864542633295059,0.07490234375,0.0001,325,16.149920988082886,0.8657512664794922,0.2,156.3117177963257,-0.01253208788111806,63.22850799560547,1000.0,1684.2611083984375,,
67,1554,176,274432,0.011327594,0.09861710667610168,0.100146484375,0.0001,330,16.15514521598816,0.902916669845581,0.2,129.3419630050659,-0.011293048813240603,65.14556884765625,1000.0,1610.5126953125,,
68,1561,178,278528,0.009296559,0.09859634935855865,0.057275390625,0.0001,335,16.15897617340088,0.8718467354774475,0.2,207.26015014648436,-0.009811851807171479,97.23933410644531,1000.0,1610.5126953125,,
69,1568,180,282624,0.009873115,0.09856192767620087,0.05263671875,0.0001,340,16.16443705558777,0.8534765243530273,0.2,224.67118186950682,-0.009436958038713783,86.35769653320312,1000.0,1610.5126953125,,
70,1574,182,286720,0.010623726,0.09855753183364868,0.073388671875,0.0001,345,16.168930101394654,0.8730364441871643,0.2,216.42064361572267,-0.011851781571749598,99.87882232666016,1000.0,1603.8843994140625,,
71,1563,186,290816,0.010745967,0.09854373335838318,0.0705078125,0.0001,350,16.169109058380126,0.8931512832641602,0.2,193.6499309539795,-0.010426933283451945,78.16354370117188,1000.0,1632.694580078125,,
72,1569,187,294912,0.011529802,0.0985238254070282,0.094091796875,0.0001,355,16.173198986053468,0.9183534383773804,0.2,141.4345323562622,-0.01380535860080272,65.69529724121094,1000.0,1632.694580078125,,
73,1575,189,299008,0.01043091,0.09850998967885971,0.055517578125,0.0001,360,16.17544779777527,0.9440867900848389,0.2,92.53178100585937,-0.010273759078700095,34.27214431762695,1000.0,1632.694580078125,,
74,1580,191,303104,0.01115324,0.09849504381418228,0.065966796875,0.0001,365,16.178348588943482,0.96033775806427,0.2,69.95399417877198,-0.01099627897638129,25.52202606201172,1000.0,1618.8070068359375,,
75,1569,195,307200,0.010877728,0.09848767518997192,0.073828125,0.0001,370,16.180874872207642,0.9688665270805359,0.2,66.9459384918213,-0.011324225799762644,25.848520278930664,1000.0,1613.325927734375,,
76,1575,197,311296,0.01332772,0.09844145178794861,0.103564453125,0.0001,375,16.184784603118896,0.9309926629066467,0.2,112.11595439910889,-0.013115392938198056,48.506771087646484,1000.0,1613.325927734375,,
77,1581,199,315392,0.009599528,0.09841504693031311,0.06923828125,0.0001,380,16.192223978042602,0.9148778319358826,0.2,117.58341255187989,-0.010715771274408325,41.752925872802734,1000.0,1613.325927734375,,
78,1586,201,319488,0.010646103,0.09841197729110718,0.07705078125,0.0001,385,16.19500069618225,0.9389638304710388,0.2,97.0160005569458,-0.011652452958514914,40.46268081665039,1000.0,1588.77294921875,,
79,1574,205,323584,0.0122046005,0.09838774800300598,0.09462890625,0.0001,390,16.196563005447388,0.9420995712280273,0.2,91.3649185180664,-0.012917387153720483,37.0086669921875,999.7,1655.1761474609375,,
80,1579,207,327680,0.010825213,0.09839694947004318,0.063525390625,0.0001,395,16.199773645401002,0.8729010224342346,0.2,120.18437690734864,-0.009385693719377742,46.65224838256836,999.7,1655.1761474609375,,
81,1583,209,331776,0.011298827,0.09839446097612381,0.0607421875,0.0001,400,16.197684717178344,0.8763148188591003,0.2,125.00129470825195,-0.009549939294811339,53.31888198852539,997.47,1644.927001953125,,
82,1587,211,335872,0.008616608,0.09838058799505234,0.04443359375,0.0001,405,16.199548482894897,0.8868402242660522,0.2,162.47194747924806,-0.008431849555927328,60.321834564208984,997.47,1642.2442626953125,,
83,1580,215,339968,0.010675866,0.09836087375879288,0.08759765625,0.0001,410,16.202720069885252,0.9387016892433167,0.2,94.4979341506958,-0.012023128801956773,41.10646438598633,997.47,1617.0592041015625,,
84,1586,216,344064,0.011840793,0.09835900366306305,0.088525390625,0.0001,415,16.205241203308105,0.9233756065368652,0.2,140.7107837677002,-0.013183056365232915,65.60316467285156,997.47,1617.0592041015625,,
85,1591,218,348160,0.013027491,0.0983879342675209,0.104638671875,0.0001,420,16.202774810791016,0.9429841637611389,0.2,135.53959369659424,-0.013335064623970539,57.58198928833008,997.47,1614.3232421875,,
86,1584,222,352256,0.0131477695,0.0984097570180893,0.11494140625,0.0001,425,16.197279024124146,0.9530029296875,0.2,121.56656017303467,-0.01318469478865154,51.210174560546875,997.47,1649.4744873046875,,
87,1588,224,356352,0.012576867,0.09838546067476273,0.122119140625,0.0001,430,16.197336959838868,0.9560549855232239,0.2,98.51068782806396,-0.014114681573119015,39.4958610534668,997.47,1649.4744873046875,,
88,1591,226,360448,0.010625365,0.09839394688606262,0.072509765625,0.0001,435,16.200100135803222,0.9029542803764343,0.2,109.59758338928222,-0.01047399552189745,38.98301315307617,997.47,1649.4744873046875,,
89,1594,228,364544,0.01146402,0.09838738292455673,0.090380859375,0.0001,440,16.198632526397706,0.9361573457717896,0.2,67.07529516220093,-0.012741970020579174,25.433557510375977,996.21,1636.91796875,,
90,1581,233,368640,0.0114356,0.09839031100273132,0.07705078125,0.0001,445,16.199521446228026,0.9405905604362488,0.2,94.745947265625,-0.011257641989504918,45.86384201049805,996.21,1687.885498046875,,
91,1584,235,372736,0.012817912,0.09836582094430923,0.099072265625,0.0001,450,16.201131868362427,0.9574083089828491,0.2,91.5977783203125,-0.014559959853067994,27.86041831970215,996.21,1687.885498046875,,
92,1589,237,376832,0.011271455,0.09834904223680496,0.079296875,0.0001,455,16.20549578666687,0.9402718544006348,0.2,130.64607696533204,-0.0113441152847372,53.095096588134766,996.21,1687.885498046875,,
93,1591,239,380928,0.01365236,0.0983416959643364,0.14287109375,0.0001,460,16.207153129577637,0.9422260522842407,0.2,134.02116947174073,-0.016583133477251977,60.6004753112793,991.97,1679.6455078125,,
94,1584,242,385024,0.013644134,0.09831445664167404,0.100048828125,0.0001,465,16.210556983947754,0.9005472660064697,0.2,199.98069610595704,-0.012893568206345662,80.55012512207031,991.97,1671.3497314453125,,
95,1590,244,389120,0.015068633,0.09825507551431656,0.13369140625,0.0001,470,16.218322372436525,0.9511404037475586,0.2,105.82409915924072,-0.015681708394549788,47.324485778808594,991.97,1671.3497314453125,,
96,1591,247,393216,0.01174457,0.09826254099607468,0.076708984375,0.0001,475,16.224293613433836,0.9574108123779297,0.2,99.34182853698731,-0.011003263597376644,44.25154495239258,991.97,1693.9061279296875,,
97,1595,249,397312,0.011617475,0.09823372215032578,0.073193359375,0.0001,480,16.22451705932617,0.9715502262115479,0.2,70.4456732749939,-0.01178430113941431,24.084978103637695,991.97,1693.9061279296875,,
98,1585,253,401408,0.0108998725,0.09821691364049911,0.060546875,0.0001,485,16.230235290527343,0.972006618976593,0.2,88.51479320526123,-0.00936704826017376,36.91703414916992,991.97,1712.0714111328125,,
99,1590,255,405504,0.012777107,0.09820030629634857,0.110888671875,0.0001,490,16.232794523239136,0.9629529118537903,0.2,85.88138027191162,-0.014818311773706228,39.17481231689453,991.97,1712.0714111328125,,
100,1593,257,409600,0.011978379,0.09819053113460541,0.110107421875,0.0001,495,16.235287714004517,0.9551112651824951,0.2,89.48631038665772,-0.014624240866396576,37.70378494262695,991.97,1704.31494140625,,
101,1597,258,413696,0.012485901,0.09820100665092468,0.077978515625,0.0001,500,16.23573832511902,0.9600759148597717,0.2,83.59090881347656,-0.010118767560925335,35.56238555908203,991.97,1704.31494140625,,
102,1590,262,417792,0.012691604,0.09814289957284927,0.102001953125,0.0001,505,16.238620948791503,0.9174914360046387,0.2,121.23985481262207,-0.013936454366194085,52.36189651489258,991.82,1736.3785400390625,,
103,1595,264,421888,0.012067325,0.0981176570057869,0.090380859375,0.0001,510,16.247769784927367,0.9176192283630371,0.2,177.5928497314453,-0.01366758263320662,80.1843032836914,991.82,1736.3785400390625,,
104,1598,266,425984,0.011385817,0.09811348468065262,0.094189453125,0.0001,515,16.249959707260132,0.8620884418487549,0.2,173.00195922851563,-0.013281166082015261,76.37454223632812,991.82,1714.392822265625,,
105,1601,268,430080,0.010465923,0.09807346016168594,0.0818359375,0.0001,520,16.253558111190795,0.9102458953857422,0.2,105.56964950561523,-0.012426416331436485,43.2271614074707,991.82,1714.392822265625,,
106,1587,273,434176,0.01608872,0.0980323925614357,0.141064453125,0.0001,525,16.262000846862794,0.9525023102760315,0.2,58.90699110031128,-0.015135261794785037,24.09995460510254,994.05,1741.1209716796875,,
107,1591,275,438272,0.014552679,0.09799947589635849,0.1384765625,0.0001,530,16.268646144866942,0.9611982107162476,0.2,64.39728803634644,-0.01562952691456303,26.516963958740234,994.05,1741.1209716796875,,
108,1594,277,442368,0.014002079,0.0979757085442543,0.13671875,0.0001,535,16.273093223571777,0.9639518857002258,0.2,64.70267267227173,-0.015911334881093354,30.39822769165039,993.21,1777.72509765625,,
109,1598,279,446464,0.011998401,0.09797884523868561,0.1076171875,0.0001,540,16.27582688331604,0.9551362991333008,0.2,103.4756950378418,-0.01290657981298864,38.08477783203125,993.21,1777.72509765625,,
110,1592,282,450560,0.010566389,0.09795697033405304,0.086669921875,0.0001,545,16.276259088516234,0.9735215902328491,0.2,53.77422580718994,-0.011532844742760062,20.8292179107666,993.21,1791.126708984375,,
111,1596,284,454656,0.009704668,0.09794586151838303,0.078857421875,0.0001,550,16.28069386482239,0.9544788002967834,0.2,88.47101821899415,-0.010638679174007848,40.7412109375,993.21,1791.126708984375,,
112,1599,286,458752,0.010512789,0.0979275032877922,0.0720703125,0.0001,555,16.282691526412965,0.9624810218811035,0.2,75.34957475662232,-0.010062870249385014,29.100666046142578,993.21,1770.8165283203125,,
113,1602,288,462848,0.010395531,0.09788689017295837,0.085009765625,0.0001,560,16.287614583969116,0.9656378030776978,0.2,68.40999765396118,-0.01110996404895559,31.149581909179688,993.21,1762.1937255859375,,
114,1596,292,466944,0.012816317,0.09784884005784988,0.1126953125,0.0001,565,16.295836019515992,0.9689340591430664,0.2,54.847753047943115,-0.013045501458691433,21.878074645996094,994.47,1772.2777099609375,,
115,1600,294,471040,0.011782174,0.09781596064567566,0.128515625,0.0001,570,16.30184440612793,0.9581723213195801,0.2,68.63163328170776,-0.013781332538928836,29.391353607177734,994.47,1772.2777099609375,,
116,1602,296,475136,0.012605452,0.09776764363050461,0.105322265625,0.0001,575,16.308916139602662,0.9621747732162476,0.2,55.06687126159668,-0.011577721079811453,22.16084098815918,994.47,1749.587158203125,,
117,1606,298,479232,0.012369311,0.09773526340723038,0.12314453125,0.0001,580,16.317100238800048,0.9690353274345398,0.2,72.70175075531006,-0.014413981919642539,30.424205780029297,994.47,1741.388427734375,,
118,1601,301,483328,0.013700906,0.09772142767906189,0.1201171875,0.0001,585,16.32111873626709,0.9732782244682312,0.2,62.27691211700439,-0.014536476804642007,28.643922805786133,998.71,1784.05517578125,,
119,1605,303,487424,0.0112696495,0.097694531083107,0.0810546875,0.0001,590,16.324513626098632,0.9375345706939697,0.2,138.323268699646,-0.010782136069610714,54.48633575439453,998.71,1784.05517578125,,
120,1607,305,491520,0.011277337,0.09761582314968109,0.0830078125,0.0001,595,16.333234119415284,0.9513035416603088,0.2,98.48806934356689,-0.011287021241150797,37.91100311279297,998.71,1776.0140380859375,,
121,1610,307,495616,0.010985914,0.09756653755903244,0.08427734375,0.0001,600,16.346839237213135,0.9381924867630005,0.2,96.72527046203614,-0.011706541065359488,38.204017639160156,998.71,1777.2919921875,,
122,1604,311,499712,0.011770463,0.09753153473138809,0.085107421875,0.0001,605,16.354606723785402,0.9174724817276001,0.2,107.31414241790772,-0.013328341429587453,43.34815979003906,998.71,1761.582763671875,,
123,1552,324,503808,0.012829989,0.09752438962459564,0.0935546875,0.0001,610,16.358760499954222,0.9196817874908447,0.2,83.68004684448242,-0.01253611835418269,35.10452651977539,998.71,1751.0909423828125,250000,2.816194877369553
124,1555,326,507904,0.012822708,0.0974748432636261,0.113818359375,0.0001,615,16.362519931793212,0.9227682948112488,0.2,85.3595184326172,-0.014128776348661632,32.31639862060547,998.71,1745.4195556640625,,
125,1548,330,512000,0.011259332,0.09742575883865356,0.08095703125,0.0001,620,16.372982454299926,0.9415098428726196,0.2,92.04612064361572,-0.012480082217371092,40.94130325317383,999.16,1709.4041748046875,,
126,1549,333,516096,0.013095506,0.09738138318061829,0.12294921875,0.0001,625,16.38160014152527,0.9595221281051636,0.2,68.19168663024902,-0.015529312446597032,31.466766357421875,999.16,1709.4041748046875,,
127,1551,335,520192,0.009562771,0.09736554324626923,0.078564453125,0.0001,630,16.38756856918335,0.9489732384681702,0.2,104.8434284210205,-0.010950786131434142,42.83562088012695,999.16,1703.2532958984375,,
128,1554,337,524288,0.008968296,0.09735895693302155,0.06337890625,0.0001,635,16.38926796913147,0.9560706615447998,0.2,95.12284660339355,-0.009268705977592617,37.809410095214844,999.16,1708.01904296875,,
129,1548,341,528384,0.0109604625,0.09740392118692398,0.09365234375,0.0001,640,16.387414121627806,0.9678606986999512,0.2,88.47594814300537,-0.01185839979443699,32.999183654785156,999.16,1698.989013671875,,
130,1545,344,532480,0.010814322,0.09740813076496124,0.073291015625,0.0001,645,16.379832983016968,0.9620495438575745,0.2,99.98996429443359,-0.010347110146540217,48.63190841674805,999.16,1698.989013671875,,
131,1545,347,536576,0.01063045,0.09737884253263474,0.07998046875,0.0001,650,16.382584524154662,0.9551879167556763,0.2,112.31100540161133,-0.011872930318349972,53.41062545776367,999.16,1686.7984619140625,,
132,1543,350,540672,0.014099283,0.09737648069858551,0.1123046875,0.0001,655,16.387578439712524,0.9550785422325134,0.2,97.1870288848877,-0.013045366061851383,38.068756103515625,999.16,1688.4964599609375,,
133,1528,356,544768,0.011103994,0.09735246002674103,0.075341796875,0.0001,660,16.388017463684083,0.9521483182907104,0.2,76.09747819900512,-0.01138963436242193,23.584367752075195,1000.0,1723.5172119140625,,
134,1526,359,548864,0.010719646,0.0973573848605156,0.091259765625,0.0001,665,16.39177894592285,0.9369611740112305,0.2,110.14362602233886,-0.01307714197319001,45.30028533935547,995.9,1707.749267578125,,
135,1526,362,552960,0.0109056095,0.09736354649066925,0.072802734375,0.0001,670,16.38934211730957,0.8871327042579651,0.2,139.76778411865234,-0.011000009812414646,48.00569152832031,995.9,1708.4078369140625,,
136,1526,364,557056,0.012152634,0.09740379452705383,0.091845703125,0.0001,675,16.385754776000976,0.9386209845542908,0.2,121.38610706329345,-0.012994433473795652,52.86954879760742,995.9,1708.4078369140625,,
137,1519,369,561152,0.008390684,0.09738098829984665,0.061767578125,0.0001,680,16.381944751739503,0.9433910250663757,0.2,123.20348834991455,-0.009658725140616298,55.446861267089844,995.9,1715.1368408203125,,
138,1517,372,565248,0.011842783,0.0973900854587555,0.08779296875,0.0001,685,16.38598027229309,0.9464552402496338,0.2,121.8236349105835,-0.01314438178378623,47.463661193847656,995.9,1708.6173095703125,,
139,1516,375,569344,0.008255139,0.09739527106285095,0.037939453125,0.0001,690,16.38344030380249,0.9211120009422302,0.2,189.27143478393555,-0.007812910107895732,72.55867767333984,995.9,1695.6292724609375,,
140,1515,378,573440,0.01109979,0.09740130603313446,0.059326171875,0.0001,695,16.383088684082033,0.9302710294723511,0.2,188.46970291137694,-0.01074783377116546,73.33024597167969,995.9,1695.6292724609375,,
141,1507,383,577536,0.009407114,0.09741263836622238,0.05673828125,0.0001,700,16.381580352783203,0.9273003935813904,0.2,191.2971046447754,-0.011361779284197838,75.49530792236328,995.9,1659.9208984375,,
142,1506,385,581632,0.011044583,0.09741508215665817,0.05849609375,0.0001,705,16.3799298286438,0.9395589232444763,0.2,159.69758186340331,-0.010094292752910405,71.93057250976562,995.9,1651.1641845703125,,
143,1506,388,585728,0.008052741,0.09740510582923889,0.040673828125,0.0001,710,16.380099534988403,0.937097430229187,0.2,152.48886890411376,-0.008987390855327248,59.269317626953125,995.9,1637.6541748046875,,
144,1507,391,589824,0.009276725,0.09737960249185562,0.05537109375,0.0001,715,16.38393654823303,0.9463227987289429,0.2,128.9393835067749,-0.008912507246714085,51.091697692871094,995.9,1637.6541748046875,,
145,1496,396,593920,0.009391881,0.0973794013261795,0.049365234375,0.0001,720,16.38733105659485,0.9409063458442688,0.2,134.2907049179077,-0.009153932228218763,45.693260192871094,995.9,1599.7069091796875,,
146,1496,399,598016,0.0111158565,0.09734451025724411,0.10234375,0.0001,725,16.38899760246277,0.958788275718689,0.2,100.48974628448487,-0.01281646745337639,48.0703125,995.9,1591.713623046875,,
147,1495,402,602112,0.01107007,0.09732576459646225,0.075146484375,0.0001,730,16.39511833190918,0.9350494742393494,0.2,133.785315322876,-0.010140183032490313,60.292293548583984,995.9,1596.666748046875,,
148,1495,405,606208,0.011845635,0.09733564406633377,0.0814453125,0.0001,735,16.395919275283813,0.9524425268173218,0.2,96.94829425811767,-0.010818068502703681,43.0046501159668,995.9,1596.666748046875,,
149,1488,410,610304,0.0129766185,0.09732197970151901,0.115185546875,0.0001,740,16.396147680282592,0.9719820618629456,0.2,59.53203191757202,-0.012365412822691723,25.449787139892578,995.9,1619.2232666015625,,
150,1487,413,614400,0.0135967005,0.09728694707155228,0.145068359375,0.0001,745,16.40014543533325,0.9710586667060852,0.2,61.15504264831543,-0.01375322367530316,28.819608688354492,994.4,1606.940185546875,,
151,1488,415,618496,0.007128124,0.09726262092590332,0.0451171875,0.0001,750,16.406761407852173,0.9401342868804932,0.2,123.21502647399902,-0.0068919235607609155,43.037845611572266,994.4,1606.940185546875,,
152,1485,419,622592,0.009263189,0.09725047647953033,0.07109375,0.0001,755,16.410194206237794,0.9512695074081421,0.2,130.56074237823486,-0.009508160699624568,49.78014373779297,994.4,1606.940185546875,,
153,1476,424,626688,0.012956668,0.09723339974880219,0.0951171875,0.0001,760,16.412634086608886,0.9595556259155273,0.2,116.17944221496582,-0.012362340546678752,50.03352355957031,994.4,1556.8212890625,,
154,1475,427,630784,0.011107468,0.09721517562866211,0.08779296875,0.0001,765,16.415552949905397,0.9381248950958252,0.2,141.03725624084473,-0.011438099096994846,59.46462631225586,994.4,1543.6168212890625,,
155,1474,430,634880,0.013050623,0.0972200334072113,0.093798828125,0.0001,770,16.417597341537476,0.9419565200805664,0.2,113.21632843017578,-0.012439522915519774,48.01311111450195,994.4,1543.6168212890625,,
156,1475,433,638976,0.01250453,0.09716609120368958,0.1123046875,0.0001,775,16.420388793945314,0.9392324686050415,0.2,116.4436502456665,-0.01409422765718773,48.92656707763672,994.4,1545.04931640625,,
157,1468,437,643072,0.011094616,0.09716244041919708,0.084912109375,0.0001,780,16.42843179702759,0.9349920749664307,0.2,118.4218620300293,-0.011510543210897594,47.21977615356445,994.4,1544.3536376953125,,
158,1466,441,647168,0.012443876,0.0971672534942627,0.10927734375,0.0001,785,16.426689863204956,0.9290159940719604,0.2,157.34077739715576,-0.013885493110865354,73.89313507080078,994.4,1524.2059326171875,,
159,1464,444,651264,0.011452988,0.0971539169549942,0.073583984375,0.0001,790,16.42740387916565,0.9629013538360596,0.2,105.4449649810791,-0.011448235186981038,51.67948913574219,994.4,1524.2059326171875,,
160,1463,447,655360,0.010607377,0.0971626341342926,0.067822265625,0.0001,795,16.429062700271608,0.9769219160079956,0.2,72.0595624923706,-0.010403462266549469,22.40793228149414,994.4,1510.775146484375,,
161,1457,452,659456,0.012227643,0.09717109799385071,0.09462890625,0.0001,800,16.426608324050903,0.9786751866340637,0.2,58.52689619064331,-0.011802731070201845,21.754941940307617,998.5,1554.079345703125,,
162,1457,455,663552,0.011725223,0.09718546271324158,0.109912109375,0.0001,805,16.424497890472413,0.9158923625946045,0.2,117.60666313171387,-0.014684786403086037,45.847557067871094,998.5,1548.184326171875,,
163,1458,457,667648,0.0116193555,0.09718845039606094,0.0849609375,0.0001,810,16.42285199165344,0.9370630979537964,0.2,86.23539228439331,-0.011290409869980067,34.246028900146484,998.5,1548.184326171875,,
164,1460,460,671744,0.012673995,0.09723697602748871,0.103857421875,0.0001,815,16.41961851119995,0.9652823209762573,0.2,48.9915638923645,-0.012657030814443715,19.212034225463867,998.5,1566.8076171875,,
165,1455,464,675840,0.013789732,0.09719760715961456,0.1173828125,0.0001,820,16.414965629577637,0.9664547443389893,0.2,47.16758770942688,-0.010677170602139085,16.140491485595703,998.5,1620.8878173828125,,
166,1456,466,679936,0.013631618,0.09712754189968109,0.136376953125,0.0001,825,16.4275652885437,0.9331260919570923,0.2,72.15702800750732,-0.014426248817471787,31.137666702270508,998.5,1624.3441162109375,,
167,1458,468,684032,0.012254162,0.09709389507770538,0.09990234375,0.0001,830,16.437888288497923,0.9263091683387756,0.2,79.62395658493043,-0.011627691105240956,35.185054779052734,998.5,1624.3441162109375,,
168,1456,472,688128,0.011944778,0.09703055024147034,0.093701171875,0.0001,835,16.445610141754152,0.9432496428489685,0.2,75.17870321273804,-0.012839105341117828,31.415563583374023,998.5,1699.75146484375,,
169,1457,474,692224,0.011153803,0.09696320444345474,0.094873046875,0.0001,840,16.45852541923523,0.9603089690208435,0.2,72.43546056747437,-0.011533435457386077,28.557750701904297,998.5,1703.8304443359375,,
170,1459,477,696320,0.014085334,0.09691428393125534,0.094873046875,0.0001,845,16.469321060180665,0.9380502104759216,0.2,73.23107481002808,-0.012145276731462217,29.15581512451172,998.5,1696.2813720703125,,
171,1462,479,700416,0.010753487,0.09688496589660645,0.0705078125,0.0001,850,16.47698321342468,0.9031054973602295,0.2,105.0384422302246,-0.0113958946778439,39.521018981933594,998.5,1696.2813720703125,,
172,1457,483,704512,0.011135172,0.09688635170459747,0.082568359375,0.0001,855,16.480473279953003,0.9274193048477173,0.2,91.47081851959229,-0.012004826660268008,31.67010498046875,998.5,1719.4677734375,,
173,1459,485,708608,0.011178853,0.09690219908952713,0.089306640625,0.0001,860,16.47775845527649,0.9497042298316956,0.2,98.1071153640747,-0.012587916792836041,45.564056396484375,998.5,1705.7601318359375,,
174,1461,487,712704,0.009853053,0.0968974307179451,0.055322265625,0.0001,865,16.47643232345581,0.9165546894073486,0.2,147.87951564788818,-0.009975894668605179,61.58159637451172,998.5,1691.809814453125,,
175,1463,489,716800,0.0077450033,0.09689491242170334,0.029736328125,0.0001,870,16.478205251693726,0.9289639592170715,0.2,150.74823112487792,-0.006657741279923357,59.23748016357422,998.5,1691.809814453125,,
176,1459,493,720896,0.01002755,0.09687710553407669,0.058154296875,0.0001,875,16.478800439834593,0.9364831447601318,0.2,133.97021865844727,-0.008389193058246747,53.42603302001953,1000.0,1758.1717529296875,,
177,1461,495,724992,0.011618808,0.0968487560749054,0.0748046875,0.0001,880,16.483944416046143,0.9497506618499756,0.2,112.54143047332764,-0.012092790310271084,44.219478607177734,1000.0,1751.9007568359375,,
178,1463,498,729088,0.010184339,0.09682312607765198,0.066552734375,0.0001,885,16.48916049003601,0.9314161539077759,0.2,124.41285209655761,-0.011044663196662441,49.72313690185547,1000.0,1732.8092041015625,,
179,1465,500,733184,0.008343954,0.09679751843214035,0.05361328125,0.0001,890,16.493772554397584,0.9417664408683777,0.2,121.82349262237548,-0.010646851640194655,47.890235900878906,1000.0,1732.8092041015625,,
180,1462,504,737280,0.0106410775,0.09679852426052094,0.078857421875,0.0001,895,16.49655714035034,0.960344672203064,0.2,90.11998834609986,-0.010908278817078098,28.36698341369629,1000.0,1747.7623291015625,,
181,1464,506,741376,0.013299869,0.09679538756608963,0.113427734375,0.0001,900,16.49665770530701,0.9644877910614014,0.2,84.51396083831787,-0.014496436261106282,34.96126937866211,1000.0,1747.0240478515625,,
182,1466,508,745472,0.010339815,0.09679809212684631,0.077099609375,0.0001,905,16.496801376342773,0.9124727249145508,0.2,197.50881156921386,-0.011141971492907032,96.00419616699219,1000.0,1747.0240478515625,,
183,1469,510,749568,0.0113446545,0.09677860140800476,0.07919921875,0.0001,910,16.49759793281555,0.8723334670066833,0.2,162.3852243423462,-0.01147904735407792,71.30309295654297,1000.0,1747.0240478515625,,
184,1433,525,753664,0.00895902,0.09676016122102737,0.07138671875,0.0001,915,16.502229022979737,0.8013286590576172,0.2,232.01299018859862,-0.01078912490629591,98.3206787109375,1000.0,1720.6173095703125,250000,2.8098451157508078
185,1435,527,757760,0.011169993,0.0967230349779129,0.09638671875,0.0001,920,16.50637106895447,0.8956291079521179,0.2,149.26903705596925,-0.013739426608663053,62.59566879272461,1000.0,1703.6904296875,,
186,1438,529,761856,0.012752009,0.09668033570051193,0.099755859375,0.0001,925,16.514341735839842,0.9254459142684937,0.2,123.11283073425292,-0.013261743355542421,51.791038513183594,1000.0,1703.6904296875,,
187,1440,531,765952,0.010000925,0.09664292633533478,0.057958984375,0.0001,930,16.52220892906189,0.9523223042488098,0.2,100.875323677063,-0.009015576902311296,47.3656120300293,1000.0,1703.6904296875,,
188,1439,535,770048,0.010854725,0.09658142924308777,0.083056640625,0.0001,935,16.530412864685058,0.969078540802002,0.2,70.0776385307312,-0.0115081601543352,27.911123275756836,1000.0,1721.463623046875,,
189,1440,537,774144,0.014753532,0.09657841175794601,0.12802734375,0.0001,940,16.53889193534851,0.952606201171875,0.2,86.04890575408936,-0.01332909264601767,35.784156799316406,1000.0,1705.4765625,,
190,1443,539,778240,0.012728326,0.09654143452644348,0.117431640625,0.0001,945,16.540104246139528,0.9192760586738586,0.2,123.01628608703614,-0.015504711109679192,49.28883361816406,1000.0,1705.4765625,,
191,1445,541,782336,0.011470705,0.0965147316455841,0.08466796875,0.0001,950,16.54745969772339,0.9442568421363831,0.2,96.19834880828857,-0.012167079199571162,34.76414489746094,1000.0,1705.4765625,,
192,1443,544,786432,0.01185496,0.09649518132209778,0.091357421875,0.0001,955,16.551503086090086,0.9641327261924744,0.2,81.52409572601319,-0.012115172762423753,30.024871826171875,1000.0,1728.5738525390625,,
193,1443,547,790528,0.012584606,0.09643375873565674,0.10380859375,0.0001,960,16.55768566131592,0.9477860927581787,0.2,94.3849645614624,-0.012800481007434427,40.29978942871094,1000.0,1712.578857421875,,
194,1446,549,794624,0.0156131275,0.09641919285058975,0.14560546875,0.0001,965,16.567082786560057,0.9671431183815002,0.2,64.0657621383667,-0.015170892943569925,22.010900497436523,1000.0,1712.578857421875,,
195,1448,551,798720,0.014064859,0.09640166908502579,0.131689453125,0.0001,970,16.568565225601198,0.9723567366600037,0.2,55.39061002731323,-0.014068309275899082,22.486570358276367,1000.0,1712.578857421875,,
196,1445,555,802816,0.013630491,0.09639889001846313,0.128076171875,0.0001,975,16.571254539489747,0.9673731327056885,0.2,63.32439889907837,-0.012856839271262289,23.603317260742188,1000.0,1712.4940185546875,,
197,1447,557,806912,0.012059991,0.09637469053268433,0.094873046875,0.0001,980,16.573432826995848,0.9515589475631714,0.2,81.7909369468689,-0.012722262321040035,34.44908142089844,1000.0,1696.5745849609375,,
198,1449,559,811008,0.00967779,0.09637156128883362,0.0916015625,0.0001,985,16.57668809890747,0.9438266158103943,0.2,102.34136371612549,-0.01181667415658012,36.798892974853516,1000.0,1696.5745849609375,,
199,1451,561,815104,0.013234878,0.09634563326835632,0.112255859375,0.0001,990,16.578963470458984,0.9503512978553772,0.2,80.95519256591797,-0.014086179283913225,30.164682388305664,1000.0,1701.669677734375,,
200,1449,565,819200,0.015006563,0.09630414098501205,0.13095703125,0.0001,995,16.584995317459107,0.9642942547798157,0.2,77.71601552963257,-0.015211549284867943,29.13593864440918,1000.0,1692.75341796875,,
201,1450,567,823296,0.014652777,0.09632113575935364,0.103857421875,0.0001,1000,16.58858904838562,0.9518389701843262,0.2,121.49141883850098,-0.013429103849921376,58.4394645690918,1000.0,1677.127685546875,,
202,1453,569,827392,0.0103730615,0.09630269557237625,0.090478515625,0.0001,1005,16.586708211898802,0.9395574331283569,0.2,162.9887866973877,-0.011227781098568812,77.04935455322266,1000.0,1677.127685546875,,
203,1454,571,831488,0.010614265,0.096295565366745,0.082958984375,0.0001,1010,16.59026155471802,0.93808513879776,0.2,157.61719264984131,-0.012512021855218335,65.53730773925781,1000.0,1687.59423828125,,
204,1451,575,835584,0.01072252,0.09628353267908096,0.095458984375,0.0001,1015,16.59192728996277,0.943473219871521,0.2,167.39825038909913,-0.012367759668268263,68.03741455078125,1000.0,1717.7744140625,,
205,1453,577,839680,0.01370188,0.09627669304609299,0.119775390625,0.0001,1020,16.593895530700685,0.9530093669891357,0.2,104.81434478759766,-0.013088482990860939,49.328575134277344,1000.0,1706.3572998046875,,
206,1455,579,843776,0.012416769,0.09628406912088394,0.127978515625,0.0001,1025,16.593717527389526,0.957391619682312,0.2,94.04235534667968,-0.015065047744428739,39.883949279785156,1000.0,1706.3572998046875,,
207,1457,581,847872,0.012575258,0.09627298265695572,0.10634765625,0.0001,1030,16.593368244171142,0.9542214274406433,0.2,100.76524715423584,-0.01393928227480501,44.95482635498047,1000.0,1692.9736328125,,
208,1455,585,851968,0.0151294675,0.09621559083461761,0.152197265625,0.0001,1035,16.599444913864136,0.9657357335090637,0.2,83.44479999542236,-0.01528581379679963,38.72978210449219,1000.0,1758.03125,,
209,1457,587,856064,0.011454582,0.09617584943771362,0.092041015625,0.0001,1040,16.609452390670775,0.91253662109375,0.2,128.60966835021972,-0.011838082969188691,59.36961364746094,1000.0,1745.3004150390625,,
210,1459,589,860160,0.013226908,0.09612325578927994,0.104150390625,0.0001,1045,16.617102718353273,0.9345481991767883,0.2,91.39637775421143,-0.013619087229017168,32.157039642333984,1000.0,1745.3004150390625,,
211,1457,592,864256,0.011391223,0.09607464075088501,0.0806640625,0.0001,1050,16.6275230884552,0.9434836506843567,0.2,80.13792219161988,-0.010751611905288883,31.52317237854004,1000.0,1753.2584228515625,,
212,1458,595,868352,0.013017448,0.09603232890367508,0.10185546875,0.0001,1055,16.63625316619873,0.9565992951393127,0.2,67.74024391174316,-0.010119234077865257,30.937721252441406,999.1,1744.5540771484375,,
213,1461,597,872448,0.010739157,0.09602897614240646,0.084814453125,0.0001,1060,16.640830087661744,0.8533635139465332,0.2,152.21210403442382,-0.011859696183819324,54.972076416015625,999.1,1744.5540771484375,,
214,1463,598,876544,0.010408898,0.09606864303350449,0.0833984375,0.0001,1065,16.63759841918945,0.8538962602615356,0.2,128.45853118896486,-0.011118353810161352,44.94342041015625,999.1,1744.5540771484375,,
215,1460,603,880640,0.01395867,0.09607875347137451,0.116748046875,0.0001,1070,16.631945276260375,0.8911518454551697,0.2,98.24127311706543,-0.014306744915666058,45.53380584716797,999.1,1771.1917724609375,,
216,1461,605,884736,0.012254999,0.09603714942932129,0.11513671875,0.0001,1075,16.634518671035767,0.9398688077926636,0.2,86.79297504425048,-0.01288451167056337,36.09276580810547,999.1,1748.2535400390625,,
217,1463,607,888832,0.010521843,0.09601770341396332,0.0888671875,0.0001,1080,16.641941595077515,0.94525146484375,0.2,123.44410953521728,-0.010951005259994418,50.24209213256836,999.1,1748.2535400390625,,
218,1465,609,892928,0.01227441,0.09603672474622726,0.099365234375,0.0001,1085,16.641926717758178,0.9476575255393982,0.2,133.9698673248291,-0.013458619534503669,47.699432373046875,999.1,1748.2535400390625,,
219,1460,614,897024,0.013113221,0.09601598978042603,0.119921875,0.0001,1090,16.64107060432434,0.9695674777030945,0.2,85.816441822052,-0.014463615603744984,30.99172019958496,999.1,1769.05322265625,,
220,1462,616,901120,0.01435617,0.09597034752368927,0.14013671875,0.0001,1095,16.647575998306273,0.9753919243812561,0.2,70.1849702835083,-0.01445359825156629,29.112184524536133,999.1,1750.7347412109375,,
221,1463,618,905216,0.010451412,0.0959261953830719,0.093798828125,0.0001,1100,16.65556502342224,0.9462745189666748,0.2,115.52476863861084,-0.012502018851228059,43.513065338134766,999.1,1750.7347412109375,,
222,1464,620,909312,0.012448601,0.09592489898204803,0.1232421875,0.0001,1105,16.661076307296753,0.9623698592185974,0.2,87.03234672546387,-0.014916921348776669,33.455352783203125,999.1,1750.7347412109375,,
223,1462,624,913408,0.011672644,0.0959097221493721,0.115966796875,0.0001,1110,16.662024974822998,0.9683336019515991,0.2,89.4350435256958,-0.013535971415694802,30.99310302734375,999.1,1761.7271728515625,,
224,1463,627,917504,0.0138680395,0.09586907178163528,0.133984375,0.0001,1115,16.666215896606445,0.9719476699829102,0.2,81.06325817108154,-0.013674544403329492,41.73386001586914,999.1,1744.8896484375,,
225,1465,629,921600,0.013220504,0.09585551917552948,0.093896484375,0.0001,1120,16.67380404472351,0.9673338532447815,0.2,75.78459234237671,-0.011114275688305498,28.063339233398438,999.1,1744.8896484375,,
226,1467,630,925696,0.015282815,0.09583736956119537,0.11279296875,0.0001,1125,16.674915552139282,0.9689739942550659,0.2,79.00085945129395,-0.011656080599641428,41.74143981933594,999.1,1744.8896484375,,
227,1464,634,929792,0.015333362,0.0958634465932846,0.145458984375,0.0001,1130,16.676041746139525,0.9830136895179749,0.2,52.77195501327515,-0.01387718525948003,21.883432388305664,999.1,1767.7640380859375,,
228,1466,637,933888,0.013348199,0.09579762816429138,0.13359375,0.0001,1135,16.67633671760559,0.9743829369544983,0.2,63.10794286727905,-0.013410827564075588,29.152982711791992,998.84,1768.9097900390625,,
229,1468,638,937984,0.011921166,0.09577585011720657,0.117431640625,0.0001,1140,16.688152933120726,0.9445738196372986,0.2,100.9215760231018,-0.014402293850434945,40.855979919433594,998.84,1768.9097900390625,,
230,1470,640,942080,0.015640074,0.09573701024055481,0.131103515625,0.0001,1145,16.69193844795227,0.9698243141174316,0.2,57.52193622589111,-0.014471703965682536,25.528358459472656,998.84,1768.9097900390625,,
231,1466,645,946176,0.014067417,0.09571130573749542,0.115771484375,0.0001,1150,16.69914093017578,0.974895715713501,0.2,50.21330842971802,-0.011606874014250933,22.046749114990234,998.84,1821.3299560546875,,
232,1467,647,950272,0.0145230675,0.09567954391241074,0.146630859375,0.0001,1155,16.704236555099488,0.9795559048652649,0.2,45.36941938400268,-0.013658836216200143,20.620302200317383,998.84,1799.852294921875,,
233,1469,649,954368,0.012434837,0.09562812745571136,0.091455078125,0.0001,1160,16.711896085739134,0.9689865112304688,0.2,58.65409603118896,-0.010570208687568083,25.677366256713867,998.84,1799.852294921875,,
234,1472,651,958464,0.010178132,0.09559697657823563,0.061181640625,0.0001,1165,16.72029995918274,0.9599153995513916,0.2,74.35331811904908,-0.008846658514812589,26.0300350189209,998.84,1799.852294921875,,
235,1470,654,962560,0.010361075,0.09560226649045944,0.0830078125,0.0001,1170,16.723555707931517,0.9669510126113892,0.2,68.211958694458,-0.01192421720479615,25.86150360107422,998.84,1817.5865478515625,,
236,1471,656,966656,0.012462254,0.0955822616815567,0.10625,0.0001,1175,16.72293338775635,0.9682069420814514,0.2,73.94285535812378,-0.014080610836390405,31.240570068359375,998.84,1796.3642578125,,
237,1473,658,970752,0.012983426,0.09555596113204956,0.103662109375,0.0001,1180,16.728760147094725,0.9674172401428223,0.2,80.40690755844116,-0.009954242641106248,28.593448638916016,998.84,1796.3642578125,,
238,1475,660,974848,0.010713134,0.09553159773349762,0.1021484375,0.0001,1185,16.733074378967284,0.9651435017585754,0.2,89.05500640869141,-0.010555594798643143,36.58256530761719,998.84,1785.899169921875,,
239,1473,664,978944,0.013476087,0.09547840058803558,0.1232421875,0.0001,1190,16.739738941192627,0.9687318801879883,0.2,84.9962001800537,-0.013284444222517778,34.32280349731445,999.74,1768.5394287109375,,
240,1475,666,983040,0.013653907,0.09544698148965836,0.112451171875,0.0001,1195,16.749106550216673,0.9728572368621826,0.2,81.00160579681396,-0.013644716539420187,36.680763244628906,999.74,1755.305908203125,,
241,1477,668,987136,0.010430838,0.09543279558420181,0.064111328125,0.0001,1200,16.75296549797058,0.9487448334693909,0.2,101.1690486907959,-0.010572857956867665,37.077537536621094,999.74,1755.305908203125,,
242,1478,670,991232,0.011306984,0.09538616240024567,0.10048828125,0.0001,1205,16.75801272392273,0.9523459672927856,0.2,86.03266162872315,-0.014185876527335495,31.231201171875,999.74,1742.1162109375,,
243,1475,674,995328,0.011399157,0.0953424796462059,0.081201171875,0.0001,1210,16.766718435287476,0.9543672204017639,0.2,96.42785720825195,-0.011538659781217575,36.837738037109375,999.74,1777.2763671875,,
244,1477,676,999424,0.011126519,0.09532016515731812,0.0751953125,0.0001,1215,16.774147319793702,0.9101394414901733,0.2,170.57173538208008,-0.011754615523386747,83.41881561279297,999.74,1765.14306640625,,
245,1454,689,1003520,0.009475289,0.09532114863395691,0.0556640625,0.0001,1220,16.776079225540162,0.936367392539978,0.2,174.00413818359374,-0.009221824805717916,79.16526794433594,999.74,1765.14306640625,250000,2.781460931534533
246,1456,691,1007616,0.012781293,0.09530755877494812,0.0708984375,0.0001,1225,16.7763587474823,0.9318901300430298,0.2,171.80605792999268,-0.008940620860084892,62.0787467956543,999.74,1771.33837890625,,
247,1452,696,1011712,0.011635226,0.09530749917030334,0.07119140625,0.0001,1230,16.778790855407713,0.9441452622413635,0.2,171.06285705566407,-0.009119846380781383,68.3056640625,999.74,1799.3946533203125,,
248,1454,698,1015808,0.008769649,0.09529699385166168,0.071435546875,0.0001,1235,16.778885698318483,0.8676605224609375,0.2,224.4570182800293,-0.009491251400322653,94.21248626708984,999.74,1799.3946533203125,,
249,1456,700,1019904,0.0082199965,0.09529881179332733,0.037939453125,0.0001,1240,16.7806405544281,0.7114670276641846,0.2,213.82245635986328,-0.00790195179870352,67.38439178466797,999.74,1799.3946533203125,,
250,1455,703,1024000,0.009249821,0.09529759734869003,0.050927734375,0.0001,1245,16.77997260093689,0.6800774335861206,0.2,217.94965744018555,-0.008988749072887003,83.1146240234375,999.74,1759.39892578125,,
251,1455,706,1028096,0.010618936,0.09528587758541107,0.076708984375,0.0001,1250,16.781103897094727,0.7196678519248962,0.2,220.1204029083252,-0.011767297645565122,91.80215454101562,999.74,1724.249267578125,,
252,1457,708,1032192,0.010938665,0.09525778889656067,0.0927734375,0.0001,1255,16.784838151931762,0.8044863939285278,0.2,206.96029052734374,-0.012719889840809628,101.0846939086914,999.74,1724.249267578125,,
253,1459,710,1036288,0.010904304,0.09525367617607117,0.07109375,0.0001,1260,16.78854775428772,0.859377384185791,0.2,134.0072114944458,-0.011064379860181361,54.70412063598633,999.74,1724.249267578125,,
254,1458,713,1040384,0.00977491,0.09522897005081177,0.067431640625,0.0001,1265,16.78977003097534,0.9354925751686096,0.2,79.4699333190918,-0.007761104474775493,35.983558654785156,1000.0,1740.5374755859375,,
255,1458,715,1044480,0.013389412,0.09519392997026443,0.120947265625,0.0001,1270,16.796181392669677,0.9449301362037659,0.2,69.75715398788452,-0.01399105575401336,29.787126541137695,1000.0,1719.8175048828125,,
256,1460,717,1048576,0.011480718,0.09520339965820312,0.088330078125,0.0001,1275,16.800060415267943,0.9073017835617065,0.2,102.05760822296142,-0.011217535505420529,39.77802658081055,1000.0,1719.8175048828125,,
257,1462,719,1052672,0.0117519535,0.09521733224391937,0.08955078125,0.0001,1280,16.796618843078612,0.9312320351600647,0.2,98.2721082687378,-0.011018134781625121,42.11284255981445,1000.0,1719.8175048828125,,
258,1460,723,1056768,0.012055984,0.09521295875310898,0.0921875,0.0001,1285,16.795636558532713,0.9470881819725037,0.2,85.22156190872192,-0.011433414096245542,27.380569458007812,1000.0,1711.693603515625,,
259,1462,725,1060864,0.014813881,0.09522038698196411,0.1142578125,0.0001,1290,16.796284532547,0.9529291987419128,0.2,69.790003490448,-0.012361721252091229,23.775924682617188,1000.0,1706.2020263671875,,
260,1463,727,1064960,0.0100334585,0.0952175036072731,0.06455078125,0.0001,1295,16.79459505081177,0.9634884595870972,0.2,59.74187345504761,-0.00828927515540272,21.59711456298828,1000.0,1706.2020263671875,,
261,1465,729,1069056,0.012565577,0.0951843410730362,0.090869140625,0.0001,1300,16.797810363769532,0.968838095664978,0.2,63.817765140533446,-0.00924250616808422,24.27236557006836,1000.0,1706.2020263671875,,
262,1464,732,1073152,0.013555558,0.09517822414636612,0.1015625,0.0001,1305,16.803217029571535,0.9627665877342224,0.2,71.4500539779663,-0.011060356791131199,30.287595748901367,1000.0,1767.071044921875,,
263,1465,735,1077248,0.013777484,0.09519974142313004,0.114990234375,0.0001,1310,16.801191329956055,0.9675940871238708,0.2,81.65048465728759,-0.011405088321771473,37.595706939697266,1000.0,1741.89501953125,,
264,1467,736,1081344,0.0102236,0.09520319104194641,0.074169921875,0.0001,1315,16.797353410720824,0.9289118647575378,0.2,159.53649787902833,-0.010076728701824323,66.63011932373047,1000.0,1741.89501953125,,
265,1469,738,1085440,0.010536507,0.09518877416849136,0.09306640625,0.0001,1320,16.79892292022705,0.9279877543449402,0.2,132.92537174224853,-0.011074232729151845,57.38050842285156,1000.0,1741.89501953125,,
266,1467,742,1089536,0.013023019,0.09521378576755524,0.1017578125,0.0001,1325,16.799135208129883,0.925737202167511,0.2,140.49715366363526,-0.01224697943252977,48.54728698730469,1000.0,1775.41357421875,,
267,1467,745,1093632,0.013652476,0.09521179646253586,0.119287109375,0.0001,1330,16.79529905319214,0.9166175127029419,0.2,142.4207633972168,-0.012919051363132894,61.39117431640625,1000.0,1774.689697265625,,
268,1468,747,1097728,0.009768259,0.09519103169441223,0.06337890625,0.0001,1335,16.797459602355957,0.9335563778877258,0.2,101.69540691375732,-0.00849922396009788,37.042179107666016,1000.0,1774.689697265625,,
269,1470,749,1101824,0.012485554,0.09518162906169891,0.1076171875,0.0001,1340,16.80118594169617,0.9439948201179504,0.2,117.29631462097169,-0.012604512239340693,44.161190032958984,1000.0,1774.689697265625,,
270,1468,753,1105920,0.01567747,0.09515979886054993,0.14296875,0.0001,1345,16.802879524230956,0.9517360329627991,0.2,103.15632801055908,-0.014614305808208883,41.57243347167969,1000.0,1767.4495849609375,,
271,1469,755,1110016,0.015382448,0.09511548280715942,0.153857421875,0.0001,1350,16.80905499458313,0.9595997929573059,0.2,82.6653642654419,-0.014529495016904547,32.20917892456055,1000.0,1749.3785400390625,,
272,1471,757,1114112,0.0113798855,0.09509675949811935,0.110546875,0.0001,1355,16.816283464431763,0.9263293743133545,0.2,121.03499736785889,-0.01125269626500085,49.50502014160156,1000.0,1749.3785400390625,,
273,1472,759,1118208,0.011270839,0.09507906436920166,0.11025390625,0.0001,1360,16.81849150657654,0.9492922425270081,0.2,80.69494104385376,-0.013727413956075907,31.692033767700195,1000.0,1749.3785400390625,,
274,1470,763,1122304,0.010828675,0.09507615119218826,0.090087890625,0.0001,1365,16.821608686447142,0.9346593618392944,0.2,118.38842906951905,-0.012399346899474039,43.38307189941406,1000.0,1821.0938720703125,,
275,1471,765,1126400,0.013103949,0.09503090381622314,0.1046875,0.0001,1370,16.823985862731934,0.9617589116096497,0.2,72.49327955245971,-0.012121200712863356,29.84142303466797,1000.0,1807.9886474609375,,
276,1473,767,1130496,0.015602481,0.09499336779117584,0.126708984375,0.0001,1375,16.83351421356201,0.9731536507606506,0.2,58.14429159164429,-0.01280436452361755,24.593008041381836,1000.0,1807.9886474609375,,
277,1475,769,1134592,0.015681354,0.09497441351413727,0.14892578125,0.0001,1380,16.83825855255127,0.9736967086791992,0.2,53.61257400512695,-0.013033852318767459,23.172231674194336,1000.0,1807.9886474609375,,
278,1472,773,1138688,0.017285548,0.09496930986642838,0.155615234375,0.0001,1385,16.84111351966858,0.9818329215049744,0.2,44.21303129196167,-0.01619016530457884,15.77136516571045,998.46,1870.5374755859375,,
279,1474,775,1142784,0.011943743,0.09495405107736588,0.12626953125,0.0001,1390,16.842735862731935,0.9504339694976807,0.2,123.73033351898194,-0.013679440913256258,73.95215606689453,998.46,1870.5374755859375,,
280,1476,776,1146880,0.013888686,0.09492049366235733,0.130078125,0.0001,1395,16.847325229644774,0.9625088572502136,0.2,84.4800199508667,-0.015169733774382622,36.31963348388672,998.46,1870.5374755859375,,
281,1477,778,1150976,0.012206207,0.09491164237260818,0.108154296875,0.0001,1400,16.851980018615723,0.9328905344009399,0.2,126.2139196395874,-0.011547699244692922,53.73664093017578,998.46,1866.32275390625,,
282,1476,782,1155072,0.0152572105,0.09486544877290726,0.139892578125,0.0001,1405,16.8556125164032,0.9712668061256409,0.2,60.52571573257446,-0.013562223687767983,23.259557723999023,998.46,1903.7347412109375,,
283,1477,784,1159168,0.011683483,0.09483718872070312,0.101611328125,0.0001,1410,16.864138650894166,0.9395909905433655,0.2,89.24489364624023,-0.011038861464476213,35.51726531982422,998.46,1903.7347412109375,,
284,1479,786,1163264,0.012568789,0.09477603435516357,0.1025390625,0.0001,1415,16.871191263198853,0.9260087013244629,0.2,62.04261903762817,-0.011025052319746464,21.456647872924805,998.46,1903.7347412109375,,
285,1480,788,1167360,0.013695879,0.09468186646699905,0.1435546875,0.0001,1420,16.886568069458008,0.9470794200897217,0.2,64.39780893325806,-0.013745353498961776,25.200725555419922,998.46,1922.9013671875,,
286,1478,792,1171456,0.012796108,0.09465672075748444,0.12705078125,0.0001,1425,16.899581289291383,0.9564421772956848,0.2,58.68964385986328,-0.0148150977329351,22.55431365966797,998.46,1852.9892578125,,
287,1480,793,1175552,0.012610679,0.09461833536624908,0.116845703125,0.0001,1430,16.903648805618285,0.9412105679512024,0.2,147.56255645751952,-0.011206555337412282,70.78005981445312,998.46,1852.9892578125,,
288,1482,795,1179648,0.012097165,0.09457066655158997,0.090625,0.0001,1435,16.911723375320435,0.9447331428527832,0.2,146.5339900970459,-0.011692440684419126,59.45588684082031,998.46,1852.9892578125,,
289,1483,797,1183744,0.013284748,0.09457296133041382,0.11728515625,0.0001,1440,16.918066453933715,0.9499894976615906,0.2,134.60912418365479,-0.013102479407098144,64.19206237792969,998.46,1845.378173828125,,
290,1481,801,1187840,0.012645806,0.09457775950431824,0.11279296875,0.0001,1445,16.91574592590332,0.9515405297279358,0.2,124.53368606567383,-0.011423862329684198,59.536354064941406,998.46,1856.3223876953125,,
291,1483,803,1191936,0.0073725134,0.0945616215467453,0.0462890625,0.0001,1450,16.917157936096192,0.8125185966491699,0.2,307.0725700378418,-0.008288797782734036,124.24449920654297,998.46,1856.3223876953125,,
292,1484,805,1196032,0.008464539,0.09455416351556778,0.06416015625,0.0001,1455,16.92007737159729,0.8458892107009888,0.2,162.2395971298218,-0.010608195117674768,57.375553131103516,998.46,1856.3223876953125,,
293,1483,808,1200128,0.010737679,0.09455796331167221,0.078564453125,0.0001,1460,16.9202721118927,0.8908649682998657,0.2,123.10030403137208,-0.011253285431303084,43.69763946533203,998.46,1814.112060546875,,
294,1484,811,1204224,0.009155411,0.09454706311225891,0.072119140625,0.0001,1465,16.920352840423583,0.9053933620452881,0.2,114.73280277252198,-0.008403850624745246,46.21346664428711,998.46,1798.76611328125,,
295,1485,813,1208320,0.013429632,0.09453978389501572,0.113134765625,0.0001,1470,16.923179388046265,0.9255991578102112,0.2,105.75976848602295,-0.012857085454743355,53.647178649902344,998.46,1798.76611328125,,
296,1487,815,1212416,0.014308801,0.09455844759941101,0.110498046875,0.0001,1475,16.922241401672363,0.9392884373664856,0.2,90.73325080871582,-0.011153603973798453,34.87060546875,998.46,1798.76611328125,,
297,1485,818,1216512,0.012962308,0.09456190466880798,0.10244140625,0.0001,1480,16.919475984573364,0.974687933921814,0.2,49.90810775756836,-0.009163773898035289,21.204055786132812,998.46,1830.42041015625,,
298,1486,820,1220608,0.014598972,0.0945533737540245,0.134619140625,0.0001,1485,16.920530462265013,0.9748581051826477,0.2,53.99821481704712,-0.010835139220580459,22.353240966796875,998.46,1829.829833984375,,
299,1488,822,1224704,0.010376723,0.09455224126577377,0.074462890625,0.0001,1490,16.92097544670105,0.894508957862854,0.2,227.26776351928712,-0.009965470993483905,87.2016830444336,998.46,1829.829833984375,,
300,1490,824,1228800,0.012622084,0.0945201963186264,0.08759765625,0.0001,1495,16.923756456375123,0.8960272073745728,0.2,206.54482078552246,-0.011328805761877447,90.39593505859375,998.46,1829.829833984375,,
301,1488,828,1232896,0.0118948035,0.09452065825462341,0.09111328125,0.0001,1500,16.928424263000487,0.9141082763671875,0.2,200.48877487182617,-0.011647959880065173,85.40982818603516,998.46,1736.57763671875,,
302,1489,830,1236992,0.012014216,0.09454010426998138,0.119091796875,0.0001,1505,16.925670862197876,0.943844199180603,0.2,152.82036476135255,-0.014424696611240507,74.8504638671875,998.46,1747.7974853515625,,
303,1490,832,1241088,0.011522945,0.09450338780879974,0.10341796875,0.0001,1510,16.926047372817994,0.9347296357154846,0.2,134.58284187316895,-0.012520192179363222,52.753448486328125,998.46,1747.7974853515625,,
304,1492,834,1245184,0.010869598,0.09449145197868347,0.08466796875,0.0001,1515,16.932784223556517,0.9483912587165833,0.2,113.48930778503419,-0.011144411249551922,41.02054214477539,998.46,1747.7974853515625,,
305,1490,838,1249280,0.011930689,0.0944724977016449,0.087890625,0.0001,1520,16.934685707092285,0.9391818642616272,0.2,137.53845329284667,-0.012201240786816924,54.86163330078125,1000.0,1732.5037841796875,,
306,1471,851,1253376,0.015079879,0.09447333216667175,0.143212890625,0.0001,1525,16.93715171813965,0.9510926604270935,0.2,114.02435455322265,-0.01544033691752702,49.72197341918945,1000.0,1711.0552978515625,250000,2.7763699964927286
307,1473,853,1257472,0.013881421,0.09443965554237366,0.11943359375,0.0001,1530,16.938763999938963,0.9253890514373779,0.2,117.32162208557129,-0.014228409132920205,54.62190628051758,993.56,1701.48046875,,
308,1474,855,1261568,0.013777229,0.09437604248523712,0.136669921875,0.0001,1535,16.949501943588256,0.9083986282348633,0.2,172.93913822174073,-0.013276392081752419,48.17523193359375,993.56,1701.48046875,,
309,1472,859,1265664,0.014162326,0.09434294700622559,0.158642578125,0.0001,1540,16.95922131538391,0.9428443312644958,0.2,90.19094619750976,-0.014332794537767767,39.73017120361328,993.56,1686.78076171875,,
310,1474,861,1269760,0.014028477,0.09431810677051544,0.119287109375,0.0001,1545,16.963784837722777,0.9334303736686707,0.2,122.74995975494384,-0.013461279077455401,63.3903694152832,993.56,1686.78076171875,,
311,1475,863,1273856,0.007924713,0.09430280327796936,0.04169921875,0.0001,1550,16.96789593696594,0.906487226486206,0.2,206.62264022827148,-0.00771475508227013,71.09915924072266,993.56,1694.3675537109375,,
312,1477,865,1277952,0.010490587,0.09428305923938751,0.0849609375,0.0001,1555,16.971211242675782,0.9518211483955383,0.2,104.57420902252197,-0.012263021082617342,37.95214080810547,993.56,1694.3675537109375,,
313,1474,869,1282048,0.012254523,0.09425754845142365,0.09990234375,0.0001,1560,16.975321960449218,0.9586149454116821,0.2,89.57108345031739,-0.012460908980574458,34.298973083496094,993.56,1629.79541015625,,
314,1476,871,1286144,0.013988003,0.09421977400779724,0.12666015625,0.0001,1565,16.98127965927124,0.9492083191871643,0.2,96.1949562072754,-0.014483598084188998,40.248634338378906,993.56,1629.79541015625,,
315,1476,873,1290240,0.012579287,0.09423690289258957,0.089306640625,0.0001,1570,16.985210514068605,0.9330722689628601,0.2,84.46132011413575,-0.011900936451274902,30.04169273376465,993.56,1632.0245361328125,,
316,1478,875,1294336,0.014073903,0.09422596544027328,0.102197265625,0.0001,1575,16.98198070526123,0.97059166431427,0.2,46.56128044128418,-0.011121551401447504,18.636783599853516,992.75,1627.72314453125,,
317,1476,879,1298432,0.01031857,0.09421500563621521,0.102783203125,0.0001,1580,16.98544898033142,0.948251485824585,0.2,88.88194456100464,-0.009816858600242995,29.49615478515625,992.75,1700.438720703125,,
318,1477,881,1302528,0.014406338,0.09418625384569168,0.1224609375,0.0001,1585,16.988884925842285,0.9569731950759888,0.2,86.93969917297363,-0.01473752543097362,39.76340103149414,992.75,1700.438720703125,,
319,1478,883,1306624,0.014960358,0.09418444335460663,0.133154296875,0.0001,1590,16.992602014541625,0.9451128840446472,0.2,99.41253566741943,-0.014782266726251691,42.703125,992.75,1701.387939453125,,
320,1480,885,1310720,0.012296454,0.09417060017585754,0.09619140625,0.0001,1595,16.99298014640808,0.9419384002685547,0.2,119.87746543884278,-0.010177108005154877,48.449058532714844,992.75,1687.6055908203125,,
321,1478,889,1314816,0.012283195,0.0941677987575531,0.10576171875,0.0001,1600,16.99537615776062,0.9258860349655151,0.2,159.0641731262207,-0.011847538978327066,67.29953002929688,992.75,1661.7398681640625,,
322,1479,891,1318912,0.013752626,0.0941886231303215,0.13017578125,0.0001,1605,16.993194389343262,0.9374122619628906,0.2,159.9363925933838,-0.01342452287208289,71.60606384277344,992.75,1661.7398681640625,,
323,1480,893,1323008,0.011234115,0.09418807178735733,0.1126953125,0.0001,1610,16.991307544708253,0.9563604593276978,0.2,118.58256950378419,-0.013682203454663977,43.741455078125,992.75,1649.76611328125,,
324,1482,895,1327104,0.012129426,0.09416132420301437,0.10830078125,0.0001,1615,16.99328746795654,0.9626992344856262,0.2,103.84154014587402,-0.01357131332042627,42.287208557128906,992.75,1647.119873046875,,
325,1480,899,1331200,0.013984792,0.09412910044193268,0.128662109375,0.0001,1620,16.99939384460449,0.9694970846176147,0.2,92.6048797607422,-0.015277882933150976,33.67466354370117,992.75,1713.1138916015625,,
326,1482,900,1335296,0.01273009,0.0941067561507225,0.116064453125,0.0001,1625,17.004955863952638,0.9435597062110901,0.2,96.99323101043701,-0.012700272462097928,39.88438415527344,992.75,1713.1138916015625,,
327,1483,903,1339392,0.012250524,0.0940617173910141,0.1125,0.0001,1630,17.0101402759552,0.9324917197227478,0.2,61.32980747222901,-0.01260080692009069,21.764163970947266,992.75,1718.74169921875,,
328,1484,905,1343488,0.014571092,0.0939970389008522,0.13408203125,0.0001,1635,17.021139526367186,0.9522460103034973,0.2,46.53634910583496,-0.012622927187476308,18.514039993286133,992.75,1702.90673828125,,
329,1482,908,1347584,0.0112165045,0.09395815432071686,0.114013671875,0.0001,1640,17.03192710876465,0.944869875907898,0.2,55.951727867126465,-0.011546550679486244,22.9227237701416,992.75,1684.8759765625,,
330,1483,910,1351680,0.011946682,0.09394638985395432,0.10947265625,0.0001,1645,17.03633451461792,0.9038423299789429,0.2,109.90326137542725,-0.013549089164007455,43.670799255371094,992.75,1684.8759765625,,
331,1485,912,1355776,0.012264385,0.09388498216867447,0.10888671875,0.0001,1650,17.041962146759033,0.9416210651397705,0.2,58.170326709747314,-0.012388260656734928,25.675554275512695,992.75,1705.9183349609375,,
332,1486,914,1359872,0.013753508,0.09381983429193497,0.11591796875,0.0001,1655,17.05611310005188,0.9473223090171814,0.2,62.133334922790525,-0.0135340562206693,25.576040267944336,992.75,1691.0802001953125,,
333,1484,918,1363968,0.01495017,0.09377893060445786,0.149609375,0.0001,1660,17.065804147720335,0.9603084921836853,0.2,52.68959646224975,-0.01640747726196423,19.633817672729492,999.19,1736.7481689453125,,
334,1485,920,1368064,0.012970443,0.09376063942909241,0.122119140625,0.0001,1665,17.07230896949768,0.9530160427093506,0.2,89.86712799072265,-0.012486323626944795,36.532005310058594,999.19,1736.7481689453125,,
335,1486,922,1372160,0.014075186,0.09374574571847916,0.12900390625,0.0001,1670,17.074303245544435,0.9690079689025879,0.2,62.52650165557861,-0.014201653585769237,24.50676918029785,999.19,1736.2222900390625,,
336,1486,926,1376256,0.013692647,0.09373833239078522,0.118798828125,0.0001,1675,17.077540779113768,0.9726396203041077,0.2,65.19063539505005,-0.012339261430315673,23.147674560546875,999.19,1786.5341796875,,
337,1487,928,1380352,0.01140172,0.09369713813066483,0.13154296875,0.0001,1680,17.080973815917968,0.962139368057251,0.2,83.566064453125,-0.013232846092432738,35.314849853515625,999.19,1765.3951416015625,,
338,1488,930,1384448,0.012316074,0.09365852177143097,0.11259765625,0.0001,1685,17.089729356765748,0.9589176774024963,0.2,81.70954399108886,-0.012490720470668747,36.523292541503906,999.19,1765.4708251953125,,
339,1489,932,1388544,0.013292122,0.0936056524515152,0.120458984375,0.0001,1690,17.097293853759766,0.9603573083877563,0.2,78.9243127822876,-0.01280212497804314,31.253250122070312,999.19,1765.4708251953125,,
340,1487,935,1392640,0.012723566,0.09359363466501236,0.114111328125,0.0001,1695,17.105815410614014,0.968798816204071,0.2,69.41498756408691,-0.013012205297127367,28.173931121826172,1000.0,1802.517333984375,,
341,1489,938,1396736,0.013274259,0.09357719868421555,0.1208984375,0.0001,1700,17.106630754470824,0.971146821975708,0.2,72.4090708732605,-0.012374227319378405,29.24806785583496,1000.0,1791.637451171875,,
342,1490,940,1400832,0.013129778,0.09356096386909485,0.121630859375,0.0001,1705,17.109892225265504,0.932989776134491,0.2,78.04722347259522,-0.01059639262384735,31.169452667236328,1000.0,1785.634033203125,,
343,1491,941,1404928,0.013166074,0.0935598760843277,0.127880859375,0.0001,1710,17.112626838684083,0.9516249299049377,0.2,71.37847623825073,-0.010624656628351659,24.542139053344727,1000.0,1785.634033203125,,
344,1489,945,1409024,0.013550457,0.09356971830129623,0.141552734375,0.0001,1715,17.111047410964964,0.9275980591773987,0.2,102.21723022460938,-0.013257146428804845,41.06364440917969,1000.0,1782.9007568359375,,
345,1491,947,1413120,0.012412323,0.09355764091014862,0.11640625,0.0001,1720,17.110576963424684,0.9283953905105591,0.2,92.54169292449951,-0.012920636433409526,34.99775314331055,1000.0,1782.9007568359375,,
346,1492,949,1417216,0.012284743,0.09353536367416382,0.11494140625,0.0001,1725,17.114685249328613,0.9202223420143127,0.2,89.54619235992432,-0.012387882848270238,38.729881286621094,1000.0,1777.896728515625,,
347,1493,951,1421312,0.014063019,0.09352675825357437,0.12353515625,0.0001,1730,17.11779499053955,0.9346597790718079,0.2,84.40312976837158,-0.01368257615249604,39.288169860839844,1000.0,1777.896728515625,,
348,1491,955,1425408,0.013906956,0.09352466464042664,0.129248046875,0.0001,1735,17.119158840179445,0.9340243935585022,0.2,87.43011245727538,-0.013525633292738348,37.64586639404297,1000.0,1747.11328125,,
349,1493,957,1429504,0.014127718,0.09352168440818787,0.123974609375,0.0001,1740,17.120129013061522,0.955116331577301,0.2,62.031379508972165,-0.014766872796462849,24.892139434814453,1000.0,1747.11328125,,
350,1494,959,1433600,0.011372833,0.09350433945655823,0.120849609375,0.0001,1745,17.121448135375978,0.932941198348999,0.2,101.69695224761963,-0.012894520867848768,34.21466827392578,1000.0,1745.3560791015625,,
351,1495,961,1437696,0.01458977,0.09351959824562073,0.139208984375,0.0001,1750,17.123114156723023,0.9523885846138,0.2,66.8692216873169,-0.014610906748566776,28.40807342529297,1000.0,1744.3348388671875,,
352,1493,965,1441792,0.010267723,0.09351906925439835,0.088525390625,0.0001,1755,17.120368099212648,0.9327290654182434,0.2,78.81352643966675,-0.01124623870709911,31.673974990844727,1000.0,1732.02734375,,
353,1495,967,1445888,0.012575431,0.09349104017019272,0.120751953125,0.0001,1760,17.123200559616087,0.968485414981842,0.2,64.563387966156,-0.013214638119097798,29.224159240722656,1000.0,1732.02734375,,
354,1496,969,1449984,0.013495364,0.09344559907913208,0.1267578125,0.0001,1765,17.12993640899658,0.9725853204727173,0.2,70.51197366714477,-0.013673011574428528,26.026798248291016,1000.0,1725.45458984375,,
355,1497,971,1454080,0.013754159,0.09342548251152039,0.109423828125,0.0001,1770,17.13746953010559,0.9788471460342407,0.2,53.062919807434085,-0.012592496583238244,19.44426918029785,1000.0,1708.8660888671875,,
356,1495,974,1458176,0.013621599,0.09339252859354019,0.10009765625,0.0001,1775,17.14139142036438,0.979496955871582,0.2,53.094223976135254,-0.01157751542632468,18.782390594482422,1000.0,1742.6295166015625,,
357,1496,976,1462272,0.013159697,0.09340310096740723,0.126416015625,0.0001,1780,17.145629978179933,0.9704223871231079,0.2,75.32945346832275,-0.013042912376113236,35.783058166503906,1000.0,1742.6295166015625,,
358,1497,978,1466368,0.012524711,0.09338350594043732,0.1080078125,0.0001,1785,17.14439468383789,0.9672895669937134,0.2,90.1773946762085,-0.013220127497334033,40.01693344116211,1000.0,1736.743896484375,,
359,1499,980,1470464,0.013073588,0.09335514158010483,0.1064453125,0.0001,1790,17.150286197662354,0.9790462851524353,0.2,67.6941683769226,-0.012526154483202845,26.482330322265625,1000.0,1751.412841796875,,
360,1497,984,1474560,0.012298243,0.09332547336816788,0.10966796875,0.0001,1795,17.155435609817506,0.9820021390914917,0.2,63.92352457046509,-0.011629761860240251,21.643325805664062,1000.0,1796.4776611328125,,
361,1498,986,1478656,0.0105161425,0.09333206713199615,0.08779296875,0.0001,1800,17.1586314201355,0.9600220322608948,0.2,160.38722038269043,-0.011257247836329042,67.58757781982422,1000.0,1796.4776611328125,,
362,1499,988,1482752,0.010429969,0.09330446273088455,0.089794921875,0.0001,1805,17.159215879440307,0.9679875373840332,0.2,119.3335464477539,-0.011734340724069625,48.83624267578125,1000.0,1793.5892333984375,,
363,1500,991,1486848,0.010918111,0.09330719709396362,0.09453125,0.0001,1810,17.163222074508667,0.9711992144584656,0.2,113.20677490234375,-0.011627208074787631,38.206275939941406,1000.0,1778.5054931640625,,
364,1498,995,1490944,0.0126395915,0.09330158680677414,0.106640625,0.0001,1815,17.16188497543335,0.9736629128456116,0.2,107.17300434112549,-0.011836629098979756,44.26715087890625,1000.0,1780.2698974609375,,
365,1499,997,1495040,0.011224869,0.09329576045274734,0.11904296875,0.0001,1820,17.163756132125854,0.9631367325782776,0.2,92.96084270477294,-0.014253329479834065,35.91071701049805,1000.0,1780.2698974609375,,
366,1499,999,1499136,0.011229893,0.09329865872859955,0.099072265625,0.0001,1825,17.164290475845338,0.9517521858215332,0.2,91.48939075469971,-0.012594731186982244,38.585357666015625,1000.0,1778.5107421875,,
367,1483,1013,1503232,0.012752508,0.09329794347286224,0.11708984375,0.0001,1830,17.163935279846193,0.968183696269989,0.2,70.37629041671752,-0.014876527995511424,31.35160255432129,1000.0,1778.692626953125,250000,2.788828227602102
368,1482,1016,1507328,0.013602132,0.09326525777578354,0.116357421875,0.0001,1835,17.166269540786743,0.9708507061004639,0.2,48.392776012420654,-0.012051417923066765,19.523038864135742,1000.0,1775.4176025390625,,
369,1483,1018,1511424,0.011968099,0.09324504435062408,0.116845703125,0.0001,1840,17.172999906539918,0.9386671185493469,0.2,120.84949493408203,-0.011488635651767254,50.26813507080078,1000.0,1775.4176025390625,,
370,1484,1020,1515520,0.012936883,0.0932234600186348,0.098193359375,0.0001,1845,17.176424741744995,0.9520897269248962,0.2,86.84375066757202,-0.011671641166321934,28.675447463989258,1000.0,1774.5849609375,,
371,1485,1022,1519616,0.012526053,0.09321969002485275,0.09765625,0.0001,1850,17.17968249320984,0.9806501865386963,0.2,36.12586498260498,-0.010176909941947088,14.160228729248047,1000.0,1768.8353271484375,,
372,1484,1026,1523712,0.016880047,0.09315691888332367,0.15380859375,0.0001,1855,17.183715724945067,0.9859797954559326,0.2,32.613000535964964,-0.011786585865775124,12.462265968322754,1000.0,1844.3935546875,,
373,1485,1028,1527808,0.009358238,0.0931304395198822,0.0732421875,0.0001,1860,17.195439100265503,0.9311163425445557,0.2,112.71312789916992,-0.007790198337170295,40.62193298339844,1000.0,1844.3935546875,,
374,1486,1030,1531904,0.010535871,0.09312376379966736,0.0646484375,0.0001,1865,17.19794030189514,0.9465352892875671,0.2,111.57068119049072,-0.011428590811556205,42.363014221191406,1000.0,1844.956298828125,,
375,1485,1034,1536000,0.008406341,0.09309738129377365,0.049169921875,0.0001,1870,17.200390672683717,0.949897050857544,0.2,115.6261754989624,-0.008999592560576275,43.50223922729492,1000.0,1847.9892578125,,
376,1485,1036,1540096,0.009366112,0.09307942539453506,0.068701171875,0.0001,1875,17.205881214141847,0.9518543481826782,0.2,102.6303611755371,-0.011269591003656387,35.04084396362305,1000.0,1835.0704345703125,,
377,1486,1038,1544192,0.008972216,0.0930747538805008,0.0541015625,0.0001,1880,17.207825946807862,0.9278466701507568,0.2,108.82023620605469,-0.008555522293318064,46.1256217956543,1000.0,1835.0704345703125,,
378,1487,1040,1548288,0.012277314,0.09306755661964417,0.080615234375,0.0001,1885,17.208777046203615,0.9455718398094177,0.2,80.85016088485717,-0.009378604442463256,30.248233795166016,1000.0,1837.2886962890625,,
379,1486,1043,1552384,0.014488731,0.09303624927997589,0.132373046875,0.0001,1890,17.21184096336365,0.9488457441329956,0.2,65.52190113067627,-0.014608939352910966,24.848661422729492,997.2,1860.123291015625,,
380,1487,1046,1556480,0.011758354,0.09301082044839859,0.111572265625,0.0001,1895,17.21823353767395,0.9274380207061768,0.2,115.50464611053467,-0.012995397031772882,46.862220764160156,997.2,1860.123291015625,,
381,1488,1048,1560576,0.00942513,0.09298278391361237,0.0734375,0.0001,1900,17.222897815704346,0.8603892922401428,0.2,106.4161003112793,-0.01051228806609288,37.77852249145508,997.2,1845.6512451171875,,
382,1489,1050,1564672,0.013451303,0.09294982254505157,0.113330078125,0.0001,1905,17.22880873680115,0.9498524069786072,0.2,61.96769819259644,-0.014283591322600842,24.507795333862305,997.2,1851.3414306640625,,
383,1487,1054,1568768,0.016808243,0.09294324368238449,0.1552734375,0.0001,1910,17.233536434173583,0.9604005217552185,0.2,47.98483142852783,-0.01419172746827826,18.914823532104492,997.2,1802.8245849609375,,
384,1488,1056,1572864,0.0132728685,0.09291413426399231,0.143505859375,0.0001,1915,17.235110902786253,0.9557374119758606,0.2,69.67354164123535,-0.012748630437999963,30.04745101928711,997.2,1802.8245849609375,,
385,1489,1058,1576960,0.010757275,0.09289253503084183,0.092236328125,0.0001,1920,17.241402912139893,0.9405599236488342,0.2,137.04162807464598,-0.010839260125067085,53.33843994140625,997.2,1801.7940673828125,,
386,1490,1060,1581056,0.011056922,0.09286603331565857,0.09599609375,0.0001,1925,17.245433378219605,0.9425719976425171,0.2,140.4372880935669,-0.010864741983823478,55.990234375,997.2,1800.5548095703125,,
387,1489,1064,1585152,0.010320239,0.09284888952970505,0.083349609375,0.0001,1930,17.250117206573485,0.9489445686340332,0.2,137.2690242767334,-0.009930869506206363,60.15764617919922,997.2,1756.63671875,,
388,1490,1066,1589248,0.010819336,0.09281017631292343,0.09150390625,0.0001,1935,17.25473232269287,0.9352192878723145,0.2,158.1830684661865,-0.01065795409376733,65.0082778930664,997.2,1756.63671875,,
389,1491,1068,1593344,0.008750012,0.09277597069740295,0.06025390625,0.0001,1940,17.26203384399414,0.9413594007492065,0.2,151.98147716522217,-0.00883559492067434,65.70287322998047,997.2,1747.0556640625,,
390,1492,1070,1597440,0.010349129,0.09277883172035217,0.080029296875,0.0001,1945,17.265998697280885,0.9624366164207458,0.2,102.96633911132812,-0.009886118685244583,48.01035690307617,997.2,1738.715576171875,,
391,1491,1074,1601536,0.012650698,0.09275919944047928,0.113671875,0.0001,1950,17.26643900871277,0.9730623960494995,0.2,71.28090724945068,-0.013607795063580851,30.756797790527344,997.2,1762.1329345703125,,
392,1492,1075,1605632,0.011971666,0.09272723644971848,0.10009765625,0.0001,1955,17.271473169326782,0.96116042137146,0.2,99.2038330078125,-0.01058326568454504,39.41804885864258,997.2,1762.1329345703125,,
393,1493,1078,1609728,0.01125447,0.09274609386920929,0.084912109375,0.0001,1960,17.274986362457277,0.875033438205719,0.2,125.89556522369385,-0.009782026713946835,51.52698516845703,997.2,1763.26806640625,,
394,1493,1080,1613824,0.013558123,0.09273508936166763,0.140966796875,0.0001,1965,17.270863199234007,0.9492549300193787,0.2,65.21775922775268,-0.013829842710401863,24.26839256286621,997.2,1749.4373779296875,,
395,1492,1083,1617920,0.013080524,0.09269853681325912,0.12060546875,0.0001,1970,17.27673077583313,0.9445326328277588,0.2,73.75630559921265,-0.011596027517225594,27.824522018432617,997.2,1699.65673828125,,
396,1493,1085,1622016,0.015042142,0.09265581518411636,0.127783203125,0.0001,1975,17.284571504592897,0.930016815662384,0.2,95.69382286071777,-0.015265925077255816,41.86048126220703,997.2,1699.65673828125,,
397,1494,1087,1626112,0.012415325,0.09266910701990128,0.108544921875,0.0001,1980,17.28878846168518,0.9627563953399658,0.2,80.19164295196533,-0.012895050356746651,37.329811096191406,997.2,1687.4017333984375,,
398,1495,1090,1630208,0.011852363,0.09265796095132828,0.105615234375,0.0001,1985,17.286018896102906,0.9747188091278076,0.2,51.92783632278442,-0.011821047042030842,18.850719451904297,997.2,1687.8157958984375,,
399,1494,1093,1634304,0.015056113,0.09262004494667053,0.13095703125,0.0001,1990,17.29146342277527,0.9827325344085693,0.2,42.076620531082156,-0.011899072409141809,15.90696907043457,997.2,1732.4432373046875,,
400,1495,1095,1638400,0.014005571,0.09262237697839737,0.1404296875,0.0001,1995,17.295951700210573,0.9739131331443787,0.2,86.8822093963623,-0.012906725209904834,37.881690979003906,997.2,1732.4432373046875,,
401,1496,1097,1642496,0.011535017,0.09261571615934372,0.092138671875,0.0001,2000,17.295274686813354,0.9511484503746033,0.2,143.6670991897583,-0.01104870371054858,64.24992370605469,997.2,1729.719482421875,,
402,1497,1099,1646592,0.010629019,0.09260876476764679,0.067578125,0.0001,2005,17.29733738899231,0.9378830194473267,0.2,186.40692615509033,-0.013255757468868978,67.3143081665039,997.2,1706.5185546875,,
403,1495,1103,1650688,0.008548141,0.09260552376508713,0.044873046875,0.0001,2010,17.298217487335204,0.9064117670059204,0.2,227.5914649963379,-0.010054541545105166,84.84712982177734,1000.0,1708.81787109375,,
404,1496,1105,1654784,0.009182811,0.09261017292737961,0.047509765625,0.0001,2015,17.298225355148315,0.8768517971038818,0.2,220.03131599426268,-0.010072962759295478,78.06034851074219,1000.0,1708.81787109375,,
405,1497,1108,1658880,0.011013362,0.09260164946317673,0.07744140625,0.0001,2020,17.29791407585144,0.8681702017784119,0.2,160.28702774047852,-0.012427581357769668,54.87797546386719,1000.0,1681.60400390625,,
406,1497,1110,1662976,0.010236807,0.09259232133626938,0.0890625,0.0001,2025,17.299982929229735,0.9218177795410156,0.2,110.6146743774414,-0.011216025182511658,48.79448318481445,1000.0,1654.39013671875,,
407,1495,1114,1667072,0.012124309,0.09253651648759842,0.10087890625,0.0001,2030,17.305699396133424,0.9229041934013367,0.2,109.88960208892823,-0.011343896121252329,55.8189811706543,1000.0,1669.58544921875,,
408,1496,1116,1671168,0.011172552,0.09246829897165298,0.09013671875,0.0001,2035,17.317609357833863,0.9124963879585266,0.2,127.82141990661621,-0.010685456870123743,56.960662841796875,1000.0,1669.58544921875,,
409,1497,1118,1675264,0.011530492,0.09242469817399979,0.081103515625,0.0001,2040,17.32931785583496,0.9409153461456299,0.2,90.5498764038086,-0.0103928908938542,34.21217346191406,1000.0,1657.364990234375,,
410,1496,1122,1679360,0.010855211,0.0924091637134552,0.084814453125,0.0001,2045,17.335223627090453,0.951476514339447,0.2,83.33616065979004,-0.010193401941796765,34.839962005615234,1000.0,1651.5787353515625,,
411,1494,1126,1683456,0.0129359225,0.09238854050636292,0.114697265625,0.0001,2050,17.338514804840088,0.9293884038925171,0.2,134.94595260620116,-0.010842090469668619,55.35549545288086,1000.0,1677.84765625,,
412,1494,1128,1687552,0.013153248,0.09240123629570007,0.120263671875,0.0001,2055,17.33999013900757,0.9555246829986572,0.2,92.53707923889161,-0.0139476056676358,40.32388687133789,1000.0,1677.84765625,,
413,1495,1131,1691648,0.014358111,0.0923939198255539,0.14853515625,0.0001,2060,17.338929748535158,0.9586121439933777,0.2,82.42391777038574,-0.014910966082243248,37.39934158325195,1000.0,1669.4842529296875,,
414,1495,1133,1695744,0.016565135,0.09230823814868927,0.155615234375,0.0001,2065,17.346388053894042,0.9701151847839355,0.2,62.94071397781372,-0.015355666051618755,27.497516632080078,1000.0,1653.646240234375,,
415,1494,1137,1699840,0.015873147,0.0922970399260521,0.152294921875,0.0001,2070,17.359522819519043,0.9753500819206238,0.2,53.15903644561767,-0.014558386348653585,19.924997329711914,1000.0,1695.36865234375,,
416,1494,1139,1703936,0.0137089295,0.09228096902370453,0.1041015625,0.0001,2075,17.358857583999633,0.9497109651565552,0.2,68.69465312957763,-0.011964345263550058,24.88838768005371,1000.0,1695.36865234375,,
417,1495,1142,1708032,0.012770752,0.09227380156517029,0.110986328125,0.0001,2080,17.36280303001404,0.962226152420044,0.2,59.572533416748044,-0.011830247950274497,23.155672073364258,1000.0,1680.4063720703125,,
418,1493,1146,1712128,0.0131791085,0.09231565147638321,0.12890625,0.0001,2085,17.360041999816893,0.9483928084373474,0.2,85.55487804412842,-0.013669285882497207,33.56484603881836,1000.0,1741.96923828125,,
419,1494,1148,1716224,0.016320435,0.09232410788536072,0.142626953125,0.0001,2090,17.353365755081178,0.9358481764793396,0.2,85.12960910797119,-0.015699286677408962,37.34146499633789,1000.0,1741.96923828125,,
420,1494,1150,1720320,0.01406818,0.09229014813899994,0.1400390625,0.0001,2095,17.356323194503783,0.9468216300010681,0.2,66.71618757247924,-0.01321067032404244,26.97772789001465,1000.0,1741.96923828125,,
421,1495,1153,1724416,0.011288275,0.09228479117155075,0.077734375,0.0001,2100,17.36154146194458,0.9582891464233398,0.2,59.57139253616333,-0.009781778079923243,20.44940948486328,1000.0,1730.1298828125,,
422,1494,1156,1728512,0.014032625,0.09229585528373718,0.104345703125,0.0001,2105,17.360518884658813,0.9515143036842346,0.2,58.156010913848874,-0.011356174328830093,25.292757034301758,1000.0,1718.79736328125,,
423,1494,1159,1732608,0.0136846,0.09230037033557892,0.115185546875,0.0001,2110,17.3586537361145,0.9252861738204956,0.2,79.02040548324585,-0.01376157037448138,25.991392135620117,1000.0,1718.79736328125,,
424,1495,1161,1736704,0.009935032,0.09230784326791763,0.09375,0.0001,2115,17.357760000228883,0.9227735996246338,0.2,110.28312110900879,-0.010819266265025362,40.949161529541016,1000.0,1706.156982421875,,
425,1495,1163,1740800,0.011306929,0.09228590130805969,0.080712890625,0.0001,2120,17.358199548721313,0.9475007057189941,0.2,83.03873319625855,-0.012217720679473132,30.019245147705078,1000.0,1693.16357421875,,
426,1494,1167,1744896,0.013687951,0.09224733710289001,0.13447265625,0.0001,2125,17.365526151657104,0.9632087349891663,0.2,58.61430969238281,-0.012954749789787456,23.78685760498047,1000.0,1737.322998046875,,
427,1495,1169,1748992,0.014388643,0.09224613755941391,0.14775390625,0.0001,2130,17.369825315475463,0.9562264680862427,0.2,74.27143487930297,-0.01377393584116362,33.739173889160156,1000.0,1737.322998046875,,
428,1481,1183,1753088,0.009562359,0.0922548696398735,0.070751953125,0.0001,2135,17.368963384628294,0.9104917049407959,0.2,175.62096691131592,-0.009639281299314462,62.81178283691406,1000.0,1733.7926025390625,250000,2.7856431747083596
429,1482,1185,1757184,0.0134452,0.09222327172756195,0.11865234375,0.0001,2140,17.370269107818604,0.9436067938804626,0.2,120.5468822479248,-0.013966044166591019,46.22199249267578,1000.0,1733.598876953125,,
430,1481,1189,1761280,0.015055169,0.09216899424791336,0.138916015625,0.0001,2145,17.37915873527527,0.9647462368011475,0.2,90.52464637756347,-0.012511189776705577,37.03324890136719,1000.0,1803.0999755859375,,
431,1482,1191,1765376,0.013641992,0.09212089329957962,0.12587890625,0.0001,2150,17.389123010635377,0.9669843912124634,0.2,89.16022052764893,-0.012498461303766816,40.51740264892578,1000.0,1803.0999755859375,,
432,1482,1193,1769472,0.012056299,0.09209784865379333,0.106787109375,0.0001,2155,17.39658703804016,0.9250882267951965,0.2,111.75711936950684,-0.015138402965385466,41.001766204833984,1000.0,1797.0966796875,,
433,1483,1195,1773568,0.011825761,0.09209123253822327,0.086328125,0.0001,2160,17.399382638931275,0.9453017115592957,0.2,82.50697021484375,-0.012475313700269908,28.532564163208008,1000.0,1770.2886962890625,,
434,1481,1199,1777664,0.012711669,0.09210596978664398,0.112841796875,0.0001,2165,17.39858913421631,0.9392257332801819,0.2,83.50001573562622,-0.013210369402077048,36.94159698486328,1000.0,1790.107666015625,,
435,1482,1201,1781760,0.015852425,0.0920867770910263,0.120556640625,0.0001,2170,17.397604179382324,0.9486735463142395,0.2,60.56475410461426,-0.013424105977173894,24.103681564331055,1000.0,1790.107666015625,,
436,1483,1203,1785856,0.015098455,0.0920257419347763,0.149853515625,0.0001,2175,17.406192541122437,0.9494844079017639,0.2,57.10037355422973,-0.013948672404512762,23.20539665222168,1000.0,1789.435791015625,,
437,1483,1206,1789952,0.014453366,0.09204176813364029,0.124365234375,0.0001,2180,17.41225161552429,0.9444525241851807,0.2,50.24333324432373,-0.011478037445340306,21.58258056640625,1000.0,1778.12060546875,,
438,1482,1210,1794048,0.012887515,0.09205472469329834,0.115771484375,0.0001,2185,17.408370351791383,0.9483988881111145,0.2,56.56289129257202,-0.010980985697824509,23.5346736907959,1000.0,1822.52294921875,,
439,1483,1212,1798144,0.014588038,0.09203258156776428,0.135986328125,0.0001,2190,17.40902190208435,0.9676623940467834,0.2,71.64018030166626,-0.01325907616992481,32.36045455932617,1000.0,1822.52294921875,,
440,1484,1214,1802240,0.014878439,0.0920020341873169,0.11826171875,0.0001,2195,17.415213537216186,0.9809432625770569,0.2,64.50432596206664,-0.010696408210787923,23.613618850708008,1000.0,1822.6925048828125,,
441,1484,1216,1806336,0.014035869,0.09201464056968689,0.163037109375,0.0001,2200,17.417431259155272,0.9858579039573669,0.2,45.311520671844484,-0.012163976847659796,17.301301956176758,1000.0,1818.745361328125,,
442,1483,1220,1810432,0.014858326,0.09203369170427322,0.151708984375,0.0001,2205,17.413715219497682,0.9761451482772827,0.2,73.09212675094605,-0.01351692647440359,27.055309295654297,1000.0,1896.4437255859375,,
443,1484,1222,1814528,0.012794266,0.09207387268543243,0.134765625,0.0001,2210,17.40904908180237,0.9624466300010681,0.2,97.73525848388672,-0.012341263971757143,39.92379379272461,1000.0,1896.4437255859375,,
444,1485,1224,1818624,0.011705508,0.09205242246389389,0.08896484375,0.0001,2215,17.4049072265625,0.9379228353500366,0.2,141.76397819519042,-0.010025711578782648,64.06767272949219,1000.0,1892.59619140625,,
445,1485,1226,1822720,0.011595675,0.09201553463935852,0.09140625,0.0001,2220,17.412181043624877,0.9725027084350586,0.2,67.58558301925659,-0.011998685903381556,23.723857879638672,1000.0,1871.7208251953125,,
446,1484,1230,1826816,0.015797105,0.09196750819683075,0.13720703125,0.0001,2225,17.41981773376465,0.9814242720603943,0.2,55.15564403533936,-0.01424810711760074,21.56996726989746,1000.0,1910.165771484375,,
447,1485,1232,1830912,0.013571268,0.09192612767219543,0.13271484375,0.0001,2230,17.429070949554443,0.9739030003547668,0.2,73.26304111480712,-0.012427454232238233,30.612470626831055,1000.0,1910.165771484375,,
448,1485,1235,1835008,0.012364533,0.09188683331012726,0.082958984375,0.0001,2235,17.43651247024536,0.9841668605804443,0.2,49.724866008758546,-0.011300083948299289,16.65434455871582,1000.0,1904.3096923828125,,
449,1485,1238,1839104,0.010415505,0.09185245633125305,0.11142578125,0.0001,2240,17.444237518310548,0.9806534051895142,0.2,49.67425489425659,-0.009856239159125835,17.178041458129883,1000.0,1880.3017578125,,
450,1483,1242,1843200,0.01400337,0.09180380403995514,0.11640625,0.0001,2245,17.452027750015258,0.9715730547904968,0.2,56.755086708068845,-0.010731479106470942,16.718637466430664,1000.0,1952.5283203125,,
451,1484,1244,1847296,0.014171338,0.09175477176904678,0.134130859375,0.0001,2250,17.462109518051147,0.9522789120674133,0.2,104.06197528839111,-0.013823019771371037,46.89448928833008,1000.0,1952.5283203125,,
452,1485,1246,1851392,0.011635709,0.09173028916120529,0.103857421875,0.0001,2255,17.46978039741516,0.9670774340629578,0.2,79.02208757400513,-0.010975450521800666,27.241676330566406,1000.0,1964.2828369140625,,
453,1485,1249,1855488,0.010871759,0.09170952439308167,0.11416015625,0.0001,2260,17.47419490814209,0.9682665467262268,0.2,85.35297002792359,-0.011686605488648638,33.38053512573242,1000.0,1941.77587890625,,
454,1483,1253,1859584,0.011913879,0.0916987732052803,0.125830078125,0.0001,2265,17.477540159225462,0.972588062286377,0.2,82.64300231933593,-0.014778485480928794,32.30988693237305,1000.0,1971.9141845703125,,
455,1484,1255,1863680,0.01135894,0.0917053073644638,0.09013671875,0.0001,2270,17.478400945663452,0.9629701375961304,0.2,105.71581478118897,-0.011785683414200322,44.519752502441406,1000.0,1971.9141845703125,,
456,1485,1257,1867776,0.013395224,0.09166278690099716,0.125634765625,0.0001,2275,17.48051075935364,0.970889151096344,0.2,92.88542079925537,-0.013791186409071088,38.224632263183594,1000.0,1975.2540283203125,,
457,1485,1260,1871872,0.010095188,0.09166761487722397,0.081787109375,0.0001,2280,17.486126470565797,0.9661298394203186,0.2,89.67364292144775,-0.010336469992762432,39.076934814453125,1000.0,1939.1700439453125,,
458,1484,1263,1875968,0.011614211,0.09165498614311218,0.098388671875,0.0001,2285,17.485406112670898,0.9642595648765564,0.2,87.42152347564698,-0.01130939832655713,32.402587890625,1000.0,2003.1708984375,,
459,1484,1266,1880064,0.012153378,0.09166097640991211,0.106640625,0.0001,2290,17.48675036430359,0.9308766722679138,0.2,102.76862297058105,-0.013386090361746029,43.94833755493164,1000.0,2003.1708984375,,
460,1485,1268,1884160,0.01561465,0.09164394438266754,0.145166015625,0.0001,2295,17.486979484558105,0.9722117185592651,0.2,49.15072088241577,-0.013880132988560945,20.127147674560547,1000.0,2009.3448486328125,,
461,1483,1272,1888256,0.015067602,0.09163369238376617,0.1310546875,0.0001,2300,17.49065046310425,0.9699392318725586,0.2,43.16770167350769,-0.01418224314111285,14.696738243103027,1000.0,2023.9073486328125,,
462,1484,1274,1892352,0.014416929,0.09161267429590225,0.137255859375,0.0001,2305,17.493105363845824,0.957618236541748,0.2,57.56072235107422,-0.012441883509745821,23.07276153564453,1000.0,2023.9073486328125,,
463,1485,1276,1896448,0.012146924,0.09160440415143967,0.116845703125,0.0001,2310,17.49712743759155,0.9563339948654175,0.2,90.91142196655274,-0.011935334926238283,33.793724060058594,1000.0,2015.693603515625,,
464,1485,1279,1900544,0.013002818,0.09160283952951431,0.1166015625,0.0001,2315,17.497653818130495,0.9573529958724976,0.2,102.33567028045654,-0.013804350659484044,34.938045501708984,1000.0,1991.092041015625,,
465,1484,1282,1904640,0.012775967,0.09160396456718445,0.12841796875,0.0001,2320,17.498382329940796,0.9371263980865479,0.2,137.4717462539673,-0.0139219916658476,59.91006851196289,1000.0,1980.0625,,
466,1485,1285,1908736,0.013350546,0.09155640006065369,0.121484375,0.0001,2325,17.50158543586731,0.9463043808937073,0.2,122.20604019165039,-0.012714318034704774,49.23405075073242,1000.0,1980.0625,,
467,1485,1287,1912832,0.011021184,0.09153693169355392,0.07646484375,0.0001,2330,17.510102891921996,0.8989989757537842,0.2,173.2484130859375,-0.010137607262004166,60.56809616088867,1000.0,1977.8701171875,,
468,1486,1289,1916928,0.012795709,0.09153614193201065,0.11416015625,0.0001,2335,17.511150884628297,0.920080304145813,0.2,148.87659339904786,-0.01279158632387407,72.81602478027344,1000.0,1961.5531005859375,,
469,1484,1294,1921024,0.0137036275,0.09152837842702866,0.13740234375,0.0001,2340,17.5120728969574,0.9206594228744507,0.2,153.96757831573487,-0.01353924097493291,71.22080993652344,1000.0,1962.9658203125,,
470,1484,1296,1925120,0.014645407,0.09154673665761948,0.146044921875,0.0001,2345,17.5123309135437,0.94535231590271,0.2,123.18000774383545,-0.01402406902925577,56.43821716308594,1000.0,1962.9658203125,,
471,1485,1299,1929216,0.009348761,0.09154634177684784,0.057568359375,0.0001,2350,17.508845186233522,0.9284610748291016,0.2,173.61112365722656,-0.007847671443596483,69.92066955566406,1000.0,1946.575927734375,,
472,1485,1301,1933312,0.0113355275,0.0915384590625763,0.08544921875,0.0001,2355,17.510434722900392,0.9407105445861816,0.2,150.02943820953368,-0.011191458348184824,58.35457229614258,1000.0,1926.6025390625,,
473,1484,1305,1937408,0.011131088,0.09155236184597015,0.098388671875,0.0001,2360,17.510759925842287,0.9602835774421692,0.2,79.81982383728027,-0.012553137948270888,29.107803344726562,1000.0,1875.74267578125,,
474,1485,1307,1941504,0.012040042,0.09154766798019409,0.101904296875,0.0001,2365,17.508648347854614,0.9501585960388184,0.2,95.46436157226563,-0.011295778804924338,33.45951461791992,1000.0,1875.74267578125,,
475,1485,1309,1945600,0.011201328,0.09152713418006897,0.09638671875,0.0001,2370,17.51121950149536,0.9327077269554138,0.2,80.5033935546875,-0.010300453501986339,33.95467758178711,1000.0,1867.5550537109375,,
476,1486,1311,1949696,0.012130994,0.0914662554860115,0.085546875,0.0001,2375,17.51766014099121,0.9555442333221436,0.2,64.11694946289063,-0.010851654841098934,24.40886116027832,1000.0,1855.5802001953125,,
477,1485,1315,1953792,0.013975431,0.0914091169834137,0.099658203125,0.0001,2380,17.531768989562988,0.9560491442680359,0.2,59.84009656906128,-0.00913593485020101,20.805381774902344,1000.0,1880.1768798828125,,
478,1486,1316,1957888,0.014556138,0.09139660000801086,0.1412109375,0.0001,2385,17.538123083114623,0.9652494192123413,0.2,62.8205659866333,-0.012198287234059534,25.90296173095703,1000.0,1880.1768798828125,,
479,1487,1319,1961984,0.01004704,0.0913887545466423,0.077392578125,0.0001,2390,17.5401282787323,0.9503782987594604,0.2,95.77248764038086,-0.009798572410363703,35.61690902709961,1000.0,1867.97314453125,,
480,1487,1321,1966080,0.012632158,0.09141707420349121,0.11171875,0.0001,2395,17.53951230049133,0.9489368200302124,0.2,86.29406337738037,-0.012139174703042955,33.18364334106445,1000.0,1875.009521484375,,
481,1486,1325,1970176,0.011464542,0.09142434597015381,0.10859375,0.0001,2400,17.533773183822632,0.9214890003204346,0.2,117.42865924835205,-0.01104706801706925,50.41898727416992,1000.0,1877.05908203125,,
482,1487,1327,1974272,0.011904653,0.0914110317826271,0.09140625,0.0001,2405,17.535175132751466,0.8990236520767212,0.2,135.48045024871826,-0.010572922008577734,59.89757537841797,1000.0,1877.05908203125,,
483,1488,1329,1978368,0.010381264,0.09140439331531525,0.10517578125,0.0001,2410,17.53713583946228,0.87649005651474,0.2,174.44659519195557,-0.012714181165210902,72.06097412109375,1000.0,1870.053955078125,,
484,1488,1332,1982464,0.014361173,0.09139574319124222,0.13037109375,0.0001,2415,17.53891396522522,0.9322335720062256,0.2,82.48112192153931,-0.013495461462298408,32.5202751159668,1000.0,1868.1473388671875,,
485,1487,1335,1986560,0.012105036,0.09133579581975937,0.12451171875,0.0001,2420,17.544307708740234,0.9349638223648071,0.2,93.19436378479004,-0.013932330440729857,38.55609893798828,1000.0,1867.452392578125,,
486,1488,1337,1990656,0.013188418,0.09131629019975662,0.128466796875,0.0001,2425,17.554327630996703,0.9396094083786011,0.2,93.28503684997558,-0.012895748845767229,38.822845458984375,1000.0,1867.452392578125,,
487,1488,1339,1994752,0.0113107,0.09132614731788635,0.10830078125,0.0001,2430,17.5538010597229,0.9018720984458923,0.2,117.08670330047607,-0.009840195626020431,44.95694351196289,1000.0,1851.5838623046875,,
488,1489,1342,1998848,0.013312252,0.09130731970071793,0.11767578125,0.0001,2435,17.5539617061615,0.9354076385498047,0.2,64.91895170211792,-0.012913348129950463,26.685924530029297,1000.0,1830.8359375,,
489,1473,1358,2002944,0.016325418,0.0912865698337555,0.1505859375,0.0001,2440,17.558916282653808,0.9589976668357849,0.2,48.49149513244629,-0.014456671138759702,16.935945510864258,1000.0,1827.1229248046875,250000,2.7702078445935583
490,1473,1361,2007040,0.0138736665,0.09124289453029633,0.153173828125,0.0001,2445,17.564011526107787,0.9444500207901001,0.2,89.67047424316407,-0.012781502306461334,36.069496154785156,1000.0,1827.1229248046875,,
491,1473,1365,2011136,0.01266806,0.09120694547891617,0.12236328125,0.0001,2450,17.573278379440307,0.937604546546936,0.2,98.52102031707764,-0.011636570910923183,36.993873596191406,1000.0,1828.8809814453125,,
492,1473,1367,2015232,0.01523553,0.0911557525396347,0.155126953125,0.0001,2455,17.581801843643188,0.9504328966140747,0.2,80.63778114318848,-0.014309245167532935,33.341915130615234,1000.0,1819.1519775390625,,
493,1471,1372,2019328,0.011387882,0.09113015979528427,0.113037109375,0.0001,2460,17.5901300907135,0.95428466796875,0.2,71.42946510314941,-0.011209834855981171,27.86008644104004,1000.0,1822.5054931640625,,
494,1471,1374,2023424,0.0122418,0.09110765159130096,0.108837890625,0.0001,2465,17.594848299026488,0.9310189485549927,0.2,109.61261787414551,-0.010018879640847444,47.1717643737793,1000.0,1822.5054931640625,,
495,1472,1377,2027520,0.011573598,0.09109165519475937,0.078271484375,0.0001,2470,17.59867730140686,0.9561691880226135,0.2,94.49616737365723,-0.010043643420794978,37.41774368286133,1000.0,1827.4423828125,,
496,1472,1379,2031616,0.014453938,0.09108611941337585,0.125439453125,0.0001,2475,17.600903224945068,0.9659426212310791,0.2,77.77267274856567,-0.012821945175528527,31.340129852294922,1000.0,1805.4652099609375,,
497,1471,1383,2035712,0.015010855,0.09109941869974136,0.152294921875,0.0001,2480,17.600464200973512,0.961222231388092,0.2,72.31572074890137,-0.011560740822460502,31.684932708740234,1000.0,1848.391357421875,,
498,1471,1385,2039808,0.016162455,0.09109599143266678,0.160400390625,0.0001,2485,17.59879322052002,0.9394500255584717,0.2,107.88572406768799,-0.015009603241924196,43.49117660522461,992.9,1832.67529296875,,
499,1472,1387,2043904,0.010316624,0.09108084440231323,0.094775390625,0.0001,2490,17.60160536766052,0.9030959010124207,0.2,196.35904655456542,-0.00941419179434888,111.28919982910156,992.9,1840.9090576171875,,
500,1471,1391,2048000,0.014026627,0.09105805307626724,0.134814453125,0.0001,2495,17.605016946792603,0.969004213809967,0.2,67.90968990325928,-0.01349983440595679,29.077579498291016,992.9,1847.25,,
501,1472,1393,2052096,0.014004787,0.09106090664863586,0.124267578125,0.0001,2500,17.607729291915895,0.9615472555160522,0.2,69.85259008407593,-0.013039453566307202,30.887475967407227,992.9,1847.25,,
502,1472,1396,2056192,0.013397165,0.09105043858289719,0.11220703125,0.0001,2505,17.607592344284058,0.9009160399436951,0.2,87.45079803466797,-0.012190178176388145,36.58824157714844,992.9,1836.9559326171875,,
503,1473,1398,2060288,0.011425847,0.0910651907324791,0.104296875,0.0001,2510,17.60891184806824,0.8986162543296814,0.2,105.16912994384765,-0.011338699446059763,45.937042236328125,992.9,1823.9898681640625,,
504,1472,1402,2064384,0.0113006495,0.09105148911476135,0.072412109375,0.0001,2515,17.606672716140746,0.9355500340461731,0.2,74.13979043960572,-0.009015430358704179,26.389759063720703,992.9,1816.6182861328125,,
505,1473,1404,2068480,0.012967577,0.09105085581541061,0.116845703125,0.0001,2520,17.6094379901886,0.9441605806350708,0.2,74.59449129104614,-0.012685988645534963,26.8055477142334,992.9,1816.6182861328125,,
506,1473,1406,2072576,0.0121579375,0.09105240553617477,0.11630859375,0.0001,2525,17.60887417793274,0.8631981611251831,0.2,123.74689064025878,-0.011991520936135203,48.62811279296875,992.9,1816.126708984375,,
507,1473,1409,2076672,0.014794406,0.09101396054029465,0.12744140625,0.0001,2530,17.611406517028808,0.9130373597145081,0.2,82.42352867126465,-0.012857684842310846,27.130815505981445,992.9,1809.921142578125,,
508,1472,1412,2080768,0.01847951,0.09099355340003967,0.1873046875,0.0001,2535,17.61896061897278,0.9524163603782654,0.2,53.43238363265991,-0.01383799749892205,24.760120391845703,992.9,1804.561767578125,,
509,1472,1415,2084864,0.017879616,0.09096875041723251,0.177294921875,0.0001,2540,17.62246403694153,0.96177738904953,0.2,64.1596778869629,-0.014526459542685189,27.079626083374023,992.9,1807.385009765625,,
510,1473,1417,2088960,0.013788113,0.09093119949102402,0.155810546875,0.0001,2545,17.628652334213257,0.9541723728179932,0.2,99.52778358459473,-0.01176367697189562,40.03567123413086,992.9,1802.692138671875,,
511,1474,1419,2093056,0.01220233,0.09092535078525543,0.125048828125,0.0001,2550,17.633589601516725,0.9587602615356445,0.2,97.8327299118042,-0.011483107908861711,32.28969192504883,992.9,1784.3134765625,,
512,1473,1423,2097152,0.01388121,0.09091740101575851,0.142578125,0.0001,2555,17.634462928771974,0.9625474810600281,0.2,87.8976276397705,-0.013818519620690495,34.04651641845703,992.9,1797.440185546875,,
513,1473,1426,2101248,0.012841095,0.09090045094490051,0.12919921875,0.0001,2560,17.63721079826355,0.9462478160858154,0.2,112.92881889343262,-0.013742328714579343,44.22258377075195,990.82,1778.2891845703125,,
514,1474,1427,2105344,0.008806201,0.09090574085712433,0.05244140625,0.0001,2565,17.638506984710695,0.8717318773269653,0.2,226.33389377593994,-0.008560016634874046,114.16544342041016,990.82,1778.2891845703125,,
515,1475,1430,2109440,0.0115111,0.09093087911605835,0.099267578125,0.0001,2570,17.635464715957642,0.9460896849632263,0.2,94.40506515502929,-0.012402878340799362,33.7215461730957,990.82,1771.786865234375,,
516,1474,1433,2113536,0.01289718,0.09092246741056442,0.123046875,0.0001,2575,17.633061599731445,0.9616463780403137,0.2,69.41581993103027,-0.012437150714686141,26.316158294677734,990.82,1807.9541015625,,
517,1474,1435,2117632,0.014499905,0.09093157947063446,0.137744140625,0.0001,2580,17.63357448577881,0.9604536294937134,0.2,96.35837364196777,-0.012700316309928895,44.73353576660156,990.82,1782.1231689453125,,
518,1475,1437,2121728,0.01229658,0.0909324437379837,0.110400390625,0.0001,2585,17.63131399154663,0.9482095837593079,0.2,115.25050659179688,-0.014284649910405279,40.491249084472656,990.82,1782.1231689453125,,
519,1476,1440,2125824,0.01319639,0.09091857075691223,0.120751953125,0.0001,2590,17.632852840423585,0.9536973834037781,0.2,99.49423751831054,-0.014648482820484787,37.50524139404297,990.82,1771.8634033203125,,
520,1475,1443,2129920,0.014896167,0.0909024178981781,0.130859375,0.0001,2595,17.636259031295776,0.965653657913208,0.2,73.94714698791503,-0.015107870672363789,30.958913803100586,990.82,1803.919189453125,,
521,1475,1445,2134016,0.012411488,0.09087541699409485,0.118408203125,0.0001,2600,17.64019646644592,0.9422875642776489,0.2,100.37773895263672,-0.012813239940442145,47.751922607421875,990.82,1797.3790283203125,,
522,1476,1447,2138112,0.008494768,0.09086613357067108,0.0529296875,0.0001,2605,17.6447705745697,0.8928709626197815,0.2,150.4376178741455,-0.007943677686853334,60.700355529785156,990.82,1797.3790283203125,,
523,1477,1450,2142208,0.012302164,0.09084608405828476,0.087939453125,0.0001,2610,17.64651894569397,0.9089055061340332,0.2,155.10789337158204,-0.012407699308823794,59.62979507446289,990.82,1787.94970703125,,
524,1475,1454,2146304,0.011285212,0.09082405269145966,0.10615234375,0.0001,2615,17.65167350769043,0.9147120118141174,0.2,142.67528533935547,-0.011311156587908044,55.822505950927734,997.92,1771.29052734375,,
525,1475,1456,2150400,0.01263183,0.0907963290810585,0.10830078125,0.0001,2620,17.656228828430176,0.9051944613456726,0.2,139.03294982910157,-0.011707488365937024,67.87032318115234,997.92,1758.80419921875,,
526,1476,1459,2154496,0.015710264,0.09080449491739273,0.1390625,0.0001,2625,17.65866003036499,0.9263196587562561,0.2,85.59538230895996,-0.013563784665893763,29.88847541809082,997.92,1758.80419921875,,
527,1477,1461,2158592,0.014822368,0.09077770262956619,0.124462890625,0.0001,2630,17.659023809432984,0.9331960678100586,0.2,87.15540561676025,-0.013264248007908463,36.29527282714844,997.92,1744.1455078125,,
528,1476,1465,2162688,0.0131147355,0.09074127674102783,0.1142578125,0.0001,2635,17.665833139419554,0.9622673988342285,0.2,68.52226791381835,-0.010983875347301364,26.326818466186523,997.92,1775.35107421875,,
529,1476,1467,2166784,0.012720543,0.09073324501514435,0.112158203125,0.0001,2640,17.67193470001221,0.9565601348876953,0.2,115.85127925872803,-0.011932721454650163,49.47010040283203,997.92,1769.5107421875,,
530,1477,1469,2170880,0.013007522,0.09071042388677597,0.11376953125,0.0001,2645,17.673705720901488,0.9635782241821289,0.2,101.53273677825928,-0.013104599504731595,42.985931396484375,997.92,1769.5107421875,,
531,1477,1471,2174976,0.0127038555,0.09069851785898209,0.11455078125,0.0001,2650,17.677994775772095,0.960005521774292,0.2,101.90317440032959,-0.01411398792406544,39.563804626464844,997.92,1750.028076171875,,
532,1477,1475,2179072,0.01230154,0.09068235009908676,0.114794921875,0.0001,2655,17.68052258491516,0.975035548210144,0.2,67.41418018341065,-0.011646540404763072,27.85889434814453,997.92,1767.6160888671875,,
533,1477,1477,2183168,0.013313129,0.09068227559328079,0.133642578125,0.0001,2660,17.68268976211548,0.928822934627533,0.2,123.0252592086792,-0.012821636843727901,49.631778717041016,997.92,1768.7947998046875,,
534,1478,1479,2187264,0.013201382,0.0906737744808197,0.109716796875,0.0001,2665,17.683047437667845,0.944236159324646,0.2,121.05299949645996,-0.011851723375730216,54.92534255981445,997.92,1768.7947998046875,,
535,1478,1481,2191360,0.014399423,0.09067431092262268,0.112255859375,0.0001,2670,17.684093284606934,0.9343144297599792,0.2,148.10531673431396,-0.013424419052898883,60.85728454589844,997.92,1760.6741943359375,,
536,1476,1486,2195456,0.015202566,0.0906432569026947,0.1369140625,0.0001,2675,17.68640179634094,0.9741625785827637,0.2,60.24822759628296,-0.013821686012670397,21.344253540039062,997.92,1794.94189453125,,
537,1476,1489,2199552,0.014706269,0.09064661711454391,0.152490234375,0.0001,2680,17.69015803337097,0.93686443567276,0.2,143.01746158599855,-0.013845014397520571,59.26887512207031,997.92,1805.165771484375,,
538,1477,1491,2203648,0.01221058,0.0906396210193634,0.1134765625,0.0001,2685,17.689716053009032,0.9652611613273621,0.2,80.97707319259644,-0.010716310160933062,28.508155822753906,997.92,1805.165771484375,,
539,1478,1493,2207744,0.015993362,0.09061196446418762,0.151953125,0.0001,2690,17.693484926223753,0.9656078815460205,0.2,75.28593511581421,-0.01349936326732859,26.895551681518555,997.92,1810.7645263671875,,
540,1477,1497,2211840,0.015591886,0.09055519104003906,0.138427734375,0.0001,2695,17.701696586608886,0.9757310152053833,0.2,61.266899490356444,-0.011494584707543254,24.308103561401367,1000.0,1827.6580810546875,,
541,1477,1499,2215936,0.014285463,0.09049319475889206,0.1462890625,0.0001,2700,17.71227765083313,0.9509184956550598,0.2,67.07080030441284,-0.011939768947195261,25.66041374206543,1000.0,1834.19140625,,
542,1478,1501,2220032,0.017081756,0.09047181159257889,0.159765625,0.0001,2705,17.72331085205078,0.9671481251716614,0.2,43.73681716918945,-0.013924696843605488,18.280315399169922,1000.0,1834.19140625,,
543,1477,1505,2224128,0.015483142,0.09040827304124832,0.1595703125,0.0001,2710,17.72845287322998,0.9645887613296509,0.2,48.63237943649292,-0.012841098103672266,16.546833038330078,1000.0,1864.522705078125,,
544,1478,1507,2228224,0.017758021,0.09032506495714188,0.16015625,0.0001,2715,17.746181631088255,0.968152642250061,0.2,45.96547031402588,-0.012012115586549044,17.750818252563477,1000.0,1864.522705078125,,
545,1478,1509,2232320,0.014927424,0.0903320163488388,0.146728515625,0.0001,2720,17.75524582862854,0.9681540131568909,0.2,62.095296955108644,-0.012350680318195372,23.72275733947754,1000.0,1855.318603515625,,
546,1479,1511,2236416,0.013559983,0.09032014012336731,0.088818359375,0.0001,2725,17.753826475143434,0.946451723575592,0.2,132.16427688598634,-0.010954660696734208,56.59861755371094,1000.0,1842.6182861328125,,
547,1478,1515,2240512,0.015049442,0.0903172492980957,0.10791015625,0.0001,2730,17.756736469268798,0.9642258286476135,0.2,67.13374557495118,-0.0133435046474915,23.01367950439453,1000.0,1837.986083984375,,
548,1479,1517,2244608,0.010714263,0.0903068259358406,0.08623046875,0.0001,2735,17.757312774658203,0.9460726380348206,0.2,110.39684371948242,-0.011127163667697459,46.24680709838867,1000.0,1837.986083984375,,
549,1479,1519,2248704,0.010853415,0.09026447683572769,0.0796875,0.0001,2740,17.762141084671022,0.9528828859329224,0.2,119.45627479553222,-0.010049915866693482,44.096405029296875,1000.0,1839.764892578125,,
550,1468,1533,2252800,0.012629028,0.09023744612932205,0.117626953125,0.0001,2745,17.77009415626526,0.9529195427894592,0.2,103.6379201889038,-0.014180472888983785,35.93559265136719,1000.0,1812.7783203125,250000,2.7636078288345907
551,1468,1537,2256896,0.012988318,0.09022829681634903,0.121875,0.0001,2750,17.773618268966676,0.949457585811615,0.2,101.4889030456543,-0.013931689481250942,42.87084197998047,999.68,1843.2080078125,,
552,1468,1539,2260992,0.013896009,0.09023812413215637,0.155615234375,0.0001,2755,17.773861503601076,0.9584321975708008,0.2,97.54402933120727,-0.015865154832135887,33.35613250732422,999.68,1852.07373046875,,
553,1468,1542,2265088,0.011803175,0.09025536477565765,0.098193359375,0.0001,2760,17.770519924163818,0.9532926678657532,0.2,111.0862398147583,-0.012001436040736734,40.5084228515625,999.68,1850.8065185546875,,
554,1469,1544,2269184,0.011943576,0.09025056660175323,0.10458984375,0.0001,2765,17.768832635879516,0.9535535573959351,0.2,128.00052871704102,-0.011502851801924407,48.81258010864258,999.68,1826.57470703125,,
555,1468,1547,2273280,0.012775528,0.09023650735616684,0.10322265625,0.0001,2770,17.770530700683594,0.9460848569869995,0.2,133.1515661239624,-0.01144117245275993,59.54957962036133,999.68,1840.431884765625,,
556,1468,1550,2277376,0.014773416,0.09026024490594864,0.14169921875,0.0001,2775,17.770499801635744,0.9455245733261108,0.2,129.238934135437,-0.012616363842971623,56.355201721191406,999.68,1819.06005859375,,
557,1469,1552,2281472,0.013236784,0.09028026461601257,0.123583984375,0.0001,2780,17.76514849662781,0.93761146068573,0.2,147.64496097564697,-0.01287178467027843,60.511661529541016,999.68,1819.06005859375,,
558,1470,1554,2285568,0.012926647,0.09027019888162613,0.101513671875,0.0001,2785,17.764001655578614,0.9783650040626526,0.2,49.85919895172119,-0.011041962087620049,18.47904396057129,999.68,1817.3214111328125,,
559,1469,1557,2289664,0.014013028,0.09026031941175461,0.14541015625,0.0001,2790,17.76724066734314,0.9795436263084412,0.2,45.82659215927124,-0.011624657455831766,19.77887725830078,999.68,1834.8087158203125,,
560,1470,1560,2293760,0.015364462,0.0902392566204071,0.15625,0.0001,2795,17.769430923461915,0.9697503447532654,0.2,51.302338695526124,-0.011820815678220242,20.520505905151367,999.68,1819.295166015625,,
561,1470,1562,2297856,0.012378478,0.09020496159791946,0.10888671875,0.0001,2800,17.77475748062134,0.9268847703933716,0.2,78.85570125579834,-0.00999303498538211,32.043495178222656,999.68,1819.295166015625,,
562,1471,1564,2301952,0.014892419,0.09017229080200195,0.12919921875,0.0001,2805,17.782366466522216,0.9550548195838928,0.2,51.74104299545288,-0.013145556172821671,19.23177719116211,999.68,1800.5120849609375,,
563,1470,1568,2306048,0.016443057,0.09011675417423248,0.156982421875,0.0001,2810,17.79063892364502,0.9267464876174927,0.2,70.50878276824952,-0.013379466580227017,32.199302673339844,999.68,1780.5433349609375,,
564,1470,1570,2310144,0.015576561,0.09010011702775955,0.15380859375,0.0001,2815,17.79988212585449,0.9181016683578491,0.2,89.05034084320069,-0.015241696016164496,35.51314926147461,999.68,1795.4437255859375,,
565,1471,1572,2314240,0.013613758,0.09008094668388367,0.140380859375,0.0001,2820,17.80233187675476,0.9480822086334229,0.2,77.68177757263183,-0.013082911551464349,28.640960693359375,999.68,1795.4437255859375,,
566,1472,1574,2318336,0.014941638,0.090053491294384,0.151416015625,0.0001,2825,17.808292627334595,0.9525272846221924,0.2,68.24792127609253,-0.013338231516536325,22.530115127563477,999.68,1782.0826416015625,,
567,1471,1578,2322432,0.015736135,0.09006567299365997,0.141943359375,0.0001,2830,17.809976625442506,0.9482677578926086,0.2,78.69747867584229,-0.013160282489843666,33.437705993652344,999.68,1797.4371337890625,,
568,1471,1580,2326528,0.012190038,0.09006664901971817,0.0953125,0.0001,2835,17.807838869094848,0.9352092742919922,0.2,101.98392257690429,-0.010786558943800628,39.690433502197266,999.68,1794.9290771484375,,
569,1472,1582,2330624,0.013149646,0.09007301181554794,0.10400390625,0.0001,2840,17.808090496063233,0.9310136437416077,0.2,103.77728099822998,-0.011790905392263084,40.49039077758789,999.68,1794.9290771484375,,
570,1472,1585,2334720,0.013034989,0.09005308151245117,0.113427734375,0.0001,2845,17.80803461074829,0.9512079358100891,0.2,77.57451887130738,-0.0127137670526281,27.827499389648438,999.68,1773.7271728515625,,
571,1472,1588,2338816,0.014945425,0.09001461416482925,0.15107421875,0.0001,2850,17.815119791030884,0.9664238691329956,0.2,77.19265794754028,-0.01287271489854902,27.228200912475586,999.68,1792.689697265625,,
572,1472,1590,2342912,0.015561059,0.089967280626297,0.171044921875,0.0001,2855,17.82315912246704,0.9757333397865295,0.2,64.21762237548828,-0.014650819409871474,25.57280158996582,999.68,1795.0487060546875,,
573,1473,1592,2347008,0.015785113,0.08993835002183914,0.13291015625,0.0001,2860,17.831449031829834,0.9758750200271606,0.2,78.05144948959351,-0.012777752947295084,31.611268997192383,999.68,1795.0487060546875,,
574,1474,1594,2351104,0.014203299,0.08990791440010071,0.116845703125,0.0001,2865,17.836298179626464,0.9815465211868286,0.2,54.23172750473022,-0.01297346832579933,20.556791305541992,999.68,1766.164794921875,,
575,1473,1598,2355200,0.012513218,0.08987365663051605,0.1095703125,0.0001,2870,17.844158792495726,0.9737590551376343,0.2,76.41570129394532,-0.012371199482004158,29.550325393676758,1000.0,1829.8824462890625,,
576,1473,1600,2359296,0.011196086,0.08986679464578629,0.112841796875,0.0001,2875,17.848029470443727,0.9655518531799316,0.2,91.464892578125,-0.0120317691587843,38.04598617553711,1000.0,1829.255615234375,,
577,1474,1602,2363392,0.011316035,0.08985073119401932,0.091162109375,0.0001,2880,17.850451469421387,0.9439706802368164,0.2,103.75838193893432,-0.01178727587684989,35.761024475097656,1000.0,1829.255615234375,,
578,1474,1605,2367488,0.010948574,0.08983376622200012,0.089453125,0.0001,2885,17.854084396362303,0.9474118947982788,0.2,97.4555850982666,-0.011784359166631475,30.90601348876953,1000.0,1796.2542724609375,,
579,1473,1609,2371584,0.014578371,0.0898163840174675,0.13623046875,0.0001,2890,17.856822061538697,0.9502058029174805,0.2,61.91568717956543,-0.011727494117803872,25.798139572143555,1000.0,1814.23974609375,,
580,1473,1612,2375680,0.012384931,0.08982040733098984,0.1177734375,0.0001,2895,17.85941195487976,0.9182348847389221,0.2,85.62930049896241,-0.013206661786534823,36.26032257080078,1000.0,1798.6373291015625,,
581,1473,1614,2379776,0.012057583,0.08979746699333191,0.109130859375,0.0001,2900,17.85918583869934,0.9306173324584961,0.2,96.9022289276123,-0.012721692898776383,36.62892150878906,1000.0,1798.6373291015625,,
582,1473,1617,2383872,0.013995709,0.08974352478981018,0.109521484375,0.0001,2905,17.868181657791137,0.9371132254600525,0.2,126.87734851837158,-0.012942112737800927,51.956363677978516,1000.0,1798.780517578125,,
583,1472,1621,2387968,0.011231383,0.08976185321807861,0.117626953125,0.0001,2910,17.873627281188966,0.9472677707672119,0.2,121.12979488372802,-0.012747426156420261,53.03183364868164,1000.0,1796.677978515625,,
584,1473,1623,2392064,0.01089214,0.08976088464260101,0.09921875,0.0001,2915,17.869185304641725,0.9216280579566956,0.2,206.87894706726075,-0.012600748694967478,90.09041595458984,1000.0,1771.7471923828125,,
585,1474,1625,2396160,0.011580586,0.08974439650774002,0.076025390625,0.0001,2920,17.871471691131593,0.9293650388717651,0.2,176.63595237731934,-0.011530597566161305,73.65045166015625,1000.0,1771.7471923828125,,
586,1472,1629,2400256,0.011732081,0.08974198251962662,0.084912109375,0.0001,2925,17.87380447387695,0.9601779580116272,0.2,111.69162578582764,-0.012576135864946991,43.694698333740234,1000.0,1764.518798828125,,
587,1473,1632,2404352,0.012698227,0.08971217274665833,0.11943359375,0.0001,2930,17.876091146469115,0.9764205813407898,0.2,72.22513828277587,-0.012087797769345343,28.896865844726562,1000.0,1764.518798828125,,
588,1473,1634,2408448,0.013538092,0.08971229195594788,0.129931640625,0.0001,2935,17.881191968917847,0.9555656313896179,0.2,104.01625957489014,-0.012164915667381138,48.51613235473633,1000.0,1755.6053466796875,,
589,1473,1636,2412544,0.013006692,0.089715376496315,0.11923828125,0.0001,2940,17.880338048934938,0.9550529718399048,0.2,97.27053947448731,-0.009975777845829726,41.19917297363281,1000.0,1744.5897216796875,,
590,1473,1640,2416640,0.016198758,0.08969879150390625,0.14296875,0.0001,2945,17.881903409957886,0.9600128531455994,0.2,84.60639400482178,-0.01468152201268822,35.069068908691406,1000.0,1712.170654296875,,
591,1473,1642,2420736,0.014523677,0.08968090265989304,0.140380859375,0.0001,2950,17.885109853744506,0.9655951261520386,0.2,62.423334789276126,-0.01253910981467925,28.49513816833496,1000.0,1715.860595703125,,
592,1474,1644,2424832,0.011902468,0.08970024436712265,0.107763671875,0.0001,2955,17.88736653327942,0.9634920954704285,0.2,75.17385997772217,-0.010562365787336603,29.781808853149414,1000.0,1704.3438720703125,,
593,1474,1647,2428928,0.016798079,0.08970171213150024,0.1509765625,0.0001,2960,17.88279938697815,0.9811424612998962,0.2,42.05300970077515,-0.015373151359381155,13.673958778381348,1000.0,1702.8638916015625,,
594,1473,1650,2433024,0.014499769,0.08966794610023499,0.15,0.0001,2965,17.886536645889283,0.9847466945648193,0.2,35.4076096534729,-0.01010673985001631,13.909173011779785,1000.0,1722.7242431640625,,
595,1474,1653,2437120,0.015484729,0.08957264572381973,0.17607421875,0.0001,2970,17.89818239212036,0.9786685705184937,0.2,42.45090799331665,-0.013719136733561755,20.564470291137695,1000.0,1713.2215576171875,,
596,1475,1654,2441216,0.0139007345,0.08954045176506042,0.13486328125,0.0001,2975,17.914287757873534,0.9315943121910095,0.2,83.6560131072998,-0.011944463913096115,33.31829833984375,1000.0,1713.2215576171875,,
597,1475,1657,2445312,0.012148105,0.08950476348400116,0.1041015625,0.0001,2980,17.918594455718996,0.95294189453125,0.2,64.43285932540894,-0.011639288812875747,26.79706382751465,1000.0,1710.4073486328125,,
598,1474,1661,2449408,0.015013759,0.0894787609577179,0.127197265625,0.0001,2985,17.926669883728028,0.958215594291687,0.2,57.79798784255981,-0.011070103227393702,22.656707763671875,1000.0,1740.79931640625,,
599,1474,1663,2453504,0.01349408,0.0894668847322464,0.124169921875,0.0001,2990,17.929737758636474,0.960263729095459,0.2,86.72439975738526,-0.010309766346472316,32.626731872558594,1000.0,1725.1932373046875,,
600,1475,1665,2457600,0.013607392,0.0894395262002945,0.11630859375,0.0001,2995,17.933183002471925,0.9793589115142822,0.2,65.80311651229859,-0.010351836285553872,26.709840774536133,1000.0,1725.1932373046875,,
601,1475,1667,2461696,0.015404894,0.089456707239151,0.130908203125,0.0001,3000,17.936677122116087,0.9881267547607422,0.2,46.32052283287048,-0.009687865222804248,16.76972007751465,1000.0,1716.6683349609375,,
602,1475,1671,2465792,0.012345278,0.08947528153657913,0.1279296875,0.0001,3005,17.930703926086426,0.9861218929290771,0.2,59.271442604064944,-0.009916730283293873,22.155445098876953,1000.0,1789.6798095703125,,
603,1475,1673,2469888,0.013937034,0.08945568650960922,0.12001953125,0.0001,3010,17.93102631568909,0.9778153300285339,0.2,75.83525972366333,-0.01200218708254397,30.527666091918945,1000.0,1792.505615234375,,
604,1476,1676,2473984,0.014480464,0.08947572857141495,0.134228515625,0.0001,3015,17.933060121536254,0.9746053218841553,0.2,61.940530109405515,-0.014313226897502317,24.380891799926758,1000.0,1792.505615234375,,
605,1476,1678,2478080,0.013411529,0.08945432305335999,0.09365234375,0.0001,3020,17.93070888519287,0.9582267999649048,0.2,105.34262790679932,-0.011365263856714592,39.990718841552734,1000.0,1775.8167724609375,,
606,1475,1682,2482176,0.015625369,0.08942736685276031,0.129931640625,0.0001,3025,17.937038898468018,0.9616979956626892,0.2,101.33764171600342,-0.012653312052134425,40.51730728149414,1000.0,1796.728759765625,,
607,1475,1684,2486272,0.014521036,0.08941330015659332,0.10166015625,0.0001,3030,17.941190338134767,0.9561514854431152,0.2,111.74716281890869,-0.011478932370664552,44.37101745605469,1000.0,1810.72607421875,,
608,1476,1686,2490368,0.016581856,0.08937028050422668,0.16552734375,0.0001,3035,17.946601486206056,0.9757640361785889,0.2,61.772232913970946,-0.015339759248308837,26.217180252075195,1000.0,1810.72607421875,,
609,1476,1689,2494464,0.018664256,0.08934088051319122,0.173779296875,0.0001,3040,17.95429048538208,0.9809004068374634,0.2,57.16374034881592,-0.014549335383344441,23.552738189697266,1000.0,1799.1600341796875,,
610,1475,1693,2498560,0.01796332,0.08929768949747086,0.1765625,0.0001,3045,17.96032567024231,0.9841894507408142,0.2,42.81359415054321,-0.01439236665610224,16.744781494140625,1000.0,1845.9046630859375,,
611,1464,1708,2502656,0.01790165,0.08926434814929962,0.18974609375,0.0001,3050,17.969411993026732,0.9663938879966736,0.2,81.86850624084472,-0.015047845596564002,37.31993103027344,1000.0,1874.4176025390625,250000,2.7552189854033338
612,1465,1710,2506752,0.015420767,0.08924922347068787,0.1482421875,0.0001,3055,17.973959922790527,0.9721552133560181,0.2,54.595938205718994,-0.013707470247754826,24.029361724853516,1000.0,1874.4176025390625,,
613,1465,1712,2510848,0.015135016,0.08920726925134659,0.117529296875,0.0001,3060,17.978893280029297,0.9793998599052429,0.2,39.142070865631105,-0.01165626080473885,14.605408668518066,1000.0,1870.466552734375,,
614,1465,1716,2514944,0.0131597575,0.08915890753269196,0.14365234375,0.0001,3065,17.988782930374146,0.9724147319793701,0.2,44.749774265289304,-0.011791861662641168,16.41407585144043,1000.0,1954.073486328125,,
615,1465,1718,2519040,0.015567509,0.08915778249502182,0.134423828125,0.0001,3070,17.995376443862916,0.9636996984481812,0.2,75.19624509811402,-0.010929311602376401,31.314870834350586,1000.0,1941.8370361328125,,
616,1466,1720,2523136,0.013960922,0.08913281559944153,0.111279296875,0.0001,3075,17.995967626571655,0.9676518440246582,0.2,75.56356573104858,-0.01167927318601869,30.239946365356445,1000.0,1941.8370361328125,,
617,1466,1722,2527232,0.01341551,0.08909865468740463,0.1333984375,0.0001,3080,18.002666425704955,0.9676628112792969,0.2,63.17100658416748,-0.012719643884338439,26.033315658569336,1000.0,1945.1043701171875,,
618,1465,1726,2531328,0.01351589,0.08908326923847198,0.1115234375,0.0001,3085,18.008580684661865,0.9647769927978516,0.2,62.98460636138916,-0.010569243947975338,25.52652931213379,1000.0,1969.3707275390625,,
619,1466,1729,2535424,0.012698344,0.08905684947967529,0.141455078125,0.0001,3090,18.013075733184813,0.9626159071922302,0.2,82.70593185424805,-0.014395137131214143,36.08159255981445,1000.0,1967.9871826171875,,
620,1467,1730,2539520,0.016169408,0.08906939625740051,0.16533203125,0.0001,3095,18.015253496170043,0.957558810710907,0.2,129.843346786499,-0.016790875591686925,50.168548583984375,1000.0,1967.9871826171875,,
621,1467,1733,2543616,0.016017336,0.08904322981834412,0.155517578125,0.0001,3100,18.01471800804138,0.9551122188568115,0.2,148.05301265716554,-0.015469925478100777,71.9052963256836,1000.0,1972.655517578125,,
622,1466,1737,2547712,0.012289848,0.08904555439949036,0.11416015625,0.0001,3105,18.01880564689636,0.9854065179824829,0.2,44.61299958229065,-0.009686381090432405,16.220563888549805,1000.0,1975.275634765625,,
623,1466,1740,2551808,0.013393277,0.08900895714759827,0.139990234375,0.0001,3110,18.02061734199524,0.9650263786315918,0.2,98.43127307891845,-0.01229526280076243,40.11323928833008,1000.0,1997.3558349609375,,
624,1466,1742,2555904,0.012111161,0.08896999806165695,0.10263671875,0.0001,3115,18.029666709899903,0.9535518288612366,0.2,118.94593982696533,-0.010600470146164298,49.618350982666016,1000.0,1997.3558349609375,,
625,1466,1745,2560000,0.013842444,0.08895936608314514,0.12353515625,0.0001,3120,18.0352885723114,0.9617745280265808,0.2,79.0951376914978,-0.01255351873114705,34.780494689941406,1000.0,1996.8809814453125,,
626,1466,1748,2564096,0.015975641,0.08892377465963364,0.160498046875,0.0001,3125,18.039146423339844,0.979926347732544,0.2,48.2785680770874,-0.012602345994673669,19.60702896118164,1000.0,1996.8809814453125,,
627,1466,1751,2568192,0.013225016,0.08890803903341293,0.14326171875,0.0001,3130,18.045324897766115,0.9731128215789795,0.2,76.69286127090454,-0.014257780625484884,31.07040786743164,1000.0,1999.4056396484375,,
628,1467,1753,2572288,0.01588406,0.08893672376871109,0.170166015625,0.0001,3135,18.044477939605713,0.9863388538360596,0.2,39.98553838729858,-0.014323427411727607,13.292887687683105,1000.0,1999.4056396484375,,
629,1466,1756,2576384,0.015588356,0.08900002390146255,0.185400390625,0.0001,3140,18.034858417510986,0.9841926097869873,0.2,43.87163152694702,-0.012754956062417477,14.691973686218262,1000.0,2005.0384521484375,,
630,1466,1759,2580480,0.015309512,0.08897487819194794,0.172119140625,0.0001,3145,18.028128337860107,0.9833199381828308,0.2,44.05174608230591,-0.010667910479241982,18.43756866455078,1000.0,2005.0384521484375,,
631,1467,1761,2584576,0.009129001,0.0889490470290184,0.101611328125,0.0001,3150,18.036217212677002,0.9321010708808899,0.2,126.89846801757812,-0.006520361977163702,49.351314544677734,1000.0,2007.5001220703125,,
632,1467,1763,2588672,0.012714171,0.0889321118593216,0.0755859375,0.0001,3155,18.039641857147217,0.9414191842079163,0.2,112.73098125457764,-0.010027913784142584,46.42064666748047,1000.0,1995.721435546875,,
633,1466,1767,2592768,0.013075959,0.08892561495304108,0.10419921875,0.0001,3160,18.042341566085817,0.9672406315803528,0.2,75.1645146369934,-0.012747769866837188,30.846097946166992,1000.0,2004.61865234375,,
634,1467,1769,2596864,0.013383048,0.08891770243644714,0.126806640625,0.0001,3165,18.043123769760133,0.9724639654159546,0.2,69.44326915740967,-0.013244441943243146,29.61138153076172,1000.0,2018.9669189453125,,
635,1467,1772,2600960,0.011528036,0.08888927847146988,0.098779296875,0.0001,3170,18.046763372421264,0.9461727142333984,0.2,89.14991455078125,-0.009894632731447927,39.604373931884766,1000.0,2011.4373779296875,,
636,1468,1774,2605056,0.012637551,0.08887821435928345,0.111083984375,0.0001,3175,18.052092504501342,0.9744508266448975,0.2,42.43462057113648,-0.011217955814208836,17.474225997924805,1000.0,2002.00048828125,,
637,1467,1778,2609152,0.013703991,0.08886011689901352,0.128564453125,0.0001,3180,18.054188108444215,0.9779224395751953,0.2,41.08145003318786,-0.009654251177562401,16.910850524902344,1000.0,2010.2906494140625,,
638,1467,1780,2613248,0.018068373,0.08887690305709839,0.16708984375,0.0001,3185,18.056320667266846,0.9570738077163696,0.2,61.22967786788941,-0.012393581413198263,24.313312530517578,1000.0,2016.45263671875,,
639,1468,1782,2617344,0.013266218,0.088888980448246,0.122802734375,0.0001,3190,18.051694059371947,0.8788899183273315,0.2,193.1222686767578,-0.0094424519687891,62.94104766845703,1000.0,2016.45263671875,,
640,1468,1784,2621440,0.013350068,0.08888211846351624,0.11611328125,0.0001,3195,18.0516450881958,0.9532464146614075,0.2,65.73582401275635,-0.01116155938943848,21.809202194213867,1000.0,2005.8370361328125,,
641,1467,1788,2625536,0.014644375,0.0888725221157074,0.125341796875,0.0001,3200,18.05302004814148,0.9359998106956482,0.2,95.56671333312988,-0.011829761526314542,34.34799575805664,1000.0,1998.1312255859375,,
642,1468,1790,2629632,0.014834731,0.08885502070188522,0.12421875,0.0001,3205,18.055839014053344,0.9479779601097107,0.2,79.6027235031128,-0.013332692446419969,31.402013778686523,1000.0,1990.2125244140625,,
643,1468,1792,2633728,0.013018355,0.08884920179843903,0.103955078125,0.0001,3210,18.058060741424562,0.8801571130752563,0.2,176.7345251083374,-0.01273897864157334,70.56341552734375,1000.0,1990.2125244140625,,
644,1469,1795,2637824,0.0155508295,0.0888386145234108,0.142724609375,0.0001,3215,18.06022334098816,0.9366384744644165,0.2,80.18286094665527,-0.014382088324055076,30.085636138916016,1000.0,1990.4637451171875,,
645,1468,1798,2641920,0.013641243,0.08881178498268127,0.125537109375,0.0001,3220,18.063767433166504,0.9592810273170471,0.2,59.24953327178955,-0.01199595567304641,21.224637985229492,1000.0,1973.6348876953125,,
646,1469,1801,2646016,0.0155064445,0.0887598916888237,0.131787109375,0.0001,3225,18.072188997268675,0.9618657827377319,0.2,72.54455976486206,-0.01268051152001135,34.07478332519531,1000.0,1974.7657470703125,,
647,1469,1803,2650112,0.011758897,0.08873016387224197,0.1185546875,0.0001,3230,18.08106846809387,0.9362727999687195,0.2,122.91819820404052,-0.012480805511586368,50.06255340576172,1000.0,1974.7657470703125,,
648,1470,1805,2654208,0.011123173,0.08871772885322571,0.093896484375,0.0001,3235,18.08552384376526,0.9440439939498901,0.2,129.55953826904297,-0.01217106871190481,47.71800231933594,1000.0,1974.2152099609375,,
649,1468,1809,2658304,0.016053025,0.08869772404432297,0.15107421875,0.0001,3240,18.087983322143554,0.9639422297477722,0.2,87.61978559494018,-0.014061279076850041,35.85631561279297,1000.0,1926.217041015625,,
650,1468,1812,2662400,0.015092387,0.08869145810604095,0.169091796875,0.0001,3245,18.09127688407898,0.9505736827850342,0.2,100.71566963195801,-0.016537574969697745,48.274417877197266,1000.0,1928.579345703125,,
651,1469,1814,2666496,0.013373325,0.08868750929832458,0.0916015625,0.0001,3250,18.092292165756227,0.9539111256599426,0.2,67.63841724395752,-0.009906729904469103,23.245553970336914,1000.0,1928.579345703125,,
652,1469,1817,2670592,0.014843842,0.08867979794740677,0.12705078125,0.0001,3255,18.09380865097046,0.9127020835876465,0.2,123.2790060043335,-0.01366425990127027,45.669219970703125,1000.0,1921.384033203125,,
653,1468,1821,2674688,0.016105251,0.08861524611711502,0.141064453125,0.0001,3260,18.09927535057068,0.9727188348770142,0.2,42.77380504608154,-0.013417623727582395,17.461030960083008,1000.0,1971.9097900390625,,
654,1469,1823,2678784,0.010088628,0.08859782665967941,0.1041015625,0.0001,3265,18.11105532646179,0.9098725318908691,0.2,133.96399211883545,-0.007157755910884589,53.92959213256836,1000.0,1966.2362060546875,,
655,1469,1825,2682880,0.010355629,0.08859755098819733,0.066064453125,0.0001,3270,18.111318349838257,0.926338255405426,0.2,95.28207187652588,-0.008395476356963628,35.6414794921875,1000.0,1966.2362060546875,,
656,1469,1828,2686976,0.014077569,0.08858456462621689,0.132861328125,0.0001,3275,18.113009691238403,0.9124337434768677,0.2,145.48166751861572,-0.014196053764317184,61.929508209228516,1000.0,1961.48974609375,,
657,1468,1832,2691072,0.01273579,0.08856816589832306,0.132958984375,0.0001,3280,18.116202354431152,0.9023158550262451,0.2,162.37205677032472,-0.014521079557016491,62.71881866455078,1000.0,1940.7711181640625,,
658,1468,1834,2695168,0.014601291,0.08854938298463821,0.14296875,0.0001,3285,18.119420194625853,0.9153479933738708,0.2,115.6383243560791,-0.013385508756618947,47.93015670776367,1000.0,1909.7193603515625,,
659,1469,1837,2699264,0.008926955,0.08853855729103088,0.05595703125,0.0001,3290,18.122392988204957,0.8821527361869812,0.2,123.01160163879395,-0.006890663306694478,43.52299880981445,998.48,1912.477294921875,,
660,1469,1839,2703360,0.013136695,0.0885615199804306,0.095654296875,0.0001,3295,18.121738290786745,0.909146249294281,0.2,144.15466556549072,-0.010798456694465131,40.71450424194336,998.48,1906.23779296875,,
661,1468,1843,2707456,0.011856137,0.0885283574461937,0.08505859375,0.0001,3300,18.12055559158325,0.9680717587471008,0.2,56.421874618530275,-0.009064789646072314,21.171436309814453,998.48,1911.115966796875,,
662,1469,1845,2711552,0.016449604,0.08852192014455795,0.157861328125,0.0001,3305,18.127042150497438,0.9547174572944641,0.2,50.41271343231201,-0.013231549301417544,19.451257705688477,998.48,1906.2210693359375,,
663,1469,1848,2715648,0.015814466,0.08851984143257141,0.150634765625,0.0001,3310,18.126652431488036,0.936482846736908,0.2,65.51148309707642,-0.011918351170606911,28.791828155517578,998.48,1891.7919921875,,
664,1469,1850,2719744,0.017051712,0.0885063037276268,0.1609375,0.0001,3315,18.127895450592042,0.9338046312332153,0.2,90.17156991958618,-0.015065737609984354,46.115699768066406,998.48,1886.8253173828125,,
665,1468,1854,2723840,0.011952619,0.08851310610771179,0.10986328125,0.0001,3320,18.129999494552614,0.9381098747253418,0.2,84.94999952316284,-0.011640767741482705,28.369461059570312,998.48,1899.831298828125,,
666,1469,1856,2727936,0.012379085,0.08849167823791504,0.12275390625,0.0001,3325,18.129888916015624,0.9139086604118347,0.2,133.19490089416504,-0.014404514175839721,49.28807067871094,998.48,1900.0797119140625,,
667,1469,1859,2732032,0.0107347,0.08849328011274338,0.0787109375,0.0001,3330,18.13337607383728,0.8512242436408997,0.2,278.7668701171875,-0.011074940301477909,113.96293640136719,998.48,1872.10595703125,,
668,1468,1863,2736128,0.012094889,0.088485948741436,0.098046875,0.0001,3335,18.132874917984008,0.842979371547699,0.2,204.68748474121094,-0.012353336357045918,84.02708435058594,998.48,1839.778076171875,,
669,1468,1865,2740224,0.012848038,0.08848163485527039,0.1115234375,0.0001,3340,18.13466658592224,0.7993136644363403,0.2,191.90720138549804,-0.013502308569150046,70.16126251220703,998.48,1839.778076171875,,
670,1468,1868,2744320,0.007904435,0.08847873657941818,0.051025390625,0.0001,3345,18.135052013397218,0.9071292877197266,0.2,189.98925151824952,-0.008389458141755313,68.84461212158203,997.36,1813.228759765625,,
671,1469,1870,2748416,0.008540349,0.08846565335988998,0.056005859375,0.0001,3350,18.136367988586425,0.9206461906433105,0.2,192.15036239624024,-0.011171974445460364,65.16442108154297,997.36,1813.228759765625,,
672,1459,1885,2752512,0.012464684,0.0884517952799797,0.096728515625,0.0001,3355,18.139102840423583,0.9571728706359863,0.2,96.91699829101563,-0.012389020365662872,33.131587982177734,997.36,1844.66552734375,250000,2.744835282903646
673,1460,1887,2756608,0.015661322,0.08842217177152634,0.1384765625,0.0001,3360,18.143736791610717,0.9600017070770264,0.2,94.6358772277832,-0.01315807483624667,38.734375,997.36,1844.66552734375,,
674,1460,1890,2760704,0.014324312,0.08842436224222183,0.13681640625,0.0001,3365,18.14780683517456,0.927613377571106,0.2,95.03755035400391,-0.012505885417340323,38.61808395385742,997.36,1823.87939453125,,
675,1461,1892,2764800,0.015993686,0.08841463178396225,0.142333984375,0.0001,3370,18.147312450408936,0.9595829844474792,0.2,54.82449741363526,-0.012677892798092217,19.417028427124023,997.36,1823.87939453125,,
676,1460,1895,2768896,0.018240776,0.0884207934141159,0.178564453125,0.0001,3375,18.147362804412843,0.9575220942497253,0.2,59.20544033050537,-0.014962678198935464,21.53937530517578,997.36,1800.2132568359375,,
677,1460,1898,2772992,0.01744406,0.08841543644666672,0.177001953125,0.0001,3380,18.14814486503601,0.9617165923118591,0.2,52.741766166687015,-0.012920246610883623,21.48539161682129,997.36,1796.9034423828125,,
678,1461,1900,2777088,0.016497683,0.08839990198612213,0.178515625,0.0001,3385,18.150931692123415,0.9704663753509521,0.2,46.45719242095947,-0.0128057762660319,19.270362854003906,997.36,1773.6038818359375,,
679,1461,1902,2781184,0.016355272,0.08840035647153854,0.135107421875,0.0001,3390,18.15426125526428,0.9778409600257874,0.2,42.76409120559693,-0.01060627544648014,15.599868774414062,997.36,1764.63818359375,,
680,1461,1906,2785280,0.015669802,0.08833561092615128,0.1654296875,0.0001,3395,18.15710391998291,0.9842336773872375,0.2,35.66953158378601,-0.009222996869357302,14.324265480041504,997.36,1806.3922119140625,,
681,1461,1908,2789376,0.015981263,0.08828195184469223,0.16806640625,0.0001,3400,18.172547817230225,0.9844743609428406,0.2,45.66334285736084,-0.011910307710058987,19.416950225830078,997.36,1807.958740234375,,
682,1462,1910,2793472,0.013571858,0.08824850618839264,0.12412109375,0.0001,3405,18.179980182647704,0.9719616174697876,0.2,51.85685710906982,-0.012133297161199152,19.35335922241211,997.36,1801.06787109375,,
683,1462,1913,2797568,0.014610576,0.08824007213115692,0.1380859375,0.0001,3410,18.18563814163208,0.9628590941429138,0.2,68.54386510849,-0.012782485946081579,25.94668960571289,997.36,1791.8017578125,,
684,1461,1916,2801664,0.016995925,0.08822938799858093,0.17431640625,0.0001,3415,18.186446714401246,0.9716060757637024,0.2,55.62916202545166,-0.015841007872950286,20.96730613708496,998.88,1851.76904296875,,
685,1461,1919,2805760,0.013689335,0.08822394907474518,0.137109375,0.0001,3420,18.188328504562378,0.9457277059555054,0.2,86.91360130310059,-0.011838890356011688,35.30886459350586,998.88,1850.9805908203125,,
686,1462,1921,2809856,0.012504279,0.08819573372602463,0.09638671875,0.0001,3425,18.19050841331482,0.9540361762046814,0.2,110.88219757080078,-0.011823531927075238,43.7601318359375,998.88,1840.245361328125,,
687,1462,1923,2813952,0.016171727,0.08820531517267227,0.163330078125,0.0001,3430,18.194002866744995,0.97008216381073,0.2,63.45899982452393,-0.015740833804011346,28.13184928894043,998.88,1838.1239013671875,,
688,1461,1927,2818048,0.01724289,0.08821239322423935,0.17060546875,0.0001,3435,18.190269947052002,0.9667527675628662,0.2,69.13693056106567,-0.013825414999155327,27.791635513305664,998.88,1843.7064208984375,,
689,1461,1930,2822144,0.014125593,0.08821523934602737,0.12734375,0.0001,3440,18.188618898391724,0.9612847566604614,0.2,87.87555561065673,-0.0122571604908444,36.31158447265625,998.88,1840.233642578125,,
690,1462,1932,2826240,0.0122294575,0.08819442242383957,0.113916015625,0.0001,3445,18.190508937835695,0.9695830345153809,0.2,70.74998016357422,-0.010681305624893866,26.11859130859375,998.88,1834.7550048828125,,
691,1462,1934,2830336,0.012899682,0.08816424012184143,0.134716796875,0.0001,3450,18.195620346069337,0.9671486020088196,0.2,69.62679872512817,-0.01336480129393749,23.43191909790039,998.88,1821.443115234375,,
692,1462,1938,2834432,0.012564972,0.08815386891365051,0.13876953125,0.0001,3455,18.200738763809206,0.9558106064796448,0.2,77.65735359191895,-0.012965120637090877,30.111351013183594,998.88,1888.0531005859375,,
693,1462,1940,2838528,0.01024146,0.08813527226448059,0.078125,0.0001,3460,18.202402591705322,0.931102454662323,0.2,117.56889896392822,-0.010241740162018686,49.32420349121094,998.88,1876.8902587890625,,
694,1463,1942,2842624,0.008523237,0.0881129652261734,0.03701171875,0.0001,3465,18.20716118812561,0.9025385975837708,0.2,162.62448387145997,-0.007148653571493924,61.72904586791992,998.88,1877.08740234375,,
695,1463,1944,2846720,0.010278495,0.0881011113524437,0.068310546875,0.0001,3470,18.211516189575196,0.9441804885864258,0.2,92.295152759552,-0.009158464369829745,39.71672058105469,998.88,1864.3623046875,,
696,1463,1948,2850816,0.011791478,0.08805520832538605,0.092578125,0.0001,3475,18.215460968017577,0.9469795823097229,0.2,85.29934797286987,-0.01087754564359784,30.36254119873047,1000.0,1860.2398681640625,,
697,1463,1950,2854912,0.0143490145,0.08802232891321182,0.116259765625,0.0001,3480,18.225942516326903,0.9303925037384033,0.2,123.5096960067749,-0.012636411550920457,49.2366828918457,1000.0,1853.2879638671875,,
698,1464,1952,2859008,0.014714645,0.08802478015422821,0.140283203125,0.0001,3485,18.22919430732727,0.9483411908149719,0.2,94.40976028442383,-0.01295393385225907,45.045169830322266,1000.0,1859.633544921875,,
699,1464,1954,2863104,0.015030604,0.08801433444023132,0.110595703125,0.0001,3490,18.229182243347168,0.9378393888473511,0.2,119.73255500793456,-0.011653711293183733,48.26726150512695,1000.0,1859.805908203125,,
700,1464,1958,2867200,0.014254918,0.08801183104515076,0.118701171875,0.0001,3495,18.231379747390747,0.9496519565582275,0.2,110.18334770202637,-0.01061329756048508,41.39045715332031,1000.0,1882.1331787109375,,
701,1464,1960,2871296,0.01101196,0.0880034789443016,0.100927734375,0.0001,3500,18.2325879573822,0.9223666787147522,0.2,130.34077587127686,-0.012903461745008827,48.67018127441406,1000.0,1867.3662109375,,
702,1465,1962,2875392,0.012070953,0.08799976855516434,0.097900390625,0.0001,3505,18.234347820281982,0.9088597893714905,0.2,122.52585372924804,-0.012335176393389703,44.553306579589844,1000.0,1861.001220703125,,
703,1465,1964,2879488,0.011869896,0.0879478007555008,0.121044921875,0.0001,3510,18.238625478744506,0.9448806047439575,0.2,65.58347702026367,-0.011069898179266601,26.036334991455078,1000.0,1857.3179931640625,,
704,1465,1968,2883584,0.014368491,0.08793562650680542,0.15634765625,0.0001,3515,18.247032642364502,0.955184817314148,0.2,59.88139533996582,-0.013821880548493936,21.697860717773438,1000.0,1841.96435546875,,
705,1465,1970,2887680,0.012663029,0.08790251612663269,0.100244140625,0.0001,3520,18.24974865913391,0.9501808285713196,0.2,104.92227439880371,-0.00936871743761003,41.7277946472168,1000.0,1839.126708984375,,
706,1465,1972,2891776,0.013928975,0.08787473291158676,0.133349609375,0.0001,3525,18.25809955596924,0.9646405577659607,0.2,77.6568097114563,-0.012323036615271121,25.66960906982422,1000.0,1839.72509765625,,
707,1466,1974,2895872,0.014415305,0.08781871944665909,0.141552734375,0.0001,3530,18.265433883666994,0.9753792881965637,0.2,59.41497812271118,-0.011664661776740104,22.87666893005371,1000.0,1818.6143798828125,,
708,1465,1978,2899968,0.01792988,0.08777312189340591,0.163671875,0.0001,3535,18.27766532897949,0.9821165800094604,0.2,46.39645290374756,-0.012283665186259896,17.58853530883789,1000.0,1821.4853515625,,
709,1466,1980,2904064,0.0138856415,0.08776360005140305,0.105517578125,0.0001,3540,18.28342604637146,0.9348924160003662,0.2,92.88278388977051,-0.012140469934092835,41.029457092285156,1000.0,1821.8341064453125,,
710,1466,1982,2908160,0.01342026,0.08776506036520004,0.138232421875,0.0001,3545,18.284305810928345,0.9490193128585815,0.2,72.66149463653565,-0.012642248571501114,26.136714935302734,1000.0,1809.5618896484375,,
711,1466,1986,2912256,0.017020991,0.0877675712108612,0.1501953125,0.0001,3550,18.283196878433227,0.9292951226234436,0.2,90.84980306625366,-0.013045724609401076,30.331863403320312,1000.0,1796.81689453125,,
712,1466,1988,2916352,0.014791672,0.08777942508459091,0.162353515625,0.0001,3555,18.282036113739014,0.9391923546791077,0.2,84.42343997955322,-0.014544548164121807,40.681148529052734,1000.0,1796.81689453125,,
713,1466,1991,2920448,0.0109923575,0.08777754008769989,0.074951171875,0.0001,3560,18.279953241348267,0.8386852741241455,0.2,149.27688732147217,-0.00911267627379857,56.093055725097656,1000.0,1787.888916015625,,
714,1467,1993,2924544,0.010865722,0.08776631951332092,0.074853515625,0.0001,3565,18.28160939216614,0.8972071409225464,0.2,172.04365005493165,-0.009459234029054641,73.33592224121094,1000.0,1787.888916015625,,
715,1466,1997,2928640,0.0128060635,0.0877634733915329,0.10556640625,0.0001,3570,18.28345537185669,0.9594038128852844,0.2,97.83796253204346,-0.01205373527482152,35.24602508544922,1000.0,1777.5333251953125,,
716,1466,1999,2932736,0.015021844,0.08769881725311279,0.153564453125,0.0001,3575,18.288961696624757,0.9722631573677063,0.2,74.89928426742554,-0.013161726563703268,31.951074600219727,1000.0,1781.940673828125,,
717,1467,2001,2936832,0.016254429,0.08767057210206985,0.133544921875,0.0001,3580,18.30062551498413,0.9707757830619812,0.2,57.71035633087158,-0.013727660474251025,22.212574005126953,1000.0,1747.9771728515625,,
718,1467,2003,2940928,0.013705153,0.08763965964317322,0.111865234375,0.0001,3585,18.305330181121825,0.9559763073921204,0.2,51.757332515716556,-0.01035672245780006,15.639749526977539,1000.0,1747.9771728515625,,
719,1467,2007,2945024,0.014021995,0.08762270957231522,0.127587890625,0.0001,3590,18.311884689331055,0.9583937525749207,0.2,41.256536388397215,-0.010100251459516586,15.374985694885254,1000.0,1832.00830078125,,
720,1467,2009,2949120,0.015690578,0.08761514723300934,0.14951171875,0.0001,3595,18.31410002708435,0.9591622352600098,0.2,38.615015506744385,-0.01135659016435966,16.374305725097656,1000.0,1811.90185546875,,
721,1467,2011,2953216,0.013208695,0.08762652426958084,0.115771484375,0.0001,3600,18.3151695728302,0.9504106044769287,0.2,47.89136981964111,-0.00930191488005221,20.032865524291992,1000.0,1804.818603515625,,
722,1468,2013,2957312,0.015810039,0.0875907838344574,0.133837890625,0.0001,3605,18.315983629226686,0.9509847164154053,0.2,50.508528518676755,-0.012125604972243308,20.053489685058594,1000.0,1804.969970703125,,
723,1467,2017,2961408,0.012507886,0.08753277361392975,0.134375,0.0001,3610,18.32633032798767,0.972500205039978,0.2,38.122211599349974,-0.009598115464905277,15.756044387817383,1000.0,1824.421875,,
724,1468,2019,2965504,0.018013313,0.08748307824134827,0.18359375,0.0001,3615,18.337918186187743,0.970542311668396,0.2,41.932787322998045,-0.014751823898404837,19.064783096313477,1000.0,1843.2613525390625,,
725,1468,2021,2969600,0.012787124,0.0874803364276886,0.12607421875,0.0001,3620,18.345303678512572,0.9579359292984009,0.2,80.27990112304687,-0.010170296241994947,28.606773376464844,1000.0,1830.9215087890625,,
726,1469,2023,2973696,0.013846515,0.08750902861356735,0.13876953125,0.0001,3625,18.341179752349852,0.9616103172302246,0.2,85.823321723938,-0.010064099333249032,38.654354095458984,1000.0,1815.4315185546875,,
727,1468,2027,2977792,0.013799565,0.08751488476991653,0.127294921875,0.0001,3630,18.337982749938966,0.9411400556564331,0.2,104.94250659942627,-0.0125587506510783,45.52915573120117,1000.0,1857.2142333984375,,
728,1469,2029,2981888,0.014105279,0.0874546691775322,0.12734375,0.0001,3635,18.342925357818604,0.9477235674858093,0.2,79.75527410507202,-0.01250438621500507,32.28630065917969,1000.0,1846.12939453125,,
729,1469,2031,2985984,0.01258821,0.08744952082633972,0.117138671875,0.0001,3640,18.352570152282716,0.9257861375808716,0.2,105.203120803833,-0.011188965418841689,46.19013214111328,1000.0,1842.8934326171875,,
730,1470,2033,2990080,0.017252043,0.0874311774969101,0.143359375,0.0001,3645,18.352679538726807,0.9489492774009705,0.2,60.79560976028442,-0.011289054900407791,22.050064086914062,1000.0,1839.3065185546875,,
731,1469,2037,2994176,0.016687177,0.08743255585432053,0.157470703125,0.0001,3650,18.357417154312134,0.9480650424957275,0.2,60.610341453552245,-0.013588428148068488,23.081645965576172,1000.0,1857.0435791015625,,
732,1470,2039,2998272,0.015412642,0.08744898438453674,0.17470703125,0.0001,3655,18.354382705688476,0.9322291612625122,0.2,81.88401594161988,-0.012692381942179054,32.319618225097656,1000.0,1874.5465087890625,,
733,1462,2053,3002368,0.013433825,0.0874464213848114,0.14169921875,0.0001,3660,18.352725124359132,0.9507778286933899,0.2,83.59878339767457,-0.010985192691441626,37.27374267578125,1000.0,1876.922607421875,250000,2.719163862735832
