time/fps,time/time_elapsed,time/iterations,time/total_timesteps,train/policy_gradient_loss,train/std,train/learning_rate,train/entropy_loss,train/approx_kl,train/clip_range,train/explained_variance,train/loss,train/value_loss,train/n_updates,train/clip_fraction,rollout/ep_len_mean,rollout/ep_rew_mean,eval/en_iyi_adim,eval/skor
1069,3,1,4096,,,,,,,,,,,,,,,
1469,5,2,8192,-0.013418328249827027,0.14994749426841736,0.0001,8.60960750579834,0.0066975094,0.2,0.9749144911766052,33.5830192565918,75.4316831588745,5,0.02939453125,,,,
1603,7,3,12288,-0.005001730791991577,0.14993898570537567,0.0001,8.614489817619324,0.0024292162,0.2,0.9780651926994324,33.95301055908203,74.41134233474732,10,0.0021484375,,,,
1436,11,4,16384,-0.005309243078227155,0.14989571273326874,0.0001,8.616257739067077,0.0025924998,0.2,0.980197012424469,27.842851638793945,68.30170001983643,15,0.002587890625,1000.0,1796.9208984375,,
1503,13,5,20480,-0.008208127703983336,0.14982879161834717,0.0001,8.62366030216217,0.005020186,0.2,0.9732771515846252,31.92791748046875,69.60724792480468,20,0.013623046875,1000.0,1796.9208984375,,
1589,15,6,24576,-0.0072451785148587074,0.1496267020702362,0.0001,8.636515259742737,0.0045502856,0.2,0.9690620303153992,15.149907112121582,45.00519218444824,25,0.010107421875,1000.0,1796.9208984375,,
1661,17,7,28672,-0.008480878581758588,0.14953438937664032,0.0001,8.660083746910095,0.006091453,0.2,0.974846363067627,13.319730758666992,35.287862873077394,30,0.016748046875,1000.0,1796.9208984375,,
1565,20,8,32768,-0.006316799973137677,0.1495010256767273,0.0001,8.664666557312012,0.00429087,0.2,0.9756967425346375,15.072425842285156,38.49089298248291,35,0.008984375,1000.0,1850.084228515625,,
1606,22,9,36864,-0.01156054127495736,0.14940251410007477,0.0001,8.672695231437682,0.008822361,0.2,0.9686083793640137,16.061853408813477,40.412490940093996,40,0.038818359375,1000.0,1850.084228515625,,
1655,24,10,40960,-0.005652452039066702,0.1493569016456604,0.0001,8.682107996940612,0.0029113027,0.2,0.9420080184936523,25.54201889038086,69.90789203643799,45,0.003369140625,1000.0,1850.084228515625,,
1698,26,11,45056,-0.005526607460342348,0.14935100078582764,0.0001,8.685673880577088,0.003052174,0.2,0.9447410106658936,28.286081314086914,70.7090000152588,50,0.00400390625,1000.0,1850.084228515625,,
1633,30,12,49152,-0.007068422893644311,0.14932841062545776,0.0001,8.68595576286316,0.0043282555,0.2,0.9608175754547119,21.36444854736328,55.111249923706055,55,0.00859375,1000.0,1779.3216552734375,,
1661,32,13,53248,-0.010346918657887727,0.14930027723312378,0.0001,8.6900164604187,0.0069008754,0.2,0.9538869857788086,26.635089874267578,59.19132146835327,60,0.024755859375,1000.0,1779.3216552734375,,
1689,33,14,57344,-0.006976666365517303,0.14928507804870605,0.0001,8.69248788356781,0.0039655427,0.2,0.923041045665741,23.29886817932129,69.77336826324463,65,0.00771484375,1000.0,1779.3216552734375,,
1713,35,15,61440,-0.006055897998157889,0.14922775328159332,0.0001,8.69604229927063,0.0034624038,0.2,0.9270185232162476,19.835407257080078,58.910530471801756,70,0.006591796875,1000.0,1779.3216552734375,,
1648,39,16,65536,-0.009077143773902207,0.1491948664188385,0.0001,8.702783179283141,0.0054403623,0.2,0.9309967160224915,17.931440353393555,56.134137058258055,75,0.0140625,1000.0,1761.09228515625,,
1675,41,17,69632,-0.01188743090024218,0.14912940561771393,0.0001,8.707650732994079,0.008162296,0.2,0.9279175996780396,26.688161849975586,61.002888679504395,80,0.031396484375,1000.0,1761.09228515625,,
1700,43,18,73728,-0.008058744325535373,0.14901986718177795,0.0001,8.717456817626953,0.006157133,0.2,0.8921546936035156,18.138837814331055,55.384094619750975,85,0.01943359375,1000.0,1761.09228515625,,
1723,45,19,77824,-0.006962106993887574,0.14890170097351074,0.0001,8.732434844970703,0.0064050294,0.2,0.8956007957458496,25.23274803161621,59.39245414733887,90,0.020361328125,1000.0,1761.09228515625,,
1674,48,20,81920,-0.01039650837192312,0.14873439073562622,0.0001,8.748670887947082,0.009242453,0.2,0.9067477583885193,29.553409576416016,62.1200475692749,95,0.04287109375,1000.0,1785.5277099609375,,
1696,50,21,86016,-0.013412784552201629,0.14859260618686676,0.0001,8.768618869781495,0.010527095,0.2,0.9439511895179749,22.163551330566406,57.20169324874878,100,0.06064453125,1000.0,1785.5277099609375,,
1716,52,22,90112,-0.007444091682555154,0.14848868548870087,0.0001,8.78384096622467,0.006631004,0.2,0.956661581993103,19.858171463012695,52.09769496917725,105,0.023779296875,1000.0,1785.5277099609375,,
1731,54,23,94208,-0.007484802784165368,0.14839749038219452,0.0001,8.795148611068726,0.0070513505,0.2,0.961764931678772,17.355499267578125,46.620185470581056,110,0.02392578125,1000.0,1785.5277099609375,,
1692,58,24,98304,-0.009853076271247119,0.14829134941101074,0.0001,8.807013463973998,0.008048058,0.2,0.9670817852020264,15.076738357543945,41.33717761039734,115,0.03505859375,1000.0,1798.27880859375,,
1709,59,25,102400,-0.009710839239414782,0.14819294214248657,0.0001,8.820068860054016,0.007524278,0.2,0.9380142092704773,38.01390838623047,84.62785949707032,120,0.029296875,1000.0,1798.27880859375,,
1726,61,26,106496,-0.009349800634663553,0.14815625548362732,0.0001,8.82890625,0.008163312,0.2,0.9440332651138306,24.054182052612305,67.45891647338867,125,0.033203125,1000.0,1798.27880859375,,
1740,63,27,110592,-0.009586625196971,0.1480589658021927,0.0001,8.83591823577881,0.008638533,0.2,0.941005289554596,35.52488327026367,83.35280323028564,130,0.04169921875,1000.0,1798.27880859375,,
1709,67,28,114688,-0.012520372262224555,0.14800795912742615,0.0001,8.846103692054749,0.009557213,0.2,0.9468871355056763,37.66284942626953,78.59554853439332,135,0.0501953125,1000.0,1775.90673828125,,
1719,69,29,118784,-0.01095693503448274,0.14805978536605835,0.0001,8.846131253242493,0.009563807,0.2,0.9470550417900085,20.450716018676758,54.16678085327148,140,0.049169921875,1000.0,1775.90673828125,,
1732,70,30,122880,-0.006777751405024901,0.14806024730205536,0.0001,8.841588425636292,0.004743499,0.2,0.9334123134613037,18.769487380981445,44.14932713508606,145,0.0107421875,1000.0,1775.90673828125,,
1745,72,31,126976,-0.0077438728185370564,0.14800859987735748,0.0001,8.844664788246154,0.0059600295,0.2,0.9305354356765747,20.49223518371582,43.63308801651001,150,0.01845703125,1000.0,1775.90673828125,,
1718,76,32,131072,-0.008045766095165163,0.14792625606060028,0.0001,8.853254747390746,0.008081809,0.2,0.931006669998169,21.640464782714844,46.48617668151856,155,0.027734375,1000.0,1737.6409912109375,,
1730,78,33,135168,-0.007364027385483496,0.14788271486759186,0.0001,8.861971616744995,0.006550949,0.2,0.9457235336303711,27.14830207824707,66.57643690109253,160,0.02314453125,1000.0,1737.6409912109375,,
1741,79,34,139264,-0.006931315100518987,0.1478983461856842,0.0001,8.863693165779114,0.0063263034,0.2,0.9577520489692688,22.191165924072266,54.60452098846436,165,0.019189453125,1000.0,1737.6409912109375,,
1750,81,35,143360,-0.010213818505872042,0.14780735969543457,0.0001,8.865024662017822,0.010581959,0.2,0.971006453037262,18.07109260559082,42.194519710540774,170,0.04462890625,1000.0,1737.6409912109375,,
1725,85,36,147456,-0.009991209395229817,0.14769265055656433,0.0001,8.880600452423096,0.01120922,0.2,0.9760913252830505,14.799159049987793,38.2669846534729,175,0.057421875,1000.0,1719.2109375,,
1736,87,37,151552,-0.01257791012758389,0.1476254165172577,0.0001,8.891218066215515,0.011363254,0.2,0.9504386186599731,28.100780487060547,64.22086935043335,180,0.067041015625,1000.0,1719.2109375,,
1745,89,38,155648,-0.010315403190907091,0.14757098257541656,0.0001,8.898095703125,0.010176953,0.2,0.9562426805496216,20.943578720092773,53.27223138809204,185,0.052685546875,1000.0,1719.2109375,,
1755,90,39,159744,-0.010479179891990497,0.14744336903095245,0.0001,8.908407497406007,0.010465184,0.2,0.9666480422019958,18.25377655029297,37.05580892562866,190,0.06337890625,1000.0,1719.2109375,,
1727,94,40,163840,-0.010286611190531402,0.14730948209762573,0.0001,8.924475455284119,0.009899145,0.2,0.9609769582748413,17.92500114440918,43.30822401046753,195,0.047900390625,1000.0,1775.8028564453125,,
1737,96,41,167936,-0.005624785006511956,0.14726604521274567,0.0001,8.937928223609925,0.0033396706,0.2,0.8570247888565063,51.923194885253906,119.81519260406495,200,0.005224609375,1000.0,1775.8028564453125,,
1745,98,42,172032,-0.007371676489128731,0.14726866781711578,0.0001,8.939332008361816,0.006213777,0.2,0.854515552520752,52.19633865356445,128.8938415527344,205,0.02138671875,1000.0,1775.8028564453125,,
1718,102,43,176128,-0.009597875643521547,0.1472366750240326,0.0001,8.93976812362671,0.009129408,0.2,0.8716446161270142,47.99007034301758,115.63552551269531,210,0.0384765625,1000.0,1709.057861328125,,
1727,104,44,180224,-0.009574018162675202,0.1471659541130066,0.0001,8.946665382385254,0.009593908,0.2,0.8982266187667847,47.259193420410156,100.2512924194336,215,0.045166015625,1000.0,1709.057861328125,,
1736,106,45,184320,-0.009854302485473454,0.14714933931827545,0.0001,8.953320169448853,0.008732048,0.2,0.946418821811676,18.295686721801758,58.405335140228274,220,0.038232421875,1000.0,1709.057861328125,,
1745,107,46,188416,-0.008319367904914544,0.14713433384895325,0.0001,8.954023933410644,0.008786127,0.2,0.9499257802963257,20.416658401489258,51.36679859161377,225,0.040185546875,1000.0,1709.057861328125,,
1720,111,47,192512,-0.010912144626490771,0.14706392586231232,0.0001,8.958025169372558,0.009558096,0.2,0.9698859453201294,13.328314781188965,33.1356125831604,230,0.05849609375,1000.0,1703.02197265625,,
1726,113,48,196608,-0.01441135797649622,0.14704079926013947,0.0001,8.966168332099915,0.012770078,0.2,0.9694653153419495,15.744261741638184,34.8774115562439,235,0.091015625,1000.0,1703.02197265625,,
1735,115,49,200704,-0.010109672625549137,0.14702457189559937,0.0001,8.967838883399963,0.009885434,0.2,0.9727146029472351,12.891547203063965,36.552500295639035,240,0.04873046875,1000.0,1703.02197265625,,
1744,117,50,204800,-0.01307060347753577,0.14696499705314636,0.0001,8.971980619430543,0.011518011,0.2,0.9686855673789978,15.056672096252441,41.229048013687134,245,0.07236328125,1000.0,1703.02197265625,,
1726,121,51,208896,-0.011290279298555106,0.14682041108608246,0.0001,8.983401799201966,0.00992021,0.2,0.9770395755767822,12.43407154083252,33.301670455932616,250,0.06181640625,1000.0,1733.7930908203125,,
1730,123,52,212992,-0.010579508406226523,0.14667552709579468,0.0001,9.003319120407104,0.010915546,0.2,0.9628602862358093,24.03688621520996,55.222251415252686,255,0.059130859375,1000.0,1733.7930908203125,,
1737,124,53,217088,-0.009450318940798752,0.14661814272403717,0.0001,9.015708231925965,0.007841847,0.2,0.9075092673301697,43.853885650634766,98.96541004180908,260,0.03125,1000.0,1733.7930908203125,,
1744,126,54,221184,-0.0075243124156259,0.14657963812351227,0.0001,9.020762324333191,0.007002325,0.2,0.9188670516014099,42.312015533447266,81.30234212875366,265,0.03310546875,1000.0,1733.7930908203125,,
1725,130,55,225280,-0.011746807492454537,0.14653557538986206,0.0001,9.02574634552002,0.010457408,0.2,0.9032678008079529,39.383079528808594,89.07363452911378,270,0.05205078125,1000.0,1732.5418701171875,,
1732,132,56,229376,-0.011150704906322062,0.1464882493019104,0.0001,9.032016587257385,0.010235959,0.2,0.908735454082489,37.789878845214844,83.21494541168212,275,0.061083984375,1000.0,1732.5418701171875,,
1737,134,57,233472,-0.011398943804670126,0.14645037055015564,0.0001,9.036885762214661,0.010946745,0.2,0.926635205745697,24.37097930908203,69.02835006713867,280,0.054150390625,1000.0,1732.5418701171875,,
1744,136,58,237568,-0.010967533296206967,0.14642316102981567,0.0001,9.04122416973114,0.01078229,0.2,0.9301139712333679,31.285327911376953,68.40959234237671,285,0.053857421875,1000.0,1732.5418701171875,,
1725,140,59,241664,-0.011277019954286515,0.1463855654001236,0.0001,9.044398522377014,0.009687383,0.2,0.9322691559791565,29.475919723510742,71.14869365692138,290,0.057958984375,1000.0,1753.1829833984375,,
1732,141,60,245760,-0.010716722148936242,0.14626544713974,0.0001,9.053611564636231,0.009042296,0.2,0.945233941078186,33.70315933227539,70.87179851531982,295,0.0671875,1000.0,1753.1829833984375,,
1738,143,61,249856,-0.008949693787144497,0.14625488221645355,0.0001,9.064080166816712,0.009336442,0.2,0.9612724184989929,18.59185791015625,47.770232582092284,300,0.048828125,1000.0,1753.1829833984375,,
1597,158,62,253952,-0.009437575208721682,0.14623212814331055,0.0001,9.064120984077453,0.01055605,0.2,0.9671385884284973,16.61827278137207,42.40153684616089,305,0.047998046875,1000.0,1753.1829833984375,250000,2.868491643863291
1580,163,63,258048,-0.011603003274649382,0.14614756405353546,0.0001,9.070908570289612,0.011514758,0.2,0.9739500284194946,14.65606689453125,37.74673237800598,310,0.080615234375,1000.0,1743.533447265625,,
1588,165,64,262144,-0.008804571768268942,0.14604756236076355,0.0001,9.082122921943665,0.0072591817,0.2,0.922288715839386,39.080623626708984,86.99658813476563,315,0.0306640625,1000.0,1743.533447265625,,
1595,166,65,266240,-0.004671062476700172,0.14598435163497925,0.0001,9.092876482009888,0.0038501543,0.2,0.7069148421287537,44.849578857421875,119.4382713317871,320,0.006396484375,1000.0,1743.533447265625,,
1602,168,66,270336,-0.008696427883114666,0.1459636390209198,0.0001,9.098655819892883,0.0093244305,0.2,0.7862142324447632,30.589622497558594,75.57822771072388,325,0.04072265625,1000.0,1743.533447265625,,
1587,172,67,274432,-0.008315055852290244,0.14591389894485474,0.0001,9.101439547538757,0.009162171,0.2,0.8211445212364197,38.42189025878906,82.71754951477051,330,0.044482421875,1000.0,1675.3828125,,
1593,174,68,278528,-0.01262523401528597,0.14578431844711304,0.0001,9.112923121452331,0.010889712,0.2,0.8160356283187866,48.48631286621094,99.47233581542969,335,0.074755859375,1000.0,1675.3828125,,
1600,176,69,282624,-0.008215408178512008,0.14572180807590485,0.0001,9.125757575035095,0.007179915,0.2,0.7609531879425049,40.565467834472656,106.57982597351074,340,0.0283203125,1000.0,1675.3828125,,
1607,178,70,286720,-0.010889720072736964,0.14568132162094116,0.0001,9.131592893600464,0.009725895,0.2,0.8037389516830444,42.53528594970703,93.58613948822021,345,0.055029296875,1000.0,1675.3828125,,
1584,183,71,290816,-0.0113957375055179,0.14559784531593323,0.0001,9.138651657104493,0.010107423,0.2,0.792328953742981,42.509490966796875,100.16809463500977,350,0.0662109375,1000.0,1728.5665283203125,,
1591,185,72,294912,-0.007917012798134237,0.14554446935653687,0.0001,9.147856450080871,0.0083702,0.2,0.8860771656036377,33.093196868896484,77.35640773773193,355,0.033642578125,1000.0,1728.5665283203125,,
1598,187,73,299008,-0.0075999253487680106,0.14546650648117065,0.0001,9.155263209342957,0.007069805,0.2,0.9089375734329224,18.706960678100586,59.77389411926269,360,0.024072265625,1000.0,1728.5665283203125,,
1604,188,74,303104,-0.010705374157987535,0.1454036384820938,0.0001,9.164567875862122,0.008960541,0.2,0.9146686792373657,19.480985641479492,50.957071208953856,365,0.045166015625,1000.0,1728.5665283203125,,
1589,193,75,307200,-0.009565666288835928,0.14537104964256287,0.0001,9.170519733428955,0.009313831,0.2,0.93153977394104,16.839685440063477,45.32309741973877,370,0.04921875,1000.0,1719.97509765625,,
1595,195,76,311296,-0.013528290274553,0.14526455104351044,0.0001,9.178923201560973,0.0119079985,0.2,0.924932599067688,21.644777297973633,50.50717258453369,375,0.081982421875,1000.0,1719.97509765625,,
1602,196,77,315392,-0.01079875233117491,0.1451762616634369,0.0001,9.190601825714111,0.011510784,0.2,0.9457803964614868,13.28592300415039,30.3812668800354,380,0.076025390625,1000.0,1719.97509765625,,
1608,198,78,319488,-0.011633001573500223,0.14506639540195465,0.0001,9.202135896682739,0.012386506,0.2,0.9448662400245667,13.735214233398438,30.64023652076721,385,0.073876953125,1000.0,1719.97509765625,,
1590,203,79,323584,-0.013368592620827258,0.14496071636676788,0.0001,9.21723141670227,0.014391823,0.2,0.9476463198661804,12.316476821899414,29.820379638671874,390,0.0978515625,1000.0,1781.622802734375,,
1596,205,80,327680,-0.006100608000997454,0.1449374109506607,0.0001,9.22607605457306,0.0062726447,0.2,0.9062129855155945,35.47688293457031,89.53426866531372,395,0.033349609375,1000.0,1781.622802734375,,
1602,207,81,331776,-0.006844696687767282,0.14490525424480438,0.0001,9.22842960357666,0.005845907,0.2,0.9113897681236267,34.854244232177734,81.94157247543335,400,0.015673828125,1000.0,1781.622802734375,,
1606,209,82,335872,-0.009691262512933462,0.1448458880186081,0.0001,9.234113645553588,0.009380501,0.2,0.9175843000411987,35.842342376708984,91.42882976531982,405,0.040087890625,1000.0,1781.622802734375,,
1596,212,83,339968,-0.013021556416060776,0.14480139315128326,0.0001,9.24135925769806,0.011858745,0.2,0.9343283772468567,38.652259826660156,78.18589992523194,410,0.08408203125,1000.0,1743.100341796875,,
1602,214,84,344064,-0.011192714044591412,0.14477509260177612,0.0001,9.245431232452393,0.01142955,0.2,0.9547255039215088,22.353015899658203,59.4026198387146,415,0.07421875,1000.0,1743.100341796875,,
1608,216,85,348160,-0.011963067471515387,0.1447197049856186,0.0001,9.250154495239258,0.012044841,0.2,0.963662326335907,19.535524368286133,49.66427392959595,420,0.08251953125,1000.0,1743.100341796875,,
1601,219,86,352256,-0.015776862134225668,0.14468762278556824,0.0001,9.25661768913269,0.013765013,0.2,0.9688112139701843,15.77099609375,44.21041965484619,425,0.1162109375,1000.0,1755.0660400390625,,
1604,222,87,356352,-0.012957149127032608,0.14459700882434845,0.0001,9.26281042098999,0.012467758,0.2,0.9715409874916077,20.236053466796875,45.009781169891355,430,0.102587890625,1000.0,1755.0660400390625,,
1609,223,88,360448,-0.011474187666317448,0.14455614984035492,0.0001,9.27273371219635,0.0106355995,0.2,0.9681456089019775,14.529956817626953,39.32406940460205,435,0.0677734375,1000.0,1755.0660400390625,,
1614,225,89,364544,-0.010661687911488115,0.14455696940422058,0.0001,9.274683833122253,0.011621659,0.2,0.9660201072692871,14.168789863586426,35.01064949035644,440,0.071435546875,1000.0,1755.0660400390625,,
1606,229,90,368640,-0.012180034641642124,0.1444968730211258,0.0001,9.277155923843384,0.014541521,0.2,0.9780386090278625,8.824566841125488,22.929004096984862,445,0.1013671875,1000.0,1799.2423095703125,,
1610,231,91,372736,-0.012246958212926984,0.1444026678800583,0.0001,9.28831672668457,0.012471464,0.2,0.9649672508239746,15.805480003356934,39.705495262145995,450,0.098681640625,1000.0,1799.2423095703125,,
1615,233,92,376832,-0.009637791418936104,0.14435622096061707,0.0001,9.296615171432496,0.009277483,0.2,0.9589171409606934,19.433156967163086,48.72271471023559,455,0.045849609375,1000.0,1799.2423095703125,,
1619,235,93,380928,-0.008011120720766485,0.14435440301895142,0.0001,9.299991106987,0.008475155,0.2,0.9645535349845886,14.296175003051758,38.338593530654904,460,0.03486328125,1000.0,1799.2423095703125,,
1609,239,94,385024,-0.011723806348163635,0.14432670176029205,0.0001,9.300597953796387,0.010883869,0.2,0.9759995341300964,10.804780006408691,28.45834174156189,465,0.07412109375,1000.0,1814.52685546875,,
1614,241,95,389120,-0.013406570127699524,0.14426486194133759,0.0001,9.307124376296997,0.012748586,0.2,0.9579874277114868,28.845815658569336,53.981293487548825,470,0.094140625,1000.0,1814.52685546875,,
1619,242,96,393216,-0.009772755185258575,0.14419522881507874,0.0001,9.3149005651474,0.009646419,0.2,0.968669593334198,16.733776092529297,46.41259183883667,475,0.046923828125,1000.0,1814.52685546875,,
1624,244,97,397312,-0.010354540369007736,0.14415642619132996,0.0001,9.322528505325318,0.009538639,0.2,0.965488612651825,15.134455680847168,47.957327127456665,480,0.04609375,1000.0,1814.52685546875,,
1613,248,98,401408,-0.012479965780221392,0.14409232139587402,0.0001,9.328114199638367,0.012297698,0.2,0.9773231148719788,16.062091827392578,38.14639573097229,485,0.0951171875,1000.0,1798.7120361328125,,
1618,250,99,405504,-0.012323087465483695,0.1440892219543457,0.0001,9.33302981853485,0.012399483,0.2,0.9769614338874817,18.355863571166992,38.74604530334473,490,0.093603515625,1000.0,1798.7120361328125,,
1623,252,100,409600,-0.00949876899830997,0.1440076231956482,0.0001,9.336526608467102,0.010151688,0.2,0.9786965847015381,11.840166091918945,31.571911573410034,495,0.0529296875,1000.0,1798.7120361328125,,
1627,254,101,413696,-0.010080826393095776,0.14398562908172607,0.0001,9.345775461196899,0.011580745,0.2,0.979904055595398,10.870627403259277,27.814401197433472,500,0.0716796875,1000.0,1798.7120361328125,,
1618,258,102,417792,-0.012405428563943133,0.14396381378173828,0.0001,9.347310996055603,0.011115717,0.2,0.9790682196617126,12.696311950683594,32.81180500984192,505,0.076953125,1000.0,1811.048095703125,,
1622,259,103,421888,-0.01203300158958882,0.1439104527235031,0.0001,9.351855731010437,0.011859207,0.2,0.9668129682540894,16.91564178466797,38.87423410415649,510,0.096923828125,1000.0,1811.048095703125,,
1627,261,104,425984,-0.01060874224640429,0.14389194548130035,0.0001,9.356544876098633,0.012447661,0.2,0.9601085186004639,13.609854698181152,32.79581274986267,515,0.085986328125,1000.0,1811.048095703125,,
1631,263,105,430080,-0.013392015616409481,0.14383307099342346,0.0001,9.361314535140991,0.012586063,0.2,0.9593655467033386,13.781085014343262,33.409207057952884,520,0.105224609375,1000.0,1811.048095703125,,
1625,267,106,434176,-0.015575620182789861,0.1437596082687378,0.0001,9.370198202133178,0.013326738,0.2,0.9689671397209167,10.740059852600098,26.861292839050293,525,0.124169921875,1000.0,1857.12841796875,,
1628,269,107,438272,-0.013215222902363166,0.14363960921764374,0.0001,9.381377053260803,0.013304414,0.2,0.9751958250999451,17.77100944519043,35.53657293319702,530,0.095654296875,1000.0,1857.12841796875,,
1633,270,108,442368,-0.012706348416395485,0.14353057742118835,0.0001,9.39637894630432,0.012209883,0.2,0.9862748980522156,10.848227500915527,24.52873749732971,535,0.098974609375,1000.0,1857.12841796875,,
1637,272,109,446464,-0.013335623184684665,0.14345739781856537,0.0001,9.408515119552613,0.012700566,0.2,0.9861971139907837,9.737298011779785,25.31842041015625,540,0.113720703125,1000.0,1857.12841796875,,
1631,276,110,450560,-0.01259931332897395,0.14333945512771606,0.0001,9.418849301338195,0.012318457,0.2,0.9879536628723145,10.220649719238281,23.219974517822266,545,0.09990234375,1000.0,1852.28759765625,,
1635,278,111,454656,-0.01095895097241737,0.14327001571655273,0.0001,9.432510566711425,0.011691469,0.2,0.9648227691650391,26.408626556396484,55.84382677078247,550,0.067724609375,1000.0,1852.28759765625,,
1639,279,112,458752,-0.006289369042497129,0.14319759607315063,0.0001,9.440024209022521,0.0075350543,0.2,0.9674422144889832,13.552090644836426,37.919824838638306,555,0.0271484375,1000.0,1852.28759765625,,
1643,281,113,462848,-0.008725589787354692,0.1431410014629364,0.0001,9.44960584640503,0.010044669,0.2,0.9718148112297058,13.867456436157227,33.30695552825928,560,0.049560546875,1000.0,1852.28759765625,,
1637,285,114,466944,-0.011103697371436284,0.14305870234966278,0.0001,9.457002663612366,0.011775447,0.2,0.9731957316398621,15.867780685424805,34.20524711608887,565,0.08134765625,1000.0,1872.6929931640625,,
1641,286,115,471040,-0.011513175620348193,0.14297138154506683,0.0001,9.46764714717865,0.011510588,0.2,0.9713752865791321,18.02775001525879,43.88565864562988,570,0.069482421875,1000.0,1872.6929931640625,,
1645,288,116,475136,-0.01000670887005981,0.14292918145656586,0.0001,9.476789808273315,0.011860024,0.2,0.9846788048744202,8.214515686035156,21.26493105888367,575,0.079248046875,1000.0,1872.6929931640625,,
1649,290,117,479232,-0.010856346471700817,0.14288896322250366,0.0001,9.481400036811829,0.01165436,0.2,0.9831773638725281,9.683757781982422,23.939739513397218,580,0.071875,1000.0,1872.6929931640625,,
1642,294,118,483328,-0.012076983897713944,0.14280691742897034,0.0001,9.48804850578308,0.011635456,0.2,0.9902991056442261,6.739078044891357,15.309802556037903,585,0.110009765625,1000.0,1871.728271484375,,
1646,296,119,487424,-0.004646916926139966,0.14277058839797974,0.0001,9.497518968582153,0.0041512107,0.2,0.8987408876419067,36.34184646606445,91.55850200653076,590,0.013818359375,1000.0,1871.728271484375,,
1649,297,120,491520,-0.008866072841919958,0.1427340805530548,0.0001,9.500885033607483,0.007480174,0.2,0.8991900682449341,28.281890869140625,81.7063151359558,595,0.032568359375,1000.0,1871.728271484375,,
1653,299,121,495616,-0.007930278382264077,0.14269866049289703,0.0001,9.50613076686859,0.008201997,0.2,0.9017679691314697,29.26607322692871,74.66591806411743,600,0.036767578125,1000.0,1871.728271484375,,
1646,303,122,499712,-0.009151642804499715,0.142630472779274,0.0001,9.511605954170227,0.009018906,0.2,0.9196840524673462,31.296478271484375,70.86577215194703,605,0.043359375,1000.0,1866.2271728515625,,
1592,316,123,503808,-0.009936916286824271,0.14259877800941467,0.0001,9.519553208351136,0.010551334,0.2,0.9369967579841614,25.014801025390625,59.6752516746521,610,0.05546875,1000.0,1866.2271728515625,250000,2.8484200447565007
1596,318,124,507904,-0.012459056539228186,0.14256823062896729,0.0001,9.521683430671692,0.01141974,0.2,0.9511193037033081,18.487916946411133,43.870033264160156,615,0.068408203125,1000.0,1866.2271728515625,,
1587,322,125,512000,-0.012510434060823172,0.14250968396663666,0.0001,9.528666257858276,0.012054078,0.2,0.9568130970001221,18.32337760925293,42.746781253814696,620,0.087646484375,1000.0,1813.56298828125,,
1590,324,126,516096,-0.012896608433220536,0.14245785772800446,0.0001,9.535476803779602,0.012117686,0.2,0.9568971991539001,19.537473678588867,41.645468139648436,625,0.0994140625,1000.0,1813.56298828125,,
1594,326,127,520192,-0.005992200440960005,0.14244739711284637,0.0001,9.539508414268493,0.0060849804,0.2,0.9112560749053955,30.38932228088379,81.789892578125,630,0.01982421875,1000.0,1813.56298828125,,
1597,328,128,524288,-0.006148550228681415,0.14243844151496887,0.0001,9.540291953086854,0.006805143,0.2,0.931130588054657,26.662010192871094,65.2190489768982,635,0.02412109375,1000.0,1813.56298828125,,
1593,331,129,528384,-0.010872824094258248,0.1424463987350464,0.0001,9.540966176986695,0.010460788,0.2,0.9494978785514832,17.150583267211914,48.73050880432129,640,0.0736328125,1000.0,1797.94580078125,,
1596,333,130,532480,-0.010414055606815964,0.14238908886909485,0.0001,9.54226553440094,0.010712577,0.2,0.9456164836883545,27.677865982055664,62.103861808776855,645,0.07353515625,1000.0,1797.94580078125,,
1599,335,131,536576,-0.00983097405405715,0.14224591851234436,0.0001,9.553992104530334,0.009777483,0.2,0.9758777022361755,10.584373474121094,27.029801273345946,650,0.056689453125,1000.0,1797.94580078125,,
1602,337,132,540672,-0.00849042876798194,0.1421608179807663,0.0001,9.571629786491394,0.010906007,0.2,0.9800286293029785,9.363475799560547,25.556883239746092,655,0.05244140625,1000.0,1797.94580078125,,
1596,341,133,544768,-0.010539235430769622,0.14215882122516632,0.0001,9.577047729492188,0.010687243,0.2,0.9762885570526123,10.841750144958496,27.416895866394043,660,0.077685546875,1000.0,1867.3695068359375,,
1600,343,134,548864,-0.015096196136437357,0.14208775758743286,0.0001,9.580110335350037,0.012733142,0.2,0.9779223799705505,13.449156761169434,32.03430061340332,665,0.12470703125,1000.0,1867.3695068359375,,
1603,344,135,552960,-0.01246586381457746,0.14203976094722748,0.0001,9.58884117603302,0.012071991,0.2,0.9719088077545166,18.294458389282227,47.33318691253662,670,0.07802734375,1000.0,1867.3695068359375,,
1607,346,136,557056,-0.013274878673837521,0.14196427166461945,0.0001,9.596395611763,0.01247598,0.2,0.9817287921905518,13.083456039428711,32.17241797447205,675,0.121630859375,1000.0,1867.3695068359375,,
1603,349,137,561152,-0.011384861718397588,0.14190258085727692,0.0001,9.605080914497375,0.010596858,0.2,0.9749504327774048,21.979827880859375,45.16860828399658,680,0.0806640625,1000.0,1824.167236328125,,
1607,351,138,565248,-0.009024580527329818,0.14192137122154236,0.0001,9.609380197525024,0.009396944,0.2,0.9447329640388489,43.13672637939453,94.69291744232177,685,0.048779296875,1000.0,1824.167236328125,,
1611,353,139,569344,-0.004777623055269941,0.14191818237304688,0.0001,9.607069897651673,0.0029550367,0.2,0.8963366150856018,59.2218132019043,152.35563697814942,690,0.003564453125,1000.0,1824.167236328125,,
1614,355,140,573440,-0.007501627667807043,0.14191821217536926,0.0001,9.608003950119018,0.0072711566,0.2,0.903938889503479,49.475486755371094,129.039945602417,695,0.027587890625,1000.0,1824.167236328125,,
1610,358,141,577536,-0.008071221923455597,0.1419256329536438,0.0001,9.607503128051757,0.007787865,0.2,0.893386960029602,66.48219299316406,150.56165714263915,700,0.030029296875,1000.0,1756.000732421875,,
1613,360,142,581632,-0.008540760236792266,0.1419300138950348,0.0001,9.606470942497253,0.008523392,0.2,0.9013647437095642,58.76094055175781,129.27322673797607,705,0.036572265625,1000.0,1756.000732421875,,
1617,362,143,585728,-0.00808363167598145,0.14192348718643188,0.0001,9.606389451026917,0.008088217,0.2,0.898980975151062,41.22449493408203,99.94724254608154,710,0.03447265625,1000.0,1756.000732421875,,
1620,363,144,589824,-0.008786644192878158,0.14188645780086517,0.0001,9.609239292144775,0.00845664,0.2,0.9010928273200989,50.66481018066406,103.93585567474365,715,0.039453125,1000.0,1756.000732421875,,
1612,368,145,593920,-0.011267647898057476,0.14184656739234924,0.0001,9.614477682113648,0.011633439,0.2,0.9310218691825867,31.67715835571289,74.27374505996704,720,0.0794921875,1000.0,1734.1033935546875,,
1616,370,146,598016,-0.014591367018874734,0.14178599417209625,0.0001,9.620781135559081,0.010154925,0.2,0.9459931254386902,33.35319900512695,70.33158855438232,725,0.095703125,1000.0,1734.1033935546875,,
1619,371,147,602112,-0.014298278233036399,0.14172853529453278,0.0001,9.628185367584228,0.012190849,0.2,0.9674280285835266,19.408803939819336,42.60805320739746,730,0.099609375,1000.0,1734.1033935546875,,
1623,373,148,606208,-0.013808871456421911,0.14172029495239258,0.0001,9.632965254783631,0.012286403,0.2,0.9717262387275696,17.394615173339844,41.09557752609253,735,0.10517578125,1000.0,1734.1033935546875,,
1618,377,149,610304,-0.010728250694228336,0.1416447013616562,0.0001,9.636494827270507,0.012252327,0.2,0.9750650525093079,18.1837215423584,40.254483985900876,740,0.09189453125,1000.0,1742.451416015625,,
1622,378,150,614400,-0.009921675355872139,0.1415729522705078,0.0001,9.647506046295167,0.010461851,0.2,0.9648135900497437,24.936080932617188,55.365300846099856,745,0.07490234375,1000.0,1742.451416015625,,
1625,380,151,618496,-0.006247104745125398,0.14155863225460052,0.0001,9.653246665000916,0.008078951,0.2,0.9595313668251038,20.16922378540039,47.33874406814575,750,0.031787109375,1000.0,1742.451416015625,,
1628,382,152,622592,-0.010058653994929046,0.14153721928596497,0.0001,9.654604482650758,0.00936055,0.2,0.9622399806976318,18.70248031616211,46.9686794757843,755,0.054345703125,1000.0,1742.451416015625,,
1623,386,153,626688,-0.008694125316105783,0.1414811909198761,0.0001,9.659324216842652,0.01125243,0.2,0.9662328958511353,16.224401473999023,43.198895645141604,760,0.058447265625,1000.0,1729.0797119140625,,
1626,387,154,630784,-0.006162083620438352,0.1414710134267807,0.0001,9.665493607521057,0.007807336,0.2,0.9385255575180054,36.093170166015625,85.69735021591187,765,0.0408203125,1000.0,1729.0797119140625,,
1629,389,155,634880,-0.004420043563004583,0.14145918190479279,0.0001,9.664943671226501,0.0037973474,0.2,0.9265064001083374,37.750274658203125,101.44830741882325,770,0.007275390625,1000.0,1729.0797119140625,,
1632,391,156,638976,-0.006346347043290734,0.14142149686813354,0.0001,9.668498516082764,0.0061693382,0.2,0.9399482607841492,34.7464714050293,86.32649974822998,775,0.017529296875,1000.0,1729.0797119140625,,
1626,395,157,643072,-0.007188672979827971,0.14141510426998138,0.0001,9.672250819206237,0.009100446,0.2,0.9520046710968018,33.91053771972656,79.93163785934448,780,0.043408203125,1000.0,1734.8980712890625,,
1629,397,158,647168,-0.007912641699658707,0.14141350984573364,0.0001,9.672160506248474,0.006854394,0.2,0.9580657482147217,29.842933654785156,63.82940311431885,785,0.025048828125,1000.0,1734.8980712890625,,
1632,398,159,651264,-0.005896311427932233,0.14138881862163544,0.0001,9.673410940170289,0.006265497,0.2,0.9737720489501953,13.133739471435547,42.36671133041382,790,0.01787109375,1000.0,1734.8980712890625,,
1635,400,160,655360,-0.003913549077697098,0.1413533091545105,0.0001,9.677678155899049,0.0063762497,0.2,0.9653789401054382,16.551372528076172,40.70259394645691,795,0.019140625,1000.0,1734.8980712890625,,
1631,404,161,659456,-0.007722809130791574,0.14133436977863312,0.0001,9.68132643699646,0.008420024,0.2,0.971874475479126,13.940433502197266,37.895801830291745,800,0.03720703125,1000.0,1782.96142578125,,
1634,406,162,663552,-0.011738819384481758,0.1412990391254425,0.0001,9.684308195114136,0.012311941,0.2,0.9693455696105957,20.32705307006836,48.89509630203247,805,0.092041015625,1000.0,1782.96142578125,,
1637,407,163,667648,-0.012176056893076747,0.14126171171665192,0.0001,9.689006423950195,0.01386226,0.2,0.9789279103279114,12.697467803955078,33.19434385299682,810,0.096826171875,1000.0,1782.96142578125,,
1639,409,164,671744,-0.012059975555166602,0.1410984992980957,0.0001,9.700533080101014,0.011591505,0.2,0.9847270846366882,10.345112800598145,26.865017795562743,815,0.101513671875,1000.0,1782.96142578125,,
1631,414,165,675840,-0.01324211162282154,0.14101523160934448,0.0001,9.718031358718871,0.014247246,0.2,0.9862299561500549,11.539660453796387,26.267408084869384,820,0.139990234375,1000.0,1837.4788818359375,,
1634,415,166,679936,-0.008474680315703153,0.14096146821975708,0.0001,9.72589955329895,0.008905152,0.2,0.9604195356369019,17.362152099609375,46.270242309570314,825,0.065283203125,1000.0,1837.4788818359375,,
1637,417,167,684032,-0.008643391577061265,0.14092203974723816,0.0001,9.733046269416809,0.009809383,0.2,0.9662445187568665,14.115418434143066,35.790877771377566,830,0.055029296875,1000.0,1837.4788818359375,,
1636,420,168,688128,-0.011088687495794147,0.14084666967391968,0.0001,9.73929238319397,0.0105014425,0.2,0.9676588773727417,16.9467830657959,39.618441867828366,835,0.073291015625,1000.0,1893.174560546875,,
1638,422,169,692224,-0.012488131842110306,0.14073167741298676,0.0001,9.751640486717225,0.012473953,0.2,0.9782412052154541,10.700225830078125,27.694368839263916,840,0.112060546875,1000.0,1893.174560546875,,
1641,424,170,696320,-0.011897403287002816,0.14065897464752197,0.0001,9.764583206176757,0.011130709,0.2,0.9687439203262329,8.939552307128906,27.4423171043396,845,0.10322265625,1000.0,1893.174560546875,,
1644,425,171,700416,-0.011806613916996866,0.14061622321605682,0.0001,9.771503710746765,0.012522161,0.2,0.975644588470459,8.666728019714355,22.215110874176027,850,0.097314453125,1000.0,1893.174560546875,,
1641,429,172,704512,-0.01303813181584701,0.14049606025218964,0.0001,9.7803524017334,0.011431229,0.2,0.9717787504196167,11.309596061706543,24.494954109191895,855,0.12314453125,1000.0,1883.8370361328125,,
1643,431,173,708608,-0.012264121090993285,0.14041954278945923,0.0001,9.79553256034851,0.010951046,0.2,0.9577449560165405,11.310458183288574,33.019335412979125,860,0.094921875,1000.0,1883.8370361328125,,
1646,432,174,712704,-0.006563364522298798,0.14035198092460632,0.0001,9.80371642112732,0.008153363,0.2,0.9640063643455505,16.369739532470703,39.906067085266116,865,0.037255859375,1000.0,1883.8370361328125,,
1649,434,175,716800,-0.009152274625375868,0.14030054211616516,0.0001,9.811612224578857,0.011682848,0.2,0.976625919342041,9.737842559814453,28.177364778518676,870,0.062255859375,1000.0,1883.8370361328125,,
1645,438,176,720896,-0.009006340568885208,0.14022761583328247,0.0001,9.818859195709228,0.010157298,0.2,0.9779951572418213,11.034096717834473,27.02453327178955,875,0.0703125,1000.0,1925.4781494140625,,
1647,439,177,724992,-0.011405911087058485,0.14012715220451355,0.0001,9.830479073524476,0.012036447,0.2,0.9701899290084839,18.042190551757812,37.4920539855957,880,0.090283203125,1000.0,1925.4781494140625,,
1650,441,178,729088,-0.008981189620681108,0.1400979608297348,0.0001,9.840150785446166,0.010566349,0.2,0.9806867241859436,10.606327056884766,27.845817184448244,885,0.070751953125,1000.0,1925.4781494140625,,
1653,443,179,733184,-0.013616923429071903,0.14000028371810913,0.0001,9.846013498306274,0.012713832,0.2,0.9825286269187927,9.492704391479492,24.335648632049562,890,0.096923828125,1000.0,1925.4781494140625,,
1649,446,180,737280,-0.013353748293593527,0.13987843692302704,0.0001,9.86157648563385,0.013680704,0.2,0.9854965209960938,9.726818084716797,23.17685866355896,895,0.118896484375,1000.0,1968.1268310546875,,
1651,448,181,741376,-0.01238251111935824,0.13979318737983704,0.0001,9.876093196868897,0.0129095055,0.2,0.9734070301055908,17.498313903808594,41.34158110618591,900,0.10048828125,1000.0,1968.1268310546875,,
1654,450,182,745472,-0.009192126238485799,0.13974981009960175,0.0001,9.883301711082458,0.009854379,0.2,0.9272403120994568,28.100488662719727,65.1679388999939,905,0.0509765625,1000.0,1968.1268310546875,,
1656,452,183,749568,-0.010028528267866932,0.13972093164920807,0.0001,9.888720297813416,0.010096338,0.2,0.921664297580719,37.12151336669922,76.81470079421997,910,0.056689453125,1000.0,1968.1268310546875,,
1613,467,184,753664,-0.01235747307073325,0.13964973390102386,0.0001,9.893983268737793,0.010804476,0.2,0.9341106414794922,28.1027889251709,62.17762670516968,915,0.092431640625,1000.0,1895.212158203125,250000,2.8319507288034904
1616,468,185,757760,-0.01296631108270958,0.1396203637123108,0.0001,9.902239871025085,0.011748912,0.2,0.9419872164726257,25.652013778686523,64.30768184661865,920,0.08662109375,1000.0,1895.212158203125,,
1619,470,186,761856,-0.011519725751713849,0.13960787653923035,0.0001,9.904318737983704,0.010450281,0.2,0.9302477240562439,27.208602905273438,61.16272668838501,925,0.0669921875,1000.0,1895.212158203125,,
1621,472,187,765952,-0.013361591100692748,0.13958591222763062,0.0001,9.906225728988648,0.013078118,0.2,0.9485374093055725,21.31667137145996,46.35541658401489,930,0.104833984375,1000.0,1895.212158203125,,
1618,475,188,770048,-0.013723064510850235,0.1394646018743515,0.0001,9.914422988891602,0.013155594,0.2,0.9442042708396912,21.884140014648438,52.11558465957641,935,0.11123046875,1000.0,1896.5230712890625,,
1620,477,189,774144,-0.01094245488056913,0.13938802480697632,0.0001,9.92946457862854,0.012375435,0.2,0.9624063968658447,19.369163513183594,46.99330644607544,940,0.087060546875,1000.0,1896.5230712890625,,
1622,479,190,778240,-0.014101204194594175,0.1393534541130066,0.0001,9.935600018501281,0.013967864,0.2,0.9823845624923706,10.561087608337402,26.239584255218507,945,0.114892578125,1000.0,1896.5230712890625,,
1625,481,191,782336,-0.012684631859883666,0.13918691873550415,0.0001,9.947024297714233,0.01327617,0.2,0.9832487106323242,9.691363334655762,23.851457023620604,950,0.126318359375,1000.0,1896.5230712890625,,
1619,485,192,786432,-0.014709213940659539,0.13906028866767883,0.0001,9.969701337814332,0.014324427,0.2,0.9838756322860718,10.730239868164062,23.299229860305786,955,0.143798828125,1000.0,1907.1607666015625,,
1621,487,193,790528,-0.010284426098223776,0.13900774717330933,0.0001,9.979761552810668,0.009887307,0.2,0.9692924618721008,16.71381187438965,42.78669729232788,960,0.074951171875,1000.0,1907.1607666015625,,
1624,489,194,794624,-0.010980300139635801,0.13901980221271515,0.0001,9.983285403251648,0.010932159,0.2,0.9709467887878418,11.328886985778809,31.706497764587404,965,0.06943359375,1000.0,1907.1607666015625,,
1626,491,195,798720,-0.013955969107337296,0.13900011777877808,0.0001,9.98225703239441,0.0114362,0.2,0.9722486734390259,13.180240631103516,30.98003487586975,970,0.106396484375,1000.0,1907.1607666015625,,
1619,495,196,802816,-0.010715452203294262,0.13901382684707642,0.0001,9.98357434272766,0.011053168,0.2,0.9725196361541748,11.118501663208008,29.344680643081666,975,0.089599609375,1000.0,1874.60986328125,,
1622,497,197,806912,-0.007384618668584153,0.13896223902702332,0.0001,9.985405492782593,0.007097192,0.2,0.9486517310142517,21.626733779907227,56.362185668945315,980,0.027783203125,1000.0,1874.60986328125,,
1624,499,198,811008,-0.0104731215396896,0.13893276453018188,0.0001,9.991693568229675,0.009949948,0.2,0.9493474364280701,20.477859497070312,57.101101112365725,985,0.051123046875,1000.0,1874.60986328125,,
1626,501,199,815104,-0.010693011904368176,0.13889163732528687,0.0001,9.995534443855286,0.009894371,0.2,0.9622901082038879,16.570091247558594,48.73037347793579,990,0.067333984375,1000.0,1874.60986328125,,
1623,504,200,819200,-0.012360722344601527,0.138872429728508,0.0001,9.99998185634613,0.011444368,0.2,0.9708900451660156,16.978151321411133,43.99487133026123,995,0.085986328125,1000.0,1835.0526123046875,,
1625,506,201,823296,-0.009822804795112461,0.1388658881187439,0.0001,10.001741695404053,0.011445189,0.2,0.9539952874183655,38.055633544921875,76.03408908843994,1000,0.06689453125,1000.0,1835.0526123046875,,
1628,508,202,827392,-0.008359566295985133,0.1388004720211029,0.0001,10.00451157093048,0.012746425,0.2,0.9623565673828125,28.768341064453125,60.56651391983032,1005,0.075244140625,1000.0,1835.0526123046875,,
1630,509,203,831488,-0.010392640717327595,0.1387692242860794,0.0001,10.013097858428955,0.013874467,0.2,0.9645427465438843,30.551158905029297,62.020032215118405,1010,0.096728515625,1000.0,1835.0526123046875,,
1624,514,204,835584,-0.010527174011804164,0.13869158923625946,0.0001,10.018442845344543,0.014533952,0.2,0.9685629606246948,25.149188995361328,56.31271562576294,1015,0.09921875,1000.0,1853.07080078125,,
1626,516,205,839680,-0.009697175497421995,0.13862664997577667,0.0001,10.028905987739563,0.010787427,0.2,0.9594428539276123,23.604042053222656,54.65058498382568,1020,0.061181640625,1000.0,1853.07080078125,,
1629,517,206,843776,-0.011952868662774563,0.13855189085006714,0.0001,10.03792233467102,0.009573269,0.2,0.9772510528564453,13.033390998840332,32.32847170829773,1025,0.08056640625,1000.0,1853.07080078125,,
1631,519,207,847872,-0.010851351823657752,0.13850629329681396,0.0001,10.046077728271484,0.010991667,0.2,0.9719537496566772,17.006271362304688,38.683017539978025,1030,0.07607421875,1000.0,1853.07080078125,,
1628,523,208,851968,-0.011092887679114937,0.1384379118680954,0.0001,10.052937889099121,0.012107985,0.2,0.980000376701355,12.476459503173828,28.165373373031617,1035,0.084716796875,1000.0,1870.95166015625,,
1630,524,209,856064,-0.012293843203224242,0.1383984088897705,0.0001,10.060190749168395,0.012334465,0.2,0.976764440536499,16.148895263671875,33.018078088760376,1040,0.08916015625,1000.0,1870.95166015625,,
1633,526,210,860160,-0.011800496600335464,0.13835570216178894,0.0001,10.065916633605957,0.0125548085,0.2,0.9853217005729675,8.797009468078613,20.865562915802002,1045,0.10654296875,1000.0,1870.95166015625,,
1630,530,211,864256,-0.010061546450015158,0.13827024400234222,0.0001,10.073250532150269,0.011422522,0.2,0.9845262765884399,8.942383766174316,22.57185826301575,1050,0.085986328125,1000.0,1880.533935546875,,
1632,531,212,868352,-0.013401483092457056,0.1382167935371399,0.0001,10.084357976913452,0.012355801,0.2,0.9823774099349976,13.007513046264648,25.506794118881224,1055,0.112548828125,1000.0,1880.533935546875,,
1634,533,213,872448,-0.009408367896685376,0.13818518817424774,0.0001,10.08872230052948,0.010392388,0.2,0.9212124943733215,21.97887420654297,54.57130451202393,1060,0.060986328125,1000.0,1880.533935546875,,
1637,535,214,876544,-0.011222416296368465,0.13817721605300903,0.0001,10.092344307899475,0.011516305,0.2,0.9406983852386475,17.038311004638672,40.20903525352478,1065,0.0869140625,1000.0,1880.533935546875,,
1632,539,215,880640,-0.01067917020409368,0.13810844719409943,0.0001,10.095359420776367,0.012285514,0.2,0.9393542408943176,17.867647171020508,40.42270479202271,1070,0.094873046875,1000.0,1896.64111328125,,
1634,541,216,884736,-0.009679268614854663,0.13803976774215698,0.0001,10.10589108467102,0.0098925335,0.2,0.9266349673271179,22.237680435180664,51.61988019943237,1075,0.0775390625,1000.0,1896.64111328125,,
1637,542,217,888832,-0.01105581476003863,0.13799986243247986,0.0001,10.112849020957947,0.01287627,0.2,0.9698443412780762,11.226096153259277,28.469087266921996,1080,0.081298828125,1000.0,1896.64111328125,,
1639,544,218,892928,-0.007978449435904622,0.13797278702259064,0.0001,10.117070198059082,0.009010831,0.2,0.9644187092781067,14.561902046203613,36.32120580673218,1085,0.03955078125,1000.0,1896.64111328125,,
1635,548,219,897024,-0.011809248145436869,0.1379072368144989,0.0001,10.123180961608886,0.012267472,0.2,0.9664967060089111,16.249309539794922,38.96646251678467,1090,0.09130859375,1000.0,1917.2674560546875,,
1638,550,220,901120,-0.017568704299628736,0.13792787492275238,0.0001,10.127647018432617,0.015359079,0.2,0.9774763584136963,13.131796836853027,31.392261743545532,1095,0.15888671875,1000.0,1917.2674560546875,,
1640,551,221,905216,-0.010989007423631847,0.13787749409675598,0.0001,10.126434087753296,0.011069169,0.2,0.9728202819824219,20.012392044067383,55.7738335609436,1100,0.083154296875,1000.0,1917.2674560546875,,
1642,553,222,909312,-0.01081885335734114,0.1378517895936966,0.0001,10.134098005294799,0.012253591,0.2,0.978816032409668,18.2867374420166,43.425695753097536,1105,0.0845703125,1000.0,1917.2674560546875,,
1639,557,223,913408,-0.013200849073473363,0.1378381997346878,0.0001,10.136336040496825,0.012450473,0.2,0.9752821326255798,19.424680709838867,49.92843255996704,1110,0.098681640625,1000.0,1929.3623046875,,
1641,558,224,917504,-0.011349472420988604,0.13781386613845825,0.0001,10.138568830490112,0.012219179,0.2,0.9763239622116089,21.95269012451172,46.21325135231018,1115,0.087255859375,1000.0,1929.3623046875,,
1644,560,225,921600,-0.008706809248542413,0.13780179619789124,0.0001,10.141383743286132,0.01046544,0.2,0.9802451133728027,11.993213653564453,32.23157076835632,1120,0.0638671875,1000.0,1929.3623046875,,
1646,562,226,925696,-0.01100114201544784,0.1378011405467987,0.0001,10.142612600326538,0.012088276,0.2,0.9836888909339905,13.546652793884277,29.84814100265503,1125,0.09091796875,1000.0,1929.3623046875,,
1640,566,227,929792,-0.009819980227621272,0.13780353963375092,0.0001,10.141794395446777,0.0118643455,0.2,0.9834537506103516,12.479697227478027,29.76521816253662,1130,0.09462890625,1000.0,1956.4268798828125,,
1642,568,228,933888,-0.010045998415444046,0.13774481415748596,0.0001,10.144805812835694,0.01207491,0.2,0.9667080044746399,21.62962532043457,51.79831085205078,1135,0.078369140625,1000.0,1956.4268798828125,,
1644,570,229,937984,-0.009449846419738606,0.1377113163471222,0.0001,10.151594924926759,0.011627375,0.2,0.9636937379837036,19.29250717163086,46.487668132781984,1140,0.080078125,1000.0,1956.4268798828125,,
1647,571,230,942080,-0.012160628943820483,0.13769756257534027,0.0001,10.155049252510072,0.013696498,0.2,0.9638646245002747,17.73812484741211,42.803318119049074,1145,0.10439453125,1000.0,1956.4268798828125,,
1642,576,231,946176,-0.010479140985989944,0.137626513838768,0.0001,10.158673763275146,0.012972666,0.2,0.9610624313354492,19.909015655517578,48.361994075775144,1150,0.093359375,1000.0,1973.58203125,,
1644,577,232,950272,-0.012944664841052144,0.13756272196769714,0.0001,10.168938446044923,0.011176238,0.2,0.9734532237052917,16.162918090820312,39.14265899658203,1155,0.092333984375,1000.0,1973.58203125,,
1646,579,233,954368,-0.011314371332991869,0.1374306082725525,0.0001,10.180430936813355,0.009941507,0.2,0.978515625,11.22877025604248,27.522875213623045,1160,0.086279296875,1000.0,1973.58203125,,
1648,581,234,958464,-0.010796789891901425,0.13727642595767975,0.0001,10.20028567314148,0.013337091,0.2,0.9839457273483276,9.368454933166504,23.03555507659912,1165,0.103759765625,1000.0,1973.58203125,,
1645,585,235,962560,-0.012079078110400588,0.13718238472938538,0.0001,10.218086695671081,0.011411646,0.2,0.9837122559547424,11.120689392089844,25.05416111946106,1170,0.118896484375,1000.0,1949.4454345703125,,
1647,586,236,966656,-0.011599797185044735,0.13716554641723633,0.0001,10.224682927131653,0.01188126,0.2,0.9714489579200745,18.121456146240234,46.48812198638916,1175,0.092529296875,1000.0,1949.4454345703125,,
1649,588,237,970752,-0.012003765793633648,0.13713334500789642,0.0001,10.227466082572937,0.011563397,0.2,0.9779075384140015,13.04262638092041,32.73015098571777,1180,0.09716796875,1000.0,1949.4454345703125,,
1651,590,238,974848,-0.01041019679105375,0.13712769746780396,0.0001,10.230943512916564,0.011026457,0.2,0.9791620969772339,14.043577194213867,31.876224184036253,1185,0.080029296875,1000.0,1949.4454345703125,,
1647,594,239,978944,-0.012820342544000597,0.13704535365104675,0.0001,10.234883499145507,0.0114279995,0.2,0.9841336607933044,9.962940216064453,25.14593586921692,1190,0.0984375,1000.0,1941.21484375,,
1649,595,240,983040,-0.01072125206119381,0.13699890673160553,0.0001,10.245119571685791,0.010935042,0.2,0.9577394127845764,19.788251876831055,40.474752235412595,1195,0.073681640625,1000.0,1941.21484375,,
1651,597,241,987136,-0.012145895353751258,0.1369946300983429,0.0001,10.247584414482116,0.01198182,0.2,0.9600771069526672,11.213263511657715,27.50473165512085,1200,0.09052734375,1000.0,1941.21484375,,
1653,599,242,991232,-0.011940933694131673,0.13694103062152863,0.0001,10.250236439704896,0.012903906,0.2,0.9637656807899475,12.672656059265137,27.588845252990723,1205,0.11552734375,1000.0,1941.21484375,,
1650,603,243,995328,-0.009346749837277457,0.13688209652900696,0.0001,10.259052205085755,0.010293253,0.2,0.9685892462730408,9.864753723144531,23.74888319969177,1210,0.09482421875,1000.0,1938.678466796875,,
1652,604,244,999424,-0.010117749182973057,0.13687168061733246,0.0001,10.26386330127716,0.011078718,0.2,0.9548848867416382,27.148666381835938,53.34086952209473,1215,0.07958984375,1000.0,1938.678466796875,,
1624,617,245,1003520,-0.012846483066095971,0.13678818941116333,0.0001,10.268388843536377,0.01280972,0.2,0.9614729881286621,20.389991760253906,45.43961448669434,1220,0.11982421875,1000.0,1938.678466796875,250000,2.7794290324328457
1626,619,246,1007616,-0.014213969104457647,0.13675206899642944,0.0001,10.278589725494385,0.012954865,0.2,0.9668083786964417,17.05347442626953,35.61115016937256,1225,0.1189453125,1000.0,1938.678466796875,,
1623,623,247,1011712,-0.013219328748527914,0.13668233156204224,0.0001,10.283974933624268,0.011066994,0.2,0.9575009346008301,20.148893356323242,44.17081804275513,1230,0.104296875,1000.0,1973.6551513671875,,
1625,624,248,1015808,-0.005435722001129762,0.13665981590747833,0.0001,10.291440439224242,0.0048368797,0.2,0.8465263247489929,52.15923309326172,151.20919761657714,1235,0.0171875,1000.0,1973.6551513671875,,
1627,626,249,1019904,-0.007451196771580726,0.13666337728500366,0.0001,10.292445659637451,0.0056322482,0.2,0.8283033967018127,46.564964294433594,133.4801607131958,1240,0.015673828125,1000.0,1973.6551513671875,,
1625,629,250,1024000,-0.009284760867012664,0.13665415346622467,0.0001,10.29207718372345,0.0076372414,0.2,0.8639136552810669,43.54297637939453,115.62611446380615,1245,0.03447265625,1000.0,1886.02001953125,,
1625,632,251,1028096,-0.009456215891987085,0.13663733005523682,0.0001,10.294368004798889,0.008116581,0.2,0.875453770160675,39.72069549560547,105.9302354812622,1250,0.0427734375,1000.0,1886.02001953125,,
1627,634,252,1032192,-0.00910715979989618,0.136646568775177,0.0001,10.295268535614014,0.011068687,0.2,0.9263392686843872,19.644397735595703,48.862325763702394,1255,0.0564453125,1000.0,1886.02001953125,,
1629,636,253,1036288,-0.009478995279641822,0.13663747906684875,0.0001,10.294337725639343,0.010842891,0.2,0.9469334483146667,11.40750503540039,31.466292095184325,1260,0.064892578125,1000.0,1886.02001953125,,
1625,640,254,1040384,-0.006751632218947634,0.13661281764507294,0.0001,10.296741318702697,0.009860039,0.2,0.9415475726127625,13.295031547546387,36.63033761978149,1265,0.040283203125,1000.0,1911.8134765625,,
1627,641,255,1044480,-0.014139048621291294,0.13651792705059052,0.0001,10.303817415237427,0.014136887,0.2,0.9383329153060913,17.980085372924805,42.43828639984131,1270,0.11630859375,1000.0,1911.8134765625,,
1628,643,256,1048576,-0.010710901208221912,0.1364491730928421,0.0001,10.315899968147278,0.012010216,0.2,0.9395614266395569,22.421371459960938,54.283475399017334,1275,0.078369140625,1000.0,1911.8134765625,,
1630,645,257,1052672,-0.009555087913759053,0.13644075393676758,0.0001,10.3216322183609,0.0094489725,0.2,0.9327335357666016,17.326980590820312,52.53841104507446,1280,0.0447265625,1000.0,1911.8134765625,,
1627,649,258,1056768,-0.013108953787013888,0.13645222783088684,0.0001,10.321019816398621,0.012410596,0.2,0.9473733901977539,17.542436599731445,43.06571397781372,1285,0.095068359375,1000.0,1884.8963623046875,,
1629,651,259,1060864,-0.011305024172179401,0.13642315566539764,0.0001,10.321441674232483,0.012853364,0.2,0.953098714351654,16.935272216796875,41.39553680419922,1290,0.103125,1000.0,1884.8963623046875,,
1631,652,260,1064960,-0.00792061840184033,0.13636986911296844,0.0001,10.326976442337036,0.008737547,0.2,0.966063916683197,14.460029602050781,45.45939836502075,1295,0.05419921875,1000.0,1884.8963623046875,,
1633,654,261,1069056,-0.010208741517271847,0.13629797101020813,0.0001,10.335223150253295,0.010004029,0.2,0.9640812277793884,13.360746383666992,38.930334138870236,1300,0.076904296875,1000.0,1884.8963623046875,,
1629,658,262,1073152,-0.010985645465552807,0.13619938492774963,0.0001,10.344863939285279,0.012053734,0.2,0.9811724424362183,8.720931053161621,25.889951467514038,1305,0.092138671875,1000.0,1918.9482421875,,
1631,660,263,1077248,-0.012518852681387216,0.13606953620910645,0.0001,10.361995387077332,0.011600342,0.2,0.9689301252365112,18.663862228393555,38.929789018630984,1310,0.119580078125,1000.0,1918.9482421875,,
1633,662,264,1081344,-0.010098214575555176,0.13596712052822113,0.0001,10.376959848403931,0.009414056,0.2,0.9658690690994263,14.023784637451172,38.230000734329224,1315,0.0763671875,1000.0,1918.9482421875,,
1635,663,265,1085440,-0.012391337973531336,0.13584381341934204,0.0001,10.39142484664917,0.011990134,0.2,0.968194842338562,12.397381782531738,34.944870471954346,1320,0.089794921875,1000.0,1918.9482421875,,
1632,667,266,1089536,-0.013459735276410357,0.13582658767700195,0.0001,10.403253436088562,0.013315091,0.2,0.9740643501281738,10.669182777404785,30.693724632263184,1325,0.110302734375,1000.0,1923.9058837890625,,
1633,669,267,1093632,-0.012129101107711903,0.13579541444778442,0.0001,10.404495787620544,0.012121097,0.2,0.9587114453315735,19.79042625427246,52.9458366394043,1330,0.10419921875,1000.0,1923.9058837890625,,
1635,671,268,1097728,-0.013382751087192446,0.13575983047485352,0.0001,10.409855604171753,0.012887493,0.2,0.9714935421943665,15.197495460510254,34.88494091033935,1335,0.1080078125,1000.0,1923.9058837890625,,
1637,672,269,1101824,-0.015109782718354836,0.13569141924381256,0.0001,10.415470409393311,0.013560472,0.2,0.969325840473175,18.26053237915039,40.15869212150574,1340,0.15,1000.0,1923.9058837890625,,
1634,676,270,1105920,-0.012135324912378564,0.13564686477184296,0.0001,10.424408721923829,0.012715511,0.2,0.9755988717079163,14.605676651000977,33.20897107124328,1345,0.11689453125,1000.0,1899.30615234375,,
1636,678,271,1110016,-0.011516357358777896,0.13559561967849731,0.0001,10.430295014381409,0.010883624,0.2,0.9715878367424011,14.086511611938477,34.45563530921936,1350,0.1056640625,1000.0,1899.30615234375,,
1637,680,272,1114112,-0.013710820634150878,0.13547076284885406,0.0001,10.440710663795471,0.012405962,0.2,0.9676032066345215,16.026565551757812,36.097971487045285,1355,0.115869140625,1000.0,1899.30615234375,,
1639,682,273,1118208,-0.010770152480108663,0.13539451360702515,0.0001,10.455849766731262,0.011263879,0.2,0.9616293907165527,18.23556900024414,36.312206220626834,1360,0.078466796875,1000.0,1899.30615234375,,
1636,685,274,1122304,-0.01377869889838621,0.13531942665576935,0.0001,10.464578890800476,0.013225368,0.2,0.970884382724762,12.046100616455078,28.175327157974245,1365,0.09892578125,1000.0,1949.6700439453125,,
1637,687,275,1126400,-0.01393928963225335,0.13531549274921417,0.0001,10.471516704559326,0.012907904,0.2,0.968130886554718,17.596872329711914,39.96554737091064,1370,0.1162109375,1000.0,1949.6700439453125,,
1639,689,276,1130496,-0.011636972217820585,0.13529743254184723,0.0001,10.472096991539,0.012601072,0.2,0.9785202741622925,12.093323707580566,27.99182996749878,1375,0.106201171875,1000.0,1949.6700439453125,,
1641,691,277,1134592,-0.013549164752475917,0.13525718450546265,0.0001,10.475939321517945,0.011125117,0.2,0.9810894131660461,10.1749849319458,25.803080606460572,1380,0.10908203125,1000.0,1949.6700439453125,,
1636,695,278,1138688,-0.01445899544050917,0.13513155281543732,0.0001,10.485920572280884,0.012651779,0.2,0.9886840581893921,6.79639196395874,17.056554198265076,1385,0.135400390625,1000.0,1963.4581298828125,,
1637,697,279,1142784,-0.012232019461225718,0.13504795730113983,0.0001,10.502402329444886,0.01280506,0.2,0.9790860414505005,15.114355087280273,35.45059533119202,1390,0.1072265625,1000.0,1963.4581298828125,,
1639,699,280,1146880,-0.011875166761456057,0.13492925465106964,0.0001,10.51343936920166,0.012180066,0.2,0.9853017330169678,9.40285587310791,22.608701705932617,1395,0.088037109375,1000.0,1963.4581298828125,,
1640,701,281,1150976,-0.013537332660052925,0.13491396605968475,0.0001,10.525288224220276,0.0123757925,0.2,0.9880245327949524,7.056611061096191,17.906273531913758,1400,0.11201171875,1000.0,1963.4581298828125,,
1638,705,282,1155072,-0.015289023832883686,0.13486289978027344,0.0001,10.527369403839112,0.013471795,0.2,0.9885953664779663,7.82868766784668,17.79925730228424,1405,0.14248046875,1000.0,1972.232666015625,,
1639,706,283,1159168,-0.008276916749309748,0.13482603430747986,0.0001,10.534787702560426,0.010433232,0.2,0.9640305042266846,20.840505599975586,46.93347606658936,1410,0.072998046875,1000.0,1972.232666015625,,
1641,708,284,1163264,-0.009508375139557757,0.13477465510368347,0.0001,10.53977346420288,0.010433741,0.2,0.9512656927108765,23.557783126831055,51.52425241470337,1415,0.076123046875,1000.0,1972.232666015625,,
1643,710,285,1167360,-0.011165617615915835,0.134705051779747,0.0001,10.54783275127411,0.011644054,0.2,0.9422023296356201,35.52397155761719,65.31238632202148,1420,0.0796875,1000.0,1972.232666015625,,
1640,714,286,1171456,-0.010506672092014923,0.13471049070358276,0.0001,10.554009628295898,0.010770252,0.2,0.9489809274673462,24.756879806518555,62.23632841110229,1425,0.06015625,1000.0,1906.8397216796875,,
1641,716,287,1175552,-0.008597205171827226,0.1346902847290039,0.0001,10.55301604270935,0.009177325,0.2,0.933376669883728,51.248260498046875,97.8044973373413,1430,0.048681640625,1000.0,1906.8397216796875,,
1642,718,288,1179648,-0.010338153305929155,0.13464337587356567,0.0001,10.558037495613098,0.012108218,0.2,0.9344873428344727,34.6654052734375,90.14937839508056,1435,0.071337890625,1000.0,1906.8397216796875,,
1644,719,289,1183744,-0.009977151834755204,0.13456831872463226,0.0001,10.56549530029297,0.011667479,0.2,0.9495524764060974,34.292911529541016,68.50803937911988,1440,0.08505859375,1000.0,1906.8397216796875,,
1640,724,290,1187840,-0.009651313288486563,0.134543776512146,0.0001,10.574046897888184,0.0120028,0.2,0.9434623718261719,37.5852165222168,74.8232949256897,1445,0.09111328125,1000.0,1897.6793212890625,,
1641,726,291,1191936,-0.0075035972229670735,0.13452710211277008,0.0001,10.575652241706848,0.0075281737,0.2,0.8480250239372253,60.89657974243164,144.17343940734864,1450,0.03203125,1000.0,1897.6793212890625,,
1643,727,292,1196032,-0.012918172759236768,0.1345091462135315,0.0001,10.57867410182953,0.011342868,0.2,0.8796128034591675,43.275787353515625,93.83592510223389,1455,0.0724609375,1000.0,1897.6793212890625,,
1640,731,293,1200128,-0.011499608482699842,0.1345064640045166,0.0001,10.57993187904358,0.009499916,0.2,0.8732910752296448,42.38611602783203,103.7230052947998,1460,0.061083984375,1000.0,1887.4521484375,,
1642,733,294,1204224,-0.011718021810520441,0.13446985185146332,0.0001,10.581995105743408,0.011176253,0.2,0.9092526435852051,28.308311462402344,69.94461908340455,1465,0.087255859375,1000.0,1887.4521484375,,
1643,735,295,1208320,-0.007879937201505528,0.13445819914340973,0.0001,10.585606336593628,0.009059537,0.2,0.9604262113571167,16.290729522705078,41.60354552268982,1470,0.060302734375,1000.0,1887.4521484375,,
1645,736,296,1212416,-0.0090102837421,0.1343223750591278,0.0001,10.592560958862304,0.010297755,0.2,0.9738960862159729,10.678406715393066,27.18699445724487,1475,0.07529296875,1000.0,1887.4521484375,,
1642,740,297,1216512,-0.012139020930044353,0.1342012584209442,0.0001,10.613165950775146,0.0148181515,0.2,0.9777114391326904,8.8179931640625,23.508565521240236,1480,0.121044921875,1000.0,1895.7489013671875,,
1644,742,298,1220608,-0.011717898619826883,0.13414736092090607,0.0001,10.624870252609252,0.011398977,0.2,0.9726935029029846,15.402505874633789,35.18602719306946,1485,0.09970703125,1000.0,1895.7489013671875,,
1646,744,299,1224704,-0.00852036012802273,0.13412660360336304,0.0001,10.630185532569886,0.009060886,0.2,0.9277533888816833,41.52546691894531,116.83587169647217,1490,0.060205078125,1000.0,1895.7489013671875,,
1647,745,300,1228800,-0.00902642126311548,0.13409139215946198,0.0001,10.632691383361816,0.010135731,0.2,0.9537681341171265,32.07467269897461,80.74702463150024,1495,0.06220703125,1000.0,1895.7489013671875,,
1645,749,301,1232896,-0.012442155403550714,0.1340692937374115,0.0001,10.63791801929474,0.014612781,0.2,0.9608373045921326,32.49849319458008,78.10234508514404,1500,0.120654296875,1000.0,1826.3636474609375,,
1647,750,302,1236992,-0.013937726663425565,0.13408122956752777,0.0001,10.638206553459167,0.012945717,0.2,0.9642274379730225,34.55845260620117,72.78585958480835,1505,0.1236328125,1000.0,1826.3636474609375,,
1648,752,303,1241088,-0.006539471750147641,0.13406138122081757,0.0001,10.637921380996705,0.006559807,0.2,0.9492987990379333,29.21624755859375,82.93979330062866,1510,0.028173828125,1000.0,1826.3636474609375,,
1650,754,304,1245184,-0.010169208457227796,0.1340448260307312,0.0001,10.64107050895691,0.011150051,0.2,0.9615544080734253,24.138578414916992,60.67274570465088,1515,0.064990234375,1000.0,1826.3636474609375,,
1648,757,305,1249280,-0.010003670083824545,0.13401761651039124,0.0001,10.643682026863098,0.0111739775,0.2,0.962119996547699,27.709030151367188,64.09141693115234,1520,0.054833984375,1000.0,1819.30908203125,,
1626,770,306,1253376,-0.012894468219019472,0.13400186598300934,0.0001,10.64678680896759,0.011776552,0.2,0.9624872803688049,29.814929962158203,64.07554979324341,1525,0.1001953125,1000.0,1819.30908203125,250000,2.7888779147045684
1627,772,307,1257472,-0.007595744397258386,0.13397352397441864,0.0001,10.649159049987793,0.008356771,0.2,0.9660511016845703,13.128585815429688,42.72393441200256,1530,0.03994140625,1000.0,1819.30908203125,,
1629,774,308,1261568,-0.009689100401010365,0.13390593230724335,0.0001,10.655655765533448,0.010609273,0.2,0.9760212898254395,10.458374977111816,29.818009042739867,1535,0.059228515625,1000.0,1819.30908203125,,
1625,778,309,1265664,-0.01222631758719217,0.1338518261909485,0.0001,10.664494609832763,0.011082012,0.2,0.9781275391578674,11.121161460876465,28.63085608482361,1540,0.106005859375,1000.0,1843.73193359375,,
1627,780,310,1269760,-0.01309965638210997,0.1338074654340744,0.0001,10.671076989173889,0.011750636,0.2,0.96427321434021,32.465248107910156,62.15617275238037,1545,0.0875,1000.0,1843.73193359375,,
1628,782,311,1273856,-0.010453154169954359,0.13376492261886597,0.0001,10.6770498752594,0.011101987,0.2,0.961279571056366,31.581893920898438,68.37472352981567,1550,0.071875,1000.0,1843.73193359375,,
1630,783,312,1277952,-0.0117209788702894,0.13373248279094696,0.0001,10.682040977478028,0.011044074,0.2,0.9629223346710205,25.60057830810547,58.618195343017575,1555,0.08037109375,1000.0,1843.73193359375,,
1628,787,313,1282048,-0.012678223264811096,0.13368164002895355,0.0001,10.687155985832215,0.0128646465,0.2,0.9685474634170532,21.087432861328125,49.882186794281004,1560,0.10703125,1000.0,1832.1956787109375,,
1629,789,314,1286144,-0.011187296611024067,0.13364410400390625,0.0001,10.694106578826904,0.011776105,0.2,0.9319464564323425,38.68862533569336,79.54367151260377,1565,0.085986328125,1000.0,1832.1956787109375,,
1631,790,315,1290240,-0.009227208490483464,0.13360588252544403,0.0001,10.698494720458985,0.009163543,0.2,0.8927234411239624,27.083717346191406,70.71880865097046,1570,0.052099609375,1000.0,1832.1956787109375,,
1632,792,316,1294336,-0.014581621042452753,0.13357539474964142,0.0001,10.703835892677308,0.0129991155,0.2,0.9004480838775635,27.017580032348633,69.4521674156189,1575,0.102685546875,1000.0,1832.1956787109375,,
1630,796,317,1298432,-0.011379353882512077,0.13355328142642975,0.0001,10.706669354438782,0.010551806,0.2,0.8991379737854004,32.26838302612305,79.57968091964722,1580,0.0837890625,1000.0,1826.7974853515625,,
1631,798,318,1302528,-0.013184888754040003,0.13347390294075012,0.0001,10.712801384925843,0.012234072,0.2,0.9148808717727661,43.54963684082031,92.08108692169189,1585,0.099267578125,1000.0,1826.7974853515625,,
1633,800,319,1306624,-0.01041064236778766,0.13344666361808777,0.0001,10.72181785106659,0.01250698,0.2,0.9317476153373718,34.694149017333984,72.7579607963562,1590,0.07548828125,1000.0,1826.7974853515625,,
1634,801,320,1310720,-0.010290992871159688,0.1334034949541092,0.0001,10.725042057037353,0.011248656,0.2,0.9420716762542725,26.280359268188477,59.97235364913941,1595,0.085595703125,1000.0,1826.7974853515625,,
1632,805,321,1314816,-0.00967718284809962,0.13338997960090637,0.0001,10.73029453754425,0.009580698,0.2,0.9452731013298035,24.203689575195312,60.67393455505371,1600,0.0673828125,1000.0,1792.974365234375,,
1634,807,322,1318912,-0.012431816052412614,0.13339360058307648,0.0001,10.730129218101501,0.012045065,0.2,0.97040855884552,21.721364974975586,50.30079822540283,1605,0.107177734375,1000.0,1792.974365234375,,
1635,808,323,1323008,-0.009337617096025496,0.133372962474823,0.0001,10.73043932914734,0.010252876,0.2,0.9837535619735718,9.58216667175293,30.77544379234314,1610,0.065869140625,1000.0,1792.974365234375,,
1637,810,324,1327104,-0.010438009438803419,0.1333046704530716,0.0001,10.736374855041504,0.012602078,0.2,0.9866671562194824,8.870803833007812,25.73685140609741,1615,0.09677734375,1000.0,1792.974365234375,,
1634,814,325,1331200,-0.009149163600523025,0.13320890069007874,0.0001,10.748304867744446,0.0109223025,0.2,0.9862850904464722,11.8605375289917,31.139442586898802,1620,0.0828125,1000.0,1861.729248046875,,
1635,816,326,1335296,-0.011340593558270485,0.1331147700548172,0.0001,10.76212136745453,0.012062361,0.2,0.9747262597084045,12.507784843444824,31.79888234138489,1625,0.09365234375,1000.0,1861.729248046875,,
1637,818,327,1339392,-0.009777795459376648,0.1330443024635315,0.0001,10.772978782653809,0.010092761,0.2,0.9760850071907043,9.087924003601074,22.303087544441222,1630,0.075732421875,1000.0,1861.729248046875,,
1638,819,328,1343488,-0.00950533599825576,0.13294677436351776,0.0001,10.782867908477783,0.010498865,0.2,0.9761784672737122,7.67972993850708,19.279113507270814,1635,0.07861328125,1000.0,1861.729248046875,,
1636,823,329,1347584,-0.009738041495438665,0.13290004432201385,0.0001,10.795218110084534,0.011928259,0.2,0.9772902131080627,7.902331352233887,19.663193225860596,1640,0.1021484375,1000.0,1848.986572265625,,
1637,825,330,1351680,-0.012270842783618719,0.1328321099281311,0.0001,10.801665544509888,0.0137581285,0.2,0.94752037525177,16.48760414123535,39.31745166778565,1645,0.10234375,1000.0,1848.986572265625,,
1639,827,331,1355776,-0.009106540080392734,0.1327628791332245,0.0001,10.810791730880737,0.011461742,0.2,0.9576653242111206,10.264801025390625,28.3184494972229,1650,0.078125,1000.0,1848.986572265625,,
1640,828,332,1359872,-0.012086901412112638,0.13266706466674805,0.0001,10.82237696647644,0.01408829,0.2,0.961333692073822,10.355365753173828,25.199128103256225,1655,0.1208984375,1000.0,1848.986572265625,,
1635,833,333,1363968,-0.012096333981025964,0.13256067037582397,0.0001,10.836993861198426,0.012943064,0.2,0.9523621797561646,12.029498100280762,29.52790927886963,1660,0.116796875,1000.0,1860.7269287109375,,
1637,835,334,1368064,-0.011601112800417469,0.13255298137664795,0.0001,10.84604196548462,0.012247581,0.2,0.9031714200973511,41.53306198120117,93.07838325500488,1665,0.096484375,1000.0,1860.7269287109375,,
1638,837,335,1372160,-0.011592035612557084,0.13251963257789612,0.0001,10.846707248687744,0.012096068,0.2,0.9262291193008423,24.040117263793945,65.43157787322998,1670,0.105859375,1000.0,1860.7269287109375,,
1637,840,336,1376256,-0.012591709761181846,0.1324900984764099,0.0001,10.853022861480714,0.012188156,0.2,0.9272658228874207,34.57312774658203,68.37864627838135,1675,0.108154296875,1000.0,1908.4005126953125,,
1638,842,337,1380352,-0.013640007071080618,0.13244883716106415,0.0001,10.856759119033814,0.011747194,0.2,0.938454806804657,26.156875610351562,56.04496097564697,1680,0.1185546875,1000.0,1908.4005126953125,,
1640,844,338,1384448,-0.008995826909085736,0.1323983371257782,0.0001,10.863388204574585,0.011460271,0.2,0.9411994218826294,15.341809272766113,36.647316980361936,1685,0.060791015625,1000.0,1908.4005126953125,,
1641,845,339,1388544,-0.010322332684881984,0.1323552429676056,0.0001,10.870431327819825,0.012958905,0.2,0.9588844776153564,11.99310302734375,27.998984384536744,1690,0.080810546875,1000.0,1908.4005126953125,,
1639,849,340,1392640,-0.011111439036903903,0.13234423100948334,0.0001,10.874090218544007,0.013121096,0.2,0.9674494862556458,8.687426567077637,21.657382750511168,1695,0.103955078125,1000.0,1920.7373046875,,
1640,851,341,1396736,-0.0111443292000331,0.13229790329933167,0.0001,10.876979160308839,0.012565425,0.2,0.9576616883277893,18.45513153076172,40.6338942527771,1700,0.10537109375,1000.0,1920.7373046875,,
1642,852,342,1400832,-0.007642060396028683,0.13226988911628723,0.0001,10.883186292648315,0.008223204,0.2,0.9417860507965088,27.523685455322266,70.53696823120117,1705,0.0404296875,1000.0,1920.7373046875,,
1643,854,343,1404928,-0.007625104155158624,0.13225114345550537,0.0001,10.886276793479919,0.009927737,0.2,0.9636142253875732,21.11902618408203,50.49541997909546,1710,0.05400390625,1000.0,1920.7373046875,,
1641,858,344,1409024,-0.00821072498220019,0.1322529911994934,0.0001,10.887566661834716,0.011017786,0.2,0.9570300579071045,29.453344345092773,67.57697019577026,1715,0.06494140625,1000.0,1935.9281005859375,,
1643,859,345,1413120,-0.012614072707947344,0.1322104036808014,0.0001,10.889164185523986,0.012671273,0.2,0.9476434588432312,30.03604507446289,69.44690542221069,1720,0.108154296875,1000.0,1935.9281005859375,,
1644,861,346,1417216,-0.007246361812576652,0.1321750283241272,0.0001,10.89524278640747,0.008659737,0.2,0.8203366994857788,23.86080551147461,62.2020263671875,1725,0.039697265625,1000.0,1935.9281005859375,,
1646,863,347,1421312,-0.011881928890943527,0.13216453790664673,0.0001,10.898501706123351,0.0113477595,0.2,0.8658665418624878,18.34468650817871,49.97255859375,1730,0.09345703125,1000.0,1935.9281005859375,,
1643,867,348,1425408,-0.011895028466824442,0.1321394145488739,0.0001,10.90058867931366,0.012331089,0.2,0.9005781412124634,16.786399841308594,40.47938117980957,1735,0.0966796875,1000.0,1870.005615234375,,
1644,869,349,1429504,-0.011501923186006024,0.13211484253406525,0.0001,10.90399615764618,0.01185217,0.2,0.9398837089538574,15.369840621948242,36.911085510253905,1740,0.094189453125,1000.0,1870.005615234375,,
1646,870,350,1433600,-0.010124413983430714,0.1320139616727829,0.0001,10.911506581306458,0.0120348185,0.2,0.9613578915596008,7.531169891357422,18.777919125556945,1745,0.0849609375,1000.0,1870.005615234375,,
1647,872,351,1437696,-0.011462178791407495,0.13190419971942902,0.0001,10.928182148933411,0.014814869,0.2,0.9661098718643188,6.7919602394104,17.915006923675538,1750,0.11142578125,1000.0,1870.005615234375,,
1645,876,352,1441792,-0.010909378741052933,0.1318059265613556,0.0001,10.941810464859008,0.011189099,0.2,0.967647135257721,7.210417747497559,17.538385558128358,1755,0.0955078125,1000.0,1855.034423828125,,
1646,878,353,1445888,-0.014290479780174791,0.1316995620727539,0.0001,10.956990051269532,0.012949908,0.2,0.9721081852912903,10.680002212524414,24.778530597686768,1760,0.1275390625,1000.0,1855.034423828125,,
1647,879,354,1449984,-0.01075376605731435,0.13163840770721436,0.0001,10.96723780632019,0.00990718,0.2,0.9756054282188416,7.161144733428955,19.915831661224367,1765,0.0734375,1000.0,1855.034423828125,,
1649,881,355,1454080,-0.0102022965089418,0.13157962262630463,0.0001,10.975192904472351,0.012223968,0.2,0.9751865863800049,7.48250150680542,19.00134069919586,1770,0.09951171875,1000.0,1855.034423828125,,
1645,886,356,1458176,-0.011573719431180508,0.13154840469360352,0.0001,10.981989765167237,0.013701426,0.2,0.979273796081543,7.82236385345459,18.26484408378601,1775,0.10888671875,1000.0,1866.4317626953125,,
1646,887,357,1462272,-0.014117741258814931,0.13149376213550568,0.0001,10.987089705467223,0.015637875,0.2,0.9681472182273865,17.677326202392578,37.366288566589354,1780,0.152001953125,1000.0,1866.4317626953125,,
1648,889,358,1466368,-0.007838209957117214,0.13141871988773346,0.0001,10.995621633529662,0.009974661,0.2,0.9727809429168701,10.144743919372559,32.74270215034485,1785,0.057763671875,1000.0,1866.4317626953125,,
1649,891,359,1470464,-0.012179705529706552,0.13133510947227478,0.0001,11.006885027885437,0.014588676,0.2,0.9786116480827332,12.239147186279297,30.055640840530394,1790,0.1125,1000.0,1866.4317626953125,,
1647,895,360,1474560,-0.013112902734428644,0.1312580704689026,0.0001,11.018926215171813,0.014416693,0.2,0.9829366207122803,12.034100532531738,27.221602869033813,1795,0.141259765625,1000.0,1906.6448974609375,,
1648,896,361,1478656,-0.011444656667299569,0.13121287524700165,0.0001,11.027787494659425,0.012879137,0.2,0.9745867848396301,22.552507400512695,49.60950908660889,1800,0.097607421875,1000.0,1906.6448974609375,,
1649,898,362,1482752,-0.011665077274665236,0.1310749351978302,0.0001,11.038289523124694,0.013064965,0.2,0.9814114570617676,12.320271492004395,36.3101044178009,1805,0.107373046875,1000.0,1906.6448974609375,,
1651,900,363,1486848,-0.010671421700681093,0.1310221552848816,0.0001,11.054349946975709,0.0133591,0.2,0.9838077425956726,15.484832763671875,36.082829284667966,1810,0.106005859375,1000.0,1906.6448974609375,,
1647,904,364,1490944,-0.013431463556480594,0.13097888231277466,0.0001,11.05923342704773,0.013466895,0.2,0.984329342842102,15.137185096740723,34.34373269081116,1815,0.13916015625,1000.0,1902.5406494140625,,
1648,906,365,1495040,-0.011854074068833143,0.1309061497449875,0.0001,11.067000317573548,0.0129847005,0.2,0.9840944409370422,10.604446411132812,26.120757579803467,1820,0.111669921875,1000.0,1902.5406494140625,,
1650,908,366,1499136,-0.009511028131237253,0.1308661252260208,0.0001,11.075631189346314,0.010707872,0.2,0.974830150604248,8.996603965759277,26.603858327865602,1825,0.06845703125,1000.0,1902.5406494140625,,
1631,921,367,1503232,-0.007252004163456149,0.1308097243309021,0.0001,11.081417727470399,0.010476159,0.2,0.9788057804107666,7.973706245422363,22.609830045700072,1830,0.056494140625,1000.0,1902.5406494140625,250000,2.812504865543031
1628,925,368,1507328,-0.011645226238761098,0.13071702420711517,0.0001,11.091424036026002,0.0127137685,0.2,0.982420802116394,8.392156600952148,21.234769034385682,1835,0.092529296875,1000.0,1911.630126953125,,
1630,927,369,1511424,-0.013805032381787897,0.13066846132278442,0.0001,11.103432250022887,0.013979463,0.2,0.977297842502594,13.246376037597656,30.601277923583986,1840,0.1251953125,1000.0,1911.630126953125,,
1631,928,370,1515520,-0.01016540607670322,0.13066311180591583,0.0001,11.106399989128112,0.011496527,0.2,0.9818788766860962,8.633101463317871,21.302849650382996,1845,0.09501953125,1000.0,1911.630126953125,,
1632,930,371,1519616,-0.012728161830455064,0.13062648475170135,0.0001,11.10859637260437,0.012360924,0.2,0.9814578890800476,8.406810760498047,21.551473951339723,1850,0.121044921875,1000.0,1911.630126953125,,
1630,934,372,1523712,-0.011929219111334533,0.13049286603927612,0.0001,11.120363640785218,0.012233913,0.2,0.9850620031356812,7.667543888092041,19.023389649391174,1855,0.1275390625,1000.0,1956.5445556640625,,
1631,936,373,1527808,-0.0028614904935238884,0.1304498314857483,0.0001,11.134791922569274,0.0046910793,0.2,0.9282777309417725,37.92952346801758,109.57517910003662,1860,0.028564453125,1000.0,1956.5445556640625,,
1632,938,374,1531904,-0.005006228407728486,0.13043977320194244,0.0001,11.137753868103028,0.0045131743,0.2,0.9391412138938904,30.947608947753906,89.63727540969849,1865,0.009765625,1000.0,1956.5445556640625,,
1631,941,375,1536000,-0.008667111542308703,0.1304134726524353,0.0001,11.139997386932373,0.007839017,0.2,0.9541021585464478,25.790775299072266,76.45770092010498,1870,0.03212890625,1000.0,1964.7646484375,,
1632,943,376,1540096,-0.013211234868504108,0.13040009140968323,0.0001,11.143408584594727,0.011931194,0.2,0.9643529653549194,27.928775787353516,69.14170484542846,1875,0.087939453125,1000.0,1964.7646484375,,
1633,945,377,1544192,-0.011677606083685533,0.13032855093479156,0.0001,11.14769024848938,0.011350969,0.2,0.9794732928276062,16.30381965637207,35.36075596809387,1880,0.10224609375,1000.0,1964.7646484375,,
1634,947,378,1548288,-0.012180749190156348,0.13023363053798676,0.0001,11.160096907615662,0.0136882635,0.2,0.9893075227737427,7.849611759185791,18.668062376976014,1885,0.10546875,1000.0,1964.7646484375,,
1633,950,379,1552384,-0.012493559607537463,0.13015972077846527,0.0001,11.172105717658997,0.013162679,0.2,0.9843529462814331,9.049091339111328,24.207302141189576,1890,0.127734375,1000.0,1961.85986328125,,
1634,952,380,1556480,-0.01320558472070843,0.13007105886936188,0.0001,11.182043194770813,0.012875736,0.2,0.9833966493606567,12.475656509399414,27.610993671417237,1895,0.127294921875,1000.0,1961.85986328125,,
1635,954,381,1560576,-0.011827873066067696,0.13000458478927612,0.0001,11.194110989570618,0.010833888,0.2,0.9489254355430603,12.118967056274414,34.56540055274964,1900,0.088134765625,1000.0,1961.85986328125,,
1636,955,382,1564672,-0.011569010041421279,0.12998974323272705,0.0001,11.199895977973938,0.012290478,0.2,0.9679369926452637,9.04932975769043,22.440881872177123,1905,0.10244140625,1000.0,1961.85986328125,,
1634,959,383,1568768,-0.012023888365365564,0.12993694841861725,0.0001,11.203318977355957,0.010856457,0.2,0.9720346927642822,8.768290519714355,21.638459491729737,1910,0.104541015625,1000.0,1917.7659912109375,,
1635,961,384,1572864,-0.01145454024663195,0.1298803985118866,0.0001,11.212230134010316,0.011973783,0.2,0.9517316222190857,19.5892333984375,46.418724346160886,1915,0.104541015625,1000.0,1917.7659912109375,,
1636,963,385,1576960,-0.007034238462802022,0.12985102832317352,0.0001,11.217930483818055,0.006245101,0.2,0.9436506032943726,30.286306381225586,76.56354475021362,1920,0.0396484375,1000.0,1917.7659912109375,,
1637,965,386,1581056,-0.005814720658236183,0.12983059883117676,0.0001,11.220966053009032,0.0063591776,0.2,0.9548000693321228,24.856252670288086,64.60479927062988,1925,0.023291015625,1000.0,1917.7659912109375,,
1636,968,387,1585152,-0.01161597403115593,0.12979501485824585,0.0001,11.224784779548646,0.0099207265,0.2,0.9638282060623169,23.926958084106445,59.219636058807374,1930,0.0787109375,1000.0,1861.3695068359375,,
1637,970,388,1589248,-0.012533654377330094,0.12975281476974487,0.0001,11.230069851875305,0.010926391,0.2,0.9649401307106018,29.392932891845703,68.32281684875488,1935,0.102978515625,1000.0,1861.3695068359375,,
1638,972,389,1593344,-0.0091834559047129,0.1296999156475067,0.0001,11.237217426300049,0.009392322,0.2,0.9662382006645203,20.231136322021484,55.47742176055908,1940,0.061083984375,1000.0,1861.3695068359375,,
1639,974,390,1597440,-0.010625339910620823,0.12965546548366547,0.0001,11.24405550956726,0.010733798,0.2,0.9814063310623169,11.21807861328125,29.282096958160402,1945,0.0841796875,1000.0,1861.3695068359375,,
1637,977,391,1601536,-0.010088355280458927,0.1296381801366806,0.0001,11.248998022079467,0.012613254,0.2,0.9808588027954102,14.771574020385742,36.86656403541565,1950,0.089404296875,1000.0,1882.4683837890625,,
1638,979,392,1605632,-0.013584126089699566,0.12952971458435059,0.0001,11.256386232376098,0.0127945645,0.2,0.9737809896469116,18.091510772705078,45.782659435272215,1955,0.121484375,1000.0,1882.4683837890625,,
1640,981,393,1609728,-0.006953859736677259,0.12950724363327026,0.0001,11.268044352531433,0.009269125,0.2,0.9143693447113037,16.02007293701172,53.33001861572266,1960,0.048779296875,1000.0,1882.4683837890625,,
1641,983,394,1613824,-0.011508838250301778,0.12951388955116272,0.0001,11.267810583114624,0.011814686,0.2,0.9145870208740234,22.495784759521484,60.430834674835204,1965,0.080322265625,1000.0,1882.4683837890625,,
1638,987,395,1617920,-0.01257969368598424,0.12947484850883484,0.0001,11.268973660469054,0.011104736,0.2,0.9382164478302002,18.051013946533203,46.556787967681885,1970,0.093994140625,1000.0,1810.8251953125,,
1640,989,396,1622016,-0.014506414684001356,0.1294611543416977,0.0001,11.27458040714264,0.014396468,0.2,0.9661385416984558,18.436635971069336,41.548034000396726,1975,0.124560546875,1000.0,1810.8251953125,,
1641,990,397,1626112,-0.007554104996961542,0.12942661345005035,0.0001,11.276030874252319,0.01093868,0.2,0.987071692943573,7.836928844451904,24.055237412452698,1980,0.055126953125,1000.0,1810.8251953125,,
1642,992,398,1630208,-0.00836953850230202,0.12938420474529266,0.0001,11.282331943511963,0.0117924325,0.2,0.9888573884963989,7.680616855621338,19.872472214698792,1985,0.078076171875,1000.0,1810.8251953125,,
1640,996,399,1634304,-0.01215583657613024,0.12925080955028534,0.0001,11.29266905784607,0.012886868,0.2,0.9870867133140564,7.972342491149902,22.249582386016847,1990,0.107275390625,1000.0,1839.272216796875,,
1641,997,400,1638400,-0.0107920988695696,0.1291726678609848,0.0001,11.31089162826538,0.013113402,0.2,0.9789996147155762,14.628694534301758,30.875949001312257,1995,0.09521484375,1000.0,1839.272216796875,,
1643,999,401,1642496,-0.010194909205893055,0.12918180227279663,0.0001,11.315144181251526,0.011514146,0.2,0.9742788672447205,9.528203964233398,27.707374572753906,2000,0.078515625,1000.0,1839.272216796875,,
1644,1001,402,1646592,-0.012344156054314225,0.1291407197713852,0.0001,11.315050530433655,0.014235305,0.2,0.9838998913764954,6.080423355102539,18.47753002643585,2005,0.10654296875,1000.0,1839.272216796875,,
1641,1005,403,1650688,-0.008861808682559058,0.12904872000217438,0.0001,11.325825095176697,0.010935763,0.2,0.9825453758239746,8.794836044311523,21.14499363899231,2010,0.08076171875,1000.0,1845.1634521484375,,
1642,1007,404,1654784,-0.007349471806082875,0.12900547683238983,0.0001,11.336563467979431,0.008283281,0.2,0.9406706690788269,19.425413131713867,62.13906106948853,2015,0.04970703125,1000.0,1845.1634521484375,,
1643,1009,405,1658880,-0.006710259703686461,0.1289883255958557,0.0001,11.339840960502624,0.005886403,0.2,0.8850671052932739,20.514013290405273,71.82174263000488,2020,0.017236328125,1000.0,1845.1634521484375,,
1645,1010,406,1662976,-0.010311614279635251,0.12894584238529205,0.0001,11.343542885780334,0.010181367,0.2,0.90230792760849,19.886028289794922,58.91443281173706,2025,0.070556640625,1000.0,1845.1634521484375,,
1643,1014,407,1667072,-0.010405754286330194,0.12886717915534973,0.0001,11.352351188659668,0.011636004,0.2,0.9282638430595398,18.438005447387695,42.24556093215942,2030,0.08857421875,1000.0,1844.7076416015625,,
1644,1016,408,1671168,-0.013612851011566817,0.1287439465522766,0.0001,11.36519377231598,0.01471639,0.2,0.9669538140296936,20.444387435913086,46.351756954193114,2035,0.118798828125,1000.0,1844.7076416015625,,
1645,1017,409,1675264,-0.01195884853368625,0.1286695897579193,0.0001,11.380437636375428,0.012660665,0.2,0.981819748878479,8.791426658630371,26.889496421813966,2040,0.091748046875,1000.0,1844.7076416015625,,
1647,1019,410,1679360,-0.014561255602166057,0.1285908967256546,0.0001,11.39049596786499,0.01353028,0.2,0.9849331974983215,9.058810234069824,22.71494083404541,2045,0.132421875,1000.0,1844.7076416015625,,
1645,1023,411,1683456,-0.014784212288213893,0.12847229838371277,0.0001,11.404337644577026,0.014200095,0.2,0.985056459903717,9.883455276489258,23.55797266960144,2050,0.14736328125,1000.0,1882.0943603515625,,
1646,1024,412,1687552,-0.012215458694845438,0.12843391299247742,0.0001,11.417656111717225,0.010614215,0.2,0.9578506350517273,17.4067440032959,45.105415153503415,2055,0.11484375,1000.0,1882.0943603515625,,
1647,1026,413,1691648,-0.01250407844199799,0.1283227652311325,0.0001,11.424951958656312,0.012399147,0.2,0.9656836986541748,11.6650390625,30.66670365333557,2060,0.118798828125,1000.0,1882.0943603515625,,
1648,1028,414,1695744,-0.01281336807878688,0.12813332676887512,0.0001,11.446682500839234,0.012717126,0.2,0.9683699011802673,10.72057056427002,28.403483390808105,2065,0.12080078125,1000.0,1882.0943603515625,,
1646,1032,415,1699840,-0.01184957959339954,0.12796449661254883,0.0001,11.473802518844604,0.01436474,0.2,0.9724348783493042,9.036395072937012,23.526292037963866,2070,0.12236328125,1000.0,1885.6116943359375,,
1648,1033,416,1703936,-0.008710740334936417,0.1278657168149948,0.0001,11.492422008514405,0.011058968,0.2,0.9441789984703064,18.812252044677734,45.04332609176636,2075,0.084619140625,1000.0,1885.6116943359375,,
1649,1035,417,1708032,-0.012408107219380326,0.12779472768306732,0.0001,11.504193186759949,0.016231563,0.2,0.9552218914031982,13.010080337524414,31.043091535568237,2080,0.11826171875,1000.0,1885.6116943359375,,
1647,1038,418,1712128,-0.012048909062286839,0.12775097787380219,0.0001,11.513080596923828,0.012297287,0.2,0.9567070007324219,10.002911567687988,28.034827709197998,2085,0.123046875,1000.0,1922.77197265625,,
1648,1041,419,1716224,-0.010566231235861779,0.1276981085538864,0.0001,11.518532538414002,0.012216499,0.2,0.9630802869796753,7.475216865539551,21.53286123275757,2090,0.09609375,1000.0,1922.77197265625,,
1649,1042,420,1720320,-0.010413335339399055,0.12762288749217987,0.0001,11.528423523902893,0.011130698,0.2,0.9342468976974487,19.819866180419922,54.776384353637695,2095,0.07490234375,1000.0,1922.77197265625,,
1650,1044,421,1724416,-0.01008981013437733,0.1275881975889206,0.0001,11.536456990242005,0.011506704,0.2,0.9481693506240845,20.072296142578125,44.390349578857425,2100,0.098388671875,1000.0,1922.77197265625,,
1649,1047,422,1728512,-0.011020564931095577,0.12755604088306427,0.0001,11.540864706039429,0.014259933,0.2,0.9401001334190369,28.0213565826416,57.22634973526001,2105,0.110205078125,1000.0,1892.7584228515625,,
1650,1049,423,1732608,-0.013900024513714016,0.1274770051240921,0.0001,11.548414182662963,0.014162866,0.2,0.9495346546173096,22.653974533081055,56.513700008392334,2110,0.1306640625,1000.0,1892.7584228515625,,
1651,1051,424,1736704,-0.009486322937300428,0.12738114595413208,0.0001,11.561215567588807,0.01122164,0.2,0.9632617831230164,15.318660736083984,39.86484866142273,2115,0.08984375,1000.0,1892.7584228515625,,
1652,1053,425,1740800,-0.012818529247306287,0.12736767530441284,0.0001,11.570953321456908,0.012546153,0.2,0.9751453995704651,9.669856071472168,27.394452857971192,2120,0.11376953125,1000.0,1892.7584228515625,,
1650,1057,426,1744896,-0.011151567863998934,0.1273009032011032,0.0001,11.573681092262268,0.01200796,0.2,0.9687685370445251,12.91652774810791,34.311493968963624,2125,0.09150390625,1000.0,1906.3956298828125,,
1651,1058,427,1748992,-0.010762034845538438,0.12725518643856049,0.0001,11.58468430042267,0.011086282,0.2,0.96795654296875,18.053680419921875,42.943176937103274,2130,0.079638671875,1000.0,1906.3956298828125,,
1635,1071,428,1753088,-0.009100916201714427,0.1272420585155487,0.0001,11.588520622253418,0.00976974,0.2,0.9621734023094177,19.634510040283203,53.3275707244873,2135,0.0662109375,1000.0,1906.3956298828125,250000,2.807706047033258
1636,1073,429,1757184,-0.013741741242120043,0.12718337774276733,0.0001,11.592380046844482,0.014923209,0.2,0.9587099552154541,30.194679260253906,67.628085231781,2140,0.14130859375,1000.0,1906.3956298828125,,
1634,1077,430,1761280,-0.011232601042138413,0.12714305520057678,0.0001,11.600717997550964,0.013116021,0.2,0.9677817225456238,25.50318717956543,57.509635829925536,2145,0.12041015625,1000.0,1939.9931640625,,
1636,1079,431,1765376,-0.012362482087337413,0.12712739408016205,0.0001,11.60463228225708,0.012482397,0.2,0.965691864490509,26.263107299804688,54.65353698730469,2150,0.108154296875,1000.0,1939.9931640625,,
1637,1080,432,1769472,-0.01059476991649717,0.12709736824035645,0.0001,11.60803771018982,0.01075278,0.2,0.9732344150543213,9.416098594665527,28.370063018798827,2155,0.073291015625,1000.0,1939.9931640625,,
1638,1082,433,1773568,-0.009400023909984156,0.12705381214618683,0.0001,11.613720917701722,0.010548538,0.2,0.96478670835495,10.278453826904297,31.854806327819823,2160,0.068408203125,1000.0,1939.9931640625,,
1636,1086,434,1777664,-0.011682057986035943,0.1269957274198532,0.0001,11.620499205589294,0.013008484,0.2,0.9752774834632874,9.534489631652832,24.72570071220398,2165,0.117431640625,1000.0,1939.04345703125,,
1637,1088,435,1781760,-0.012629670300520956,0.12698373198509216,0.0001,11.62660551071167,0.013232069,0.2,0.9752655029296875,10.955967903137207,24.51335663795471,2170,0.120458984375,1000.0,1939.04345703125,,
1638,1089,436,1785856,-0.015547790937125683,0.12689858675003052,0.0001,11.6317800283432,0.015753258,0.2,0.9866253137588501,5.934063911437988,14.115964078903199,2175,0.14873046875,1000.0,1939.04345703125,,
1639,1091,437,1789952,-0.011247876880224794,0.12682412564754486,0.0001,11.64582281112671,0.013372328,0.2,0.9857181310653687,7.618772983551025,15.912683701515197,2180,0.138232421875,1000.0,1939.04345703125,,
1638,1095,438,1794048,-0.015214030188508332,0.12680649757385254,0.0001,11.653183436393737,0.01640151,0.2,0.988170325756073,5.427610874176025,13.501993465423585,2185,0.177294921875,1000.0,1951.39111328125,,
1639,1096,439,1798144,-0.009126278554322197,0.12677410244941711,0.0001,11.655992412567139,0.011701087,0.2,0.9553562998771667,23.149864196777344,60.52420320510864,2190,0.09833984375,1000.0,1951.39111328125,,
1640,1098,440,1802240,-0.007537007640348747,0.12675943970680237,0.0001,11.660360503196717,0.009103337,0.2,0.944756031036377,30.135881423950195,75.18458213806153,2195,0.060595703125,1000.0,1951.39111328125,,
1641,1100,441,1806336,-0.008321257453644648,0.12676404416561127,0.0001,11.660716772079468,0.010439024,0.2,0.952278196811676,23.585203170776367,60.12057161331177,2200,0.059375,1000.0,1951.39111328125,,
1639,1103,442,1810432,-0.010052091325633228,0.12673920392990112,0.0001,11.66212420463562,0.010472622,0.2,0.9467703700065613,37.72716522216797,81.89833869934083,2205,0.082177734375,1000.0,1999.2498779296875,,
1641,1105,443,1814528,-0.011394354855292476,0.12673313915729523,0.0001,11.664327955245971,0.0124184955,0.2,0.9621743559837341,25.726116180419922,52.12918815612793,2210,0.106640625,1000.0,1999.2498779296875,,
1642,1107,444,1818624,-0.01013474383216817,0.12670929729938507,0.0001,11.665725684165954,0.012830738,0.2,0.9795234799385071,9.37981128692627,25.25035243034363,2215,0.0849609375,1000.0,1999.2498779296875,,
1643,1109,445,1822720,-0.009538289904594422,0.1266431212425232,0.0001,11.671916055679322,0.0115753515,0.2,0.9849783182144165,7.700694561004639,19.55820381641388,2220,0.09970703125,1000.0,1999.2498779296875,,
1641,1112,446,1826816,-0.010927876419737003,0.12646983563899994,0.0001,11.688114833831786,0.01450718,0.2,0.9847813844680786,7.543097019195557,18.92906231880188,2225,0.136181640625,1000.0,2066.38525390625,,
1642,1114,447,1830912,-0.010787095595151185,0.12632814049720764,0.0001,11.713509464263916,0.011837721,0.2,0.9605110883712769,18.553621292114258,40.24708518981934,2230,0.10205078125,1000.0,2066.38525390625,,
1643,1116,448,1835008,-0.01257593123591505,0.12630029022693634,0.0001,11.726204895973206,0.011083448,0.2,0.9657546877861023,9.99563217163086,28.001836109161378,2235,0.11396484375,1000.0,2066.38525390625,,
1644,1118,449,1839104,-0.01218422920210287,0.12623977661132812,0.0001,11.730416536331177,0.013247499,0.2,0.9671551585197449,11.416963577270508,26.924887800216673,2240,0.12119140625,1000.0,2066.38525390625,,
1640,1123,450,1843200,-0.013417444948572665,0.12609411776065826,0.0001,11.744577312469483,0.012744243,0.2,0.9753661155700684,9.191306114196777,21.596501636505128,2245,0.141552734375,1000.0,2115.847900390625,,
1641,1125,451,1847296,-0.00747010363265872,0.12604086101055145,0.0001,11.761359310150146,0.008088928,0.2,0.9414727091789246,18.11914825439453,48.32876958847046,2250,0.060791015625,1000.0,2115.847900390625,,
1642,1127,452,1851392,-0.0073153167497366665,0.12601765990257263,0.0001,11.765627121925354,0.009324573,0.2,0.9502956867218018,18.124975204467773,43.358531665802005,2255,0.044091796875,1000.0,2115.847900390625,,
1643,1128,453,1855488,-0.008872212137794122,0.1260133534669876,0.0001,11.768413710594178,0.009268523,0.2,0.9581958651542664,18.228452682495117,43.63951139450073,2260,0.051806640625,1000.0,2115.847900390625,,
1642,1132,454,1859584,-0.007846526295179502,0.1259889155626297,0.0001,11.769687581062318,0.009574385,0.2,0.9676787257194519,12.868672370910645,35.82051343917847,2265,0.06123046875,1000.0,2144.0517578125,,
1643,1134,455,1863680,-0.007925476410309783,0.1259508728981018,0.0001,11.774186873435974,0.008538453,0.2,0.9674170017242432,15.663276672363281,42.87165546417236,2270,0.055908203125,1000.0,2144.0517578125,,
1643,1136,456,1867776,-0.0110641555278562,0.1258905529975891,0.0001,11.781421566009522,0.011762875,0.2,0.9796608686447144,10.759103775024414,26.348044300079344,2275,0.096044921875,1000.0,2144.0517578125,,
1644,1138,457,1871872,-0.00889902883209288,0.12586157023906708,0.0001,11.78857729434967,0.011715757,0.2,0.9848413467407227,7.936616897583008,20.178654837608338,2280,0.088916015625,1000.0,2144.0517578125,,
1642,1142,458,1875968,-0.01255973307415843,0.1257985234260559,0.0001,11.793498945236205,0.013560378,0.2,0.9830366373062134,9.890507698059082,24.395921802520753,2285,0.12509765625,1000.0,2129.0966796875,,
1643,1144,459,1880064,-0.008756612124852837,0.12574392557144165,0.0001,11.802843451499939,0.008691272,0.2,0.9548625349998474,15.325605392456055,40.54386730194092,2290,0.063623046875,1000.0,2129.0966796875,,
1644,1145,460,1884160,-0.011806144227739424,0.1256905198097229,0.0001,11.81035943031311,0.013182178,0.2,0.9654291272163391,10.764530181884766,24.507018089294434,2295,0.10830078125,1000.0,2129.0966796875,,
1642,1149,461,1888256,-0.010438567958772182,0.12563443183898926,0.0001,11.817945218086242,0.011528207,0.2,0.9716978073120117,7.880753517150879,19.250140953063966,2300,0.09384765625,1000.0,2115.8798828125,,
1643,1151,462,1892352,-0.01097856224369025,0.12557139992713928,0.0001,11.826635932922363,0.012773899,0.2,0.9686355590820312,11.968099594116211,24.96639757156372,2305,0.096923828125,1000.0,2115.8798828125,,
1644,1152,463,1896448,-0.011072357988450677,0.12552540004253387,0.0001,11.835123229026795,0.012938056,0.2,0.9707624316215515,16.436574935913086,39.86754937171936,2310,0.085986328125,1000.0,2115.8798828125,,
1645,1154,464,1900544,-0.01412013450753875,0.1254550814628601,0.0001,11.843159198760986,0.014275765,0.2,0.978898823261261,11.87032699584961,29.836040258407593,2315,0.130615234375,1000.0,2115.8798828125,,
1643,1158,465,1904640,-0.009796318551525473,0.1253926306962967,0.0001,11.852799487113952,0.01135751,0.2,0.9758726358413696,12.9308500289917,32.2703022480011,2320,0.0998046875,1000.0,2099.44287109375,,
1644,1160,466,1908736,-0.013572126603685319,0.12530213594436646,0.0001,11.863356280326844,0.012572002,0.2,0.9637008905410767,23.48124885559082,51.11403141021729,2325,0.10849609375,1000.0,2099.44287109375,,
1645,1162,467,1912832,-0.010447585512883962,0.12527839839458466,0.0001,11.873153471946717,0.011462826,0.2,0.9528664946556091,13.775940895080566,46.46367325782776,2330,0.087841796875,1000.0,2099.44287109375,,
1646,1164,468,1916928,-0.008478500531055033,0.12529486417770386,0.0001,11.873088574409485,0.011075105,0.2,0.9526539444923401,23.20388412475586,57.25206127166748,2335,0.07041015625,1000.0,2099.44287109375,,
1644,1168,469,1921024,-0.011271305574337021,0.12529560923576355,0.0001,11.87152898311615,0.01530249,0.2,0.9568275213241577,28.32816505432129,62.25892238616943,2340,0.10576171875,1000.0,2086.948486328125,,
1645,1170,470,1925120,-0.011799385835183784,0.12530355155467987,0.0001,11.871317553520203,0.013283892,0.2,0.9562517404556274,30.277496337890625,65.91775140762329,2345,0.0947265625,1000.0,2086.948486328125,,
1646,1171,471,1929216,-0.010995290102437138,0.12527921795845032,0.0001,11.872285342216491,0.009250013,0.2,0.9577569961547852,14.186437606811523,42.33728709220886,2350,0.062353515625,1000.0,2086.948486328125,,
1646,1174,472,1933312,-0.010710567247588187,0.12524956464767456,0.0001,11.876701927185058,0.010684171,0.2,0.9602571725845337,12.014378547668457,37.26745347976684,2355,0.08095703125,1000.0,2086.948486328125,,
1644,1178,473,1937408,-0.013874052080791444,0.12519420683383942,0.0001,11.883417844772339,0.015057744,0.2,0.9723069667816162,11.772858619689941,29.29838695526123,2360,0.124951171875,1000.0,2023.9730224609375,,
1645,1179,474,1941504,-0.014697677220101468,0.12509171664714813,0.0001,11.893572068214416,0.0138466265,0.2,0.975210428237915,12.660265922546387,31.632052516937257,2365,0.1345703125,1000.0,2023.9730224609375,,
1646,1181,475,1945600,-0.013267606712179258,0.12503789365291595,0.0001,11.906484532356263,0.014108727,0.2,0.9799550175666809,9.628993034362793,22.604606008529665,2370,0.115771484375,1000.0,2023.9730224609375,,
1647,1183,476,1949696,-0.012104367534630001,0.12496544420719147,0.0001,11.914770102500915,0.013219689,0.2,0.985781729221344,7.951157093048096,17.678084659576417,2375,0.116357421875,1000.0,2023.9730224609375,,
1645,1187,477,1953792,-0.008818463515490293,0.12489601224660873,0.0001,11.925155019760131,0.013764154,0.2,0.9879177212715149,7.748314380645752,16.144156408309936,2380,0.115380859375,1000.0,2002.6370849609375,,
1646,1188,478,1957888,-0.012382099917158485,0.12482946366071701,0.0001,11.935799026489258,0.012643852,0.2,0.9752349257469177,13.607930183410645,29.83690094947815,2385,0.1267578125,1000.0,2002.6370849609375,,
1648,1190,479,1961984,-0.011755200347397476,0.1247548907995224,0.0001,11.944723415374757,0.012192516,0.2,0.9748429656028748,10.735664367675781,26.528566932678224,2390,0.09208984375,1000.0,2002.6370849609375,,
1649,1192,480,1966080,-0.012901437986874953,0.12470190972089767,0.0001,11.954740858078003,0.013964763,0.2,0.9816876649856567,8.51372241973877,19.61382427215576,2395,0.1333984375,1000.0,2002.6370849609375,,
1646,1196,481,1970176,-0.013547391671454533,0.12464211881160736,0.0001,11.962540912628175,0.01416971,0.2,0.9821102619171143,8.631568908691406,21.409032106399536,2400,0.148828125,1000.0,2004.579833984375,,
1647,1198,482,1974272,-0.012061717640608548,0.12460719048976898,0.0001,11.97093997001648,0.012285823,0.2,0.9777125716209412,11.186108589172363,30.125134086608888,2405,0.115966796875,1000.0,2004.579833984375,,
1648,1199,483,1978368,-0.012776089436374604,0.12448880076408386,0.0001,11.980884075164795,0.013605323,0.2,0.9882720112800598,7.267898082733154,18.303141903877258,2410,0.12451171875,1000.0,2004.579833984375,,
1649,1201,484,1982464,-0.01383402484934777,0.12438205629587173,0.0001,11.997829008102418,0.013456808,0.2,0.9885153770446777,6.598761558532715,17.256843948364256,2415,0.1490234375,1000.0,2004.579833984375,,
1648,1205,485,1986560,-0.013552652776706964,0.12426333874464035,0.0001,12.013557529449463,0.013217732,0.2,0.9880281090736389,8.052212715148926,19.098194861412047,2420,0.131591796875,1000.0,2031.2265625,,
1649,1206,486,1990656,-0.0103125142341014,0.12419281899929047,0.0001,12.028289413452148,0.011377274,0.2,0.9758486151695251,10.654057502746582,28.78351902961731,2425,0.101611328125,1000.0,2031.2265625,,
1650,1208,487,1994752,-0.010052988096140325,0.12415896356105804,0.0001,12.036083602905274,0.011627637,0.2,0.9795055985450745,7.260055065155029,18.4723760843277,2430,0.074560546875,1000.0,2031.2265625,,
1651,1210,488,1998848,-0.00961248647654429,0.12412545084953308,0.0001,12.040895891189574,0.012090973,0.2,0.9814630150794983,7.265402317047119,16.936625599861145,2435,0.080029296875,1000.0,2031.2265625,,
1635,1224,489,2002944,-0.01066137693123892,0.12412766367197037,0.0001,12.044388771057129,0.011446957,0.2,0.9865103960037231,5.592485427856445,14.700040149688721,2440,0.090087890625,1000.0,2023.0787353515625,250000,2.786489755233331
1636,1226,490,2007040,-0.008594510628608987,0.12412954866886139,0.0001,12.043077158927918,0.007993367,0.2,0.9420959949493408,31.976646423339844,82.37807598114014,2445,0.05625,1000.0,2023.0787353515625,,
1637,1228,491,2011136,-0.009125574678182601,0.12411122769117355,0.0001,12.044425988197327,0.010109224,0.2,0.9507448077201843,19.667205810546875,53.08040657043457,2450,0.049365234375,1000.0,2023.0787353515625,,
1638,1230,492,2015232,-0.008290686341933907,0.12410836666822433,0.0001,12.04696500301361,0.010090361,0.2,0.9543843865394592,17.600719451904297,46.74410943984985,2455,0.04755859375,1000.0,2023.0787353515625,,
1636,1233,493,2019328,-0.009435950737679378,0.12410969287157059,0.0001,12.046754550933837,0.011269437,0.2,0.9528510570526123,17.72791862487793,44.31473388671875,2460,0.058056640625,1000.0,1995.2410888671875,,
1637,1235,494,2023424,-0.009695327462395653,0.12410035729408264,0.0001,12.047359418869018,0.010271756,0.2,0.9371086359024048,32.054290771484375,76.3166277885437,2465,0.059130859375,1000.0,1995.2410888671875,,
1638,1237,495,2027520,-0.007662158698076382,0.12407127767801285,0.0001,12.049877548217774,0.009748837,0.2,0.9394351243972778,25.637224197387695,66.44979982376098,2470,0.042626953125,1000.0,1995.2410888671875,,
1639,1239,496,2031616,-0.010386425256729125,0.12406125664710999,0.0001,12.053320503234863,0.010205066,0.2,0.9336912631988525,25.767459869384766,70.3432487487793,2475,0.05126953125,1000.0,1995.2410888671875,,
1637,1243,497,2035712,-0.010632020892808213,0.12404967844486237,0.0001,12.054841828346252,0.011578003,0.2,0.9404028058052063,26.382421493530273,64.11683301925659,2480,0.08486328125,1000.0,2007.58154296875,,
1638,1244,498,2039808,-0.00959254571935162,0.12404874712228775,0.0001,12.055992841720581,0.009240812,0.2,0.9246870279312134,26.191865921020508,65.8468092918396,2485,0.05048828125,1000.0,2007.58154296875,,
1639,1246,499,2043904,-0.011079030041582883,0.124043770134449,0.0001,12.056113696098327,0.01075845,0.2,0.9530616998672485,12.741233825683594,35.34830274581909,2490,0.08408203125,1000.0,2007.58154296875,,
1637,1250,500,2048000,-0.011336870628292672,0.1240140050649643,0.0001,12.058983755111694,0.010909136,0.2,0.9515835642814636,14.350605010986328,37.56800446510315,2495,0.0783203125,1000.0,2025.040283203125,,
1637,1253,501,2052096,-0.012166149506811053,0.12398549169301987,0.0001,12.063875460624695,0.013026627,0.2,0.9595555067062378,15.68124771118164,34.864827680587766,2500,0.086767578125,1000.0,2025.040283203125,,
1637,1256,502,2056192,-0.007197369367349893,0.12393191456794739,0.0001,12.068329691886902,0.00922812,0.2,0.9541001319885254,12.475379943847656,35.08914008140564,2505,0.06201171875,1000.0,2025.040283203125,,
1636,1258,503,2060288,-0.007564402837306261,0.12387078255414963,0.0001,12.0781569480896,0.009740453,0.2,0.9698607921600342,7.874344348907471,22.480676460266114,2510,0.064453125,1000.0,2025.040283203125,,
1635,1262,504,2064384,-0.008550686435773969,0.12380217015743256,0.0001,12.08709225654602,0.011378001,0.2,0.9739086031913757,8.725019454956055,22.815514469146727,2515,0.067578125,1000.0,2006.212158203125,,
1635,1264,505,2068480,-0.010840590961743146,0.12375688552856445,0.0001,12.096124649047852,0.012941513,0.2,0.974462628364563,11.000582695007324,23.63473997116089,2520,0.098681640625,1000.0,2006.212158203125,,
1635,1267,506,2072576,-0.008158179005840793,0.12368844449520111,0.0001,12.103233528137206,0.010845026,0.2,0.9710014462471008,11.760379791259766,29.617271614074706,2525,0.071044921875,1000.0,2006.212158203125,,
1635,1270,507,2076672,-0.010379098687553778,0.12362852692604065,0.0001,12.114030241966248,0.011505348,0.2,0.9735894799232483,10.279837608337402,24.46598901748657,2530,0.11171875,1000.0,2006.212158203125,,
1632,1274,508,2080768,-0.011765318003017455,0.12358161807060242,0.0001,12.12220811843872,0.01466288,0.2,0.9727364778518677,10.769674301147461,24.220376920700073,2535,0.13662109375,1000.0,2012.59619140625,,
1632,1277,509,2084864,-0.009807328740134836,0.12354755401611328,0.0001,12.127876496315002,0.010928538,0.2,0.9586842060089111,16.20513916015625,39.83694648742676,2540,0.09140625,1000.0,2012.59619140625,,
1631,1280,510,2088960,-0.00891958093852736,0.12351521849632263,0.0001,12.132178139686584,0.009485912,0.2,0.9428152441978455,15.8912353515625,54.975229597091676,2545,0.064501953125,1000.0,2012.59619140625,,
1631,1282,511,2093056,-0.009185927110956981,0.1234690472483635,0.0001,12.137544465065002,0.010216949,0.2,0.9511694312095642,13.15671443939209,42.14928340911865,2550,0.05703125,1000.0,2012.59619140625,,
1628,1287,512,2097152,-0.010623610124457627,0.12342505902051926,0.0001,12.144277024269105,0.011533179,0.2,0.9556964039802551,17.578859329223633,44.35083379745483,2555,0.08203125,1000.0,1978.641357421875,,
1628,1290,513,2101248,-0.011820231506135315,0.12336671352386475,0.0001,12.1515123128891,0.0118815275,0.2,0.9624242186546326,21.409469604492188,45.82529668807983,2560,0.094384765625,1000.0,1978.641357421875,,
1628,1293,514,2105344,-0.010857329380814917,0.12333553284406662,0.0001,12.159002137184142,0.011006707,0.2,0.9532221555709839,20.941761016845703,56.505058479309085,2565,0.072998046875,1000.0,1978.641357421875,,
1627,1295,515,2109440,-0.011313783639343456,0.12329494953155518,0.0001,12.162934613227844,0.011025333,0.2,0.9661669135093689,15.751123428344727,46.127798318862915,2570,0.07060546875,1000.0,1978.641357421875,,
1625,1300,516,2113536,-0.010976482671685517,0.12329372018575668,0.0001,12.167919802665711,0.010667992,0.2,0.9668422341346741,18.976423263549805,47.06931114196777,2575,0.094140625,1000.0,1962.7847900390625,,
1625,1302,517,2117632,-0.013050398655468597,0.12327410280704498,0.0001,12.168232846260072,0.012813928,0.2,0.9554871320724487,35.4855842590332,69.82380208969116,2580,0.095947265625,1000.0,1962.7847900390625,,
1625,1305,518,2121728,-0.013220895288395696,0.12325595319271088,0.0001,12.171425056457519,0.011078406,0.2,0.9604660272598267,13.03514289855957,39.02683372497559,2585,0.0900390625,1000.0,1962.7847900390625,,
1624,1308,519,2125824,-0.012466323049739002,0.12318935990333557,0.0001,12.176136445999145,0.014080049,0.2,0.9642279148101807,13.198074340820312,36.13967390060425,2590,0.113427734375,1000.0,1962.7847900390625,,
1622,1312,520,2129920,-0.012138533353572711,0.12313898652791977,0.0001,12.186542201042176,0.014186382,0.2,0.9687738418579102,13.750006675720215,32.90633149147034,2595,0.113232421875,1000.0,1988.349853515625,,
1623,1314,521,2134016,-0.008286985103040934,0.12312575429677963,0.0001,12.190196800231934,0.011080606,0.2,0.9321162104606628,43.33913040161133,88.66955032348633,2600,0.066748046875,1000.0,1988.349853515625,,
1624,1316,522,2138112,-0.005288919736631215,0.12311437726020813,0.0001,12.192283082008363,0.0077110664,0.2,0.9315140843391418,37.94721221923828,95.38115158081055,2605,0.029541015625,1000.0,1988.349853515625,,
1624,1318,523,2142208,-0.008268415555357933,0.12308895587921143,0.0001,12.194391536712647,0.009583699,0.2,0.9317829012870789,35.53047180175781,92.17156009674072,2610,0.056884765625,1000.0,1988.349853515625,,
1623,1321,524,2146304,-0.008009192266035825,0.12306719273328781,0.0001,12.198079705238342,0.0100504635,0.2,0.9347668290138245,32.939414978027344,82.16319580078125,2615,0.050732421875,1000.0,1943.973876953125,,
1624,1323,525,2150400,-0.013996693829540163,0.12304925918579102,0.0001,12.201012778282166,0.012084821,0.2,0.9426958560943604,29.574934005737305,62.714422130584715,2620,0.11728515625,1000.0,1943.973876953125,,
1625,1325,526,2154496,-0.00984564534155652,0.12301577627658844,0.0001,12.203953170776368,0.012532312,0.2,0.9561707377433777,16.067371368408203,44.281336879730226,2625,0.071240234375,1000.0,1943.973876953125,,
1626,1327,527,2158592,-0.010205180494813249,0.12298544496297836,0.0001,12.210337591171264,0.012646752,0.2,0.9558746814727783,21.311031341552734,48.22371978759766,2630,0.08251953125,1000.0,1943.973876953125,,
1624,1331,528,2162688,-0.010674667207058518,0.1228976622223854,0.0001,12.216844463348389,0.011744898,0.2,0.9685330390930176,12.99020004272461,34.617831516265866,2635,0.099951171875,1000.0,1950.735107421875,,
1625,1333,529,2166784,-0.012129070365335792,0.12283245474100113,0.0001,12.230022287368774,0.014351386,0.2,0.9738143682479858,25.755794525146484,56.521959114074704,2640,0.102392578125,1000.0,1950.735107421875,,
1626,1334,530,2170880,-0.012139908215613105,0.12282535433769226,0.0001,12.235699033737182,0.011511133,0.2,0.9797059893608093,20.73539161682129,53.38275175094604,2645,0.106787109375,1000.0,1950.735107421875,,
1627,1336,531,2174976,-0.012231173616601154,0.12284179776906967,0.0001,12.234712600708008,0.01309804,0.2,0.9835540652275085,19.963937759399414,46.440216827392575,2650,0.1169921875,1000.0,1950.735107421875,,
1625,1340,532,2179072,-0.012637904443545267,0.12279412150382996,0.0001,12.23586437702179,0.014149562,0.2,0.9898983240127563,12.186260223388672,26.589836359024048,2655,0.146875,1000.0,1944.27978515625,,
1626,1342,533,2183168,-0.01298710152041167,0.12277710437774658,0.0001,12.24131419658661,0.015632963,0.2,0.9795781373977661,17.23026466369629,39.656762504577635,2660,0.127197265625,1000.0,1944.27978515625,,
1626,1344,534,2187264,-0.00818283490370959,0.12271293997764587,0.0001,12.245047450065613,0.010946175,0.2,0.9879220128059387,8.477981567382812,24.051633858680724,2665,0.07998046875,1000.0,1944.27978515625,,
1627,1346,535,2191360,-0.00900039162952453,0.1226305142045021,0.0001,12.257835149765015,0.012058973,0.2,0.9866894483566284,7.068751335144043,21.706784701347352,2670,0.07041015625,1000.0,1944.27978515625,,
1625,1350,536,2195456,-0.01239466437837109,0.12255822122097015,0.0001,12.269505763053894,0.013721159,0.2,0.9875058531761169,7.712679862976074,20.590878033638,2675,0.117138671875,1000.0,1981.982666015625,,
1626,1352,537,2199552,-0.010346537188161165,0.12252698838710785,0.0001,12.277862691879273,0.01305125,0.2,0.9628660082817078,20.332368850708008,47.564467906951904,2680,0.11083984375,1000.0,1981.982666015625,,
1627,1354,538,2203648,-0.010577770858071744,0.12247321009635925,0.0001,12.283331489562988,0.012043357,0.2,0.9697757959365845,13.481657981872559,37.00032725334167,2685,0.08828125,1000.0,1981.982666015625,,
1628,1355,539,2207744,-0.013446525787003338,0.12238918244838715,0.0001,12.294101428985595,0.013822842,0.2,0.976439893245697,13.1745023727417,33.53464851379395,2690,0.120654296875,1000.0,1981.982666015625,,
1626,1359,540,2211840,-0.012828338594408706,0.12234369665384293,0.0001,12.30469970703125,0.014359191,0.2,0.9757271409034729,16.53767204284668,38.581229496002194,2695,0.133251953125,1000.0,2022.251220703125,,
1627,1361,541,2215936,-0.012134142429567873,0.1222948357462883,0.0001,12.310560250282288,0.013230539,0.2,0.971808135509491,11.792692184448242,30.77443895339966,2700,0.11787109375,1000.0,2022.251220703125,,
1628,1363,542,2220032,-0.012642369174864143,0.12222421169281006,0.0001,12.3198477268219,0.011459572,0.2,0.9736877083778381,7.961166858673096,22.835926032066347,2705,0.095703125,1000.0,2022.251220703125,,
1627,1366,543,2224128,-0.012428204817115329,0.12220712751150131,0.0001,12.327151918411255,0.0137733,0.2,0.9825251698493958,6.7549967765808105,16.453393268585206,2710,0.12060546875,1000.0,2024.0235595703125,,
1628,1368,544,2228224,-0.013691028638277203,0.122111015021801,0.0001,12.332920503616332,0.01415551,0.2,0.9819093942642212,6.957398891448975,17.132762145996093,2715,0.14921875,1000.0,2024.0235595703125,,
1628,1370,545,2232320,-0.01205261389259249,0.12204849720001221,0.0001,12.34595742225647,0.011149204,0.2,0.9705790281295776,8.971917152404785,24.98023009300232,2720,0.11259765625,1000.0,2024.0235595703125,,
1629,1372,546,2236416,-0.012769537809072062,0.12198369950056076,0.0001,12.353953981399536,0.013804728,0.2,0.9702620506286621,7.625801086425781,21.278578019142152,2725,0.11474609375,1000.0,2024.0235595703125,,
