time/time_elapsed,time/fps,time/total_timesteps,time/iterations,train/loss,train/learning_rate,train/std,train/value_loss,train/approx_kl,train/n_updates,train/clip_fraction,train/explained_variance,train/clip_range,train/policy_gradient_loss,train/entropy_loss,rollout/ep_rew_mean,rollout/ep_len_mean
4,500,2048,1,,,,,,,,,,,,,
7,551,4096,2,26.681684494018555,0.0001,0.05000077560544014,55.363265143500435,0.029266423,12210,0.2476128472222222,0.9156654477119446,0.2,-0.005180317675694823,28.382344563802082,,
10,569,6144,3,21.07338523864746,0.0001,0.05000076815485954,41.9188720703125,0.027579784,12214,0.19036458333333334,0.9379446506500244,0.2,-0.008289499084154765,28.381832758585613,,
15,541,8192,4,18.677490234375,0.0001,0.049999818205833435,42.91947250366211,0.02551216,12219,0.2423828125,0.9403370022773743,0.2,-0.011346901359502226,28.382290744781493,2034.365966796875,1000.0
18,561,10240,5,28.947887420654297,0.0001,0.05000133812427521,56.202554829915364,0.026262043,12223,0.21419270833333334,0.9310849905014038,0.2,-0.005601774482056498,28.38220634460449,2034.365966796875,1000.0
21,571,12288,6,6.934926986694336,0.0001,0.050003912299871445,14.879668712615967,0.02509173,12228,0.231640625,0.9831304550170898,0.2,-0.008114697341807187,28.381253814697267,2034.365966796875,1000.0
24,582,14336,7,7.060084342956543,0.0001,0.05000172555446625,14.777773930476261,0.030845504,12232,0.19275841346153846,0.98072350025177,0.2,-0.0023552456852765037,28.381139315091648,2034.365966796875,1000.0
28,568,16384,8,7.043103218078613,0.0001,0.04999730363488197,14.471026247197932,0.027516782,12235,0.2352627840909091,0.9840773940086365,0.2,-0.004533394747837024,28.382367047396574,2204.28369140625,1000.0
31,578,18432,9,14.936983108520508,0.0001,0.04999439790844917,35.73190689086914,0.031507134,12237,0.2197265625,0.946794331073761,0.2,-0.0016321424239625533,28.383768399556477,2204.28369140625,1000.0
35,573,20480,10,11.774937629699707,0.0001,0.04998805373907089,26.61893720626831,0.02499976,12242,0.27236328125,0.9628551006317139,0.2,-0.002779789175838232,28.385527992248534,2204.28369140625,1000.0
39,576,22528,11,12.310198783874512,0.0001,0.049987778067588806,26.988564133644104,0.026832875,12246,0.2406005859375,0.9592859745025635,0.2,-0.006730462540872395,28.38676381111145,2204.28369140625,1000.0
42,573,24576,12,10.249558448791504,0.0001,0.0499889962375164,21.33671706063407,0.028306201,12248,0.22879464285714285,0.9686964154243469,0.2,0.0018780498898455075,28.386510031563894,2211.25,1000.0
45,583,26624,13,27.97346305847168,0.0001,0.04998983442783356,56.22178344726562,0.034059945,12250,0.198828125,0.9347094297409058,0.2,0.0036313362419605256,28.38609619140625,2211.25,1000.0
48,588,28672,14,34.040740966796875,0.0001,0.049989327788352966,71.50781593322753,0.023506843,12255,0.24951171875,0.9186608195304871,0.2,-0.005969869159162045,28.385855388641357,2211.25,1000.0
51,592,30720,15,33.132083892822266,0.0001,0.049989912658929825,68.35219669342041,0.016809473,12260,0.1837890625,0.9266471862792969,0.2,-0.004551480733789503,28.38619432449341,2211.25,1000.0
55,585,32768,16,31.615835189819336,0.0001,0.049991216510534286,62.64817008972168,0.01673042,12265,0.183203125,0.933077871799469,0.2,-0.013012717291712762,28.385622882843016,2151.44775390625,1000.0
58,591,34816,17,28.755733489990234,0.0001,0.04999230429530144,54.93013422112716,0.026633054,12270,0.1903782894736842,0.9413496255874634,0.2,-0.010284055220453362,28.385374370374176,2151.44775390625,1000.0
61,598,36864,18,5.241739273071289,0.0001,0.04998738691210747,11.745246315002442,0.026468225,12275,0.18896484375,0.9828683733940125,0.2,-0.012700838479213416,28.385446548461914,2151.44775390625,1000.0
64,604,38912,19,3.953319787979126,0.0001,0.04998091980814934,11.631024980545044,0.019693112,12280,0.18251953125,0.9887880682945251,0.2,-0.00894664580700919,28.387929248809815,2151.44775390625,1000.0
68,599,40960,20,2.85270619392395,0.0001,0.04997752234339714,8.118598055839538,0.022742284,12285,0.17841796875,0.9868630170822144,0.2,-0.012544625496957451,28.38991470336914,2185.33935546875,1000.0
70,606,43008,21,16.218185424804688,0.0001,0.04997773468494415,42.07986407809787,0.03425184,12288,0.18294270833333334,0.9207659363746643,0.2,-0.00619196483037538,28.390363057454426,2185.33935546875,1000.0
73,611,45056,22,12.126917839050293,0.0001,0.0499781034886837,25.372515765103426,0.030252747,12291,0.23970170454545456,0.9448316097259521,0.2,-0.0031259793957526035,28.39017833362926,2185.33935546875,1000.0
76,617,47104,23,14.96159553527832,0.0001,0.04997817054390907,29.605440139770508,0.032462664,12293,0.183984375,0.9365332126617432,0.2,0.006267106998711825,28.390160751342773,2185.33935546875,1000.0
80,613,49152,24,15.18055248260498,0.0001,0.04997770115733147,33.90415276421441,0.031543244,12296,0.19140625,0.9248765110969543,0.2,-0.006249994763897525,28.390288882785374,2195.416748046875,1000.0
82,618,51200,25,20.20681381225586,0.0001,0.04997699707746506,42.61894108698918,0.035026856,12300,0.24879807692307693,0.9338213205337524,0.2,-0.002933031485344355,28.39050425015963,2195.416748046875,1000.0
85,623,53248,26,18.086355209350586,0.0001,0.04997735843062401,36.23031489054362,0.032550037,12302,0.20670572916666666,0.9435700178146362,0.2,0.004482736578211188,28.39053471883138,2195.416748046875,1000.0
88,627,55296,27,20.189706802368164,0.0001,0.04997754842042923,40.931145138210724,0.03498962,12305,0.21202256944444445,0.9307875633239746,0.2,-0.005516012845974829,28.39036750793457,2195.416748046875,1000.0
92,622,57344,28,19.287090301513672,0.0001,0.0499776266515255,37.04362182617187,0.036404636,12307,0.203515625,0.9359270930290222,0.2,0.005702965706586838,28.39039535522461,2184.988525390625,1000.0
95,623,59392,29,19.696638107299805,0.0001,0.04998226463794708,37.86300614300896,0.03109749,12312,0.26091452205882354,0.9347842335700989,0.2,-0.007119261577506275,28.389745824477252,2184.988525390625,1000.0
98,625,61440,30,11.297986030578613,0.0001,0.04998324066400528,21.85097462790353,0.029036023,12316,0.19935825892857142,0.9560458660125732,0.2,-0.008368508083679314,28.388261250087194,2184.988525390625,1000.0
101,622,63488,31,10.61318588256836,0.0001,0.04998333752155304,22.049015363057453,0.031996235,12318,0.22200520833333334,0.9615914821624756,0.2,0.001573870152545472,28.388335545857746,2184.988525390625,1000.0
106,616,65536,32,10.218091011047363,0.0001,0.049983296543359756,22.22685546875,0.033563104,12320,0.191015625,0.9567323923110962,0.2,0.004429201874881983,28.38828887939453,2178.579833984375,1000.0
109,618,67584,33,11.120784759521484,0.0001,0.049982327967882156,23.74771363394601,0.03142889,12322,0.228515625,0.9700208902359009,0.2,-0.006351692934653589,28.388485227312362,2178.579833984375,1000.0
112,619,69632,34,4.724711894989014,0.0001,0.04998154193162918,9.624132633209229,0.029612701,12324,0.20182291666666666,0.9898863434791565,0.2,0.0028520383251210055,28.38880507151286,2178.579833984375,1000.0
115,618,71680,35,8.233057022094727,0.0001,0.049979280680418015,16.635669101368297,0.029368734,12327,0.2118252840909091,0.9820806384086609,0.2,-0.0076849240047687836,28.389341354370117,2178.579833984375,1000.0
120,610,73728,36,6.973834991455078,0.0001,0.04997741058468819,14.841086292266846,0.02939366,12330,0.2166015625,0.9838905930519104,0.2,-0.003074393467977643,28.390030288696288,2190.352783203125,1000.0
123,612,75776,37,14.147618293762207,0.0001,0.04997565224766731,26.934154510498047,0.017445132,12331,0.23486328125,0.9035425782203674,0.2,0.014386589755304158,28.39073944091797,2190.352783203125,1000.0
127,612,77824,38,7.025028705596924,0.0001,0.049974244087934494,13.652947187423706,0.0138536645,12332,0.17138671875,0.8046473860740662,0.2,0.01241357158869505,28.391332626342773,2190.352783203125,1000.0
130,612,79872,39,4.6342926025390625,0.0001,0.049969110637903214,9.875818061828614,0.026310131,12335,0.2357421875,0.8466067314147949,0.2,0.000406876252964139,28.392453384399413,2190.352783203125,1000.0
134,608,81920,40,8.495381355285645,0.0001,0.04996655881404877,16.85171953837077,0.031063834,12337,0.22981770833333334,0.8281065821647644,0.2,0.005361637721459071,28.393917401631672,2221.741455078125,1000.0
137,610,83968,41,14.893351554870605,0.0001,0.049965750426054,26.776269912719727,0.025125802,12339,0.20703125,0.9507991075515747,0.2,-0.0010656440572347492,28.394601106643677,2221.741455078125,1000.0
140,611,86016,42,5.561008453369141,0.0001,0.04996404051780701,11.943124151229858,0.022348626,12344,0.230078125,0.9755681157112122,0.2,-0.01012605142313987,28.39476022720337,2221.741455078125,1000.0
144,608,88064,43,3.907902956008911,0.0001,0.04996032640337944,9.159250640869141,0.020810224,12349,0.23828125,0.9853561520576477,0.2,-0.009724132786504924,28.395720863342284,2231.580078125,1000.0
147,610,90112,44,4.357609748840332,0.0001,0.049952469766139984,9.413360548019408,0.0243927,12354,0.20009765625,0.9809344410896301,0.2,-0.009852992952801287,28.397940158843994,2231.580078125,1000.0
150,611,92160,45,8.977270126342773,0.0001,0.049947962164878845,19.868774560781624,0.033212345,12358,0.2868088942307692,0.9485617876052856,0.2,-0.006201277236239268,28.400369057288536,2231.580078125,1000.0
153,612,94208,46,5.892217636108398,0.0001,0.04994510859251022,12.006631033761161,0.029337684,12360,0.23716517857142858,0.9729892015457153,0.2,-0.0004946928737418992,28.40152359008789,2231.580078125,1000.0
158,609,96256,47,6.48696756362915,0.0001,0.04993821680545807,14.135827594333225,0.03372273,12365,0.2945963541666667,0.9632646441459656,0.2,-0.012703894534044795,28.403494305080837,2248.0146484375,1000.0
160,610,98304,48,8.966733932495117,0.0001,0.04993307590484619,17.549621321938254,0.03070498,12368,0.287109375,0.963847815990448,0.2,-0.009188342098654672,28.405411286787555,2248.0146484375,1000.0
164,611,100352,49,5.096002578735352,0.0001,0.04993055388331413,11.439225971698761,0.02789504,12372,0.2548828125,0.9803900718688965,0.2,-0.0005516164819709957,28.40717899799347,2248.0146484375,1000.0
168,608,102400,50,4.181369781494141,0.0001,0.04992439225316048,10.130433930291069,0.0330403,12377,0.2694227430555556,0.9794899225234985,0.2,-0.01713487425715559,28.408074696858723,2248.0146484375,1000.0
172,604,104448,51,5.334876537322998,0.0001,0.049917787313461304,10.547710158608176,0.027213695,12380,0.2517755681818182,0.9803336262702942,0.2,-0.003433940847488967,28.41072481328791,2251.7412109375,1000.0
175,606,106496,52,16.5700740814209,0.0001,0.04991477355360985,33.8871883392334,0.03382793,12382,0.196875,0.9378635287284851,0.2,-0.00034302733838558196,28.412539672851562,2251.7412109375,1000.0
178,609,108544,53,39.910186767578125,0.0001,0.04991048574447632,81.87368453176398,0.027481535,12387,0.22800164473684212,0.8966829776763916,0.2,-0.0006230852297066074,28.414065009669255,2251.7412109375,1000.0
180,611,110592,54,28.856243133544922,0.0001,0.04990947246551514,62.06499671936035,0.023455039,12392,0.2185546875,0.9254437685012817,0.2,-0.008906303043477237,28.414699649810792,2251.7412109375,1000.0
184,609,112640,55,25.498397827148438,0.0001,0.049906808882951736,54.6742166519165,0.023683805,12397,0.19052734375,0.937462568283081,0.2,-0.01529284194111824,28.41539373397827,2245.414306640625,1000.0
187,610,114688,56,28.163171768188477,0.0001,0.04990324005484581,57.048760986328126,0.018296119,12402,0.193359375,0.9326613545417786,0.2,-0.013001150009222329,28.41646490097046,2245.414306640625,1000.0
190,612,116736,57,6.521783351898193,0.0001,0.049902066588401794,14.58245194753011,0.027588869,12406,0.22591145833333334,0.9813815951347351,0.2,-0.005352625747521719,28.41747258504232,2245.414306640625,1000.0
193,614,118784,58,5.453644275665283,0.0001,0.04990404471755028,11.803895123799641,0.028809844,12410,0.20924479166666668,0.9805952906608582,0.2,-0.007996347825974226,28.41737912495931,2245.414306640625,1000.0
197,612,120832,59,5.814471244812012,0.0001,0.04990494251251221,12.435504739934748,0.027046567,12413,0.23171164772727273,0.9803515672683716,0.2,-0.0063435790890997105,28.416705218228426,2249.60693359375,1000.0
199,614,122880,60,15.232233047485352,0.0001,0.04990518093109131,32.94779605865479,0.030530717,12416,0.2380859375,0.9457584619522095,0.2,-0.0009257454890757799,28.41654453277588,2249.60693359375,1000.0
202,615,124928,61,5.518752574920654,0.0001,0.04990142956376076,15.044541454315185,0.02248959,12421,0.27958984375,0.9687397480010986,0.2,-0.012935254466719925,28.416947078704833,2249.60693359375,1000.0
205,617,126976,62,6.803501129150391,0.0001,0.04989829659461975,13.553994941711426,0.02756773,12424,0.20234375,0.9764483571052551,0.2,-0.007090328587219119,28.418390655517577,2249.60693359375,1000.0
209,616,129024,63,6.135881423950195,0.0001,0.04989636316895485,12.240389442443847,0.034245715,12426,0.2078125,0.976381242275238,0.2,0.006510341167449951,28.419318771362306,2256.068359375,1000.0
212,618,131072,64,11.368334770202637,0.0001,0.0498918741941452,24.315491199493408,0.028663764,12428,0.2744140625,0.9608622789382935,0.2,0.0029802940553054214,28.42049264907837,2256.068359375,1000.0
214,619,133120,65,6.272373199462891,0.0001,0.049890339374542236,14.176735560099283,0.030800046,12430,0.21451822916666666,0.9799556732177734,0.2,0.0054442832091202336,28.421637535095215,2256.068359375,1000.0
217,621,135168,66,7.39980936050415,0.0001,0.049890100955963135,15.323173795427595,0.024477096,12432,0.14174107142857142,0.9712702035903931,0.2,-0.0033743360212871005,28.421974454607284,2256.068359375,1000.0
221,620,137216,67,5.2599992752075195,0.0001,0.04988957196474075,9.918974876403809,0.029109996,12434,0.2578125,0.9808748960494995,0.2,0.004445507103810087,28.422008514404297,2270.145263671875,1000.0
223,622,139264,68,6.956392288208008,0.0001,0.04988902434706688,14.288010478019714,0.030736675,12436,0.255615234375,0.9766008257865906,0.2,0.0005114463856443763,28.422264337539673,2270.145263671875,1000.0
226,623,141312,69,4.811418056488037,0.0001,0.04988687112927437,9.82709721156529,0.027296316,12440,0.2621372767857143,0.9780958294868469,0.2,0.00016538193449378014,28.422693252563477,2270.145263671875,1000.0
229,625,143360,70,4.8043904304504395,0.0001,0.049883823841810226,9.456588665644327,0.02613746,12443,0.1982421875,0.9760755896568298,0.2,-0.0067957712259764476,28.423643430074055,2270.145263671875,1000.0
233,623,145408,71,5.853967189788818,0.0001,0.04988258704543114,12.15198826789856,0.024988823,12445,0.197998046875,0.9673404097557068,0.2,-0.004803590185474604,28.42451524734497,2248.830810546875,1000.0
235,624,147456,72,13.845159530639648,0.0001,0.049875710159540176,27.14091992378235,0.026801579,12449,0.249267578125,0.9376972913742065,0.2,-0.006988204491790384,28.425577998161316,2248.830810546875,1000.0
238,626,149504,73,4.581614017486572,0.0001,0.04987049847841263,9.553777694702148,0.02842872,12452,0.2189453125,0.9737379550933838,0.2,-0.004977861000224948,28.428092575073244,2248.830810546875,1000.0
241,627,151552,74,4.2183685302734375,0.0001,0.0498659722507,8.796337127685547,0.031136345,12454,0.22688802083333334,0.975836455821991,0.2,0.003207401605322957,28.429858207702637,2248.830810546875,1000.0
245,626,153600,75,4.786958694458008,0.0001,0.04986388608813286,9.864415407180786,0.01628498,12455,0.2080078125,0.9745821952819824,0.2,0.014172670897096395,28.4310884475708,2266.408203125,1000.0
247,627,155648,76,14.560157775878906,0.0001,0.04986153542995453,35.311442057291664,0.032853797,12457,0.205078125,0.9129602313041687,0.2,0.003058857750147581,28.431868235270183,2266.408203125,1000.0
250,628,157696,77,5.745433330535889,0.0001,0.04985775426030159,11.956035256385803,0.021929074,12459,0.16796875,0.9686980843544006,0.2,-0.002514259977033362,28.432920694351196,2266.408203125,1000.0
253,629,159744,78,5.098052501678467,0.0001,0.04985400289297104,10.138317108154297,0.025437929,12461,0.202392578125,0.9740301370620728,0.2,-0.0024935839464887977,28.43433666229248,2266.408203125,1000.0
258,626,161792,79,6.3757452964782715,0.0001,0.049852244555950165,12.580008125305175,0.031500958,12463,0.21328125,0.9698972702026367,0.2,0.00799735151231289,28.435328674316406,2263.535400390625,1000.0
261,626,163840,80,21.918901443481445,0.0001,0.04985271394252777,54.13246045793806,0.027980244,12465,0.20172991071428573,0.5936118364334106,0.2,-0.004718526333038296,28.43571880885533,2263.535400390625,1000.0
264,627,165888,81,18.108226776123047,0.0001,0.04985659942030907,35.4658920288086,0.02584654,12470,0.2787109375,0.47060126066207886,0.2,-0.011430470776394941,28.43469123840332,2263.535400390625,1000.0
267,627,167936,82,21.548765182495117,0.0001,0.04985767602920532,40.481099446614586,0.029450726,12472,0.24739583333333334,0.40733498334884644,0.2,0.0021685754569868245,28.43397267659505,2263.535400390625,1000.0
271,626,169984,83,20.727266311645508,0.0001,0.04986003413796425,44.50517723777077,0.02852626,12475,0.2537286931818182,0.352178692817688,0.2,-0.003010619325901974,28.433224591341887,2293.251953125,1000.0
274,625,172032,84,15.016737937927246,0.0001,0.049859218299388885,29.591114044189453,0.027114712,12477,0.21256510416666666,0.9571224451065063,0.2,0.0061484877951443195,28.432966550191242,2293.251953125,1000.0
277,626,174080,85,9.378684997558594,0.0001,0.049857109785079956,20.363167762756348,0.0321481,12479,0.2080078125,0.9740046858787537,0.2,-2.3209024220705032e-05,28.43348979949951,2293.251953125,1000.0
281,624,176128,86,9.212305068969727,0.0001,0.04984554275870323,20.606907018025716,0.029908216,12483,0.26796875,0.9727229475975037,0.2,-0.012533508334308862,28.435840861002603,2285.727294921875,1000.0
284,625,178176,87,8.267086029052734,0.0001,0.049838144332170486,18.11423635482788,0.026142102,12485,0.222900390625,0.9739360213279724,0.2,-0.0028772098594345152,28.43948721885681,2285.727294921875,1000.0
287,626,180224,88,6.592014312744141,0.0001,0.049832284450531006,16.021698156992596,0.029297644,12488,0.228515625,0.9518454074859619,0.2,-0.0005310991934190193,28.441946665445965,2285.727294921875,1000.0
290,626,182272,89,6.028898239135742,0.0001,0.04983098804950714,12.202996174494425,0.026521686,12491,0.2667643229166667,0.9653415083885193,0.2,-0.006771241159488757,28.44316228230794,2285.727294921875,1000.0
294,625,184320,90,8.293174743652344,0.0001,0.04983081296086311,17.348550033569335,0.037384424,12493,0.19375,0.9542986750602722,0.2,0.00457597803324461,28.443381118774415,2278.598388671875,1000.0
298,624,186368,91,10.717474937438965,0.0001,0.049827490001916885,19.235494341169083,0.03111177,12497,0.2788783482142857,0.9477705359458923,0.2,-0.004395425485979233,28.443978309631348,2278.598388671875,1000.0
301,624,188416,92,13.546552658081055,0.0001,0.049825724214315414,25.259703636169434,0.026637036,12499,0.17154947916666666,0.8942792415618896,0.2,-0.002074808037529389,28.44494565327962,2278.598388671875,1000.0
304,625,190464,93,10.957808494567871,0.0001,0.04982243478298187,24.55863904953003,0.024901005,12501,0.19482421875,0.8897622227668762,0.2,0.00029608706245198846,28.445842266082764,2278.598388671875,1000.0
308,623,192512,94,12.965255737304688,0.0001,0.04982181265950203,25.061087608337402,0.013404333,12502,0.1669921875,0.8992476463317871,0.2,0.001012191642075777,28.44664764404297,2264.01318359375,1000.0
311,624,194560,95,27.316650390625,0.0001,0.04982160031795502,55.24626159667969,0.031750105,12504,0.201171875,0.7735090255737305,0.2,0.0037949869874864817,28.44671058654785,2264.01318359375,1000.0
314,624,196608,96,27.771541595458984,0.0001,0.04982186108827591,49.25739506312779,0.030908534,12506,0.21540178571428573,0.7292410135269165,0.2,0.00043675263545342853,28.44675718035017,2264.01318359375,1000.0
317,625,198656,97,24.522668838500977,0.0001,0.0498167909681797,51.89867549472385,0.027313896,12511,0.2564019097222222,0.7385662794113159,0.2,-0.00694625456041346,28.447455724080402,2264.01318359375,1000.0
321,624,200704,98,17.532350540161133,0.0001,0.04981449991464615,37.112070401509605,0.028261827,12516,0.2562934027777778,0.7893816828727722,0.2,-0.013692157446510263,28.449156549241806,2259.70849609375,1000.0
324,625,202752,99,24.178268432617188,0.0001,0.0498126856982708,50.70426025390625,0.02542419,12521,0.25947265625,0.8060681819915771,0.2,-0.004973270371556282,28.44934825897217,2259.70849609375,1000.0
327,626,204800,100,15.438486099243164,0.0001,0.049810972064733505,31.749305204911664,0.02835515,12524,0.25248579545454547,0.905702531337738,0.2,-0.007163406603715636,28.450380845503375,2259.70849609375,1000.0
329,627,206848,101,18.244165420532227,0.0001,0.049809861928224564,37.65079716273716,0.02664271,12526,0.21958705357142858,0.8955197334289551,0.2,0.0015008911224348204,28.45085416521345,2259.70849609375,1000.0
333,626,208896,102,14.639547348022461,0.0001,0.049811363220214844,28.670980181012833,0.028795702,12528,0.24051339285714285,0.9070529937744141,0.2,0.004768555185624531,28.45091928754534,2272.5517578125,1000.0
336,627,210944,103,31.05337142944336,0.0001,0.0498129203915596,57.50978393554688,0.030641805,12530,0.169140625,0.8918665647506714,0.2,0.007252501975744963,28.45021743774414,2272.5517578125,1000.0
338,628,212992,104,16.550289154052734,0.0001,0.04981433227658272,44.185977935791016,0.030078333,12533,0.20546875,0.9276130199432373,0.2,-0.00010245186276733876,28.449651336669923,2272.5517578125,1000.0
341,629,215040,105,13.814901351928711,0.0001,0.04981374368071556,31.50197982788086,0.018419262,12538,0.1251953125,0.9370970726013184,0.2,-0.010396296950057149,28.44937696456909,2272.5517578125,1000.0
345,628,217088,106,13.799320220947266,0.0001,0.0498177669942379,30.3452130317688,0.0155567415,12543,0.111328125,0.9531413912773132,0.2,-0.00782340841833502,28.449348068237306,2249.0361328125,1000.0
348,629,219136,107,19.6468563079834,0.0001,0.04982485622167587,36.57376692030165,0.03207554,12548,0.2649739583333333,0.9393289685249329,0.2,-0.014912875472671457,28.446938620673286,2249.0361328125,1000.0
350,630,221184,108,10.071130752563477,0.0001,0.0498250313103199,21.770885785420734,0.030468041,12550,0.18619791666666666,0.955608606338501,0.2,0.011361781042069197,28.445618629455566,2249.0361328125,1000.0
353,631,223232,109,4.671815872192383,0.0001,0.04982635751366615,10.972518416012035,0.034231324,12555,0.19347426470588236,0.9762775897979736,0.2,-0.0067278409979360946,28.44548449796789,2249.0361328125,1000.0
357,629,225280,110,4.1015753746032715,0.0001,0.04982518404722214,11.139818739891052,0.025110036,12560,0.19287109375,0.9742157459259033,0.2,-0.005685327691026032,28.445079040527343,2276.167724609375,1000.0
360,630,227328,111,14.144824028015137,0.0001,0.04982530325651169,29.817317962646484,0.025852097,12565,0.24130859375,0.9418641328811646,0.2,-0.01093358094803989,28.445728874206544,2276.167724609375,1000.0
363,631,229376,112,6.9941725730896,0.0001,0.04982830956578255,17.065005445480345,0.018454347,12570,0.2099609375,0.9812047481536865,0.2,-0.004251793026924133,28.444981575012207,2276.167724609375,1000.0
366,631,231424,113,6.283556938171387,0.0001,0.049827709794044495,16.274726486206056,0.021292025,12575,0.1875,0.9765107035636902,0.2,-0.0063136066542938355,28.444251537322998,2276.167724609375,1000.0
370,630,233472,114,6.040439128875732,0.0001,0.049819447100162506,13.92322998046875,0.022694152,12580,0.21025390625,0.9676390290260315,0.2,-0.008734505763277412,28.445770168304442,2298.5576171875,1000.0
372,631,235520,115,24.140010833740234,0.0001,0.04981403797864914,51.39848885169396,0.031718478,12584,0.2683293269230769,0.7840103507041931,0.2,-0.005976090762907496,28.448750275831955,2298.5576171875,1000.0
375,632,237568,116,7.961150169372559,0.0001,0.04981131851673126,15.972103754679361,0.030518431,12587,0.23697916666666666,0.8738383650779724,0.2,-0.0019653475739889676,28.45011414421929,2298.5576171875,1000.0
378,633,239616,117,11.583902359008789,0.0001,0.049809303134679794,23.220018068949383,0.028165303,12589,0.18033854166666666,0.8564855456352234,0.2,-0.0007821081283812722,28.45097319285075,2298.5576171875,1000.0
383,630,241664,118,9.346638679504395,0.0001,0.04980842024087906,18.135578632354736,0.016106473,12590,0.20263671875,0.8649286031723022,0.2,0.008729954366572201,28.451529502868652,2308.3115234375,1000.0
386,630,243712,119,10.75471305847168,0.0001,0.049807317554950714,25.76575927734375,0.034039885,12592,0.19453125,0.9401958584785461,0.2,0.006023556366562844,28.451875686645508,2308.3115234375,1000.0
389,631,245760,120,8.400337219238281,0.0001,0.049805983901023865,17.54538345336914,0.030644152,12594,0.19466145833333334,0.97669517993927,0.2,0.005354194901883602,28.452402750651043,2308.3115234375,1000.0
392,631,247808,121,6.187469959259033,0.0001,0.0498068667948246,13.353283802668253,0.027370011,12597,0.19368489583333334,0.9764765501022339,0.2,-0.007856904723060628,28.452548662821453,2308.3115234375,1000.0
397,628,249856,122,8.025824546813965,0.0001,0.049806106835603714,16.952515029907225,0.031652827,12599,0.126953125,0.9665309190750122,0.2,0.005461088567972183,28.45233268737793,2324.314697265625,1000.0
400,628,251904,123,22.142505645751953,0.0001,0.049804478883743286,38.952257537841795,0.036797293,12601,0.19140625,0.9283788204193115,0.2,0.013207202404737472,28.452856826782227,2324.314697265625,1000.0
403,629,253952,124,6.148726940155029,0.0001,0.04980170726776123,12.939260996305025,0.031016808,12605,0.1932091346153846,0.972235918045044,0.2,-0.006720811683827868,28.45370277991662,2324.314697265625,1000.0
407,627,256000,125,7.833409309387207,0.0001,0.04980050027370453,15.209565980093819,0.029415635,12607,0.23046875,0.9667332768440247,0.2,-0.0026426405778953005,28.45434515816825,2324.6357421875,1000.0
410,628,258048,126,5.439935207366943,0.0001,0.04980051517486572,10.45750675201416,0.033043686,12609,0.227734375,0.978186845779419,0.2,0.004045280534774065,28.45457229614258,2324.6357421875,1000.0
413,628,260096,127,15.685562133789062,0.0001,0.04980054125189781,27.085542678833008,0.028524857,12611,0.18977864583333334,0.9437777400016785,0.2,-0.0021952015037337937,28.454575538635254,2324.6357421875,1000.0
416,628,262144,128,4.150399684906006,0.0001,0.04979384317994118,8.522610707716508,0.02874685,12614,0.1983309659090909,0.9809687733650208,0.2,-0.0045068529434502125,28.45538330078125,2324.6357421875,1000.0
420,627,264192,129,4.752105236053467,0.0001,0.04978782311081886,11.810639500617981,0.025301458,12616,0.20703125,0.9814916253089905,0.2,0.0062595553463324904,28.458141803741455,2325.96435546875,1000.0
423,628,266240,130,7.0513505935668945,0.0001,0.04978864639997482,16.782634629143608,0.029835813,12621,0.2874348958333333,0.9610581398010254,0.2,-0.012570181395858526,28.459463543362087,2325.96435546875,1000.0
426,628,268288,131,6.075760841369629,0.0001,0.04979562759399414,14.03639405965805,0.026832502,12625,0.25732421875,0.9706633687019348,0.2,-0.002356382639845833,28.45779311656952,2325.96435546875,1000.0
430,628,270336,132,6.88646125793457,0.0001,0.04979686439037323,13.729693276541573,0.029713742,12629,0.23074776785714285,0.9738503098487854,0.2,-0.009380008094012737,28.45583370753697,2325.96435546875,1000.0
434,626,272384,133,3.873094081878662,0.0001,0.04978052154183388,8.34294765336173,0.030591385,12633,0.263671875,0.9841905236244202,0.2,-0.005119659904656666,28.45834514072963,2317.175537109375,1000.0
438,626,274432,134,10.371099472045898,0.0001,0.04976688697934151,23.511385412777173,0.030655608,12638,0.2649356617647059,0.9624430537223816,0.2,-0.0066740413004642025,28.464738060446347,2317.175537109375,1000.0
441,626,276480,135,7.382735729217529,0.0001,0.049752384424209595,16.161774484734785,0.027169501,12643,0.2895764802631579,0.9756978750228882,0.2,-0.013750258073406784,28.469300822207803,2317.175537109375,1000.0
444,626,278528,136,7.739147186279297,0.0001,0.04974808543920517,15.393034140268961,0.03397269,12645,0.19954427083333334,0.9784047603607178,0.2,-0.004638419176141421,28.47292137145996,2317.175537109375,1000.0
448,625,280576,137,7.160180568695068,0.0001,0.049743276089429855,15.245380507575142,0.030551992,12648,0.2052951388888889,0.9793604016304016,0.2,-0.004105159547179937,28.474443647596573,2319.683349609375,1000.0
451,625,282624,138,11.39319133758545,0.0001,0.049742020666599274,24.133080891200475,0.025620377,12650,0.19503348214285715,0.9647731781005859,0.2,-0.002300857100635767,28.475721631731307,2319.683349609375,1000.0
454,626,284672,139,9.587932586669922,0.0001,0.04974228888750076,20.246336364746092,0.031025724,12652,0.160546875,0.9820252656936646,0.2,0.01009454820305109,28.475794982910156,2319.683349609375,1000.0
457,626,286720,140,4.852268695831299,0.0001,0.04974360764026642,11.262612533569335,0.025160976,12657,0.23623046875,0.9852264523506165,0.2,-0.011013163439929485,28.475627613067626,2319.683349609375,1000.0
461,625,288768,141,7.496270656585693,0.0001,0.049744315445423126,15.290274620056152,0.031179743,12659,0.1765625,0.9876613020896912,0.2,0.012191976979374885,28.47515754699707,2341.5712890625,1000.0
464,625,290816,142,14.429718971252441,0.0001,0.04974178597331047,30.70235384427584,0.031443525,12663,0.22941706730769232,0.9333468079566956,0.2,-0.006675867399630638,28.4752254486084,2341.5712890625,1000.0
467,626,292864,143,8.225316047668457,0.0001,0.04974057897925377,17.12113298688616,0.024534384,12665,0.17159598214285715,0.899225652217865,0.2,-0.0018634640478662082,28.47631781441825,2341.5712890625,1000.0
470,626,294912,144,5.706203937530518,0.0001,0.04973779618740082,11.65607378217909,0.032332245,12668,0.2322048611111111,0.9231724143028259,0.2,0.002359955416371425,28.47668923272027,2341.5712890625,1000.0
475,625,296960,145,5.015575408935547,0.0001,0.049734968692064285,10.356253835890028,0.036111515,12671,0.2306857638888889,0.9342873692512512,0.2,0.002041043041066991,28.478038152058918,2354.086181640625,1000.0
477,625,299008,146,45.411373138427734,0.0001,0.049734339118003845,73.0132360458374,0.015127461,12672,0.19580078125,0.7057158350944519,0.2,0.011244236957281828,28.478553295135498,2354.086181640625,1000.0
480,626,301056,147,51.611141204833984,0.0001,0.04973370581865311,99.04637739393446,0.032220107,12675,0.20985243055555555,0.7128676176071167,0.2,0.0006848650260104074,28.478816562228733,2354.086181640625,1000.0
483,626,303104,148,42.00599670410156,0.0001,0.049733396619558334,81.86955738067627,0.025813568,12677,0.2177734375,0.7467422485351562,0.2,-0.003267624066211283,28.478983640670776,2354.086181640625,1000.0
487,626,305152,149,39.9891471862793,0.0001,0.04973260685801506,83.89229038783482,0.027962206,12679,0.189453125,0.7435592412948608,0.2,-0.0020306051841803958,28.479165485927037,2351.813720703125,1000.0
490,626,307200,150,29.72356605529785,0.0001,0.04972574859857559,57.29381256103515,0.021773342,12684,0.2619140625,0.8622362613677979,0.2,-0.016009629424661397,28.480171585083006,2351.813720703125,1000.0
492,627,309248,151,6.230620861053467,0.0001,0.04971401393413544,15.90781626701355,0.028107341,12689,0.25537109375,0.9753768444061279,0.2,-0.010817077639512718,28.483916759490967,2351.813720703125,1000.0
496,627,311296,152,5.998632907867432,0.0001,0.049704089760780334,13.27826976776123,0.023827754,12694,0.22998046875,0.97718745470047,0.2,-0.007141887675970793,28.487696170806885,2351.813720703125,1000.0
500,626,313344,153,4.966640949249268,0.0001,0.04969273507595062,10.643030246098837,0.027271178,12697,0.2618815104166667,0.977594792842865,0.2,-0.0011938620009459555,28.491503556569416,2375.839599609375,1000.0
502,627,315392,154,26.86788558959961,0.0001,0.04968830198049545,55.42100969950358,0.026997413,12699,0.18587239583333334,0.8249544501304626,0.2,0.0029850515614574156,28.49464480082194,2375.839599609375,1000.0
505,627,317440,155,5.789470672607422,0.0001,0.04968642443418503,11.548978233337403,0.03342311,12701,0.2046875,0.9438991546630859,0.2,0.0013298450037837028,28.495772552490234,2375.839599609375,1000.0
508,628,319488,156,5.16300630569458,0.0001,0.04968447983264923,10.796112378438314,0.029879458,12703,0.24869791666666666,0.9496422410011292,0.2,0.00683676777407527,28.49656327565511,2375.839599609375,1000.0
512,627,321536,157,7.113771438598633,0.0001,0.0496838241815567,15.559284210205078,0.014769822,12704,0.1923828125,0.9259461760520935,0.2,0.0077398966532200575,28.496910572052002,2401.844970703125,1000.0
515,627,323584,158,13.181748390197754,0.0001,0.04968268796801567,26.26977996826172,0.034002535,12706,0.17734375,0.9582045674324036,0.2,0.010324981249868869,28.497258377075195,2401.844970703125,1000.0
518,628,325632,159,7.840174198150635,0.0001,0.04968295618891716,14.410887956619263,0.026917648,12709,0.19091796875,0.9775479435920715,0.2,-0.0015456307058533032,28.497565905253094,2401.844970703125,1000.0
522,627,327680,160,8.327692031860352,0.0001,0.049679920077323914,17.62817988395691,0.02327165,12714,0.2220703125,0.9746192097663879,0.2,-0.013886344688944518,28.49745922088623,2401.844970703125,1000.0
526,626,329728,161,4.7578558921813965,0.0001,0.049676403403282166,10.781237953587583,0.025209239,12719,0.22409539473684212,0.9846550822257996,0.2,-0.012430501819931362,28.499304319682874,2383.602294921875,1000.0
529,626,331776,162,18.146240234375,0.0001,0.04967343062162399,31.40362040201823,0.036106557,12722,0.24739583333333334,0.9087323546409607,0.2,-0.0019240904495947892,28.50015640258789,2383.602294921875,1000.0
533,625,333824,163,5.747488021850586,0.0001,0.049669381231069565,12.833227263556587,0.031962723,12727,0.3068576388888889,0.9292831420898438,0.2,-0.008798505852205886,28.50209617614746,2383.602294921875,1000.0
536,625,335872,164,5.239593505859375,0.0001,0.0496700219810009,10.884411017100016,0.030999549,12729,0.20703125,0.9423544406890869,0.2,0.006686193402856588,28.502186457316082,2383.602294921875,1000.0
541,624,337920,165,7.0172929763793945,0.0001,0.049670103937387466,14.264523267745972,0.019939821,12731,0.138427734375,0.9162181615829468,0.2,0.0007513541495427489,28.502020835876465,2391.021484375,1000.0
544,624,339968,166,39.08119583129883,0.0001,0.049668703228235245,76.31765619913737,0.027598036,12733,0.18782552083333334,0.8847842812538147,0.2,0.0029840567925324044,28.502342859903973,2391.021484375,1000.0
548,624,342016,167,26.872894287109375,0.0001,0.04966645687818527,56.146508267051296,0.026878746,12738,0.25,0.9132133722305298,0.2,-0.011126050382460418,28.502946452090615,2391.021484375,1000.0
552,622,344064,168,22.281585693359375,0.0001,0.04966486617922783,47.2900203704834,0.031265598,12741,0.2689453125,0.9176584482192993,0.2,0.001328502641990781,28.503728675842286,2390.5654296875,1000.0
556,622,346112,169,30.03628158569336,0.0001,0.04966401308774948,60.37254791259765,0.030261232,12743,0.1859375,0.8974258303642273,0.2,0.0019090818241238594,28.50410041809082,2390.5654296875,1000.0
559,622,348160,170,15.660115242004395,0.0001,0.049662843346595764,31.073533058166504,0.025442157,12745,0.20068359375,0.8973450660705566,0.2,-0.0031690132746007293,28.50452733039856,2390.5654296875,1000.0
562,622,350208,171,11.354945182800293,0.0001,0.04965953901410103,22.859580993652344,0.026559683,12748,0.22542317708333334,0.9128707647323608,0.2,-0.005074979388155043,28.505180994669598,2390.5654296875,1000.0
567,620,352256,172,5.066176891326904,0.0001,0.049655623733997345,11.527302605765206,0.025634404,12752,0.21916852678571427,0.9622611403465271,0.2,-0.004081828253609794,28.50658621106829,2400.00048828125,1000.0
571,620,354304,173,15.930349349975586,0.0001,0.04965298995375633,30.082677205403645,0.036864482,12754,0.24283854166666666,0.8918622732162476,0.2,0.006464821752160788,28.507833162943523,2400.00048828125,1000.0
574,620,356352,174,6.30750036239624,0.0001,0.049647822976112366,12.644334176007439,0.031396277,12759,0.22208180147058823,0.969822347164154,0.2,-0.008818176575005054,28.50924503102022,2400.00048828125,1000.0
578,619,358400,175,5.55431604385376,0.0001,0.04964537173509598,11.268587459217418,0.027291084,12762,0.18767755681818182,0.9744422435760498,0.2,-0.004056252623823556,28.510668321089312,2400.00048828125,1000.0
583,618,360448,176,6.061176300048828,0.0001,0.049645401537418365,12.872929746454412,0.028436452,12765,0.23650568181818182,0.9726884961128235,0.2,-0.003166257975284349,28.51102135398171,2408.038330078125,1000.0
586,617,362496,177,11.3229398727417,0.0001,0.04964510723948479,27.95136833190918,0.028542288,12767,0.18229166666666666,0.939757764339447,0.2,0.000630353344604373,28.511112848917644,2408.038330078125,1000.0
590,617,364544,178,16.746688842773438,0.0001,0.04964752867817879,33.15183857509068,0.029412478,12771,0.21037946428571427,0.70089191198349,0.2,-0.007616126094944775,28.510840007237025,2408.038330078125,1000.0
593,617,366592,179,17.995332717895508,0.0001,0.049648597836494446,33.58422031402588,0.029370997,12774,0.1953125,0.6910744905471802,0.2,-0.002793095959350467,28.510053062438963,2408.038330078125,1000.0
598,615,368640,180,21.348697662353516,0.0001,0.04964694753289223,39.7196849822998,0.029716512,12777,0.240625,0.6512901782989502,0.2,-0.0006095809862017631,28.510091018676757,2403.49951171875,1000.0
601,615,370688,181,20.410808563232422,0.0001,0.04964357987046242,39.47941069169478,0.026592374,12780,0.22301136363636365,0.8475648760795593,0.2,-0.0035832176535305653,28.511050137606535,2403.49951171875,1000.0
605,615,372736,182,5.20151424407959,0.0001,0.049636732786893845,11.163041787989,0.031080125,12785,0.2626378676470588,0.9787713289260864,0.2,-0.012434062178191893,28.512829500086166,2403.49951171875,1000.0
608,615,374784,183,5.715210914611816,0.0001,0.04962608218193054,10.381354868412018,0.027299274,12789,0.270263671875,0.9795013666152954,0.2,-0.007494389254134148,28.516021370887756,2403.49951171875,1000.0
613,614,376832,184,6.963176250457764,0.0001,0.04962215945124626,13.520976257324218,0.030135093,12791,0.20546875,0.9740844368934631,0.2,0.006338327005505562,28.518766784667967,2401.316162109375,1000.0
616,614,378880,185,18.9859619140625,0.0001,0.049619514495134354,44.024593353271484,0.031182598,12796,0.2456341911764706,0.9195553660392761,0.2,-0.001155748963356018,28.520514993106616,2401.316162109375,1000.0
619,614,380928,186,20.90181541442871,0.0001,0.04961705207824707,45.41761150360107,0.017661031,12801,0.20224609375,0.9259926676750183,0.2,-0.008121615077834576,28.52047653198242,2401.316162109375,1000.0
622,615,382976,187,20.23533821105957,0.0001,0.04961506649851799,41.32794876098633,0.022435296,12806,0.15791015625,0.9359154105186462,0.2,-0.012220121407881378,28.52198724746704,2401.316162109375,1000.0
627,613,385024,188,24.219388961791992,0.0001,0.049609020352363586,52.07547588348389,0.022314968,12811,0.19697265625,0.9304717779159546,0.2,-0.012070192699320614,28.522657108306884,2394.536865234375,1000.0
630,613,387072,189,19.07457160949707,0.0001,0.04960022494196892,41.139679527282716,0.020431343,12816,0.278125,0.9196643829345703,0.2,-0.017858994472771884,28.52611837387085,2394.536865234375,1000.0
633,614,389120,190,4.821003437042236,0.0001,0.04959523305296898,12.681659648292943,0.024801865,12821,0.22769325657894737,0.9583402872085571,0.2,0.00014732452109456062,28.528429734079463,2394.536865234375,1000.0
636,614,391168,191,5.188638687133789,0.0001,0.04959272965788841,11.691417038440704,0.024757773,12825,0.2449951171875,0.9548305869102478,0.2,-0.0006299896340351552,28.52982187271118,2394.536865234375,1000.0
641,613,393216,192,5.0059709548950195,0.0001,0.049590229988098145,10.699233611424765,0.022354484,12828,0.21028645833333334,0.9397863745689392,0.2,-0.003389128871882955,28.530550003051758,2388.70849609375,1000.0
644,613,395264,193,26.683012008666992,0.0001,0.04958850517868996,52.4905912399292,0.02377549,12833,0.27724609375,0.8431732058525085,0.2,-0.004267565486952662,28.531624507904052,2388.70849609375,1000.0
647,613,397312,194,24.09834861755371,0.0001,0.049590010195970535,52.251152420043944,0.022750754,12838,0.23232421875,0.8666957020759583,0.2,-0.014593097404576838,28.531520557403564,2388.70849609375,1000.0
650,613,399360,195,21.318267822265625,0.0001,0.049590639770030975,51.33528442382813,0.016781801,12843,0.216015625,0.879726767539978,0.2,-0.014419918518979103,28.5311279296875,2388.70849609375,1000.0
655,612,401408,196,18.061193466186523,0.0001,0.049593470990657806,46.32758617401123,0.025069118,12848,0.255859375,0.8926472067832947,0.2,-0.014836766291409731,28.530667877197267,2391.31005859375,1000.0
658,612,403456,197,16.59438705444336,0.0001,0.049596115946769714,33.11034574508667,0.025947582,12853,0.26826171875,0.9129863381385803,0.2,-0.013267114167683757,28.52939329147339,2391.31005859375,1000.0
661,613,405504,198,11.483224868774414,0.0001,0.049586933106184006,22.56507215499878,0.022188986,12858,0.25751953125,0.9374716877937317,0.2,-0.00941346436738968,28.530009746551514,2391.31005859375,1000.0
664,613,407552,199,5.887234210968018,0.0001,0.049578145146369934,11.976361101323908,0.024081802,12861,0.20241477272727273,0.9675338268280029,0.2,-0.003189080437137322,28.5338191986084,2391.31005859375,1000.0
668,612,409600,200,6.733081817626953,0.0001,0.04957383871078491,14.435184669494628,0.041845966,12863,0.23125,0.9575935006141663,0.2,0.008141243457794189,28.536457061767578,2371.457763671875,1000.0
671,613,411648,201,14.6375732421875,0.0001,0.04956744238734245,28.55926497777303,0.026024321,12866,0.2579752604166667,0.942484438419342,0.2,-0.001756209065206349,28.538596630096436,2371.457763671875,1000.0
674,613,413696,202,11.696625709533691,0.0001,0.04955880343914032,24.365930461883544,0.022807304,12871,0.28984375,0.9560884833335876,0.2,-0.010179215809330344,28.541036701202394,2371.457763671875,1000.0
677,613,415744,203,14.57768726348877,0.0001,0.049550753086805344,27.318699455261232,0.025305342,12876,0.24599609375,0.9541381001472473,0.2,-0.01155710345483385,28.544130897521974,2371.457763671875,1000.0
681,612,417792,204,10.832640647888184,0.0001,0.04954858496785164,21.550881794520787,0.028017065,12878,0.2265625,0.9639637470245361,0.2,-0.0051576436630317146,28.546052932739258,2364.91845703125,1000.0
684,613,419840,205,11.462182998657227,0.0001,0.049547094851732254,25.376867839268275,0.027554134,12880,0.22181919642857142,0.9682787656784058,0.2,-0.00011747450168643679,28.54677472795759,2364.91845703125,1000.0
687,613,421888,206,9.38228702545166,0.0001,0.04954586923122406,19.454282215663365,0.025132785,12882,0.18498883928571427,0.9771939516067505,0.2,-0.002487271891108581,28.547218595232284,2364.91845703125,1000.0
691,613,423936,207,9.186444282531738,0.0001,0.04954412207007408,18.696026039123534,0.027589323,12885,0.200390625,0.9763239026069641,0.2,-0.005900183599442244,28.54782199859619,2364.91845703125,1000.0
695,612,425984,208,7.721620559692383,0.0001,0.04954002797603607,15.575318813323975,0.024438165,12887,0.211669921875,0.980509340763092,0.2,-0.0019219459500163794,28.548723459243774,2366.593505859375,1000.0
698,612,428032,209,27.718368530273438,0.0001,0.04953626170754433,55.70123100280762,0.024322169,12889,0.1806640625,0.9112288355827332,0.2,0.010587669909000397,28.55036497116089,2366.593505859375,1000.0
701,612,430080,210,15.316885948181152,0.0001,0.04953160509467125,34.70449838638306,0.016528394,12894,0.1958984375,0.9362630844116211,0.2,-0.013202536525204778,28.551925468444825,2366.593505859375,1000.0
706,612,432128,211,17.97875213623047,0.0001,0.04952746257185936,40.61131763458252,0.018862132,12899,0.24267578125,0.9341467618942261,0.2,-0.009286783076822758,28.5532527923584,2354.466796875,1000.0
709,612,434176,212,15.694108963012695,0.0001,0.049523480236530304,39.62268619537353,0.01698866,12904,0.23623046875,0.9457690715789795,0.2,-0.011226321733556689,28.555043601989745,2354.466796875,1000.0
712,612,436224,213,13.574705123901367,0.0001,0.04951959103345871,35.43588371276856,0.021965954,12909,0.20595703125,0.9340771436691284,0.2,-0.00884128330508247,28.55636320114136,2354.466796875,1000.0
715,612,438272,214,8.043874740600586,0.0001,0.049520112574100494,19.920760107040405,0.020004483,12914,0.1662109375,0.961770236492157,0.2,-0.01010457258671522,28.557193088531495,2354.466796875,1000.0
719,611,440320,215,6.791330814361572,0.0001,0.049517348408699036,16.348937654495238,0.020628035,12919,0.20400390625,0.9645270109176636,0.2,-0.014477985817939043,28.557049465179443,2345.823974609375,1000.0
722,611,442368,216,16.34947967529297,0.0001,0.04951580986380577,35.38669538497925,0.02017731,12924,0.25078125,0.9272382855415344,0.2,-0.0149988261051476,28.558544063568114,2345.823974609375,1000.0
726,612,444416,217,6.445633888244629,0.0001,0.04951591044664383,14.378176975250245,0.022943754,12929,0.19990234375,0.9805008172988892,0.2,-0.01140300219412893,28.558427810668945,2345.823974609375,1000.0
729,612,446464,218,6.378434181213379,0.0001,0.04951642453670502,13.285220098495483,0.025709193,12934,0.22333984375,0.9837097525596619,0.2,-0.008289738435996697,28.558632373809814,2345.823974609375,1000.0
733,611,448512,219,6.3676347732543945,0.0001,0.04951278120279312,13.013772964477539,0.025100406,12939,0.2318359375,0.9814176559448242,0.2,-0.010794661252293735,28.55838985443115,2336.736083984375,1000.0
736,611,450560,220,9.930727005004883,0.0001,0.04951002076268196,23.373810359409877,0.0315842,12941,0.23214285714285715,0.9620416760444641,0.2,-7.206294685602188e-05,28.560158048357284,2336.736083984375,1000.0
739,611,452608,221,6.547220230102539,0.0001,0.04950492084026337,14.553247451782227,0.025166536,12944,0.18128551136363635,0.9720489978790283,0.2,-0.007752205160531131,28.561405181884766,2336.736083984375,1000.0
742,612,454656,222,7.021544933319092,0.0001,0.049500204622745514,13.317664010184151,0.025872523,12946,0.19112723214285715,0.9758833646774292,0.2,-0.0022608490461217506,28.563368116106307,2336.736083984375,1000.0
746,611,456704,223,7.776933670043945,0.0001,0.049495089799165726,17.551518201828003,0.023468632,12948,0.198974609375,0.9670708179473877,0.2,0.00039136578561738133,28.565224647521973,2331.659912109375,1000.0
749,611,458752,224,15.057547569274902,0.0001,0.04949253425002098,34.281572341918945,0.024365975,12950,0.17885044642857142,0.9262006282806396,0.2,-0.00044292184923376354,28.566580363682338,2331.659912109375,1000.0
752,612,460800,225,7.820758819580078,0.0001,0.04948534071445465,15.45884828567505,0.020062387,12955,0.25751953125,0.9239300489425659,0.2,-0.012419575499370695,28.568393516540528,2331.659912109375,1000.0
756,612,462848,226,7.83013391494751,0.0001,0.04948292300105095,16.075913310050964,0.021084266,12957,0.1826171875,0.928138017654419,0.2,0.00019558332860469818,28.570077657699585,2331.659912109375,1000.0
760,611,464896,227,5.938939571380615,0.0001,0.049477167427539825,11.492300589879354,0.028107803,12960,0.3009440104166667,0.9404099583625793,0.2,0.00023824310240646204,28.571523825327557,2339.236328125,1000.0
763,611,466944,228,9.267788887023926,0.0001,0.049474842846393585,18.034782648086548,0.028453082,12963,0.25830078125,0.9683759212493896,0.2,-0.003526194777805358,28.573266983032227,2339.236328125,1000.0
766,611,468992,229,4.2128424644470215,0.0001,0.04948018491268158,9.427955887534402,0.030195678,12966,0.25230823863636365,0.9836671948432922,0.2,-0.0001428637399592183,28.572758587923918,2339.236328125,1000.0
769,611,471040,230,4.792171001434326,0.0001,0.04948405548930168,10.01001262664795,0.03377845,12969,0.2664930555555556,0.9825582504272461,0.2,0.00116369454190135,28.570612801445854,2339.236328125,1000.0
773,611,473088,231,3.909756660461426,0.0001,0.04948262497782707,8.067478942871094,0.030908585,12972,0.244140625,0.9862788319587708,0.2,-0.0012889956589788199,28.570343589782716,2335.748779296875,1000.0
776,611,475136,232,23.03340721130371,0.0001,0.049478236585855484,43.798091888427734,0.029542122,12976,0.25460379464285715,0.9203009605407715,0.2,-0.009870943180950624,28.571680341448104,2335.748779296875,1000.0
780,611,477184,233,12.289807319641113,0.0001,0.049478478729724884,30.17359797159831,0.027694914,12978,0.20149739583333334,0.9385802149772644,0.2,0.005305786461879809,28.57228183746338,2335.748779296875,1000.0
783,611,479232,234,16.948883056640625,0.0001,0.04947810620069504,33.225323390960696,0.022302372,12983,0.27265625,0.9192357063293457,0.2,-0.015810911101289092,28.572418308258058,2335.748779296875,1000.0
787,611,481280,235,16.154579162597656,0.0001,0.049475014209747314,37.28540472550826,0.026955552,12986,0.2217684659090909,0.909888505935669,0.2,-0.006794935938986865,28.572915163907137,2347.998046875,1000.0
790,611,483328,236,12.642298698425293,0.0001,0.049474284052848816,27.153032493591308,0.024507664,12991,0.28330078125,0.9491740465164185,0.2,-0.013692779786651954,28.57396306991577,2347.998046875,1000.0
793,611,485376,237,6.941280841827393,0.0001,0.04947255551815033,15.591234120455654,0.025968263,12994,0.2585227272727273,0.9721365571022034,0.2,-0.005944548852064393,28.574223778464578,2347.998046875,1000.0
796,611,487424,238,7.175882339477539,0.0001,0.04946771264076233,16.074302101135252,0.027786087,12997,0.1966796875,0.9725341200828552,0.2,0.0007125706411898136,28.575265312194823,2347.998046875,1000.0
800,611,489472,239,7.179623126983643,0.0001,0.04946548491716385,14.919923019409179,0.039690785,12999,0.20078125,0.9763646125793457,0.2,5.070902407169342e-05,28.57683753967285,2335.18115234375,1000.0
803,611,491520,240,10.810002326965332,0.0001,0.04946225881576538,23.8076229095459,0.025531676,13001,0.2119140625,0.9485797882080078,0.2,-0.0005880921380594373,28.577725887298584,2335.18115234375,1000.0
807,611,493568,241,4.191587448120117,0.0001,0.049454059451818466,9.63139668632956,0.033142336,13006,0.2938878676470588,0.9761015176773071,0.2,-0.005771542926702429,28.579834320965936,2335.18115234375,1000.0
810,611,495616,242,7.400603771209717,0.0001,0.049451716244220734,14.891096750895182,0.029301915,13008,0.18912760416666666,0.9634833335876465,0.2,0.006977868654454748,28.581864674886067,2335.18115234375,1000.0
814,610,497664,243,4.118229389190674,0.0001,0.0494476780295372,8.828238357197154,0.025588175,13011,0.1983309659090909,0.9787994027137756,0.2,-0.002890154243108224,28.582957527854226,2313.605224609375,1000.0
818,610,499712,244,14.296427726745605,0.0001,0.04944733902812004,30.33219125535753,0.035316166,13014,0.2380642361111111,0.9312452077865601,0.2,0.0005563886111809148,28.583804872300888,2313.605224609375,1000.0
821,610,501760,245,6.926303386688232,0.0001,0.04944582283496857,14.70084974500868,0.030173495,13017,0.2189670138888889,0.9700273871421814,0.2,9.026512917545106e-05,28.584121704101562,2313.605224609375,1000.0
825,610,503808,246,6.558398723602295,0.0001,0.04944443702697754,13.664349996126615,0.03160005,13021,0.2088341346153846,0.9713085293769836,0.2,-0.006109822899676287,28.58464637169471,2313.605224609375,1000.0
830,609,505856,247,6.759675979614258,0.0001,0.04943069443106651,13.485705757141114,0.02443714,13026,0.2439453125,0.9657569527626038,0.2,-0.013208274659700692,28.58642988204956,2344.2255859375,1000.0
833,609,507904,248,8.270437240600586,0.0001,0.04942009970545769,21.044474124908447,0.028463475,13030,0.2857666015625,0.9615959525108337,0.2,-0.00487906091439072,28.592389345169067,2344.2255859375,1000.0
836,609,509952,249,6.914275169372559,0.0001,0.049413103610277176,14.435911630329333,0.029670576,13035,0.2808388157894737,0.9763692021369934,0.2,-0.013136227933787986,28.59501176131399,2344.2255859375,1000.0
840,609,512000,250,6.866433620452881,0.0001,0.04941117763519287,14.512604077657064,0.027340408,13037,0.19661458333333334,0.9783225059509277,0.2,0.0017927107789243262,28.59674580891927,2348.999267578125,1000.0
843,609,514048,251,6.625509262084961,0.0001,0.04940900579094887,14.531877160072327,0.026417073,13039,0.216796875,0.9768421649932861,0.2,-0.0002934295916929841,28.59751534461975,2348.999267578125,1000.0
846,609,516096,252,19.490293502807617,0.0001,0.04940826818346977,43.44637451171875,0.023832351,13044,0.26826171875,0.9372829794883728,0.2,-0.0027335713268257676,28.598520469665527,2348.999267578125,1000.0
849,610,518144,253,12.77841854095459,0.0001,0.04941051825881004,27.544585478933232,0.026204215,13049,0.24403782894736842,0.9629656076431274,0.2,-0.0056326524477059905,28.597860537077253,2348.999267578125,1000.0
853,609,520192,254,11.368629455566406,0.0001,0.0494060255587101,23.008209323883058,0.024986535,13054,0.25498046875,0.9696274995803833,0.2,-0.014780739764682948,28.59776363372803,2345.8115234375,1000.0
856,609,522240,255,13.96546459197998,0.0001,0.04940636083483696,32.888038635253906,0.027623417,13058,0.2401123046875,0.958641767501831,0.2,-0.01122918761393521,28.599172353744507,2345.8115234375,1000.0
859,609,524288,256,10.30479907989502,0.0001,0.049406807869672775,21.93124771118164,0.024411533,13060,0.1845703125,0.9634846448898315,0.2,-0.002890996460337192,28.598699808120728,2345.8115234375,1000.0
863,609,526336,257,4.071348190307617,0.0001,0.04940549284219742,8.01952652497725,0.028647231,13063,0.25035511363636365,0.9863583445549011,0.2,-0.005101988451894034,28.598874005404387,2345.8115234375,1000.0
867,609,528384,258,5.425226211547852,0.0001,0.04940401017665863,10.543055057525635,0.026560722,13065,0.17513020833333334,0.9820600152015686,0.2,-0.0034704043064266443,28.599379539489746,2340.40576171875,1000.0
870,609,530432,259,12.905984878540039,0.0001,0.049401260912418365,26.825649579366047,0.031695843,13067,0.20865885416666666,0.9505671262741089,0.2,6.916226508716743e-05,28.600258827209473,2340.40576171875,1000.0
873,609,532480,260,5.809576988220215,0.0001,0.04939844459295273,11.607181866963705,0.02743515,13069,0.15885416666666666,0.9553346037864685,0.2,-0.005674633663147688,28.601237614949543,2340.40576171875,1000.0
876,610,534528,261,7.345358848571777,0.0001,0.04939664155244827,14.217633247375488,0.041491237,13071,0.191796875,0.950066089630127,0.2,0.0013068629428744315,28.60214157104492,2340.40576171875,1000.0
880,609,536576,262,5.9822282791137695,0.0001,0.049394525587558746,12.66651371547154,0.024642646,13073,0.18331473214285715,0.9532601237297058,0.2,-0.0007558101122932774,28.60273006984166,2364.19873046875,1000.0
882,610,538624,263,9.354342460632324,0.0001,0.049394119530916214,18.390390941074916,0.025276868,13075,0.19224330357142858,0.958491861820221,0.2,-0.0021183372009545565,28.60334505353655,2364.19873046875,1000.0
885,610,540672,264,6.333131790161133,0.0001,0.049394939094781876,14.955140113830566,0.02937758,13077,0.20563616071428573,0.9891074895858765,0.2,0.003681363271815436,28.603142057146346,2364.19873046875,1000.0
888,610,542720,265,2.9039881229400635,0.0001,0.04939510300755501,7.872892459233602,0.029318415,13082,0.17274305555555555,0.9907570481300354,0.2,-0.008870661245762475,28.60289234585232,2364.19873046875,1000.0
892,610,544768,266,2.9192330837249756,0.0001,0.049389202147722244,7.741104378419764,0.030924208,13087,0.17865349264705882,0.9907587170600891,0.2,-0.004892489133293138,28.603493522195254,2379.778076171875,1000.0
895,610,546816,267,10.933403015136719,0.0001,0.04938504844903946,23.337366104125977,0.02673091,13089,0.201171875,0.9557773470878601,0.2,-0.007776479906169698,28.605969667434692,2379.778076171875,1000.0
898,611,548864,268,5.900945663452148,0.0001,0.049383554607629776,12.387200037638346,0.028665036,13091,0.189453125,0.9652462601661682,0.2,0.002078138175420463,28.60692564646403,2379.778076171875,1000.0
900,611,550912,269,4.219393253326416,0.0001,0.04938318580389023,8.355109810829163,0.020445362,13093,0.154296875,0.9775147438049316,0.2,-0.0013962344964966178,28.607317686080933,2379.778076171875,1000.0
904,611,552960,270,5.022623062133789,0.0001,0.049382224678993225,10.97351428440639,0.026696578,13095,0.21372767857142858,0.9711504578590393,0.2,-0.0034775793818490846,28.607441765921457,2374.16015625,1000.0
907,611,555008,271,29.566375732421875,0.0001,0.049380525946617126,56.036476135253906,0.04064679,13097,0.19375,0.9036744236946106,0.2,0.009965051244944335,28.607988357543945,2374.16015625,1000.0
910,611,557056,272,14.45350456237793,0.0001,0.04937874153256416,29.70455585826527,0.027946427,13100,0.20365767045454544,0.9608832597732544,0.2,-0.0024347738574512982,28.60875199057839,2374.16015625,1000.0
913,611,559104,273,21.97376251220703,0.0001,0.04937726631760597,41.14483070373535,0.02454162,13105,0.22548828125,0.9487470388412476,0.2,-0.012998570105992258,28.609247779846193,2374.16015625,1000.0
918,611,561152,274,15.692018508911133,0.0001,0.049399543553590775,31.655308055877686,0.02528905,13110,0.2892578125,0.9579082131385803,0.2,-0.013919680612161756,28.6065673828125,2368.515869140625,1000.0
921,611,563200,275,20.685619354248047,0.0001,0.04940730333328247,41.55927228927612,0.02251883,13112,0.202880859375,0.9327614903450012,0.2,-0.0039416955842170864,28.599920988082886,2368.515869140625,1000.0
924,611,565248,276,7.738033771514893,0.0001,0.049411576241254807,17.891588032245636,0.02576243,13116,0.2420654296875,0.9578494429588318,0.2,-0.007408860314171761,28.59750533103943,2368.515869140625,1000.0
927,611,567296,277,5.926268577575684,0.0001,0.049409907311201096,12.359805367209695,0.032659743,13119,0.2274502840909091,0.9707085490226746,0.2,-0.007544708480550485,28.597308939153496,2368.515869140625,1000.0
931,611,569344,278,10.303998947143555,0.0001,0.04940493404865265,21.050261306762696,0.031546704,13122,0.2578125,0.946045458316803,0.2,-0.0008315607439726592,28.598456192016602,2364.711669921875,1000.0
934,611,571392,279,12.255630493164062,0.0001,0.049400947988033295,26.52416572570801,0.033228777,13124,0.18125,0.939631998538971,0.2,0.0035153833217918874,28.6003360748291,2364.711669921875,1000.0
937,611,573440,280,3.5691592693328857,0.0001,0.04939001053571701,7.854314495535458,0.03215698,13129,0.24195772058823528,0.9832897782325745,0.2,-0.006144163335728294,28.603052363676184,2364.711669921875,1000.0
940,611,575488,281,4.56313943862915,0.0001,0.04937849938869476,8.561376651128134,0.02812467,13132,0.24788411458333334,0.9805276393890381,0.2,-0.008381689122567574,28.60705105463664,2364.711669921875,1000.0
944,611,577536,282,5.351994037628174,0.0001,0.049372319132089615,10.199833869934082,0.026963292,13134,0.18522135416666666,0.9771427512168884,0.2,-0.00045505398884415627,28.61040274302165,2374.947265625,1000.0
947,611,579584,283,15.113737106323242,0.0001,0.04936831071972847,26.75265235900879,0.0329299,13136,0.180078125,0.937303364276886,0.2,0.0012202399200759828,28.61236686706543,2374.947265625,1000.0
950,611,581632,284,4.626590728759766,0.0001,0.04936087504029274,9.872712742198598,0.02920185,13139,0.2590553977272727,0.974705159664154,0.2,-0.008114342493089762,28.614446466619317,2374.947265625,1000.0
953,611,583680,285,3.545506000518799,0.0001,0.049353279173374176,7.001479208469391,0.024740353,13141,0.207763671875,0.9814994931221008,0.2,-0.0006732548354193568,28.617056846618652,2374.947265625,1000.0
958,611,585728,286,3.949584484100342,0.0001,0.04934845119714737,7.6519262313842775,0.030582223,13143,0.201171875,0.9796115159988403,0.2,0.004601736646145582,28.6194278717041,2390.847900390625,1000.0
961,611,587776,287,29.76024055480957,0.0001,0.049344174563884735,61.47326469421387,0.029333163,13145,0.19759114583333334,0.8727924823760986,0.2,0.007952508865855634,28.62116018931071,2390.847900390625,1000.0
964,611,589824,288,23.336463928222656,0.0001,0.04933742433786392,50.39144382476807,0.026928442,13150,0.25673828125,0.887499213218689,0.2,-0.009523360687308014,28.62337703704834,2390.847900390625,1000.0
967,611,591872,289,25.35965919494629,0.0001,0.04933653771877289,58.2084939956665,0.01800139,13155,0.16064453125,0.8878530263900757,0.2,-0.010343137953896075,28.62453737258911,2390.847900390625,1000.0
971,611,593920,290,24.869300842285156,0.0001,0.04933902248740196,52.63436279296875,0.02311357,13160,0.21328125,0.9000109434127808,0.2,-0.010879551252583042,28.6244553565979,2386.380126953125,1000.0
975,611,595968,291,14.717061996459961,0.0001,0.04934060946106911,31.02055631365095,0.029644093,13164,0.25669642857142855,0.943612813949585,0.2,-0.009030139339821679,28.62346431187221,2386.380126953125,1000.0
978,611,598016,292,4.920098304748535,0.0001,0.04932980239391327,10.283106136322022,0.019947205,13169,0.22275390625,0.9828344583511353,0.2,-0.010683513362891972,28.624221992492675,2386.380126953125,1000.0
982,610,600064,293,4.126788139343262,0.0001,0.049321770668029785,9.19514274597168,0.027092315,13174,0.2661675347222222,0.9840381741523743,0.2,-0.009517456999876432,28.62924353281657,2359.220703125,1000.0
985,611,602112,294,4.420405387878418,0.0001,0.049320418387651443,9.108210722605387,0.031606905,13176,0.2255859375,0.9827597141265869,0.2,0.0016853748820722103,28.63045310974121,2359.220703125,1000.0
988,611,604160,295,15.333836555480957,0.0001,0.049328312277793884,35.88356409072876,0.027459884,13181,0.290234375,0.9519601464271545,0.2,-0.009944199677556753,28.629659271240236,2359.220703125,1000.0
991,611,606208,296,17.20834732055664,0.0001,0.04932819679379463,35.715976333618165,0.031018957,13184,0.23359375,0.9538218379020691,0.2,-0.00655246339738369,28.6277286529541,2359.220703125,1000.0
995,610,608256,297,12.90137767791748,0.0001,0.04932636022567749,29.196913242340088,0.027909972,13187,0.2521158854166667,0.9624079465866089,0.2,-0.00834516373773416,28.628339767456055,2357.9990234375,1000.0
998,611,610304,298,19.095182418823242,0.0001,0.0493253655731678,39.667978113347836,0.025418222,13190,0.2452059659090909,0.9486811757087708,0.2,-0.006995891178534789,28.62874846024947,2357.9990234375,1000.0
1001,611,612352,299,4.9433817863464355,0.0001,0.04932423308491707,12.626644372940063,0.02267639,13195,0.25048828125,0.9754276871681213,0.2,-0.001284419628791511,28.629176807403564,2357.9990234375,1000.0
1004,611,614400,300,4.298229694366455,0.0001,0.04932171851396561,9.001589703559876,0.023279194,13200,0.20341796875,0.9795806407928467,0.2,-0.014445485221222043,28.629505920410157,2357.9990234375,1000.0
1008,611,616448,301,5.110741138458252,0.0001,0.04931981861591339,11.224936212812151,0.027797842,13202,0.20284598214285715,0.98090660572052,0.2,0.011896384879946709,28.630592891148158,2363.80712890625,1000.0
1011,611,618496,302,11.165185928344727,0.0001,0.04931565001606941,23.753685845269096,0.031804033,13205,0.1677517361111111,0.9434831142425537,0.2,-0.008880625375443034,28.631626553005642,2363.80712890625,1000.0
1014,611,620544,303,7.644338130950928,0.0001,0.04930922016501427,16.11041393280029,0.01999969,13210,0.2369140625,0.9748810529708862,0.2,-0.013518958364147692,28.633895874023438,2363.80712890625,1000.0
1017,611,622592,304,10.04057502746582,0.0001,0.04929967224597931,20.366315364837646,0.021873169,13215,0.25556640625,0.9698488712310791,0.2,-0.00914814262650907,28.636596584320067,2363.80712890625,1000.0
1022,611,624640,305,9.416640281677246,0.0001,0.049296338111162186,19.784405136108397,0.031144496,13217,0.184765625,0.9715402722358704,0.2,0.004342296160757542,28.638977432250975,2356.900634765625,1000.0
1025,611,626688,306,32.30554962158203,0.0001,0.04928953945636749,63.382789611816406,0.026526757,13220,0.22672526041666666,0.912882924079895,0.2,-0.008466668504600724,28.640977541605633,2356.900634765625,1000.0
1028,611,628736,307,8.802311897277832,0.0001,0.049272749572992325,18.59299373626709,0.01843853,13225,0.217578125,0.9560196995735168,0.2,-0.010474927921313793,28.64440450668335,2356.900634765625,1000.0
1031,611,630784,308,6.999477386474609,0.0001,0.04926089569926262,14.71129877427045,0.03387004,13230,0.30480238970588236,0.9602892398834229,0.2,-0.009242954636540483,28.651057523839615,2356.900634765625,1000.0
1035,611,632832,309,10.493724822998047,0.0001,0.04925926402211189,21.029393196105957,0.031327553,13234,0.2827845982142857,0.9441730976104736,0.2,-0.005532724816086037,28.65305028642927,2371.30517578125,1000.0
1038,611,634880,310,27.096786499023438,0.0001,0.04925777018070221,49.33883895874023,0.035273533,13236,0.196484375,0.8729521632194519,0.2,0.00453933821991086,28.653579330444337,2371.30517578125,1000.0
1041,611,636928,311,5.652221202850342,0.0001,0.04925347864627838,12.256188342445775,0.029919943,13241,0.29317434210526316,0.9518190622329712,0.2,-0.011212194975661604,28.65458779585989,2371.30517578125,1000.0
1044,611,638976,312,6.4058427810668945,0.0001,0.049252912402153015,12.942099332809448,0.013399078,13242,0.1796875,0.9515959024429321,0.2,0.0075877230847254395,28.65548038482666,2371.30517578125,1000.0
1048,611,641024,313,6.08984375,0.0001,0.0492522194981575,11.530852699279786,0.032366082,13244,0.180859375,0.9579382538795471,0.2,0.006292451359331608,28.655707931518556,2377.533935546875,1000.0
1051,611,643072,314,12.008376121520996,0.0001,0.049247805029153824,25.361223567615856,0.027842091,13247,0.24272017045454544,0.9475976228713989,0.2,-0.00435467961836945,28.656538183038887,2377.533935546875,1000.0
1054,611,645120,315,6.140326499938965,0.0001,0.04924336448311806,12.967802206675211,0.027254678,13249,0.1708984375,0.969566285610199,0.2,-0.0058171300527950125,28.658262888590496,2377.533935546875,1000.0
1057,611,647168,316,5.805261611938477,0.0001,0.04923129826784134,11.419104722829966,0.033471115,13253,0.275390625,0.9746445417404175,0.2,-0.007460366039035412,28.661419354952297,2377.533935546875,1000.0
1061,611,649216,317,5.485533714294434,0.0001,0.04921574145555496,13.432779932022095,0.021911649,13258,0.2615234375,0.9632531404495239,0.2,-0.012499453499913216,28.666322708129883,2366.01416015625,1000.0
1064,611,651264,318,21.55198097229004,0.0001,0.049212049692869186,49.32401493617466,0.025746802,13260,0.18833705357142858,0.8885029554367065,0.2,0.0029921925493649076,28.669926507132395,2366.01416015625,1000.0
1067,612,653312,319,31.333717346191406,0.0001,0.049203094094991684,63.23645668029785,0.021720927,13265,0.25478515625,0.8250364065170288,0.2,-0.014655353059060872,28.672338008880615,2366.01416015625,1000.0
1070,612,655360,320,35.76698684692383,0.0001,0.04920245707035065,84.53952198028564,0.02306588,13270,0.20068359375,0.7785199284553528,0.2,-0.007645393279381097,28.67419776916504,2366.01416015625,1000.0
1074,611,657408,321,20.011526107788086,0.0001,0.04921433702111244,38.472191057707136,0.029637873,13275,0.24496299342105263,0.8832862377166748,0.2,-0.012174835330561587,28.672401127062347,2351.150146484375,1000.0
1077,611,659456,322,21.421606063842773,0.0001,0.049226172268390656,40.90459970327524,0.031592023,13279,0.251953125,0.819155216217041,0.2,-0.004989642882719636,28.66742339501014,2351.150146484375,1000.0
1081,611,661504,323,7.913171768188477,0.0001,0.0492330901324749,19.603705883026123,0.02812764,13284,0.23621961805555555,0.8507779836654663,0.2,-0.0077355415819005836,28.663919660780167,2351.150146484375,1000.0
1084,612,663552,324,6.8372087478637695,0.0001,0.04924103617668152,14.56932110786438,0.021113366,13289,0.233203125,0.8537896871566772,0.2,-0.009671329264529049,28.662014770507813,2351.150146484375,1000.0
1088,611,665600,325,6.604809761047363,0.0001,0.04924274981021881,14.650329875946046,0.023008827,13294,0.2173828125,0.8641242980957031,0.2,-0.012100408715195955,28.659340953826906,2375.681396484375,1000.0
1091,611,667648,326,15.608638763427734,0.0001,0.049233194440603256,33.32106037139893,0.026949072,13299,0.2595703125,0.7961612939834595,0.2,-0.013149276643525809,28.6607515335083,2375.681396484375,1000.0
1095,611,669696,327,10.927144050598145,0.0001,0.04923052713274956,22.291931343078613,0.023192858,13304,0.26357421875,0.8788333535194397,0.2,-0.008004571648780257,28.66394329071045,2375.681396484375,1000.0
1098,611,671744,328,12.216901779174805,0.0001,0.04922785982489586,25.27754364013672,0.026732795,13308,0.24075520833333333,0.8839053511619568,0.2,-0.005891933012753725,28.66430778503418,2375.681396484375,1000.0
1102,610,673792,329,9.436570167541504,0.0001,0.049223486334085464,20.546856471470424,0.022696203,13310,0.18889508928571427,0.9066253304481506,0.2,0.00025427308199661117,28.66573851449149,2390.8369140625,1000.0
1105,611,675840,330,28.962961196899414,0.0001,0.049220748245716095,63.19262466430664,0.03593381,13312,0.1796875,0.9121535420417786,0.2,0.009202071651816367,28.66714401245117,2390.8369140625,1000.0
1109,611,677888,331,19.51616096496582,0.0001,0.04921244829893112,42.0796573638916,0.024408517,13317,0.24267578125,0.940197765827179,0.2,-0.01025779905030504,28.669280433654784,2390.8369140625,1000.0
1112,611,679936,332,19.033309936523438,0.0001,0.049212224781513214,38.784386444091794,0.017249672,13322,0.2099609375,0.9480553865432739,0.2,-0.01286744566168636,28.6708251953125,2390.8369140625,1000.0
1117,610,681984,333,20.55857276916504,0.0001,0.04921017587184906,42.49425430297852,0.02231364,13327,0.24638671875,0.9479867219924927,0.2,-0.00820330270798877,28.670952701568602,2398.912109375,1000.0
1120,610,684032,334,16.97199249267578,0.0001,0.04920528456568718,36.68732261657715,0.024591655,13332,0.22138671875,0.9094458222389221,0.2,-0.011145967943593859,28.672253036499022,2398.912109375,1000.0
1123,610,686080,335,8.780963897705078,0.0001,0.04920632019639015,23.742244815826417,0.023481281,13337,0.22578125,0.9197005033493042,0.2,-0.01689342372119427,28.67328100204468,2398.912109375,1000.0
1128,609,688128,336,6.280028343200684,0.0001,0.049204953014850616,16.11313819885254,0.02797532,13342,0.2729235197368421,0.9440440535545349,0.2,-0.015184425405765834,28.673078637374076,2379.569091796875,1000.0
1131,610,690176,337,6.50591516494751,0.0001,0.04920092597603798,15.5107741355896,0.028983451,13345,0.26318359375,0.9519096612930298,0.2,-0.010232043918222189,28.674007892608643,2379.569091796875,1000.0
1134,610,692224,338,9.048315048217773,0.0001,0.04919508472084999,17.827230167388915,0.029322013,13350,0.24873046875,0.9760081768035889,0.2,-0.014019064186140896,28.676065731048585,2379.569091796875,1000.0
1137,610,694272,339,4.529984474182129,0.0001,0.04919394105672836,10.76405075618199,0.026606172,13352,0.19056919642857142,0.990327775478363,0.2,0.006696021816294108,28.677345548357284,2379.569091796875,1000.0
1141,610,696320,340,6.453680038452148,0.0001,0.04919211566448212,12.682810068130493,0.022125281,13354,0.163818359375,0.985107958316803,0.2,-0.0024706030380912125,28.677862644195557,2401.836669921875,1000.0
1144,610,698368,341,10.638874053955078,0.0001,0.04919157177209854,24.500567626953124,0.038549855,13356,0.209375,0.9633907675743103,0.2,-0.00288220951333642,28.678319931030273,2401.836669921875,1000.0
1147,610,700416,342,6.005126953125,0.0001,0.04919009283185005,12.778479984828405,0.02630278,13358,0.20200892857142858,0.9788885712623596,0.2,0.004083553063017982,28.678722654070175,2401.836669921875,1000.0
1150,610,702464,343,4.9418559074401855,0.0001,0.04918371140956879,11.445546309153238,0.027478818,13361,0.19563802083333334,0.9792745113372803,0.2,-0.007623771535387884,28.67998234430949,2401.836669921875,1000.0
1155,609,704512,344,4.1869049072265625,0.0001,0.04918314889073372,9.529456520080567,0.025304772,13366,0.226953125,0.9833495020866394,0.2,-0.006997845636215061,28.681995964050294,2410.029296875,1000.0
1158,609,706560,345,20.111675262451172,0.0001,0.04918535426259041,37.87755133888938,0.03018974,13369,0.2079190340909091,0.9250006675720215,0.2,-0.005100726065310565,28.681086973710492,2410.029296875,1000.0
1161,610,708608,346,23.9400577545166,0.0001,0.04918782413005829,48.73049449920654,0.02414373,13371,0.199951171875,0.9081603288650513,0.2,-0.003943129268009216,28.68029475212097,2410.029296875,1000.0
1164,610,710656,347,27.75186538696289,0.0001,0.04918814077973366,55.276170094807945,0.028639913,13373,0.197265625,0.8929746150970459,0.2,0.0017524951448043187,28.679707527160645,2410.029296875,1000.0
1168,609,712704,348,19.593950271606445,0.0001,0.04918695241212845,42.22656467982701,0.023211382,13375,0.17829241071428573,0.9131437540054321,0.2,-0.004549066802220685,28.679840632847377,2412.58251953125,1000.0
1172,609,714752,349,22.013887405395508,0.0001,0.049183838069438934,45.40497507367815,0.029624175,13379,0.24358258928571427,0.907203733921051,0.2,-0.0037698158329086645,28.680742263793945,2412.58251953125,1000.0
1175,609,716800,350,5.355207443237305,0.0001,0.04918447136878967,12.55433329413919,0.03006822,13384,0.2289751838235294,0.9682272672653198,0.2,-0.007439774967839613,28.681333654067096,2412.58251953125,1000.0
1178,609,718848,351,4.821805477142334,0.0001,0.049184996634721756,10.856699576744667,0.03003123,13388,0.19200721153846154,0.9678754210472107,0.2,-0.005880824290215969,28.68085743830754,2412.58251953125,1000.0
1182,609,720896,352,6.9211602210998535,0.0001,0.04917857423424721,15.494191551208496,0.02681333,13393,0.256640625,0.9497817158699036,0.2,-0.013081377628259361,28.681645011901857,2427.765869140625,1000.0
1186,609,722944,353,17.87714958190918,0.0001,0.049172766506671906,41.722286224365234,0.029309638,13396,0.27698863636363635,0.8874203562736511,0.2,0.0019961644218049264,28.684398477727715,2427.765869140625,1000.0
1189,609,724992,354,21.872793197631836,0.0001,0.04917024075984955,40.68934440612793,0.025371606,13398,0.1669921875,0.9077779054641724,0.2,0.005780748508792992,28.68600050608317,2427.765869140625,1000.0
1192,609,727040,355,21.0526123046875,0.0001,0.04916653409600258,43.370406014578684,0.030177755,13402,0.19266183035714285,0.885715901851654,0.2,-0.010890809852363808,28.687181881495885,2427.765869140625,1000.0
1197,608,729088,356,16.796476364135742,0.0001,0.049167074263095856,33.67203165690104,0.031098247,13406,0.216796875,0.9086624979972839,0.2,-0.004341632189850012,28.68789800008138,2431.93994140625,1000.0
1200,608,731136,357,15.96281623840332,0.0001,0.04916902258992195,32.539338520595,0.024613127,13408,0.17578125,0.9173157811164856,0.2,-0.003129460582775729,28.687180382864817,2431.93994140625,1000.0
1203,609,733184,358,5.6809163093566895,0.0001,0.0491688996553421,12.300352777753558,0.028233103,13410,0.2265625,0.9694440960884094,0.2,0.0036652500608137678,28.686901909964426,2431.93994140625,1000.0
1206,609,735232,359,3.5662243366241455,0.0001,0.049168843775987625,6.962116122245789,0.014994592,13411,0.2021484375,0.9799627065658569,0.2,0.011132448329590261,28.686928749084473,2431.93994140625,1000.0
1210,608,737280,360,2.559913158416748,0.0001,0.0491662472486496,5.346026611328125,0.03052466,13413,0.21796875,0.984968364238739,0.2,0.0037699704989790916,28.687390518188476,2408.726318359375,1000.0
1214,608,739328,361,26.029476165771484,0.0001,0.04916377365589142,52.011305491129555,0.02875961,13415,0.18717447916666666,0.8903466463088989,0.2,0.011600070516578853,28.688369433085125,2408.726318359375,1000.0
1217,609,741376,362,23.495391845703125,0.0001,0.04916073754429817,45.72624282836914,0.021236122,13420,0.1986328125,0.9116448163986206,0.2,-0.007205475983209908,28.689617824554443,2408.726318359375,1000.0
1220,608,743424,363,24.71487808227539,0.0001,0.04916159808635712,54.61740703582764,0.015423879,13425,0.1775390625,0.8902521133422852,0.2,-0.012993286130949855,28.68987112045288,2408.726318359375,1000.0
1225,608,745472,364,18.821535110473633,0.0001,0.04916106536984444,39.37741470336914,0.02183017,13430,0.189453125,0.9115525484085083,0.2,-0.013200148893520235,28.689575386047363,2391.41796875,1000.0
1228,608,747520,365,14.439558982849121,0.0001,0.04916192963719368,28.31755757331848,0.024442649,13432,0.178955078125,0.9457909464836121,0.2,-0.005933394830208272,28.689813375473022,2391.41796875,1000.0
1231,608,749568,366,6.123093128204346,0.0001,0.04916654899716377,12.946590852737426,0.027609091,13437,0.2177734375,0.9839167594909668,0.2,-0.00733209268655628,28.688603401184082,2391.41796875,1000.0
1234,608,751616,367,5.399175643920898,0.0001,0.04916611686348915,11.82175645828247,0.021532927,13442,0.21708984375,0.9822851419448853,0.2,-0.009906560275703668,28.687504768371582,2391.41796875,1000.0
1238,608,753664,368,5.458525657653809,0.0001,0.04916055500507355,11.781919240951538,0.020526996,13447,0.18984375,0.9828507900238037,0.2,-0.008841026714071632,28.688788414001465,2412.9091796875,1000.0
1241,608,755712,369,13.729681015014648,0.0001,0.049154262989759445,27.27266584123884,0.02648742,13449,0.18526785714285715,0.9573490619659424,0.2,-0.004691958826567445,28.69118881225586,2412.9091796875,1000.0
1244,608,757760,370,4.818717956542969,0.0001,0.04915032163262367,9.90507755279541,0.032519363,13451,0.178515625,0.9864145517349243,0.2,0.0051978791132569315,28.69320297241211,2412.9091796875,1000.0
1247,608,759808,371,3.0687170028686523,0.0001,0.04914173111319542,6.467063990506259,0.029849134,13454,0.21519886363636365,0.9904412031173706,0.2,-0.0048189619344405155,28.695452256636187,2412.9091796875,1000.0
1252,608,761856,372,5.042791843414307,0.0001,0.04914011061191559,9.325249910354614,0.013834065,13455,0.18212890625,0.9853394031524658,0.2,0.008376705111004412,28.697410583496094,2406.76416015625,1000.0
1255,608,763904,373,19.316448211669922,0.0001,0.04913865774869919,40.617407989501956,0.041033197,13457,0.219140625,0.9144169092178345,0.2,0.009795159008353949,28.697955703735353,2406.76416015625,1000.0
1258,608,765952,374,10.410642623901367,0.0001,0.049133069813251495,22.6439551115036,0.025557749,13461,0.2381591796875,0.9441828727722168,0.2,-0.0038298916042549536,28.69913673400879,2406.76416015625,1000.0
1263,607,768000,375,14.849139213562012,0.0001,0.04913026839494705,31.268986701965332,0.022431834,13466,0.242578125,0.9212976694107056,0.2,-0.011702716699801385,28.700936603546143,2383.4716796875,1000.0
1266,607,770048,376,13.907488822937012,0.0001,0.04912513867020607,30.58708038330078,0.017486017,13471,0.21025390625,0.9239566326141357,0.2,-0.011713905876968056,28.701930904388426,2383.4716796875,1000.0
1270,607,772096,377,19.378870010375977,0.0001,0.04912135377526283,40.32736145822626,0.028350323,13476,0.23303865131578946,0.9283363223075867,0.2,-0.012047962015984874,28.703855614913138,2383.4716796875,1000.0
1274,607,774144,378,5.808075904846191,0.0001,0.049116428941488266,13.867201900482177,0.024050932,13481,0.27705078125,0.9730584025382996,0.2,-0.00960511839366518,28.705636978149414,2383.4716796875,1000.0
1281,605,776192,379,6.5078444480896,0.0001,0.049117110669612885,15.344433403015136,0.024641592,13486,0.263671875,0.9757488965988159,0.2,-0.0023446523351594805,28.70650577545166,2365.33349609375,1000.0
1285,605,778240,380,12.157503128051758,0.0001,0.049116119742393494,24.999340057373047,0.027520722,13488,0.209228515625,0.9599793553352356,0.2,-0.006477766000898555,28.70647144317627,2365.33349609375,1000.0
1290,604,780288,381,4.334893226623535,0.0001,0.04911794885993004,9.63865159687243,0.02762881,13493,0.2718955592105263,0.9804646372795105,0.2,-0.0037931676855997034,28.706689031500567,2365.33349609375,1000.0
1293,604,782336,382,4.921922206878662,0.0001,0.049117013812065125,11.049589920043946,0.02049196,13498,0.2322265625,0.9779542088508606,0.2,-0.006996782147325575,28.7057373046875,2365.33349609375,1000.0
1297,604,784384,383,4.18880558013916,0.0001,0.04911694675683975,9.422463978038115,0.031721186,13503,0.2610294117647059,0.9817307591438293,0.2,-0.0024293679196168393,28.706748401417453,2391.646728515625,1000.0
1300,604,786432,384,12.970112800598145,0.0001,0.04911445826292038,26.68872356414795,0.030203398,13507,0.22726004464285715,0.9368082284927368,0.2,-0.0060293886344879866,28.70672975267683,2391.646728515625,1000.0
1303,604,788480,385,6.236344337463379,0.0001,0.04909886047244072,12.734001636505127,0.021515,13512,0.2501953125,0.9609309434890747,0.2,-0.012315260712057352,28.709905338287353,2391.646728515625,1000.0
1307,604,790528,386,4.902649402618408,0.0001,0.0490921214222908,11.143517971038818,0.026413444,13515,0.1927734375,0.9689047336578369,0.2,-0.0032985723577439786,28.71456298828125,2391.646728515625,1000.0
1312,604,792576,387,6.7642903327941895,0.0001,0.04907374829053879,13.065239191055298,0.02775104,13520,0.29384765625,0.9622758626937866,0.2,-0.009470995888113976,28.719196701049803,2391.95703125,1000.0
1315,604,794624,388,12.500496864318848,0.0001,0.049067918211221695,25.508248465401785,0.030272933,13524,0.267578125,0.9387493133544922,0.2,-0.0041243037142391714,28.724026135035924,2391.95703125,1000.0
1320,603,796672,389,6.829984664916992,0.0001,0.04906428977847099,13.444294489347017,0.0321674,13528,0.24459134615384615,0.9782077670097351,0.2,-0.002985399574614488,28.725638756385216,2391.95703125,1000.0
1323,603,798720,390,6.404882907867432,0.0001,0.04906565696001053,12.425585460662841,0.03139489,13531,0.2796875,0.9791640043258667,0.2,-0.002239387179724872,28.726269912719726,2391.95703125,1000.0
1327,603,800768,391,4.336507320404053,0.0001,0.04906560853123665,9.147900581359863,0.02043229,13532,0.23095703125,0.9845291972160339,0.2,0.010644407710060477,28.725817680358887,2399.474609375,1000.0
1330,603,802816,392,23.953832626342773,0.0001,0.049065329134464264,51.89470354715983,0.026254421,13534,0.17740885416666666,0.9307827353477478,0.2,0.0065743590239435434,28.7259422938029,2399.474609375,1000.0
1333,603,804864,393,28.927875518798828,0.0001,0.04906054958701134,59.130180740356444,0.022160936,13539,0.24638671875,0.9119523167610168,0.2,-0.01042093156138435,28.726618099212647,2399.474609375,1000.0
1335,603,806912,394,28.658449172973633,0.0001,0.04905848950147629,61.20704975128174,0.02757899,13544,0.2107421875,0.9034848213195801,0.2,-0.010107313480693847,28.728134155273438,2399.474609375,1000.0
1339,603,808960,395,19.6746768951416,0.0001,0.04906497523188591,47.2707878112793,0.024083281,13549,0.26474609375,0.9250172972679138,0.2,-0.015275387559086084,28.72793083190918,2389.41015625,1000.0
1342,604,811008,396,27.327672958374023,0.0001,0.049066949635744095,51.875464630126956,0.020690296,13554,0.25361328125,0.9221398830413818,0.2,-0.014058490190654993,28.725113010406496,2389.41015625,1000.0
1345,604,813056,397,14.94808578491211,0.0001,0.04905746132135391,37.367607307434085,0.017848644,13559,0.232421875,0.9429610371589661,0.2,-0.017603147472254933,28.72692518234253,2389.41015625,1000.0
1348,604,815104,398,17.32413673400879,0.0001,0.049053966999053955,40.098111629486084,0.021065306,13561,0.156005859375,0.9480912685394287,0.2,-0.004457024740986526,28.729543209075928,2389.41015625,1000.0
1353,603,817152,399,13.143500328063965,0.0001,0.049055978655815125,29.504966735839844,0.01785716,13566,0.2412109375,0.9579446315765381,0.2,-0.011469335341826082,28.730336380004882,2362.952392578125,1000.0
1356,604,819200,400,25.87672996520996,0.0001,0.04905751720070839,53.261916637420654,0.02478994,13568,0.19873046875,0.9405931830406189,0.2,0.004655436496250331,28.7291042804718,2362.952392578125,1000.0
1358,604,821248,401,14.155330657958984,0.0001,0.04906376451253891,29.283099842071532,0.020004075,13573,0.2224609375,0.9623352885246277,0.2,-0.01652094149030745,28.727964210510255,2362.952392578125,1000.0
1361,604,823296,402,18.045551300048828,0.0001,0.04906201735138893,38.48257274627686,0.021063268,13578,0.2076171875,0.9542235136032104,0.2,-0.012424704362638294,28.72665500640869,2362.952392578125,1000.0
1365,604,825344,403,14.323147773742676,0.0001,0.04905994236469269,33.181869697570804,0.020211298,13583,0.23818359375,0.9613539576530457,0.2,-0.009064395586028695,28.72804708480835,2373.36181640625,1000.0
1368,604,827392,404,10.581174850463867,0.0001,0.04906046763062477,22.16345151265462,0.029644242,13587,0.24296875,0.9722410440444946,0.2,-0.007976804456363121,28.728235244750977,2373.36181640625,1000.0
1371,604,829440,405,5.717896938323975,0.0001,0.04906030371785164,14.521882176399231,0.023777952,13589,0.188232421875,0.9860103130340576,0.2,0.006369860260747373,28.728065729141235,2373.36181640625,1000.0
1374,604,831488,406,5.551252841949463,0.0001,0.04905936121940613,11.767202854156494,0.023061946,13594,0.2142578125,0.9851906895637512,0.2,-0.010507280845195055,28.72820339202881,2373.36181640625,1000.0
1378,604,833536,407,6.766373634338379,0.0001,0.04905887320637703,13.662069320678711,0.035755306,13596,0.20638020833333334,0.9860492944717407,0.2,0.01742544979788363,28.72857125600179,2369.9599609375,1000.0
1381,604,835584,408,9.881448745727539,0.0001,0.049055371433496475,18.987743377685547,0.027951503,13599,0.22379557291666666,0.9689706563949585,0.2,-0.008813580963760614,28.72927490870158,2369.9599609375,1000.0
1384,605,837632,409,3.186335563659668,0.0001,0.049051184207201004,6.560505294799805,0.029576216,13602,0.2048828125,0.9879154562950134,0.2,-5.904771387577057e-05,28.73068904876709,2369.9599609375,1000.0
1386,605,839680,410,3.2979862689971924,0.0001,0.04904455691576004,6.171393288506402,0.03145469,13605,0.23307291666666666,0.989734947681427,0.2,-0.0012193444805840652,28.732657962375217,2369.9599609375,1000.0
1391,605,841728,411,3.4468979835510254,0.0001,0.04902993515133858,6.370569276809692,0.024044605,13610,0.27373046875,0.9886901378631592,0.2,-0.005811462609563023,28.73674831390381,2362.776611328125,1000.0
1393,605,843776,412,14.137834548950195,0.0001,0.04902901500463486,28.600590965964578,0.028903818,13613,0.20845170454545456,0.9579557180404663,0.2,-0.0008383982137522914,28.739926424893465,2362.776611328125,1000.0
1396,605,845824,413,10.665410041809082,0.0001,0.049034155905246735,20.880469982440655,0.030360932,13617,0.2783954326923077,0.9709508419036865,0.2,-0.005742191874350493,28.738932242760292,2362.776611328125,1000.0
1399,605,847872,414,11.725974082946777,0.0001,0.04903336986899376,23.664826133034445,0.03003826,13620,0.22336647727272727,0.9665516018867493,0.2,-0.006475781175223264,28.737882267345082,2362.776611328125,1000.0
1403,605,849920,415,9.980109214782715,0.0001,0.04902808368206024,22.055158615112305,0.027638977,13625,0.2828776041666667,0.9672842621803284,0.2,-0.006006135657015774,28.739152060614693,2372.2666015625,1000.0
1405,606,851968,416,11.923436164855957,0.0001,0.04902312532067299,28.099877444180574,0.027315537,13628,0.2693536931818182,0.9624754190444946,0.2,-0.003137500406327573,28.741260528564453,2372.2666015625,1000.0
1408,606,854016,417,6.514418601989746,0.0001,0.0490214042365551,14.05405684879848,0.027927605,13630,0.20424107142857142,0.9882028102874756,0.2,0.010001071928335088,28.74241120474679,2372.2666015625,1000.0
1413,605,856064,418,4.94332218170166,0.0001,0.049019236117601395,10.814552783966064,0.019969895,13635,0.2033203125,0.9878673553466797,0.2,-0.013459201727528125,28.742946910858155,2373.8740234375,1000.0
1416,605,858112,419,4.223025798797607,0.0001,0.04900716245174408,10.04979591369629,0.023895513,13640,0.2515625,0.9894601702690125,0.2,-0.007270192564465106,28.74546365737915,2373.8740234375,1000.0
1419,606,860160,420,7.663233757019043,0.0001,0.048997193574905396,16.212391344706216,0.028918376,13644,0.268359375,0.9190638661384583,0.2,-0.008321161257723968,28.750174204508465,2373.8740234375,1000.0
1422,606,862208,421,4.209005355834961,0.0001,0.04899661988019943,9.145105147361756,0.0241883,13649,0.2392578125,0.9547691941261292,0.2,-0.008228068647440523,28.752493858337402,2373.8740234375,1000.0
1426,605,864256,422,4.795496940612793,0.0001,0.04899007827043533,10.436901644656533,0.03091681,13654,0.28217516447368424,0.9586622714996338,0.2,-0.007844833166975724,28.752586565519636,2390.862060546875,1000.0
1429,606,866304,423,11.276158332824707,0.0001,0.04898371174931526,19.533196449279785,0.028946694,13656,0.18196614583333334,0.9053075313568115,0.2,-0.0016002273575092356,28.755548159281414,2390.862060546875,1000.0
1431,606,868352,424,5.948386192321777,0.0001,0.04896387830376625,10.73187289237976,0.026668623,13661,0.29873046875,0.9619411826133728,0.2,-0.011798319453373552,28.760866260528566,2390.862060546875,1000.0
1434,606,870400,425,3.625643491744995,0.0001,0.04895617067813873,7.209846803120205,0.029782644,13665,0.26046316964285715,0.9751073718070984,0.2,-0.007464481750503182,28.76587118421282,2390.862060546875,1000.0
1438,606,872448,426,2.821282148361206,0.0001,0.04894925653934479,6.1183745463689165,0.02412716,13668,0.1943359375,0.9810036420822144,0.2,-0.006088399289486309,28.768304030100506,2403.501953125,1000.0
1441,606,874496,427,17.7983455657959,0.0001,0.04894547164440155,41.20347268240793,0.027537232,13670,0.20145089285714285,0.8691504001617432,0.2,0.00016756887946810042,28.770552226475306,2403.501953125,1000.0
1443,607,876544,428,6.239350318908691,0.0001,0.04894230514764786,13.000296666071964,0.030020176,13674,0.18359375,0.9627911448478699,0.2,-0.0004998991767374369,28.77196869483361,2403.501953125,1000.0
1446,607,878592,429,4.510201930999756,0.0001,0.04894038289785385,9.643075422807174,0.028722532,13677,0.21750710227272727,0.9725952744483948,0.2,-0.005773857934400439,28.772782759232953,2403.501953125,1000.0
1450,607,880640,430,5.471668720245361,0.0001,0.04893588274717331,10.410074234008789,0.023078851,13680,0.23714192708333334,0.9686870574951172,0.2,-0.0019127548827479284,28.773940563201904,2392.668701171875,1000.0
1453,607,882688,431,21.93221092224121,0.0001,0.04892980307340622,50.41973674998564,0.033067368,13685,0.24632352941176472,0.8667933344841003,0.2,-0.007511968642254086,28.776085685281192,2392.668701171875,1000.0
1456,607,884736,432,15.201605796813965,0.0001,0.0489204116165638,34.818986129760745,0.027863123,13690,0.2669921875,0.9224004745483398,0.2,-0.013181855319999158,28.778758335113526,2392.668701171875,1000.0
1458,607,886784,433,22.868804931640625,0.0001,0.04892142117023468,40.046575273786274,0.02647005,13692,0.21484375,0.9087084531784058,0.2,-0.0036405562423169613,28.780478068760463,2392.668701171875,1000.0
1462,607,888832,434,18.812347412109375,0.0001,0.04892267659306526,40.040872301374165,0.029052326,13694,0.21512276785714285,0.911346435546875,0.2,-0.0002502887509763241,28.77984482901437,2387.4892578125,1000.0
1465,607,890880,435,17.638126373291016,0.0001,0.04892269894480705,33.623514556884764,0.036113415,13696,0.192578125,0.9146599769592285,0.2,-0.00043463325127959254,28.77969970703125,2387.4892578125,1000.0
1468,608,892928,436,5.065722942352295,0.0001,0.04892309010028839,12.397581863403321,0.019950934,13701,0.2248046875,0.9640859365463257,0.2,-0.0005082042887806892,28.779631042480467,2387.4892578125,1000.0
1470,608,894976,437,4.97741174697876,0.0001,0.04892205446958542,10.287355709075928,0.024033878,13706,0.225390625,0.9644190669059753,0.2,-0.010393514041788876,28.779668235778807,2387.4892578125,1000.0
1474,608,897024,438,4.137970447540283,0.0001,0.048906680196523666,8.685500717163086,0.022910519,13711,0.2533203125,0.9711866974830627,0.2,-0.005838499672245234,28.7821044921875,2398.77294921875,1000.0
1477,608,899072,439,29.541833877563477,0.0001,0.04890205338597298,60.13348715645926,0.023657024,13713,0.189453125,0.8751702904701233,0.2,0.002197872315134321,28.786538532802037,2398.77294921875,1000.0
1480,608,901120,440,39.964866638183594,0.0001,0.048898790031671524,87.86793670654296,0.011219585,13718,0.12275390625,0.7868493795394897,0.2,-0.004974010749720037,28.788139724731444,2398.77294921875,1000.0
1483,608,903168,441,30.269691467285156,0.0001,0.04890105873346329,64.34237060546874,0.019006215,13723,0.1720703125,0.8498773574829102,0.2,-0.00915909670293331,28.78816156387329,2398.77294921875,1000.0
1487,608,905216,442,35.63163375854492,0.0001,0.04889878258109093,67.31280517578125,0.019887684,13728,0.16201171875,0.8390407562255859,0.2,-0.011233679071301595,28.787681579589844,2391.561767578125,1000.0
1490,608,907264,443,26.727657318115234,0.0001,0.048896461725234985,47.72037696838379,0.030868199,13730,0.21809895833333334,0.8760873079299927,0.2,0.0017448997435470421,28.788986841837566,2391.561767578125,1000.0
1492,609,909312,444,6.953285217285156,0.0001,0.04889528453350067,15.61205768585205,0.027577259,13732,0.18489583333333334,0.9771853685379028,0.2,0.008224227465689182,28.78963565826416,2391.561767578125,1000.0
1495,609,911360,445,2.761378765106201,0.0001,0.04888917878270149,8.129635334014893,0.027856907,13737,0.189453125,0.9836105108261108,0.2,-0.00651226886303017,28.790578039068926,2391.561767578125,1000.0
1500,608,913408,446,3.8353731632232666,0.0001,0.04888409376144409,9.648836064338685,0.027024861,13742,0.190625,0.976426362991333,0.2,-0.008481067628599704,28.793155193328857,2390.11767578125,1000.0
1503,609,915456,447,25.461198806762695,0.0001,0.04887945204973221,52.55951290130615,0.024390567,13747,0.201171875,0.8919262886047363,0.2,-0.011504095140844583,28.794584465026855,2390.11767578125,1000.0
1505,609,917504,448,20.00821304321289,0.0001,0.048880837857723236,42.71280002593994,0.023508064,13752,0.225390625,0.9236676692962646,0.2,-0.004741074098274112,28.795840167999266,2390.11767578125,1000.0
1508,609,919552,449,18.686691284179688,0.0001,0.04888210818171501,36.04997444152832,0.036121234,13754,0.205078125,0.9393910765647888,0.2,-0.006428090933089455,28.795074780782063,2390.11767578125,1000.0
1512,609,921600,450,16.08055877685547,0.0001,0.048884812742471695,32.092275873819986,0.028476784,13758,0.2819010416666667,0.9444441795349121,0.2,-0.005988154436151186,28.79423688252767,2400.703857421875,1000.0
1515,609,923648,451,18.068193435668945,0.0001,0.04888412728905678,34.08630999396829,0.03163874,13763,0.24391084558823528,0.947365403175354,0.2,-0.0065489006913541,28.79389403848087,2400.703857421875,1000.0
1517,609,925696,452,6.750912666320801,0.0001,0.04887012019753456,13.21504774093628,0.02348781,13768,0.26083984375,0.9775915741920471,0.2,-0.013287801714614033,28.796132183074953,2400.703857421875,1000.0
1520,610,927744,453,5.851006031036377,0.0001,0.048865415155887604,11.620292663574219,0.03406161,13770,0.18671875,0.9819609522819519,0.2,0.0017091283574700356,28.8002986907959,2400.703857421875,1000.0
1524,609,929792,454,6.325389862060547,0.0001,0.04886278510093689,12.413771820068359,0.038121022,13772,0.22578125,0.9807097315788269,0.2,0.011607930064201355,28.801580810546874,2392.00927734375,1000.0
1527,610,931840,455,13.238923072814941,0.0001,0.048857804387807846,27.323301076889038,0.026975166,13774,0.2353515625,0.955103874206543,0.2,-0.00021566811483353376,28.803046941757202,2392.00927734375,1000.0
1529,610,933888,456,10.955671310424805,0.0001,0.048848673701286316,21.046901416778564,0.021479381,13779,0.25224609375,0.969152569770813,0.2,-0.011519982083700597,28.80574083328247,2392.00927734375,1000.0
1532,610,935936,457,7.944115161895752,0.0001,0.048844173550605774,16.532650756835938,0.024791246,13784,0.24423828125,0.9745334982872009,0.2,-0.012877681571990252,28.80805711746216,2392.00927734375,1000.0
1536,610,937984,458,10.637227058410645,0.0001,0.048841413110494614,20.873478616986954,0.030738898,13788,0.26590401785714285,0.9633349180221558,0.2,-0.010328063042834401,28.809917313711985,2396.2099609375,1000.0
1539,610,940032,459,37.980350494384766,0.0001,0.048841990530490875,83.04930877685547,0.027442377,13790,0.17317708333333334,0.8728312253952026,0.2,0.016260720246161025,28.810078620910645,2396.2099609375,1000.0
1541,610,942080,460,17.387313842773438,0.0001,0.04883982613682747,32.64585703069513,0.027835933,13793,0.17205255681818182,0.9360313415527344,0.2,-0.008327654689889063,28.810243953358043,2396.2099609375,1000.0
1545,610,944128,461,23.633544921875,0.0001,0.04884006828069687,46.97700119018555,0.028670436,13797,0.21958705357142858,0.9084722399711609,0.2,-0.006165007561711329,28.811052049909318,2390.051025390625,1000.0
1548,610,946176,462,17.642560958862305,0.0001,0.04884076490998268,34.694042808131165,0.029707825,13802,0.2622327302631579,0.9369099140167236,0.2,-0.01455868742624788,28.810585021972656,2390.051025390625,1000.0
1551,611,948224,463,6.996406078338623,0.0001,0.0488395169377327,17.295076590317947,0.0343446,13806,0.26772836538461536,0.962730884552002,0.2,0.007291909163961044,28.81070459806002,2390.051025390625,1000.0
1554,611,950272,464,5.324269771575928,0.0001,0.04883817210793495,11.677648953029088,0.027179202,13808,0.20619419642857142,0.9777065515518188,0.2,0.005375064377273832,28.811389105660574,2390.051025390625,1000.0
1558,611,952320,465,5.7194623947143555,0.0001,0.04883195459842682,10.878105322519938,0.027932622,13811,0.1923828125,0.97855144739151,0.2,-0.0052550421096384525,28.81234836578369,2392.005126953125,1000.0
1560,611,954368,466,7.361176490783691,0.0001,0.0488264337182045,16.473118623097736,0.030279867,13813,0.18294270833333334,0.9640182256698608,0.2,-0.004516976419836283,28.81489149729411,2392.005126953125,1000.0
1563,611,956416,467,4.242762565612793,0.0001,0.0488211065530777,8.307531152452741,0.027468262,13815,0.205078125,0.9607342481613159,0.2,0.0028076959175190757,28.81703049795968,2392.005126953125,1000.0
1566,611,958464,468,3.7614152431488037,0.0001,0.048817068338394165,7.855695928846087,0.027490273,13817,0.21707589285714285,0.9645512104034424,0.2,0.0057319023513368195,28.818700790405273,2392.005126953125,1000.0
1570,611,960512,469,4.626400470733643,0.0001,0.048812005668878555,9.806595802307129,0.026232816,13819,0.232421875,0.9539712071418762,0.2,-0.00489468831801787,28.820448875427246,2375.673828125,1000.0
1572,612,962560,470,15.538264274597168,0.0001,0.04880932345986366,38.6119168145316,0.029983029,13823,0.26381138392857145,0.894566535949707,0.2,-0.005597391614823469,28.822021620614187,2375.673828125,1000.0
1575,612,964608,471,6.04611349105835,0.0001,0.048812415450811386,12.569850974612766,0.02973289,13828,0.2573784722222222,0.9827196598052979,0.2,-0.0051588638840864105,28.822056770324707,2375.673828125,1000.0
1578,612,966656,472,7.996827125549316,0.0001,0.0488123819231987,16.517252286275227,0.029129116,13830,0.2060546875,0.9740793108940125,0.2,-0.00040531239937990904,28.82124423980713,2375.673828125,1000.0
1582,612,968704,473,5.626944541931152,0.0001,0.04881542921066284,12.626990742153591,0.032415412,13833,0.21788194444444445,0.981914222240448,0.2,-0.0012843884631163543,28.8209900326199,2373.1396484375,1000.0
1584,612,970752,474,7.899226188659668,0.0001,0.04881487786769867,17.614612976710003,0.027078472,13836,0.23681640625,0.9704965949058533,0.2,-0.005273360293358564,28.820032278696697,2373.1396484375,1000.0
1587,612,972800,475,4.982767105102539,0.0001,0.048815030604600906,10.393564160664877,0.02486071,13840,0.26510416666666664,0.982458770275116,0.2,-0.005112773987154166,28.820821253458657,2373.1396484375,1000.0
1590,613,974848,476,3.8922014236450195,0.0001,0.04881469905376434,8.324842793600899,0.030587498,13844,0.27120535714285715,0.9854225516319275,0.2,-0.003911849477195314,28.820398330688477,2373.1396484375,1000.0
1593,612,976896,477,4.4039788246154785,0.0001,0.04881049320101738,9.78511655330658,0.026452105,13846,0.221435546875,0.9837833642959595,0.2,-0.0006471494270954281,28.821369409561157,2382.508056640625,1000.0
1596,613,978944,478,7.325855255126953,0.0001,0.048804692924022675,16.622495889663696,0.027381241,13848,0.25048828125,0.9741834998130798,0.2,0.003938079695217311,28.82339882850647,2382.508056640625,1000.0
1599,613,980992,479,4.4012932777404785,0.0001,0.04879848286509514,8.432864010334015,0.02787687,13850,0.2509765625,0.986423134803772,0.2,-0.003557176562026143,28.825548887252808,2382.508056640625,1000.0
1601,613,983040,480,3.4308223724365234,0.0001,0.048794444650411606,6.298731803894043,0.012458777,13851,0.16748046875,0.9902023673057556,0.2,0.0069128661416471004,28.827450275421143,2382.508056640625,1000.0
1605,613,985088,481,4.265316009521484,0.0001,0.04879102110862732,8.38476276397705,0.016537879,13852,0.212890625,0.9868447780609131,0.2,0.010682003106921911,28.828857421875,2396.31787109375,1000.0
1608,613,987136,482,13.865423202514648,0.0001,0.048786476254463196,28.949405352274578,0.028294537,13854,0.18815104166666666,0.9495193958282471,0.2,0.002646956437577804,28.830407460530598,2396.31787109375,1000.0
1611,613,989184,483,5.238419532775879,0.0001,0.048782043159008026,10.372568978203667,0.030112967,13857,0.1929253472222222,0.9726715087890625,0.2,-0.0017608522644473447,28.832129584418404,2396.31787109375,1000.0
1614,614,991232,484,5.754256725311279,0.0001,0.04877568781375885,11.56335163116455,0.03039677,13860,0.241015625,0.9717302918434143,0.2,-0.0050029913429170845,28.83391914367676,2396.31787109375,1000.0
1618,613,993280,485,5.833428859710693,0.0001,0.04877282679080963,12.80834698677063,0.026257941,13864,0.2987060546875,0.9674167037010193,0.2,-0.008959087921539322,28.83619511127472,2394.057373046875,1000.0
1621,613,995328,486,18.31978988647461,0.0001,0.04877294600009918,33.652071952819824,0.031121181,13866,0.203125,0.9473647475242615,0.2,0.005322874523699284,28.836480776468914,2394.057373046875,1000.0
1623,614,997376,487,5.479619026184082,0.0001,0.04877208545804024,10.260690371195475,0.027136732,13868,0.18326822916666666,0.9823518395423889,0.2,-0.0005339928126583496,28.83657232920329,2394.057373046875,1000.0
1626,614,999424,488,5.405695915222168,0.0001,0.04876357316970825,10.700494686762491,0.027487025,13871,0.2819010416666667,0.9803276658058167,0.2,-0.004121169835949938,28.838208198547363,2394.057373046875,1000.0
1630,614,1001472,489,4.526005268096924,0.0001,0.04875614494085312,9.22871196269989,0.026868068,13873,0.23828125,0.9836074113845825,0.2,-0.00046721409307792783,28.841618537902832,2403.80810546875,1000.0
1632,614,1003520,490,11.562298774719238,0.0001,0.04874773323535919,21.58665386835734,0.027936399,13876,0.2513020833333333,0.9731379151344299,0.2,-0.00541874801274389,28.844550132751465,2403.80810546875,1000.0
1635,614,1005568,491,2.5919198989868164,0.0001,0.0487392283976078,6.296590495109558,0.02130645,13881,0.21357421875,0.9944762587547302,0.2,-0.00605167776811868,28.84777069091797,2403.80810546875,1000.0
1638,614,1007616,492,3.645332098007202,0.0001,0.048734087496995926,7.682408725514131,0.030234609,13886,0.25574448529411764,0.9906361699104309,0.2,-0.010385215830276994,28.850297254674576,2403.80810546875,1000.0
1642,614,1009664,493,4.976883411407471,0.0001,0.048726364970207214,10.749257445335388,0.029007126,13890,0.29443359375,0.9857553243637085,0.2,-0.00830976534052752,28.85302209854126,2420.41845703125,1000.0
1644,615,1011712,494,31.14174461364746,0.0001,0.048724930733442307,64.56100540161133,0.032589633,13892,0.19296875,0.8708444237709045,0.2,0.016979204141534865,28.854591369628906,2420.41845703125,1000.0
1647,615,1013760,495,19.497146606445312,0.0001,0.048721518367528915,43.694548988342284,0.023253629,13897,0.2732421875,0.8586446642875671,0.2,-0.00698721434455365,28.855517578125,2420.41845703125,1000.0
1650,615,1015808,496,19.372203826904297,0.0001,0.048720233142375946,49.2383975982666,0.021818615,13902,0.189453125,0.8468593955039978,0.2,-0.008040129812434316,28.856373691558836,2420.41845703125,1000.0
1654,615,1017856,497,23.53078269958496,0.0001,0.04872245341539383,50.58785533905029,0.021309998,13907,0.18642578125,0.8326574563980103,0.2,-0.01555911241157446,28.85634641647339,2410.33984375,1000.0
1656,615,1019904,498,17.1542911529541,0.0001,0.048713285475969315,32.638519859313966,0.021226969,13912,0.2181640625,0.9167643189430237,0.2,-0.00979229083750397,28.856525897979736,2410.33984375,1000.0
1659,615,1021952,499,12.197808265686035,0.0001,0.048702165484428406,25.009921550750732,0.025921166,13917,0.24140625,0.9326696991920471,0.2,-0.007050243532285094,28.861344623565675,2410.33984375,1000.0
1663,615,1024000,500,10.755157470703125,0.0001,0.04869462549686432,21.70269842147827,0.02329215,13922,0.2615234375,0.9396731853485107,0.2,-0.01124500553123653,28.864843368530273,2420.008056640625,1000.0
1666,615,1026048,501,9.711296081542969,0.0001,0.04869164898991585,20.472787857055664,0.030000743,13926,0.2267127403846154,0.9409626722335815,0.2,-0.009407069578838464,28.86680426964393,2420.008056640625,1000.0
1668,616,1028096,502,30.44066619873047,0.0001,0.04869133234024048,82.9418872833252,0.017169595,13931,0.21796875,0.7717241048812866,0.2,-0.0046458576107397676,28.867548561096193,2420.008056640625,1000.0
1671,616,1030144,503,28.47418212890625,0.0001,0.048695895820856094,77.01149616241455,0.019997746,13936,0.19521484375,0.7642578482627869,0.2,-0.013486621947959066,28.866908931732176,2420.008056640625,1000.0
1675,616,1032192,504,21.266130447387695,0.0001,0.04870496317744255,47.65185470581055,0.024130363,13941,0.220703125,0.816868007183075,0.2,-0.014787777047604322,28.864370918273927,2397.240478515625,1000.0
1678,616,1034240,505,38.157718658447266,0.0001,0.04870392382144928,70.26186695098878,0.019099483,13946,0.22802734375,0.7293336391448975,0.2,-0.01203751671127975,28.862153625488283,2397.240478515625,1000.0
1681,616,1036288,506,38.17856979370117,0.0001,0.048700086772441864,90.7141788482666,0.017613322,13951,0.17900390625,0.23250436782836914,0.2,-0.00983279114589095,28.863669776916502,2397.240478515625,1000.0
1684,616,1038336,507,45.84233856201172,0.0001,0.048694856464862823,96.09951934814453,0.017351557,13956,0.16123046875,0.16873407363891602,0.2,-0.0119758719811216,28.86496572494507,2397.240478515625,1000.0
1688,616,1040384,508,30.66924285888672,0.0001,0.04869038611650467,68.90097026824951,0.016989574,13961,0.19365234375,0.2592206597328186,0.2,-0.017244170815683902,28.867112827301025,2398.017333984375,1000.0
1691,616,1042432,509,35.58561706542969,0.0001,0.048693761229515076,69.10173740386963,0.017414391,13966,0.19912109375,0.5286322832107544,0.2,-0.012291410332545638,28.86748046875,2398.017333984375,1000.0
1694,616,1044480,510,14.453670501708984,0.0001,0.04869600012898445,34.8469654083252,0.030053046,13969,0.2310546875,0.9395273923873901,0.2,0.0056165712885558605,28.866202354431152,2398.017333984375,1000.0
1696,616,1046528,511,9.783398628234863,0.0001,0.04869122803211212,26.31723289489746,0.015903054,13974,0.1490234375,0.9198590517044067,0.2,-0.012963490840047599,28.866260051727295,2398.017333984375,1000.0
1700,616,1048576,512,5.897426128387451,0.0001,0.048681408166885376,20.83853678703308,0.016700912,13979,0.1716796875,0.9357340931892395,0.2,-0.007441917690448463,28.86936378479004,2406.818603515625,1000.0
1703,616,1050624,513,14.686056137084961,0.0001,0.04866934195160866,34.00050392150879,0.025403883,13984,0.2509765625,0.8782241344451904,0.2,-0.009420491848140955,28.873730850219726,2406.818603515625,1000.0
1706,616,1052672,514,5.585008144378662,0.0001,0.048666100949048996,11.837376507845791,0.029884195,13987,0.24041193181818182,0.8968954086303711,0.2,-0.0012069069780409336,28.876554662531074,2406.818603515625,1000.0
1709,617,1054720,515,3.859829902648926,0.0001,0.04866638034582138,7.482624650001526,0.02149387,13988,0.2412109375,0.9396136403083801,0.2,0.016738184727728367,28.877169609069824,2406.818603515625,1000.0
1712,616,1056768,516,7.2012715339660645,0.0001,0.04866539686918259,14.209011395772299,0.03468114,13990,0.24348958333333334,0.8865326642990112,0.2,0.002686533067996303,28.877299626668293,2392.380859375,1000.0
1715,617,1058816,517,9.532694816589355,0.0001,0.04866189509630203,19.129128456115723,0.031620316,13993,0.2501953125,0.8609695434570312,0.2,-0.004532695445232093,28.878002738952638,2392.380859375,1000.0
1718,617,1060864,518,7.77225923538208,0.0001,0.04865940660238266,15.009295082092285,0.033656783,13995,0.208203125,0.8801700472831726,0.2,0.006448953971266746,28.879335784912108,2392.380859375,1000.0
1721,617,1062912,519,8.340591430664062,0.0001,0.04864979162812233,15.40161951382955,0.03001954,13998,0.283203125,0.8655403852462769,0.2,-0.006340606021694839,28.881453196207683,2392.380859375,1000.0
1725,617,1064960,520,7.817286491394043,0.0001,0.048643697053194046,15.616764681679863,0.031348303,14002,0.30482700892857145,0.8685781359672546,0.2,-0.011387655860744417,28.884907041277206,2392.875732421875,1000.0
1727,617,1067008,521,9.796939849853516,0.0001,0.04864390566945076,22.008907318115234,0.03635934,14004,0.23404947916666666,0.9025964736938477,0.2,0.0035515399649739265,28.885722160339355,2392.875732421875,1000.0
1730,617,1069056,522,5.443087100982666,0.0001,0.04864199459552765,13.391084278331084,0.031139333,14009,0.25241268382352944,0.9646963477134705,0.2,0.004395749419927597,28.885950537288892,2392.875732421875,1000.0
1733,617,1071104,523,7.206388473510742,0.0001,0.048637960106134415,14.196380615234375,0.028984612,14013,0.25299479166666666,0.9641749858856201,0.2,0.002295377928142746,28.887299728393554,2392.875732421875,1000.0
1737,617,1073152,524,7.822588920593262,0.0001,0.048637017607688904,15.639891147613525,0.029193848,14015,0.20540364583333334,0.9621909856796265,0.2,0.004257039166986942,28.888213475545246,2394.751708984375,1000.0
1739,618,1075200,525,20.82714080810547,0.0001,0.04863543063402176,40.56716041564941,0.031267084,14018,0.2314453125,0.8936331272125244,0.2,-0.0019432368222624063,28.888700485229492,2394.751708984375,1000.0
1742,618,1077248,526,19.8845157623291,0.0001,0.04863033443689346,39.787634658813474,0.024806162,14023,0.2880859375,0.866050660610199,0.2,-0.017904263036325575,28.889998531341554,2394.751708984375,1000.0
1745,618,1079296,527,15.96925163269043,0.0001,0.04862702637910843,34.22956895828247,0.026307222,14025,0.204833984375,0.8979654312133789,0.2,-0.0010753818787634373,28.891483068466187,2394.751708984375,1000.0
1749,618,1081344,528,18.800586700439453,0.0001,0.04862315580248833,35.77113914489746,0.022071978,14027,0.19287109375,0.8982839584350586,0.2,5.1575072575360537e-05,28.892931699752808,2371.372314453125,1000.0
1751,618,1083392,529,20.014995574951172,0.0001,0.048620447516441345,37.328070068359374,0.032468,14029,0.17421875,0.8800213932991028,0.2,0.0002407114952802658,28.894197463989258,2371.372314453125,1000.0
1754,618,1085440,530,5.107074737548828,0.0001,0.04861413314938545,10.94226007461548,0.027388517,14034,0.27685546875,0.9599629640579224,0.2,-0.006679658772191033,28.89601583480835,2371.372314453125,1000.0
1757,618,1087488,531,5.667016983032227,0.0001,0.04861360043287277,12.617172622680664,0.021564243,14039,0.19345703125,0.960885763168335,0.2,-0.005915209581144154,28.897626304626463,2371.372314453125,1000.0
1760,618,1089536,532,3.7819266319274902,0.0001,0.048608481884002686,8.336328148841858,0.025718654,14044,0.25029296875,0.9724430441856384,0.2,-0.014478977560065687,28.898074913024903,2369.2578125,1000.0
1763,618,1091584,533,22.15825080871582,0.0001,0.04860526695847511,49.333820554945206,0.02802413,14049,0.22688802083333334,0.8907266855239868,0.2,-0.0013715590919471448,28.89997386932373,2369.2578125,1000.0
1766,619,1093632,534,16.112289428710938,0.0001,0.04859901964664459,36.53197727203369,0.02315836,14054,0.2341796875,0.90677809715271,0.2,-0.012423118628794328,28.901624584197997,2369.2578125,1000.0
1769,619,1095680,535,16.723819732666016,0.0001,0.048594050109386444,39.6133487701416,0.01576033,14059,0.1853515625,0.9117920398712158,0.2,-0.00757935419678688,28.903956794738768,2369.2578125,1000.0
1772,619,1097728,536,12.413714408874512,0.0001,0.048588450998067856,26.374321079254152,0.023566158,14064,0.23115234375,0.9314387440681458,0.2,-0.013270523969549686,28.90587272644043,2345.63623046875,1000.0
1775,619,1099776,537,19.816730499267578,0.0001,0.048589691519737244,35.44370794296265,0.024595067,14066,0.2060546875,0.9422047138214111,0.2,-0.003670875448733568,28.906898021697998,2345.63623046875,1000.0
1778,619,1101824,538,5.390872001647949,0.0001,0.048593588173389435,11.766296239999624,0.032391336,14070,0.24158653846153846,0.9869654774665833,0.2,0.00207912502810359,28.90589083158053,2345.63623046875,1000.0
1780,619,1103872,539,5.041834354400635,0.0001,0.04859587177634239,10.052074519070713,0.030799584,14073,0.234375,0.9874687194824219,0.2,-0.0014812669462778351,28.904667941006746,2345.63623046875,1000.0
1784,619,1105920,540,6.001101493835449,0.0001,0.048593394458293915,11.804673353830973,0.021388121,14076,0.19986979166666666,0.9849091172218323,0.2,0.00460739068997403,28.90460952123006,2350.536865234375,1000.0
1787,619,1107968,541,36.53404998779297,0.0001,0.04859112203121185,65.62599118550618,0.029148769,14078,0.1865234375,0.8968245983123779,0.2,0.003089177596848458,28.905827522277832,2350.536865234375,1000.0
1789,620,1110016,542,17.29800796508789,0.0001,0.048590824007987976,37.43752775192261,0.026120491,14083,0.2478515625,0.935043454170227,0.2,-0.013252597057726235,28.906554412841796,2350.536865234375,1000.0
1793,620,1112064,543,19.868452072143555,0.0001,0.04858934134244919,39.47722606658935,0.020681264,14088,0.2751953125,0.9264150261878967,0.2,-0.006583713146392256,28.906477165222167,2329.3544921875,1000.0
1796,620,1114112,544,19.554582595825195,0.0001,0.04858614504337311,37.411806392669675,0.026323315,14093,0.24697265625,0.9281415343284607,0.2,-0.015171418595127762,28.907734966278078,2329.3544921875,1000.0
1798,620,1116160,545,6.7454328536987305,0.0001,0.048586148768663406,13.074745351617986,0.026175834,14096,0.21892755681818182,0.9475603103637695,0.2,-0.006097088821909644,28.908219077370383,2329.3544921875,1000.0
1801,620,1118208,546,5.611230373382568,0.0001,0.048578012734651566,12.378747510910035,0.026022464,14101,0.27978515625,0.950739860534668,0.2,-0.007957209809683263,28.909069633483888,2329.3544921875,1000.0
1805,620,1120256,547,8.310489654541016,0.0001,0.048574674874544144,16.914379119873047,0.029062226,14103,0.18098958333333334,0.9263663291931152,0.2,-0.0028829799654583135,28.91185474395752,2317.91845703125,1000.0
1808,620,1122304,548,12.262163162231445,0.0001,0.04857818782329559,26.591590023040773,0.024954697,14108,0.29150390625,0.8862801194190979,0.2,-0.013625362748280167,28.912608337402343,2317.91845703125,1000.0
1811,620,1124352,549,7.200334072113037,0.0001,0.048579663038253784,15.857197666168213,0.028651915,14113,0.27080078125,0.9502924084663391,0.2,0.002098703058436513,28.910071468353273,2317.91845703125,1000.0
1814,620,1126400,550,5.9535112380981445,0.0001,0.04857946187257767,13.212342739105225,0.02982704,14118,0.2355685763888889,0.9576875567436218,0.2,-0.0061983053262035055,28.911186854044598,2317.91845703125,1000.0
1818,620,1128448,551,5.53156042098999,0.0001,0.048583488911390305,11.604867108662923,0.027566582,14122,0.20234375,0.9647390842437744,0.2,-0.0013677925492326418,28.910263442993163,2332.13525390625,1000.0
1821,620,1130496,552,18.289321899414062,0.0001,0.04859761521220207,34.81305160522461,0.027254831,14127,0.30634765625,0.9173336029052734,0.2,-0.007787935668602586,28.90732946395874,2332.13525390625,1000.0
1823,620,1132544,553,21.364013671875,0.0001,0.04860486090183258,47.498544692993164,0.02653652,14130,0.20963541666666666,0.8939552903175354,0.2,-0.004262543516233563,28.902685165405273,2332.13525390625,1000.0
1826,621,1134592,554,15.664753913879395,0.0001,0.04860741272568703,32.619820785522464,0.027354814,14134,0.18190104166666668,0.9186566472053528,0.2,-0.012456239139040311,28.900958760579428,2332.13525390625,1000.0
1830,621,1136640,555,18.618810653686523,0.0001,0.04860696941614151,45.06233156644381,0.034118026,14138,0.21198918269230768,0.8932908177375793,0.2,-0.00928902061871038,28.900718835683968,2339.60693359375,1000.0
1832,621,1138688,556,19.28386878967285,0.0001,0.04860522970557213,39.30066416813777,0.031690214,14142,0.22596153846153846,0.9088494777679443,0.2,-0.005128570868132206,28.901219294621395,2339.60693359375,1000.0
1835,621,1140736,557,6.685025691986084,0.0001,0.04859935864806175,16.30227122306824,0.0155742895,14147,0.21591796875,0.9709579348564148,0.2,-0.010154059203341604,28.902327060699463,2339.60693359375,1000.0
1838,621,1142784,558,7.143711566925049,0.0001,0.04859744384884834,15.360161487872784,0.031465016,14151,0.15970552884615385,0.967784583568573,0.2,-0.004484617813991813,28.904414103581356,2339.60693359375,1000.0
1842,621,1144832,559,11.208351135253906,0.0001,0.04859885945916176,25.415639877319336,0.028342223,14154,0.221484375,0.9553090929985046,0.2,-0.005260971188545227,28.904285049438478,2343.078125,1000.0
1844,621,1146880,560,13.172273635864258,0.0001,0.04859909042716026,28.269253185817174,0.03557719,14158,0.28236607142857145,0.941184937953949,0.2,-0.00826049582766635,28.9040584564209,2343.078125,1000.0
1847,621,1148928,561,7.068606376647949,0.0001,0.04859890043735504,15.680684725443522,0.03641686,14160,0.22721354166666666,0.9703524112701416,0.2,0.009648997259015838,28.904150009155273,2343.078125,1000.0
1849,622,1150976,562,6.4324469566345215,0.0001,0.04859915003180504,12.34142516209529,0.03621305,14164,0.18599759615384615,0.9722741842269897,0.2,-0.007084395521535323,28.904141939603367,2343.078125,1000.0
1853,621,1153024,563,6.124373912811279,0.0001,0.04859977960586548,13.15192716771906,0.026580086,14167,0.18874289772727273,0.9692903161048889,0.2,-0.005115149119360881,28.904095216230914,2356.324462890625,1000.0
1856,622,1155072,564,13.821643829345703,0.0001,0.048599377274513245,25.399293899536133,0.030940142,14169,0.19661458333333334,0.9553889036178589,0.2,0.0018364495287338893,28.904124577840168,2356.324462890625,1000.0
1859,622,1157120,565,3.8275146484375,0.0001,0.04859517887234688,8.423021952311197,0.03279966,14172,0.263671875,0.9885257482528687,0.2,0.005809858648313416,28.905076132880318,2356.324462890625,1000.0
1861,622,1159168,566,4.993731498718262,0.0001,0.04859010502696037,10.292993000575475,0.026808208,14174,0.18694196428571427,0.9858439564704895,0.2,-4.341692796775273e-06,28.906835556030273,2356.324462890625,1000.0
1865,622,1161216,567,5.359464645385742,0.0001,0.04858516529202461,11.112104034423828,0.042132802,14176,0.208984375,0.9848930239677429,0.2,0.0027160679921507834,28.908676147460938,2367.293701171875,1000.0
1868,622,1163264,568,9.44625186920166,0.0001,0.04857828840613365,22.473832766215008,0.028190438,14178,0.18229166666666666,0.957427978515625,0.2,0.0010147544865806897,28.910960515340168,2367.293701171875,1000.0
1870,622,1165312,569,4.401404857635498,0.0001,0.048570264130830765,9.365539455413819,0.026492195,14183,0.29169921875,0.9762627482414246,0.2,-0.0025483967503532766,28.914678001403807,2367.293701171875,1000.0
1873,623,1167360,570,5.1388983726501465,0.0001,0.048559870570898056,11.807498121261597,0.026449509,14188,0.275,0.9698815941810608,0.2,-0.009101541596464813,28.91635274887085,2367.293701171875,1000.0
1877,622,1169408,571,5.29006814956665,0.0001,0.04855542257428169,10.910244178771972,0.030318389,14190,0.16796875,0.9745458960533142,0.2,0.0013581082224845887,28.920281982421876,2370.1982421875,1000.0
1880,623,1171456,572,39.54295349121094,0.0001,0.04854600131511688,77.80128269195556,0.015400536,14195,0.22451171875,0.8604198098182678,0.2,-0.004160542355384678,28.923069858551024,2370.1982421875,1000.0
1883,623,1173504,573,22.165760040283203,0.0001,0.04854203015565872,50.15266151428223,0.021400353,14200,0.2013671875,0.8956680297851562,0.2,-0.011022097221575678,28.925452613830565,2370.1982421875,1000.0
1885,623,1175552,574,16.520265579223633,0.0001,0.04854021966457367,40.06514320373535,0.017544169,14205,0.17060546875,0.9044740200042725,0.2,-0.012673524848651141,28.92633800506592,2370.1982421875,1000.0
1889,623,1177600,575,16.81690788269043,0.0001,0.04853614792227745,36.417159748077395,0.019635554,14210,0.1873046875,0.8918024301528931,0.2,-0.012932069902308285,28.927495193481445,2357.086181640625,1000.0
1892,623,1179648,576,15.11565113067627,0.0001,0.04853294789791107,32.532509717074305,0.027493984,14213,0.24467329545454544,0.9008945822715759,0.2,-0.0075492238710549745,28.92871926047585,2357.086181640625,1000.0
1895,623,1181696,577,10.62389087677002,0.0001,0.048531241714954376,24.376869625515408,0.030275939,14216,0.19053819444444445,0.9458526372909546,0.2,0.0013416562384615343,28.929806179470486,2357.086181640625,1000.0
1897,623,1183744,578,6.586626052856445,0.0001,0.04853183031082153,13.879514634609222,0.02088249,14220,0.152587890625,0.9587735533714294,0.2,-0.007501779648009688,28.930055379867554,2357.086181640625,1000.0
1901,623,1185792,579,5.129375457763672,0.0001,0.04852689802646637,11.89217405319214,0.025251761,14225,0.2703125,0.9651731252670288,0.2,-0.007030540017876774,28.93030948638916,2350.7451171875,1000.0
1905,623,1187840,580,16.11890983581543,0.0001,0.048527076840400696,31.278766870498657,0.024871964,14227,0.216552734375,0.7844042778015137,0.2,0.00019522098591551185,28.931732892990112,2350.7451171875,1000.0
1908,623,1189888,581,3.480546474456787,0.0001,0.04853757470846176,9.12141809463501,0.0208687,14232,0.2216796875,0.9390554428100586,0.2,-0.0046730527188628915,28.930180835723878,2350.7451171875,1000.0
1910,623,1191936,582,3.5103390216827393,0.0001,0.04854471981525421,8.283155488967896,0.023067703,14237,0.20947265625,0.9201604723930359,0.2,-0.011896262830123305,28.926322841644286,2350.7451171875,1000.0
1914,623,1193984,583,3.77573561668396,0.0001,0.04854201525449753,8.179275849286247,0.035066873,14242,0.25723805147058826,0.922471284866333,0.2,-0.0013860952766502604,28.925343793981217,2359.961181640625,1000.0
1917,623,1196032,584,38.148529052734375,0.0001,0.04853719472885132,75.72641677856446,0.016205268,14247,0.24794921875,0.8148095607757568,0.2,-0.0036364577244967222,28.927636051177977,2359.961181640625,1000.0
1920,623,1198080,585,24.207275390625,0.0001,0.04853422939777374,55.06412010192871,0.024105176,14252,0.225390625,0.8360319137573242,0.2,-0.01626117406412959,28.92866497039795,2359.961181640625,1000.0
1923,623,1200128,586,20.20472526550293,0.0001,0.04852673038840294,44.97207775115967,0.020299856,14257,0.24765625,0.8289985656738281,0.2,-0.014207576122134923,28.930274772644044,2355.575927734375,1000.0
1926,623,1202176,587,19.88865852355957,0.0001,0.048527464270591736,40.22617378234863,0.02362911,14262,0.2427734375,0.8281514048576355,0.2,-0.012471743579953908,28.93249683380127,2355.575927734375,1000.0
1929,624,1204224,588,11.420682907104492,0.0001,0.04852798953652382,22.704864819844563,0.026196275,14265,0.20638020833333334,0.8758605122566223,0.2,-0.007114317578574021,28.931524117787678,2355.575927734375,1000.0
1932,624,1206272,589,9.07905101776123,0.0001,0.04852716624736786,19.537182807922363,0.029326884,14267,0.232421875,0.8869355916976929,0.2,0.002757549441109101,28.93175220489502,2355.575927734375,1000.0
1936,624,1208320,590,8.483707427978516,0.0001,0.04852645471692085,18.372065862019856,0.031488765,14270,0.2302517361111111,0.893353283405304,0.2,-0.004552794879095422,28.93211767408583,2357.467041015625,1000.0
1938,624,1210368,591,10.871562957763672,0.0001,0.048526689410209656,22.998231887817383,0.03305967,14272,0.180859375,0.8686400055885315,0.2,0.002963734231889248,28.93213768005371,2357.467041015625,1000.0
1941,624,1212416,592,5.365758419036865,0.0001,0.048527419567108154,12.503693675994873,0.023276912,14277,0.2505859375,0.952265739440918,0.2,-0.008355174388270825,28.93225975036621,2357.467041015625,1000.0
1944,624,1214464,593,3.8694396018981934,0.0001,0.04852363467216492,9.613093852996826,0.022751698,14282,0.2474609375,0.9688856601715088,0.2,-0.006786276027560234,28.932627391815185,2357.467041015625,1000.0
1948,624,1216512,594,4.619418621063232,0.0001,0.048525359481573105,10.324019798865685,0.03359266,14286,0.2841045673076923,0.9694586992263794,0.2,-0.004015221761969419,28.933721248920147,2368.705078125,1000.0
1951,624,1218560,595,11.317217826843262,0.0001,0.04852705076336861,23.830276107788087,0.038594887,14288,0.2375,0.9361388683319092,0.2,0.009834279865026474,28.93281135559082,2368.705078125,1000.0
1953,624,1220608,596,3.8599207401275635,0.0001,0.04851702228188515,9.659850382804871,0.019399587,14293,0.23125,0.9748948216438293,0.2,-0.009439503820613027,28.933260250091553,2368.705078125,1000.0
1956,624,1222656,597,3.659914016723633,0.0001,0.04850549250841141,9.292003750801086,0.021402327,14298,0.2189453125,0.976630449295044,0.2,-0.011907030525617302,28.93870668411255,2368.705078125,1000.0
1960,624,1224704,598,4.017043590545654,0.0001,0.04850184544920921,8.574566423892975,0.02418483,14300,0.198974609375,0.9805872440338135,0.2,-0.002512371924240142,28.94126558303833,2369.30615234375,1000.0
1962,624,1226752,599,17.85164451599121,0.0001,0.04850016534328461,37.883618116378784,0.022826228,14302,0.189208984375,0.9376049637794495,0.2,-0.0022316814865916967,28.94230318069458,2369.30615234375,1000.0
1965,625,1228800,600,29.808082580566406,0.0001,0.04849795624613762,68.22807960510254,0.015501676,14307,0.1787109375,0.9199879765510559,0.2,-0.008907248778268696,28.94288272857666,2369.30615234375,1000.0
1968,625,1230848,601,26.54520034790039,0.0001,0.04849540442228317,62.32339286804199,0.013675356,14312,0.13125,0.9322587251663208,0.2,-0.010466482210904359,28.943866539001466,2369.30615234375,1000.0
1972,625,1232896,602,28.183378219604492,0.0001,0.04849383607506752,63.5197998046875,0.013771135,14317,0.155859375,0.9382604956626892,0.2,-0.012792965793050826,28.944601154327394,2366.949951171875,1000.0
1975,625,1234944,603,24.84922218322754,0.0001,0.04849335923790932,58.378984451293945,0.019994432,14322,0.20927734375,0.9307947158813477,0.2,-0.012999166897498072,28.945208644866945,2366.949951171875,1000.0
1977,625,1236992,604,5.403111457824707,0.0001,0.04849153012037277,14.042779779434204,0.028992375,14327,0.22548828125,0.9665566682815552,0.2,-0.007619501010049134,28.945375442504883,2366.949951171875,1000.0
1980,625,1239040,605,4.932308673858643,0.0001,0.04848771542310715,12.693867683410645,0.023946658,14332,0.15080180921052633,0.9730061292648315,0.2,-0.008409726972642698,28.94639055352462,2366.949951171875,1000.0
1984,625,1241088,606,4.4035258293151855,0.0001,0.04848206043243408,10.310195350646973,0.022577394,14337,0.24443359375,0.9717884063720703,0.2,-0.016587756969965995,28.948302459716796,2368.578125,1000.0
1987,625,1243136,607,14.240180969238281,0.0001,0.048479318618774414,30.572547912597656,0.03203824,14339,0.23274739583333334,0.9551339745521545,0.2,0.001593556875983874,28.949813524882,2368.578125,1000.0
1989,625,1245184,608,8.467665672302246,0.0001,0.048478107899427414,17.765442848205566,0.012377078,14340,0.15673828125,0.990127682685852,0.2,0.007506114314310253,28.95052480697632,2368.578125,1000.0
1992,626,1247232,609,5.520528793334961,0.0001,0.04847627878189087,14.130664552961077,0.027451947,14342,0.19559151785714285,0.9928463101387024,0.2,0.007741988703076329,28.95110293797084,2368.578125,1000.0
1996,625,1249280,610,4.3007683753967285,0.0001,0.048471298068761826,9.908079045159477,0.0313765,14346,0.14188058035714285,0.9909400343894958,0.2,-0.005251115653663874,28.952158791678293,2376.6474609375,1000.0
1998,626,1251328,611,14.587247848510742,0.0001,0.048467084765434265,24.665604504671965,0.027679624,14349,0.228515625,0.9722450971603394,0.2,-0.004243590763177384,28.954051971435547,2376.6474609375,1000.0
2001,626,1253376,612,5.876563549041748,0.0001,0.048466071486473083,11.836877059936523,0.031975523,14351,0.237109375,0.9874058365821838,0.2,0.0008233342319726944,28.954982376098634,2376.6474609375,1000.0
2004,626,1255424,613,5.21548318862915,0.0001,0.04846343770623207,10.098938124520439,0.029532136,14353,0.220703125,0.9889255166053772,0.2,-0.0023186281988663332,28.955633435930526,2376.6474609375,1000.0
2008,626,1257472,614,7.487977027893066,0.0001,0.04845985770225525,15.156873106956482,0.024259195,14355,0.20068359375,0.9841120839118958,0.2,0.004234632622683421,28.95697855949402,2374.9248046875,1000.0
2011,626,1259520,615,21.477752685546875,0.0001,0.04845839738845825,52.15122549874442,0.02488955,14357,0.17354910714285715,0.9291186332702637,0.2,-0.0020818147542221205,28.957814080374582,2374.9248046875,1000.0
2013,626,1261568,616,34.18138122558594,0.0001,0.04845636337995529,70.53864373101129,0.030024411,14360,0.1697048611111111,0.8762772083282471,0.2,-0.0043048749470876325,28.958377414279514,2374.9248046875,1000.0
2016,626,1263616,617,28.247276306152344,0.0001,0.04845431447029114,57.13034693400065,0.036247574,14362,0.2099609375,0.8898794054985046,0.2,-0.0026900171457479396,28.959234873453777,2374.9248046875,1000.0
2020,626,1265664,618,28.994333267211914,0.0001,0.048446740955114365,60.58189659118652,0.023601746,14367,0.26376953125,0.8901686668395996,0.2,-0.011429515411145985,28.960875034332275,2358.686767578125,1000.0
2023,626,1267712,619,14.076105117797852,0.0001,0.048437103629112244,30.33950033187866,0.025378937,14372,0.28193359375,0.9361373782157898,0.2,-0.0159970699576661,28.96389684677124,2358.686767578125,1000.0
2026,626,1269760,620,6.248236179351807,0.0001,0.04842877388000488,14.37784652709961,0.023525445,14377,0.21015625,0.9697889685630798,0.2,-0.006275341240689158,28.967441272735595,2358.686767578125,1000.0
2028,626,1271808,621,6.483952045440674,0.0001,0.048422329127788544,15.281415033340455,0.021439878,14382,0.17255859375,0.9692928194999695,0.2,-0.008644708106294275,28.970148658752443,2358.686767578125,1000.0
2032,626,1273856,622,10.306903839111328,0.0001,0.048406973481178284,20.62244396209717,0.016421968,14387,0.20732421875,0.9568936824798584,0.2,-0.011888448498211801,28.97368288040161,2376.570068359375,1000.0
2035,626,1275904,623,19.127614974975586,0.0001,0.048393383622169495,41.76285037994385,0.023195382,14392,0.22529296875,0.9270002841949463,0.2,-0.0062414365937002005,28.98025827407837,2376.570068359375,1000.0
2038,626,1277952,624,9.204424858093262,0.0001,0.0483890101313591,19.470271587371826,0.022767313,14397,0.2232421875,0.9636223912239075,0.2,-0.014187547378242016,28.983440399169922,2376.570068359375,1000.0
2041,626,1280000,625,13.370080947875977,0.0001,0.048386719077825546,27.299789081920277,0.026708966,14400,0.24041193181818182,0.9492242932319641,0.2,-0.00547291770238768,28.98455238342285,2375.417236328125,1000.0
2044,627,1282048,626,11.183599472045898,0.0001,0.04837818071246147,22.867497224074143,0.032332037,14404,0.2965745192307692,0.9564095735549927,0.2,-0.008384901206367291,28.98644858140212,2375.417236328125,1000.0
2047,627,1284096,627,17.484058380126953,0.0001,0.04837433621287346,36.397549629211426,0.021643333,14406,0.19775390625,0.9596208333969116,0.2,-0.0016677624662406743,28.989132165908813,2375.417236328125,1000.0
2050,627,1286144,628,13.571266174316406,0.0001,0.048367999494075775,26.852484130859374,0.029417813,14410,0.290234375,0.9684262871742249,0.2,-0.007212451534966627,28.990907287597658,2375.417236328125,1000.0
2053,627,1288192,629,14.59399127960205,0.0001,0.0483676940202713,28.553393522898357,0.030151894,14413,0.23323567708333334,0.9675424695014954,0.2,-0.00697149428500173,28.99241574605306,2370.330078125,1000.0
2056,627,1290240,630,13.148703575134277,0.0001,0.04837382584810257,27.710678980900692,0.031929597,14417,0.2423377403846154,0.9684006571769714,0.2,-0.007021580536205035,28.99133667579064,2370.330078125,1000.0
2059,627,1292288,631,24.65471076965332,0.0001,0.04837920144200325,50.265021324157715,0.027667584,14422,0.284765625,0.9507518410682678,0.2,-0.016048100148327648,28.988626575469972,2370.330078125,1000.0
2062,627,1294336,632,20.575815200805664,0.0001,0.04837902635335922,38.79228973388672,0.026881054,14425,0.21468098958333334,0.9599431753158569,0.2,-0.006588309265983601,28.988241990407307,2370.330078125,1000.0
2065,627,1296384,633,19.896484375,0.0001,0.048378583043813705,38.44593984430487,0.030300176,14428,0.2665127840909091,0.9579463005065918,0.2,-0.005727359263057058,28.988202181729402,2358.474365234375,1000.0
2068,627,1298432,634,17.931032180786133,0.0001,0.0483771376311779,41.11351490020752,0.028000295,14430,0.233642578125,0.953569769859314,0.2,0.0007951236621011049,28.988624334335327,2358.474365234375,1000.0
2071,627,1300480,635,6.848813533782959,0.0001,0.048376187682151794,15.375356515248617,0.033604067,14432,0.2021484375,0.9862200021743774,0.2,0.00918915254684786,28.98906421661377,2358.474365234375,1000.0
2073,628,1302528,636,4.276393413543701,0.0001,0.04836361110210419,9.833816480636596,0.023723917,14437,0.21865234375,0.9888210296630859,0.2,-0.01157357357442379,28.99095697402954,2358.474365234375,1000.0
2078,627,1304576,637,6.169942855834961,0.0001,0.048359643667936325,12.60155455271403,0.027559076,14439,0.18489583333333334,0.9834311008453369,0.2,0.0083886495558545,28.99478022257487,2390.87158203125,1000.0
2080,627,1306624,638,8.873217582702637,0.0001,0.0483543798327446,17.212284803390503,0.02221677,14441,0.150634765625,0.9738836288452148,0.2,-0.0028602391248568892,28.996463298797607,2390.87158203125,1000.0
2083,628,1308672,639,5.898423194885254,0.0001,0.04834888502955437,14.431681156158447,0.026328579,14445,0.20396205357142858,0.9825145602226257,0.2,-0.00375992402301303,28.99871253967285,2390.87158203125,1000.0
2086,628,1310720,640,5.207574367523193,0.0001,0.04834749922156334,13.432197434561592,0.026784355,14447,0.20089285714285715,0.9841688275337219,0.2,0.004729076089071376,28.999895913260325,2390.87158203125,1000.0
2089,628,1312768,641,5.38429594039917,0.0001,0.04834393039345741,12.38911958174272,0.022968447,14450,0.13068181818181818,0.9846112132072449,0.2,-0.004639592572030696,29.00068525834517,2415.14697265625,1000.0
2092,628,1314816,642,17.9842472076416,0.0001,0.0483412891626358,37.91506767272949,0.027253166,14452,0.18033854166666666,0.9486802816390991,0.2,2.4937093257904053e-05,29.002070426940918,2415.14697265625,1000.0
2095,628,1316864,643,39.06588363647461,0.0001,0.04833819344639778,89.48531913757324,0.024262046,14457,0.24755859375,0.8706095814704895,0.2,-0.008407488046213985,29.003281784057616,2415.14697265625,1000.0
2098,628,1318912,644,42.004180908203125,0.0001,0.04833706468343735,88.6282356262207,0.016582733,14462,0.15595703125,0.8747694492340088,0.2,-0.013355005998164415,29.00379285812378,2415.14697265625,1000.0
2102,628,1320960,645,29.91442108154297,0.0001,0.04833703488111496,63.423623657226564,0.020519296,14467,0.1888671875,0.9081215262413025,0.2,-0.01563188717700541,29.004116439819335,2392.13037109375,1000.0
2105,628,1323008,646,26.423980712890625,0.0001,0.048336926847696304,60.2085262298584,0.02714354,14472,0.2494140625,0.934197723865509,0.2,-0.009887824847828597,29.004078483581544,2392.13037109375,1000.0
2107,628,1325056,647,4.394587993621826,0.0001,0.04832741618156433,10.378068182203505,0.026790272,14477,0.2544487847222222,0.9142953753471375,0.2,-0.011701880695505274,29.005460845099556,2392.13037109375,1000.0
2110,628,1327104,648,6.345282554626465,0.0001,0.04832557216286659,13.12881088256836,0.020241514,14478,0.240234375,0.9003572463989258,0.2,0.016909966012462974,29.007939338684082,2392.13037109375,1000.0
2114,628,1329152,649,6.269001483917236,0.0001,0.04832363873720169,13.24865436553955,0.0341117,14480,0.18203125,0.9142467379570007,0.2,0.004320824984461069,29.00863037109375,2416.48291015625,1000.0
2116,628,1331200,650,17.35523796081543,0.0001,0.048318829387426376,41.07400665283203,0.0175722,14485,0.21669921875,0.9540554881095886,0.2,-0.00706235165707767,29.00995578765869,2416.48291015625,1000.0
2119,628,1333248,651,29.448936462402344,0.0001,0.048312071710824966,62.18790702819824,0.02022529,14490,0.21416015625,0.906866192817688,0.2,-0.01265243417583406,29.011713123321535,2416.48291015625,1000.0
2122,629,1335296,652,22.683835983276367,0.0001,0.04830724000930786,47.10509433746338,0.025959063,14495,0.23359375,0.9304221868515015,0.2,-0.009842696972191334,29.01431827545166,2416.48291015625,1000.0
2126,628,1337344,653,28.642065048217773,0.0001,0.04830475151538849,58.04755630493164,0.01871504,14500,0.18896484375,0.9175530672073364,0.2,-0.009003495704382658,29.015504550933837,2409.801513671875,1000.0
2128,629,1339392,654,18.274307250976562,0.0001,0.04830406606197357,37.96460215250651,0.027588319,14502,0.13606770833333334,0.9449861645698547,0.2,-0.0025335028767585754,29.016132990519207,2409.801513671875,1000.0
2131,629,1341440,655,5.155982494354248,0.0001,0.048303499817848206,13.221841017405191,0.03032008,14504,0.19010416666666666,0.9565619230270386,0.2,0.006292184504369895,29.016399383544922,2409.801513671875,1000.0
2134,629,1343488,656,4.86460542678833,0.0001,0.04830145463347435,12.045640707015991,0.021178734,14509,0.21640625,0.9300848841667175,0.2,-0.009556558076292276,29.01685094833374,2409.801513671875,1000.0
2137,629,1345536,657,6.783743381500244,0.0001,0.048300694674253464,15.058994701930455,0.027833724,14511,0.19893973214285715,0.9467110633850098,0.2,0.005380584825096386,29.017329624720983,2416.32568359375,1000.0
2140,629,1347584,658,16.876955032348633,0.0001,0.04830033332109451,32.31011118207659,0.024820587,14513,0.18080357142857142,0.9733655452728271,0.2,-0.007530349938731108,29.017529896327428,2416.32568359375,1000.0
2143,629,1349632,659,19.907819747924805,0.0001,0.04829930514097214,39.121537344796316,0.026681682,14515,0.21763392857142858,0.9554568529129028,0.2,-0.002365104787583862,29.017721721104213,2416.32568359375,1000.0
2146,629,1351680,660,17.343257904052734,0.0001,0.04829494655132294,34.44007682800293,0.02558183,14518,0.248046875,0.9628631472587585,0.2,0.0018029474886134267,29.01864417394002,2416.32568359375,1000.0
2150,629,1353728,661,20.221345901489258,0.0001,0.0482916422188282,40.76351408524947,0.025981113,14521,0.20632102272727273,0.9530035853385925,0.2,-0.0075479328886351804,29.020233154296875,2392.4169921875,1000.0
2153,629,1355776,662,20.116281509399414,0.0001,0.04828997328877449,40.55334987640381,0.027441049,14526,0.26044921875,0.9681908488273621,0.2,-0.003949168254621327,29.021333694458008,2392.4169921875,1000.0
2155,629,1357824,663,9.234477043151855,0.0001,0.04829685762524605,21.384325885772704,0.019465603,14531,0.19716796875,0.9830989837646484,0.2,-0.014231329457834363,29.02063932418823,2392.4169921875,1000.0
2158,630,1359872,664,13.880217552185059,0.0001,0.04830516129732132,28.362156772613524,0.020806013,14536,0.201171875,0.9794787168502808,0.2,-0.013386808033101261,29.01728801727295,2392.4169921875,1000.0
2162,629,1361920,665,10.138666152954102,0.0001,0.04830118268728256,21.756790256500246,0.02121694,14541,0.237109375,0.9848547577857971,0.2,-0.012181606772355736,29.016262149810792,2390.718017578125,1000.0
2164,630,1363968,666,15.440653800964355,0.0001,0.048294320702552795,31.11037149429321,0.025701642,14546,0.24169921875,0.9741017818450928,0.2,-0.006757439707871527,29.018644523620605,2390.718017578125,1000.0
2167,630,1366016,667,4.734063148498535,0.0001,0.04829205945134163,14.494017791748046,0.017455002,14551,0.100390625,0.9885903000831604,0.2,-0.005201191536616534,29.020544242858886,2390.718017578125,1000.0
2171,630,1368064,668,5.737569808959961,0.0001,0.048283349722623825,13.799331283569336,0.022487823,14556,0.17490234375,0.9824463725090027,0.2,-0.00939779750769958,29.021960067749024,2391.692138671875,1000.0
2173,630,1370112,669,6.242997646331787,0.0001,0.04828018322587013,12.561911476982964,0.029362394,14561,0.1672092013888889,0.9860772490501404,0.2,-0.0075070360778934425,29.025112364027237,2391.692138671875,1000.0
2176,630,1372160,670,10.066946983337402,0.0001,0.04828004539012909,22.043822028420188,0.02566495,14564,0.1610440340909091,0.9723453521728516,0.2,-0.007334975695068186,29.025313290682707,2391.692138671875,1000.0
2178,630,1374208,671,4.126490592956543,0.0001,0.048263438045978546,10.207292556762695,0.027432166,14569,0.283203125,0.984721839427948,0.2,-0.0144644659711048,29.02765235900879,2391.692138671875,1000.0
2182,630,1376256,672,5.143349647521973,0.0001,0.048252299427986145,10.7818763256073,0.028390206,14571,0.236572265625,0.9844370484352112,0.2,0.0027064605965279043,29.033867120742798,2385.856201171875,1000.0
2185,630,1378304,673,9.555681228637695,0.0001,0.04824303090572357,22.35574065314399,0.033391356,14574,0.2476128472222222,0.9698331356048584,0.2,0.006833522684044308,29.037892659505207,2385.856201171875,1000.0
2187,630,1380352,674,24.116573333740234,0.0001,0.048239488154649734,53.81943321228027,0.032044515,14576,0.18684895833333334,0.9335235357284546,0.2,0.007469869218766689,29.040266672770183,2385.856201171875,1000.0
2190,631,1382400,675,24.729825973510742,0.0001,0.04823023080825806,53.19470615386963,0.02689158,14581,0.21513671875,0.9336541891098022,0.2,-0.00749592047650367,29.04272327423096,2385.856201171875,1000.0
2194,630,1384448,676,22.050819396972656,0.0001,0.04823095351457596,47.363382720947264,0.01972193,14586,0.15400390625,0.9430170059204102,0.2,-0.009507487807422877,29.044663524627687,2371.6533203125,1000.0
2196,631,1386496,677,23.120229721069336,0.0001,0.048232171684503555,45.07062367030552,0.027535204,14590,0.15764508928571427,0.9493129849433899,0.2,-0.0035674419320587602,29.04381956372942,2371.6533203125,1000.0
2199,631,1388544,678,7.038560390472412,0.0001,0.04822932183742523,15.986950540542603,0.017654004,14595,0.21962890625,0.9831082820892334,0.2,-0.00826578572159633,29.04407205581665,2371.6533203125,1000.0
2201,631,1390592,679,8.299570083618164,0.0001,0.048217661678791046,17.943772649765016,0.020129774,14600,0.244140625,0.9783702492713928,0.2,-0.009290617099031806,29.046686553955077,2371.6533203125,1000.0
2205,631,1392640,680,8.97392749786377,0.0001,0.04821539670228958,18.293548901875813,0.029488612,14602,0.19791666666666666,0.9799528121948242,0.2,0.00800067869325479,29.049837430318195,2363.7783203125,1000.0
2208,631,1394688,681,16.452306747436523,0.0001,0.04821223020553589,34.83716630935669,0.02181124,14604,0.171875,0.9504174590110779,0.2,-0.007392616622382775,29.05079197883606,2363.7783203125,1000.0
2211,631,1396736,682,10.700093269348145,0.0001,0.04820925369858742,24.003588485717774,0.024257973,14609,0.218359375,0.9366963505744934,0.2,-0.006747154088225215,29.052478313446045,2363.7783203125,1000.0
2214,631,1398784,683,11.464071273803711,0.0001,0.04820351302623749,23.96208734512329,0.029017089,14614,0.3044921875,0.9307303428649902,0.2,-0.005090665607713163,29.053461933135985,2363.7783203125,1000.0
2217,631,1400832,684,13.272411346435547,0.0001,0.04820014908909798,26.799564089093888,0.027727121,14616,0.21010044642857142,0.9253720045089722,0.2,-0.0005151590199342795,29.05574526105608,2370.8759765625,1000.0
2220,631,1402880,685,21.038368225097656,0.0001,0.048196062445640564,38.097850227355956,0.0224277,14621,0.218359375,0.9338744878768921,0.2,-0.010142466146498918,29.057208156585695,2370.8759765625,1000.0
2223,631,1404928,686,7.72508430480957,0.0001,0.048192232847213745,16.568765912737167,0.024453409,14623,0.16713169642857142,0.9794594645500183,0.2,-0.0026918195986321996,29.05854742867606,2370.8759765625,1000.0
2225,632,1406976,687,6.492689609527588,0.0001,0.048189058899879456,13.59920869554792,0.025847739,14625,0.20172991071428573,0.9830542802810669,0.2,0.0016316240653395653,29.059988839285715,2370.8759765625,1000.0
2229,631,1409024,688,6.377211570739746,0.0001,0.04818783327937126,12.663079023361206,0.018294398,14626,0.2294921875,0.9835918545722961,0.2,0.004526979406364262,29.060800075531006,2346.0390625,1000.0
2232,632,1411072,689,24.2003116607666,0.0001,0.0481857992708683,48.59341176350912,0.029803082,14628,0.19108072916666666,0.9392186403274536,0.2,0.0052526736399158835,29.061482747395832,2346.0390625,1000.0
2235,632,1413120,690,4.701530456542969,0.0001,0.048175305128097534,9.809858977794647,0.027767483,14632,0.221923828125,0.9842878580093384,0.2,-0.005091338331112638,29.063576579093933,2346.0390625,1000.0
2237,632,1415168,691,5.823446750640869,0.0001,0.04816679283976555,12.001325964927673,0.025976617,14634,0.205322265625,0.9787783622741699,0.2,-0.0013296044198796153,29.067492961883545,2346.0390625,1000.0
2241,632,1417216,692,6.603017330169678,0.0001,0.048158638179302216,13.078422546386719,0.02993809,14638,0.26436941964285715,0.9772495031356812,0.2,-0.006756092089095286,29.071186883108957,2326.944091796875,1000.0
2244,632,1419264,693,31.894424438476562,0.0001,0.04815693572163582,60.459031105041504,0.024650866,14640,0.210693359375,0.9227644801139832,0.2,0.0007714994717389345,29.07281184196472,2326.944091796875,1000.0
2246,632,1421312,694,27.156658172607422,0.0001,0.04816179722547531,58.05761318206787,0.019399747,14645,0.25595703125,0.9372325539588928,0.2,-0.015090364031493664,29.07274341583252,2326.944091796875,1000.0
2249,632,1423360,695,14.778827667236328,0.0001,0.04817194119095802,36.32258834838867,0.020513382,14650,0.25185546875,0.9590853452682495,0.2,-0.01594688652548939,29.069669437408447,2326.944091796875,1000.0
2253,632,1425408,696,20.55274200439453,0.0001,0.04817289113998413,44.06444311141968,0.021767184,14652,0.18115234375,0.9569496512413025,0.2,-0.004617962520569563,29.0674409866333,2339.1435546875,1000.0
2256,632,1427456,697,12.6967191696167,0.0001,0.048172786831855774,29.46547555923462,0.02841882,14655,0.22135416666666666,0.9782671332359314,0.2,-0.0053145956092824536,29.067488193511963,2339.1435546875,1000.0
2258,632,1429504,698,4.429514408111572,0.0001,0.0481722354888916,10.32052502632141,0.022805601,14660,0.24365234375,0.9945943355560303,0.2,-0.01057528955861926,29.067713260650635,2339.1435546875,1000.0
2261,632,1431552,699,6.262278079986572,0.0001,0.04816724359989166,13.93629765510559,0.027607935,14665,0.2658203125,0.9937348961830139,0.2,-0.0048049793811514975,29.06860113143921,2339.1435546875,1000.0
2265,632,1433600,700,5.889706611633301,0.0001,0.048155684024095535,11.442073015066294,0.031887546,14669,0.18915264423076922,0.993046760559082,0.2,-0.0007903264978757271,29.071571056659405,2339.588134765625,1000.0
2267,633,1435648,701,55.834503173828125,0.0001,0.04814830794930458,129.18958706325955,0.032710243,14672,0.21744791666666666,0.8719645738601685,0.2,0.003094714419502351,29.07603857252333,2339.588134765625,1000.0
2270,633,1437696,702,61.69425964355469,0.0001,0.04813779145479202,122.33278617858886,0.015640642,14677,0.16796875,0.8434263467788696,0.2,-0.015152233396656811,29.079167938232423,2339.588134765625,1000.0
2273,633,1439744,703,43.04551315307617,0.0001,0.04813680797815323,105.7284366607666,0.0128913,14682,0.1158203125,0.8621748685836792,0.2,-0.009300303389318287,29.08191337585449,2339.588134765625,1000.0
2277,633,1441792,704,48.8096809387207,0.0001,0.0481397807598114,107.74600067138672,0.016834825,14687,0.1244140625,0.8379584550857544,0.2,-0.012363255652599037,29.08113212585449,2319.18505859375,1000.0
2280,633,1443840,705,14.883157730102539,0.0001,0.048140864819288254,31.584362697601318,0.023654912,14692,0.24052734375,0.9620943069458008,0.2,-0.013567412737756968,29.080498027801514,2319.18505859375,1000.0
2282,633,1445888,706,9.2532320022583,0.0001,0.04814070090651512,18.734723499843053,0.026880736,14694,0.20479910714285715,0.9799250364303589,0.2,0.006938948362533536,29.080442701067245,2319.18505859375,1000.0
2285,633,1447936,707,6.5092973709106445,0.0001,0.04814283549785614,14.66073145866394,0.0157889,14699,0.1783203125,0.9814937114715576,0.2,-0.008985827420838177,29.080274868011475,2319.18505859375,1000.0
2289,633,1449984,708,11.983733177185059,0.0001,0.048142604529857635,22.937152862548828,0.031426113,14701,0.20670572916666666,0.9758074283599854,0.2,0.009769489988684654,29.079809188842773,2308.8544921875,1000.0
2292,633,1452032,709,10.009224891662598,0.0001,0.048141516745090485,21.966576194763185,0.028070867,14704,0.1416015625,0.9321870803833008,0.2,-0.004859074857085944,29.079985427856446,2308.8544921875,1000.0
2294,633,1454080,710,7.872304439544678,0.0001,0.04813951626420021,19.565696035112655,0.02523773,14706,0.17940848214285715,0.9408485293388367,0.2,0.002491841558367014,29.080622809273855,2308.8544921875,1000.0
2298,633,1456128,711,6.066127777099609,0.0001,0.048138443380594254,12.26429307460785,0.020825215,14708,0.143310546875,0.9599059224128723,0.2,-0.005547771346755326,29.081316232681274,2335.361083984375,1000.0
2301,633,1458176,712,6.713404178619385,0.0001,0.048135481774806976,15.983838254755193,0.027412033,14711,0.2599431818181818,0.9397377967834473,0.2,-0.0024445774880322542,29.08180878379128,2335.361083984375,1000.0
2304,633,1460224,713,9.383874893188477,0.0001,0.04813159257173538,20.553356965382893,0.024763387,14714,0.28759765625,0.9513369798660278,0.2,-0.005083434012097617,29.08350706100464,2335.361083984375,1000.0
2306,633,1462272,714,7.105544090270996,0.0001,0.04813038185238838,15.159734044756208,0.028552325,14716,0.236328125,0.9671658277511597,0.2,0.002054296966109957,29.0842159816197,2335.361083984375,1000.0
2310,633,1464320,715,5.265758514404297,0.0001,0.048117220401763916,11.77445912361145,0.025601836,14721,0.30087890625,0.9726986885070801,0.2,-0.011140904296189547,29.08675413131714,2350.301025390625,1000.0
2313,633,1466368,716,9.409309387207031,0.0001,0.048114653676748276,18.465299224853517,0.027081128,14724,0.2255859375,0.9689146876335144,0.2,-0.005033271061256528,29.090182876586915,2350.301025390625,1000.0
2315,634,1468416,717,17.790403366088867,0.0001,0.04811429977416992,37.03096342086792,0.024363168,14726,0.206787109375,0.9518432021141052,0.2,0.005472498829476535,29.09071636199951,2350.301025390625,1000.0
2318,634,1470464,718,14.591266632080078,0.0001,0.048110272735357285,33.11201000213623,0.024057386,14731,0.27958984375,0.954264760017395,0.2,-0.01223620311357081,29.091517162322997,2350.301025390625,1000.0
2322,634,1472512,719,14.300749778747559,0.0001,0.048106614500284195,33.40347862243652,0.026583098,14736,0.2651110197368421,0.9578877687454224,0.2,-0.015601081356994416,29.093183417069284,2325.531494140625,1000.0
2325,634,1474560,720,16.07974624633789,0.0001,0.04811105504631996,35.33494548797607,0.023109157,14741,0.2197265625,0.9628405570983887,0.2,-0.014227182767353953,29.093297958374023,2325.531494140625,1000.0
2327,634,1476608,721,6.954015731811523,0.0001,0.04811190068721771,17.258746719360353,0.026112286,14745,0.18072916666666666,0.9832754731178284,0.2,-0.003924089887489875,29.091671244303384,2325.531494140625,1000.0
2330,634,1478656,722,8.004613876342773,0.0001,0.048109278082847595,17.369069031306676,0.030641243,14749,0.23869977678571427,0.9803690314292908,0.2,0.0013004718348383904,29.09206703730992,2325.531494140625,1000.0
2334,634,1480704,723,7.286092758178711,0.0001,0.04809637367725372,16.12424502372742,0.026319567,14754,0.26982421875,0.9798234105110168,0.2,-0.012082444340921938,29.094582176208498,2353.70849609375,1000.0
2337,634,1482752,724,14.309064865112305,0.0001,0.04809179529547691,32.26496410369873,0.033709496,14756,0.2412109375,0.9538614749908447,0.2,0.0037429860482613244,29.098587036132812,2353.70849609375,1000.0
2340,634,1484800,725,5.61030912399292,0.0001,0.04808850958943367,12.127415466308594,0.035247553,14758,0.2,0.9626651406288147,0.2,0.004205825086683035,29.09997673034668,2353.70849609375,1000.0
2343,634,1486848,726,6.327798843383789,0.0001,0.04808357357978821,12.146071275075277,0.0277466,14760,0.20377604166666666,0.9596923589706421,0.2,0.0008127195760607719,29.101542154947918,2353.70849609375,1000.0
2346,634,1488896,727,7.232270240783691,0.0001,0.04808121919631958,14.734902381896973,0.017602276,14761,0.20833333333333334,0.9513072967529297,0.2,0.009289246052503586,29.102989832560223,2377.522705078125,1000.0
2349,634,1490944,728,25.650163650512695,0.0001,0.048078060150146484,62.22878646850586,0.017743526,14762,0.21533203125,0.843059778213501,0.2,0.00912964716553688,29.104081630706787,2377.522705078125,1000.0
2352,634,1492992,729,25.315696716308594,0.0001,0.0480746366083622,48.866171264648436,0.032888826,14764,0.207421875,0.8816710710525513,0.2,0.007804387994110584,29.1053897857666,2377.522705078125,1000.0
2354,634,1495040,730,20.421030044555664,0.0001,0.048072170466184616,43.255357551574704,0.022159493,14769,0.2765625,0.8985238075256348,0.2,-0.010349912545643747,29.106735038757325,2377.522705078125,1000.0
2358,634,1497088,731,23.017803192138672,0.0001,0.04807078093290329,45.27425791422526,0.028876072,14773,0.26796875,0.8884381055831909,0.2,-0.013000969806065162,29.107169977823894,2383.509033203125,1000.0
2361,634,1499136,732,14.134209632873535,0.0001,0.04806525632739067,30.686065112843234,0.03634605,14778,0.24299172794117646,0.9364566802978516,0.2,-0.00751559907460914,29.108298918780157,2383.509033203125,1000.0
2364,634,1501184,733,4.878042221069336,0.0001,0.04806159436702728,9.605604807535807,0.02636271,14781,0.24397786458333334,0.9802078008651733,0.2,-0.003946899028960615,29.11048460006714,2383.509033203125,1000.0
2367,635,1503232,734,4.775440692901611,0.0001,0.048053279519081116,11.124196604678506,0.02905751,14786,0.27847450657894735,0.977374792098999,0.2,-0.01079715767532195,29.112558967188786,2383.509033203125,1000.0
2370,634,1505280,735,5.577399253845215,0.0001,0.048049941658973694,10.736581611633301,0.033851232,14788,0.199609375,0.9808507561683655,0.2,0.0018019378185272217,29.115114212036133,2382.447998046875,1000.0
2373,635,1507328,736,18.16256332397461,0.0001,0.048047587275505066,40.76287002563477,0.030732578,14790,0.1953125,0.8818447589874268,0.2,0.004269600473344326,29.116249084472656,2382.447998046875,1000.0
2376,635,1509376,737,19.094911575317383,0.0001,0.04804353415966034,39.05933094024658,0.021577923,14792,0.176513671875,0.8185945749282837,0.2,0.0002818217617459595,29.11749291419983,2382.447998046875,1000.0
2379,635,1511424,738,17.595922470092773,0.0001,0.048039477318525314,37.196813371446396,0.030234436,14795,0.14127604166666666,0.8184470534324646,0.2,-0.007603027857840061,29.119083404541016,2382.447998046875,1000.0
2382,635,1513472,739,14.534353256225586,0.0001,0.04803214967250824,31.422005913474344,0.028010568,14798,0.21999289772727273,0.8508089780807495,0.2,-0.009186346570707181,29.121065833351828,2388.007568359375,1000.0
2385,635,1515520,740,16.220422744750977,0.0001,0.04802877828478813,33.371416909354075,0.024424965,14800,0.17327008928571427,0.8781867027282715,0.2,-0.0028601721195237978,29.12327766418457,2388.007568359375,1000.0
2388,635,1517568,741,7.288758277893066,0.0001,0.04802631959319115,14.842331250508627,0.027739894,14802,0.19010416666666666,0.959794819355011,0.2,-0.0007588964266081651,29.12433433532715,2388.007568359375,1000.0
2390,635,1519616,742,6.482671737670898,0.0001,0.048022545874118805,13.909206008911132,0.027462384,14807,0.28212890625,0.9566518068313599,0.2,-0.013439938146620988,29.12574224472046,2388.007568359375,1000.0
2394,635,1521664,743,9.536481857299805,0.0001,0.04802064597606659,18.85670304298401,0.028864026,14809,0.251953125,0.9440171122550964,0.2,0.0009502119792159647,29.126805782318115,2407.747314453125,1000.0
2397,635,1523712,744,19.235675811767578,0.0001,0.048021648079156876,38.37823168436686,0.030494627,14811,0.23274739583333334,0.912663459777832,0.2,0.0006565269238005081,29.126908620198567,2407.747314453125,1000.0
2400,635,1525760,745,12.840718269348145,0.0001,0.04802282154560089,24.326485951741535,0.025335947,14813,0.19986979166666666,0.9491621255874634,0.2,0.0022926710080355406,29.126530011494953,2407.747314453125,1000.0
2402,635,1527808,746,9.005078315734863,0.0001,0.04802265390753746,17.51090278625488,0.038014308,14815,0.196875,0.9621043801307678,0.2,0.004077150207012892,29.126323699951172,2407.747314453125,1000.0
2406,635,1529856,747,11.455005645751953,0.0001,0.04801948368549347,20.834716796875,0.02601046,14817,0.20228794642857142,0.9533646106719971,0.2,0.00177558943895357,29.12680435180664,2408.480224609375,1000.0
2409,635,1531904,748,15.764331817626953,0.0001,0.048016346991062164,28.44543170928955,0.027715292,14819,0.23486328125,0.9654300808906555,0.2,-0.00036602409090846777,29.128235816955566,2408.480224609375,1000.0
2412,635,1533952,749,11.075765609741211,0.0001,0.04801596701145172,21.69498062133789,0.03548473,14821,0.1828125,0.9823137521743774,0.2,-0.0002220936119556427,29.1286979675293,2408.480224609375,1000.0
2416,635,1536000,750,8.869439125061035,0.0001,0.04801167547702789,18.215011943470348,0.028260017,14824,0.2801846590909091,0.9811893105506897,0.2,-0.0027559185612269425,29.129512786865234,2428.6826171875,1000.0
2419,635,1538048,751,8.710939407348633,0.0001,0.048008546233177185,17.99550792149135,0.024556912,14826,0.23018973214285715,0.9816259145736694,0.2,-0.0018764622509479523,29.131237847464426,2428.6826171875,1000.0
2422,635,1540096,752,46.030494689941406,0.0001,0.04800654575228691,89.1923433939616,0.032247934,14828,0.22102864583333334,0.8396923542022705,0.2,0.0013622020293648045,29.132256825764973,2428.6826171875,1000.0
2424,635,1542144,753,22.050397872924805,0.0001,0.0480039119720459,41.269287109375,0.035846706,14830,0.2015625,0.9272857904434204,0.2,-0.0019343364983797073,29.133118438720704,2428.6826171875,1000.0
2428,635,1544192,754,18.766849517822266,0.0001,0.0480034314095974,38.568538665771484,0.039586604,14832,0.226953125,0.9293830990791321,0.2,0.006561709009110928,29.133803939819337,2451.31787109375,1000.0
2432,635,1546240,755,26.37154197692871,0.0001,0.04799647629261017,55.26216741708609,0.032007467,14836,0.27493990384615385,0.9040313363075256,0.2,-0.0056885621653726464,29.134630349966194,2451.31787109375,1000.0
2434,635,1548288,756,30.608083724975586,0.0001,0.047990068793296814,65.75947647094726,0.030013401,14839,0.21796875,0.8113227486610413,0.2,0.009127969760447741,29.137673377990723,2451.31787109375,1000.0
2437,636,1550336,757,24.612016677856445,0.0001,0.04798104986548424,55.280910110473634,0.021005176,14844,0.18583984375,0.7962328791618347,0.2,-0.01571769983274862,29.1402850151062,2451.31787109375,1000.0
2441,635,1552384,758,27.724689483642578,0.0001,0.04797757789492607,64.80887870788574,0.016863324,14849,0.13857421875,0.7575079798698425,0.2,-0.012346788099966944,29.142880821228026,2429.9677734375,1000.0
2444,635,1554432,759,21.770408630371094,0.0001,0.047975972294807434,44.880635261535645,0.019694319,14854,0.17548828125,0.8627646565437317,0.2,-0.009876645682379604,29.143482398986816,2429.9677734375,1000.0
2446,636,1556480,760,9.047662734985352,0.0001,0.047975704073905945,19.424333318074545,0.029295204,14858,0.18151041666666667,0.978834331035614,0.2,-0.006215984529505173,29.144057846069337,2429.9677734375,1000.0
2449,636,1558528,761,6.992795944213867,0.0001,0.047976162284612656,16.894139099121094,0.024655716,14863,0.23349609375,0.9760670065879822,0.2,-0.011822394421324134,29.144000911712645,2429.9677734375,1000.0
2453,636,1560576,762,9.660996437072754,0.0001,0.04796992614865303,23.022391319274902,0.023673976,14868,0.27451171875,0.9683595895767212,0.2,-0.006481447105761618,29.144585132598877,2414.091064453125,1000.0
2456,636,1562624,763,18.832551956176758,0.0001,0.04796610772609711,35.914852142333984,0.026810026,14870,0.15625,0.9530490040779114,0.2,-0.004568263622266906,29.146963936941965,2414.091064453125,1000.0
2459,636,1564672,764,8.271891593933105,0.0001,0.04796203598380089,20.899065441555447,0.030517034,14873,0.20616319444444445,0.9773063659667969,0.2,0.00888544310712152,29.14863946702745,2414.091064453125,1000.0
2461,636,1566720,765,7.229880332946777,0.0001,0.0479525551199913,17.193853282928465,0.02358969,14878,0.18359375,0.9757401943206787,0.2,-0.010853157890960575,29.15087757110596,2414.091064453125,1000.0
2465,636,1568768,766,6.601949691772461,0.0001,0.04794960469007492,15.06204080581665,0.024001425,14880,0.194091796875,0.9813216328620911,0.2,-0.00022754727979190648,29.153658151626587,2426.234130859375,1000.0
2468,636,1570816,767,20.002702713012695,0.0001,0.04794904962182045,33.44394408331977,0.030439634,14883,0.1818576388888889,0.952315628528595,0.2,-0.004405120335933235,29.15440305074056,2426.234130859375,1000.0
2471,636,1572864,768,9.134331703186035,0.0001,0.04795059934258461,18.932716543024238,0.023580387,14886,0.18323863636363635,0.9611615538597107,0.2,-0.005191342820498076,29.154280229048297,2426.234130859375,1000.0
2474,636,1574912,769,8.288477897644043,0.0001,0.0479513555765152,17.985216988457573,0.0326109,14889,0.2026909722222222,0.9639499187469482,0.2,-0.002987637184560299,29.153581195407444,2426.234130859375,1000.0
2477,636,1576960,770,10.2068510055542,0.0001,0.047950878739356995,19.880998611450195,0.021278504,14891,0.2197265625,0.9579208493232727,0.2,0.0056405875366181135,29.15383505821228,2431.598388671875,1000.0
2480,636,1579008,771,18.64768409729004,0.0001,0.047951385378837585,39.823316955566405,0.036578033,14893,0.20390625,0.9287083148956299,0.2,0.007487611938267946,29.153742599487305,2431.598388671875,1000.0
2483,636,1581056,772,16.671072006225586,0.0001,0.04795268923044205,34.33708851154034,0.031597868,14897,0.21424278846153846,0.919434130191803,0.2,-0.0043285557856926555,29.15342301588792,2431.598388671875,1000.0
2486,636,1583104,773,15.59469985961914,0.0001,0.047953274101018906,33.415241432189944,0.01931797,14902,0.24111328125,0.9293293356895447,0.2,-0.013979472871869802,29.15303611755371,2431.598388671875,1000.0
2490,636,1585152,774,15.755547523498535,0.0001,0.047947660088539124,33.36477890014648,0.020967519,14907,0.23603515625,0.9324739575386047,0.2,-0.003199313604272902,29.153693675994873,2407.2373046875,1000.0
2493,636,1587200,775,14.840545654296875,0.0001,0.0479460209608078,28.752685106717625,0.03431567,14911,0.22010216346153846,0.9555160403251648,0.2,-0.004463238928180475,29.156043126032902,2407.2373046875,1000.0
2496,636,1589248,776,5.169501781463623,0.0001,0.047942593693733215,12.637857246398926,0.027357299,14916,0.246484375,0.9895345568656921,0.2,-0.0007529683934990317,29.156438064575195,2407.2373046875,1000.0
2498,636,1591296,777,5.1165947914123535,0.0001,0.04793074354529381,11.31593189239502,0.021646613,14921,0.19619140625,0.9880751967430115,0.2,-0.008695968426764011,29.15922317504883,2407.2373046875,1000.0
2502,636,1593344,778,4.910057067871094,0.0001,0.04792727530002594,11.701636266708373,0.028483136,14926,0.22421875,0.9868291616439819,0.2,-0.004309683502651751,29.163540077209472,2406.313720703125,1000.0
2505,636,1595392,779,26.43960189819336,0.0001,0.0479288250207901,47.22235870361328,0.028586239,14928,0.17545572916666666,0.9301497936248779,0.2,-0.004312165702382724,29.163435300191242,2406.313720703125,1000.0
2508,636,1597440,780,5.731616497039795,0.0001,0.04792851582169533,12.066046646663121,0.027952839,14932,0.24567522321428573,0.9830877184867859,0.2,-0.004219705039369208,29.163115773882186,2406.313720703125,1000.0
2511,636,1599488,781,5.270499229431152,0.0001,0.04792821407318115,11.254934787750244,0.029539844,14934,0.21940104166666666,0.9833277463912964,0.2,0.008440337919940552,29.163662274678547,2406.313720703125,1000.0
2514,636,1601536,782,6.016130447387695,0.0001,0.047928426414728165,11.59638432094029,0.029034235,14936,0.21512276785714285,0.9780520796775818,0.2,-0.0014404518795864923,29.16370609828404,2428.982666015625,1000.0
2517,636,1603584,783,65.59086608886719,0.0001,0.04792787879705429,124.9244867960612,0.02980304,14938,0.1953125,0.8640652298927307,0.2,0.010037741080547372,29.16385809580485,2428.982666015625,1000.0
2520,637,1605632,784,35.42756652832031,0.0001,0.04792465269565582,78.64092864990235,0.014475962,14943,0.17255859375,0.8923798203468323,0.2,-0.0025565175572410228,29.1644606590271,2428.982666015625,1000.0
2523,637,1607680,785,31.399280548095703,0.0001,0.04791690409183502,73.67107982635498,0.017126167,14948,0.1845703125,0.909702479839325,0.2,-0.00896704737097025,29.166418647766115,2428.982666015625,1000.0
2527,637,1609728,786,34.216026306152344,0.0001,0.04791327938437462,72.44665622711182,0.01776145,14953,0.1392578125,0.9212734699249268,0.2,-0.007625321642262861,29.16907730102539,2419.10302734375,1000.0
2529,637,1611776,787,23.19194984436035,0.0001,0.04791335016489029,46.70367268153599,0.025626788,14955,0.17522321428571427,0.9341258406639099,0.2,-0.004755220775093351,29.169621058872767,2419.10302734375,1000.0
2532,637,1613824,788,9.778244018554688,0.0001,0.047916479408741,22.507954239845276,0.026021618,14959,0.229736328125,0.9644261598587036,0.2,-0.002462988704792224,29.16901671886444,2419.10302734375,1000.0
2535,637,1615872,789,4.936523914337158,0.0001,0.04791668429970741,12.171905326843262,0.020663526,14964,0.25224609375,0.9839298725128174,0.2,-0.0026183231268078087,29.168255710601805,2419.10302734375,1000.0
2539,637,1617920,790,7.500141620635986,0.0001,0.04791148006916046,15.788258100810804,0.027866766,14969,0.23231907894736842,0.9762943387031555,0.2,-0.008118631440753999,29.169509486148232,2419.540771484375,1000.0
2542,637,1619968,791,18.8990535736084,0.0001,0.04790208116173744,44.03303890228271,0.015795939,14974,0.20341796875,0.9232129454612732,0.2,-0.006059284415096044,29.172512435913085,2419.540771484375,1000.0
2545,637,1622016,792,12.535738945007324,0.0001,0.047891661524772644,24.664725303649902,0.024212353,14977,0.19075520833333334,0.9570302367210388,0.2,-0.005464501756553848,29.176128069559734,2419.540771484375,1000.0
2549,637,1624064,793,14.786012649536133,0.0001,0.04788058251142502,31.30539353688558,0.029655196,14982,0.2351345486111111,0.951108455657959,0.2,-0.00910021905373368,29.180652194552952,2403.429443359375,1000.0
2551,637,1626112,794,13.415142059326172,0.0001,0.04787418246269226,29.048493480682374,0.022195937,14987,0.23994140625,0.9583857655525208,0.2,-0.013787516951560974,29.1835618019104,2403.429443359375,1000.0
2554,637,1628160,795,14.26195240020752,0.0001,0.04787179082632065,36.67723499644887,0.023087488,14990,0.1455965909090909,0.9294967651367188,0.2,-0.008255463463931599,29.185349551114168,2403.429443359375,1000.0
2557,637,1630208,796,9.670852661132812,0.0001,0.04786911979317665,21.051593399047853,0.024336634,14995,0.27021484375,0.9569542407989502,0.2,-0.00795872372109443,29.186106872558593,2403.429443359375,1000.0
2561,637,1632256,797,9.97045612335205,0.0001,0.04786846786737442,20.612272262573242,0.02680821,14997,0.197265625,0.9637905955314636,0.2,0.007173754141799041,29.18694577898298,2396.812255859375,1000.0
2563,637,1634304,798,11.652466773986816,0.0001,0.047867484390735626,22.990796279907226,0.030253103,14999,0.1296875,0.9672860503196716,0.2,-0.003585943533107638,29.187223815917967,2396.812255859375,1000.0
2566,637,1636352,799,5.372956275939941,0.0001,0.047866202890872955,11.864678001403808,0.033291906,15001,0.198046875,0.9764209985733032,0.2,0.008859971910715103,29.187677001953126,2396.812255859375,1000.0
2569,637,1638400,800,6.237672805786133,0.0001,0.04786328971385956,13.209662543402779,0.034261204,15004,0.1996527777777778,0.9701969027519226,0.2,-0.005158837160302533,29.188376744588215,2396.812255859375,1000.0
2573,637,1640448,801,6.381686210632324,0.0001,0.04785310477018356,13.356065845489502,0.02713465,15009,0.22763671875,0.97079998254776,0.2,-0.016354398638941347,29.19068603515625,2369.253173828125,1000.0
2576,637,1642496,802,16.129154205322266,0.0001,0.047851040959358215,29.147440910339355,0.03186235,15011,0.2353515625,0.9391146898269653,0.2,-0.0008486289686212937,29.193368275960285,2369.253173828125,1000.0
2578,637,1644544,803,8.15552806854248,0.0001,0.047848884016275406,17.910887718200684,0.02969994,15013,0.21842447916666666,0.9773908853530884,0.2,0.00804772942016522,29.19424851735433,2369.253173828125,1000.0
2581,637,1646592,804,8.181427001953125,0.0001,0.04784708470106125,16.902157176624645,0.028462544,15016,0.17720170454545456,0.9758905172348022,0.2,-0.005618239964612506,29.195118123834785,2369.253173828125,1000.0
2586,637,1648640,805,6.238061428070068,0.0001,0.04784440994262695,11.885786819458009,0.029310577,15019,0.2640625,0.9813470244407654,0.2,-0.0036869737319648265,29.195994186401368,2394.538330078125,1000.0
2588,637,1650688,806,23.072181701660156,0.0001,0.047843776643276215,48.5620961870466,0.031273667,15021,0.21847098214285715,0.923190712928772,0.2,0.003695884586444923,29.19671712602888,2394.538330078125,1000.0
2591,637,1652736,807,5.776381015777588,0.0001,0.04782912880182266,12.704198678334555,0.030181369,15026,0.2794053819444444,0.9643521308898926,0.2,-0.010898376116529107,29.1991425620185,2394.538330078125,1000.0
2594,637,1654784,808,6.440212249755859,0.0001,0.04782743752002716,13.071573972702026,0.015422381,15027,0.20849609375,0.96238774061203,0.2,0.009368965635076165,29.202980995178223,2394.538330078125,1000.0
2598,637,1656832,809,4.05618953704834,0.0001,0.04782656207680702,8.39002776145935,0.012172025,15028,0.16064453125,0.9809797406196594,0.2,0.013256913647637703,29.203421592712402,2419.333984375,1000.0
2601,637,1658880,810,13.195019721984863,0.0001,0.047825612127780914,29.387914385114396,0.024398863,15030,0.193359375,0.9237667918205261,0.2,-0.0006453124141054494,29.203769411359513,2419.333984375,1000.0
2604,637,1660928,811,8.270686149597168,0.0001,0.047823868691921234,18.295568466186523,0.030632745,15033,0.2298828125,0.9666690826416016,0.2,-0.0018392324447631836,29.20430545806885,2419.333984375,1000.0
2606,637,1662976,812,12.332403182983398,0.0001,0.047821760177612305,23.026764074961346,0.027052533,15036,0.16845703125,0.9382263422012329,0.2,-0.007378694562551876,29.205047130584717,2419.333984375,1000.0
2610,637,1665024,813,7.197934627532959,0.0001,0.04781891033053398,16.03562797199596,0.021967448,15039,0.17400568181818182,0.9469073414802551,0.2,0.0020187683403491974,29.205901232632723,2429.534912109375,1000.0
2613,637,1667072,814,19.94549560546875,0.0001,0.04781736806035042,38.88046569824219,0.034639657,15041,0.20234375,0.9152067303657532,0.2,0.009025856107473373,29.206896209716795,2429.534912109375,1000.0
2616,637,1669120,815,7.155182838439941,0.0001,0.04781230166554451,14.329719066619873,0.024548478,15044,0.23388671875,0.9720235466957092,0.2,-0.0023642365898316107,29.208141326904297,2429.534912109375,1000.0
2618,638,1671168,816,5.2444634437561035,0.0001,0.04780808836221695,10.472374482588334,0.02955188,15047,0.21750710227272727,0.9792301654815674,0.2,-0.009482022671198303,29.2100830078125,2429.534912109375,1000.0
2622,637,1673216,817,5.51797342300415,0.0001,0.04780648648738861,10.939796765645346,0.030467123,15049,0.2119140625,0.9803937673568726,0.2,0.0016308496706187725,29.211298942565918,2434.918212890625,1000.0
2625,638,1675264,818,13.074944496154785,0.0001,0.04780419170856476,27.01411018371582,0.03644162,15051,0.201953125,0.9503439664840698,0.2,0.0010819880291819573,29.212219619750975,2434.918212890625,1000.0
2628,638,1677312,819,6.082293510437012,0.0001,0.04780189320445061,12.35796626408895,0.034307253,15053,0.2158203125,0.9749022722244263,0.2,-0.0025367383689930043,29.21318531036377,2434.918212890625,1000.0
2631,638,1679360,820,4.2732462882995605,0.0001,0.047799210995435715,9.255262102399554,0.030440038,15055,0.23381696428571427,0.982161819934845,0.2,0.00290212085071419,29.214050020490372,2434.918212890625,1000.0
2635,638,1681408,821,5.717233180999756,0.0001,0.04779548943042755,12.074912479945592,0.028102549,15057,0.23074776785714285,0.9744951128959656,0.2,-0.0007808177532362086,29.215580804007395,2467.310546875,1000.0
2637,638,1683456,822,25.150733947753906,0.0001,0.047792598605155945,60.012572152274,0.026262315,15059,0.19559151785714285,0.8748296499252319,0.2,0.009252952478293861,29.21695818219866,2467.310546875,1000.0
2640,638,1685504,823,14.390424728393555,0.0001,0.047785546630620956,28.920320987701416,0.030745827,15063,0.2080078125,0.9179517030715942,0.2,-0.009202159097185358,29.21869993209839,2467.310546875,1000.0
2643,638,1687552,824,14.583046913146973,0.0001,0.04777766019105911,33.307115745544436,0.029831529,15068,0.25458984375,0.9151674509048462,0.2,-0.008063341677188873,29.221924114227296,2467.310546875,1000.0
2647,638,1689600,825,18.043617248535156,0.0001,0.04777620732784271,35.33593442704942,0.03007793,15073,0.2431640625,0.9147420525550842,0.2,-0.0070798644123391975,29.223791228400337,2453.744140625,1000.0
2649,638,1691648,826,37.02083206176758,0.0001,0.04777933284640312,77.8799819946289,0.025792021,15075,0.2138671875,0.8346589803695679,0.2,-0.00506326780305244,29.223357677459717,2453.744140625,1000.0
2652,638,1693696,827,19.234920501708984,0.0001,0.047782063484191895,41.361504146030974,0.026804283,15077,0.19363839285714285,0.9030637741088867,0.2,0.0009967986760394914,29.222105843680247,2453.744140625,1000.0
2655,638,1695744,828,17.569543838500977,0.0001,0.047784388065338135,39.04757925180289,0.030851655,15081,0.17938701923076922,0.9057911038398743,0.2,-0.006138733552338986,29.221096919133114,2453.744140625,1000.0
2658,638,1697792,829,18.189067840576172,0.0001,0.047784700989723206,35.56358782450358,0.029369395,15083,0.19986979166666666,0.9107480049133301,0.2,0.0038730590604245663,29.22067928314209,2467.89697265625,1000.0
2661,638,1699840,830,13.107685089111328,0.0001,0.04778403043746948,26.377433231898717,0.028452417,15085,0.20424107142857142,0.9769809246063232,0.2,-0.0026017503280724797,29.220731735229492,2467.89697265625,1000.0
2664,638,1701888,831,3.938112735748291,0.0001,0.04777955263853073,7.609133311680385,0.028441533,15087,0.20703125,0.9932100772857666,0.2,-0.0033119759588901487,29.22160039629255,2467.89697265625,1000.0
2667,638,1703936,832,3.7950825691223145,0.0001,0.047771941870450974,6.940359319959368,0.029709792,15089,0.2583705357142857,0.9941501021385193,0.2,0.008473660796880722,29.22400610787528,2467.89697265625,1000.0
2671,638,1705984,833,3.8603897094726562,0.0001,0.04776813089847565,8.89461636543274,0.01495495,15090,0.19140625,0.9917919039726257,0.2,0.007936264155432582,29.22633457183838,2471.979736328125,1000.0
2674,638,1708032,834,32.541629791259766,0.0001,0.04776449128985405,65.17663650512695,0.041299522,15092,0.208203125,0.9302937388420105,0.2,0.00979069285094738,29.227795791625976,2471.979736328125,1000.0
2677,638,1710080,835,16.32099151611328,0.0001,0.04775052145123482,36.064121055603025,0.021053635,15097,0.264453125,0.9570091366767883,0.2,-0.007820995501242578,29.23096513748169,2471.979736328125,1000.0
2680,638,1712128,836,19.830238342285156,0.0001,0.047747477889060974,41.18644142150879,0.025999922,15099,0.19921875,0.9528854489326477,0.2,0.002053252188488841,29.234431743621826,2448.012451171875,1000.0
2683,638,1714176,837,19.24301528930664,0.0001,0.047747571021318436,38.52231864929199,0.021193411,15104,0.23447265625,0.9463736414909363,0.2,-0.015140076447278262,29.235213184356688,2448.012451171875,1000.0
2686,638,1716224,838,7.5462212562561035,0.0001,0.04774614796042442,15.053623608180455,0.02719149,15106,0.21595982142857142,0.9684823751449585,0.2,-0.0054281944675104955,29.235081808907644,2448.012451171875,1000.0
2689,638,1718272,839,7.308508396148682,0.0001,0.04774441942572594,14.411584854125977,0.014971517,15107,0.19921875,0.9705300331115723,0.2,0.011451534344814718,29.235867977142334,2448.012451171875,1000.0
2692,638,1720320,840,6.234527587890625,0.0001,0.047742512077093124,11.985498428344727,0.030780347,15109,0.22109375,0.974380373954773,0.2,0.005690172966569662,29.236534118652344,2452.86865234375,1000.0
2695,638,1722368,841,9.127415657043457,0.0001,0.04774092882871628,18.227960745493572,0.030597053,15111,0.20540364583333334,0.9686912894248962,0.2,0.004165362489099304,29.2373104095459,2452.86865234375,1000.0
2698,639,1724416,842,6.989801406860352,0.0001,0.04774031788110733,14.517823791503906,0.0448462,15113,0.204296875,0.9865610599517822,0.2,0.008706058003008365,29.237724685668944,2452.86865234375,1000.0
2700,639,1726464,843,6.152376651763916,0.0001,0.04773112013936043,13.75466878073556,0.029538447,15117,0.21819196428571427,0.9818956255912781,0.2,0.00019519837639693703,29.239050320216588,2452.86865234375,1000.0
2704,639,1728512,844,5.241492748260498,0.0001,0.04771549999713898,11.46411567264133,0.033260237,15122,0.2292751736111111,0.9858736991882324,0.2,-0.0025917469368626675,29.244201236301,2451.284423828125,1000.0
2707,639,1730560,845,18.955257415771484,0.0001,0.047713279724121094,39.780804770333425,0.026145289,15124,0.17689732142857142,0.9366375207901001,0.2,-0.006650739216378757,29.24779292515346,2451.284423828125,1000.0
2710,639,1732608,846,6.093911170959473,0.0001,0.04771200567483902,12.885168248956854,0.030397141,15127,0.24272017045454544,0.8968302011489868,0.2,-0.003423069773072546,29.248442216352984,2451.284423828125,1000.0
2712,639,1734656,847,6.671253681182861,0.0001,0.047710731625556946,13.04291820526123,0.017111333,15128,0.22119140625,0.8913147449493408,0.2,0.01064413134008646,29.248909950256348,2451.284423828125,1000.0
2716,639,1736704,848,5.39292573928833,0.0001,0.04770958051085472,10.834920883178711,0.033127647,15130,0.217578125,0.9102886319160461,0.2,0.004674222506582737,29.24942092895508,2460.49951171875,1000.0
2719,639,1738752,849,24.833471298217773,0.0001,0.04770895466208458,48.435163497924805,0.014307965,15131,0.17919921875,0.8587116003036499,0.2,0.007864650338888168,29.249756336212158,2460.49951171875,1000.0
2722,639,1740800,850,9.078766822814941,0.0001,0.04770834371447563,18.573209762573242,0.03281906,15133,0.21940104166666666,0.9619424939155579,0.2,0.0021459636433670917,29.25005054473877,2460.49951171875,1000.0
2724,639,1742848,851,9.719400405883789,0.0001,0.04770722985267639,20.499703725179035,0.030977603,15135,0.22623697916666666,0.9588396549224854,0.2,-0.0014358633197844028,29.250341415405273,2460.49951171875,1000.0
2728,639,1744896,852,10.771224975585938,0.0001,0.04770572483539581,20.40191650390625,0.030524258,15137,0.183984375,0.9593703746795654,0.2,0.007979231234639884,29.250873565673828,2478.66796875,1000.0
2731,639,1746944,853,19.53916358947754,0.0001,0.04770393297076225,35.37909752982004,0.022660082,15139,0.16545758928571427,0.9548418521881104,0.2,-0.0020159038582018445,29.251570837838308,2478.66796875,1000.0
2734,639,1748992,854,5.753883361816406,0.0001,0.04770158231258392,11.52588665485382,0.02616307,15141,0.2119140625,0.9876030087471008,0.2,-0.005041281052399427,29.25236177444458,2478.66796875,1000.0
2737,639,1751040,855,3.181368589401245,0.0001,0.04769652709364891,7.070651531219482,0.026451632,15144,0.23384232954545456,0.9924092888832092,0.2,-0.004460655999454585,29.253543333573774,2478.66796875,1000.0
2742,639,1753088,856,4.387173652648926,0.0001,0.04769378527998924,9.029882192611694,0.01440502,15145,0.19189453125,0.9898875951766968,0.2,0.008740653051063418,29.255342960357666,2476.4677734375,1000.0
2744,639,1755136,857,11.409078598022461,0.0001,0.047690246254205704,22.81053924560547,0.028035013,15147,0.21623883928571427,0.9757934808731079,0.2,0.002411887515336275,29.256644657679967,2476.4677734375,1000.0
2747,639,1757184,858,6.255270957946777,0.0001,0.04768713563680649,12.489487528800964,0.02242717,15149,0.17333984375,0.985970139503479,0.2,0.0009636795148253441,29.25784659385681,2476.4677734375,1000.0
2750,639,1759232,859,6.388988018035889,0.0001,0.04768309369683266,12.817110856374105,0.02699053,15151,0.18033854166666666,0.9855275750160217,0.2,-0.001298278182124098,29.259167035420734,2476.4677734375,1000.0
2754,639,1761280,860,10.041518211364746,0.0001,0.0476776659488678,19.93634009361267,0.027054079,15153,0.236328125,0.9790641665458679,0.2,0.008975405129604042,29.261189699172974,2443.55517578125,1000.0
2756,639,1763328,861,14.367881774902344,0.0001,0.04767538979649544,25.69119562421526,0.027150815,15155,0.2109375,0.9699371457099915,0.2,0.0017957336136272975,29.262676783970424,2443.55517578125,1000.0
2759,639,1765376,862,4.351247310638428,0.0001,0.04767467826604843,9.152199904123941,0.030713465,15157,0.1953125,0.9882943630218506,0.2,0.003689430265997847,29.263240178426106,2443.55517578125,1000.0
2762,639,1767424,863,4.930023670196533,0.0001,0.04768018424510956,10.453717756271363,0.024248298,15162,0.22939453125,0.980513334274292,0.2,-0.011088352371007203,29.262923431396484,2443.55517578125,1000.0
2766,639,1769472,864,5.790846824645996,0.0001,0.0476808026432991,10.97195816040039,0.02964701,15164,0.20279947916666666,0.9816275238990784,0.2,-0.007636460630844037,29.2613426844279,2439.49267578125,1000.0
2769,639,1771520,865,16.63698387145996,0.0001,0.04768044874072075,36.68258171081543,0.03009255,15166,0.196484375,0.938087522983551,0.2,0.007155080232769251,29.261378860473634,2439.49267578125,1000.0
2771,639,1773568,866,6.156218528747559,0.0001,0.04767928645014763,13.035259914398193,0.025280293,15171,0.26328125,0.9781140089035034,0.2,-0.008690186613239347,29.26194715499878,2439.49267578125,1000.0
2774,639,1775616,867,4.822476387023926,0.0001,0.047677092254161835,10.982796116879111,0.025745371,15176,0.2788856907894737,0.9791467189788818,0.2,-0.008577757490504729,29.26252676311292,2439.49267578125,1000.0
2778,639,1777664,868,4.150401592254639,0.0001,0.04766954854130745,8.227319359779358,0.02704099,15179,0.2845052083333333,0.9848695993423462,0.2,-0.001814655455139776,29.264505704243977,2449.542236328125,1000.0
2780,639,1779712,869,13.866799354553223,0.0001,0.047665297985076904,27.591696739196777,0.027333125,15181,0.2109375,0.9556872844696045,0.2,0.0038966680876910686,29.266993204752605,2449.542236328125,1000.0
2783,640,1781760,870,5.619688510894775,0.0001,0.04765985906124115,11.880966186523438,0.029136052,15183,0.21791294642857142,0.977094829082489,0.2,0.00253315077030233,29.26890672956194,2449.542236328125,1000.0
2786,640,1783808,871,4.329981803894043,0.0001,0.04765570908784866,8.334105610847473,0.02328454,15185,0.217041015625,0.9830102920532227,0.2,0.0019175414345227182,29.27083158493042,2449.542236328125,1000.0
2790,640,1785856,872,3.24819278717041,0.0001,0.04765300452709198,6.252910273415702,0.029418088,15187,0.232421875,0.9884202480316162,0.2,-0.002500558005911963,29.272132056100027,2462.24853515625,1000.0
2792,640,1787904,873,59.344879150390625,0.0001,0.04765103757381439,117.22629038492839,0.03401696,15189,0.21061197916666666,0.7700933218002319,0.2,0.005027027917094529,29.273136774698894,2462.24853515625,1000.0
2795,640,1789952,874,33.52190017700195,0.0001,0.04764031246304512,68.16255416870118,0.021914687,15194,0.23876953125,0.8152663707733154,0.2,-0.013541973917745054,29.274958992004393,2462.24853515625,1000.0
2799,640,1792000,875,31.51322364807129,0.0001,0.04762990027666092,71.26345939636231,0.0145868305,15199,0.1822265625,0.7939882278442383,0.2,-0.010787245095707476,29.279318809509277,2428.819580078125,1000.0
2802,640,1794048,876,33.48362350463867,0.0001,0.047627780586481094,70.03673286437989,0.019246839,15204,0.17900390625,0.7883585691452026,0.2,-0.01171044169459492,29.28217296600342,2428.819580078125,1000.0
2805,640,1796096,877,17.827489852905273,0.0001,0.04761888086795807,34.45975866317749,0.021008238,15209,0.17607421875,0.9109351634979248,0.2,-0.013094117352738976,29.282942390441896,2428.819580078125,1000.0
2808,640,1798144,878,6.992854118347168,0.0001,0.047609101980924606,15.183856222364637,0.03567177,15212,0.19205729166666666,0.9626882076263428,0.2,-0.002855300592879454,29.28719499376085,2428.819580078125,1000.0
2812,640,1800192,879,4.8257598876953125,0.0001,0.04759793356060982,10.543706814448038,0.025473412,15215,0.25634765625,0.9753051996231079,0.2,0.002112854349737366,29.291412989298504,2432.13818359375,1000.0
2815,640,1802240,880,10.213408470153809,0.0001,0.04759449511766434,20.12422616141183,0.026977396,15217,0.21233258928571427,0.9478837251663208,0.2,-0.000370603719992297,29.294052941458567,2432.13818359375,1000.0
2818,640,1804288,881,6.053248405456543,0.0001,0.04759152606129646,12.53263487134661,0.029837618,15219,0.22684151785714285,0.9715641140937805,0.2,-0.0014933370985090733,29.295273099626815,2432.13818359375,1000.0
2820,640,1806336,882,6.192076683044434,0.0001,0.047587763518095016,13.672814002403847,0.03094859,15223,0.2663762019230769,0.9704521894454956,0.2,-0.0035478056838306096,29.296706419724686,2432.13818359375,1000.0
2824,640,1808384,883,6.398743629455566,0.0001,0.04758685082197189,12.80210828781128,0.016542092,15224,0.22607421875,0.9719923734664917,0.2,0.00529028894379735,29.297590732574463,2448.496337890625,1000.0
2827,640,1810432,884,17.462678909301758,0.0001,0.04758549481630325,45.69422213236491,0.025677018,15226,0.17317708333333334,0.9172259569168091,0.2,0.005445538476730387,29.29804865519206,2448.496337890625,1000.0
2830,640,1812480,885,26.088336944580078,0.0001,0.047592274844646454,52.8637414932251,0.018109731,15231,0.21513671875,0.8259592056274414,0.2,-0.011364435474388302,29.297779083251953,2448.496337890625,1000.0
2832,640,1814528,886,26.282121658325195,0.0001,0.047592319548130035,54.72354736328125,0.014885678,15236,0.21669921875,0.8163710236549377,0.2,-0.010980072431266308,29.29524345397949,2448.496337890625,1000.0
2837,640,1816576,887,20.179140090942383,0.0001,0.047583479434251785,45.996704483032225,0.018898796,15241,0.210546875,0.836497962474823,0.2,-0.005193596985191107,29.29769802093506,2423.65283203125,1000.0
2839,640,1818624,888,18.24995994567871,0.0001,0.047581445425748825,42.174641609191895,0.02241869,15246,0.216796875,0.8738173246383667,0.2,-0.012256823759526015,29.300042819976806,2423.65283203125,1000.0
2842,640,1820672,889,4.935140132904053,0.0001,0.047574564814567566,12.101873445510865,0.025689278,15251,0.22021484375,0.9743877053260803,0.2,-0.005298566143028438,29.30101442337036,2423.65283203125,1000.0
2845,640,1822720,890,4.893945693969727,0.0001,0.047570083290338516,13.474077939987183,0.018824017,15256,0.20791015625,0.9742835164070129,0.2,-0.0033853775123134254,29.30412483215332,2423.65283203125,1000.0
2849,640,1824768,891,3.496101140975952,0.0001,0.047565847635269165,9.312737560272216,0.020958118,15261,0.19912109375,0.979426383972168,0.2,-0.011577408644370735,29.305132102966308,2425.2734375,1000.0
2852,640,1826816,892,17.65538215637207,0.0001,0.047560982406139374,33.87687383379255,0.027676078,15263,0.21400669642857142,0.9359195232391357,0.2,-0.00688549194351903,29.307180949619838,2425.2734375,1000.0
2855,640,1828864,893,6.815084457397461,0.0001,0.04755331575870514,15.439506912231446,0.030486481,15267,0.27174479166666665,0.9761204719543457,0.2,-0.005853580823168158,29.309870529174805,2425.2734375,1000.0
2857,640,1830912,894,6.098516464233398,0.0001,0.047552671283483505,11.893972158432007,0.017979467,15268,0.212890625,0.9831545948982239,0.2,0.017768979305401444,29.311272144317627,2425.2734375,1000.0
2861,640,1832960,895,4.029763698577881,0.0001,0.047548986971378326,8.233632246653238,0.028445844,15270,0.21419270833333334,0.988611102104187,0.2,0.0012556987736995022,29.31199550628662,2425.392822265625,1000.0
2864,640,1835008,896,18.27217674255371,0.0001,0.047544218599796295,33.63200759887695,0.03121354,15272,0.21354166666666666,0.9494855999946594,0.2,-0.001595784289141496,29.31377124786377,2425.392822265625,1000.0
2867,640,1837056,897,7.483769416809082,0.0001,0.047529079020023346,15.589036846160889,0.02500487,15277,0.23896484375,0.9684963226318359,0.2,-0.00856294868281111,29.31754426956177,2425.392822265625,1000.0
2869,640,1839104,898,6.187106609344482,0.0001,0.04752455651760101,14.074687719345093,0.027050253,15279,0.2119140625,0.9759140610694885,0.2,0.003540875331964344,29.32146906852722,2425.392822265625,1000.0
2873,640,1841152,899,6.641213893890381,0.0001,0.04751335084438324,13.180824422836304,0.022060944,15284,0.2408203125,0.9715211391448975,0.2,-0.012406109319999813,29.324096775054933,2430.3662109375,1000.0
2876,640,1843200,900,27.87479019165039,0.0001,0.04751036688685417,48.926063537597656,0.035751365,15286,0.20390625,0.9278411269187927,0.2,0.008164635021239519,29.32739372253418,2430.3662109375,1000.0
2879,640,1845248,901,27.463884353637695,0.0001,0.0475039929151535,57.33923072814942,0.024739677,15291,0.2658203125,0.8893764019012451,0.2,-0.009438615560065955,29.329490375518798,2430.3662109375,1000.0
2881,641,1847296,902,27.149497985839844,0.0001,0.04750267416238785,59.4714693069458,0.02340775,15296,0.20791015625,0.8941159248352051,0.2,-0.012501888163387775,29.330806255340576,2430.3662109375,1000.0
2885,640,1849344,903,20.01961326599121,0.0001,0.047498974949121475,44.30117835998535,0.020262284,15301,0.2103515625,0.9217954874038696,0.2,-0.016844725789269432,29.33134241104126,2405.766845703125,1000.0
2888,640,1851392,904,31.054841995239258,0.0001,0.04749639704823494,60.20677795410156,0.026693424,15306,0.2314453125,0.9091138243675232,0.2,-0.013917596265673637,29.332881259918214,2405.766845703125,1000.0
2890,641,1853440,905,13.886808395385742,0.0001,0.04749491065740585,27.400400924682618,0.03384583,15308,0.174609375,0.9556355476379395,0.2,-0.003226648271083832,29.333604049682616,2405.766845703125,1000.0
2893,641,1855488,906,10.530010223388672,0.0001,0.04749301075935364,21.909885787963866,0.035175096,15310,0.19375,0.9619465470314026,0.2,0.004487502016127109,29.334203720092773,2405.766845703125,1000.0
2897,641,1857536,907,10.523357391357422,0.0001,0.047485820949077606,22.88238525390625,0.025006583,15312,0.20172991071428573,0.9609695672988892,0.2,0.0014056703075766563,29.335797446114675,2397.88916015625,1000.0
2900,641,1859584,908,9.090875625610352,0.0001,0.04747956246137619,17.628564453125,0.030251881,15314,0.201953125,0.9777871966362,0.2,0.006271682679653168,29.33856773376465,2397.88916015625,1000.0
2903,641,1861632,909,7.101726055145264,0.0001,0.047474443912506104,14.422255516052246,0.030107357,15316,0.16171875,0.9843449592590332,0.2,0.0003976179286837578,29.340801239013672,2397.88916015625,1000.0
2905,641,1863680,910,5.342488765716553,0.0001,0.04746239259839058,10.668241262435913,0.025645413,15319,0.21158854166666666,0.9862523674964905,0.2,-0.005361081333830953,29.344047864278156,2397.88916015625,1000.0
2909,641,1865728,911,5.084597110748291,0.0001,0.047457948327064514,10.279443979263306,0.024323834,15324,0.23076171875,0.9881250858306885,0.2,-0.01336781665449962,29.34772605895996,2396.401611328125,1000.0
2912,641,1867776,912,11.992691040039062,0.0001,0.047453805804252625,25.302786350250244,0.02317019,15326,0.17626953125,0.9685506224632263,0.2,-0.00038896617479622364,29.34878897666931,2396.401611328125,1000.0
2915,641,1869824,913,9.032833099365234,0.0001,0.04743533581495285,17.114390552043915,0.026814505,15330,0.2830810546875,0.9780676364898682,0.2,-0.008520734205376357,29.353219747543335,2396.401611328125,1000.0
2918,641,1871872,914,6.5555100440979,0.0001,0.04742274433374405,13.571099714799361,0.028137296,15333,0.23384232954545456,0.9848272800445557,0.2,-0.004516808993437074,29.359404130415484,2396.401611328125,1000.0
2922,641,1873920,915,5.5604376792907715,0.0001,0.047418080270290375,11.916060066223144,0.030333875,15335,0.192578125,0.9858346581459045,0.2,0.0007577583193778992,29.36270217895508,2376.29345703125,1000.0
2924,641,1875968,916,13.32376480102539,0.0001,0.04740409553050995,25.63153133392334,0.026527978,15340,0.30146484375,0.9232649207115173,0.2,-0.009951087401714177,29.36667604446411,2376.29345703125,1000.0
2927,641,1878016,917,3.730118989944458,0.0001,0.047397930175065994,7.657188653945923,0.023204504,15343,0.21028645833333334,0.976406991481781,0.2,0.0004781151268010338,29.370112419128418,2376.29345703125,1000.0
2931,641,1880064,918,5.003561973571777,0.0001,0.04739576578140259,10.448586463928223,0.027647436,15345,0.212646484375,0.9621579051017761,0.2,0.0004951860755681992,29.372044801712036,2379.8125,1000.0
2934,641,1882112,919,5.004497528076172,0.0001,0.0473954901099205,10.298506600516182,0.028872184,15347,0.20647321428571427,0.9648692011833191,0.2,-0.0024205573967524935,29.372366224016464,2379.8125,1000.0
2937,641,1884160,920,11.320347785949707,0.0001,0.04739519581198692,25.209197680155437,0.031363204,15349,0.20703125,0.9676353335380554,0.2,0.005537097342312336,29.372437795003254,2379.8125,1000.0
2940,641,1886208,921,7.678971767425537,0.0001,0.04738878458738327,15.41055326461792,0.029172283,15352,0.200390625,0.9784058332443237,0.2,-0.005016639968380332,29.373416328430174,2379.8125,1000.0
2944,641,1888256,922,4.122844696044922,0.0001,0.04738390073180199,8.569747183057997,0.030607348,15355,0.2730034722222222,0.9887877106666565,0.2,-0.0010783049640142256,29.37606536017524,2389.8779296875,1000.0
2947,641,1890304,923,12.377421379089355,0.0001,0.047382041811943054,26.392364501953125,0.028867565,15357,0.21744791666666666,0.9613222479820251,0.2,0.0056025256247570114,29.377304395039875,2389.8779296875,1000.0
2949,641,1892352,924,18.34467315673828,0.0001,0.04737979918718338,42.15456066131592,0.021357048,15362,0.23017578125,0.502416729927063,0.2,-0.011326464056037367,29.378393173217773,2389.8779296875,1000.0
2952,641,1894400,925,10.541692733764648,0.0001,0.04738166555762291,25.974541473388673,0.028160349,15366,0.310546875,0.5797207355499268,0.2,-0.003736452509959539,29.378161493937174,2389.8779296875,1000.0
2956,641,1896448,926,17.580402374267578,0.0001,0.04738178476691246,35.30099105834961,0.026824228,15368,0.19270833333333334,0.49200934171676636,0.2,0.0018901840473214786,29.377886454264324,2396.987060546875,1000.0
2959,641,1898496,927,14.48241901397705,0.0001,0.047381412237882614,29.988214174906414,0.028792776,15370,0.2333984375,0.8777355551719666,0.2,-0.0020203450694680214,29.378173828125,2396.987060546875,1000.0
2961,641,1900544,928,4.369488716125488,0.0001,0.04738210514187813,8.473976802825927,0.03761858,15372,0.19296875,0.9818336367607117,0.2,0.011899077892303466,29.378057098388673,2396.987060546875,1000.0
2964,641,1902592,929,5.948537349700928,0.0001,0.047382041811943054,12.500530903155987,0.035617877,15376,0.23407451923076922,0.9612445831298828,0.2,-0.005637344474402757,29.377899169921875,2396.987060546875,1000.0
2968,641,1904640,930,3.244166374206543,0.0001,0.047380272299051285,7.288245320320129,0.027010493,15380,0.2095947265625,0.9802851676940918,0.2,-0.006447685300372541,29.378186464309692,2397.14794921875,1000.0
2970,641,1906688,931,10.601184844970703,0.0001,0.047378603368997574,22.08262688773019,0.030422863,15384,0.22544642857142858,0.9473952054977417,0.2,-0.0023809456532554968,29.37898894718715,2397.14794921875,1000.0
2973,641,1908736,932,10.749101638793945,0.0001,0.04737018793821335,20.324101734161378,0.024321394,15389,0.26962890625,0.9569452404975891,0.2,-0.01402580492431298,29.380718231201172,2397.14794921875,1000.0
2976,642,1910784,933,12.097311019897461,0.0001,0.04736925661563873,25.636873245239258,0.028216623,15392,0.2037109375,0.9414080381393433,0.2,-0.0030726543162018062,29.38342628479004,2397.14794921875,1000.0
2980,641,1912832,934,10.43149471282959,0.0001,0.04736620932817459,20.756879329681396,0.024666354,15397,0.2822265625,0.9518129229545593,0.2,-0.009371121739968657,29.38333511352539,2379.2939453125,1000.0
2982,641,1914880,935,16.944133758544922,0.0001,0.04736309126019478,42.07000207901001,0.022594202,15399,0.172119140625,0.9266775250434875,0.2,-0.006747292689397,29.385143756866455,2379.2939453125,1000.0
2985,642,1916928,936,9.456809043884277,0.0001,0.04735425487160683,19.066971884833443,0.034522463,15404,0.2892795138888889,0.9463502168655396,0.2,-0.0024210483922312656,29.387475225660538,2379.2939453125,1000.0
2988,642,1918976,937,4.724165439605713,0.0001,0.04734242707490921,10.337872187296549,0.02976824,15409,0.2883029513888889,0.9660805463790894,0.2,-0.011521180936445793,29.391310903761124,2379.2939453125,1000.0
2991,642,1921024,938,4.336782455444336,0.0001,0.04734024032950401,9.079759979248047,0.030774875,15411,0.20078125,0.9697953462600708,0.2,0.010294348374009133,29.394074630737304,2417.33740234375,1000.0
2994,642,1923072,939,8.992137908935547,0.0001,0.04733714461326599,18.909492174784344,0.028090525,15413,0.1826171875,0.9696721434593201,0.2,-0.005360171664506197,29.395065943400066,2417.33740234375,1000.0
2997,642,1925120,940,4.145340442657471,0.0001,0.04733096808195114,9.317890167236328,0.027111374,15416,0.2548828125,0.9817931056022644,0.2,0.00422013895586133,29.396847343444826,2417.33740234375,1000.0
3000,642,1927168,941,4.541747093200684,0.0001,0.047328606247901917,10.03634762763977,0.017231815,15417,0.22021484375,0.9847451448440552,0.2,0.011794466525316238,29.398584365844727,2417.33740234375,1000.0
3004,642,1929216,942,6.361919403076172,0.0001,0.04732412099838257,12.933402909172905,0.03511152,15420,0.2647569444444444,0.9719030857086182,0.2,-0.0012405667350524003,29.40000491672092,2422.168701171875,1000.0
3007,642,1931264,943,7.8032660484313965,0.0001,0.04732320457696915,16.587955792744953,0.028988227,15422,0.20768229166666666,0.9543065428733826,0.2,-0.0043487781076692045,29.401058514912922,2422.168701171875,1000.0
3010,642,1933312,944,5.033867835998535,0.0001,0.047322239726781845,10.869548691643608,0.03105981,15425,0.2358940972222222,0.9547885060310364,0.2,0.0021373250314758886,29.401516808403862,2422.168701171875,1000.0
3012,642,1935360,945,4.776302337646484,0.0001,0.04732140153646469,9.71898333231608,0.028180216,15427,0.1865234375,0.9611468315124512,0.2,-0.003308205554882685,29.401936848958332,2422.168701171875,1000.0
3016,642,1937408,946,5.7586870193481445,0.0001,0.047320328652858734,11.00185489654541,0.032558918,15429,0.203515625,0.9606384634971619,0.2,0.002184360846877098,29.40241355895996,2408.47900390625,1000.0
3019,642,1939456,947,27.933895111083984,0.0001,0.04731595143675804,50.68155217170715,0.026016096,15433,0.2410888671875,0.8146566152572632,0.2,-0.006929757335456088,29.403693675994873,2408.47900390625,1000.0
3022,642,1941504,948,17.65904998779297,0.0001,0.04731554165482521,33.52873929341634,0.028578043,15435,0.1728515625,0.8780084252357483,0.2,-0.0020078818003336587,29.404774347941082,2408.47900390625,1000.0
3025,642,1943552,949,17.979541778564453,0.0001,0.04731323570013046,31.813017951117622,0.03444524,15438,0.2183159722222222,0.8805320858955383,0.2,-0.001976209589176708,29.405202017890083,2408.47900390625,1000.0
3029,642,1945600,950,16.443340301513672,0.0001,0.047310374677181244,32.426804542541504,0.030549694,15440,0.2021484375,0.862248420715332,0.2,0.0007023286695281664,29.406457265218098,2429.892578125,1000.0
3032,642,1947648,951,13.709271430969238,0.0001,0.04730433225631714,28.923404693603516,0.02886638,15443,0.2296875,0.936924934387207,0.2,-0.0028092903550714253,29.40811080932617,2429.892578125,1000.0
3034,642,1949696,952,6.56013298034668,0.0001,0.04730164259672165,13.537662506103516,0.031479683,15445,0.194140625,0.978384256362915,0.2,0.009224759507924318,29.40984764099121,2429.892578125,1000.0
3037,642,1951744,953,7.163288593292236,0.0001,0.04729991778731346,15.343804001808167,0.025943846,15447,0.20068359375,0.9709606170654297,0.2,-0.0013307471526786685,29.410888195037842,2429.892578125,1000.0
3041,642,1953792,954,3.9757556915283203,0.0001,0.04729853942990303,9.73895976417943,0.026420599,15452,0.27035361842105265,0.9796464443206787,0.2,-0.012524804351606258,29.41112628735994,2443.444580078125,1000.0
3044,642,1955840,955,10.661866188049316,0.0001,0.04729330912232399,20.936992992054332,0.027811011,15455,0.2752130681818182,0.9599627256393433,0.2,0.004970846020362594,29.41257234053178,2443.444580078125,1000.0
3047,642,1957888,956,4.039877891540527,0.0001,0.047284990549087524,8.65033254623413,0.030941967,15458,0.2771484375,0.9816896319389343,0.2,0.002875350369140506,29.4155179977417,2443.444580078125,1000.0
3049,642,1959936,957,4.510241985321045,0.0001,0.04728194698691368,10.629255294799805,0.033852547,15460,0.234375,0.9775807857513428,0.2,0.008973663486540318,29.417666244506837,2443.444580078125,1000.0
3053,642,1961984,958,6.17965841293335,0.0001,0.04727876931428909,11.69772548675537,0.03974494,15462,0.225,0.9768103957176208,0.2,0.007661931775510311,29.418892288208006,2438.732421875,1000.0
3056,642,1964032,959,8.870129585266113,0.0001,0.04727116599678993,19.281219164530437,0.03769079,15465,0.2586805555555556,0.9431992769241333,0.2,0.002271682205092576,29.42092662387424,2438.732421875,1000.0
3059,642,1966080,960,3.5212581157684326,0.0001,0.04726307839155197,7.627662032842636,0.025321234,15469,0.2808837890625,0.9796158671379089,0.2,0.0003201609797542915,29.42435324192047,2438.732421875,1000.0
3063,642,1968128,961,3.3223302364349365,0.0001,0.04726024344563484,7.6961023157293145,0.028701188,15472,0.25550426136363635,0.9757198691368103,0.2,-0.0031693910925903106,29.426103071732953,2444.26318359375,1000.0
3066,642,1970176,962,4.578407287597656,0.0001,0.047258295118808746,10.389854272206625,0.03130932,15474,0.208984375,0.9677690863609314,0.2,0.00033541178951660794,29.427346229553223,2444.26318359375,1000.0
3068,642,1972224,963,12.262090682983398,0.0001,0.04725702479481697,23.51713991165161,0.014222015,15475,0.169921875,0.9449155926704407,0.2,0.009311009547673166,29.42796516418457,2444.26318359375,1000.0
3071,642,1974272,964,5.794780254364014,0.0001,0.0472518652677536,11.595429039001464,0.027272582,15478,0.2650390625,0.9787092804908752,0.2,-0.0006949825678020715,29.42933578491211,2444.26318359375,1000.0
3075,642,1976320,965,5.2809062004089355,0.0001,0.047249916940927505,11.694095420837403,0.035334684,15480,0.20390625,0.9809521436691284,0.2,0.003168729692697525,29.43075637817383,2473.42578125,1000.0
3078,642,1978368,966,12.826810836791992,0.0001,0.04724780097603798,27.204165322440012,0.02940307,15482,0.23018973214285715,0.9336495399475098,0.2,0.0001269487464534385,29.43167495727539,2473.42578125,1000.0
3080,642,1980416,967,6.810445785522461,0.0001,0.047245267778635025,12.73104747136434,0.036594488,15484,0.24088541666666666,0.9682436585426331,0.2,0.005844992895921071,29.432414054870605,2473.42578125,1000.0
3083,642,1982464,968,5.672601699829102,0.0001,0.04723968729376793,11.078688740730286,0.02623867,15486,0.283203125,0.9728139042854309,0.2,0.001466455403715372,29.43398380279541,2473.42578125,1000.0
3087,642,1984512,969,7.333103179931641,0.0001,0.04723858833312988,14.674317741394043,0.03271623,15488,0.1890625,0.9625268578529358,0.2,0.0038189392536878584,29.435359954833984,2477.398681640625,1000.0
3090,642,1986560,970,20.768199920654297,0.0001,0.04723844677209854,45.824117024739586,0.03127212,15490,0.20149739583333334,0.8803017139434814,0.2,0.005476775656764706,29.435490290323894,2477.398681640625,1000.0
3092,642,1988608,971,11.518141746520996,0.0001,0.04723455011844635,24.0842219458686,0.02951732,15495,0.2544487847222222,0.874742865562439,0.2,-0.009678076215398809,29.436081568400066,2477.398681640625,1000.0
3095,643,1990656,972,15.654389381408691,0.0001,0.04722495377063751,30.31566505432129,0.022279687,15500,0.26708984375,0.8631601333618164,0.2,-0.010919278371147811,29.43840436935425,2477.398681640625,1000.0
3100,642,1992704,973,12.478361129760742,0.0001,0.04722152650356293,24.797438534823332,0.028381525,15503,0.2313565340909091,0.8909146785736084,0.2,-0.0011724640445953066,29.44148965315385,2468.1123046875,1000.0
3102,642,1994752,974,17.311752319335938,0.0001,0.04722021147608757,31.736281712849934,0.027501917,15507,0.270703125,0.8593332767486572,0.2,-0.0027032568119466304,29.442346064249673,2468.1123046875,1000.0
3105,642,1996800,975,6.481691360473633,0.0001,0.04721702262759209,14.597343564033508,0.02636251,15511,0.266845703125,0.9098847508430481,0.2,-0.005845229417900555,29.443103313446045,2468.1123046875,1000.0
3108,643,1998848,976,6.517063140869141,0.0001,0.04721181094646454,13.590681791305542,0.025297228,15513,0.200927734375,0.8985636830329895,0.2,0.002705773455090821,29.444671869277954,2468.1123046875,1000.0
3112,642,2000896,977,7.294086933135986,0.0001,0.04720620438456535,14.309380292892456,0.030911483,15515,0.2705078125,0.9131953120231628,0.2,0.0031198669457808137,29.447062730789185,2492.655517578125,1000.0
3114,643,2002944,978,14.056974411010742,0.0001,0.04720503091812134,29.130117893218994,0.013504254,15516,0.17724609375,0.9232483506202698,0.2,0.007443550392054021,29.448394775390625,2492.655517578125,1000.0
3117,643,2004992,979,4.628147125244141,0.0001,0.04720224812626839,9.719284193856376,0.024757529,15518,0.21763392857142858,0.9685497879981995,0.2,0.004962430867765631,29.44917815072196,2492.655517578125,1000.0
3120,643,2007040,980,3.2424895763397217,0.0001,0.04719902202486992,7.021147171656291,0.029846482,15520,0.2158203125,0.9786010384559631,0.2,-0.0004782578131804864,29.45047410329183,2492.655517578125,1000.0
3123,643,2009088,981,4.2939252853393555,0.0001,0.0471956841647625,8.104808616638184,0.03195332,15522,0.2078125,0.9754785895347595,0.2,0.007360194437205791,29.451705169677734,2495.579833984375,1000.0
3126,643,2011136,982,18.203855514526367,0.0001,0.04718750715255737,35.484279823303225,0.027665924,15527,0.273046875,0.9037972688674927,0.2,-0.009875225811265409,29.454525184631347,2495.579833984375,1000.0
3129,643,2013184,983,19.529706954956055,0.0001,0.047187019139528275,40.18181667327881,0.01898542,15532,0.2556640625,0.9061588048934937,0.2,-0.006294643017463386,29.455700397491455,2495.579833984375,1000.0
3132,643,2015232,984,16.65689468383789,0.0001,0.047189246863126755,30.841775035858156,0.02309832,15537,0.246875,0.9254816174507141,0.2,-0.01586406590649858,29.455704975128175,2495.579833984375,1000.0
3136,643,2017280,985,15.599465370178223,0.0001,0.04718498885631561,33.902284485953196,0.027951445,15541,0.2197265625,0.9224532246589661,0.2,-0.006583175455619182,29.455925396510533,2494.9501953125,1000.0
3139,643,2019328,986,11.187723159790039,0.0001,0.047182708978652954,21.788859558105468,0.031777285,15543,0.164453125,0.9533784985542297,0.2,0.003202905133366585,29.4574764251709,2494.9501953125,1000.0
3141,643,2021376,987,5.517541408538818,0.0001,0.047174371778964996,11.668016004562379,0.02064978,15548,0.2720703125,0.9765459299087524,0.2,-0.008864251826889814,29.459517097473146,2494.9501953125,1000.0
3144,643,2023424,988,6.478039264678955,0.0001,0.04717111214995384,13.571177755083356,0.025640175,15550,0.19308035714285715,0.9789431691169739,0.2,0.006274621334991285,29.462237766810826,2494.9501953125,1000.0
3148,643,2025472,989,5.724251747131348,0.0001,0.04716605320572853,12.243363857269287,0.027313527,15553,0.2255859375,0.9741411209106445,0.2,-0.009294635732658207,29.463834285736084,2484.672119140625,1000.0
3151,643,2027520,990,14.314297676086426,0.0001,0.047163546085357666,30.14109887017144,0.03048631,15556,0.20789930555555555,0.943954586982727,0.2,-0.007127200408528249,29.465491824679905,2484.672119140625,1000.0
3154,643,2029568,991,4.53239107131958,0.0001,0.04716385155916214,10.154023170471191,0.028962493,15560,0.2640380859375,0.9865291714668274,0.2,-0.0028805698384530842,29.466212272644043,2484.672119140625,1000.0
3156,643,2031616,992,5.131268501281738,0.0001,0.04716147854924202,11.877032979329426,0.02518409,15564,0.22916666666666666,0.9811391830444336,0.2,-0.008775804742860297,29.466015497843426,2484.672119140625,1000.0
3160,643,2033664,993,6.4620466232299805,0.0001,0.047154102474451065,12.667697323693169,0.027621806,15569,0.2902560763888889,0.9796252846717834,0.2,-0.01279187983729773,29.468094613817,2490.854736328125,1000.0
3163,643,2035712,994,21.76233673095703,0.0001,0.04715203493833542,47.410801569620766,0.035226036,15571,0.2216796875,0.9214896559715271,0.2,0.0076792621208975715,29.469991366068523,2490.854736328125,1000.0
3166,643,2037760,995,10.90510368347168,0.0001,0.04714726284146309,23.26066525777181,0.026586875,15574,0.19303385416666666,0.9543294310569763,0.2,-0.002079345635138452,29.47114356358846,2490.854736328125,1000.0
3169,643,2039808,996,12.978062629699707,0.0001,0.04714227095246315,25.754567503929138,0.028926687,15578,0.26611328125,0.9450169205665588,0.2,-0.008369028917513788,29.473369121551514,2490.854736328125,1000.0
3172,643,2041856,997,14.078902244567871,0.0001,0.0471382774412632,26.179110527038574,0.023072693,15583,0.25751953125,0.9419830441474915,0.2,-0.015994447213597596,29.474739456176756,2482.430419921875,1000.0
3175,643,2043904,998,42.754913330078125,0.0001,0.04713217169046402,86.22760124206543,0.025590602,15588,0.25625,0.6615561246871948,0.2,-0.010116548696532845,29.476974487304688,2482.430419921875,1000.0
3178,643,2045952,999,21.370338439941406,0.0001,0.047129176557064056,49.05514907836914,0.02278425,15590,0.15764508928571427,0.4520353674888611,0.2,-0.005648057109543255,29.478746686662948,2482.430419921875,1000.0
3182,643,2048000,1000,23.353734970092773,0.0001,0.04712406173348427,46.80877794538225,0.028207434,15592,0.20368303571428573,0.40765416622161865,0.2,0.0013847257276730879,29.48027311052595,2469.44384765625,1000.0
3184,643,2050048,1001,26.199506759643555,0.0001,0.04711918160319328,53.630097129128195,0.027947625,15595,0.2762784090909091,0.32648468017578125,0.2,-0.002111912493339994,29.482510826804422,2469.44384765625,1000.0
3187,643,2052096,1002,11.724261283874512,0.0001,0.04711473360657692,26.25829681983361,0.031535625,15599,0.22956730769230768,0.9419485330581665,0.2,3.926921635866165e-06,29.484170473538914,2469.44384765625,1000.0
3190,643,2054144,1003,4.394271373748779,0.0001,0.04711291566491127,8.896133967808314,0.028696856,15601,0.23856026785714285,0.9808367490768433,0.2,0.0017627674554075514,29.485456739153182,2469.44384765625,1000.0
3194,643,2056192,1004,3.6032347679138184,0.0001,0.04711074009537697,7.875634829203288,0.025243476,15603,0.1865234375,0.9828276634216309,0.2,-0.00027039336661497754,29.48603916168213,2472.5556640625,1000.0
3197,643,2058240,1005,8.780573844909668,0.0001,0.047108087688684464,17.492541122436524,0.030339148,15605,0.178515625,0.9623464941978455,0.2,0.002519721444696188,29.487147521972656,2472.5556640625,1000.0
3200,643,2060288,1006,16.609634399414062,0.0001,0.04710489511489868,32.565324783325195,0.023971003,15607,0.187744140625,0.9288312196731567,0.2,-0.0010000948386732489,29.488352060317993,2472.5556640625,1000.0
3202,643,2062336,1007,14.767716407775879,0.0001,0.047102686017751694,30.98576409476144,0.02766204,15609,0.19084821428571427,0.9289407730102539,0.2,-0.0011710648291877338,29.489358357020787,2472.5556640625,1000.0
3207,643,2064384,1008,18.659059524536133,0.0001,0.04710104689002037,37.29860632760184,0.028753748,15611,0.20954241071428573,0.9172555804252625,0.2,0.0031102990864643027,29.490104130336217,2478.78271484375,1000.0
3209,643,2066432,1009,21.387542724609375,0.0001,0.04709981009364128,41.924360275268555,0.028420508,15614,0.2666015625,0.9057661294937134,0.2,-0.0008128560924281677,29.49066464106242,2478.78271484375,1000.0
3212,643,2068480,1010,5.623636245727539,0.0001,0.047099724411964417,13.008262395858765,0.023670416,15616,0.17724609375,0.9839415550231934,0.2,0.0017863574321381748,29.490776777267456,2478.78271484375,1000.0
3215,643,2070528,1011,2.821415424346924,0.0001,0.04709658399224281,7.543746972084046,0.02472469,15621,0.21240234375,0.9853518009185791,0.2,-0.015392079576849937,29.49122667312622,2478.78271484375,1000.0
3219,643,2072576,1012,2.5570497512817383,0.0001,0.047093961387872696,7.412086939811706,0.020963082,15626,0.197265625,0.9870966076850891,0.2,-0.01188248076941818,29.4924729347229,2471.178466796875,1000.0
3221,643,2074624,1013,13.330085754394531,0.0001,0.04709334671497345,30.378258228302002,0.024320524,15628,0.19482421875,0.9279841780662537,0.2,-0.003617934067733586,29.493300676345825,2471.178466796875,1000.0
3224,643,2076672,1014,4.5230631828308105,0.0001,0.047093722969293594,9.64143772125244,0.0313398,15630,0.176171875,0.9797325134277344,0.2,0.001075784396380186,29.49320297241211,2471.178466796875,1000.0
3227,644,2078720,1015,4.621395111083984,0.0001,0.047092512249946594,9.596577099391393,0.026860917,15632,0.19280133928571427,0.978209376335144,0.2,-0.002276753374774541,29.49349566868373,2471.178466796875,1000.0
3231,643,2080768,1016,8.052300453186035,0.0001,0.04709248244762421,15.933473141988118,0.028988218,15636,0.295703125,0.9644893407821655,0.2,-0.0025024406611919405,29.493723932902018,2462.6533203125,1000.0
3233,644,2082816,1017,16.731544494628906,0.0001,0.04709288105368614,37.57704782485962,0.024767574,15638,0.201171875,0.90696781873703,0.2,-0.0019970337743870914,29.493655920028687,2462.6533203125,1000.0
3236,644,2084864,1018,5.06606388092041,0.0001,0.04708864912390709,12.24627981185913,0.022124447,15643,0.2318359375,0.9663699865341187,0.2,-0.009130867256317288,29.49433288574219,2462.6533203125,1000.0
3238,644,2086912,1019,7.201874732971191,0.0001,0.04708755761384964,15.00786247253418,0.03307333,15645,0.208984375,0.9448004364967346,0.2,0.004000506736338139,29.495688247680665,2462.6533203125,1000.0
3242,644,2088960,1020,7.633810997009277,0.0001,0.04708383232355118,15.215457842900204,0.037466075,15649,0.2946213942307692,0.9495829343795776,0.2,-0.006841274372373636,29.496666981623722,2475.55322265625,1000.0
3245,644,2091008,1021,18.223690032958984,0.0001,0.047079525887966156,35.52757692337036,0.026894685,15652,0.2490234375,0.9234963655471802,0.2,-0.002110894323171427,29.498305161794026,2475.55322265625,1000.0
3247,644,2093056,1022,3.279621124267578,0.0001,0.047069087624549866,9.271650099754334,0.028096601,15657,0.30048828125,0.9886343479156494,0.2,-0.0063629375654272735,29.500974559783934,2475.55322265625,1000.0
3250,644,2095104,1023,5.1281914710998535,0.0001,0.04706737399101257,10.500617218017577,0.030519996,15659,0.19765625,0.986311674118042,0.2,0.006602085009217262,29.50359992980957,2475.55322265625,1000.0
3254,644,2097152,1024,5.802438259124756,0.0001,0.047066494822502136,12.137142300605774,0.030501023,15661,0.251708984375,0.9835305213928223,0.2,-0.005660696071572602,29.504177808761597,2476.135986328125,1000.0
3256,644,2099200,1025,18.90535545349121,0.0001,0.04706628620624542,48.59803295135498,0.023182347,15663,0.194091796875,0.9054754972457886,0.2,0.003481081686913967,29.504584550857544,2476.135986328125,1000.0
3259,644,2101248,1026,15.786343574523926,0.0001,0.04706935957074165,31.027998638153075,0.019922635,15668,0.234765625,0.8682882785797119,0.2,-0.014218778512440623,29.504076099395753,2476.135986328125,1000.0
3262,644,2103296,1027,17.250343322753906,0.0001,0.04706822708249092,39.1952158610026,0.03000563,15670,0.193359375,0.8269799947738647,0.2,0.0003932287412074705,29.503524780273438,2476.135986328125,1000.0
3266,644,2105344,1028,17.697093963623047,0.0001,0.04706643894314766,38.15664630466037,0.0307062,15673,0.1935763888888889,0.8539713621139526,0.2,-0.004837273620069027,29.504245122273762,2460.197265625,1000.0
3269,644,2107392,1029,15.435564041137695,0.0001,0.04706551134586334,34.10391082763672,0.022615463,15678,0.2375,0.8409273624420166,0.2,-0.013681421638466418,29.50464563369751,2460.197265625,1000.0
3272,644,2109440,1030,2.831453800201416,0.0001,0.0470636785030365,6.076440095901489,0.022831593,15681,0.18815104166666666,0.9666049480438232,0.2,-0.0036129203314582505,29.505141735076904,2460.197265625,1000.0
3274,644,2111488,1031,2.4243276119232178,0.0001,0.04705902189016342,4.824211467396129,0.028554967,15684,0.22247869318181818,0.971953272819519,0.2,-0.003931367473507469,29.50644441084428,2460.197265625,1000.0
3278,644,2113536,1032,2.072174549102783,0.0001,0.04704970121383667,4.644222100575765,0.028944734,15687,0.26220703125,0.9709991216659546,0.2,-0.002335047310528656,29.50884246826172,2474.001708984375,1000.0
3281,644,2115584,1033,10.363971710205078,0.0001,0.04704349860548973,19.920589447021484,0.022882447,15689,0.19447544642857142,0.932112991809845,0.2,0.00031676702201366425,29.512147903442383,2474.001708984375,1000.0
3283,644,2117632,1034,4.852880477905273,0.0001,0.04703977704048157,11.078335762023926,0.02622586,15691,0.17154947916666666,0.9700984954833984,0.2,0.004882275980586807,29.51400661468506,2474.001708984375,1000.0
3286,644,2119680,1035,6.013849258422852,0.0001,0.047031503170728683,13.17244839668274,0.028385503,15694,0.240234375,0.9573176503181458,0.2,-0.010206609033048153,29.51623010635376,2474.001708984375,1000.0
3290,644,2121728,1036,7.307345867156982,0.0001,0.04702311009168625,13.580525138161399,0.027210126,15697,0.24627130681818182,0.9547454118728638,0.2,-0.005860298575664108,29.519403977827594,2478.6728515625,1000.0
3293,644,2123776,1037,13.31883430480957,0.0001,0.047019701451063156,28.022833188374836,0.032113392,15699,0.20735677083333334,0.9432423114776611,0.2,0.004814946674741805,29.52175998687744,2478.6728515625,1000.0
3295,644,2125824,1038,4.5790300369262695,0.0001,0.04701382666826248,10.848323140825544,0.026807956,15701,0.18973214285714285,0.9786561727523804,0.2,-0.005402543715068272,29.523371832711355,2478.6728515625,1000.0
3298,645,2127872,1039,4.802475452423096,0.0001,0.04700900614261627,9.604306062062582,0.029524304,15703,0.22884114583333334,0.9820592403411865,0.2,-0.0013442068981627624,29.525664965311687,2478.6728515625,1000.0
3302,644,2129920,1040,4.360522747039795,0.0001,0.04700397327542305,9.00173838933309,0.032981724,15705,0.22688802083333334,0.9823843240737915,0.2,0.0046116063216080265,29.52757676442464,2477.831787109375,1000.0
3305,645,2131968,1041,24.64817237854004,0.0001,0.047001007944345474,44.49387804667155,0.028412644,15707,0.18359375,0.9026617407798767,0.2,0.007365521586810549,29.529181162516277,2477.831787109375,1000.0
3307,645,2134016,1042,4.577129364013672,0.0001,0.047002892941236496,8.921528475625175,0.028900558,15709,0.23381696428571427,0.976123034954071,0.2,0.00010584650694259576,29.52952766418457,2477.831787109375,1000.0
3312,644,2136064,1043,5.242489814758301,0.0001,0.04700202867388725,10.338127953665596,0.027687684,15711,0.20535714285714285,0.9738149642944336,0.2,-0.0006193651684692927,29.52906118120466,2490.781494140625,1000.0
3315,644,2138112,1044,5.149202823638916,0.0001,0.04699673876166344,10.691609001159668,0.026021099,15716,0.2947265625,0.9719261527061462,0.2,-0.009058999503031373,29.53095712661743,2490.781494140625,1000.0
3317,645,2140160,1045,13.873917579650879,0.0001,0.04699717089533806,29.974845341273717,0.029809713,15718,0.23577008928571427,0.9208400249481201,0.2,0.010538926215044089,29.531476157052175,2490.781494140625,1000.0
3320,645,2142208,1046,3.8439977169036865,0.0001,0.04699607193470001,7.940074443817139,0.029111946,15723,0.24547697368421054,0.9793128967285156,0.2,-0.0130910917038196,29.531435916298314,2490.781494140625,1000.0
3324,644,2144256,1047,7.2014594078063965,0.0001,0.04699556529521942,12.350767135620117,0.012416866,15724,0.1630859375,0.96970534324646,0.2,0.007359035545960069,29.531888961791992,2504.7099609375,1000.0
3327,645,2146304,1048,13.482891082763672,0.0001,0.04699491709470749,24.87513847351074,0.033837214,15726,0.2015625,0.9388535022735596,0.2,0.005104690417647361,29.532075500488283,2504.7099609375,1000.0
3330,645,2148352,1049,5.886540412902832,0.0001,0.046994760632514954,11.724850082397461,0.034101736,15728,0.20234375,0.979589581489563,0.2,0.003211257653310895,29.532228088378908,2504.7099609375,1000.0
3333,645,2150400,1050,7.220658302307129,0.0001,0.046994004398584366,14.25823279789516,0.030067956,15730,0.20703125,0.9775612354278564,0.2,0.00010566885716148786,29.532322474888392,2504.7099609375,1000.0
3336,645,2152448,1051,6.754764080047607,0.0001,0.046991847455501556,12.34136168162028,0.031253308,15732,0.21842447916666666,0.978933572769165,0.2,-0.005545897486930092,29.532910982767742,2509.06396484375,1000.0
3339,645,2154496,1052,12.951872825622559,0.0001,0.046983975917100906,31.311294174194337,0.026601903,15736,0.24856770833333333,0.9462358355522156,0.2,-0.0020706243192156154,29.53473777770996,2509.06396484375,1000.0
3342,645,2156544,1053,3.5053980350494385,0.0001,0.0469810925424099,7.658019542694092,0.029380705,15738,0.20638020833333334,0.9904210567474365,0.2,0.00599397299811244,29.536966959635418,2509.06396484375,1000.0
3345,645,2158592,1054,4.923274993896484,0.0001,0.04697926342487335,9.549352407455444,0.026898015,15740,0.2060546875,0.9863994717597961,0.2,-0.001809079956728965,29.53796672821045,2509.06396484375,1000.0
3349,645,2160640,1055,3.827519655227661,0.0001,0.04697367548942566,7.928035855293274,0.026292877,15743,0.23372395833333334,0.9865878224372864,0.2,2.1693917612234753e-05,29.53933095932007,2520.047607421875,1000.0
3351,645,2162688,1056,24.660661697387695,0.0001,0.04697095602750778,53.3516419728597,0.030471629,15745,0.1943359375,0.9007139205932617,0.2,0.006426539349680145,29.54118283589681,2520.047607421875,1000.0
3354,645,2164736,1057,19.75375747680664,0.0001,0.046965230256319046,43.25652095249721,0.029731236,15749,0.14606584821428573,0.8417030572891235,0.2,-0.00047502207702824047,29.54282215663365,2520.047607421875,1000.0
3357,645,2166784,1058,18.174070358276367,0.0001,0.046962909400463104,39.090281867980956,0.025784617,15754,0.26240234375,0.8594347238540649,0.2,-0.010839679907076061,29.544866371154786,2520.047607421875,1000.0
3361,645,2168832,1059,17.73711585998535,0.0001,0.04696263372898102,38.817154502868654,0.02080771,15759,0.2578125,0.8597598671913147,0.2,-0.014502780977636576,29.545201778411865,2513.01708984375,1000.0
3363,645,2170880,1060,21.45705795288086,0.0001,0.04696153104305267,43.707656669616696,0.024637684,15764,0.25908203125,0.838537871837616,0.2,-0.0047552578151226045,29.54588966369629,2513.01708984375,1000.0
3366,645,2172928,1061,2.719162940979004,0.0001,0.04695107787847519,6.570138382911682,0.024267323,15769,0.241796875,0.9773273468017578,0.2,-0.012267388100735844,29.54719944000244,2513.01708984375,1000.0
3369,645,2174976,1062,5.10697603225708,0.0001,0.04694325104355812,11.24409574620864,0.03269787,15774,0.28825827205882354,0.9601972103118896,0.2,-0.006278366179150694,29.55143446080825,2513.01708984375,1000.0
3374,645,2177024,1063,3.663454532623291,0.0001,0.046938154846429825,7.926457405090332,0.029092737,15777,0.2029296875,0.9667584300041199,0.2,0.00037494224961847066,29.553532791137695,2517.6298828125,1000.0
3376,645,2179072,1064,13.965031623840332,0.0001,0.04693573713302612,34.11450119018555,0.031996924,15779,0.1828125,0.8700476288795471,0.2,0.00759037472307682,29.555407333374024,2517.6298828125,1000.0
3379,645,2181120,1065,6.53778600692749,0.0001,0.04693324863910675,13.23098701900906,0.030536696,15782,0.2072482638888889,0.9433929920196533,0.2,-0.00457972733096944,29.55645815531413,2517.6298828125,1000.0
3382,645,2183168,1066,8.840373992919922,0.0001,0.046930283308029175,17.127731164296467,0.029037677,15784,0.19498697916666666,0.9235188364982605,0.2,0.002443418838083744,29.557297388712566,2517.6298828125,1000.0
3385,645,2185216,1067,5.526673793792725,0.0001,0.04692276567220688,10.968552725655693,0.02723798,15786,0.22823660714285715,0.9526679515838623,0.2,0.0011195680126547813,29.559252330235072,2526.261962890625,1000.0
3388,645,2187264,1068,17.6003360748291,0.0001,0.04691941291093826,35.08495044708252,0.0135397855,15787,0.1787109375,0.8580687046051025,0.2,0.0010225129080936313,29.561477661132812,2526.261962890625,1000.0
3391,645,2189312,1069,5.929293155670166,0.0001,0.0469156876206398,12.012063298906599,0.02809058,15789,0.20284598214285715,0.9688116312026978,0.2,0.011369796469807625,29.562793731689453,2526.261962890625,1000.0
3393,645,2191360,1070,4.178064823150635,0.0001,0.046904921531677246,10.086320829391479,0.02441111,15794,0.19794921875,0.9703485369682312,0.2,-0.01236913544125855,29.565058326721193,2526.261962890625,1000.0
3397,645,2193408,1071,3.963031768798828,0.0001,0.04689539596438408,8.808530555051917,0.03062484,15799,0.19864430147058823,0.9703460931777954,0.2,-0.0048828612026922845,29.569098304299747,2532.042236328125,1000.0
3400,645,2195456,1072,16.3680362701416,0.0001,0.04689640551805496,29.615554904937746,0.025149245,15804,0.19970703125,0.9270066022872925,0.2,-0.0034172338782809675,29.572018337249755,2532.042236328125,1000.0
3403,645,2197504,1073,7.30136775970459,0.0001,0.046892937272787094,17.297746005811188,0.025001353,15809,0.2661389802631579,0.9620225429534912,0.2,-0.012104290807129521,29.571201525236432,2532.042236328125,1000.0
3405,645,2199552,1074,7.903994083404541,0.0001,0.04689053073525429,15.62902476570823,0.027907481,15812,0.26313920454545453,0.9661807417869568,0.2,0.0010551668872887437,29.573255365545098,2532.042236328125,1000.0
3409,645,2201600,1075,6.067496299743652,0.0001,0.046887271106243134,12.233381271362305,0.032118246,15815,0.20833333333333334,0.9753862619400024,0.2,-0.002986166833175553,29.57420603434245,2521.413818359375,1000.0
3412,645,2203648,1076,16.31473159790039,0.0001,0.04688461869955063,39.11194610595703,0.031076413,15817,0.21354166666666666,0.8566635251045227,0.2,0.004328050495435794,29.575557072957356,2521.413818359375,1000.0
3414,645,2205696,1077,4.923532485961914,0.0001,0.04688046872615814,10.436334466934204,0.026829256,15822,0.26494140625,0.9156796932220459,0.2,-0.012417539884336293,29.57708396911621,2521.413818359375,1000.0
3417,646,2207744,1078,6.798953056335449,0.0001,0.04687896743416786,14.174855709075928,0.025825419,15824,0.17447916666666666,0.8894665241241455,0.2,-0.003499897507329782,29.577845573425293,2521.413818359375,1000.0
3421,645,2209792,1079,8.178608894348145,0.0001,0.04687827080488205,15.647499322891235,0.01435133,15825,0.1767578125,0.8789699077606201,0.2,0.0050355130806565285,29.578421115875244,2537.982177734375,1000.0
3423,646,2211840,1080,17.13504981994629,0.0001,0.0468776673078537,33.498459339141846,0.0121446075,15826,0.158203125,0.951198160648346,0.2,0.00790215702727437,29.578664779663086,2537.982177734375,1000.0
3426,646,2213888,1081,5.192921161651611,0.0001,0.0468762144446373,11.832783460617065,0.026700553,15828,0.214599609375,0.9827970266342163,0.2,0.00613601240911521,29.579105854034424,2537.982177734375,1000.0
3428,646,2215936,1082,3.3210694789886475,0.0001,0.04687414690852165,7.092613870447332,0.0244407,15831,0.14240056818181818,0.9890270233154297,0.2,-0.005361794917420907,29.579789941961113,2537.982177734375,1000.0
3432,646,2217984,1083,3.912050485610962,0.0001,0.04687867686152458,8.988898134231567,0.026122306,15836,0.26884765625,0.9830883741378784,0.2,-0.012221393448999151,29.57994203567505,2522.502685546875,1000.0
3435,646,2220032,1084,25.753198623657227,0.0001,0.04688084125518799,42.68930459022522,0.023039825,15838,0.180908203125,0.8309054374694824,0.2,-0.001816259667975828,29.578473806381226,2522.502685546875,1000.0
3438,646,2222080,1085,7.932476043701172,0.0001,0.046883080154657364,14.723677015304565,0.018123768,15843,0.2166015625,0.9194920063018799,0.2,-0.012469139997847378,29.57780590057373,2522.502685546875,1000.0
3441,646,2224128,1086,7.357194900512695,0.0001,0.04688207805156708,14.720616885593959,0.026571648,15845,0.24553571428571427,0.9178248643875122,0.2,-4.560001460569245e-05,29.57735824584961,2532.168212890625,1000.0
3444,646,2226176,1087,5.516785144805908,0.0001,0.04687991738319397,11.491310715675354,0.023526153,15847,0.23583984375,0.9457530975341797,0.2,0.0011149552301503718,29.57812213897705,2532.168212890625,1000.0
3447,646,2228224,1088,6.745439052581787,0.0001,0.046878356486558914,15.35575246810913,0.03277023,15849,0.21549479166666666,0.9724645018577576,0.2,0.002742720302194357,29.578836758931477,2532.168212890625,1000.0
3449,646,2230272,1089,3.8563363552093506,0.0001,0.046874016523361206,8.381531874338785,0.022582065,15852,0.16650390625,0.984477162361145,0.2,-0.0055289702528777225,29.57984495162964,2532.168212890625,1000.0
3453,646,2232320,1090,4.061179161071777,0.0001,0.0468713641166687,8.723194122314453,0.030600488,15855,0.2328125,0.9841074347496033,0.2,-0.00679293586872518,29.581539916992188,2515.180419921875,1000.0
3456,646,2234368,1091,13.987401962280273,0.0001,0.04687156900763512,27.660936673482258,0.025466792,15857,0.1669921875,0.9549649357795715,0.2,0.0037696529179811478,29.581950187683105,2515.180419921875,1000.0
3459,646,2236416,1092,4.06963586807251,0.0001,0.046869877725839615,11.52083580493927,0.017780952,15862,0.21328125,0.9912905097007751,0.2,-0.006782534823287278,29.582011795043947,2515.180419921875,1000.0
3462,646,2238464,1093,3.541804552078247,0.0001,0.04684710130095482,8.018259143829345,0.022155581,15867,0.25,0.9908458590507507,0.2,-0.01166428967844695,29.586178874969484,2515.180419921875,1000.0
3466,646,2240512,1094,4.346932888031006,0.0001,0.04684024676680565,10.7428986231486,0.035190947,15869,0.2236328125,0.9869676828384399,0.2,0.005084916716441512,29.593056678771973,2527.482421875,1000.0
3468,646,2242560,1095,14.76073932647705,0.0001,0.04683439061045647,30.843025398254394,0.025748603,15874,0.2853515625,0.9494032263755798,0.2,-0.012024284224025905,29.596154975891114,2527.482421875,1000.0
3471,646,2244608,1096,16.86309242248535,0.0001,0.04683379456400871,31.95962766011556,0.028974624,15878,0.28671875,0.8959240317344666,0.2,-0.00013633907462159793,29.597023646036785,2527.482421875,1000.0
3474,646,2246656,1097,13.712545394897461,0.0001,0.046837132424116135,29.19202117919922,0.01788453,15883,0.271484375,0.9074050784111023,0.2,-0.005767857283353805,29.59693670272827,2527.482421875,1000.0
3478,646,2248704,1098,18.079954147338867,0.0001,0.04684111848473549,37.367771816253665,0.019870702,15888,0.2662109375,0.8894327878952026,0.2,-0.006962200766429305,29.59518508911133,2514.896728515625,1000.0
3481,646,2250752,1099,19.391523361206055,0.0001,0.046845972537994385,38.701398086547854,0.023378856,15893,0.2314453125,0.9176146984100342,0.2,-0.015516348660457879,29.593650341033936,2514.896728515625,1000.0
3483,646,2252800,1100,10.160869598388672,0.0001,0.0468483492732048,22.171705072576348,0.029889703,15896,0.19158380681818182,0.9708335399627686,0.2,-0.006603446619754488,29.592208168723367,2514.896728515625,1000.0
3486,646,2254848,1101,10.009928703308105,0.0001,0.04684511572122574,20.321617317199706,0.021508396,15901,0.25068359375,0.9706159234046936,0.2,-0.006695243634749204,29.591969680786132,2514.896728515625,1000.0
3490,646,2256896,1102,9.13940143585205,0.0001,0.046843018382787704,18.0256536271837,0.02740287,15906,0.2935112847222222,0.9723769426345825,0.2,-0.006484318421118789,29.59345965915256,2516.206298828125,1000.0
3493,646,2258944,1103,13.74200439453125,0.0001,0.04684316739439964,27.401881790161134,0.034310117,15908,0.1984375,0.955328643321991,0.2,0.0037103965878486633,29.593742752075194,2516.206298828125,1000.0
3496,646,2260992,1104,4.071751117706299,0.0001,0.046843480318784714,8.985568857192993,0.027626183,15913,0.24111328125,0.97613525390625,0.2,-0.008543706452473997,29.593747997283934,2516.206298828125,1000.0
3499,646,2263040,1105,4.0060319900512695,0.0001,0.04684135690331459,9.26974265575409,0.027618822,15918,0.274609375,0.9744366407394409,0.2,-0.012152646854519843,29.594304370880128,2516.206298828125,1000.0
3503,646,2265088,1106,3.408748149871826,0.0001,0.04682840406894684,7.4885690927505495,0.023389138,15923,0.29453125,0.9802258610725403,0.2,-0.007373478438239545,29.59721794128418,2498.73583984375,1000.0
3505,646,2267136,1107,11.776318550109863,0.0001,0.04682540148496628,26.253284999302455,0.027485037,15925,0.21205357142857142,0.9491184949874878,0.2,0.005241942991103444,29.60067503792899,2498.73583984375,1000.0
3508,646,2269184,1108,9.684534072875977,0.0001,0.046818628907203674,18.59682100469416,0.026626885,15928,0.17400568181818182,0.9607610702514648,0.2,-0.005480026021938433,29.60219972783869,2498.73583984375,1000.0
3511,646,2271232,1109,5.314779281616211,0.0001,0.046809300780296326,10.528990225358443,0.02827288,15931,0.2547940340909091,0.9775139689445496,0.2,-0.010170918381349607,29.60550880432129,2498.73583984375,1000.0
3515,646,2273280,1110,5.493611812591553,0.0001,0.046805381774902344,11.279302279154459,0.03171605,15933,0.21451822916666666,0.9755061864852905,0.2,-0.001290898925314347,29.608267784118652,2496.7412109375,1000.0
3517,646,2275328,1111,10.57248306274414,0.0001,0.04680235683917999,19.311184883117676,0.031823985,15935,0.22428385416666666,0.9774645566940308,0.2,0.001214718872991701,29.60973008473714,2496.7412109375,1000.0
3520,646,2277376,1112,5.107790946960449,0.0001,0.04680159315466881,12.304082783785733,0.028367586,15938,0.2627840909090909,0.9893025755882263,0.2,-0.0010324351658875291,29.61067771911621,2496.7412109375,1000.0
3523,646,2279424,1113,4.003596782684326,0.0001,0.04680483043193817,8.174534267849392,0.027104836,15943,0.2676866319444444,0.9917539954185486,0.2,-0.0046673026453289725,29.610217624240452,2496.7412109375,1000.0
3527,646,2281472,1114,4.755824565887451,0.0001,0.04680531471967697,9.876811027526855,0.031378146,15945,0.183203125,0.9905315637588501,0.2,0.01050671497359872,29.609516906738282,2489.6416015625,1000.0
3530,646,2283520,1115,10.782529830932617,0.0001,0.04680263623595238,27.271676699320476,0.032766894,15947,0.2099609375,0.9500795006752014,0.2,0.0031481202070911727,29.609970410664875,2489.6416015625,1000.0
3533,646,2285568,1116,3.232053518295288,0.0001,0.04678712785243988,8.877789902687073,0.024439955,15952,0.25986328125,0.9719727039337158,0.2,-0.012090470356633886,29.61302242279053,2489.6416015625,1000.0
3535,646,2287616,1117,6.082494258880615,0.0001,0.046784408390522,11.724477529525757,0.0143416,15953,0.19482421875,0.9556556940078735,0.2,0.009311160014476627,29.617056369781494,2489.6416015625,1000.0
3539,646,2289664,1118,4.91119384765625,0.0001,0.04677819833159447,9.357370083148663,0.033068985,15957,0.26126802884615385,0.9715726375579834,0.2,-0.0005248069333342406,29.618882692777195,2495.405029296875,1000.0
3542,646,2291712,1119,29.16153907775879,0.0001,0.04677504301071167,59.321382250104634,0.026220063,15959,0.17606026785714285,0.8819941282272339,0.2,0.0026974048731582506,29.62061037336077,2495.405029296875,1000.0
3545,647,2293760,1120,14.991952896118164,0.0001,0.04677019268274307,27.86623732248942,0.023219805,15962,0.22900390625,0.9438436031341553,0.2,-0.004614555238125225,29.622333844502766,2495.405029296875,1000.0
3547,647,2295808,1121,9.921473503112793,0.0001,0.04677140712738037,22.601012865702312,0.028098712,15965,0.25830078125,0.951947033405304,0.2,-0.005516956133457522,29.623015880584717,2495.405029296875,1000.0
3551,646,2297856,1122,11.660725593566895,0.0001,0.04677135497331619,22.902647399902342,0.030273769,15967,0.182421875,0.9492722749710083,0.2,-0.003145148791372776,29.622478485107422,2495.044921875,1000.0
3554,647,2299904,1123,17.489439010620117,0.0001,0.046769335865974426,41.49066314697266,0.030231755,15970,0.2037109375,0.9288834929466248,0.2,0.005445511220023036,29.62298583984375,2495.044921875,1000.0
3557,647,2301952,1124,8.268082618713379,0.0001,0.046768032014369965,16.71203746795654,0.03275304,15973,0.1490234375,0.9656248688697815,0.2,-0.0068771086633205416,29.62360553741455,2495.044921875,1000.0
3561,646,2304000,1125,5.4607977867126465,0.0001,0.04675782471895218,11.294411516189575,0.020991579,15978,0.25146484375,0.976342499256134,0.2,-0.012466437800321728,29.625420475006102,2484.043212890625,1000.0
3564,647,2306048,1126,7.393142223358154,0.0001,0.04675322398543358,14.13625955581665,0.03124158,15981,0.2484375,0.9723213911056519,0.2,0.0038799844216555355,29.6289644241333,2484.043212890625,1000.0
3566,647,2308096,1127,12.291341781616211,0.0001,0.04674815386533737,24.616317367553712,0.028262876,15985,0.2584635416666667,0.9384298324584961,0.2,-0.0037909415860970814,29.6307923634847,2484.043212890625,1000.0
3569,647,2310144,1128,3.048147439956665,0.0001,0.046743061393499374,6.33832346309315,0.027214706,15988,0.19957386363636365,0.9852701425552368,0.2,-0.002984195566651496,29.63273221796209,2484.043212890625,1000.0
3573,647,2312192,1129,3.6588616371154785,0.0001,0.04674200713634491,7.672900867462158,0.02142832,15993,0.2318359375,0.9796241521835327,0.2,-0.008035381871741265,29.63463439941406,2483.19775390625,1000.0
3576,647,2314240,1130,7.3005475997924805,0.0001,0.04674321785569191,17.315536618232727,0.026250068,15995,0.2255859375,0.954413890838623,0.2,-0.003263206104747951,29.634092807769775,2483.19775390625,1000.0
3579,647,2316288,1131,6.6548895835876465,0.0001,0.04674413427710533,15.688545083999633,0.018940996,16000,0.2654296875,0.9608297944068909,0.2,-0.011328689963556826,29.633307361602782,2483.19775390625,1000.0
3582,647,2318336,1132,10.272544860839844,0.0001,0.046743109822273254,20.369551307276677,0.027981475,16005,0.28618421052631576,0.9435831308364868,0.2,-0.012732384236235367,29.633788460179378,2483.19775390625,1000.0
3586,647,2320384,1133,9.164226531982422,0.0001,0.04674258828163147,21.766282653808595,0.03505101,16007,0.218359375,0.9393178224563599,0.2,0.010322419553995132,29.633699798583983,2474.498291015625,1000.0
3589,647,2322432,1134,13.038802146911621,0.0001,0.046740636229515076,29.743356432233536,0.024984762,16009,0.16322544642857142,0.9283382892608643,0.2,-0.0032952838976468357,29.634226662772043,2474.498291015625,1000.0
3592,647,2324480,1135,6.3597822189331055,0.0001,0.046738773584365845,13.313066816329956,0.024132907,16014,0.28291015625,0.9848196506500244,0.2,-0.008075359207578004,29.63498983383179,2474.498291015625,1000.0
3595,647,2326528,1136,4.45128870010376,0.0001,0.04672963172197342,9.964447498321533,0.02460115,16019,0.2833984375,0.9854171276092529,0.2,-0.011814754991792142,29.637116527557374,2474.498291015625,1000.0
3598,647,2328576,1137,4.089850425720215,0.0001,0.04672360047698021,8.557885950261896,0.028170839,16022,0.28267045454545453,0.9872286915779114,0.2,-0.0008316801183603027,29.640683954412285,2491.2685546875,1000.0
3601,647,2330624,1138,16.97564125061035,0.0001,0.04672186076641083,34.91690521240234,0.03199483,16024,0.167578125,0.9502702951431274,0.2,0.003596852533519268,29.64227867126465,2491.2685546875,1000.0
3604,647,2332672,1139,13.69982624053955,0.0001,0.04671955108642578,28.147201538085938,0.03081494,16027,0.20399305555555555,0.9609335064888,0.2,-0.0007353920955210924,29.64314333597819,2491.2685546875,1000.0
3607,647,2334720,1140,11.362510681152344,0.0001,0.04671897739171982,24.599254608154297,0.029173627,16030,0.19566761363636365,0.9675023555755615,0.2,-0.007676850178871642,29.64374316822399,2491.2685546875,1000.0
3611,647,2336768,1141,14.310810089111328,0.0001,0.04671917483210564,30.134194447444035,0.030035697,16034,0.23362379807692307,0.9616141319274902,0.2,-0.007030591476135529,29.643825384286735,2485.59033203125,1000.0
3613,647,2338816,1142,17.59374237060547,0.0001,0.046716704964637756,34.92533359527588,0.019504167,16039,0.2357421875,0.956672191619873,0.2,-0.00896237134002149,29.64414119720459,2485.59033203125,1000.0
3616,647,2340864,1143,7.04613733291626,0.0001,0.04671540856361389,15.145254655317826,0.0256129,16042,0.1376065340909091,0.9820629954338074,0.2,-0.0066430452967655255,29.64513535933061,2485.59033203125,1000.0
3619,647,2342912,1144,5.055122375488281,0.0001,0.04671575874090195,11.29878130826083,0.027537992,16045,0.20880681818181818,0.9856619238853455,0.2,-0.003093840131028132,29.64539805325595,2485.59033203125,1000.0
3623,647,2344960,1145,5.75806999206543,0.0001,0.04671400040388107,12.082015310014997,0.028294194,16049,0.20479910714285715,0.9846699833869934,0.2,-0.002399313829040953,29.6452727999006,2474.79931640625,1000.0
3625,647,2347008,1146,14.789701461791992,0.0001,0.0467117615044117,28.114129202706472,0.023916572,16051,0.17829241071428573,0.9567276835441589,0.2,-0.00040262724672045024,29.646370479038783,2474.79931640625,1000.0
3628,647,2349056,1147,7.432107925415039,0.0001,0.04671074450016022,14.633872509002686,0.023623494,16056,0.26162109375,0.9801043272018433,0.2,-0.009498200973030179,29.647053050994874,2474.79931640625,1000.0
3631,647,2351104,1148,5.42041015625,0.0001,0.04670596122741699,12.21488447189331,0.021559253,16061,0.22880859375,0.9835910201072693,0.2,-0.0112368039553985,29.64752893447876,2474.79931640625,1000.0
3635,647,2353152,1149,5.67241907119751,0.0001,0.04668837785720825,11.80509548187256,0.027278125,16066,0.2861328125,0.980480968952179,0.2,-0.008851601008791477,29.651601600646973,2494.2197265625,1000.0
3638,647,2355200,1150,49.408729553222656,0.0001,0.0466834232211113,97.85781351725261,0.032859586,16068,0.2041015625,0.8826175332069397,0.2,0.009130596571291486,29.65669822692871,2494.2197265625,1000.0
3640,647,2357248,1151,30.732955932617188,0.0001,0.046674542129039764,68.51555519104004,0.018313637,16073,0.1765625,0.9166907072067261,0.2,-0.006343696755357087,29.659410285949708,2494.2197265625,1000.0
3643,647,2359296,1152,30.400331497192383,0.0001,0.04667148366570473,67.93965854644776,0.011353498,16078,0.07255859375,0.9169569611549377,0.2,-0.0048303324030712245,29.661682415008546,2494.2197265625,1000.0
3647,647,2361344,1153,26.525325775146484,0.0001,0.046672504395246506,59.29962100982666,0.015842978,16083,0.138671875,0.9193778038024902,0.2,-0.009927470912225544,29.6620304107666,2459.983642578125,1000.0
3650,647,2363392,1154,22.96767807006836,0.0001,0.04667665436863899,43.35478458404541,0.020417972,16088,0.2775390625,0.9362145066261292,0.2,-0.015554224862717092,29.661135864257812,2459.983642578125,1000.0
3653,647,2365440,1155,6.383866310119629,0.0001,0.04667584225535393,20.002422189712526,0.016077429,16093,0.2224609375,0.9831818342208862,0.2,-0.001881038723513484,29.66033515930176,2459.983642578125,1000.0
3656,647,2367488,1156,5.577042579650879,0.0001,0.04666944965720177,12.501516005572151,0.03250342,16098,0.21932444852941177,0.9851500988006592,0.2,-0.0022256686900030166,29.66204822764677,2459.983642578125,1000.0
3660,647,2369536,1157,5.25730037689209,0.0001,0.04666270688176155,11.885913610458374,0.02725656,16103,0.2123046875,0.987170934677124,0.2,-0.004933455737773329,29.664932918548583,2492.47021484375,1000.0
3662,647,2371584,1158,17.333080291748047,0.0001,0.046661362051963806,34.05975842475891,0.028105445,16105,0.221435546875,0.9353113174438477,0.2,-0.003370567923411727,29.66645860671997,2492.47021484375,1000.0
3665,647,2373632,1159,9.376408576965332,0.0001,0.04666130989789963,18.709867095947267,0.03083324,16107,0.196875,0.9636937975883484,0.2,0.005145415291190147,29.666778564453125,2492.47021484375,1000.0
3668,647,2375680,1160,4.705377578735352,0.0001,0.04665686562657356,9.773034159342448,0.028509257,16111,0.262109375,0.9821228981018066,0.2,-0.0051908211472133795,29.667536544799805,2492.47021484375,1000.0
3672,647,2377728,1161,6.948700904846191,0.0001,0.04665146768093109,13.73080072402954,0.029201616,16114,0.2400390625,0.9748510122299194,0.2,-0.003683437965810299,29.669672393798827,2494.129150390625,1000.0
3674,647,2379776,1162,11.842229843139648,0.0001,0.04665042459964752,25.075138092041016,0.012450767,16115,0.17333984375,0.9267816543579102,0.2,0.005071677966043353,29.671027660369873,2494.129150390625,1000.0
3677,647,2381824,1163,3.2997853755950928,0.0001,0.04664713144302368,6.617518424987793,0.023207113,16118,0.24544270833333334,0.9797223806381226,0.2,0.0028730988269671798,29.671875317891438,2494.129150390625,1000.0
3680,647,2383872,1164,3.030895709991455,0.0001,0.04664640873670578,6.528680920600891,0.012756443,16119,0.162109375,0.979371964931488,0.2,0.005906365113332868,29.6728515625,2494.129150390625,1000.0
3684,647,2385920,1165,4.290250301361084,0.0001,0.046645283699035645,9.113144715627035,0.030908788,16121,0.19140625,0.9665075540542603,0.2,0.0018130296375602484,29.673308690388996,2488.693359375,1000.0
3686,647,2387968,1166,30.1457576751709,0.0001,0.04664410650730133,62.22810321384006,0.036568865,16124,0.2204861111111111,0.8715271353721619,0.2,0.006087615672085021,29.673895517985027,2488.693359375,1000.0
3689,647,2390016,1167,15.608602523803711,0.0001,0.04664511978626251,32.75340197636531,0.031634018,16128,0.13822115384615385,0.9130036234855652,0.2,-0.009600858866738586,29.67410395695613,2488.693359375,1000.0
3693,647,2392064,1168,13.464489936828613,0.0001,0.046647243201732635,28.71444215774536,0.025321128,16133,0.2376953125,0.9195652008056641,0.2,-0.013842948945239186,29.67339344024658,2463.1142578125,1000.0
3696,647,2394112,1169,18.2250919342041,0.0001,0.04664522409439087,35.17961196899414,0.022654837,16138,0.2265625,0.909434974193573,0.2,-0.006056302087381482,29.673332595825194,2463.1142578125,1000.0
3699,647,2396160,1170,21.594757080078125,0.0001,0.04664425924420357,46.276204427083336,0.031045984,16143,0.2292751736111111,0.8872300386428833,0.2,-0.0060437732220937805,29.6745539771186,2463.1142578125,1000.0
3702,647,2398208,1171,17.639501571655273,0.0001,0.04664163663983345,33.66175512834029,0.02688387,16146,0.21661931818181818,0.9156257510185242,0.2,-0.004908849993212657,29.674773996526543,2463.1142578125,1000.0
3706,647,2400256,1172,18.094104766845703,0.0001,0.04663838818669319,36.81885890960693,0.018666722,16151,0.25322265625,0.9014125466346741,0.2,-0.007517566136084497,29.676568603515626,2471.284912109375,1000.0
3709,647,2402304,1173,19.29230308532715,0.0001,0.04663953185081482,36.880531787872314,0.020810934,16153,0.169677734375,0.9209485054016113,0.2,-0.0035688449861481786,29.676883220672607,2471.284912109375,1000.0
3712,647,2404352,1174,5.816623210906982,0.0001,0.04664415866136551,12.533179537455242,0.02511976,16157,0.2766927083333333,0.9643200039863586,0.2,-0.00884114111152788,29.675932439168296,2471.284912109375,1000.0
3715,647,2406400,1175,4.60519552230835,0.0001,0.046638038009405136,9.595486450195313,0.023761995,16162,0.28671875,0.9758688807487488,0.2,-0.011052773718256503,29.675513744354248,2471.284912109375,1000.0
3719,647,2408448,1176,5.220303058624268,0.0001,0.04663680121302605,10.46941089630127,0.013520563,16163,0.1875,0.971196174621582,0.2,0.010688997368561104,29.677863121032715,2472.587890625,1000.0
3722,647,2410496,1177,12.708136558532715,0.0001,0.046635694801807404,27.035707473754883,0.028137255,16165,0.17610677083333334,0.9260172843933105,0.2,-0.0008052378737678131,29.678306261698406,2472.587890625,1000.0
3725,647,2412544,1178,4.203115463256836,0.0001,0.04662851616740227,9.564598679542542,0.01902355,16170,0.20908203125,0.9825725555419922,0.2,-0.006508018460590392,29.679462909698486,2472.587890625,1000.0
3728,647,2414592,1179,5.494945049285889,0.0001,0.04662293195724487,11.614246940612793,0.01936676,16175,0.207421875,0.9733272194862366,0.2,-0.01019201399758458,29.682623672485352,2472.587890625,1000.0
3732,647,2416640,1180,6.818397045135498,0.0001,0.046621814370155334,13.804645674569267,0.02594355,16177,0.19810267857142858,0.9707677960395813,0.2,0.0099169219444905,29.683576583862305,2485.256103515625,1000.0
3735,647,2418688,1181,17.750499725341797,0.0001,0.04661865532398224,43.27626247406006,0.02031829,16182,0.20478515625,0.881611168384552,0.2,-0.012787485704757273,29.684311294555663,2485.256103515625,1000.0
3738,647,2420736,1182,5.954061031341553,0.0001,0.046610936522483826,11.520736694335938,0.02744569,16187,0.2806640625,0.9593091011047363,0.2,-0.012981652189046145,29.68651924133301,2485.256103515625,1000.0
3740,647,2422784,1183,6.8566107749938965,0.0001,0.04660813510417938,15.136351108551025,0.012221489,16188,0.15771484375,0.9435308575630188,0.2,0.00488318334100768,29.688933849334717,2485.256103515625,1000.0
3744,647,2424832,1184,5.205821514129639,0.0001,0.046604715287685394,10.873488235473634,0.03578353,16190,0.21640625,0.9640191793441772,0.2,0.005832819826900959,29.690318298339843,2479.106201171875,1000.0
3747,647,2426880,1185,12.298420906066895,0.0001,0.046601299196481705,24.50178963797433,0.028182432,16192,0.19893973214285715,0.9169343709945679,0.2,-0.0001740878713982446,29.691795076642716,2479.106201171875,1000.0
3749,647,2428928,1186,3.5186610221862793,0.0001,0.04658940061926842,8.303248429298401,0.027008109,16197,0.240625,0.9593461155891418,0.2,-0.013241855043452233,29.6946964263916,2479.106201171875,1000.0
3752,647,2430976,1187,2.6872470378875732,0.0001,0.046580299735069275,6.0068704843521115,0.021824725,16202,0.22783203125,0.9727747440338135,0.2,-0.005051761027425527,29.699561500549315,2479.106201171875,1000.0
3756,647,2433024,1188,3.3311429023742676,0.0001,0.04657953605055809,7.035521507263184,0.030521799,16204,0.166796875,0.9733039140701294,0.2,0.006088953837752343,29.70150375366211,2458.235107421875,1000.0
3759,647,2435072,1189,26.737049102783203,0.0001,0.046580586582422256,51.02521152496338,0.022112483,16209,0.242578125,0.858891487121582,0.2,-0.013970592780970037,29.701773929595948,2458.235107421875,1000.0
3762,647,2437120,1190,6.426948070526123,0.0001,0.04658187925815582,12.87612624168396,0.026808605,16214,0.28681640625,0.950234055519104,0.2,-0.009177439962513745,29.701071166992186,2458.235107421875,1000.0
3764,647,2439168,1191,4.789438247680664,0.0001,0.0465773269534111,10.27647032737732,0.025579905,16219,0.2861328125,0.9598485231399536,0.2,-0.0041331473737955095,29.701902294158934,2458.235107421875,1000.0
3768,647,2441216,1192,8.036715507507324,0.0001,0.04657818377017975,16.764567375183105,0.016672999,16220,0.22412109375,0.9323641657829285,0.2,0.014778964861761779,29.702744483947754,2493.739990234375,1000.0
3771,647,2443264,1193,24.261493682861328,0.0001,0.04657883942127228,51.25415693010603,0.023289552,16222,0.17661830357142858,0.907749354839325,0.2,0.004284693460379328,29.702454158238,2493.739990234375,1000.0
3774,647,2445312,1194,6.541225910186768,0.0001,0.046565260738134384,13.733484077453614,0.026758825,16227,0.26220703125,0.9733859300613403,0.2,-0.015176527691073716,29.7043399810791,2493.739990234375,1000.0
3777,647,2447360,1195,11.244014739990234,0.0001,0.0465628020465374,21.599356842041015,0.030993756,16229,0.201953125,0.9535124897956848,0.2,0.004022432351484894,29.708179092407228,2493.739990234375,1000.0
3780,647,2449408,1196,7.124240875244141,0.0001,0.04656228795647621,15.689231236775717,0.033280827,16232,0.2638888888888889,0.968607485294342,0.2,-0.0010493717984192902,29.70888540479872,2481.80322265625,1000.0
3783,647,2451456,1197,23.230791091918945,0.0001,0.04656319320201874,45.921879577636716,0.044882454,16234,0.233984375,0.9193530678749084,0.2,0.00635623736307025,29.7086669921875,2481.80322265625,1000.0
3786,647,2453504,1198,8.805011749267578,0.0001,0.04656250774860382,18.427823747907365,0.027158067,16236,0.21316964285714285,0.9608628153800964,0.2,-0.0024936649881835493,29.708579472133092,2481.80322265625,1000.0
3789,647,2455552,1199,8.846139907836914,0.0001,0.046562716364860535,18.41474437713623,0.029815601,16238,0.20703125,0.9627072811126709,0.2,0.0017363648124349613,29.708832105000813,2481.80322265625,1000.0
3793,647,2457600,1200,11.349750518798828,0.0001,0.046558819711208344,23.477234840393066,0.03069605,16241,0.2478515625,0.9532116651535034,0.2,-0.007373683853074908,29.709374618530273,2491.56884765625,1000.0
3796,647,2459648,1201,10.170270919799805,0.0001,0.04655371606349945,22.930775324503582,0.02917678,16244,0.2810872395833333,0.9613807797431946,0.2,-0.0029506896583673856,29.711612701416016,2491.56884765625,1000.0
3799,647,2461696,1202,2.293762445449829,0.0001,0.04655091464519501,5.527260201317923,0.029276136,16248,0.20452008928571427,0.9919675588607788,0.2,-0.0012223984647010053,29.71281255994524,2491.56884765625,1000.0
3802,647,2463744,1203,4.809314727783203,0.0001,0.04654901847243309,9.736325945172991,0.02814875,16250,0.21568080357142858,0.9803054332733154,0.2,-0.0009752744143562657,29.71393939426967,2491.56884765625,1000.0
3806,647,2465792,1204,2.740548610687256,0.0001,0.04654710367321968,5.429161310195923,0.024752373,16252,0.193603515625,0.9905261993408203,0.2,0.002067816036287695,29.714444160461426,2506.391357421875,1000.0
3808,647,2467840,1205,27.028736114501953,0.0001,0.046544939279556274,61.23631722586496,0.028351417,16254,0.20396205357142858,0.8472900986671448,0.2,0.0012227741868368217,29.715650830950057,2506.391357421875,1000.0
3811,648,2469888,1206,23.863800048828125,0.0001,0.04654254391789436,44.83864648001535,0.030118039,16256,0.22544642857142858,0.8737014532089233,0.2,-0.0007502661818372351,29.716452189854213,2506.391357421875,1000.0
3814,648,2471936,1207,18.00467872619629,0.0001,0.046533726155757904,39.62982643975152,0.033717696,16259,0.2658420138888889,0.8726356029510498,0.2,-0.00046318909153342247,29.718596776326496,2506.391357421875,1000.0
3818,647,2473984,1208,18.78472328186035,0.0001,0.04652741923928261,37.29256248474121,0.027043177,16261,0.1728515625,0.891187846660614,0.2,-0.0037595138516432294,29.721610069274902,2488.6884765625,1000.0
3820,648,2476032,1209,13.463838577270508,0.0001,0.046522121876478195,29.713576555252075,0.028397737,16263,0.22412109375,0.9408887624740601,0.2,-0.00039860256947577,29.72416043281555,2488.6884765625,1000.0
3823,648,2478080,1210,4.606151103973389,0.0001,0.04652039334177971,9.493950080871581,0.030510943,16265,0.162109375,0.984419584274292,0.2,0.0038256109692156315,29.72528076171875,2488.6884765625,1000.0
3827,647,2480128,1211,3.4723763465881348,0.0001,0.04651830717921257,8.955900526046753,0.026261542,16270,0.25087890625,0.9869527220726013,0.2,-0.005441870237700641,29.726367473602295,2489.4912109375,1000.0
3830,648,2482176,1212,4.564957141876221,0.0001,0.046517208218574524,11.050108289718628,0.024892125,16275,0.27392578125,0.9779660105705261,0.2,-0.009375192387960852,29.72632122039795,2489.4912109375,1000.0
3832,648,2484224,1213,18.591453552246094,0.0001,0.04651651158928871,46.11759458269392,0.02511259,16277,0.18443080357142858,0.7892739176750183,0.2,0.0002466320459331785,29.72691672188895,2489.4912109375,1000.0
3835,648,2486272,1214,14.421520233154297,0.0001,0.04651603475213051,29.758321550157333,0.030891016,16280,0.19140625,0.8709157109260559,0.2,-0.0044598317084213095,29.727128558688694,2489.4912109375,1000.0
3839,648,2488320,1215,13.242982864379883,0.0001,0.04650891199707985,30.700709438323976,0.023199443,16285,0.244140625,0.8706384897232056,0.2,-0.01718229502439499,29.72833604812622,2488.029296875,1000.0
3842,648,2490368,1216,14.368171691894531,0.0001,0.046505656093358994,31.688158353169758,0.032583598,16287,0.19986979166666666,0.862779438495636,0.2,-0.002327370069300135,29.73085594177246,2488.029296875,1000.0
3845,648,2492416,1217,4.146423816680908,0.0001,0.04649284854531288,8.848095917701722,0.020853477,16292,0.26435546875,0.975479245185852,0.2,-0.009711421572137623,29.733663749694824,2488.029296875,1000.0
3847,648,2494464,1218,3.4340028762817383,0.0001,0.04648783430457115,7.712966024875641,0.027482672,16296,0.2901611328125,0.9798808097839355,0.2,-0.005853239010320976,29.73799169063568,2488.029296875,1000.0
3852,648,2496512,1219,4.324645519256592,0.0001,0.0464869886636734,9.432749032974243,0.02435718,16299,0.19775390625,0.9748165011405945,0.2,-0.0046649412252008915,29.739266713460285,2473.86572265625,1000.0
3855,648,2498560,1220,10.731197357177734,0.0001,0.04648520052433014,22.61708304461311,0.033031944,16304,0.2640165441176471,0.9265522956848145,0.2,-0.003950166214695748,29.739888247321634,2473.86572265625,1000.0
3858,648,2500608,1221,10.096548080444336,0.0001,0.04648271203041077,19.45012134975857,0.036081556,16307,0.1540798611111111,0.934175431728363,0.2,0.0008586886235409313,29.740956200493706,2473.86572265625,1000.0
3860,648,2502656,1222,10.261626243591309,0.0001,0.04648006707429886,19.52936771937779,0.027211972,16309,0.17940848214285715,0.9390615224838257,0.2,-0.0011469343943255289,29.74211093357631,2473.86572265625,1000.0
3864,648,2504704,1223,9.466798782348633,0.0001,0.046478405594825745,20.201127188546316,0.025483156,16311,0.17550223214285715,0.9384517073631287,0.2,-0.0004521132047687258,29.74309730529785,2476.0390625,1000.0
3867,648,2506752,1224,20.495403289794922,0.0001,0.04647642746567726,40.09654655456543,0.03005528,16314,0.2255859375,0.9029155373573303,0.2,0.0027236263267695904,29.743710708618163,2476.0390625,1000.0
3870,648,2508800,1225,20.87015151977539,0.0001,0.04647548124194145,43.88597433907645,0.02985483,16318,0.24832589285714285,0.9290141463279724,0.2,0.0032506491323666914,29.74448353903634,2476.0390625,1000.0
3873,648,2510848,1226,14.586738586425781,0.0001,0.046473223716020584,31.485977745056154,0.021671025,16323,0.2400390625,0.9463492035865784,0.2,-0.008940398594131694,29.744959163665772,2476.0390625,1000.0
3878,647,2512896,1227,17.468524932861328,0.0001,0.04646812379360199,32.90057001113892,0.023143305,16328,0.28828125,0.945054829120636,0.2,-0.005880036507733166,29.74658613204956,2453.8837890625,1000.0
3880,648,2514944,1228,27.67458724975586,0.0001,0.04646741598844528,54.5167662302653,0.02919023,16330,0.20865885416666666,0.923699140548706,0.2,0.004429597019528349,29.748092969258625,2453.8837890625,1000.0
3883,648,2516992,1229,16.75514030456543,0.0001,0.04646139591932297,35.426864277232774,0.029456755,16333,0.20916193181818182,0.9543712735176086,0.2,-0.008501449176533655,29.74936363913796,2453.8837890625,1000.0
3886,648,2519040,1230,13.549015998840332,0.0001,0.04645460098981857,28.560762405395508,0.029024841,16336,0.2431640625,0.9604814052581787,0.2,-0.007346614962443709,29.7522455851237,2453.8837890625,1000.0
3890,648,2521088,1231,13.316182136535645,0.0001,0.046439941972494125,26.839643478393555,0.02963347,16341,0.3001302083333333,0.9651064872741699,0.2,-0.0150513134819145,29.756366835700142,2470.7626953125,1000.0
3892,648,2523136,1232,22.061941146850586,0.0001,0.04643799737095833,49.545274353027345,0.0323123,16343,0.18046875,0.9463456869125366,0.2,0.003716048412024975,29.759715270996093,2470.7626953125,1000.0
3895,648,2525184,1233,17.94856834411621,0.0001,0.04643687233328819,39.0145938873291,0.019385308,16348,0.25771484375,0.9557459950447083,0.2,-0.01043410951970145,29.76071252822876,2470.7626953125,1000.0
3898,648,2527232,1234,15.837681770324707,0.0001,0.04644041508436203,34.17031974792481,0.028306114,16352,0.22721354166666666,0.9658664464950562,0.2,-0.012565452295045057,29.75993881225586,2470.7626953125,1000.0
3902,648,2529280,1235,14.170516967773438,0.0001,0.04644188657402992,30.829782009124756,0.028213289,16354,0.199951171875,0.9678366780281067,0.2,-0.005546486820094287,29.759024381637573,2466.40185546875,1000.0
3904,648,2531328,1236,24.69235610961914,0.0001,0.04644626006484032,48.639105478922524,0.026887631,16357,0.23291015625,0.9307336211204529,0.2,-0.004015706052693228,29.75801356633504,2466.40185546875,1000.0
3907,648,2533376,1237,7.432659149169922,0.0001,0.046446219086647034,16.99397716522217,0.027521636,16362,0.28876953125,0.9616853594779968,0.2,-0.0008938218932598829,29.756532382965087,2466.40185546875,1000.0
3910,648,2535424,1238,6.517045021057129,0.0001,0.046433012932538986,14.021395206451416,0.023211967,16367,0.24677734375,0.962856113910675,0.2,-0.009130980353802443,29.759532833099364,2466.40185546875,1000.0
3914,648,2537472,1239,7.1413421630859375,0.0001,0.04643051326274872,14.59849030630929,0.026608719,16369,0.21623883928571427,0.9579434394836426,0.2,-0.0032364975527993272,29.76326996939523,2480.097412109375,1000.0
3916,648,2539520,1240,19.053409576416016,0.0001,0.04643017053604126,34.58972613016764,0.026567595,16372,0.2609049479166667,0.9592437148094177,0.2,-0.00531527209871759,29.76398468017578,2480.097412109375,1000.0
3919,648,2541568,1241,5.523582458496094,0.0001,0.04642769694328308,12.182238578796387,0.028801987,16376,0.26197916666666665,0.9879217743873596,0.2,-0.0038817970703045527,29.764268747965495,2480.097412109375,1000.0
3922,648,2543616,1242,6.392923831939697,0.0001,0.04642314836382866,13.24656937339089,0.027759315,16379,0.22585227272727273,0.9841962456703186,0.2,-0.006730370625684207,29.76596277410334,2480.097412109375,1000.0
3926,648,2545664,1243,4.5744171142578125,0.0001,0.04642091318964958,10.092554887135824,0.029785186,16381,0.1884765625,0.9885103702545166,0.2,-0.00045782141387462616,29.767470359802246,2471.097412109375,1000.0
3929,648,2547712,1244,9.418490409851074,0.0001,0.04641863331198692,25.866036732991535,0.030598162,16384,0.19661458333333334,0.9480881094932556,0.2,0.005142604673488272,29.768422232733833,2471.097412109375,1000.0
3931,648,2549760,1245,4.5627899169921875,0.0001,0.04640921205282211,9.777472639083863,0.015738493,16389,0.23740234375,0.9671370387077332,0.2,-0.01296284415293485,29.770466899871828,2471.097412109375,1000.0
3934,648,2551808,1246,3.5432169437408447,0.0001,0.0464070700109005,7.308953523635864,0.013744872,16390,0.1728515625,0.9784402251243591,0.2,0.00843228679150343,29.773180961608887,2471.097412109375,1000.0
3938,648,2553856,1247,3.536437511444092,0.0001,0.04639974981546402,7.828982618119982,0.03163366,16393,0.24348958333333334,0.9749239087104797,0.2,0.002723823767155409,29.774937099880642,2470.328125,1000.0
3941,648,2555904,1248,16.34270668029785,0.0001,0.04639480262994766,33.83604590098063,0.030514214,16395,0.20768229166666666,0.9627768397331238,0.2,0.007709505734965205,29.777608235677082,2470.328125,1000.0
3943,648,2557952,1249,3.6810152530670166,0.0001,0.046382710337638855,8.287254095077515,0.023791505,16400,0.26650390625,0.992205798625946,0.2,-0.009785730915609747,29.781305027008056,2470.328125,1000.0
3948,648,2560000,1250,4.723819732666016,0.0001,0.04637938737869263,8.79029655456543,0.026195949,16403,0.2491122159090909,0.9920579195022583,0.2,0.0005841185762123628,29.784271240234375,2464.623291015625,1000.0
3951,648,2562048,1251,3.58258056640625,0.0001,0.04637303203344345,7.339957530681904,0.030840065,16407,0.25450721153846156,0.9933993220329285,0.2,-0.005203744915958781,29.78639162503756,2464.623291015625,1000.0
3953,648,2564096,1252,17.727506637573242,0.0001,0.04636845365166664,32.14373767375946,0.025089223,16411,0.2275390625,0.938676118850708,0.2,-0.0006900555017637089,29.78915023803711,2464.623291015625,1000.0
3956,648,2566144,1253,5.0098347663879395,0.0001,0.04635864868760109,11.151665687561035,0.018249549,16416,0.226171875,0.9776734709739685,0.2,-0.00726315479259938,29.791030883789062,2464.623291015625,1000.0
3960,648,2568192,1254,6.5821757316589355,0.0001,0.04634282365441322,14.359314012527467,0.020521061,16421,0.23505859375,0.9715873599052429,0.2,-0.013498982274904847,29.796877956390382,2455.95947265625,1000.0
3963,648,2570240,1255,9.652464866638184,0.0001,0.04633941873908043,20.412019729614258,0.026104286,16424,0.23974609375,0.9587087631225586,0.2,-0.006596101797185838,29.801062901814777,2455.95947265625,1000.0
3966,648,2572288,1256,8.703754425048828,0.0001,0.046336233615875244,18.81610244512558,0.028726745,16428,0.232177734375,0.9651878476142883,0.2,-0.006936462334124371,29.80211353302002,2455.95947265625,1000.0
3968,648,2574336,1257,5.2873382568359375,0.0001,0.046336062252521515,11.719193508750514,0.025666451,16433,0.22275904605263158,0.9758567810058594,0.2,-0.009746885294780919,29.803240926642168,2455.95947265625,1000.0
3972,648,2576384,1258,6.717918872833252,0.0001,0.04633308947086334,13.95652711391449,0.026054136,16435,0.223388671875,0.970277726650238,0.2,0.0033625149517320096,29.803786754608154,2459.88623046875,1000.0
3975,648,2578432,1259,19.187665939331055,0.0001,0.046320196241140366,40.608799839019774,0.023350643,16440,0.27578125,0.9232850074768066,0.2,-0.008994972123764456,29.80685396194458,2459.88623046875,1000.0
3978,648,2580480,1260,13.464945793151855,0.0001,0.0463167279958725,32.064496755599976,0.02269902,16442,0.181396484375,0.9516332149505615,0.2,-0.005541430844459683,29.810479402542114,2459.88623046875,1000.0
3980,648,2582528,1261,18.375455856323242,0.0001,0.04631434753537178,34.46357021331787,0.023529144,16447,0.256640625,0.9463926553726196,0.2,-0.013549571647308767,29.811732673645018,2459.88623046875,1000.0
3984,648,2584576,1262,15.760841369628906,0.0001,0.046313002705574036,32.63320520189073,0.029579861,16452,0.22471788194444445,0.9496608972549438,0.2,-0.010671559216765067,29.812526490953232,2458.1123046875,1000.0
3987,648,2586624,1263,24.340991973876953,0.0001,0.046312734484672546,55.54626636505127,0.019631693,16457,0.21474609375,0.9184396862983704,0.2,0.0001541804987937212,29.812825679779053,2458.1123046875,1000.0
3990,648,2588672,1264,8.212945938110352,0.0001,0.04630149528384209,20.967813396453856,0.02509129,16462,0.23798828125,0.9469773173332214,0.2,-0.014207596378400921,29.814753150939943,2458.1123046875,1000.0
3993,648,2590720,1265,9.250009536743164,0.0001,0.046281423419713974,20.43310661315918,0.024770148,16467,0.2833984375,0.9342597723007202,0.2,-0.0102567259920761,29.821397495269775,2458.1123046875,1000.0
3997,648,2592768,1266,11.773153305053711,0.0001,0.04627622291445732,25.52065626780192,0.025734149,16469,0.2021484375,0.9226371645927429,0.2,-0.0032013592620690665,29.826728502909344,2458.520263671875,1000.0
3999,648,2594816,1267,14.04883861541748,0.0001,0.04625875502824783,29.184371948242188,0.028867118,16474,0.297265625,0.891081690788269,0.2,-0.0053805811214260755,29.831384944915772,2458.520263671875,1000.0
4002,648,2596864,1268,7.850131511688232,0.0001,0.046255119144916534,17.928256511688232,0.029077105,16476,0.19108072916666666,0.9601227045059204,0.2,0.009961794828996062,29.835570335388184,2458.520263671875,1000.0
4005,648,2598912,1269,5.246882438659668,0.0001,0.04624711349606514,11.962074899673462,0.02620019,16481,0.223828125,0.9476981163024902,0.2,-0.012106098630465568,29.837985897064208,2458.520263671875,1000.0
4009,648,2600960,1270,4.845592975616455,0.0001,0.046247124671936035,10.629557657241822,0.020525841,16486,0.22900390625,0.9584835767745972,0.2,-0.0072543016402050855,29.840092754364015,2467.957275390625,1000.0
4012,648,2603008,1271,10.840168952941895,0.0001,0.046249132603406906,23.978009905133927,0.029246293,16488,0.23716517857142858,0.9141258597373962,0.2,0.0018604060501924583,29.839594432285853,2467.957275390625,1000.0
4015,648,2605056,1272,6.423610210418701,0.0001,0.04624908044934273,13.717678206307548,0.028999478,16490,0.197265625,0.9402626752853394,0.2,-0.00045048319069402557,29.839182444981166,2467.957275390625,1000.0
4017,648,2607104,1273,4.120167255401611,0.0001,0.046246886253356934,9.920743608474732,0.024569627,16495,0.23828125,0.9515515565872192,0.2,-0.00500409429660067,29.839946365356447,2467.957275390625,1000.0
4021,648,2609152,1274,4.742947101593018,0.0001,0.04624026268720627,10.393680191040039,0.019173238,16500,0.24541015625,0.9547415971755981,0.2,-0.009185504144988954,29.840961074829103,2479.22607421875,1000.0
4024,648,2611200,1275,23.953800201416016,0.0001,0.04623843729496002,59.73082504272461,0.030662278,16502,0.174609375,0.8257608413696289,0.2,0.00048620239831507204,29.843285751342773,2479.22607421875,1000.0
4027,648,2613248,1276,30.861297607421875,0.0001,0.04623320326209068,56.16138687133789,0.029165719,16505,0.2212890625,0.7466632127761841,0.2,-0.006520587299019098,29.84458122253418,2479.22607421875,1000.0
4029,648,2615296,1277,36.82186508178711,0.0001,0.04622945562005043,62.1959547996521,0.024958,16507,0.191650390625,0.7302732467651367,0.2,-0.0035370650002732873,29.846629858016968,2479.22607421875,1000.0
4033,648,2617344,1278,25.871034622192383,0.0001,0.04622834548354149,52.66589126586914,0.030265402,16509,0.169921875,0.7426063418388367,0.2,-0.004829203616827727,29.84753875732422,2469.04345703125,1000.0
4036,648,2619392,1279,32.88699722290039,0.0001,0.04622744023799896,74.0859603881836,0.02489372,16511,0.17317708333333334,0.6995342969894409,0.2,0.0074797191967566805,29.848003069559734,2469.04345703125,1000.0
4039,648,2621440,1280,27.26410675048828,0.0001,0.04622364789247513,52.398888481987846,0.03303645,16514,0.2170138888888889,0.7454087138175964,0.2,-0.008519202936440706,29.848904503716362,2469.04345703125,1000.0
4041,649,2623488,1281,26.636903762817383,0.0001,0.046221137046813965,49.211769104003906,0.027865065,16516,0.21205357142857142,0.7560187578201294,0.2,-0.004804608744702169,29.85020501273019,2469.04345703125,1000.0
4046,648,2625536,1282,26.474584579467773,0.0001,0.04621979966759682,52.78644943237305,0.025495837,16518,0.18638392857142858,0.7599948644638062,0.2,-0.0012320912043963159,29.851060594831193,2464.706298828125,1000.0
4049,648,2627584,1283,18.020435333251953,0.0001,0.04622560366988182,37.09076274525035,0.02551995,16521,0.2254971590909091,0.9171122312545776,0.2,-0.0044739953326908026,29.85055056485263,2464.706298828125,1000.0
4052,648,2629632,1284,6.7558369636535645,0.0001,0.0462302528321743,13.980328696114677,0.027120838,16523,0.20452008928571427,0.9757389426231384,0.2,-0.0005670605626489435,29.84818540300642,2464.706298828125,1000.0
4055,648,2631680,1285,5.2698588371276855,0.0001,0.046231139451265335,11.865155046636408,0.025954135,16526,0.22602982954545456,0.9790588617324829,0.2,-0.0005143672143193809,29.847099130803887,2464.706298828125,1000.0
4059,648,2633728,1286,5.0526299476623535,0.0001,0.04622901603579521,10.374249267578126,0.033741668,16528,0.205078125,0.9813840985298157,0.2,0.008212421648204326,29.847777938842775,2473.52685546875,1000.0
4061,648,2635776,1287,16.36667823791504,0.0001,0.04622809588909149,36.29997689383371,0.030639859,16530,0.21930803571428573,0.9042941331863403,0.2,0.00433531470064606,29.848392759050643,2473.52685546875,1000.0
4064,648,2637824,1288,6.756256103515625,0.0001,0.04622214660048485,15.260775470733643,0.016909882,16535,0.2294921875,0.9632112383842468,0.2,-0.009345598961226642,29.8493293762207,2473.52685546875,1000.0
4067,649,2639872,1289,7.268309116363525,0.0001,0.04620783403515816,14.550958967208862,0.028952604,16540,0.25595703125,0.9563596844673157,0.2,-0.011184383439831436,29.85359344482422,2473.52685546875,1000.0
4071,648,2641920,1290,6.373241901397705,0.0001,0.04619450867176056,11.565445756912231,0.027127648,16545,0.29306640625,0.9660223722457886,0.2,-0.009121714904904366,29.858834648132323,2462.2724609375,1000.0
4073,649,2643968,1291,45.62800598144531,0.0001,0.046191200613975525,91.33015441894531,0.030952277,16547,0.19108072916666666,0.7620242834091187,0.2,0.0080484040081501,29.862125714619953,2462.2724609375,1000.0
4076,649,2646016,1292,20.51542854309082,0.0001,0.046182215213775635,41.190407053629556,0.024109336,16551,0.20247395833333334,0.8510106205940247,0.2,-0.008962111330280702,29.86417376200358,2462.2724609375,1000.0
4080,649,2648064,1293,23.920373916625977,0.0001,0.04617392271757126,48.757555198669436,0.018682566,16556,0.197265625,0.8459006547927856,0.2,-0.004823698475956917,29.867721271514892,2473.33544921875,1000.0
4083,649,2650112,1294,20.902074813842773,0.0001,0.046169932931661606,42.866077184677124,0.023896921,16560,0.2235107421875,0.861248791217804,0.2,-0.007904830839834176,29.869903206825256,2473.33544921875,1000.0
4085,649,2652160,1295,48.62437438964844,0.0001,0.046162426471710205,80.97966270446777,0.020913202,16565,0.24580078125,0.7940177321434021,0.2,-0.011502236896194517,29.87242250442505,2473.33544921875,1000.0
4088,649,2654208,1296,32.765411376953125,0.0001,0.04616177827119827,62.840629230846055,0.026753535,16568,0.20951704545454544,0.834086537361145,0.2,-0.009681319563903591,29.873854377053,2473.33544921875,1000.0
4092,649,2656256,1297,34.52203369140625,0.0001,0.046161968261003494,61.392115456717356,0.024799788,16570,0.19363839285714285,0.8467773795127869,0.2,-0.0018692516522215946,29.87386703491211,2466.4814453125,1000.0
4094,649,2658304,1298,27.438016891479492,0.0001,0.04616140201687813,55.17212077549526,0.025082668,16572,0.18108258928571427,0.8757331967353821,0.2,-0.004071721541030067,29.87383324759347,2466.4814453125,1000.0
4097,649,2660352,1299,6.2792768478393555,0.0001,0.04615719988942146,13.295584058761596,0.029830048,16577,0.24150390625,0.9805957674980164,0.2,-0.002449548535514623,29.874786567687988,2466.4814453125,1000.0
4100,649,2662400,1300,5.626062870025635,0.0001,0.04615016654133797,13.062213659286499,0.022118596,16582,0.2041015625,0.9844346046447754,0.2,-0.007342365826480091,29.876837825775148,2466.4814453125,1000.0
4104,649,2664448,1301,7.190587043762207,0.0001,0.04615229368209839,14.979616498947143,0.026058711,16587,0.224609375,0.9766427278518677,0.2,-0.010719349654391409,29.87883186340332,2479.120361328125,1000.0
4106,649,2666496,1302,13.172011375427246,0.0001,0.046153049916028976,31.11707157558865,0.032578856,16590,0.2328559027777778,0.9483603239059448,0.2,0.0017060668518145878,29.877506256103516,2479.120361328125,1000.0
4109,649,2668544,1303,23.0654239654541,0.0001,0.046152278780937195,49.434025573730466,0.037488535,16592,0.215625,0.937283992767334,0.2,0.012621430214494467,29.87771644592285,2479.120361328125,1000.0
4111,649,2670592,1304,19.84600257873535,0.0001,0.046146802604198456,47.34727058410645,0.018604325,16597,0.20380859375,0.930216908454895,0.2,-0.008995060157030822,29.878716373443602,2479.120361328125,1000.0
4115,649,2672640,1305,18.941373825073242,0.0001,0.04613954946398735,41.20524139404297,0.024462547,16602,0.23212890625,0.9440413117408752,0.2,-0.00595917598111555,29.8819411277771,2470.234619140625,1000.0
4118,649,2674688,1306,31.917659759521484,0.0001,0.046135313808918,66.58038673400878,0.02661076,16607,0.24345703125,0.9121425747871399,0.2,-0.00854224560316652,29.884585189819337,2470.234619140625,1000.0
4121,649,2676736,1307,30.839744567871094,0.0001,0.046134866774082184,59.535629749298096,0.023781307,16609,0.182861328125,0.9318298101425171,0.2,-0.00671718583907932,29.88540506362915,2470.234619140625,1000.0
4124,649,2678784,1308,29.456954956054688,0.0001,0.04613789543509483,61.361070823669436,0.023895212,16614,0.28125,0.927446186542511,0.2,-0.012451049662195146,29.885174369812013,2470.234619140625,1000.0
4128,649,2680832,1309,20.634489059448242,0.0001,0.04613424092531204,48.18281288146973,0.019490665,16619,0.26025390625,0.945327639579773,0.2,-0.015173188736662268,29.884539794921874,2469.935546875,1000.0
4131,649,2682880,1310,24.234508514404297,0.0001,0.04612113907933235,49.96653385162354,0.02130148,16624,0.26103515625,0.9406214356422424,0.2,-0.010967381240334362,29.887963581085206,2469.935546875,1000.0
4134,649,2684928,1311,6.379814147949219,0.0001,0.04611476510763168,14.699229383468628,0.021216491,16629,0.207421875,0.9799082279205322,0.2,-0.007145448005758226,29.8919189453125,2469.935546875,1000.0
4136,649,2686976,1312,5.767167091369629,0.0001,0.046109721064567566,14.81026096343994,0.022065196,16634,0.1966796875,0.9786047339439392,0.2,-0.008006012346595526,29.893566036224364,2469.935546875,1000.0
4141,649,2689024,1313,6.526393413543701,0.0001,0.046110328286886215,14.244504976272584,0.02134027,16639,0.1869140625,0.9730663895606995,0.2,-0.012693333812057972,29.89538221359253,2503.984375,1000.0
4143,649,2691072,1314,18.90221405029297,0.0001,0.046112049371004105,32.95347627003988,0.028635485,16642,0.2490234375,0.9466238021850586,0.2,-0.007949995730693141,29.894535541534424,2503.984375,1000.0
4146,649,2693120,1315,3.1093859672546387,0.0001,0.04610941931605339,7.3052973508834835,0.023299972,16647,0.24921875,0.9916434288024902,0.2,-0.004864508798345923,29.89441270828247,2503.984375,1000.0
4149,649,2695168,1316,4.613396167755127,0.0001,0.04610758274793625,9.569307899475097,0.03982754,16649,0.2171875,0.9914083480834961,0.2,0.010126838460564613,29.895854949951172,2503.984375,1000.0
4153,649,2697216,1317,4.236563682556152,0.0001,0.04610426351428032,8.417388121287027,0.028581569,16652,0.21598307291666666,0.9877565503120422,0.2,-0.0003126638475805521,29.896926720937092,2504.787109375,1000.0
4155,649,2699264,1318,9.163054466247559,0.0001,0.04610143601894379,19.687730073928833,0.026296146,16654,0.212158203125,0.9636001586914062,0.2,-0.002415553492028266,29.898231029510498,2504.787109375,1000.0
4158,649,2701312,1319,5.180828094482422,0.0001,0.046096768230199814,10.805923589070638,0.028432434,16658,0.24635416666666668,0.9744224548339844,0.2,-0.006766450079157949,29.8996332804362,2504.787109375,1000.0
4161,649,2703360,1320,4.548217296600342,0.0001,0.04609294608235359,9.974546591440836,0.02706594,16660,0.19010416666666666,0.9761855602264404,0.2,-0.0003013760627557834,29.901559511820476,2504.787109375,1000.0
4164,649,2705408,1321,4.42832612991333,0.0001,0.04608938470482826,9.615291357040405,0.015632747,16661,0.20703125,0.9768221974372864,0.2,0.005993475904688239,29.903151988983154,2508.151611328125,1000.0
4167,649,2707456,1322,26.987499237060547,0.0001,0.04608543589711189,54.467323303222656,0.02955394,16663,0.1904296875,0.9468416571617126,0.2,0.005083519887800018,29.90469964345296,2508.151611328125,1000.0
4169,649,2709504,1323,9.135936737060547,0.0001,0.0460817851126194,24.194691944122315,0.023743084,16668,0.255078125,0.9745770692825317,0.2,-0.013123092148452998,29.906695461273195,2508.151611328125,1000.0
4172,649,2711552,1324,10.495495796203613,0.0001,0.04607962816953659,24.00588264465332,0.02238876,16673,0.24443359375,0.9748527407646179,0.2,-0.008463109680451452,29.90722246170044,2508.151611328125,1000.0
4177,649,2713600,1325,12.442843437194824,0.0001,0.04607783630490303,29.437379837036133,0.028853348,16675,0.20284598214285715,0.9768750071525574,0.2,0.0038406564188855036,29.908294405255997,2514.456787109375,1000.0
4179,649,2715648,1326,10.51334285736084,0.0001,0.046079713851213455,23.724655151367188,0.025976889,16680,0.26552734375,0.9780123233795166,0.2,-0.013142856309423223,29.908429908752442,2514.456787109375,1000.0
4182,649,2717696,1327,5.286461353302002,0.0001,0.04608001932501793,11.376052538553873,0.026798647,16682,0.17740885416666666,0.9921731352806091,0.2,0.007124217615152399,29.90752124786377,2514.456787109375,1000.0
4186,649,2719744,1328,5.695464134216309,0.0001,0.04607856273651123,11.545636494954428,0.021892544,16685,0.16324869791666666,0.9901898503303528,0.2,-0.003846525331027806,29.90752188364665,2514.456787109375,1000.0
4190,649,2721792,1329,4.139645576477051,0.0001,0.0460735559463501,8.58445165157318,0.026086345,16690,0.27841796875,0.9928990602493286,0.2,-0.009970479854382574,29.90901622772217,2515.381103515625,1000.0
4192,649,2723840,1330,17.606800079345703,0.0001,0.04607207328081131,33.54732055664063,0.02985527,16693,0.2779296875,0.9564255475997925,0.2,-0.0007947001606225968,29.91042594909668,2515.381103515625,1000.0
4195,649,2725888,1331,5.078811168670654,0.0001,0.046071115881204605,10.154700756072998,0.031519182,16695,0.2099609375,0.9880805015563965,0.2,0.00401889036099116,29.91088358561198,2515.381103515625,1000.0
4198,649,2727936,1332,5.874396800994873,0.0001,0.04606945067644119,11.748502943250868,0.034624957,16698,0.19639756944444445,0.9836490750312805,0.2,-0.008927889375223054,29.911472108629013,2515.381103515625,1000.0
4201,649,2729984,1333,6.901833534240723,0.0001,0.04607267677783966,14.558829678429497,0.030087087,16703,0.2643229166666667,0.9790279865264893,0.2,-0.011029816698282957,29.911404821607803,2518.097900390625,1000.0
4204,649,2732032,1334,9.98963451385498,0.0001,0.04607514664530754,25.642567952473957,0.03150542,16706,0.2224392361111111,0.9638918042182922,0.2,-0.004541165402366055,29.91032346089681,2518.097900390625,1000.0
4207,649,2734080,1335,4.86007833480835,0.0001,0.04608176648616791,10.42157621383667,0.026140768,16711,0.2982421875,0.9858803153038025,0.2,-0.0048486305749975145,29.90893793106079,2518.097900390625,1000.0
4211,649,2736128,1336,6.915041446685791,0.0001,0.04608297348022461,15.565322875976562,0.0311931,16713,0.17734375,0.9768866300582886,0.2,0.001608873251825571,29.90760726928711,2511.526123046875,1000.0
4214,649,2738176,1337,10.284026145935059,0.0001,0.04608326405286789,17.560020804405212,0.027123643,16715,0.22265625,0.9734947681427002,0.2,-0.00698893191292882,29.90748906135559,2511.526123046875,1000.0
4216,649,2740224,1338,53.30144500732422,0.0001,0.046083152294158936,102.43362998962402,0.0268493,16717,0.205322265625,0.8234918117523193,0.2,0.007764993933960795,29.90762186050415,2511.526123046875,1000.0
4219,649,2742272,1339,36.967506408691406,0.0001,0.04608002305030823,86.73561019897461,0.016238084,16722,0.166015625,0.8418889045715332,0.2,-0.014423989006900229,29.908135986328126,2511.526123046875,1000.0
4223,649,2744320,1340,41.157447814941406,0.0001,0.04607311636209488,90.61875419616699,0.01731879,16727,0.13515625,0.8342580795288086,0.2,-0.012806103297043592,29.910090732574464,2509.801025390625,1000.0
4226,649,2746368,1341,38.264041900634766,0.0001,0.04606911167502403,81.37509803771972,0.013463223,16732,0.11015625,0.8511577248573303,0.2,-0.0091819352703169,29.91249485015869,2509.801025390625,1000.0
4228,649,2748416,1342,3.6725857257843018,0.0001,0.04606348276138306,10.146531915664672,0.015381367,16737,0.1447265625,0.9818230867385864,0.2,-0.011910842009820044,29.914016723632812,2509.801025390625,1000.0
4231,649,2750464,1343,4.393459320068359,0.0001,0.04605906829237938,10.65774804353714,0.021574903,16741,0.184814453125,0.9769163131713867,0.2,-0.008434793518972583,29.91656994819641,2509.801025390625,1000.0
4235,649,2752512,1344,4.924516677856445,0.0001,0.04605598747730255,11.110384130477906,0.020119343,16746,0.23984375,0.9754797220230103,0.2,-0.0044906495837494734,29.918330192565918,2510.056884765625,1000.0
4238,649,2754560,1345,12.579888343811035,0.0001,0.04605207219719887,25.33555896465595,0.0341918,16750,0.22130408653846154,0.9428123831748962,0.2,-0.003965844471867268,29.919760190523586,2510.056884765625,1000.0
4240,649,2756608,1346,15.450654029846191,0.0001,0.0460495688021183,35.86326917012533,0.024849234,16754,0.245703125,0.884212076663971,0.2,-0.002247345447540283,29.92150484720866,2510.056884765625,1000.0
4243,650,2758656,1347,15.77392864227295,0.0001,0.0460534505546093,34.576113319396974,0.022522843,16759,0.26826171875,0.8783449530601501,0.2,-0.013950916659086942,29.92140769958496,2510.056884765625,1000.0
4247,649,2760704,1348,19.55695152282715,0.0001,0.04606025665998459,39.71786346435547,0.023652157,16764,0.25341796875,0.8766788840293884,0.2,-0.006465373071841895,29.91956434249878,2500.013671875,1000.0
4250,649,2762752,1349,18.555831909179688,0.0001,0.04606269299983978,39.09145545959473,0.018021435,16769,0.23681640625,0.8745068907737732,0.2,-0.005395878734998405,29.917658424377443,2500.013671875,1000.0
4253,649,2764800,1350,5.113017559051514,0.0001,0.04606001451611519,11.268433771635356,0.023198655,16774,0.22923519736842105,0.9564354419708252,0.2,-0.01369599627919103,29.917958711322985,2500.013671875,1000.0
4256,650,2766848,1351,5.535398960113525,0.0001,0.046058300882577896,13.309214274088541,0.027205989,16776,0.1875,0.9431502819061279,0.2,0.002289398262898127,29.919082959493,2500.013671875,1000.0
4260,649,2768896,1352,10.78493881225586,0.0001,0.04605589807033539,21.29701156616211,0.042926252,16778,0.238671875,0.9117280840873718,0.2,0.002436481090262532,29.919995498657226,2495.456298828125,1000.0
4262,650,2770944,1353,17.709815979003906,0.0001,0.04605327546596527,34.88590145111084,0.028247396,16780,0.2001953125,0.885256290435791,0.2,0.007273356895893812,29.92111619313558,2495.456298828125,1000.0
4265,650,2772992,1354,6.419537544250488,0.0001,0.046043761074543,13.815943241119385,0.02531239,16785,0.2744140625,0.950615644454956,0.2,-0.01289356080815196,29.923295974731445,2495.456298828125,1000.0
4268,650,2775040,1355,8.970775604248047,0.0001,0.04603298008441925,19.858721923828124,0.03341972,16788,0.2474609375,0.9240511655807495,0.2,0.00020622205920517445,29.927635765075685,2495.456298828125,1000.0
4272,650,2777088,1356,9.561409950256348,0.0001,0.04601972922682762,19.9394793510437,0.028454497,16792,0.2747802734375,0.9230556488037109,0.2,-0.0024337531940545887,29.93286693096161,2501.55322265625,1000.0
4275,650,2779136,1357,23.5743408203125,0.0001,0.04601776972413063,48.88292388916015,0.03815918,16794,0.20859375,0.8376044034957886,0.2,0.012765034381300212,29.935651779174805,2501.55322265625,1000.0
4277,650,2781184,1358,12.392051696777344,0.0001,0.04600841924548149,26.09184522628784,0.027233178,16799,0.2662109375,0.8408557772636414,0.2,-0.011168500588973984,29.937702560424803,2501.55322265625,1000.0
4280,650,2783232,1359,14.311244010925293,0.0001,0.04600481688976288,32.69620609283447,0.02164259,16804,0.2451171875,0.7685744762420654,0.2,-0.007448435155674815,29.940506362915038,2501.55322265625,1000.0
4284,650,2785280,1360,10.803050994873047,0.0001,0.046002648770809174,26.238799381256104,0.019051185,16809,0.205859375,0.7723268270492554,0.2,-0.013985416176728905,29.941351795196532,2455.00244140625,1000.0
4286,650,2787328,1361,34.88775634765625,0.0001,0.0460016243159771,75.02875300816127,0.029627278,16811,0.21177455357142858,0.7254893183708191,0.2,0.011137986821787698,29.94195556640625,2455.00244140625,1000.0
4289,650,2789376,1362,26.723047256469727,0.0001,0.04599875211715698,51.349262714385986,0.0234702,16813,0.174072265625,0.8013067841529846,0.2,-0.0003547038068063557,29.942566633224487,2455.00244140625,1000.0
4292,650,2791424,1363,28.919052124023438,0.0001,0.04599490761756897,51.2687018258231,0.030232802,16815,0.23353794642857142,0.778389573097229,0.2,-0.001370406144165567,29.943968636648997,2455.00244140625,1000.0
4296,650,2793472,1364,27.538339614868164,0.0001,0.04599224030971527,53.5143845876058,0.030747216,16817,0.19466145833333334,0.7737569808959961,0.2,-0.0010957672881583373,29.945352872212727,2431.891357421875,1000.0
4298,650,2795520,1365,20.963031768798828,0.0001,0.04598329961299896,42.22046581067537,0.02978141,16822,0.2942023026315789,0.9074204564094543,0.2,-0.012083247095640553,29.947708932976973,2431.891357421875,1000.0
4301,650,2797568,1366,10.360373497009277,0.0001,0.045979902148246765,24.521610471937393,0.031391572,16825,0.21983506944444445,0.9699895977973938,0.2,0.005642689479928877,29.95001475016276,2431.891357421875,1000.0
4304,650,2799616,1367,5.680227279663086,0.0001,0.04597179964184761,14.759269380569458,0.023492793,16830,0.17001953125,0.9762216210365295,0.2,-0.007800501678138972,29.951968097686766,2431.891357421875,1000.0
4307,650,2801664,1368,4.378613471984863,0.0001,0.04596595838665962,11.183219027519225,0.017748186,16835,0.17783203125,0.9845330119132996,0.2,-0.01005538912722841,29.95513038635254,2438.52978515625,1000.0
4310,650,2803712,1369,9.915961265563965,0.0001,0.04596422612667084,24.19421441214425,0.021863291,16837,0.1484375,0.9613505601882935,0.2,-0.0020968073180743624,29.956973484584264,2438.52978515625,1000.0
4313,650,2805760,1370,4.939219951629639,0.0001,0.045963261276483536,11.531219959259033,0.034768604,16839,0.20703125,0.9877306222915649,0.2,0.005161124359195431,29.957561175028484,2438.52978515625,1000.0
4316,650,2807808,1371,3.172733783721924,0.0001,0.04595893621444702,8.916420340538025,0.022770498,16844,0.22529296875,0.9856077432632446,0.2,-0.011634869978297501,29.958631896972655,2438.52978515625,1000.0
4319,650,2809856,1372,2.8180899620056152,0.0001,0.04595716670155525,8.115156674385071,0.020751819,16849,0.258203125,0.9900506138801575,0.2,-0.006276118592359126,29.96019039154053,2443.04345703125,1000.0
4322,650,2811904,1373,35.55476379394531,0.0001,0.04595652595162392,67.01690340042114,0.023378987,16851,0.18505859375,0.904691755771637,0.2,0.0030586598732043058,29.960627794265747,2443.04345703125,1000.0
4325,650,2813952,1374,15.527220726013184,0.0001,0.045955367386341095,31.019744714101154,0.023380838,16854,0.142578125,0.9501747488975525,0.2,-0.00763204280519858,29.960938294728596,2443.04345703125,1000.0
4329,650,2816000,1375,15.079792022705078,0.0001,0.0459505170583725,30.79737901687622,0.02391288,16858,0.22119140625,0.9480083584785461,0.2,-0.008299389708554372,29.96197736263275,2438.955322265625,1000.0
4331,650,2818048,1376,17.03995704650879,0.0001,0.04594781994819641,33.88755302429199,0.029198628,16863,0.28193359375,0.9440943002700806,0.2,-0.013774085463955999,29.963936424255373,2438.955322265625,1000.0
4334,650,2820096,1377,16.379812240600586,0.0001,0.04594876617193222,33.69339656829834,0.015458687,16864,0.1923828125,0.9323111772537231,0.2,0.008998064149636775,29.96380615234375,2438.955322265625,1000.0
4337,650,2822144,1378,5.697208404541016,0.0001,0.045950617641210556,11.420070436265734,0.043970294,16867,0.2504340277777778,0.9787988662719727,0.2,-0.0028082735112143885,29.963400310940212,2438.955322265625,1000.0
4341,650,2824192,1379,5.058416366577148,0.0001,0.045951664447784424,10.72415542602539,0.03146774,16869,0.2109375,0.9806296825408936,0.2,0.013228808157145977,29.962812423706055,2450.089599609375,1000.0
4344,650,2826240,1380,8.624467849731445,0.0001,0.04595133289694786,17.512328829084122,0.02681311,16871,0.19921875,0.9666973352432251,0.2,-0.001284401398152113,29.962738037109375,2450.089599609375,1000.0
4346,650,2828288,1381,5.667054653167725,0.0001,0.04595000296831131,13.502039194107056,0.023248227,16873,0.19189453125,0.978787362575531,0.2,-0.005097508372273296,29.963325023651123,2450.089599609375,1000.0
4349,650,2830336,1382,4.544189453125,0.0001,0.04594370722770691,8.970398902893066,0.03139859,16877,0.24930245535714285,0.9846758842468262,0.2,-0.012054326179038202,29.96494129725865,2450.089599609375,1000.0
4353,650,2832384,1383,3.7817788124084473,0.0001,0.04593510925769806,8.553849029541016,0.020031037,16882,0.2349609375,0.9875828623771667,0.2,-0.0049530329881235955,29.967969989776613,2437.410888671875,1000.0
4355,650,2834432,1384,16.478384017944336,0.0001,0.04593273624777794,32.9781608581543,0.043346018,16884,0.20625,0.9360290169715881,0.2,0.002978968992829323,29.970761871337892,2437.410888671875,1000.0
4358,650,2836480,1385,7.206480979919434,0.0001,0.045928169041872025,14.713638169424874,0.02645251,16886,0.20145089285714285,0.9269193410873413,0.2,-0.0025102033146790098,29.972215379987443,2437.410888671875,1000.0
4360,650,2838528,1386,9.685253143310547,0.0001,0.04592443257570267,18.66378180185954,0.029102657,16888,0.2109375,0.9086265563964844,0.2,-0.002184830838814378,29.974088668823242,2437.410888671875,1000.0
4364,650,2840576,1387,8.715797424316406,0.0001,0.04592299461364746,16.937654113769533,0.030970933,16890,0.20078125,0.915773868560791,0.2,0.005723769217729569,29.975186157226563,2470.638671875,1000.0
4367,650,2842624,1388,16.438865661621094,0.0001,0.045919954776763916,36.187956157483555,0.024249649,16895,0.2728207236842105,0.9283224940299988,0.2,-0.004350926874107436,29.976387525859632,2470.638671875,1000.0
4370,650,2844672,1389,3.759641170501709,0.0001,0.04591729864478111,9.364585971832275,0.021915575,16900,0.2537109375,0.9737821817398071,0.2,-0.004823328007478267,29.977641582489014,2470.638671875,1000.0
4373,650,2846720,1390,2.897590398788452,0.0001,0.045912306755781174,8.016689168082344,0.029584467,16905,0.2713758680555556,0.9720502495765686,0.2,-0.01315639012803634,29.979228867424858,2470.638671875,1000.0
4377,650,2848768,1391,3.607923746109009,0.0001,0.04589689150452614,8.487801027297973,0.024018511,16910,0.2431640625,0.9656087756156921,0.2,-0.00984429643722251,29.982784366607667,2451.416015625,1000.0
4380,650,2850816,1392,21.850866317749023,0.0001,0.04589308425784111,46.730550130208336,0.029798226,16912,0.203125,0.8673579692840576,0.2,0.007026728941127658,29.987274169921875,2451.416015625,1000.0
4383,650,2852864,1393,5.544700622558594,0.0001,0.04588859900832176,11.61473207473755,0.027703118,16917,0.2611328125,0.9740003347396851,0.2,-0.009594690357334911,29.989180755615234,2451.416015625,1000.0
4386,650,2854912,1394,4.368610858917236,0.0001,0.04588577523827553,9.912026977539062,0.024776971,16921,0.2953125,0.9752935767173767,0.2,-0.010842059583713612,29.99057502746582,2451.416015625,1000.0
4390,650,2856960,1395,5.289600372314453,0.0001,0.045885611325502396,9.854552030563354,0.012948656,16922,0.1708984375,0.9787792563438416,0.2,0.011816559825092554,29.991353034973145,2460.697998046875,1000.0
4392,650,2859008,1396,17.3017520904541,0.0001,0.04588676244020462,38.11401132436899,0.031500258,16926,0.26427283653846156,0.9194981455802917,0.2,-0.005887742870702193,29.991325084979717,2460.697998046875,1000.0
4395,650,2861056,1397,6.626443386077881,0.0001,0.045888546854257584,14.382732057571411,0.024243498,16931,0.26953125,0.9699763655662537,0.2,-0.003680677618831396,29.99078149795532,2460.697998046875,1000.0
4398,650,2863104,1398,4.835302829742432,0.0001,0.04588466137647629,9.971918487548828,0.028815977,16934,0.2669921875,0.9756686091423035,0.2,-0.003272853558883071,29.99118423461914,2460.697998046875,1000.0
4402,650,2865152,1399,4.589392185211182,0.0001,0.045879997313022614,9.366265557029031,0.027797492,16937,0.24094460227272727,0.9765291810035706,0.2,-0.003065375272523273,29.993107709017668,2481.027587890625,1000.0
4404,650,2867200,1400,21.053537368774414,0.0001,0.04587792977690697,40.73364003499349,0.03543882,16940,0.2378472222222222,0.8874502778053284,0.2,0.004400310106575489,29.994542651706272,2481.027587890625,1000.0
4407,650,2869248,1401,2.855229139328003,0.0001,0.04586608335375786,7.51654622554779,0.024725974,16945,0.2861328125,0.9792430996894836,0.2,-0.008666471100877971,29.99653558731079,2481.027587890625,1000.0
4410,651,2871296,1402,4.640405178070068,0.0001,0.04586091637611389,9.018737316131592,0.032217048,16948,0.2406684027777778,0.9666434526443481,0.2,-0.006082840988205539,30.0009642706977,2481.027587890625,1000.0
4413,650,2873344,1403,4.200606822967529,0.0001,0.045860834419727325,8.68912124633789,0.031393193,16950,0.23763020833333334,0.966550350189209,0.2,0.005875048809684813,30.00184981028239,2512.671142578125,1000.0
4416,651,2875392,1404,33.932559967041016,0.0001,0.04586091265082359,73.30951036725726,0.02804488,16952,0.20563616071428573,0.9064392447471619,0.2,0.007956790870853834,30.002027239118302,2512.671142578125,1000.0
4419,651,2877440,1405,20.127838134765625,0.0001,0.04585922509431839,50.15900135040283,0.013327867,16957,0.13369140625,0.9317471385002136,0.2,-0.00711964126676321,30.00234136581421,2512.671142578125,1000.0
4422,651,2879488,1406,19.372886657714844,0.0001,0.045861050486564636,41.554048728942874,0.025291514,16962,0.2212890625,0.9420477151870728,0.2,-0.005855220905505121,30.002911853790284,2512.671142578125,1000.0
4426,651,2881536,1407,19.245515823364258,0.0001,0.04586338251829147,43.365163230895995,0.01679359,16967,0.1630859375,0.9458959102630615,0.2,-0.009318001056089997,30.00182237625122,2501.715576171875,1000.0
4429,651,2883584,1408,13.934915542602539,0.0001,0.045863077044487,30.447545719146728,0.023031063,16972,0.2578125,0.937315046787262,0.2,-0.014106329693458975,30.00149812698364,2501.715576171875,1000.0
4431,651,2885632,1409,3.2172508239746094,0.0001,0.04586228355765343,8.017555427551269,0.024484118,16976,0.246875,0.98361736536026,0.2,0.002716840369005998,30.0019713083903,2501.715576171875,1000.0
4434,651,2887680,1410,3.724675416946411,0.0001,0.04586196318268776,8.780190535954066,0.028736167,16978,0.232421875,0.9846221804618835,0.2,0.009219366025977902,30.00218881879534,2501.715576171875,1000.0
4438,651,2889728,1411,3.557105302810669,0.0001,0.04585864767432213,7.708924245834351,0.03153681,16981,0.19765625,0.9801669120788574,0.2,-0.004784292983822524,30.002630996704102,2522.989990234375,1000.0
4440,651,2891776,1412,24.015621185302734,0.0001,0.04585525393486023,48.865409469604494,0.022307774,16986,0.26162109375,0.8906012177467346,0.2,-0.0028887724969536067,30.00485305786133,2522.989990234375,1000.0
4443,651,2893824,1413,17.239309310913086,0.0001,0.045852262526750565,39.63839766558479,0.032405138,16991,0.20048253676470587,0.9061833024024963,0.2,-0.0075552765937412485,30.00535347882439,2522.989990234375,1000.0
4446,651,2895872,1414,18.070484161376953,0.0001,0.0458502322435379,33.87878001819957,0.026380405,16994,0.16938920454545456,0.9246001839637756,0.2,-0.007443087302487005,30.007069154219195,2522.989990234375,1000.0
4450,651,2897920,1415,17.8865909576416,0.0001,0.04584392532706261,35.87332979838053,0.024719235,16997,0.21907552083333334,0.9215187430381775,0.2,-0.0020441766440247497,30.008230368296307,2514.145263671875,1000.0
4452,651,2899968,1416,12.744803428649902,0.0001,0.045840248465538025,27.354118728637694,0.033881456,16999,0.182421875,0.9148576259613037,0.2,-0.0015476070344448089,30.010572814941405,2514.145263671875,1000.0
4455,651,2902016,1417,4.697339057922363,0.0001,0.04583578556776047,10.736979842185974,0.02475575,17001,0.2099609375,0.9720991849899292,0.2,0.007148923235945404,30.012373447418213,2514.145263671875,1000.0
4459,651,2904064,1418,4.162314414978027,0.0001,0.045832786709070206,8.869006980549205,0.027239962,17004,0.1590909090909091,0.9715163707733154,0.2,-0.004278856350786306,30.013851685957476,2517.85791015625,1000.0
4462,651,2906112,1419,3.864489793777466,0.0001,0.04583018273115158,7.437457757837632,0.03131734,17009,0.21128216911764705,0.9778892397880554,0.2,-0.008089729584753513,30.01526080860811,2517.85791015625,1000.0
4464,651,2908160,1420,14.41157054901123,0.0001,0.04583195224404335,31.997488339742024,0.03326208,17011,0.18196614583333334,0.9602505564689636,0.2,-0.0028833807446062565,30.015745798746746,2517.85791015625,1000.0
4467,651,2910208,1421,6.559340953826904,0.0001,0.04583228752017021,13.15962012608846,0.029340394,17013,0.19563802083333334,0.9836893081665039,0.2,0.007121299936746557,30.015328407287598,2517.85791015625,1000.0
4471,651,2912256,1422,9.137768745422363,0.0001,0.045832399278879166,19.369730710983276,0.027990565,17015,0.19970703125,0.9759687185287476,0.2,-0.0009336745133623481,30.015526294708252,2517.900634765625,1000.0
4473,651,2914304,1423,15.340723991394043,0.0001,0.045834243297576904,28.363872718811034,0.032398447,17018,0.26328125,0.9623415470123291,0.2,0.0012073465390130878,30.015090942382812,2517.900634765625,1000.0
4476,651,2916352,1424,5.987368106842041,0.0001,0.04583480581641197,12.9824036189488,0.025223136,17020,0.19559151785714285,0.9795821309089661,0.2,0.0059145369034792694,30.014586857387,2517.900634765625,1000.0
4479,651,2918400,1425,3.394115924835205,0.0001,0.045832935720682144,7.359661197662353,0.024410862,17025,0.21171875,0.9873735308647156,0.2,-0.0077144994284026325,30.014741325378417,2517.900634765625,1000.0
4483,651,2920448,1426,4.8242387771606445,0.0001,0.04583193361759186,9.745710372924805,0.04234809,17027,0.221484375,0.9870385527610779,0.2,0.012469517113640905,30.01524124145508,2527.760009765625,1000.0
4485,651,2922496,1427,12.719138145446777,0.0001,0.04583096131682396,33.91894721984863,0.035765454,17029,0.176953125,0.9424539804458618,0.2,0.004873470775783062,30.015606307983397,2527.760009765625,1000.0
4488,651,2924544,1428,2.7725913524627686,0.0001,0.04583396390080452,6.107706367969513,0.028045148,17033,0.298583984375,0.9927984476089478,0.2,0.001679777487879619,30.015504002571106,2527.760009765625,1000.0
4491,651,2926592,1429,4.3993144035339355,0.0001,0.04583148658275604,8.837939834594726,0.02810666,17036,0.2380859375,0.9893423318862915,0.2,-0.0006501631811261177,30.01485939025879,2527.760009765625,1000.0
4495,651,2928640,1430,2.4838156700134277,0.0001,0.04582884907722473,5.677547454833984,0.032044727,17038,0.20703125,0.9941636323928833,0.2,0.011796680092811585,30.016255569458007,2532.609619140625,1000.0
4497,651,2930688,1431,17.386476516723633,0.0001,0.04582476615905762,46.4635124206543,0.03094993,17041,0.19053819444444445,0.9308261871337891,0.2,-0.001505879167881277,30.017668830023872,2532.609619140625,1000.0
4500,651,2932736,1432,3.419663429260254,0.0001,0.04581617936491966,6.917883770806449,0.034973077,17045,0.2607421875,0.9789494276046753,0.2,-0.006370658287778497,30.020111220223562,2532.609619140625,1000.0
4503,651,2934784,1433,4.689207553863525,0.0001,0.045811787247657776,9.18492774963379,0.03199922,17047,0.240234375,0.9743971228599548,0.2,0.00014911163598299026,30.02301597595215,2532.609619140625,1000.0
4506,651,2936832,1434,5.9219536781311035,0.0001,0.04580334201455116,11.480197588602701,0.031241855,17050,0.2901475694444444,0.9673417806625366,0.2,-0.000611267802822921,30.025479210747612,2542.977783203125,1000.0
4509,651,2938880,1435,11.550252914428711,0.0001,0.045799560844898224,19.757621383666994,0.030958027,17052,0.19453125,0.967390239238739,0.2,0.005851726047694683,30.027980041503906,2542.977783203125,1000.0
4512,651,2940928,1436,3.3567728996276855,0.0001,0.045794740319252014,7.08626816007826,0.03210521,17055,0.2437065972222222,0.9916113615036011,0.2,-0.0032419539832820496,30.02973069085015,2542.977783203125,1000.0
4515,651,2942976,1437,2.6152899265289307,0.0001,0.04578767344355583,5.898708025614421,0.031324733,17058,0.1605902777777778,0.9926276803016663,0.2,-0.006090576708730724,30.0318177541097,2542.977783203125,1000.0
4519,651,2945024,1438,2.9871699810028076,0.0001,0.045783087611198425,6.358624839782715,0.030386213,17060,0.21015625,0.9912874698638916,0.2,0.002852005511522293,30.034411239624024,2544.6376953125,1000.0
4521,651,2947072,1439,17.022418975830078,0.0001,0.04577822610735893,38.127152579171316,0.029511446,17062,0.21595982142857142,0.9481402039527893,0.2,0.007680881036711591,30.0363644191197,2544.6376953125,1000.0
4524,651,2949120,1440,10.38199520111084,0.0001,0.04577307403087616,22.684350294225357,0.030675255,17067,0.17934283088235295,0.9633654952049255,0.2,-0.0057888111537870235,30.03852922776166,2544.6376953125,1000.0
4527,651,2951168,1441,10.502951622009277,0.0001,0.04576874524354935,21.03341115315755,0.02751118,17071,0.20182291666666666,0.9670445919036865,0.2,-0.006321386884277066,30.040096028645834,2544.6376953125,1000.0
4530,651,2953216,1442,10.83450984954834,0.0001,0.04576573893427849,21.40656312306722,0.022150282,17074,0.21077473958333334,0.9675765633583069,0.2,-0.0009533116438736519,30.041829427083332,2541.47412109375,1000.0
4533,651,2955264,1443,12.288044929504395,0.0001,0.045761752873659134,24.745693033391778,0.026766881,17077,0.24343039772727273,0.9548436999320984,0.2,3.779870034618811e-05,30.042907194657758,2541.47412109375,1000.0
4536,651,2957312,1444,4.275773048400879,0.0001,0.04575808346271515,9.016718896230062,0.027209317,17081,0.2630208333333333,0.9788616299629211,0.2,0.00028215904409686725,30.04458999633789,2541.47412109375,1000.0
4538,652,2959360,1445,4.040099620819092,0.0001,0.045758206397295,9.284277386135525,0.031978406,17084,0.21223958333333334,0.9784559011459351,0.2,0.0008519362244341108,30.045373280843098,2541.47412109375,1000.0
4542,651,2961408,1446,4.687894344329834,0.0001,0.045757416635751724,9.49607617514474,0.024288854,17086,0.22126116071428573,0.977705717086792,0.2,0.0027019561135343145,30.045395714896067,2527.03369140625,1000.0
4545,651,2963456,1447,26.759489059448242,0.0001,0.04575655981898308,58.51688232421875,0.04452481,17088,0.221875,0.858398973941803,0.2,0.00662839449942112,30.0458065032959,2527.03369140625,1000.0
4547,652,2965504,1448,12.199975967407227,0.0001,0.045754559338092804,25.15841245651245,0.026510112,17090,0.207763671875,0.900600790977478,0.2,-0.0009801663691177964,30.04642391204834,2527.03369140625,1000.0
4550,652,2967552,1449,14.990612983703613,0.0001,0.04575303569436073,27.542149305343628,0.024830632,17092,0.214599609375,0.8897416591644287,0.2,0.0027763419202528894,30.047282457351685,2527.03369140625,1000.0
4554,652,2969600,1450,11.504654884338379,0.0001,0.04575300216674805,29.00174570083618,0.013605092,17093,0.1806640625,0.8741746544837952,0.2,0.0056624728022143245,30.04753875732422,2523.8447265625,1000.0
4556,652,2971648,1451,31.881317138671875,0.0001,0.04575265944004059,65.18888600667317,0.03147506,17095,0.193359375,0.917618989944458,0.2,0.0022310706165929637,30.047622362772625,2523.8447265625,1000.0
4559,652,2973696,1452,18.12250518798828,0.0001,0.04575088620185852,37.409349169049946,0.025090402,17097,0.17047991071428573,0.9520012736320496,0.2,-0.006690955321703639,30.048003605433873,2523.8447265625,1000.0
4562,652,2975744,1453,25.9952449798584,0.0001,0.04574955254793167,47.483033657073975,0.020881075,17099,0.17724609375,0.9423218965530396,0.2,-0.0006463740137405694,30.048782348632812,2523.8447265625,1000.0
4566,652,2977792,1454,20.207313537597656,0.0001,0.04574994370341301,40.841273880004884,0.028714882,17102,0.1876953125,0.9506296515464783,0.2,-0.002640715753659606,30.049037361145018,2514.171630859375,1000.0
4569,652,2979840,1455,10.067180633544922,0.0001,0.045751262456178665,20.959714508056642,0.03622982,17104,0.1828125,0.975559651851654,0.2,-0.0016018595546483994,30.048656463623047,2514.171630859375,1000.0
4571,652,2981888,1456,4.627293109893799,0.0001,0.04574631527066231,9.086798985799154,0.027555112,17107,0.23697916666666666,0.991166353225708,0.2,0.0023181247524917126,30.04900900522868,2514.171630859375,1000.0
4574,652,2983936,1457,5.583719730377197,0.0001,0.04573247954249382,11.665677547454834,0.030347353,17112,0.2944878472222222,0.988487720489502,0.2,-0.009182962317330142,30.05354616377089,2514.171630859375,1000.0
4578,652,2985984,1458,4.820801734924316,0.0001,0.045729346573352814,10.098070780436197,0.02865997,17114,0.21484375,0.989079475402832,0.2,0.003820612095296383,30.057013511657715,2517.68115234375,1000.0
4581,652,2988032,1459,21.379011154174805,0.0001,0.045727625489234924,36.959167861938475,0.042483643,17116,0.21484375,0.9237095713615417,0.2,0.011386484652757645,30.057959747314452,2517.68115234375,1000.0
4584,652,2990080,1460,3.417158365249634,0.0001,0.04572603851556778,7.247298081715901,0.026931109,17118,0.16829427083333334,0.9830670952796936,0.2,-0.0032983822748064995,30.05866273244222,2517.68115234375,1000.0
4588,652,2992128,1461,5.570656776428223,0.0001,0.04572436213493347,11.115284538269043,0.030520428,17120,0.1625,0.9721943140029907,0.2,0.0034034684300422668,30.059296798706054,2513.686279296875,1000.0
4591,652,2994176,1462,5.935138702392578,0.0001,0.04572143405675888,13.355174151333896,0.028662985,17123,0.2702414772727273,0.9704139232635498,0.2,-0.0006048673848536881,30.060501098632812,2513.686279296875,1000.0
4594,652,2996224,1463,23.447795867919922,0.0001,0.04572044312953949,47.28800582885742,0.027557347,17125,0.19010416666666666,0.5566883087158203,0.2,0.006129060095796983,30.061203638712566,2513.686279296875,1000.0
4597,652,2998272,1464,10.943645477294922,0.0001,0.04571613296866417,25.327692576817103,0.024722904,17127,0.17745535714285715,0.7143383622169495,0.2,-0.0021729213850838797,30.06217357090541,2513.686279296875,1000.0
4601,652,3000320,1465,13.792813301086426,0.0001,0.04571202024817467,28.92763023376465,0.03402646,17129,0.19765625,0.7108708620071411,0.2,0.0026086973026394843,30.06409797668457,2522.3955078125,1000.0
