time/iterations,time/time_elapsed,time/fps,time/total_timesteps,train/approx_kl,train/loss,train/std,train/clip_fraction,train/entropy_loss,train/policy_gradient_loss,train/learning_rate,train/clip_range,train/value_loss,train/explained_variance,train/n_updates,rollout/ep_rew_mean,rollout/ep_len_mean
1,3,571,2048,,,,,,,,,,,,,
2,6,674,4096,0.016655099,123.10183715820312,0.04999755322933197,0.14892578125,28.382882499694823,2.5610567536205054e-05,0.0001,0.2,335.34538955688475,0.823654055595398,17136,,
3,8,716,6144,0.0033754702,104.72418212890625,0.04999749734997749,0.0041015625,28.38318815231323,-0.004358266084454954,0.0001,0.2,249.09605255126954,0.837685227394104,17141,,
4,12,672,8192,0.009940133,97.99358367919922,0.04999774694442749,0.04970703125,28.38314561843872,-0.006205868301913142,0.0001,0.2,225.1973114013672,0.8453622460365295,17146,1405.74609375,1000.0
5,14,690,10240,0.011248916,77.08917236328125,0.04999750107526779,0.07900390625,28.383122634887695,-0.004003156279213727,0.0001,0.2,195.08809127807618,0.8635236620903015,17151,1405.74609375,1000.0
6,17,707,12288,0.016854953,11.752900123596191,0.049995746463537216,0.17080078125,28.383543491363525,-0.015465179947204888,0.0001,0.2,26.65476417541504,0.9756681323051453,17156,1405.74609375,1000.0
7,19,718,14336,0.019187452,9.697588920593262,0.04999147728085518,0.171484375,28.38432025909424,-0.011275551677681506,0.0001,0.2,20.912014102935792,0.9810410141944885,17161,1405.74609375,1000.0
8,23,687,16384,0.025929112,8.932149887084961,0.04998147487640381,0.2810546875,28.386981201171874,-0.01586692954879254,0.0001,0.2,19.000057983398438,0.9819346070289612,17166,1685.594482421875,1000.0
9,26,691,18432,0.02594575,36.143653869628906,0.049976710230112076,0.24609375,28.389998054504396,-0.003522546775639057,0.0001,0.2,75.42923183441162,0.9349024295806885,17171,1685.594482421875,1000.0
10,29,692,20480,0.009366982,37.33079147338867,0.04997509717941284,0.0970703125,28.39103956222534,-0.0027553372783586383,0.0001,0.2,88.77632598876953,0.9448174834251404,17176,1685.594482421875,1000.0
11,32,696,22528,0.017416475,35.985740661621094,0.04997475817799568,0.121484375,28.39129753112793,-0.006546270102262497,0.0001,0.2,83.8187026977539,0.9361842274665833,17181,1685.594482421875,1000.0
12,36,681,24576,0.009202663,32.91631317138672,0.04997631162405014,0.08095703125,28.39127187728882,-0.0053022955195046965,0.0001,0.2,73.3666654586792,0.9454083442687988,17186,1681.08349609375,1000.0
13,38,687,26624,0.02048337,67.8328628540039,0.04997771233320236,0.13125,28.3904278755188,-0.009048403729684651,0.0001,0.2,158.52512435913087,0.8893601298332214,17191,1681.08349609375,1000.0
14,41,693,28672,0.010967477,118.51480865478516,0.04997675493359566,0.08564453125,28.390470790863038,-0.004725104628596455,0.0001,0.2,274.91700439453126,0.8049281239509583,17196,1681.08349609375,1000.0
15,43,698,30720,0.014230066,130.47119140625,0.04997716471552849,0.11572265625,28.390723705291748,-0.01038647114764899,0.0001,0.2,271.3057342529297,0.8059859275817871,17201,1681.08349609375,1000.0
16,47,687,32768,0.01238057,129.30491638183594,0.04997636377811432,0.07490234375,28.39050760269165,-0.008422154176514596,0.0001,0.2,260.4679893493652,0.818800151348114,17206,1556.309326171875,1000.0
17,50,692,34816,0.018218523,99.30471801757812,0.04997074976563454,0.1552734375,28.391658973693847,-0.011877976323012263,0.0001,0.2,190.89842376708984,0.8548220992088318,17211,1556.309326171875,1000.0
18,52,696,36864,0.015654415,13.187572479248047,0.04996483772993088,0.0912109375,28.39370193481445,-0.006403461529407651,0.0001,0.2,36.48955125808716,0.9746257662773132,17216,1556.309326171875,1000.0
19,55,700,38912,0.02025747,11.371808052062988,0.049957357347011566,0.1267578125,28.396145153045655,-0.009265290712937713,0.0001,0.2,29.95223550796509,0.9708228707313538,17221,1556.309326171875,1000.0
20,59,691,40960,0.013991235,10.826447486877441,0.04994918406009674,0.10400390625,28.399020862579345,-0.007773464417550713,0.0001,0.2,27.273813247680664,0.9691652655601501,17226,1617.8408203125,1000.0
21,61,696,43008,0.024904922,50.028480529785156,0.04994533956050873,0.15397135416666666,28.40131378173828,-0.008083076565526426,0.0001,0.2,95.22312863667806,0.8699666261672974,17229,1617.8408203125,1000.0
22,64,700,45056,0.023562856,51.8380126953125,0.0499424934387207,0.21943359375,28.402696800231933,-0.010419038939289749,0.0001,0.2,98.65092697143555,0.8465011715888977,17234,1617.8408203125,1000.0
23,66,704,47104,0.020666724,56.097572326660156,0.049941521137952805,0.246484375,28.4032244682312,-0.01460969146573916,0.0001,0.2,105.70948066711426,0.831275224685669,17239,1617.8408203125,1000.0
24,70,697,49152,0.027317695,37.64723205566406,0.049940481781959534,0.2595703125,28.403691291809082,-0.013843890628777444,0.0001,0.2,101.41531105041504,0.8328917026519775,17244,1630.3841552734375,1000.0
25,72,701,51200,0.014027407,69.61266326904297,0.04993816465139389,0.147265625,28.404079723358155,-0.008289940259419381,0.0001,0.2,162.49460716247557,0.7800190448760986,17249,1630.3841552734375,1000.0
26,76,700,53248,0.022101553,80.6195068359375,0.049942001700401306,0.200390625,28.404338359832764,-0.015090635872911661,0.0001,0.2,155.78445053100586,0.8068408966064453,17254,1630.3841552734375,1000.0
27,78,701,55296,0.017519034,68.84455871582031,0.0499444380402565,0.174609375,28.402451992034912,-0.012677403970155866,0.0001,0.2,152.89631729125978,0.7774795889854431,17259,1630.3841552734375,1000.0
28,83,684,57344,0.014263155,73.02017211914062,0.0499463714659214,0.1349609375,28.402092456817627,-0.013015765976160765,0.0001,0.2,150.51711044311523,0.7335328459739685,17264,1607.980712890625,1000.0
29,86,687,59392,0.022478726,58.735836029052734,0.049951087683439255,0.22841796875,28.40106554031372,-0.012817899964284151,0.0001,0.2,121.89142646789551,0.7746381163597107,17269,1607.980712890625,1000.0
30,89,689,61440,0.015182419,35.49839401245117,0.0499521940946579,0.22158203125,28.399664878845215,-0.01445620804443024,0.0001,0.2,76.64006004333496,0.8346198797225952,17274,1607.980712890625,1000.0
31,91,691,63488,0.023045694,45.55012512207031,0.04995236545801163,0.16015625,28.399570192609513,-0.006735600298270583,0.0001,0.2,89.1035657610212,0.8322979211807251,17276,1607.980712890625,1000.0
32,95,685,65536,0.021577865,40.162315368652344,0.049947306513786316,0.24345703125,28.400170516967773,-0.011964017478749155,0.0001,0.2,75.6027437210083,0.8576006889343262,17281,1601.162841796875,1000.0
33,98,686,67584,0.02551524,27.102733612060547,0.049946144223213196,0.20986328125,28.401793670654296,-0.014881428959779442,0.0001,0.2,49.593040466308594,0.9459937214851379,17286,1601.162841796875,1000.0
34,101,688,69632,0.017223937,13.341525077819824,0.04995165765285492,0.1640625,28.401199340820312,-0.010422698431648314,0.0001,0.2,28.48264961242676,0.9748520255088806,17291,1601.162841796875,1000.0
35,103,690,71680,0.025408935,9.406684875488281,0.049947112798690796,0.19384765625,28.399856853485108,-0.01259228338021785,0.0001,0.2,21.64982385635376,0.9804431796073914,17296,1601.162841796875,1000.0
36,108,680,73728,0.021508705,10.328790664672852,0.04994070529937744,0.22099609375,28.402710151672363,-0.008976279944181442,0.0001,0.2,22.237506484985353,0.9791708588600159,17301,1628.776611328125,1000.0
37,111,682,75776,0.026305832,24.394702911376953,0.049935877323150635,0.23095703125,28.40448872248332,-0.00963462506964182,0.0001,0.2,50.902724266052246,0.8720448017120361,17304,1628.776611328125,1000.0
38,113,684,77824,0.027281608,12.185104370117188,0.04992944374680519,0.22335379464285715,28.406694139753068,0.0010979860089719296,0.0001,0.2,26.09836551121303,0.8590023517608643,17308,1628.776611328125,1000.0
39,116,686,79872,0.028562004,9.277560234069824,0.04991971701383591,0.21783854166666666,28.409286499023438,-0.0029486768568555513,0.0001,0.2,20.069826380411783,0.8930035829544067,17312,1628.776611328125,1000.0
40,120,682,81920,0.030860983,8.474721908569336,0.0499088317155838,0.21051897321428573,28.41317217690604,-0.004742364133042949,0.0001,0.2,17.508609907967703,0.9164325594902039,17316,1673.3538818359375,1000.0
41,122,684,83968,0.031527307,19.173480987548828,0.04990620166063309,0.19032118055555555,28.4159418741862,-0.003403180175357395,0.0001,0.2,40.144334157307945,0.9244983792304993,17319,1673.3538818359375,1000.0
42,125,686,86016,0.02655866,10.499731063842773,0.049905650317668915,0.20986328125,28.416362476348876,-0.011415081098675728,0.0001,0.2,24.074275398254393,0.950599730014801,17324,1673.3538818359375,1000.0
43,128,683,88064,0.022388287,8.333247184753418,0.04990411549806595,0.2421875,28.41655330657959,-0.01180789719801396,0.0001,0.2,19.708182430267335,0.9543929100036621,17329,1692.1307373046875,1000.0
44,131,684,90112,0.030249909,8.699825286865234,0.04989375174045563,0.2512335526315789,28.418216002614873,-0.009544869725543418,0.0001,0.2,19.32548457697818,0.9571157097816467,17334,1692.1307373046875,1000.0
45,134,686,92160,0.026548466,13.924071311950684,0.04987909272313118,0.223388671875,28.42333447933197,-0.007706544231041335,0.0001,0.2,29.697102189064026,0.9264936447143555,17338,1692.1307373046875,1000.0
46,136,688,94208,0.030642856,10.83741283416748,0.04987180233001709,0.2580078125,28.427232360839845,-0.008494253410026431,0.0001,0.2,21.55634536743164,0.9497852325439453,17341,1692.1307373046875,1000.0
47,140,684,96256,0.02881589,9.981689453125,0.04986681416630745,0.21707589285714285,28.429468972342356,-0.0031333542428910732,0.0001,0.2,21.592941556658065,0.9489749670028687,17343,1712.1219482421875,1000.0
48,143,686,98304,0.035901558,14.720154762268066,0.04986323043704033,0.191015625,28.431075286865234,0.008527104742825031,0.0001,0.2,28.3039981842041,0.9422276616096497,17345,1712.1219482421875,1000.0
49,145,688,100352,0.03262086,15.525973320007324,0.04985929653048515,0.2046440972222222,28.432509740193684,0.004231428313586447,0.0001,0.2,30.75411393907335,0.9357300400733948,17348,1712.1219482421875,1000.0
50,148,690,102400,0.028855726,10.547342300415039,0.049854081124067307,0.173046875,28.4339391708374,-0.010806700121611357,0.0001,0.2,22.213105392456054,0.9483547806739807,17351,1712.1219482421875,1000.0
51,151,687,104448,0.03442317,10.068486213684082,0.0498494990170002,0.2298828125,28.43588466644287,-0.002619782788679004,0.0001,0.2,21.945066833496092,0.9485659003257751,17354,1721.5504150390625,1000.0
52,154,688,106496,0.016911197,38.62140655517578,0.04984863102436066,0.24052734375,28.43744831085205,-0.008671237248927354,0.0001,0.2,96.43463020324707,0.8152226805686951,17359,1721.5504150390625,1000.0
53,157,689,108544,0.015687957,129.01568603515625,0.04985157027840614,0.1494140625,28.436324691772462,-0.004035991453565657,0.0001,0.2,291.76183319091797,0.7607297301292419,17364,1721.5504150390625,1000.0
54,160,689,110592,0.013058624,109.57374572753906,0.04985091835260391,0.06767578125,28.43596420288086,-0.009345358097925782,0.0001,0.2,236.29390029907228,0.7867124080657959,17369,1721.5504150390625,1000.0
55,164,685,112640,0.012143219,113.47499084472656,0.04984836280345917,0.09501953125,28.43656063079834,-0.007068182399962097,0.0001,0.2,244.31902847290038,0.7943170666694641,17374,1700.9454345703125,1000.0
56,166,687,114688,0.019717775,76.39681243896484,0.049844447523355484,0.1931640625,28.437846755981447,-0.01370449336245656,0.0001,0.2,175.4933334350586,0.8282163739204407,17379,1700.9454345703125,1000.0
57,169,688,116736,0.015744353,13.794698715209961,0.04984579235315323,0.1517578125,28.438457775115968,-0.00694228527136147,0.0001,0.2,37.80149898529053,0.9608705639839172,17384,1700.9454345703125,1000.0
58,172,689,118784,0.0169496,13.549086570739746,0.049847859889268875,0.1251953125,28.43763647079468,-0.006154544395394623,0.0001,0.2,32.838090133666995,0.9613855481147766,17389,1700.9454345703125,1000.0
59,175,686,120832,0.018530935,13.90407943725586,0.04984989017248154,0.15849609375,28.436974716186523,-0.009275909326970578,0.0001,0.2,30.59053440093994,0.9590018391609192,17394,1712.2451171875,1000.0
60,178,688,122880,0.030876413,27.018198013305664,0.04985096678137779,0.205078125,28.436398887634276,-0.006851878156885505,0.0001,0.2,56.650486373901366,0.9027069807052612,17397,1712.2451171875,1000.0
61,181,689,124928,0.022237822,11.3096342086792,0.04985140264034271,0.20882161458333334,28.436009724934895,0.00033496009806791943,0.0001,0.2,21.159735043843586,0.9615786075592041,17400,1712.2451171875,1000.0
62,183,690,126976,0.033145532,9.850430488586426,0.04984668269753456,0.2365451388888889,28.43674193488227,-0.004881179270644982,0.0001,0.2,18.613087972005207,0.9653815627098083,17403,1712.2451171875,1000.0
63,187,687,129024,0.025432253,7.591999053955078,0.0498245507478714,0.27890625,28.44123229980469,-0.011798870074562729,0.0001,0.2,14.595279026031495,0.9728094935417175,17408,1745.6953125,1000.0
64,190,688,131072,0.02459288,19.729812622070312,0.049806542694568634,0.2623046875,28.449092864990234,-0.015789789194241167,0.0001,0.2,49.08037548065185,0.9116778373718262,17413,1745.6953125,1000.0
65,192,689,133120,0.026718747,12.701333045959473,0.04980505257844925,0.2916259765625,28.45315444469452,-0.004793706000782549,0.0001,0.2,28.102499127388,0.9437309503555298,17417,1745.6953125,1000.0
66,195,690,135168,0.030822892,12.611722946166992,0.04980333521962166,0.21623883928571427,28.452793666294642,-0.004019825719296932,0.0001,0.2,26.1460143498012,0.9355134963989258,17421,1745.6953125,1000.0
67,199,688,137216,0.027360555,16.125743865966797,0.049796752631664276,0.24820963541666666,28.45460383097331,-0.008314148561718563,0.0001,0.2,31.016679604848225,0.918005645275116,17424,1762.88427734375,1000.0
68,201,690,139264,0.028055988,12.359310150146484,0.04979414865374565,0.21223958333333334,28.456303278605144,0.004019523194680612,0.0001,0.2,27.290920575459797,0.9343191385269165,17426,1762.88427734375,1000.0
69,204,691,141312,0.031754464,8.806096076965332,0.04979263246059418,0.17109375,28.457071685791014,-0.0004061374347656965,0.0001,0.2,17.939588165283205,0.9304879903793335,17428,1762.88427734375,1000.0
70,206,693,143360,0.027114954,8.474493980407715,0.04978840798139572,0.234375,28.458106358846027,-0.004321610050586362,0.0001,0.2,17.298512776692707,0.9313069581985474,17431,1762.88427734375,1000.0
71,210,691,145408,0.027777014,9.119891166687012,0.049787454307079315,0.2713758680555556,28.45928414662679,-0.010667891345090337,0.0001,0.2,19.292550404866535,0.9101018905639648,17436,1739.1600341796875,1000.0
72,212,692,147456,0.029065266,21.296541213989258,0.04978702962398529,0.243408203125,28.459282159805298,0.006970409071072936,0.0001,0.2,49.85531282424927,0.8295060396194458,17438,1739.1600341796875,1000.0
73,215,693,149504,0.030850666,10.379215240478516,0.04978279024362564,0.21614583333333334,28.460043377346462,-0.005583670326612062,0.0001,0.2,19.96472422281901,0.9279385805130005,17441,1739.1600341796875,1000.0
74,218,695,151552,0.03337216,9.622675895690918,0.049778927117586136,0.2074652777777778,28.46173752678765,-0.0050115769134006566,0.0001,0.2,19.728764004177517,0.9295061230659485,17444,1739.1600341796875,1000.0
75,221,692,153600,0.026784375,11.985087394714355,0.049774739891290665,0.2762784090909091,28.46298599243164,-0.002389279151843353,0.0001,0.2,24.108735171231356,0.8980334401130676,17447,1767.3302001953125,1000.0
76,224,693,155648,0.029843763,31.07107925415039,0.04977286234498024,0.19954427083333334,28.464217821757,0.0021231481029341617,0.0001,0.2,69.33061091105144,0.778106689453125,17449,1767.3302001953125,1000.0
77,227,694,157696,0.02857964,9.991593360900879,0.049768876284360886,0.2315673828125,28.46529233455658,-0.007845978339901194,0.0001,0.2,20.922744035720825,0.9183851480484009,17453,1767.3302001953125,1000.0
78,229,695,159744,0.02664779,12.177342414855957,0.04976554587483406,0.255078125,28.46651980082194,-0.00597565316905578,0.0001,0.2,25.67954813639323,0.8993712663650513,17457,1767.3302001953125,1000.0
79,233,693,161792,0.0141408555,13.507192611694336,0.04976338893175125,0.1650390625,28.46758460998535,0.00897190603427589,0.0001,0.2,28.491947174072266,0.8927687406539917,17458,1764.0284423828125,1000.0
80,235,695,163840,0.026309405,93.41896057128906,0.04976090416312218,0.1689453125,28.46846612294515,0.008623781225954493,0.0001,0.2,193.30988566080728,0.08953350782394409,17460,1764.0284423828125,1000.0
81,238,696,165888,0.023295546,63.352203369140625,0.04975716769695282,0.2498046875,28.469677925109863,-0.016968866554088892,0.0001,0.2,138.74779930114747,-0.05177772045135498,17465,1764.0284423828125,1000.0
82,240,697,167936,0.035715625,78.23050689697266,0.04975586384534836,0.21809895833333334,28.47047275967068,-0.0009351600375440386,0.0001,0.2,161.1390906439887,-0.21059894561767578,17468,1764.0284423828125,1000.0
83,244,695,169984,0.026127975,81.74820709228516,0.04975586012005806,0.2021484375,28.47074246406555,-0.002217555826064199,0.0001,0.2,164.67145347595215,-0.24838793277740479,17470,1795.1268310546875,1000.0
84,246,696,172032,0.03162277,25.252655029296875,0.04974370449781418,0.25723805147058826,28.47241199717802,-0.01149883882745224,0.0001,0.2,51.22680529426126,0.9001240134239197,17475,1795.1268310546875,1000.0
85,249,697,174080,0.023326958,17.681421279907227,0.04973771795630455,0.16127232142857142,28.476163046700613,-0.003908561675676278,0.0001,0.2,38.75280325753348,0.9341941475868225,17477,1795.1268310546875,1000.0
86,253,696,176128,0.025257293,13.067217826843262,0.049719758331775665,0.26513671875,28.480535888671874,-0.014854486589320004,0.0001,0.2,28.9488956451416,0.9459943771362305,17482,1781.6112060546875,1000.0
87,256,695,178176,0.019022793,10.261629104614258,0.04969771206378937,0.23564453125,28.4872034072876,-0.010624742368236184,0.0001,0.2,24.098003101348876,0.9565209150314331,17487,1781.6112060546875,1000.0
88,258,696,180224,0.030669367,11.864032745361328,0.049692872911691666,0.178515625,28.492719650268555,0.0006801049225032329,0.0001,0.2,25.461242294311525,0.9235356450080872,17489,1781.6112060546875,1000.0
89,261,697,182272,0.030342817,7.794366836547852,0.049686696380376816,0.2241753472222222,28.49474122789171,-0.0003581072410775556,0.0001,0.2,15.81497753991021,0.9562758803367615,17492,1781.6112060546875,1000.0
90,265,695,184320,0.029174948,9.230032920837402,0.04967120662331581,0.3006727430555556,28.498473591274685,-0.010180715911297334,0.0001,0.2,19.000619146558975,0.945698082447052,17497,1774.490966796875,1000.0
91,267,696,186368,0.03367593,20.411212921142578,0.04966697841882706,0.22786458333333334,28.50223223368327,0.005912243078152339,0.0001,0.2,37.89115651448568,0.9012331962585449,17499,1774.490966796875,1000.0
92,270,697,188416,0.039206162,48.42412185668945,0.04966162145137787,0.207421875,28.503973388671874,0.0007722555659711361,0.0001,0.2,89.55955200195312,0.6543679237365723,17501,1774.490966796875,1000.0
93,272,698,190464,0.033921823,43.26136779785156,0.04965795576572418,0.207421875,28.505634307861328,0.002369730453938246,0.0001,0.2,88.75654754638671,0.6541663408279419,17503,1774.490966796875,1000.0
94,276,696,192512,0.02810067,33.3081169128418,0.04965560510754585,0.18098958333333334,28.506803512573242,-0.002017126108209292,0.0001,0.2,70.13603210449219,0.6884555816650391,17505,1747.141845703125,1000.0
95,279,696,194560,0.02159345,59.34067916870117,0.049649953842163086,0.2826171875,28.508102703094483,-0.008688457612879574,0.0001,0.2,136.26210174560546,0.4005255699157715,17510,1747.141845703125,1000.0
96,281,697,196608,0.022661742,63.17580795288086,0.0496503971517086,0.2201171875,28.509618091583253,-0.011145966919139027,0.0001,0.2,126.81775550842285,0.2717769742012024,17515,1747.141845703125,1000.0
97,284,697,198656,0.016539225,54.324127197265625,0.04964639991521835,0.192578125,28.509336090087892,-0.012971773534081877,0.0001,0.2,115.0827880859375,0.3558506369590759,17520,1747.141845703125,1000.0
98,288,695,200704,0.020622533,45.11580276489258,0.04964464530348778,0.20712890625,28.511104679107667,-0.016056601796299218,0.0001,0.2,96.90485191345215,0.38412100076675415,17525,1733.612548828125,1000.0
99,291,696,202752,0.016739396,67.9997787475586,0.04964116960763931,0.17060546875,28.51170711517334,-0.00891631655395031,0.0001,0.2,135.8555835723877,0.4066287875175476,17530,1733.612548828125,1000.0
100,294,696,204800,0.024306424,56.68511199951172,0.04963883385062218,0.12565104166666666,28.512837727864582,-0.003430815297178924,0.0001,0.2,107.12245432535808,0.672680675983429,17532,1733.612548828125,1000.0
101,296,697,206848,0.032375924,45.24009323120117,0.04963620379567146,0.22916666666666666,28.513880729675293,0.005387543797648202,0.0001,0.2,94.23345565795898,0.7017696499824524,17534,1733.612548828125,1000.0
102,300,695,208896,0.027938262,46.42082595825195,0.04963977634906769,0.29952566964285715,28.51387745993478,-0.005601301988852876,0.0001,0.2,91.70566667829242,0.667174756526947,17538,1742.5994873046875,1000.0
103,302,696,210944,0.034365572,82.32615661621094,0.04964198172092438,0.20279947916666666,28.51254653930664,0.020439938564474385,0.0001,0.2,170.14370473225912,0.6828553676605225,17540,1742.5994873046875,1000.0
104,305,697,212992,0.020560423,52.580997467041016,0.04964230954647064,0.20185546875,28.51184148788452,-0.007146217487752437,0.0001,0.2,117.14384765625,0.7964060306549072,17545,1742.5994873046875,1000.0
105,308,697,215040,0.021321313,50.979705810546875,0.04964127019047737,0.15126953125,28.51230592727661,-0.011313810106366872,0.0001,0.2,112.8963737487793,0.810102641582489,17550,1742.5994873046875,1000.0
106,311,695,217088,0.012755131,44.47797393798828,0.04964594542980194,0.1130859375,28.51196746826172,-0.008800694509409368,0.0001,0.2,106.6363739013672,0.8565436005592346,17555,1706.4248046875,1000.0
107,314,696,219136,0.021767896,49.57130813598633,0.04964858666062355,0.158447265625,28.510211944580078,-0.00657151237828657,0.0001,0.2,89.69049263000488,0.8627814650535583,17557,1706.4248046875,1000.0
108,317,697,221184,0.013773868,10.738543510437012,0.04964946210384369,0.203515625,28.509488677978517,-0.0009386061923578381,0.0001,0.2,36.559999561309816,0.9479303359985352,17562,1706.4248046875,1000.0
109,319,698,223232,0.027503401,9.100821495056152,0.049645453691482544,0.1978515625,28.509997844696045,-0.00876370376208797,0.0001,0.2,23.30765790939331,0.9475902318954468,17567,1706.4248046875,1000.0
110,323,696,225280,0.019185767,10.023870468139648,0.049640268087387085,0.20185546875,28.511727809906006,-0.007665861694840714,0.0001,0.2,26.68180685043335,0.9199312925338745,17572,1730.69775390625,1000.0
111,326,697,227328,0.027806362,28.858482360839844,0.04963850975036621,0.21735491071428573,28.513183866228378,0.0006999787874519825,0.0001,0.2,52.06258937290737,0.8610107898712158,17574,1730.69775390625,1000.0
112,328,697,229376,0.01829386,8.795482635498047,0.04963596165180206,0.1611328125,28.51389455795288,-0.009400337561964988,0.0001,0.2,25.733839511871338,0.9627686738967896,17579,1730.69775390625,1000.0
113,331,698,231424,0.015822813,7.989922046661377,0.04963114485144615,0.19892578125,28.51504793167114,-0.005571301875170321,0.0001,0.2,26.333031940460206,0.9545880556106567,17584,1730.69775390625,1000.0
114,335,696,233472,0.034475807,11.10847282409668,0.049629516899585724,0.172265625,28.516445541381835,0.00806952565908432,0.0001,0.2,26.5751895904541,0.9518219232559204,17586,1749.0277099609375,1000.0
115,337,697,235520,0.029835042,32.46603775024414,0.04962868243455887,0.2205078125,28.516959381103515,-0.004596486128866673,0.0001,0.2,58.22700881958008,0.7446918487548828,17589,1749.0277099609375,1000.0
116,340,698,237568,0.035903838,26.618675231933594,0.049629706889390945,0.21484375,28.51682472229004,0.001928221620619297,0.0001,0.2,52.324510955810545,0.669907808303833,17591,1749.0277099609375,1000.0
117,342,698,239616,0.030168312,27.22357749938965,0.04962914437055588,0.24755859375,28.516693353652954,-0.00267734716180712,0.0001,0.2,50.963550090789795,0.6632255911827087,17593,1749.0277099609375,1000.0
118,346,697,241664,0.015472269,27.87801742553711,0.0496276393532753,0.21484375,28.517144680023193,-0.00014096987433731556,0.0001,0.2,56.7015495300293,0.6494604349136353,17594,1753.2841796875,1000.0
119,348,698,243712,0.032017224,17.33287811279297,0.04962626472115517,0.2314453125,28.517684618632,0.006462691506991784,0.0001,0.2,36.454676946004234,0.8796995878219604,17596,1753.2841796875,1000.0
120,351,699,245760,0.038826704,10.641679763793945,0.04962580278515816,0.2203125,28.517975997924804,0.003046596609055996,0.0001,0.2,23.071800994873048,0.9675395488739014,17598,1753.2841796875,1000.0
121,354,699,247808,0.026899766,8.726222038269043,0.049611590802669525,0.251953125,28.519725799560547,-0.009705867292359472,0.0001,0.2,21.493697547912596,0.956794023513794,17603,1753.2841796875,1000.0
122,358,697,249856,0.015338177,5.80415678024292,0.049596939235925674,0.20498046875,28.52581968307495,-0.00788357415003702,0.0001,0.2,16.019050979614256,0.9697657823562622,17608,1775.5238037109375,1000.0
123,360,697,251904,0.029665865,31.081619262695312,0.0495913065969944,0.22265625,28.52964687347412,0.004133416851982474,0.0001,0.2,66.25132217407227,0.8219079971313477,17611,1775.5238037109375,1000.0
124,363,698,253952,0.024471547,14.60293197631836,0.04958343133330345,0.18232421875,28.531881237030028,-0.012974887574091553,0.0001,0.2,30.549053955078126,0.8957952857017517,17616,1775.5238037109375,1000.0
125,367,696,256000,0.02173742,17.56752586364746,0.049579594284296036,0.26044921875,28.534450435638426,-0.008570736250840127,0.0001,0.2,35.976836109161376,0.8900920748710632,17621,1779.2034912109375,1000.0
126,370,696,258048,0.024612261,18.68718147277832,0.049581125378608704,0.22333984375,28.53462152481079,-0.011613817559555173,0.0001,0.2,38.35434188842773,0.8775103688240051,17626,1779.2034912109375,1000.0
127,372,697,260096,0.03765004,23.679298400878906,0.04958043247461319,0.20859375,28.534343719482422,0.0039983270689845085,0.0001,0.2,42.95446853637695,0.8763985633850098,17628,1779.2034912109375,1000.0
128,375,697,262144,0.027705258,5.956449508666992,0.04956784471869469,0.2705078125,28.53644962310791,-0.002451912220567465,0.0001,0.2,12.67989673614502,0.964830219745636,17633,1779.2034912109375,1000.0
129,379,695,264192,0.027049437,6.877617359161377,0.04956410825252533,0.20703125,28.539881025041854,0.0027278760847236428,0.0001,0.2,15.576468876429967,0.9587854743003845,17635,1779.02001953125,1000.0
130,382,696,266240,0.02847077,11.267793655395508,0.04956379160284996,0.22684151785714285,28.54061017717634,0.0006188400355832917,0.0001,0.2,23.580565316336497,0.9234274625778198,17637,1779.02001953125,1000.0
131,385,696,268288,0.032276616,19.59358024597168,0.04956431686878204,0.2001953125,28.54055945078532,0.0071382893559833365,0.0001,0.2,39.24421819051107,0.9029045701026917,17639,1779.02001953125,1000.0
132,387,697,270336,0.028019845,12.93275260925293,0.04955850541591644,0.26650390625,28.541229820251466,-0.019641342619434,0.0001,0.2,31.94439935684204,0.9129730463027954,17644,1779.02001953125,1000.0
133,391,696,272384,0.026097625,14.317002296447754,0.049556661397218704,0.18191964285714285,28.54294749668666,-0.0056339821645191735,0.0001,0.2,34.403267179216655,0.9293540716171265,17646,1773.383544921875,1000.0
134,393,696,274432,0.02195318,17.507591247558594,0.04954534024000168,0.21748046875,28.544757556915282,-0.011060095787979663,0.0001,0.2,38.64703807830811,0.9175230264663696,17651,1773.383544921875,1000.0
135,396,697,276480,0.028904293,13.865230560302734,0.04952573776245117,0.281494140625,28.55085790157318,-0.011832243704702705,0.0001,0.2,29.891797065734863,0.9465042352676392,17655,1773.383544921875,1000.0
136,399,697,278528,0.029484153,18.351848602294922,0.04951958358287811,0.18977864583333334,28.555750846862793,0.0020474974686900773,0.0001,0.2,38.736911137898765,0.938035249710083,17657,1773.383544921875,1000.0
137,402,696,280576,0.023830174,15.398194313049316,0.04951411485671997,0.16852678571428573,28.557892663138254,-0.0029739541600325276,0.0001,0.2,29.7835328238351,0.9539397358894348,17659,1772.571533203125,1000.0
138,405,697,282624,0.024992686,27.228647232055664,0.049511685967445374,0.2506103515625,28.55961322784424,-0.004687995242420584,0.0001,0.2,56.41242027282715,0.9071463942527771,17663,1772.571533203125,1000.0
139,407,698,284672,0.01573383,12.224377632141113,0.04951070249080658,0.205859375,28.55960111618042,-0.007710890378803015,0.0001,0.2,25.435565567016603,0.9612232446670532,17668,1772.571533203125,1000.0
140,410,698,286720,0.017783768,8.388290405273438,0.049510784447193146,0.1861328125,28.5602237701416,-0.009761930897366256,0.0001,0.2,19.968349361419676,0.9657567739486694,17673,1772.571533203125,1000.0
141,413,697,288768,0.016697694,11.895193099975586,0.0495164729654789,0.19677734375,28.559569454193117,-0.008056146604940296,0.0001,0.2,25.91694793701172,0.9476856589317322,17678,1797.3671875,1000.0
142,416,698,290816,0.029088503,18.10844612121582,0.04951459541916847,0.2578125,28.558098220825194,-0.0010900444351136685,0.0001,0.2,32.90661544799805,0.8988092541694641,17681,1797.3671875,1000.0
143,418,698,292864,0.029150188,8.465991020202637,0.04950343072414398,0.2911376953125,28.560678601264954,-0.0022597864299314097,0.0001,0.2,18.749432682991028,0.8614822626113892,17685,1797.3671875,1000.0
144,421,699,294912,0.025545957,8.03119945526123,0.049496497958898544,0.24289772727272727,28.564097317782316,-0.00010436212389983915,0.0001,0.2,17.650850642811168,0.8630866408348083,17688,1797.3671875,1000.0
145,425,698,296960,0.030447787,8.312885284423828,0.049492646008729935,0.23936631944444445,28.566013760036892,0.0017874380573630333,0.0001,0.2,17.78775946299235,0.8729387521743774,17691,1821.86767578125,1000.0
146,427,698,299008,0.01258683,114.38207244873047,0.04949115216732025,0.1689453125,28.567049503326416,-0.0005795732140541077,0.0001,0.2,239.03393173217773,0.2023923397064209,17692,1821.86767578125,1000.0
147,430,699,301056,0.030055717,146.66184997558594,0.04948967322707176,0.1962890625,28.567631403605144,0.00703737570438534,0.0001,0.2,310.91355387369794,0.21018099784851074,17694,1821.86767578125,1000.0
148,433,699,303104,0.01623683,144.1595916748047,0.049489155411720276,0.18408203125,28.568152809143065,-0.011290162010118366,0.0001,0.2,304.4286849975586,0.2008833885192871,17699,1821.86767578125,1000.0
149,437,697,305152,0.018113986,136.10626220703125,0.049484387040138245,0.18564453125,28.568646812438963,-0.01578666198765859,0.0001,0.2,283.4790008544922,0.21617406606674194,17704,1804.9549560546875,1000.0
150,440,697,307200,0.027966205,66.96294403076172,0.049478717148303986,0.21923828125,28.570822715759277,-0.004316090082284063,0.0001,0.2,142.88672256469727,0.6171529293060303,17706,1804.9549560546875,1000.0
151,442,698,309248,0.0184429,10.488019943237305,0.04946431517601013,0.23505859375,28.574203300476075,-0.00904170167632401,0.0001,0.2,24.75568895339966,0.9556224942207336,17711,1804.9549560546875,1000.0
152,445,698,311296,0.02236364,7.278632164001465,0.0494457483291626,0.235546875,28.57990264892578,-0.010459727537818254,0.0001,0.2,17.199426031112672,0.959733247756958,17716,1804.9549560546875,1000.0
153,449,697,313344,0.024554512,7.437084197998047,0.04942714050412178,0.2328125,28.587083053588866,-0.007628640171606094,0.0001,0.2,16.184308195114134,0.962670087814331,17721,1839.77734375,1000.0
154,451,697,315392,0.027430668,20.73514175415039,0.049414075911045074,0.3001644736842105,28.59353336535002,-0.002830270138618193,0.0001,0.2,50.15954850849352,0.8391906023025513,17726,1839.77734375,1000.0
155,454,698,317440,0.027996957,11.270569801330566,0.04941226541996002,0.21400669642857142,28.595802307128906,-0.0022890115422861917,0.0001,0.2,23.398456845964706,0.8933727145195007,17728,1839.77734375,1000.0
156,457,698,319488,0.026873633,13.048383712768555,0.0494091622531414,0.22795758928571427,28.59663990565709,0.00019817659631371498,0.0001,0.2,25.455949783325195,0.8857039213180542,17730,1839.77734375,1000.0
157,460,697,321536,0.02498894,15.306313514709473,0.04940468817949295,0.21121651785714285,28.597982951572963,0.002221114268260343,0.0001,0.2,31.585213252476283,0.8640820980072021,17732,1878.893798828125,1000.0
158,463,698,323584,0.02896107,18.824087142944336,0.04940027743577957,0.20442708333333334,28.599721272786457,0.009630867124845585,0.0001,0.2,38.11795870463053,0.9311853051185608,17734,1878.893798828125,1000.0
159,466,698,325632,0.01914461,9.558741569519043,0.04939538240432739,0.2302734375,28.601832485198976,-0.01005266271531582,0.0001,0.2,20.494946098327638,0.9630826115608215,17739,1878.893798828125,1000.0
160,468,699,327680,0.03714457,10.830716133117676,0.049395523965358734,0.215234375,28.60219078063965,0.001982610858976841,0.0001,0.2,23.219546127319337,0.9633983969688416,17741,1878.893798828125,1000.0
161,472,698,329728,0.027878927,12.719684600830078,0.04939540475606918,0.23686079545454544,28.602238915183328,-0.005337788681076331,0.0001,0.2,25.976683009754527,0.9602336883544922,17744,1865.57275390625,1000.0
162,474,698,331776,0.025408749,30.104351043701172,0.04938095435500145,0.25439453125,28.603864860534667,-0.013822591584175824,0.0001,0.2,58.037512588500974,0.82331782579422,17749,1865.57275390625,1000.0
163,477,699,333824,0.023771651,7.104296684265137,0.04936886206269264,0.263671875,28.609997081756593,-0.010894091421505436,0.0001,0.2,16.022447299957275,0.9020709991455078,17754,1865.57275390625,1000.0
164,480,699,335872,0.013761223,15.637417793273926,0.04936711862683296,0.19010416666666666,28.61229133605957,0.012698576475183168,0.0001,0.2,28.030858993530273,0.8444241285324097,17755,1865.57275390625,1000.0
165,483,698,337920,0.013347498,11.931687355041504,0.04936512932181358,0.17431640625,28.61298942565918,0.008686495013535023,0.0001,0.2,23.130564212799072,0.8621657490730286,17756,1878.2152099609375,1000.0
166,486,698,339968,0.027967528,106.8733139038086,0.049362797290086746,0.21623883928571427,28.613802773611887,0.006595720403960773,0.0001,0.2,236.42708042689733,0.6533609628677368,17758,1878.2152099609375,1000.0
167,489,698,342016,0.025153702,87.55461883544922,0.04936179518699646,0.174560546875,28.614370822906494,-0.0016447138041257858,0.0001,0.2,184.4933204650879,0.7116097211837769,17760,1878.2152099609375,1000.0
168,494,695,344064,0.020053808,74.65644836425781,0.04936185106635094,0.22861328125,28.61469135284424,-0.016024847864173353,0.0001,0.2,177.48075485229492,0.7022168636322021,17765,1857.85107421875,1000.0
169,497,695,346112,0.020817045,89.83602905273438,0.049350954592227936,0.2072265625,28.615792179107665,-0.012103486433625221,0.0001,0.2,193.2707145690918,0.6735636591911316,17770,1857.85107421875,1000.0
170,500,696,348160,0.025383335,19.903512954711914,0.04933960363268852,0.2455078125,28.62059078216553,-0.011170467059127987,0.0001,0.2,41.41852626800537,0.8227037787437439,17775,1857.85107421875,1000.0
171,502,696,350208,0.025845444,15.144424438476562,0.04933634400367737,0.18638392857142858,28.62326976231166,0.006920821898217712,0.0001,0.2,35.83424758911133,0.8589975833892822,17777,1857.85107421875,1000.0
172,506,695,352256,0.0345549,13.925395965576172,0.04932766780257225,0.1821001838235294,28.625176261453067,-0.007977939375183162,0.0001,0.2,28.900891921099493,0.8691032528877258,17782,1869.83544921875,1000.0
173,509,695,354304,0.027681353,21.53801727294922,0.049323659390211105,0.21819196428571427,28.62784549168178,0.0033783824515662025,0.0001,0.2,46.6958988734654,0.8056831359863281,17784,1869.83544921875,1000.0
174,512,695,356352,0.03796163,15.349254608154297,0.04932248592376709,0.20390625,28.628702926635743,0.011505910940468312,0.0001,0.2,30.354287338256835,0.914311408996582,17786,1869.83544921875,1000.0
175,514,696,358400,0.033416864,7.913045406341553,0.04931854456663132,0.21243990384615385,28.629554748535156,-0.003738272684411361,0.0001,0.2,17.000755310058594,0.9490796327590942,17790,1869.83544921875,1000.0
176,518,695,360448,0.030595884,7.367687225341797,0.04931860789656639,0.270263671875,28.630455255508423,0.002894399454817176,0.0001,0.2,14.69773280620575,0.9560160636901855,17792,1876.7366943359375,1000.0
177,521,695,362496,0.01311272,23.858186721801758,0.0493190698325634,0.16357421875,28.630242347717285,0.010973729309625924,0.0001,0.2,48.03684711456299,0.8619951009750366,17793,1876.7366943359375,1000.0
178,523,695,364544,0.025444848,54.26158905029297,0.04932262748479843,0.265625,28.629638671875,0.0021595281238357225,0.0001,0.2,112.80882771809895,0.24186420440673828,17796,1876.7366943359375,1000.0
179,526,696,366592,0.03143075,57.87522888183594,0.04932347685098648,0.2001953125,28.62866719563802,0.008531175398578247,0.0001,0.2,127.81435267130534,0.20547938346862793,17798,1876.7366943359375,1000.0
180,530,694,368640,0.029746007,52.645198822021484,0.0493193082511425,0.21763392857142858,28.62901292528425,-0.007348608059276428,0.0001,0.2,110.79352188110352,0.19885331392288208,17802,1870.1650390625,1000.0
181,533,695,370688,0.027430987,45.71659851074219,0.04931128770112991,0.2516276041666667,28.631468454996746,-0.002945299648369352,0.0001,0.2,95.39533615112305,0.47378480434417725,17805,1870.1650390625,1000.0
182,535,695,372736,0.02515037,10.542815208435059,0.04930111765861511,0.2599609375,28.634720897674562,-0.012796026514843106,0.0001,0.2,23.69524030685425,0.9276147484779358,17810,1870.1650390625,1000.0
183,538,696,374784,0.03125678,10.517058372497559,0.049299247562885284,0.201953125,28.637010192871095,0.004020287515595555,0.0001,0.2,21.844097137451172,0.9324710965156555,17812,1870.1650390625,1000.0
184,542,694,376832,0.02801629,9.750114440917969,0.049292683601379395,0.24200994318181818,28.6384804465554,-0.006085779517889023,0.0001,0.2,19.618717020208184,0.9426143765449524,17815,1869.965576171875,1000.0
185,545,695,378880,0.030960804,47.26844024658203,0.04928941652178764,0.20200892857142858,28.64041655404227,0.010333034342953138,0.0001,0.2,117.23097229003906,0.740473210811615,17817,1869.965576171875,1000.0
186,547,695,380928,0.013409534,81.8344497680664,0.04928181320428848,0.17470703125,28.64231367111206,-0.008252064848784357,0.0001,0.2,169.1911766052246,0.7283366918563843,17822,1869.965576171875,1000.0
187,550,695,382976,0.019307943,62.542938232421875,0.04928131401538849,0.18232421875,28.64426965713501,-0.009676654043141752,0.0001,0.2,145.1095397949219,0.7836042642593384,17827,1869.965576171875,1000.0
188,554,694,385024,0.017234048,65.16879272460938,0.04928106442093849,0.1826171875,28.64378366470337,-0.01227817207109183,0.0001,0.2,134.55929870605468,0.8262190818786621,17832,1853.46435546875,1000.0
189,557,694,387072,0.01685283,53.56057357788086,0.049271948635578156,0.22255859375,28.64543523788452,-0.01293295188806951,0.0001,0.2,113.1285213470459,0.810300886631012,17837,1853.46435546875,1000.0
190,560,694,389120,0.012760711,7.251882076263428,0.04926113784313202,0.14697265625,28.648973751068116,-0.0026298655895516275,0.0001,0.2,29.801397037506103,0.8990892171859741,17842,1853.46435546875,1000.0
191,562,695,391168,0.02658754,15.760557174682617,0.04925404489040375,0.193359375,28.652771268572128,0.002404694112816027,0.0001,0.2,39.249577386038645,0.8081703186035156,17844,1853.46435546875,1000.0
192,566,694,393216,0.027595151,10.442062377929688,0.04924656078219414,0.189697265625,28.655581831932068,-0.004646539120585658,0.0001,0.2,22.985371470451355,0.8510883450508118,17848,1850.092041015625,1000.0
193,569,694,395264,0.02886979,71.12129211425781,0.04924623668193817,0.2840711805555556,28.656904008653427,-0.007286023568465478,0.0001,0.2,130.04743448893228,0.6987212896347046,17853,1850.092041015625,1000.0
194,571,694,397312,0.019471709,95.81100463867188,0.04924754798412323,0.2220703125,28.65663871765137,-0.010262589459307492,0.0001,0.2,206.32200088500977,0.6684044599533081,17858,1850.092041015625,1000.0
195,574,695,399360,0.015574312,103.46440887451172,0.04924681782722473,0.16357421875,28.65653877258301,-0.01196870079729706,0.0001,0.2,193.83604354858397,0.7156789302825928,17863,1850.092041015625,1000.0
196,578,693,401408,0.026747549,101.96188354492188,0.04924744740128517,0.2576171875,28.65666561126709,-0.014962887542787939,0.0001,0.2,187.86175689697265,0.7463329434394836,17868,1851.905517578125,1000.0
197,581,694,403456,0.02169693,47.232627868652344,0.049247220158576965,0.15206473214285715,28.65640776497977,-0.0030692449238683495,0.0001,0.2,97.1397726876395,0.8073685765266418,17870,1851.905517578125,1000.0
198,583,694,405504,0.024394125,17.145570755004883,0.04924164339900017,0.226171875,28.657403469085693,-0.006587134627625346,0.0001,0.2,37.22713832855224,0.9184111952781677,17875,1851.905517578125,1000.0
199,586,694,407552,0.022492073,14.941858291625977,0.04922971501946449,0.19296875,28.660150814056397,-0.009587916545569897,0.0001,0.2,32.1291880607605,0.9201200008392334,17880,1851.905517578125,1000.0
200,590,694,409600,0.026822628,12.779210090637207,0.0492253452539444,0.2255859375,28.663854360580444,0.01176621310878545,0.0001,0.2,27.234243631362915,0.9281176328659058,17882,1839.6859130859375,1000.0
201,592,694,411648,0.029052312,23.798057556152344,0.049220696091651917,0.19661458333333334,28.6653258005778,-0.010758837529768547,0.0001,0.2,52.27501392364502,0.901707649230957,17885,1839.6859130859375,1000.0
202,595,694,413696,0.01890947,20.32493019104004,0.049215223640203476,0.21669921875,28.66727170944214,-0.012368296342901885,0.0001,0.2,44.96860904693604,0.9262492060661316,17890,1839.6859130859375,1000.0
203,598,695,415744,0.021290315,26.227651596069336,0.04921245947480202,0.168212890625,28.66875147819519,0.0014092015335336328,0.0001,0.2,53.37144947052002,0.9146839380264282,17892,1839.6859130859375,1000.0
204,601,694,417792,0.03163303,23.420185089111328,0.049210213124752045,0.2339409722222222,28.669796201917862,-0.00404686015099287,0.0001,0.2,47.52417924669054,0.926222562789917,17895,1834.7750244140625,1000.0
205,604,694,419840,0.02768452,29.192127227783203,0.04920894652605057,0.17122395833333334,28.67043972015381,0.0007440935975561539,0.0001,0.2,60.78365834554037,0.9181926250457764,17897,1834.7750244140625,1000.0
206,607,694,421888,0.019876987,16.211641311645508,0.049204643815755844,0.24580078125,28.67130289077759,-0.007505806302651763,0.0001,0.2,34.76078119277954,0.9602745175361633,17902,1834.7750244140625,1000.0
207,609,695,423936,0.035842188,17.73101234436035,0.04920252785086632,0.18203125,28.672645568847656,0.0034351822920143603,0.0001,0.2,35.982933807373044,0.9561408162117004,17904,1834.7750244140625,1000.0
208,613,694,425984,0.03169302,19.203210830688477,0.04919695854187012,0.2650669642857143,28.673980167933873,0.004992737966988768,0.0001,0.2,39.54395130702427,0.9528329372406006,17906,1831.47998046875,1000.0
209,616,694,428032,0.04659964,82.92579650878906,0.0491928905248642,0.237109375,28.675928115844727,0.01464256914332509,0.0001,0.2,166.756591796875,0.810573160648346,17908,1831.47998046875,1000.0
210,618,694,430080,0.025552293,58.673194885253906,0.04918913543224335,0.19419642857142858,28.677388872419083,0.00981747142837516,0.0001,0.2,135.78726959228516,0.8245114088058472,17910,1831.47998046875,1000.0
211,623,693,432128,0.016398394,55.43136978149414,0.049182843416929245,0.17431640625,28.679243278503417,-0.010739328525960445,0.0001,0.2,122.98190078735351,0.8351952433586121,17915,1803.7325439453125,1000.0
212,625,693,434176,0.012255972,64.54244232177734,0.049178753048181534,0.13837890625,28.681051158905028,-0.011382169974967837,0.0001,0.2,135.56662216186524,0.8558424115180969,17920,1803.7325439453125,1000.0
213,628,694,436224,0.0140942205,18.25087547302246,0.04917444288730621,0.11318359375,28.682479095458984,-0.009058299078606068,0.0001,0.2,42.208116149902345,0.9240255355834961,17925,1803.7325439453125,1000.0
214,630,694,438272,0.020385649,16.59861946105957,0.0491727739572525,0.17021484375,28.683868503570558,-0.014600460440851748,0.0001,0.2,36.33507223129273,0.9223719835281372,17930,1803.7325439453125,1000.0
215,634,693,440320,0.022125738,16.12690544128418,0.04916801303625107,0.21015625,28.684597301483155,-0.014414680190384388,0.0001,0.2,36.44795150756836,0.9193271994590759,17935,1801.18212890625,1000.0
216,637,694,442368,0.021883953,21.994930267333984,0.04916663467884064,0.21328125,28.686474990844726,-0.011204426537733524,0.0001,0.2,46.98301448822021,0.8897207379341125,17940,1801.18212890625,1000.0
217,640,694,444416,0.023290534,10.735881805419922,0.04916471987962723,0.2279296875,28.68631820678711,-0.006621177471242845,0.0001,0.2,23.644399452209473,0.9760503172874451,17945,1801.18212890625,1000.0
218,642,694,446464,0.027095862,13.377713203430176,0.04915955290198326,0.22236328125,28.68795156478882,-0.008083592529874294,0.0001,0.2,26.38401460647583,0.9615925550460815,17950,1801.18212890625,1000.0
219,646,693,448512,0.015565736,13.216835021972656,0.049149420112371445,0.23251953125,28.690486335754393,-0.009030595421791077,0.0001,0.2,26.583616161346434,0.9593309760093689,17955,1799.7923583984375,1000.0
220,649,693,450560,0.035101958,23.37489891052246,0.04914732277393341,0.19296875,28.693047332763673,0.003658148506656289,0.0001,0.2,52.33120422363281,0.9076000452041626,17957,1799.7923583984375,1000.0
221,651,694,452608,0.029423393,11.957012176513672,0.04914535582065582,0.1953125,28.693801561991375,0.008105504404132565,0.0001,0.2,25.401426633199055,0.9526143670082092,17959,1799.7923583984375,1000.0
222,654,694,454656,0.025891699,12.498899459838867,0.04913778975605965,0.21833147321428573,28.69537843976702,-0.006176580109500459,0.0001,0.2,25.889871052333287,0.9459356069564819,17963,1799.7923583984375,1000.0
223,658,693,456704,0.013088469,11.782893180847168,0.04913647472858429,0.16861979166666666,28.697214126586914,0.007324191741645336,0.0001,0.2,25.440724054972332,0.94789719581604,17964,1795.6776123046875,1000.0
224,661,693,458752,0.039120745,32.49169158935547,0.049134593456983566,0.2265625,28.697816467285158,0.003998548910021782,0.0001,0.2,61.46687774658203,0.8536515235900879,17966,1795.6776123046875,1000.0
225,663,694,460800,0.027171839,12.89148235321045,0.049131784588098526,0.1796875,28.69863287607829,-0.005451201771696408,0.0001,0.2,24.63591130574544,0.8769176006317139,17968,1795.6776123046875,1000.0
226,666,694,462848,0.013646191,13.756961822509766,0.04913051426410675,0.1728515625,28.699440002441406,0.0076791211031377316,0.0001,0.2,24.783709049224854,0.8830974102020264,17969,1795.6776123046875,1000.0
227,669,693,464896,0.033821035,12.488578796386719,0.049127571284770966,0.217578125,28.700214004516603,0.008599155955016613,0.0001,0.2,24.39088668823242,0.8788051009178162,17971,1800.4769287109375,1000.0
228,672,694,466944,0.034184653,17.3268985748291,0.04912446811795235,0.20546875,28.701306533813476,0.002893985994160175,0.0001,0.2,38.25370788574219,0.9224127531051636,17973,1800.4769287109375,1000.0
229,675,694,468992,0.03179171,9.057812690734863,0.04912160336971283,0.175,28.702416610717773,0.0037864889949560166,0.0001,0.2,17.29264678955078,0.9683569669723511,17975,1800.4769287109375,1000.0
230,677,694,471040,0.02981961,15.500731468200684,0.0491175539791584,0.2525111607142857,28.703792027064733,0.001179834162550313,0.0001,0.2,30.865257808140345,0.9413294792175293,17977,1800.4769287109375,1000.0
231,681,694,473088,0.036726885,8.1806001663208,0.04911515861749649,0.18125,28.70487747192383,0.002776557765901089,0.0001,0.2,17.350946044921876,0.9674938917160034,17979,1806.61279296875,1000.0
232,684,694,475136,0.023325041,44.9741096496582,0.04911176487803459,0.18052455357142858,28.705997739519393,0.004133611518357482,0.0001,0.2,91.12982722691127,0.818062424659729,17981,1806.61279296875,1000.0
233,687,694,477184,0.02017126,34.239078521728516,0.049108173698186874,0.2568359375,28.707291698455812,-0.01838133770506829,0.0001,0.2,75.01311492919922,0.7443273067474365,17986,1806.61279296875,1000.0
234,690,694,479232,0.025743205,34.124794006347656,0.049105025827884674,0.20426432291666666,28.708569208780926,-0.008032160229049623,0.0001,0.2,84.33704566955566,0.700028657913208,17989,1806.61279296875,1000.0
235,693,693,481280,0.027888427,46.94807815551758,0.04909972473978996,0.1958984375,28.70998134613037,-0.006208641640841961,0.0001,0.2,88.62790222167969,0.6720510125160217,17992,1827.69921875,1000.0
236,696,693,483328,0.021096993,25.342754364013672,0.04909750446677208,0.23916015625,28.712073802947998,-0.012812100537121295,0.0001,0.2,52.38575954437256,0.8801804184913635,17997,1827.69921875,1000.0
237,699,694,485376,0.022652999,9.856006622314453,0.04908983036875725,0.24970703125,28.71294059753418,-0.013096428115386517,0.0001,0.2,24.275744819641112,0.9513450860977173,18002,1827.69921875,1000.0
238,701,694,487424,0.029206479,8.112227439880371,0.049080394208431244,0.23744419642857142,28.716157913208008,-0.007723541963579399,0.0001,0.2,19.63013185773577,0.9617889523506165,18006,1827.69921875,1000.0
239,705,693,489472,0.0335558,10.3812894821167,0.04907669499516487,0.176953125,28.71889991760254,-0.0007418040186166763,0.0001,0.2,23.22418327331543,0.9615850448608398,18008,1811.1390380859375,1000.0
240,708,694,491520,0.030851804,19.650014877319336,0.04907358065247536,0.24135044642857142,28.72012710571289,0.0010773596087736742,0.0001,0.2,40.554908752441406,0.9045798778533936,18010,1811.1390380859375,1000.0
241,710,694,493568,0.03300485,10.547962188720703,0.04907180368900299,0.199609375,28.721027374267578,0.006558186933398246,0.0001,0.2,21.292420196533204,0.9468632936477661,18012,1811.1390380859375,1000.0
242,713,694,495616,0.028789515,10.810070991516113,0.04906594008207321,0.21263020833333332,28.722336451212566,-0.0030150578978161017,0.0001,0.2,22.2635373433431,0.9374377727508545,18016,1811.1390380859375,1000.0
243,718,692,497664,0.0305973,9.660304069519043,0.04905976727604866,0.18524639423076922,28.72456198472243,7.120707931999977e-05,0.0001,0.2,21.929423552293045,0.9273203611373901,18020,1793.572509765625,1000.0
244,721,692,499712,0.026700739,26.55514907836914,0.049054816365242004,0.253662109375,28.72670292854309,0.005376528308261186,0.0001,0.2,53.98618268966675,0.8308988809585571,18022,1793.572509765625,1000.0
245,724,692,501760,0.02974065,11.957328796386719,0.04905189201235771,0.20279947916666666,28.72817834218343,0.0030921033661191664,0.0001,0.2,24.862014770507812,0.9300198554992676,18024,1793.572509765625,1000.0
246,726,693,503808,0.02525876,8.925970077514648,0.04903411120176315,0.23994140625,28.73129014968872,-0.008866607258096338,0.0001,0.2,19.391086292266845,0.9371134042739868,18029,1793.572509765625,1000.0
247,730,692,505856,0.030225761,10.461078643798828,0.049029480665922165,0.20768229166666666,28.736196517944336,-0.00023933639749884605,0.0001,0.2,21.19147777557373,0.9154850840568542,18031,1834.975341796875,1000.0
248,733,692,507904,0.026028454,19.509721755981445,0.04902001842856407,0.24453125,28.738786029815675,-0.012694528908468783,0.0001,0.2,43.60468292236328,0.9083849191665649,18036,1834.975341796875,1000.0
249,735,692,509952,0.023217686,12.973443031311035,0.04901723191142082,0.27001953125,28.741189002990723,-0.011650063411798329,0.0001,0.2,28.479654216766356,0.94681715965271,18041,1834.975341796875,1000.0
250,739,692,512000,0.033371374,14.004311561584473,0.04901517182588577,0.206640625,28.741862869262697,-0.0012020330876111984,0.0001,0.2,28.24024429321289,0.9532742500305176,18043,1844.87451171875,1000.0
251,742,692,514048,0.028879613,12.293391227722168,0.04901380091905594,0.22014508928571427,28.742530822753906,-0.0030994985053049667,0.0001,0.2,23.55163356236049,0.959123432636261,18045,1844.87451171875,1000.0
252,744,692,516096,0.03533861,58.16038513183594,0.04901368170976639,0.21842447916666666,28.742818196614582,0.011530951441576084,0.0001,0.2,124.77779006958008,0.842517614364624,18047,1844.87451171875,1000.0
253,747,693,518144,0.022429883,43.6338005065918,0.04901239648461342,0.19697265625,28.743067264556885,-0.005358329298906029,0.0001,0.2,93.8391887664795,0.8715599775314331,18052,1844.87451171875,1000.0
254,751,692,520192,0.018319797,45.189231872558594,0.049008868634700775,0.13154296875,28.743788242340088,-0.008973902312573046,0.0001,0.2,92.92333908081055,0.8923392295837402,18057,1834.2166748046875,1000.0
255,754,692,522240,0.027033139,47.86056900024414,0.049008384346961975,0.22421875,28.744932460784913,-0.013957282912451774,0.0001,0.2,97.3213996887207,0.8955842852592468,18062,1834.2166748046875,1000.0
256,757,692,524288,0.027460685,15.187942504882812,0.04900521785020828,0.2659912109375,28.745367884635925,-0.01005672151222825,0.0001,0.2,32.40608060359955,0.9358394742012024,18066,1834.2166748046875,1000.0
257,759,692,526336,0.028720416,14.882220268249512,0.049005165696144104,0.22907366071428573,28.746080943516322,0.00510110509847956,0.0001,0.2,30.742109026227677,0.9399799704551697,18068,1834.2166748046875,1000.0
258,763,691,528384,0.022870293,11.328688621520996,0.04900610074400902,0.23291015625,28.745806884765624,-0.012997599388472735,0.0001,0.2,23.936578845977785,0.9472599029541016,18073,1827.943603515625,1000.0
259,766,692,530432,0.030552851,17.992197036743164,0.04900338500738144,0.23473011363636365,28.7460524819114,-0.004751261620020325,0.0001,0.2,39.5516242980957,0.9121472239494324,18076,1827.943603515625,1000.0
260,768,692,532480,0.012983147,11.248772621154785,0.049000199884176254,0.1728515625,28.747406005859375,0.010470246314071119,0.0001,0.2,21.764225482940674,0.9116770625114441,18077,1827.943603515625,1000.0
261,771,692,534528,0.031146137,11.16472339630127,0.048997510224580765,0.188671875,28.748511123657227,0.00026737302541732786,0.0001,0.2,23.217515563964845,0.9060734510421753,18079,1827.943603515625,1000.0
262,775,692,536576,0.033819497,13.35345458984375,0.04899287223815918,0.2353515625,28.749791145324707,0.0021019462340821824,0.0001,0.2,24.93616263071696,0.8965463042259216,18081,1863.53125,1000.0
263,777,692,538624,0.036603715,13.671833038330078,0.04899098724126816,0.20546875,28.751079940795897,0.00210544103756547,0.0001,0.2,28.970943450927734,0.9199985265731812,18083,1863.53125,1000.0
264,780,692,540672,0.032554172,14.760064125061035,0.048990290611982346,0.178515625,28.751483154296874,0.007138302642852068,0.0001,0.2,32.82056579589844,0.9778387546539307,18085,1863.53125,1000.0
265,783,693,542720,0.026936233,6.799469470977783,0.04898454248905182,0.2689453125,28.752377605438234,0.00016331453807651996,0.0001,0.2,18.73571343421936,0.9790393114089966,18090,1863.53125,1000.0
266,787,691,544768,0.020212868,5.737695693969727,0.04897435009479523,0.2193359375,28.755231380462646,-0.001950185839086771,0.0001,0.2,15.61154613494873,0.9758812189102173,18095,1885.6640625,1000.0
267,790,691,546816,0.026604943,33.172637939453125,0.04896976426243782,0.25146484375,28.758341312408447,-0.005855158689276625,0.0001,0.2,63.22149085998535,0.8504146337509155,18098,1885.6640625,1000.0
268,792,692,548864,0.028908294,11.785650253295898,0.04896711930632591,0.19010416666666666,28.759738286336262,0.003411248209886253,0.0001,0.2,24.660457293192547,0.9143987894058228,18100,1885.6640625,1000.0
269,795,692,550912,0.032699432,11.781610488891602,0.04896600544452667,0.24251302083333334,28.76043128967285,0.000386679545044899,0.0001,0.2,23.598830858866375,0.9228097200393677,18102,1885.6640625,1000.0
270,799,691,552960,0.028560767,9.793256759643555,0.048964790999889374,0.2525111607142857,28.760894502912247,-0.0005520367994904518,0.0001,0.2,19.214693341936385,0.9322538375854492,18104,1877.61181640625,1000.0
271,801,692,555008,0.017438224,38.53059005737305,0.04896390438079834,0.2138671875,28.76131296157837,0.015138957183808088,0.0001,0.2,77.28688430786133,0.8397749662399292,18105,1877.61181640625,1000.0
272,804,692,557056,0.032195657,58.665740966796875,0.0489627867937088,0.20963541666666666,28.761723518371582,0.013866925767312447,0.0001,0.2,104.78169504801433,0.8635390996932983,18107,1877.61181640625,1000.0
273,807,692,559104,0.022077486,53.53288269042969,0.04896235838532448,0.19580078125,28.762232303619385,-0.011295740073546768,0.0001,0.2,111.41270561218262,0.850925624370575,18112,1877.61181640625,1000.0
274,811,691,561152,0.019926405,54.738826751708984,0.04897695034742355,0.25966796875,28.76011037826538,-0.012012727838009597,0.0001,0.2,103.08675422668458,0.8689538836479187,18117,1871.6513671875,1000.0
275,813,692,563200,0.024526428,33.3610725402832,0.04898134991526604,0.18310546875,28.75589656829834,-0.004232077102642506,0.0001,0.2,77.66788005828857,0.866158127784729,18119,1871.6513671875,1000.0
276,816,692,565248,0.021811735,7.985250473022461,0.04898017644882202,0.22626953125,28.75487403869629,-0.004456257843412459,0.0001,0.2,16.863403701782225,0.9557939171791077,18124,1871.6513671875,1000.0
277,819,692,567296,0.023729969,6.787522792816162,0.0489719994366169,0.2376953125,28.75681314468384,-0.010948957013897597,0.0001,0.2,15.357283401489259,0.9530681371688843,18129,1871.6513671875,1000.0
278,823,691,569344,0.02609793,9.761927604675293,0.04896857962012291,0.18001302083333334,28.759342511494953,0.0017958679236471653,0.0001,0.2,20.03698507944743,0.9490954875946045,18131,1876.516845703125,1000.0
279,826,691,571392,0.027020767,18.743492126464844,0.04895611107349396,0.2609592013888889,28.76210329267714,-0.010686667687777016,0.0001,0.2,40.25678454505073,0.9039242267608643,18136,1876.516845703125,1000.0
280,828,691,573440,0.02279165,11.0507173538208,0.04895114526152611,0.19384765625,28.765438318252563,0.002938639954663813,0.0001,0.2,20.701516151428223,0.9446419477462769,18138,1876.516845703125,1000.0
281,831,692,575488,0.027516304,6.8968706130981445,0.04893815889954567,0.2635091145833333,28.76857900619507,-0.0027982022535676756,0.0001,0.2,14.346284866333008,0.9595894813537598,18141,1876.516845703125,1000.0
282,835,691,577536,0.014127488,9.325719833374023,0.048933159559965134,0.19189453125,28.772156238555908,0.004172239103354514,0.0001,0.2,19.41620445251465,0.9479659795761108,18142,1882.978271484375,1000.0
283,837,691,579584,0.03983497,15.191193580627441,0.04892715439200401,0.19765625,28.774280166625978,0.005405462905764579,0.0001,0.2,35.92836456298828,0.8845942616462708,18144,1882.978271484375,1000.0
284,840,692,581632,0.014889207,6.551143646240234,0.048923008143901825,0.20849609375,28.776092052459717,0.008579193614423275,0.0001,0.2,12.393231630325317,0.9588344097137451,18145,1882.978271484375,1000.0
285,843,692,583680,0.015217815,8.3809814453125,0.04891715943813324,0.18505859375,28.777915954589844,0.012406945112161338,0.0001,0.2,16.80152177810669,0.9495319128036499,18146,1882.978271484375,1000.0
286,847,691,585728,0.014536525,7.1672773361206055,0.048910900950431824,0.1943359375,28.780166625976562,0.006719469092786312,0.0001,0.2,13.12581753730774,0.9577462673187256,18147,1905.5076904296875,1000.0
287,849,691,587776,0.028136805,108.99815368652344,0.048903174698352814,0.18229166666666666,28.782854398091633,0.0032562321284785867,0.0001,0.2,206.53553263346353,0.7015917301177979,18149,1905.5076904296875,1000.0
288,852,692,589824,0.019863363,86.4205322265625,0.04889276251196861,0.2234375,28.786579036712645,-0.004977190063800663,0.0001,0.2,182.80251846313476,0.7118377685546875,18154,1905.5076904296875,1000.0
289,855,691,591872,0.02118857,77.86141967773438,0.04888930171728134,0.24697265625,28.788651084899904,-0.01045408541103825,0.0001,0.2,161.93771896362304,0.7644173502922058,18159,1905.5076904296875,1000.0
290,859,690,593920,0.017491646,86.3976058959961,0.048889681696891785,0.12421875,28.789454078674318,-0.00989213993307203,0.0001,0.2,181.56925277709962,0.7848296165466309,18164,1886.6304931640625,1000.0
291,862,691,595968,0.018194342,14.991446495056152,0.04888409376144409,0.22568359375,28.790002727508544,-0.01649922422366217,0.0001,0.2,32.05455465316773,0.9485904574394226,18169,1886.6304931640625,1000.0
292,865,691,598016,0.031222772,9.057723999023438,0.048873864114284515,0.23357077205882354,28.792947881362018,-0.004748493022121051,0.0001,0.2,19.83207545560949,0.9671924114227295,18174,1886.6304931640625,1000.0
293,868,690,600064,0.033576485,8.847238540649414,0.048859115689992905,0.2670641447368421,28.79764918277138,-0.010982280940209565,0.0001,0.2,19.961061076114053,0.9620989561080933,18179,1845.7646484375,1000.0
294,871,691,602112,0.038635753,7.219750881195068,0.04885394871234894,0.232421875,28.8014892578125,0.0025830455124378204,0.0001,0.2,15.440925025939942,0.9715229272842407,18181,1845.7646484375,1000.0
295,873,691,604160,0.020311251,46.30305862426758,0.04884772747755051,0.2552734375,28.804133701324464,-0.012675317283719779,0.0001,0.2,104.71153373718262,0.8734544515609741,18186,1845.7646484375,1000.0
296,876,691,606208,0.030164188,57.57737731933594,0.04884670674800873,0.21697443181818182,28.80485031821511,-0.00820309351283041,0.0001,0.2,103.99738242409445,0.8838351368904114,18189,1845.7646484375,1000.0
297,880,690,608256,0.026791342,41.624698638916016,0.04884593188762665,0.27509765625,28.805584335327147,-0.016226937901228665,0.0001,0.2,102.86699905395508,0.8819460272789001,18194,1834.849365234375,1000.0
298,884,690,610304,0.02345468,51.98229217529297,0.048845529556274414,0.16434151785714285,28.80537223815918,-0.004276547580957413,0.0001,0.2,112.32115173339844,0.8799428939819336,18196,1834.849365234375,1000.0
299,886,690,612352,0.029557347,12.095433235168457,0.04884413257241249,0.2033203125,28.805843353271484,0.0042428360786288975,0.0001,0.2,32.42575950622559,0.9649547338485718,18199,1834.849365234375,1000.0
300,889,690,614400,0.031994216,7.387292861938477,0.04883797839283943,0.16471354166666666,28.806814935472275,-0.009752893846275078,0.0001,0.2,18.3497478167216,0.9669632315635681,18204,1834.849365234375,1000.0
301,893,690,616448,0.023693936,6.894914627075195,0.04882615804672241,0.1708984375,28.81018409729004,-0.006066634925082326,0.0001,0.2,17.756512117385864,0.969788670539856,18209,1853.30419921875,1000.0
302,895,690,618496,0.019513901,15.952256202697754,0.048806652426719666,0.21982421875,28.815912437438964,-0.01142320369835943,0.0001,0.2,34.282397747039795,0.9195139408111572,18214,1853.30419921875,1000.0
303,898,690,620544,0.03386385,19.335397720336914,0.04880305379629135,0.194140625,28.8207218170166,0.010423442721366883,0.0001,0.2,38.52761535644531,0.9458298087120056,18216,1853.30419921875,1000.0
304,901,690,622592,0.025720734,16.941890716552734,0.04878228157758713,0.28017578125,28.82480697631836,-0.00732814755756408,0.0001,0.2,34.144177722930905,0.9450331926345825,18221,1853.30419921875,1000.0
305,905,689,624640,0.024202552,23.910694122314453,0.048776958137750626,0.1611328125,28.830106417338055,0.004180222672099869,0.0001,0.2,47.343777338663735,0.9302880167961121,18223,1845.2652587890625,1000.0
306,907,690,626688,0.031193268,27.456235885620117,0.048773400485515594,0.198828125,28.831715393066407,-6.76603987812996e-05,0.0001,0.2,62.370338439941406,0.8967395424842834,18225,1845.2652587890625,1000.0
307,910,690,628736,0.022902261,11.687978744506836,0.048759669065475464,0.2532958984375,28.834927082061768,-0.0011394558096071705,0.0001,0.2,22.638216018676758,0.9441399574279785,18229,1845.2652587890625,1000.0
308,913,690,630784,0.02588516,9.045093536376953,0.04875236004590988,0.2828776041666667,28.839272022247314,0.0015326927338416378,0.0001,0.2,21.264990011850994,0.9446473121643066,18232,1845.2652587890625,1000.0
309,917,690,632832,0.033320297,10.285086631774902,0.04875267297029495,0.192578125,28.840215301513673,0.007788023957982659,0.0001,0.2,21.996431732177733,0.9416211247444153,18234,1858.381103515625,1000.0
310,919,690,634880,0.022465037,21.440473556518555,0.048749882727861404,0.27216796875,28.840533828735353,-0.006516243773512542,0.0001,0.2,48.52427711486816,0.8757908344268799,18239,1858.381103515625,1000.0
311,922,690,636928,0.028925784,11.58664608001709,0.04874837398529053,0.2099609375,28.84151299794515,0.007103515012810628,0.0001,0.2,23.727525393168133,0.9233563542366028,18241,1858.381103515625,1000.0
312,925,690,638976,0.02500594,7.0062150955200195,0.04874230921268463,0.25478515625,28.842888259887694,-0.01220869543030858,0.0001,0.2,15.603638172149658,0.9495499730110168,18246,1858.381103515625,1000.0
313,928,690,641024,0.027883843,8.241880416870117,0.04874075949192047,0.21256510416666666,28.844414710998535,7.698242552578449e-05,0.0001,0.2,17.05789057413737,0.9489657878875732,18248,1867.0709228515625,1000.0
314,931,690,643072,0.027086752,12.794191360473633,0.04873901978135109,0.23881392045454544,28.845039541071113,-0.008059458912942897,0.0001,0.2,28.93009428544478,0.9406124949455261,18251,1867.0709228515625,1000.0
315,933,690,645120,0.012916818,10.815906524658203,0.0487358421087265,0.171875,28.845993518829346,0.010011787118855864,0.0001,0.2,21.317046642303467,0.9491769671440125,18252,1867.0709228515625,1000.0
316,936,690,647168,0.028623315,6.8229289054870605,0.048717036843299866,0.283984375,28.849922053019206,-0.0013693821306029956,0.0001,0.2,14.79811986287435,0.9617328643798828,18256,1867.0709228515625,1000.0
317,940,690,649216,0.024157252,8.11142349243164,0.04870752990245819,0.2158203125,28.855395317077637,-0.0008040659013204277,0.0001,0.2,15.769793272018433,0.9566442370414734,18258,1853.8739013671875,1000.0
318,942,690,651264,0.025810746,60.50243377685547,0.04870237410068512,0.17154947916666666,28.85818862915039,0.0023340441597004733,0.0001,0.2,109.51099014282227,0.7474122047424316,18260,1853.8739013671875,1000.0
319,945,691,653312,0.021250114,72.21354675292969,0.048698704689741135,0.16650390625,28.85982084274292,-0.006674110481981188,0.0001,0.2,154.58775329589844,0.5812839865684509,18262,1853.8739013671875,1000.0
320,948,691,655360,0.031333018,63.448089599609375,0.04869498312473297,0.1912109375,28.861210823059082,-0.00552404192276299,0.0001,0.2,134.2313262939453,0.6018041372299194,18265,1853.8739013671875,1000.0
321,952,690,657408,0.025978679,76.98785400390625,0.04869746416807175,0.22135416666666666,28.861747614542644,-0.006455702520906925,0.0001,0.2,142.0708735148112,0.626234769821167,18269,1828.311279296875,1000.0
322,954,690,659456,0.022753136,37.10942459106445,0.04870031774044037,0.1982421875,28.860356330871582,-0.0008900051470845938,0.0001,0.2,79.71240615844727,0.6977616548538208,18271,1828.311279296875,1000.0
323,957,691,661504,0.027307764,13.531512260437012,0.048701152205467224,0.2236328125,28.859771490097046,0.004080320009961724,0.0001,0.2,28.593851327896118,0.8285163044929504,18273,1828.311279296875,1000.0
324,959,691,663552,0.023326736,8.934319496154785,0.04871215671300888,0.22099609375,28.858354377746583,-0.010008937690872698,0.0001,0.2,19.82135601043701,0.8357194066047668,18278,1828.311279296875,1000.0
325,963,690,665600,0.026876507,11.920117378234863,0.04871615022420883,0.227294921875,28.85481309890747,0.006269732097280212,0.0001,0.2,25.396631479263306,0.830353856086731,18280,1856.2537841796875,1000.0
326,966,690,667648,0.022911131,24.633777618408203,0.048705101013183594,0.24482421875,28.855114936828613,-0.013204487878829241,0.0001,0.2,49.581542587280275,0.7765840291976929,18285,1856.2537841796875,1000.0
327,968,691,669696,0.026294747,16.23093605041504,0.04869943484663963,0.25634765625,28.859434604644775,-0.0039696476111809416,0.0001,0.2,34.43911679585775,0.8625732660293579,18288,1856.2537841796875,1000.0
328,971,691,671744,0.022072699,19.717065811157227,0.04868827387690544,0.28369140625,28.862053966522218,-0.008184888790128752,0.0001,0.2,41.335501480102536,0.8529466390609741,18293,1856.2537841796875,1000.0
329,975,690,673792,0.031715706,14.788904190063477,0.04868286848068237,0.2345920138888889,28.86561605665419,-0.002710637998663717,0.0001,0.2,31.939863204956055,0.8917439579963684,18296,1862.138916015625,1000.0
330,978,690,675840,0.027114378,62.92106246948242,0.04867986962199211,0.20982142857142858,28.867244447980607,0.008607585315725632,0.0001,0.2,131.9003688267299,0.8691455125808716,18298,1862.138916015625,1000.0
331,981,690,677888,0.016389698,50.51235580444336,0.048675134778022766,0.1662109375,28.868660831451415,-0.010941462509799748,0.0001,0.2,121.21378936767579,0.8831958174705505,18303,1862.138916015625,1000.0
332,983,691,679936,0.020443112,52.694942474365234,0.04867679998278618,0.2177734375,28.869337844848634,-0.013501594541594386,0.0001,0.2,109.57363891601562,0.9016305208206177,18308,1862.138916015625,1000.0
333,987,690,681984,0.020553943,57.99494552612305,0.04867645725607872,0.202734375,28.8686861038208,-0.014468388096429408,0.0001,0.2,114.85886154174804,0.9070053100585938,18313,1863.8873291015625,1000.0
334,990,690,684032,0.019602288,39.621788024902344,0.048673514276742935,0.18447265625,28.869326019287108,-0.011860639811493457,0.0001,0.2,69.71461715698243,0.8453273773193359,18318,1863.8873291015625,1000.0
335,992,690,686080,0.023705682,14.056635856628418,0.048680439591407776,0.2302734375,28.869382476806642,-0.016174165485426783,0.0001,0.2,30.44018096923828,0.9201425313949585,18323,1863.8873291015625,1000.0
336,996,690,688128,0.028380863,13.804693222045898,0.0486784428358078,0.2176846590909091,28.867657054554332,-0.003879597685723142,0.0001,0.2,32.57449115406383,0.9021516442298889,18326,1837.098388671875,1000.0
337,999,690,690176,0.029682217,15.560504913330078,0.04867510870099068,0.21451822916666666,28.86904303232829,0.005349721216286222,0.0001,0.2,32.148362477620445,0.9192460775375366,18328,1837.098388671875,1000.0
338,1001,690,692224,0.025989195,9.849960327148438,0.04866586998105049,0.27353515625,28.87141160964966,-0.004232023237273097,0.0001,0.2,22.032789516448975,0.980384111404419,18333,1837.098388671875,1000.0
339,1004,691,694272,0.02609393,8.346957206726074,0.048663195222616196,0.208984375,28.873722076416016,0.005194728828168341,0.0001,0.2,19.550897325788224,0.9865086674690247,18335,1837.098388671875,1000.0
340,1008,690,696320,0.0247903,7.431408405303955,0.048654839396476746,0.2326171875,28.875508117675782,-0.012889606645330787,0.0001,0.2,15.679508399963378,0.9855062365531921,18340,1876.3287353515625,1000.0
341,1011,690,698368,0.03093337,15.06456470489502,0.04865209758281708,0.17421875,28.877910995483397,0.0006258262321352959,0.0001,0.2,33.33091583251953,0.9656769037246704,18342,1876.3287353515625,1000.0
342,1013,690,700416,0.02434697,10.469409942626953,0.048649050295352936,0.20703125,28.879027605056763,0.007707025506533682,0.0001,0.2,25.31900906562805,0.9708973169326782,18344,1876.3287353515625,1000.0
343,1016,690,702464,0.031044137,11.844684600830078,0.048644259572029114,0.148828125,28.880345344543457,-0.0008021165616810322,0.0001,0.2,24.78757953643799,0.9628596305847168,18347,1876.3287353515625,1000.0
344,1020,690,704512,0.035865173,7.088343620300293,0.04863733425736427,0.20162259615384615,28.88258171081543,-0.001663767804320042,0.0001,0.2,16.04645479642428,0.9784731864929199,18351,1887.072998046875,1000.0
345,1023,690,706560,0.03585871,34.07067108154297,0.048635199666023254,0.220703125,28.88436164855957,0.008850176678970456,0.0001,0.2,72.16166534423829,0.886968731880188,18353,1887.072998046875,1000.0
346,1025,690,708608,0.028754285,64.80231475830078,0.04863445833325386,0.22770182291666666,28.884932200113933,-0.006772652384825051,0.0001,0.2,144.74883143107095,0.7937701344490051,18356,1887.072998046875,1000.0
347,1028,690,710656,0.021444457,73.35777282714844,0.04862995818257332,0.266015625,28.885719776153564,-0.01100602252408862,0.0001,0.2,142.7746154785156,0.7730727195739746,18361,1887.072998046875,1000.0
348,1032,690,712704,0.028299548,56.725791931152344,0.04862625151872635,0.2333984375,28.887332725524903,-0.0011267787776887417,0.0001,0.2,124.99449615478515,0.7921553254127502,18364,1888.1058349609375,1000.0
349,1034,690,714752,0.02763017,52.77814865112305,0.048622291535139084,0.24591619318181818,28.88880556279963,-0.0044786598194729195,0.0001,0.2,104.54012992165305,0.7984780073165894,18367,1888.1058349609375,1000.0
350,1037,691,716800,0.028480003,11.451803207397461,0.048618968576192856,0.2693536931818182,28.89012406089089,-0.0031389123760163784,0.0001,0.2,25.232968763871625,0.9309133291244507,18370,1888.1058349609375,1000.0
351,1039,691,718848,0.030553885,11.669012069702148,0.04861869290471077,0.2177734375,28.890770594278973,0.0060001276433467865,0.0001,0.2,24.42397117614746,0.9366697072982788,18372,1888.1058349609375,1000.0
352,1043,690,720896,0.03603016,12.640748977661133,0.048616934567689896,0.15625,28.891109890407986,-0.0037497256158126723,0.0001,0.2,24.57220458984375,0.9281228184700012,18375,1901.1778564453125,1000.0
353,1046,691,722944,0.026434362,38.82762145996094,0.04861418157815933,0.19670758928571427,28.892038072858536,0.004897786503923791,0.0001,0.2,84.34702519008091,0.7759050130844116,18377,1901.1778564453125,1000.0
354,1048,691,724992,0.024470419,40.746883392333984,0.048604998737573624,0.23232421875,28.894174671173097,-0.010881473915651441,0.0001,0.2,88.15007781982422,0.7751760482788086,18382,1901.1778564453125,1000.0
355,1051,691,727040,0.023087839,45.94065856933594,0.048601314425468445,0.166015625,28.896748406546457,-0.009890805331191846,0.0001,0.2,101.93845040457589,0.7203285098075867,18384,1901.1778564453125,1000.0
356,1055,690,729088,0.03004868,49.380191802978516,0.04859896004199982,0.1974826388888889,28.897887971666123,-0.002560731696171893,0.0001,0.2,96.05904812282986,0.7512474060058594,18387,1899.64697265625,1000.0
357,1057,691,731136,0.03726331,27.756153106689453,0.04859854280948639,0.221875,28.898376083374025,0.006148470938205719,0.0001,0.2,54.18739700317383,0.8586903810501099,18389,1899.64697265625,1000.0
358,1060,691,733184,0.015122812,7.1195387840271,0.04859668388962746,0.19921875,28.898734092712402,0.007619870244525373,0.0001,0.2,14.90497350692749,0.9473823308944702,18390,1899.64697265625,1000.0
359,1063,691,735232,0.022029364,6.185086250305176,0.04859543219208717,0.248046875,28.899392127990723,0.019876710837706923,0.0001,0.2,11.958940505981445,0.9622659683227539,18391,1899.64697265625,1000.0
360,1066,691,737280,0.031083135,5.587348937988281,0.04859255626797676,0.215234375,28.900106048583986,0.007556026894599199,0.0001,0.2,11.394174194335937,0.9633224010467529,18393,1876.7801513671875,1000.0
361,1069,691,739328,0.030548593,70.44974517822266,0.04858766496181488,0.23579545454545456,28.90172542225231,0.0042315841737118635,0.0001,0.2,143.01473582874644,0.6799356937408447,18396,1876.7801513671875,1000.0
362,1072,691,741376,0.024417453,69.41230010986328,0.04858528450131416,0.215234375,28.903061866760254,-0.011329094733810052,0.0001,0.2,147.3764892578125,0.7091445922851562,18401,1876.7801513671875,1000.0
363,1074,691,743424,0.014356029,55.894142150878906,0.04858667403459549,0.2443359375,28.903243732452392,-0.011273075942881405,0.0001,0.2,121.24091758728028,0.7625051736831665,18406,1876.7801513671875,1000.0
364,1079,690,745472,0.02139136,64.10968017578125,0.048586539924144745,0.2248046875,28.902929019927978,-0.012372356886044145,0.0001,0.2,132.62424697875977,0.715665340423584,18411,1851.6309814453125,1000.0
365,1082,690,747520,0.02505543,30.289413452148438,0.04859677702188492,0.25693359375,28.9017276763916,-0.015899339318275453,0.0001,0.2,63.465732192993165,0.8615437746047974,18416,1851.6309814453125,1000.0
366,1084,690,749568,0.026783751,16.632339477539062,0.04860039800405502,0.20619419642857142,28.89844540187291,0.005149881621556622,0.0001,0.2,34.07789257594517,0.9610033631324768,18418,1851.6309814453125,1000.0
367,1087,691,751616,0.025165914,8.964690208435059,0.04859944060444832,0.2025390625,28.89739465713501,-0.009308012609835714,0.0001,0.2,21.250313091278077,0.9644559621810913,18423,1851.6309814453125,1000.0
368,1091,690,753664,0.016634505,9.017128944396973,0.04858729615807533,0.25234375,28.899837017059326,-0.007177011936437339,0.0001,0.2,23.752392864227296,0.9594783782958984,18428,1885.73876953125,1000.0
369,1093,691,755712,0.02989887,32.3439826965332,0.04857182875275612,0.28794642857142855,28.905982426234655,-0.0078579310627122,0.0001,0.2,58.53929601396833,0.884661078453064,18432,1885.73876953125,1000.0
370,1096,691,757760,0.030301092,9.411280632019043,0.048567309975624084,0.21549479166666666,28.909643173217773,0.008629512197027603,0.0001,0.2,20.635377248128254,0.963901698589325,18434,1885.73876953125,1000.0
371,1098,691,759808,0.029707864,6.783033847808838,0.04855620488524437,0.27122395833333335,28.912425231933593,-0.007623454897354046,0.0001,0.2,13.96647351582845,0.9751453399658203,18438,1885.73876953125,1000.0
372,1102,691,761856,0.035447966,10.300997734069824,0.048551853746175766,0.203125,28.915379524230957,-0.005690386674056451,0.0001,0.2,21.199949900309246,0.960904061794281,18440,1874.9105224609375,1000.0
373,1104,691,763904,0.012401012,52.86552047729492,0.048548802733421326,0.14697265625,28.91687250137329,0.01234662439674139,0.0001,0.2,110.23231315612793,0.7447026968002319,18441,1874.9105224609375,1000.0
374,1107,691,765952,0.028905792,37.08778762817383,0.04854462668299675,0.21763392857142858,28.91824858529227,0.005767311967377152,0.0001,0.2,76.48903547014508,0.7917576432228088,18443,1874.9105224609375,1000.0
375,1111,691,768000,0.024696512,51.59346008300781,0.04853681102395058,0.20400390625,28.9203839302063,-0.007867561362218112,0.0001,0.2,102.19953956604004,0.7573254108428955,18448,1843.576904296875,1000.0
376,1113,691,770048,0.020391753,45.33739471435547,0.048532526940107346,0.22890625,28.92265157699585,-0.008277183200698346,0.0001,0.2,95.81201972961426,0.7717149257659912,18453,1843.576904296875,1000.0
377,1116,691,772096,0.026477195,27.281076431274414,0.048521991819143295,0.26396484375,28.925151824951172,-0.012070118659175932,0.0001,0.2,53.936600875854495,0.9037448167800903,18458,1843.576904296875,1000.0
378,1118,691,774144,0.026171729,17.342809677124023,0.048516541719436646,0.2295809659090909,28.928810813210227,-0.004197906088930639,0.0001,0.2,36.37169127030806,0.9380731582641602,18461,1843.576904296875,1000.0
379,1123,690,776192,0.024344673,16.884658813476562,0.048513758927583694,0.24343039772727273,28.930286580866035,-0.0005965577491389757,0.0001,0.2,34.75297997214577,0.9434118270874023,18464,1820.1507568359375,1000.0
380,1126,690,778240,0.028224846,20.26923942565918,0.04851175472140312,0.22405133928571427,28.931154251098633,-0.0003546491830742785,0.0001,0.2,44.008868081229075,0.9302757978439331,18466,1820.1507568359375,1000.0
381,1128,691,780288,0.027946342,11.103550910949707,0.04850587993860245,0.2692057291666667,28.932600498199463,-0.002076095280547937,0.0001,0.2,22.69416030248006,0.9414746165275574,18469,1820.1507568359375,1000.0
382,1131,691,782336,0.029900068,8.864510536193848,0.04849928244948387,0.2546164772727273,28.93515968322754,-0.001824001654643904,0.0001,0.2,20.273092790083453,0.9536847472190857,18472,1820.1507568359375,1000.0
383,1135,690,784384,0.030506842,10.110733985900879,0.048493899405002594,0.2814453125,28.937423324584962,0.002230632398277521,0.0001,0.2,21.551753807067872,0.948830783367157,18475,1854.7869873046875,1000.0
384,1138,690,786432,0.03218419,17.19933319091797,0.048491571098566055,0.18515625,28.9388671875,0.005237377807497978,0.0001,0.2,34.2623176574707,0.9263388514518738,18477,1854.7869873046875,1000.0
385,1141,691,788480,0.030725487,12.786048889160156,0.0484854131937027,0.20670572916666666,28.94037691752116,2.141149404148261e-05,0.0001,0.2,26.163407643636067,0.9170602560043335,18479,1854.7869873046875,1000.0
386,1143,691,790528,0.030652689,14.945683479309082,0.0484774112701416,0.2138671875,28.943043390909832,0.003523867344483733,0.0001,0.2,28.463797251383465,0.9135534763336182,18481,1854.7869873046875,1000.0
387,1148,690,792576,0.0125841675,16.636573791503906,0.0484711118042469,0.169921875,28.945800304412842,0.007183006266131997,0.0001,0.2,32.76411437988281,0.8983666300773621,18482,1854.9095458984375,1000.0
388,1150,690,794624,0.032475464,26.899267196655273,0.04846344143152237,0.216796875,28.94853623708089,0.008295501737544933,0.0001,0.2,52.298577626546226,0.8748470544815063,18484,1854.9095458984375,1000.0
389,1153,690,796672,0.024312388,12.711678504943848,0.04845096915960312,0.2677001953125,28.952405214309692,-0.006540499831316993,0.0001,0.2,25.34392499923706,0.9528091549873352,18488,1854.9095458984375,1000.0
390,1156,690,798720,0.030982915,8.751330375671387,0.04844648763537407,0.23936631944444445,28.95559416876899,-0.003602096086574925,0.0001,0.2,17.723969989352756,0.9611327052116394,18491,1854.9095458984375,1000.0
391,1160,690,800768,0.02416192,9.883559226989746,0.04844261705875397,0.224609375,28.956979206630162,0.0018735019090984548,0.0001,0.2,18.690242222377233,0.9634578227996826,18493,1857.0189208984375,1000.0
392,1162,690,802816,0.015897257,78.46241760253906,0.04844033718109131,0.1982421875,28.958267211914062,0.005016682087443769,0.0001,0.2,131.97809982299805,0.8062462210655212,18494,1857.0189208984375,1000.0
393,1165,690,804864,0.03092276,112.08741760253906,0.04843750596046448,0.19205729166666666,28.95924949645996,0.008935378243525824,0.0001,0.2,211.80962880452475,0.6948633193969727,18496,1857.0189208984375,1000.0
394,1168,690,806912,0.030806039,107.60899353027344,0.048434898257255554,0.16721754807692307,28.960437041062576,-0.008462547987269668,0.0001,0.2,233.42296659029446,0.6943555474281311,18500,1857.0189208984375,1000.0
395,1171,690,808960,0.032171212,77.54732513427734,0.04843570664525032,0.1677517361111111,28.96071179707845,-0.005588949968417485,0.0001,0.2,161.97599029541016,0.7655872106552124,18503,1843.178466796875,1000.0
396,1174,690,811008,0.016463744,78.2809829711914,0.048434868454933167,0.22734375,28.96042137145996,-0.012873110990040005,0.0001,0.2,158.82698974609374,0.8037393093109131,18508,1843.178466796875,1000.0
397,1177,690,813056,0.016630925,48.40857696533203,0.04842795804142952,0.15595703125,28.96195020675659,-0.011234357370994985,0.0001,0.2,113.10623359680176,0.8866046667098999,18513,1843.178466796875,1000.0
398,1179,690,815104,0.020680241,36.226985931396484,0.0484221987426281,0.2521484375,28.96456708908081,-0.013917995570227503,0.0001,0.2,97.07061042785645,0.8979418277740479,18518,1843.178466796875,1000.0
399,1184,690,817152,0.015243961,37.18840789794922,0.04842711240053177,0.20185546875,28.965214347839357,-0.012042689113877713,0.0001,0.2,88.25717163085938,0.9177600741386414,18523,1802.9024658203125,1000.0
400,1186,690,819200,0.02557638,43.113712310791016,0.04842763394117355,0.2068359375,28.963154792785645,-0.010890661017037928,0.0001,0.2,101.39214172363282,0.899968683719635,18528,1802.9024658203125,1000.0
401,1189,690,821248,0.030937871,49.194801330566406,0.04842762649059296,0.20632102272727273,28.9636155908758,-0.003973517312922261,0.0001,0.2,104.6301761973988,0.893582284450531,18531,1802.9024658203125,1000.0
402,1192,690,823296,0.02137183,48.345245361328125,0.048422619700431824,0.2560546875,28.964382934570313,-0.007640704233199358,0.0001,0.2,113.81341018676758,0.8882921934127808,18536,1802.9024658203125,1000.0
403,1196,690,825344,0.019834412,47.15021514892578,0.04842390492558479,0.22099609375,28.965638160705566,-0.011894852994009853,0.0001,0.2,103.81323928833008,0.9003763794898987,18541,1814.43408203125,1000.0
404,1198,690,827392,0.030860309,32.241722106933594,0.04842371121048927,0.224609375,28.965005986830768,-0.008670184898244985,0.0001,0.2,70.21356739717372,0.9276003837585449,18546,1814.43408203125,1000.0
405,1201,690,829440,0.014012691,11.03935432434082,0.04842131584882736,0.13330078125,28.965622901916504,-0.0036744023440405727,0.0001,0.2,31.778040981292726,0.9719458222389221,18551,1814.43408203125,1000.0
406,1204,690,831488,0.030617902,13.769667625427246,0.04841981455683708,0.19738051470588236,28.966425278607538,-0.004146599073839539,0.0001,0.2,28.380875755758847,0.967951774597168,18556,1814.43408203125,1000.0
407,1208,689,833536,0.023556624,12.518500328063965,0.048414237797260284,0.19833984375,28.967364597320557,-0.011372578260488809,0.0001,0.2,29.874633026123046,0.9671707153320312,18561,1806.3382568359375,1000.0
408,1211,689,835584,0.023112465,17.28114128112793,0.048413097858428955,0.168212890625,28.969176530838013,-0.00555077672470361,0.0001,0.2,32.89224076271057,0.9539241194725037,18563,1806.3382568359375,1000.0
409,1214,689,837632,0.030259544,5.909754753112793,0.04840962588787079,0.2326388888888889,28.969679090711807,-0.0001663282099697325,0.0001,0.2,12.871036105685764,0.9807707071304321,18566,1806.3382568359375,1000.0
410,1216,690,839680,0.030556325,8.425432205200195,0.04840407148003578,0.21061197916666666,28.9715633392334,0.001691252226009965,0.0001,0.2,17.058037598927815,0.9748903512954712,18568,1806.3382568359375,1000.0
411,1220,689,841728,0.028726751,5.168509483337402,0.04839733988046646,0.260986328125,28.97390079498291,0.00044172664638608694,0.0001,0.2,10.732760548591614,0.9836637377738953,18570,1795.8907470703125,1000.0
412,1223,689,843776,0.030661684,33.86130142211914,0.04839401692152023,0.224609375,28.97585105895996,0.012152325206746658,0.0001,0.2,70.15995025634766,0.9175461530685425,18572,1795.8907470703125,1000.0
413,1225,689,845824,0.025610045,32.96735763549805,0.04839259386062622,0.16741071428571427,28.976802825927734,-0.0034828009749097483,0.0001,0.2,64.26115471976144,0.9252634048461914,18574,1795.8907470703125,1000.0
414,1228,690,847872,0.026323922,33.817684173583984,0.04838871210813522,0.2600911458333333,28.977540016174316,-0.005251205526292324,0.0001,0.2,62.014634132385254,0.9246852397918701,18577,1795.8907470703125,1000.0
415,1232,689,849920,0.026924226,27.85675621032715,0.04838508367538452,0.2568359375,28.979137659072876,0.0050374536658637226,0.0001,0.2,63.60157251358032,0.9207463264465332,18579,1806.494384765625,1000.0
416,1234,690,851968,0.025888754,15.90200424194336,0.04837742820382118,0.2808314732142857,28.981210163661412,-0.005343726786252644,0.0001,0.2,33.88590145111084,0.9635103940963745,18583,1806.494384765625,1000.0
417,1237,690,854016,0.025902197,9.061446189880371,0.04837646335363388,0.16959635416666666,28.982902844746906,0.003798615342626969,0.0001,0.2,19.844287554423016,0.9862123727798462,18585,1806.494384765625,1000.0
418,1240,689,856064,0.024367433,8.277626037597656,0.04837401211261749,0.2513671875,28.983587646484374,-0.008600152784492821,0.0001,0.2,17.373892068862915,0.9813447594642639,18590,1807.578857421875,1000.0
419,1243,690,858112,0.041379906,8.772350311279297,0.04837380722165108,0.22109375,28.984252548217775,0.011269702948629856,0.0001,0.2,18.119857406616212,0.9865108728408813,18592,1807.578857421875,1000.0
420,1245,690,860160,0.022697875,10.118919372558594,0.04837234318256378,0.19016335227272727,28.98464688387784,-0.0016801257787103002,0.0001,0.2,21.07215690612793,0.9102776050567627,18595,1807.578857421875,1000.0
421,1248,690,862208,0.031524792,10.739397048950195,0.04837184399366379,0.21354166666666666,28.985056559244793,0.0024306487757712603,0.0001,0.2,21.76279067993164,0.9096420407295227,18597,1807.578857421875,1000.0
422,1252,690,864256,0.026907938,7.992434501647949,0.048369720578193665,0.15390625,28.985526275634765,-0.0062260497361421585,0.0001,0.2,16.007206439971924,0.9206385612487793,18600,1835.7789306640625,1000.0
423,1254,690,866304,0.02995147,17.261098861694336,0.04836716130375862,0.19791666666666666,28.986379623413086,-0.002279069973155856,0.0001,0.2,33.13795471191406,0.8289903402328491,18602,1835.7789306640625,1000.0
424,1257,690,868352,0.027691003,8.979018211364746,0.048355620354413986,0.28369140625,28.9891836643219,-0.005570395500399172,0.0001,0.2,19.11604356765747,0.9404996633529663,18606,1835.7789306640625,1000.0
425,1259,690,870400,0.0289583,6.5686726570129395,0.04835082218050957,0.22907366071428573,28.9923221043178,0.003229170638535704,0.0001,0.2,13.815293720790319,0.9546323418617249,18608,1835.7789306640625,1000.0
426,1263,690,872448,0.03008132,6.7949652671813965,0.04834423586726189,0.2255859375,28.994396209716797,-0.006112027773633599,0.0001,0.2,13.930843067169189,0.9552655220031738,18611,1856.1009521484375,1000.0
427,1266,690,874496,0.02795961,17.388656616210938,0.04834059998393059,0.22628348214285715,28.996391568865096,0.004997759126126766,0.0001,0.2,37.11660821097238,0.8936917781829834,18613,1856.1009521484375,1000.0
428,1269,690,876544,0.029915432,9.469818115234375,0.04833162948489189,0.2029296875,28.99848403930664,-0.0028710618615150453,0.0001,0.2,17.623707485198974,0.9489568471908569,18616,1856.1009521484375,1000.0
429,1271,690,878592,0.029467871,15.022852897644043,0.04832516610622406,0.22767857142857142,29.001665660313197,0.004889145593291947,0.0001,0.2,30.929215022495814,0.9100092053413391,18618,1856.1009521484375,1000.0
430,1276,690,880640,0.027472392,14.288080215454102,0.04831590875983238,0.17223011363636365,29.00438724864613,-0.004942671734501015,0.0001,0.2,28.93344324285334,0.9091785550117493,18621,1844.97314453125,1000.0
431,1278,690,882688,0.019973401,47.87871170043945,0.048304058611392975,0.25703125,29.008673191070557,-0.006599850836209953,0.0001,0.2,117.04863204956055,0.6636902093887329,18626,1844.97314453125,1000.0
432,1281,690,884736,0.021353755,47.75870895385742,0.048300180584192276,0.21123046875,29.011735820770262,-0.013727242476306856,0.0001,0.2,113.63606109619141,0.7333858013153076,18631,1844.97314453125,1000.0
433,1284,690,886784,0.022653209,51.80562973022461,0.04830709099769592,0.26806640625,29.011189270019532,-0.0147525398992002,0.0001,0.2,95.08517303466797,0.7503736019134521,18636,1844.97314453125,1000.0
434,1288,689,888832,0.021624692,59.599910736083984,0.048304758965969086,0.261328125,29.00953483581543,-0.011859214585274457,0.0001,0.2,135.11235580444335,0.603072464466095,18641,1831.60693359375,1000.0
435,1290,690,890880,0.02594759,41.65277862548828,0.04830197989940643,0.17936197916666666,29.011013984680176,-0.004678449438263972,0.0001,0.2,91.8864377339681,0.7183163166046143,18643,1831.60693359375,1000.0
436,1293,690,892928,0.018177465,12.552962303161621,0.048298586159944534,0.21826171875,29.01256685256958,-0.007174198655411601,0.0001,0.2,30.561894416809082,0.8933708667755127,18648,1831.60693359375,1000.0
437,1296,690,894976,0.029202115,11.073077201843262,0.048298727720975876,0.20670572916666666,29.01280625661214,0.004344124346971512,0.0001,0.2,23.810630162556965,0.9051532745361328,18650,1831.60693359375,1000.0
438,1300,689,897024,0.030502275,10.007473945617676,0.048292726278305054,0.17307692307692307,29.01350549551157,-0.0023863605008675503,0.0001,0.2,22.004841877863957,0.9146454334259033,18654,1853.0714111328125,1000.0
439,1303,689,899072,0.0210557,93.37506103515625,0.048286452889442444,0.20703125,29.01669235229492,-0.00295951267471537,0.0001,0.2,181.69932250976564,0.6502188444137573,18659,1853.0714111328125,1000.0
440,1305,690,901120,0.011085092,129.5588836669922,0.048286523669958115,0.10546875,29.01713619232178,-0.00521819582208991,0.0001,0.2,263.378923034668,0.5439052581787109,18664,1853.0714111328125,1000.0
441,1308,690,903168,0.015272474,125.549072265625,0.04828570783138275,0.1853515625,29.017597484588624,-0.0004983480786904693,0.0001,0.2,261.6600288391113,0.5607510805130005,18669,1853.0714111328125,1000.0
442,1312,689,905216,0.01815623,128.7492218017578,0.048285290598869324,0.15322265625,29.017477416992186,-0.010690588457509875,0.0001,0.2,264.8028961181641,0.572243332862854,18674,1836.0362548828125,1000.0
443,1315,689,907264,0.024233213,55.88319396972656,0.048284873366355896,0.17912946428571427,29.017894744873047,-0.0047145069443753785,0.0001,0.2,109.9548590523856,0.7347064018249512,18676,1836.0362548828125,1000.0
444,1317,690,909312,0.030870289,21.18645668029785,0.04828512668609619,0.167578125,29.017877197265626,0.00800289325416088,0.0001,0.2,44.191321563720706,0.9471820592880249,18678,1836.0362548828125,1000.0
445,1320,690,911360,0.03208027,10.575176239013672,0.04828538000583649,0.2052734375,29.017769050598144,0.0028406046330928802,0.0001,0.2,30.51701889038086,0.9517257213592529,18681,1836.0362548828125,1000.0
446,1324,689,913408,0.021717036,6.496066570281982,0.04828377440571785,0.155859375,29.01780185699463,-0.012792428489774466,0.0001,0.2,19.174732446670532,0.9513193368911743,18686,1837.2568359375,1000.0
447,1326,689,915456,0.025765125,55.856842041015625,0.0482809878885746,0.1787109375,29.018827199935913,0.0003723931731656194,0.0001,0.2,112.57564163208008,0.7607724666595459,18688,1837.2568359375,1000.0
448,1329,690,917504,0.028272962,55.07085037231445,0.04827889800071716,0.24272017045454544,29.019997336647727,-0.0006588260770182718,0.0001,0.2,114.86212158203125,0.7906321287155151,18691,1837.2568359375,1000.0
449,1332,690,919552,0.0340382,62.577877044677734,0.048278748989105225,0.177734375,29.020374721950954,-0.005814410487396849,0.0001,0.2,117.51624128553603,0.7890067100524902,18694,1837.2568359375,1000.0
450,1336,689,921600,0.02625893,54.78302001953125,0.048280056565999985,0.16764322916666666,29.020233790079754,0.0006061741538966695,0.0001,0.2,110.74867121378581,0.7953907251358032,18696,1848.2606201171875,1000.0
451,1338,689,923648,0.03195568,28.550752639770508,0.04828254133462906,0.2404296875,29.01936206817627,-0.004170580883510411,0.0001,0.2,57.65829010009766,0.9007912874221802,18699,1848.2606201171875,1000.0
452,1341,690,925696,0.026797257,13.061334609985352,0.04828135669231415,0.2677556818181818,29.018904946067117,-0.0022208145396275954,0.0001,0.2,25.71464001048695,0.9579043388366699,18702,1848.2606201171875,1000.0
453,1344,690,927744,0.031709623,11.2266206741333,0.048279888927936554,0.193359375,29.019655227661133,0.0018065830692648888,0.0001,0.2,21.913511657714842,0.9664815664291382,18704,1848.2606201171875,1000.0
454,1348,689,929792,0.034782402,11.669689178466797,0.04827788472175598,0.170703125,29.020262145996092,0.001184888370335102,0.0001,0.2,23.860871887207033,0.9614941477775574,18706,1837.42919921875,1000.0
455,1350,689,931840,0.033107013,23.580663681030273,0.04827531427145004,0.176953125,29.02113609313965,0.0038533950224518775,0.0001,0.2,52.28498992919922,0.9068307280540466,18708,1837.42919921875,1000.0
456,1353,690,933888,0.024194531,23.526487350463867,0.048266783356666565,0.265625,29.022974332173664,0.003630810727675756,0.0001,0.2,44.1558723449707,0.9275168776512146,18711,1837.42919921875,1000.0
457,1355,690,935936,0.030204631,23.2119083404541,0.04826246574521065,0.19498697916666666,29.02571392059326,-0.0007288559184720119,0.0001,0.2,49.17750803629557,0.918438732624054,18713,1837.42919921875,1000.0
458,1359,689,937984,0.027352134,27.949941635131836,0.04825731739401817,0.3084909539473684,29.027945568687038,-0.00967976490133687,0.0001,0.2,53.580545927348886,0.909677267074585,18718,1840.5244140625,1000.0
459,1362,690,940032,0.028099082,61.20084762573242,0.048257119953632355,0.18587239583333334,29.02850405375163,0.004358818133672078,0.0001,0.2,132.0637092590332,0.783929169178009,18720,1840.5244140625,1000.0
460,1364,690,942080,0.028809508,60.559635162353516,0.04825557395815849,0.20968191964285715,29.028857912336075,-0.007968765384118472,0.0001,0.2,116.94438770839146,0.8010551929473877,18724,1840.5244140625,1000.0
461,1368,689,944128,0.026318887,55.51717758178711,0.048256367444992065,0.18638392857142858,29.029065540858678,-0.002651582072888102,0.0001,0.2,108.95546504429409,0.8144842386245728,18726,1830.36865234375,1000.0
462,1371,690,946176,0.024927575,45.366973876953125,0.04825805127620697,0.203369140625,29.028602361679077,-0.0011951165506616235,0.0001,0.2,96.51978969573975,0.8446831703186035,18728,1830.36865234375,1000.0
463,1373,690,948224,0.025407512,22.17365074157715,0.04825890064239502,0.16373697916666666,29.028085390726726,0.0039700360503047705,0.0001,0.2,44.56412315368652,0.9362931251525879,18730,1830.36865234375,1000.0
464,1376,690,950272,0.014249096,7.186223030090332,0.048263754695653915,0.17109375,29.02735290527344,-0.010137607692740858,0.0001,0.2,24.929008388519286,0.9625924229621887,18735,1830.36865234375,1000.0
465,1380,690,952320,0.029470537,11.39244556427002,0.048266515135765076,0.20638020833333334,29.02557309468587,0.007512323015059034,0.0001,0.2,26.38442103068034,0.9524086713790894,18737,1834.7998046875,1000.0
466,1382,690,954368,0.030765563,10.411288261413574,0.048268333077430725,0.16640625,29.02468032836914,-0.004878960805945099,0.0001,0.2,23.882961463928222,0.9466662406921387,18740,1834.7998046875,1000.0
467,1385,690,956416,0.028742956,8.335908889770508,0.04826220124959946,0.231640625,29.02540397644043,-0.0022180093452334403,0.0001,0.2,17.70751838684082,0.9263125061988831,18743,1834.7998046875,1000.0
468,1388,690,958464,0.030067453,10.973379135131836,0.04825640097260475,0.22991071428571427,29.02781077793666,-0.003117172114018883,0.0001,0.2,19.808092662266322,0.9149234294891357,18745,1834.7998046875,1000.0
469,1392,689,960512,0.019107673,9.037851333618164,0.04825086146593094,0.2431640625,29.029990196228027,0.014989847026299685,0.0001,0.2,17.687009811401367,0.9264457821846008,18746,1810.8565673828125,1000.0
470,1395,689,962560,0.03240413,19.632041931152344,0.04824452102184296,0.184765625,29.03233757019043,0.008642918709665538,0.0001,0.2,39.459469604492185,0.8876518607139587,18748,1810.8565673828125,1000.0
471,1398,689,964608,0.019249456,7.510058879852295,0.04823087900876999,0.24208984375,29.03643560409546,-0.005211923224851489,0.0001,0.2,19.56962833404541,0.9766087532043457,18753,1810.8565673828125,1000.0
472,1401,689,966656,0.0291221,6.000553607940674,0.04821823537349701,0.2447509765625,29.040761470794678,-0.004604820482200012,0.0001,0.2,14.457481563091278,0.9760294556617737,18757,1810.8565673828125,1000.0
473,1405,689,968704,0.035134483,6.921003818511963,0.048215728253126144,0.30161830357142855,29.04459844316755,-0.005040262775894787,0.0001,0.2,14.881997653416224,0.9752898216247559,18761,1808.578857421875,1000.0
474,1408,689,970752,0.014571421,13.253477096557617,0.04821665585041046,0.1904296875,29.044311046600342,0.010891220183111727,0.0001,0.2,36.11215782165527,0.9412283897399902,18762,1808.578857421875,1000.0
475,1411,689,972800,0.034902185,11.192902565002441,0.0482163168489933,0.21796875,29.044221878051758,0.006449434813112021,0.0001,0.2,24.061783218383788,0.9612261652946472,18764,1808.578857421875,1000.0
476,1413,689,974848,0.02922616,11.206777572631836,0.04820556193590164,0.25306919642857145,29.045728138514928,-0.005585778205256377,0.0001,0.2,22.314084461757115,0.9646025896072388,18768,1808.578857421875,1000.0
477,1417,689,976896,0.032412104,10.19038200378418,0.048200368881225586,0.1859375,29.049388885498047,0.007961757481098175,0.0001,0.2,20.581282806396484,0.9693405032157898,18770,1820.52490234375,1000.0
478,1420,689,978944,0.028817063,22.006441116333008,0.048193320631980896,0.20926339285714285,29.051713671003068,-0.0003778872612331595,0.0001,0.2,42.50698253086635,0.9246625304222107,18772,1820.52490234375,1000.0
479,1422,689,980992,0.036400314,5.480209827423096,0.0481887012720108,0.231640625,29.05381546020508,0.009516778960824012,0.0001,0.2,11.655212593078613,0.9808805584907532,18774,1820.52490234375,1000.0
480,1425,689,983040,0.017688498,8.091788291931152,0.04818551987409592,0.2236328125,29.05536460876465,0.009143556817434728,0.0001,0.2,16.960530281066895,0.9715825915336609,18775,1820.52490234375,1000.0
481,1429,689,985088,0.03152325,6.76648473739624,0.048181965947151184,0.213671875,29.056683349609376,0.006506110168993473,0.0001,0.2,13.108503150939942,0.9792526364326477,18777,1842.375732421875,1000.0
482,1431,689,987136,0.0322127,22.036312103271484,0.04817698150873184,0.2388671875,29.0584716796875,0.003482738323509693,0.0001,0.2,44.62837905883789,0.9099305272102356,18780,1842.375732421875,1000.0
483,1434,689,989184,0.028599983,10.23552417755127,0.048175010830163956,0.21456473214285715,29.059689658028738,0.0001136387831398419,0.0001,0.2,19.896209989275253,0.9461692571640015,18782,1842.375732421875,1000.0
484,1436,689,991232,0.023733817,11.626623153686523,0.0481724813580513,0.15011160714285715,29.060538700648717,-0.0015932251699268818,0.0001,0.2,23.432292938232422,0.9401564598083496,18784,1842.375732421875,1000.0
485,1440,689,993280,0.028072203,12.220063209533691,0.0481705442070961,0.21540178571428573,29.061423437935964,-6.006498421941485e-05,0.0001,0.2,24.787842886788503,0.933039665222168,18786,1835.8438720703125,1000.0
486,1443,689,995328,0.023297299,19.21082305908203,0.048168133944272995,0.287109375,29.06230993270874,-0.0066892245784401895,0.0001,0.2,35.912825679779054,0.936578631401062,18791,1835.8438720703125,1000.0
487,1446,689,997376,0.031015912,8.571258544921875,0.04816088452935219,0.2972935267857143,29.06357901436942,-0.0038702124397137334,0.0001,0.2,17.64535195486886,0.9666568040847778,18795,1835.8438720703125,1000.0
488,1448,689,999424,0.029537203,9.488494873046875,0.048152901232242584,0.26199776785714285,29.066960743495397,0.0052150630259088105,0.0001,0.2,18.84149960109166,0.9622761011123657,18797,1835.8438720703125,1000.0
489,1452,689,1001472,0.017764248,7.618106842041016,0.04814842715859413,0.23779296875,29.069412231445312,0.012322614202275872,0.0001,0.2,16.412596225738525,0.9680067896842957,18798,1865.2392578125,1000.0
490,1455,689,1003520,0.031882633,20.04971694946289,0.048142462968826294,0.20182291666666666,29.071462631225586,-0.00200623677422603,0.0001,0.2,39.269317626953125,0.9422752261161804,18800,1865.2392578125,1000.0
491,1457,689,1005568,0.022737123,6.3981733322143555,0.04812830686569214,0.26201171875,29.075129413604735,-0.00790917311096564,0.0001,0.2,15.224153232574462,0.9794997572898865,18805,1865.2392578125,1000.0
492,1460,689,1007616,0.02894487,6.057558059692383,0.04811498522758484,0.27955729166666665,29.080121358235676,-0.004509743551413218,0.0001,0.2,12.756429862976074,0.9826909899711609,18809,1865.2392578125,1000.0
493,1463,689,1009664,0.026410004,7.770153522491455,0.048106539994478226,0.21568080357142858,29.08441707066127,0.0016032324638217688,0.0001,0.2,15.841155052185059,0.9767401814460754,18811,1879.7667236328125,1000.0
494,1466,689,1011712,0.03279723,104.0332260131836,0.04810003936290741,0.20703125,29.08739185333252,0.009184000237534443,0.0001,0.2,209.0557657877604,0.6178706288337708,18813,1879.7667236328125,1000.0
495,1469,690,1013760,0.02430122,96.90178680419922,0.048090871423482895,0.2171875,29.090540409088135,-0.00853325854986906,0.0001,0.2,197.86409225463868,0.455138623714447,18818,1879.7667236328125,1000.0
496,1471,690,1015808,0.020527631,87.91043090820312,0.04808748513460159,0.1697265625,29.092540550231934,-0.012422118778340518,0.0001,0.2,191.43888473510742,0.46600329875946045,18823,1879.7667236328125,1000.0
497,1475,689,1017856,0.02189909,77.15389251708984,0.04808888956904411,0.23251953125,29.09312105178833,-0.014146247622556984,0.0001,0.2,187.61844863891602,0.4772048592567444,18828,1862.23291015625,1000.0
498,1478,689,1019904,0.012952604,42.7945671081543,0.04808981716632843,0.14306640625,29.092258548736574,-0.00776339287403971,0.0001,0.2,98.80114440917968,0.7180051803588867,18833,1862.23291015625,1000.0
499,1481,689,1021952,0.022934254,23.584379196166992,0.04808463528752327,0.26240234375,29.093220138549803,-0.01265776065411046,0.0001,0.2,49.85629673004151,0.8322229981422424,18838,1862.23291015625,1000.0
500,1485,689,1024000,0.030707624,28.448030471801758,0.04808318242430687,0.24772135416666666,29.09445571899414,0.011060216774543127,0.0001,0.2,55.9724006652832,0.8072381019592285,18840,1880.9239501953125,1000.0
501,1488,689,1026048,0.025325641,22.667573928833008,0.048081666231155396,0.17996651785714285,29.095048086983816,0.000278547838596361,0.0001,0.2,48.348402295793804,0.8219426870346069,18842,1880.9239501953125,1000.0
502,1490,689,1028096,0.03534137,183.20782470703125,0.04808076098561287,0.2099609375,29.09556484222412,0.007413691220184167,0.0001,0.2,364.1665445963542,0.28527504205703735,18844,1880.9239501953125,1000.0
503,1493,689,1030144,0.015780056,102.3314437866211,0.048080962151288986,0.21201171875,29.09587755203247,-0.009485162911005318,0.0001,0.2,199.15419311523436,0.4257275462150574,18849,1880.9239501953125,1000.0
504,1497,689,1032192,0.019747833,100.81660461425781,0.04808517545461655,0.1896484375,29.095129871368407,-0.011375324637629091,0.0001,0.2,220.31202239990233,0.39086437225341797,18854,1844.4005126953125,1000.0
505,1499,689,1034240,0.016662672,101.29271697998047,0.048085618764162064,0.1689453125,29.093963623046875,-0.011958041018806398,0.0001,0.2,218.1572525024414,0.32481253147125244,18859,1844.4005126953125,1000.0
506,1502,689,1036288,0.014771349,147.8450927734375,0.04808574914932251,0.137890625,29.09395589828491,-0.008144129766151309,0.0001,0.2,328.12100982666016,-0.562969446182251,18864,1844.4005126953125,1000.0
507,1505,689,1038336,0.01455199,145.809814453125,0.048082198947668076,0.125,29.094350051879882,-0.011483898223377764,0.0001,0.2,316.760725402832,-0.5130966901779175,18869,1844.4005126953125,1000.0
508,1509,689,1040384,0.0149261635,145.21730041503906,0.04807738587260246,0.17216796875,29.096160793304442,-0.013396691111847759,0.0001,0.2,309.90345001220703,-0.4106985330581665,18874,1835.82275390625,1000.0
509,1511,689,1042432,0.017139625,130.81126403808594,0.048075996339321136,0.201171875,29.097521018981933,-0.011045696132350713,0.0001,0.2,247.32860565185547,-0.09861886501312256,18879,1835.82275390625,1000.0
510,1514,689,1044480,0.016502168,23.83468246459961,0.04807610064744949,0.18349609375,29.097679996490477,-0.0061124804429709915,0.0001,0.2,68.98694229125977,0.8941628336906433,18884,1835.82275390625,1000.0
511,1517,689,1046528,0.014538204,15.805255889892578,0.04807329177856445,0.1568359375,29.09803295135498,-0.012423062417656183,0.0001,0.2,55.72371959686279,0.8992564678192139,18889,1835.82275390625,1000.0
512,1521,689,1048576,0.0128186345,12.611844062805176,0.048069294542074203,0.122265625,29.099483680725097,-0.009670181199908257,0.0001,0.2,42.15820159912109,0.8923099040985107,18894,1849.5926513671875,1000.0
513,1523,689,1050624,0.030122334,24.066444396972656,0.04805971309542656,0.23324424342105263,29.101909235904092,-0.011788822526700403,0.0001,0.2,58.74993153622276,0.7718559503555298,18899,1849.5926513671875,1000.0
514,1526,689,1052672,0.030470438,12.553567886352539,0.04805508628487587,0.2544921875,29.105044746398924,-0.005665661580860615,0.0001,0.2,25.869683074951173,0.6565682888031006,18902,1849.5926513671875,1000.0
515,1529,689,1054720,0.013612506,13.551499366760254,0.04805440455675125,0.19091796875,29.10608720779419,0.0105326910270378,0.0001,0.2,24.82897186279297,0.7614889144897461,18903,1849.5926513671875,1000.0
516,1532,689,1056768,0.02571003,11.364011764526367,0.04805116355419159,0.21791294642857142,29.106805528913224,0.003419179336300918,0.0001,0.2,21.14199665614537,0.7681009769439697,18905,1828.2911376953125,1000.0
517,1535,689,1058816,0.012985913,20.184097290039062,0.04804963618516922,0.1640625,29.107908248901367,0.008661249536089599,0.0001,0.2,43.95236301422119,0.6704413890838623,18906,1828.2911376953125,1000.0
518,1537,689,1060864,0.027570013,8.777291297912598,0.04804740846157074,0.214599609375,29.108721017837524,0.0023133142676670104,0.0001,0.2,16.919941663742065,0.8448786735534668,18908,1828.2911376953125,1000.0
519,1540,689,1062912,0.03166132,14.853958129882812,0.04804535582661629,0.195703125,29.109510040283205,0.003126699849963188,0.0001,0.2,30.181469345092772,0.6390899419784546,18910,1828.2911376953125,1000.0
520,1544,689,1064960,0.015889157,9.214645385742188,0.048043906688690186,0.2080078125,29.110207557678223,0.015600409009493887,0.0001,0.2,20.4367938041687,0.82086181640625,18911,1824.30859375,1000.0
521,1547,689,1067008,0.030221617,17.34505844116211,0.04804003983736038,0.2548828125,29.111346626281737,-0.005379260377958417,0.0001,0.2,32.45850658416748,0.8201762437820435,18914,1824.30859375,1000.0
522,1550,689,1069056,0.013490947,15.9546537399292,0.04803996905684471,0.177734375,29.111977577209473,0.010324956383556128,0.0001,0.2,31.441231727600098,0.9249495267868042,18915,1824.30859375,1000.0
523,1552,689,1071104,0.026590856,11.693296432495117,0.04803915694355965,0.221923828125,29.11212420463562,0.008997426251880825,0.0001,0.2,27.318116664886475,0.9353898167610168,18917,1824.30859375,1000.0
524,1557,689,1073152,0.026144719,5.338973045349121,0.04803572967648506,0.19397615131578946,29.112831015335885,-0.009084917347584116,0.0001,0.2,15.136378238075658,0.9490161538124084,18922,1828.7222900390625,1000.0
525,1559,689,1075200,0.031204812,45.47553634643555,0.04803403466939926,0.22493489583333334,29.113938967386883,0.008347340859472752,0.0001,0.2,90.42970275878906,0.7301021814346313,18924,1828.7222900390625,1000.0
526,1562,689,1077248,0.027456118,56.76756286621094,0.048031192272901535,0.2353515625,29.1147518157959,0.0010159824742004275,0.0001,0.2,116.2016191482544,0.63576340675354,18926,1828.7222900390625,1000.0
527,1565,689,1079296,0.028879853,53.75736618041992,0.04802650958299637,0.216796875,29.11612347194127,-0.0009355317867760148,0.0001,0.2,112.1532952444894,0.6399626731872559,18928,1828.7222900390625,1000.0
528,1568,689,1081344,0.026276127,48.762672424316406,0.04802195727825165,0.22433035714285715,29.118035452706472,0.007690861821174622,0.0001,0.2,92.30818176269531,0.6691139936447144,18930,1798.8232421875,1000.0
529,1571,689,1083392,0.021522906,33.433040618896484,0.04802073910832405,0.2421875,29.119133472442627,0.008677398087456822,0.0001,0.2,58.100220680236816,0.7358649373054504,18931,1798.8232421875,1000.0
530,1574,689,1085440,0.032625698,12.84675407409668,0.04801865667104721,0.212890625,29.119853973388672,0.00805857265368104,0.0001,0.2,26.897993723551433,0.9008258581161499,18933,1798.8232421875,1000.0
531,1576,689,1087488,0.031476844,8.263391494750977,0.048011407256126404,0.2138157894736842,29.12130395989669,-0.007790501008888609,0.0001,0.2,21.394560061003034,0.8928951621055603,18938,1798.8232421875,1000.0
532,1580,689,1089536,0.03210209,10.112885475158691,0.04800906404852867,0.1984375,29.123451232910156,0.007257321663200855,0.0001,0.2,21.86200714111328,0.91950523853302,18940,1799.7010498046875,1000.0
533,1583,689,1091584,0.017483536,55.46684646606445,0.048002809286117554,0.25068359375,29.125231170654295,-0.005244967516046017,0.0001,0.2,123.04198265075684,0.6952142715454102,18945,1799.7010498046875,1000.0
534,1585,689,1093632,0.018098773,48.70711898803711,0.04799461364746094,0.1841796875,29.12739143371582,-0.010227336862590164,0.0001,0.2,118.30013542175293,0.691591203212738,18950,1799.7010498046875,1000.0
535,1588,689,1095680,0.016801886,49.25153732299805,0.04798835143446922,0.18642578125,29.13053903579712,-0.00992958617862314,0.0001,0.2,111.55421562194825,0.7009247541427612,18955,1799.7010498046875,1000.0
536,1592,689,1097728,0.024130663,54.3694953918457,0.04797957092523575,0.23525390625,29.133129405975343,-0.010288982174824924,0.0001,0.2,107.86006469726563,0.6988625526428223,18960,1757.0972900390625,1000.0
537,1594,689,1099776,0.027352799,27.01836585998535,0.04797676205635071,0.203125,29.13568878173828,-0.007820363901555539,0.0001,0.2,51.82774658203125,0.8603581786155701,18963,1757.0972900390625,1000.0
538,1597,689,1101824,0.027398309,13.52682113647461,0.04797601327300072,0.216064453125,29.136249542236328,0.0048153025563806295,0.0001,0.2,33.606385707855225,0.9540571570396423,18965,1757.0972900390625,1000.0
539,1599,689,1103872,0.023442512,8.474112510681152,0.04797549173235893,0.1966796875,29.13656883239746,-0.011733371746959164,0.0001,0.2,20.475305700302123,0.9629374742507935,18970,1757.0972900390625,1000.0
540,1603,689,1105920,0.022244103,9.253365516662598,0.04797016829252243,0.23203125,29.137363243103028,-0.0021323353168554602,0.0001,0.2,23.801927089691162,0.9561182260513306,18975,1765.9560546875,1000.0
541,1606,689,1107968,0.027778577,72.2109146118164,0.04796735569834709,0.16959635416666666,29.139302253723145,-0.000997304217889905,0.0001,0.2,163.1050008138021,0.5614930391311646,18977,1765.9560546875,1000.0
542,1609,689,1110016,0.01934355,56.3291015625,0.047964077442884445,0.20498046875,29.140759181976318,-0.0081080379197374,0.0001,0.2,125.94423179626465,0.6634756922721863,18982,1765.9560546875,1000.0
543,1613,689,1112064,0.019301519,57.698509216308594,0.04796065762639046,0.2099609375,29.14148473739624,-0.0079249091562815,0.0001,0.2,123.49517555236817,0.6471682786941528,18987,1742.236083984375,1000.0
544,1615,689,1114112,0.02177124,66.69572448730469,0.047955743968486786,0.2662109375,29.14341621398926,-0.008251565298996866,0.0001,0.2,139.9984676361084,0.540794312953949,18992,1742.236083984375,1000.0
545,1618,689,1116160,0.01566988,10.116145133972168,0.04794744774699211,0.2095703125,29.14537410736084,-0.0075025956612080336,0.0001,0.2,27.685710430145264,0.8358874917030334,18997,1742.236083984375,1000.0
546,1620,689,1118208,0.02500346,10.56421947479248,0.04793484881520271,0.2843017578125,29.149641156196594,0.002409687927865889,0.0001,0.2,21.43350100517273,0.8458224534988403,19001,1742.236083984375,1000.0
547,1624,689,1120256,0.041318294,11.827692031860352,0.04793088138103485,0.238671875,29.1529296875,0.008982520364224911,0.0001,0.2,24.895762634277343,0.8519794940948486,19003,1732.5462646484375,1000.0
548,1627,689,1122304,0.028470669,17.67612648010254,0.04792991280555725,0.2578125,29.154013633728027,0.0016266410239040852,0.0001,0.2,33.71252679824829,0.7715336680412292,19005,1732.5462646484375,1000.0
549,1629,689,1124352,0.030034993,19.811321258544922,0.047930240631103516,0.1734375,29.153925704956055,0.00916109699755907,0.0001,0.2,43.21317138671875,0.849187970161438,19007,1732.5462646484375,1000.0
550,1632,689,1126400,0.020342093,16.442842483520508,0.04792821407318115,0.24140625,29.15400114059448,-0.0030842293053865433,0.0001,0.2,40.882453727722165,0.8080270290374756,19012,1732.5462646484375,1000.0
551,1636,689,1128448,0.030877987,14.4667329788208,0.0479278564453125,0.175,29.154692459106446,0.008675593137741088,0.0001,0.2,33.73663101196289,0.8808909058570862,19014,1752.1044921875,1000.0
552,1639,689,1130496,0.02637177,32.089569091796875,0.047930486500263214,0.234130859375,29.154460668563843,0.00078548863530159,0.0001,0.2,82.24800205230713,0.7305471897125244,19016,1752.1044921875,1000.0
553,1641,689,1132544,0.025582353,91.90870666503906,0.04793376475572586,0.20424107142857142,29.15310205732073,0.00839897830571447,0.0001,0.2,198.33406502859933,0.4674444794654846,19018,1752.1044921875,1000.0
554,1644,690,1134592,0.021220077,89.84222412109375,0.04793703928589821,0.1962890625,29.151740646362306,-0.00954071688465774,0.0001,0.2,173.21432037353514,0.4897686839103699,19023,1752.1044921875,1000.0
555,1647,689,1136640,0.026942573,86.89637756347656,0.047934390604496,0.17649147727272727,29.151689876209606,-0.005436134635767137,0.0001,0.2,168.42667042125356,0.49561625719070435,19026,1771.92138671875,1000.0
556,1650,689,1138688,0.032647017,64.83480072021484,0.04793307185173035,0.190234375,29.152648162841796,0.0061597554478794335,0.0001,0.2,129.76737518310546,0.5959169864654541,19028,1771.92138671875,1000.0
557,1653,690,1140736,0.01768051,17.962059020996094,0.047928586602211,0.25009765625,29.153766059875487,-0.004336532182060182,0.0001,0.2,47.08854503631592,0.8965150117874146,19033,1771.92138671875,1000.0
558,1655,690,1142784,0.025957627,13.067038536071777,0.04793502017855644,0.19788240131578946,29.154043298018607,-0.008548995774043234,0.0001,0.2,30.948499478791888,0.9061852097511292,19038,1771.92138671875,1000.0
559,1659,689,1144832,0.035453428,17.354782104492188,0.04794550687074661,0.26217830882352944,29.150345521814682,-0.0031672213500475183,0.0001,0.2,40.1841464323156,0.893340528011322,19043,1785.553466796875,1000.0
560,1661,690,1146880,0.028887369,21.543880462646484,0.04794706404209137,0.21595982142857142,29.1481328691755,-0.004802977998874017,0.0001,0.2,44.70536422729492,0.8679968118667603,19045,1785.553466796875,1000.0
561,1664,690,1148928,0.030071095,13.885276794433594,0.04794702306389809,0.176953125,29.148021697998047,0.00732537480071187,0.0001,0.2,28.8351993560791,0.9293355345726013,19047,1785.553466796875,1000.0
562,1666,690,1150976,0.031154165,8.574749946594238,0.04794846475124359,0.2520616319444444,29.148022015889484,-0.006061941385269165,0.0001,0.2,21.14660602145725,0.9304288029670715,19052,1785.553466796875,1000.0
563,1670,690,1153024,0.027536167,15.742463111877441,0.04794774577021599,0.21121651785714285,29.147857121058873,0.004265042287962777,0.0001,0.2,30.005930491856166,0.9098116755485535,19054,1804.3348388671875,1000.0
564,1673,690,1155072,0.032704696,26.46982765197754,0.04794646054506302,0.22265625,29.148345947265625,0.0027969575797518096,0.0001,0.2,50.76335779825846,0.8712677955627441,19056,1804.3348388671875,1000.0
565,1675,690,1157120,0.030018331,6.216057777404785,0.04794430732727051,0.21171875,29.149015426635742,0.005607547285035252,0.0001,0.2,13.288940811157227,0.9696727395057678,19058,1804.3348388671875,1000.0
566,1678,690,1159168,0.03078144,7.342314720153809,0.04793255776166916,0.2716796875,29.151447296142578,-0.0004505916964262724,0.0001,0.2,14.808338928222657,0.9683974981307983,19061,1804.3348388671875,1000.0
567,1682,690,1161216,0.012810577,7.523006916046143,0.047928936779499054,0.16536458333333334,29.15465545654297,0.008015972872575125,0.0001,0.2,15.757824897766113,0.9661927223205566,19062,1822.3656005859375,1000.0
568,1684,690,1163264,0.01538811,13.124275207519531,0.047924865037202835,0.20703125,29.15614891052246,0.008177368125567833,0.0001,0.2,28.268473943074543,0.9170193672180176,19063,1822.3656005859375,1000.0
569,1687,690,1165312,0.015170505,8.524537086486816,0.04791979119181633,0.19482421875,29.15792226791382,0.00851565451011993,0.0001,0.2,18.276288509368896,0.9498212933540344,19064,1822.3656005859375,1000.0
570,1689,690,1167360,0.028445112,6.808958530426025,0.047913506627082825,0.19889322916666666,29.160114924112957,0.0017852634191513062,0.0001,0.2,15.305951595306396,0.9531508088111877,19066,1822.3656005859375,1000.0
571,1694,690,1169408,0.02930676,3.727963447570801,0.04790345951914787,0.21607730263157895,29.163677717510023,-0.007284079335237804,0.0001,0.2,9.910305876480905,0.9666147232055664,19071,1828.1214599609375,1000.0
572,1696,690,1171456,0.022926953,98.10013580322266,0.04790167510509491,0.28408203125,29.165609455108644,0.0007527072331868113,0.0001,0.2,211.25134963989257,0.4512328505516052,19076,1828.1214599609375,1000.0
573,1699,690,1173504,0.013888411,86.52079772949219,0.0478999949991703,0.14892578125,29.1663067817688,-0.009786753042135388,0.0001,0.2,205.2086654663086,0.3879580497741699,19081,1828.1214599609375,1000.0
574,1701,690,1175552,0.018988477,79.13338470458984,0.04789888858795166,0.19873046875,29.166786861419677,-0.011932786530815065,0.0001,0.2,191.93003540039064,0.42692625522613525,19086,1828.1214599609375,1000.0
575,1705,690,1177600,0.016637083,92.4696273803711,0.047896429896354675,0.20859375,29.167295455932617,-0.008811310213059188,0.0001,0.2,195.01295471191406,0.3802240490913391,19091,1805.5965576171875,1000.0
576,1707,690,1179648,0.025909623,32.51840591430664,0.047894250601530075,0.2690172697368421,29.168508027729235,-0.01064439073793198,0.0001,0.2,59.31769561767578,0.7842894792556763,19096,1805.5965576171875,1000.0
577,1710,690,1181696,0.019428,9.161616325378418,0.04789283499121666,0.27763671875,29.16877946853638,-0.002005352801643312,0.0001,0.2,22.969418334960938,0.9254418015480042,19101,1805.5965576171875,1000.0
578,1712,691,1183744,0.02358301,8.742120742797852,0.04789304360747337,0.2962890625,29.169831848144533,-4.5663700439035894e-05,0.0001,0.2,22.454218006134035,0.9167850017547607,19106,1805.5965576171875,1000.0
579,1716,690,1185792,0.0268637,9.59601879119873,0.047889649868011475,0.266796875,29.16984265645345,-0.0004664001365502675,0.0001,0.2,20.209559377034505,0.9270085096359253,19110,1800.5960693359375,1000.0
580,1719,690,1187840,0.035208154,21.403348922729492,0.04788794368505478,0.21640625,29.171338653564455,0.006202308833599091,0.0001,0.2,46.63890380859375,0.6676543951034546,19112,1800.5960693359375,1000.0
581,1721,691,1189888,0.03005109,8.97569465637207,0.04788791015744209,0.19563802083333334,29.171629269917805,0.011435547339109084,0.0001,0.2,20.71885871887207,0.8773370385169983,19114,1800.5960693359375,1000.0
582,1724,691,1191936,0.03171371,6.091588497161865,0.04788598790764809,0.20954241071428573,29.171883991786412,-0.0027413174643048216,0.0001,0.2,13.1497437613351,0.8488989472389221,19118,1800.5960693359375,1000.0
583,1728,690,1193984,0.03676352,6.746574401855469,0.0478840172290802,0.20234375,29.172917556762695,0.010530675109475852,0.0001,0.2,14.528015327453613,0.8332411050796509,19120,1822.55517578125,1000.0
584,1730,690,1196032,0.015442914,102.0936279296875,0.04787810891866684,0.2154296875,29.17455310821533,-0.006114499701652676,0.0001,0.2,218.50412521362304,0.2648313045501709,19125,1822.55517578125,1000.0
585,1733,691,1198080,0.018559782,79.62683868408203,0.04787541925907135,0.2021484375,29.176342678070068,-0.014470750791952014,0.0001,0.2,185.78113250732423,0.32299965620040894,19130,1822.55517578125,1000.0
586,1737,690,1200128,0.022287458,78.65200805664062,0.047869663685560226,0.2390625,29.17734260559082,-0.015418479940854013,0.0001,0.2,172.76058959960938,0.2810854911804199,19135,1813.4111328125,1000.0
587,1740,690,1202176,0.020048149,75.33238983154297,0.047866616398096085,0.21005859375,29.179588413238527,-0.011303045949898661,0.0001,0.2,165.637215423584,0.24461239576339722,19140,1813.4111328125,1000.0
588,1742,690,1204224,0.023557639,17.103076934814453,0.047867078334093094,0.23396381578947367,29.180130607203434,-0.010310536789658823,0.0001,0.2,35.67782141032972,0.8404747843742371,19145,1813.4111328125,1000.0
589,1745,691,1206272,0.015884291,17.135881423950195,0.047867391258478165,0.1982421875,29.179923057556152,0.013579501071944833,0.0001,0.2,36.94525337219238,0.833834171295166,19146,1813.4111328125,1000.0
590,1749,690,1208320,0.024978716,15.22204303741455,0.04787071794271469,0.29443359375,29.179236888885498,-0.012267546914517879,0.0001,0.2,37.98816318511963,0.8283560276031494,19151,1829.45166015625,1000.0
591,1751,690,1210368,0.03003313,17.808443069458008,0.04787149652838707,0.23359375,29.178578567504882,0.007070766668766737,0.0001,0.2,37.239855194091795,0.8304108381271362,19153,1829.45166015625,1000.0
592,1754,690,1212416,0.030084927,11.901387214660645,0.04787077382206917,0.2119140625,29.178606033325195,0.0057111920323222876,0.0001,0.2,24.308112144470215,0.9237533807754517,19155,1829.45166015625,1000.0
593,1757,690,1214464,0.02945365,10.10519027709961,0.047863200306892395,0.21861049107142858,29.179851395743235,-0.008153862852071012,0.0001,0.2,23.593107223510742,0.9292064905166626,19159,1829.45166015625,1000.0
594,1761,690,1216512,0.030905882,9.827590942382812,0.04785982519388199,0.26060267857142855,29.182581220354354,0.0031926786260945456,0.0001,0.2,19.211644853864396,0.9388921856880188,19161,1841.626708984375,1000.0
595,1764,690,1218560,0.026173852,20.328516006469727,0.04785984009504318,0.2744140625,29.1829833984375,0.014265024336054921,0.0001,0.2,39.48453330993652,0.8644387722015381,19162,1841.626708984375,1000.0
596,1766,690,1220608,0.027048506,9.414329528808594,0.04784282669425011,0.3014322916666667,29.18529240290324,0.005784769154464205,0.0001,0.2,20.31969404220581,0.9352501034736633,19165,1841.626708984375,1000.0
597,1769,690,1222656,0.0432808,9.345527648925781,0.04783494397997856,0.24140625,29.190966415405274,0.006917808763682842,0.0001,0.2,18.40483283996582,0.9451653361320496,19167,1841.626708984375,1000.0
598,1773,690,1224704,0.031534046,7.484728813171387,0.047828998416662216,0.1890625,29.193535614013673,0.0017452836968004704,0.0001,0.2,14.462070846557618,0.9568198919296265,19169,1837.71826171875,1000.0
599,1775,690,1226752,0.026143234,63.52642822265625,0.0478222593665123,0.207275390625,29.19602680206299,0.005159088934306055,0.0001,0.2,155.40224266052246,0.7443511486053467,19171,1837.71826171875,1000.0
600,1778,690,1228800,0.015120971,140.28280639648438,0.04781641811132431,0.1349609375,29.198574161529542,-0.005105707817710936,0.0001,0.2,315.5991577148437,0.7140991687774658,19176,1837.71826171875,1000.0
601,1781,690,1230848,0.01251878,112.61445617675781,0.04781513661146164,0.11748046875,29.19965524673462,-0.01115232182200998,0.0001,0.2,258.50208740234376,0.7494882345199585,19181,1837.71826171875,1000.0
602,1785,690,1232896,0.012845405,129.4055938720703,0.04781438410282135,0.16591796875,29.200117969512938,-0.014090177160687745,0.0001,0.2,268.4832450866699,0.760744571685791,19186,1823.3369140625,1000.0
603,1787,690,1234944,0.022948183,72.96597290039062,0.047813329845666885,0.234375,29.200457859039307,-0.014394767256453634,0.0001,0.2,152.2663318634033,0.7870221138000488,19191,1823.3369140625,1000.0
604,1790,690,1236992,0.019545801,8.011773109436035,0.04780810698866844,0.16806640625,29.200982761383056,-0.005241406452842057,0.0001,0.2,20.868382596969603,0.9210196137428284,19196,1823.3369140625,1000.0
605,1793,690,1239040,0.024129895,7.450823783874512,0.04779861867427826,0.22431640625,29.204181957244874,-0.006354416976682842,0.0001,0.2,18.73798289299011,0.9395886659622192,19201,1823.3369140625,1000.0
606,1797,690,1241088,0.026374783,8.496885299682617,0.04778962954878807,0.21414620535714285,29.208068711417063,-0.0014465453153076982,0.0001,0.2,20.089892864227295,0.9283006191253662,19205,1824.0679931640625,1000.0
607,1799,690,1243136,0.016405264,19.049896240234375,0.04778730869293213,0.1953125,29.210418701171875,0.010652089646706978,0.0001,0.2,38.687147776285805,0.9150807857513428,19206,1824.0679931640625,1000.0
608,1802,690,1245184,0.018378874,16.667251586914062,0.047784432768821716,0.21240234375,29.21143913269043,0.011174809653311968,0.0001,0.2,35.69892597198486,0.9798570275306702,19207,1824.0679931640625,1000.0
609,1805,690,1247232,0.030464033,16.80413818359375,0.047781556844711304,0.171484375,29.21254997253418,0.00607463251799345,0.0001,0.2,37.957959747314455,0.9832361340522766,19209,1824.0679931640625,1000.0
610,1809,690,1249280,0.024642378,5.855566501617432,0.04777399078011513,0.20625,29.214764213562013,-0.003057407843880355,0.0001,0.2,17.8919668674469,0.9858990907669067,19214,1836.6365966796875,1000.0
611,1811,690,1251328,0.027374709,29.643646240234375,0.04777253791689873,0.20340401785714285,29.21631649562291,-0.0012830206459122045,0.0001,0.2,53.338365827287944,0.9094692468643188,19216,1836.6365966796875,1000.0
612,1814,690,1253376,0.027686158,12.0797119140625,0.04776904731988907,0.1953125,29.217116615988992,-0.008246988566084341,0.0001,0.2,26.57189403880726,0.9550986289978027,19219,1836.6365966796875,1000.0
613,1817,690,1255424,0.03675525,11.471504211425781,0.047766074538230896,0.20789930555555555,29.21861924065484,0.0020437908048431077,0.0001,0.2,24.961909188164604,0.959436297416687,19222,1836.6365966796875,1000.0
614,1820,690,1257472,0.027965479,11.655255317687988,0.04776735603809357,0.277587890625,29.218780517578125,0.0043526979861781,0.0001,0.2,22.691295862197876,0.964790403842926,19224,1827.446044921875,1000.0
615,1823,690,1259520,0.046278846,69.72127532958984,0.04776744171977043,0.234765625,29.218505477905275,0.007762402109801769,0.0001,0.2,169.38721618652343,0.7241643667221069,19226,1827.446044921875,1000.0
616,1825,690,1261568,0.031629667,125.94327545166016,0.04776499420404434,0.28262867647058826,29.218779171214383,-0.0006567764999892781,0.0001,0.2,229.70964947868796,0.6096618175506592,19231,1827.446044921875,1000.0
617,1828,691,1263616,0.025767066,97.02705383300781,0.04776545986533165,0.2609375,29.21965160369873,-0.013889097305946053,0.0001,0.2,206.84437866210936,0.6420408487319946,19236,1827.446044921875,1000.0
618,1832,690,1265664,0.028320685,101.14947509765625,0.047764766961336136,0.19791666666666666,29.21935183207194,-0.010198803897947074,0.0001,0.2,192.59589029947918,0.6538243889808655,19240,1793.771728515625,1000.0
619,1834,690,1267712,0.02314254,24.538118362426758,0.04775889590382576,0.23837890625,29.22038116455078,-0.010011431097518652,0.0001,0.2,61.16193885803223,0.8425168991088867,19245,1793.771728515625,1000.0
620,1837,691,1269760,0.027098432,15.832569122314453,0.04775550961494446,0.222412109375,29.222673892974854,0.009943031007423997,0.0001,0.2,35.95922040939331,0.9413169026374817,19247,1793.771728515625,1000.0
621,1840,691,1271808,0.01731026,11.098560333251953,0.047745078802108765,0.15634765625,29.224649047851564,-0.010701570525998249,0.0001,0.2,26.59740114212036,0.9360151886940002,19252,1793.771728515625,1000.0
622,1843,690,1273856,0.031264793,13.413735389709473,0.04773073270916939,0.22357536764705882,29.22974059161018,-0.007611244588213808,0.0001,0.2,27.470510594985065,0.9188185930252075,19257,1830.1365966796875,1000.0
623,1846,690,1275904,0.01667399,44.96066665649414,0.04771992564201355,0.22958984375,29.235590744018555,-0.004738840012578294,0.0001,0.2,116.424808883667,0.7515900135040283,19262,1830.1365966796875,1000.0
624,1849,691,1277952,0.02428271,31.856813430786133,0.04771976172924042,0.17431640625,29.237030029296875,-0.004737399402074516,0.0001,0.2,55.640345096588135,0.8668442368507385,19264,1830.1365966796875,1000.0
625,1853,690,1280000,0.024888435,39.723228454589844,0.04771793261170387,0.162109375,29.237366812569753,-0.007052785051720483,0.0001,0.2,72.74631064278739,0.8388514518737793,19266,1817.997314453125,1000.0
626,1855,690,1282048,0.030739231,37.1955451965332,0.047714605927467346,0.21788194444444445,29.238478978474934,-0.0024284578394144773,0.0001,0.2,77.7132797241211,0.8240451812744141,19269,1817.997314453125,1000.0
627,1858,690,1284096,0.03350177,52.30730438232422,0.04771191626787186,0.2216796875,29.23959445953369,-0.0025341642710069814,0.0001,0.2,110.04903030395508,0.853462815284729,19271,1817.997314453125,1000.0
628,1861,691,1286144,0.029184481,41.942649841308594,0.04770632088184357,0.24982244318181818,29.241157705133613,-0.005643572277304801,0.0001,0.2,95.09336853027344,0.8794186115264893,19274,1817.997314453125,1000.0
629,1864,690,1288192,0.023685455,38.935604095458984,0.047708988189697266,0.27236328125,29.242429542541505,-0.010734919377136975,0.0001,0.2,91.23140144348145,0.8760601878166199,19279,1808.7099609375,1000.0
630,1867,690,1290240,0.029956616,52.489166259765625,0.047711558640003204,0.17936197916666666,29.240722338358562,-0.004561541136354208,0.0001,0.2,107.76304880777995,0.8664026856422424,19281,1808.7099609375,1000.0
631,1870,691,1292288,0.02435819,75.15400695800781,0.04771362245082855,0.197021484375,29.23975682258606,-0.002823152404744178,0.0001,0.2,158.86894416809082,0.7803263664245605,19283,1808.7099609375,1000.0
632,1873,691,1294336,0.0275045,61.777854919433594,0.04771493747830391,0.24039713541666666,29.239288171132404,-0.0067411367781460285,0.0001,0.2,137.09588368733725,0.8095287680625916,19286,1808.7099609375,1000.0
633,1876,690,1296384,0.022792917,57.27338409423828,0.047716449946165085,0.192138671875,29.23864769935608,-0.0037793937081005424,0.0001,0.2,128.62429904937744,0.8066297173500061,19288,1783.56787109375,1000.0
634,1879,690,1298432,0.030439537,52.333499908447266,0.04771708697080612,0.20768229166666666,29.23829608493381,0.0011182691281040509,0.0001,0.2,103.23179880777995,0.8406825065612793,19291,1783.56787109375,1000.0
635,1882,690,1300480,0.019611528,10.669626235961914,0.04771100729703903,0.225390625,29.238666152954103,-0.014066610392183066,0.0001,0.2,24.902692317962646,0.9590059518814087,19296,1783.56787109375,1000.0
636,1884,691,1302528,0.030708902,10.168760299682617,0.047705892473459244,0.22330729166666666,29.24152596791585,0.010799098837499818,0.0001,0.2,21.789082527160645,0.961179256439209,19298,1783.56787109375,1000.0
637,1888,690,1304576,0.025942756,9.384121894836426,0.047702156007289886,0.19375,29.24343795776367,-0.0072695955634117125,0.0001,0.2,21.541056823730468,0.9606376886367798,19301,1823.4263916015625,1000.0
638,1891,690,1306624,0.034634642,21.832693099975586,0.04770196974277496,0.2125,29.24393539428711,0.010574726108461618,0.0001,0.2,39.603730010986325,0.922654390335083,19303,1823.4263916015625,1000.0
639,1893,690,1308672,0.024875637,8.89353084564209,0.0476934015750885,0.25107421875,29.244983196258545,-0.005492452613543719,0.0001,0.2,20.48790874481201,0.9588080048561096,19308,1823.4263916015625,1000.0
640,1896,691,1310720,0.031594116,7.370233535766602,0.047682538628578186,0.24620225694444445,29.249548700120712,-0.0067241135984659195,0.0001,0.2,19.003384113311768,0.9614785313606262,19313,1823.4263916015625,1000.0
641,1900,690,1312768,0.030881189,7.5931291580200195,0.047676630318164825,0.2665127840909091,29.25258393721147,-0.0010330006056888537,0.0001,0.2,17.57014612718062,0.9589426517486572,19316,1845.3929443359375,1000.0
642,1902,690,1314816,0.035417702,62.77408981323242,0.047674741595983505,0.184375,29.254164123535155,0.0022052157670259475,0.0001,0.2,130.4705612182617,0.8153538703918457,19318,1845.3929443359375,1000.0
643,1905,691,1316864,0.029879764,167.27110290527344,0.047672297805547714,0.22922585227272727,29.255028811368074,0.009574099951847033,0.0001,0.2,372.29384821111506,0.628274142742157,19321,1845.3929443359375,1000.0
644,1908,691,1318912,0.013312958,138.7484130859375,0.04767028987407684,0.081640625,29.255802345275878,-0.010762399714440107,0.0001,0.2,322.1172500610352,0.6487263441085815,19326,1845.3929443359375,1000.0
645,1911,690,1320960,0.020375228,138.2554931640625,0.04766958951950073,0.1443359375,29.256379318237304,-0.008853669138625264,0.0001,0.2,285.39942092895507,0.6914713978767395,19331,1800.8726806640625,1000.0
646,1914,691,1323008,0.017116483,91.85431671142578,0.04766639694571495,0.18876953125,29.256799602508544,-0.011346450541168451,0.0001,0.2,184.65685501098633,0.8050079345703125,19336,1800.8726806640625,1000.0
647,1917,691,1325056,0.013386682,10.785937309265137,0.04765992611646652,0.142578125,29.258753776550293,-0.008636115351691842,0.0001,0.2,27.814899349212645,0.7943431735038757,19341,1800.8726806640625,1000.0
648,1919,691,1327104,0.012560425,10.688114166259766,0.047659505158662796,0.17236328125,29.260315895080566,0.010919191990979016,0.0001,0.2,25.314777374267578,0.8045405149459839,19342,1800.8726806640625,1000.0
649,1923,691,1329152,0.024712967,7.927031517028809,0.04765443503856659,0.2584228515625,29.261160969734192,0.0011626681662164629,0.0001,0.2,20.456163704395294,0.8332129716873169,19346,1837.055419921875,1000.0
650,1925,691,1331200,0.026643531,84.34851837158203,0.0476517453789711,0.19140625,29.262898308890207,0.005012281837740115,0.0001,0.2,183.71195765904017,0.8229527473449707,19348,1837.055419921875,1000.0
651,1928,691,1333248,0.018188879,93.2963638305664,0.04764729365706444,0.17666015625,29.2642520904541,-0.007068621413782239,0.0001,0.2,207.14186248779296,0.722547173500061,19353,1837.055419921875,1000.0
652,1931,691,1335296,0.015653614,104.40560150146484,0.04764363914728165,0.158984375,29.265757465362547,-0.0083977926755324,0.0001,0.2,208.9802589416504,0.7212508320808411,19358,1837.055419921875,1000.0
653,1934,691,1337344,0.012530413,100.1719970703125,0.04764252156019211,0.12158203125,29.266772842407228,-0.006975582172162831,0.0001,0.2,191.96950454711913,0.7532781362533569,19363,1821.317138671875,1000.0
654,1937,691,1339392,0.027743392,47.648826599121094,0.04764105752110481,0.2625,29.267259788513183,-0.014743388304486871,0.0001,0.2,91.75038681030273,0.8629462122917175,19368,1821.317138671875,1000.0
655,1940,691,1341440,0.030836366,16.948827743530273,0.04764041304588318,0.161328125,29.267697143554688,0.006060762936249376,0.0001,0.2,37.4450080871582,0.9339943528175354,19370,1821.317138671875,1000.0
656,1943,691,1343488,0.024838787,8.852500915527344,0.047634515911340714,0.20302734375,29.268499755859374,-0.0018351057195104658,0.0001,0.2,25.85590124130249,0.8847548961639404,19375,1821.317138671875,1000.0
657,1947,691,1345536,0.025336547,13.633667945861816,0.04763055592775345,0.19363839285714285,29.270788737705775,0.0024663929029234816,0.0001,0.2,32.81183706011091,0.8867373466491699,19377,1826.1884765625,1000.0
658,1949,691,1347584,0.028341105,60.663299560546875,0.047628436237573624,0.19614955357142858,29.271894182477677,-0.006256957804518086,0.0001,0.2,118.0376205444336,0.8937891125679016,19379,1826.1884765625,1000.0
659,1952,691,1349632,0.031645346,74.20895385742188,0.04762750491499901,0.1976996527777778,29.272497812906902,-0.003654683112270302,0.0001,0.2,153.78221808539496,0.8374528884887695,19382,1826.1884765625,1000.0
660,1954,691,1351680,0.02327165,62.90172576904297,0.047619834542274475,0.26259765625,29.273657703399657,-0.013192248134873807,0.0001,0.2,143.19769630432128,0.8499811887741089,19387,1826.1884765625,1000.0
661,1958,691,1353728,0.028290898,57.24311828613281,0.04761597886681557,0.224609375,29.27616228376116,-0.0030365060748798506,0.0001,0.2,125.53380257742745,0.8713837265968323,19389,1792.971923828125,1000.0
662,1961,691,1355776,0.01895652,65.93500518798828,0.04761112481355667,0.25888671875,29.27807903289795,-0.0014633652055636049,0.0001,0.2,140.90618858337402,0.9026471972465515,19394,1792.971923828125,1000.0
663,1963,691,1357824,0.018346682,52.551353454589844,0.04761709272861481,0.2375,29.278024005889893,-0.0165207409998402,0.0001,0.2,113.83539924621581,0.9250562787055969,19399,1792.971923828125,1000.0
664,1966,691,1359872,0.020103848,53.53774642944336,0.04762376472353935,0.2443359375,29.27510824203491,-0.011591054312884808,0.0001,0.2,115.31456298828125,0.9304105043411255,19404,1792.971923828125,1000.0
665,1970,691,1361920,0.024242679,49.6697998046875,0.04761859402060509,0.22041015625,29.274723529815674,-0.013616063352674245,0.0001,0.2,99.9641212463379,0.9433113932609558,19409,1795.6864013671875,1000.0
666,1972,691,1363968,0.018798828,26.99942970275879,0.047614701092243195,0.21123046875,29.276821613311768,-0.013961706793634222,0.0001,0.2,61.576983261108396,0.9519387483596802,19414,1795.6864013671875,1000.0
667,1975,691,1366016,0.017113794,10.172534942626953,0.04761381819844246,0.18359375,29.2778151512146,-0.007628211530391127,0.0001,0.2,28.36241731643677,0.9751104712486267,19419,1795.6864013671875,1000.0
668,1978,691,1368064,0.031305633,9.665045738220215,0.04760852828621864,0.1928168402777778,29.278264575534397,-0.0055731024282674,0.0001,0.2,24.59604401058621,0.9732629656791687,19424,1792.520751953125,1000.0
669,1981,691,1370112,0.02343887,10.0247802734375,0.047599244862794876,0.21044921875,29.28142032623291,-0.013064985477831215,0.0001,0.2,22.742631435394287,0.9723179340362549,19429,1792.520751953125,1000.0
670,1984,691,1372160,0.030275304,22.41481590270996,0.0475953072309494,0.2322265625,29.284000205993653,-0.0038855000399053096,0.0001,0.2,41.93246994018555,0.9334225654602051,19432,1792.520751953125,1000.0
671,1986,691,1374208,0.03052287,11.34961986541748,0.04759332910180092,0.20768229166666666,29.28509585062663,-0.0009318920783698559,0.0001,0.2,23.82787322998047,0.9647663831710815,19434,1792.520751953125,1000.0
672,1990,691,1376256,0.027537301,10.238743782043457,0.04758602753281593,0.2797154017857143,29.28679152897426,-0.004997747118717858,0.0001,0.2,21.922821181161062,0.964034378528595,19438,1787.52099609375,1000.0
673,1993,691,1378304,0.030212354,24.183074951171875,0.04758412763476372,0.166796875,29.28870849609375,0.008317282889038324,0.0001,0.2,53.52228469848633,0.9120815992355347,19440,1787.52099609375,1000.0
674,1996,691,1380352,0.014142898,97.63057708740234,0.047578416764736176,0.206640625,29.290124034881593,0.004469573078677058,0.0001,0.2,202.0113754272461,0.7713227868080139,19445,1787.52099609375,1000.0
675,1998,691,1382400,0.013351634,84.51394653320312,0.047573674470186234,0.209375,29.29217472076416,-0.0035898783942684533,0.0001,0.2,181.78003997802733,0.8085764050483704,19450,1787.52099609375,1000.0
676,2002,691,1384448,0.017469278,81.53828430175781,0.047574326395988464,0.13525390625,29.2932861328125,-0.009205984664731659,0.0001,0.2,172.6867660522461,0.8344477415084839,19455,1753.6669921875,1000.0
677,2005,691,1386496,0.014636853,82.34297180175781,0.047575369477272034,0.1529296875,29.29241018295288,-0.011493053601589054,0.0001,0.2,174.63426818847657,0.838396430015564,19460,1753.6669921875,1000.0
678,2008,691,1388544,0.018234666,21.12820816040039,0.04756913706660271,0.2181640625,29.293343448638915,-0.014502075547352434,0.0001,0.2,44.7032527923584,0.9562904238700867,19465,1753.6669921875,1000.0
679,2011,691,1390592,0.027121933,15.044520378112793,0.04756324738264084,0.2177734375,29.295992427402073,-0.008917148613060514,0.0001,0.2,32.283679220411514,0.970258355140686,19470,1753.6669921875,1000.0
680,2015,690,1392640,0.028858406,16.812196731567383,0.047561392188072205,0.2521484375,29.29776029586792,-0.004418463259935379,0.0001,0.2,38.726527786254884,0.9593340158462524,19475,1746.32080078125,1000.0
681,2018,690,1394688,0.024262855,40.291507720947266,0.04756052792072296,0.1826171875,29.298083782196045,-0.005925724050030112,0.0001,0.2,85.80490303039551,0.8820628523826599,19477,1746.32080078125,1000.0
682,2021,691,1396736,0.026018862,42.988399505615234,0.04756387323141098,0.24716796875,29.298169898986817,-0.00918817105703056,0.0001,0.2,80.41622772216797,0.8125194907188416,19482,1746.32080078125,1000.0
683,2023,691,1398784,0.022978809,44.35824203491211,0.047561731189489365,0.2362060546875,29.297336101531982,-0.004248246841598302,0.0001,0.2,85.31341028213501,0.7818686962127686,19486,1746.32080078125,1000.0
684,2028,690,1400832,0.029145101,44.70259094238281,0.04756125435233116,0.2738486842105263,29.298662486829254,-0.010677457689062544,0.0001,0.2,97.70966058028371,0.7144922018051147,19491,1755.44384765625,1000.0
685,2030,690,1402880,0.030493073,36.44278335571289,0.04756522923707962,0.1909722222222222,29.29776340060764,-0.0005937919227613343,0.0001,0.2,77.51282077365451,0.844875156879425,19494,1755.44384765625,1000.0
686,2033,690,1404928,0.03195437,13.055824279785156,0.04756734520196915,0.21256510416666666,29.296516100565594,0.005676395259797573,0.0001,0.2,26.180020332336426,0.9669796824455261,19496,1755.44384765625,1000.0
687,2036,691,1406976,0.025784172,12.519071578979492,0.047567252069711685,0.17271205357142858,29.296122687203543,-0.0002915217275066035,0.0001,0.2,24.46139362880162,0.9649859666824341,19498,1755.44384765625,1000.0
688,2039,690,1409024,0.04208468,11.971083641052246,0.047565869987010956,0.220703125,29.296622848510744,0.01202998710796237,0.0001,0.2,24.728678131103514,0.9655985832214355,19500,1720.97802734375,1000.0
689,2042,690,1411072,0.025171705,25.876089096069336,0.04756443202495575,0.18498883928571427,29.297176633562362,0.006705079560301134,0.0001,0.2,56.60087857927595,0.918934166431427,19502,1720.97802734375,1000.0
690,2044,691,1413120,0.021957017,8.928155899047852,0.04754917696118355,0.22939453125,29.29990234375,-0.011326077859848738,0.0001,0.2,19.39201259613037,0.9630393981933594,19507,1720.97802734375,1000.0
691,2047,691,1415168,0.028796114,7.021824836730957,0.04754400625824928,0.21549479166666666,29.30466302235921,0.005122912271569173,0.0001,0.2,15.457504590352377,0.9725229740142822,19509,1720.97802734375,1000.0
692,2051,690,1417216,0.021520115,9.876497268676758,0.04753926768898964,0.175537109375,29.306808948516846,-0.0013685041922144592,0.0001,0.2,19.506749629974365,0.965076208114624,19511,1698.0859375,1000.0
693,2054,690,1419264,0.03867205,73.96646118164062,0.047537848353385925,0.2,29.3079475402832,0.011328062415122986,0.0001,0.2,128.35341796875,0.8675118088722229,19513,1698.0859375,1000.0
694,2056,690,1421312,0.018591069,83.92682647705078,0.04754016920924187,0.2751953125,29.308370685577394,-0.009883341682143509,0.0001,0.2,186.81321487426757,0.8461481332778931,19518,1698.0859375,1000.0
695,2059,691,1423360,0.020390542,85.37405395507812,0.04754986613988876,0.229296875,29.30583848953247,-0.015365095995366573,0.0001,0.2,172.39051055908203,0.8598679304122925,19523,1698.0859375,1000.0
696,2063,690,1425408,0.021913428,69.01323699951172,0.04756058752536774,0.25263671875,29.302003192901612,-0.017768280068412422,0.0001,0.2,166.3423957824707,0.8748726844787598,19528,1718.595458984375,1000.0
697,2065,690,1427456,0.03889628,40.51300811767578,0.04756167531013489,0.1918402777777778,29.29960865444607,-0.0011164470989671019,0.0001,0.2,83.42397859361436,0.9454183578491211,19531,1718.595458984375,1000.0
698,2068,691,1429504,0.021787353,8.211952209472656,0.04756176471710205,0.24697265625,29.299503803253174,-0.0012985836365260184,0.0001,0.2,25.517331695556642,0.990302562713623,19536,1718.595458984375,1000.0
699,2071,690,1431552,0.0247535,11.421538352966309,0.0475502647459507,0.23603515625,29.301187229156493,-0.008223224827088416,0.0001,0.2,25.945168876647948,0.9866927862167358,19541,1718.595458984375,1000.0
700,2075,690,1433600,0.023351476,9.194347381591797,0.04753312095999718,0.25263671875,29.307150840759277,-0.005425499752163887,0.0001,0.2,23.898023319244384,0.9877009391784668,19546,1723.417236328125,1000.0
701,2078,690,1435648,0.015278576,210.78634643554688,0.047524988651275635,0.16689453125,29.312929821014404,-0.002950100600719452,0.0001,0.2,419.4177047729492,0.6459761261940002,19551,1723.417236328125,1000.0
702,2080,690,1437696,0.012522438,193.8999786376953,0.047522351145744324,0.11806640625,29.31425733566284,-0.00964537390973419,0.0001,0.2,391.37866973876953,0.6107231974601746,19556,1723.417236328125,1000.0
703,2083,691,1439744,0.0138022415,168.0899658203125,0.04752267897129059,0.0779296875,29.315196418762206,-0.005657357233576477,0.0001,0.2,382.69183044433595,0.6195294857025146,19561,1723.417236328125,1000.0
704,2087,690,1441792,0.014306127,181.24697875976562,0.04752533882856369,0.1033203125,29.31437463760376,-0.007722334074787796,0.0001,0.2,356.2116760253906,0.6093207597732544,19566,1686.9903564453125,1000.0
705,2090,690,1443840,0.013619394,29.83902931213379,0.04752553626894951,0.1576171875,29.31375207901001,-0.01313410117290914,0.0001,0.2,62.470567321777345,0.9350358843803406,19571,1686.9903564453125,1000.0
706,2093,690,1445888,0.024090467,13.996112823486328,0.047518447041511536,0.1904296875,29.314633941650392,-0.006032999884337187,0.0001,0.2,34.99853744506836,0.9691315293312073,19576,1686.9903564453125,1000.0
707,2095,690,1447936,0.021504492,14.25579833984375,0.04751250147819519,0.1984375,29.318099403381346,-0.0034701969125308096,0.0001,0.2,29.548567295074463,0.9718992114067078,19581,1686.9903564453125,1000.0
708,2099,690,1449984,0.025758618,12.597840309143066,0.04751095548272133,0.21946957236842105,29.318886606316816,-0.00935626016488593,0.0001,0.2,27.659968125192744,0.9714431762695312,19586,1670.3704833984375,1000.0
709,2101,690,1452032,0.033652622,19.737262725830078,0.04750695079565048,0.24669471153846154,29.319797956026516,-0.00700433487788989,0.0001,0.2,44.75076587383564,0.8648529052734375,19590,1670.3704833984375,1000.0
710,2104,690,1454080,0.02390334,12.283968925476074,0.04749750345945358,0.2435546875,29.322425079345702,-0.003015214903280139,0.0001,0.2,28.034752082824706,0.8947584629058838,19595,1670.3704833984375,1000.0
711,2108,690,1456128,0.029334772,15.8938627243042,0.04749535396695137,0.19889322916666666,29.324817339579266,0.0026798947559048734,0.0001,0.2,32.05448373158773,0.8935432434082031,19597,1703.4793701171875,1000.0
712,2110,690,1458176,0.02876072,17.486196517944336,0.04748724400997162,0.2232421875,29.326446342468262,-0.010644502751529217,0.0001,0.2,35.232273483276366,0.8746271133422852,19600,1703.4793701171875,1000.0
713,2113,690,1460224,0.027536329,16.782745361328125,0.047477975487709045,0.2711588541666667,29.33014678955078,0.005673234156953792,0.0001,0.2,30.403906027475994,0.9355884790420532,19603,1703.4793701171875,1000.0
714,2116,690,1462272,0.014670792,14.68722152709961,0.047475844621658325,0.17822265625,29.332213878631592,0.009762084460817277,0.0001,0.2,29.279958248138428,0.9464544057846069,19604,1703.4793701171875,1000.0
715,2120,690,1464320,0.026568623,11.123645782470703,0.04746724292635918,0.22249348958333334,29.334187825520832,0.000731799208248655,0.0001,0.2,22.93740463256836,0.9516544342041016,19607,1733.0601806640625,1000.0
716,2122,690,1466368,0.031840835,24.82022476196289,0.04746510833501816,0.22623697916666666,29.336363792419434,-0.0011125777673441917,0.0001,0.2,47.198838551839195,0.9235885143280029,19609,1733.0601806640625,1000.0
717,2125,690,1468416,0.012689963,70.15028381347656,0.04746471345424652,0.15625,29.33681631088257,0.010643239598721266,0.0001,0.2,146.21587371826172,0.8577771186828613,19610,1733.0601806640625,1000.0
718,2127,691,1470464,0.02971243,71.40776824951172,0.04746421426534653,0.18619791666666666,29.33699639638265,0.0062525232788175344,0.0001,0.2,147.32342274983725,0.854423999786377,19612,1733.0601806640625,1000.0
719,2131,690,1472512,0.023797274,71.82406616210938,0.0474616102874279,0.241015625,29.337548351287843,-0.012560332869179546,0.0001,0.2,168.14672775268554,0.8423737287521362,19617,1701.2965087890625,1000.0
720,2134,690,1474560,0.018880343,56.12882614135742,0.04746546596288681,0.18330078125,29.33763780593872,-0.011429390171542764,0.0001,0.2,123.50453262329101,0.8747293949127197,19622,1701.2965087890625,1000.0
721,2137,690,1476608,0.016411163,14.731365203857422,0.047466300427913666,0.15322265625,29.33592758178711,-0.009682673774659634,0.0001,0.2,38.54114427566528,0.9597749710083008,19627,1701.2965087890625,1000.0
722,2140,690,1478656,0.027504534,13.665595054626465,0.047452494502067566,0.22450657894736842,29.338298496447113,-0.005050191557721088,0.0001,0.2,28.935404526559932,0.9631328582763672,19632,1701.2965087890625,1000.0
723,2144,690,1480704,0.025527442,15.424345970153809,0.047443848103284836,0.18903459821428573,29.343243871416366,-0.008571359412079411,0.0001,0.2,32.029432569231304,0.9581812620162964,19636,1743.5474853515625,1000.0
724,2147,690,1482752,0.014009405,31.60968589782715,0.04744331166148186,0.18798828125,29.345064163208008,0.009267088025808334,0.0001,0.2,56.36649417877197,0.9101279377937317,19637,1743.5474853515625,1000.0
725,2149,690,1484800,0.025397021,9.20120906829834,0.04744140803813934,0.16959635416666666,29.3454688390096,-0.0013304641082261999,0.0001,0.2,20.617692311604817,0.9461154341697693,19639,1743.5474853515625,1000.0
726,2152,690,1486848,0.013955202,8.078078269958496,0.0474386140704155,0.1748046875,29.34648084640503,0.012391068506985903,0.0001,0.2,15.28244686126709,0.9551630616188049,19640,1743.5474853515625,1000.0
727,2156,690,1488896,0.04201489,7.367047309875488,0.0474303774535656,0.23984375,29.3486083984375,0.00615325178951025,0.0001,0.2,14.666653633117676,0.9550380706787109,19642,1774.4354248046875,1000.0
728,2158,690,1490944,0.016036272,124.23291015625,0.047426510602235794,0.203125,29.351046244303387,0.011652813913921515,0.0001,0.2,211.62380981445312,0.614837646484375,19643,1774.4354248046875,1000.0
729,2161,690,1492992,0.02055079,95.716796875,0.04742201417684555,0.228515625,29.352675437927246,0.014150233939290047,0.0001,0.2,191.3248176574707,0.5932410955429077,19644,1774.4354248046875,1000.0
730,2164,690,1495040,0.033012226,83.77409362792969,0.04741775989532471,0.178125,29.35436592102051,0.013984607253223657,0.0001,0.2,189.05819702148438,0.5923885107040405,19646,1774.4354248046875,1000.0
731,2168,690,1497088,0.015786605,88.11441040039062,0.047409478574991226,0.213671875,29.35701322555542,-0.007956662424840033,0.0001,0.2,185.2041389465332,0.5716120004653931,19651,1771.9381103515625,1000.0
732,2170,690,1499136,0.020443687,55.42085266113281,0.04740901291370392,0.16494140625,29.3585994720459,-0.009473574894946069,0.0001,0.2,114.34121246337891,0.7767849564552307,19656,1771.9381103515625,1000.0
733,2173,690,1501184,0.034449104,10.433940887451172,0.047409530729055405,0.2684795673076923,29.358332854050857,-0.006707209019133678,0.0001,0.2,20.4376828120305,0.9595670104026794,19660,1771.9381103515625,1000.0
734,2176,690,1503232,0.031412702,11.42741584777832,0.04740900546312332,0.17265625,29.358391571044923,0.0015795060899108648,0.0001,0.2,22.854809188842772,0.9585685729980469,19662,1771.9381103515625,1000.0
735,2180,690,1505280,0.030432126,14.716005325317383,0.04740427806973457,0.25948660714285715,29.359221049717494,-0.0031429805925914218,0.0001,0.2,30.47396114894322,0.9454619288444519,19664,1762.89208984375,1000.0
736,2183,690,1507328,0.02744662,62.91979217529297,0.04739963635802269,0.18587239583333334,29.36127281188965,0.00991514891696473,0.0001,0.2,142.1019515991211,0.5659700036048889,19666,1762.89208984375,1000.0
737,2185,690,1509376,0.020394502,59.624267578125,0.047386858612298965,0.2673828125,29.36447525024414,-0.012004055926809087,0.0001,0.2,145.2099178314209,0.24388998746871948,19671,1762.89208984375,1000.0
738,2188,690,1511424,0.030006373,60.39366149902344,0.04737868532538414,0.26677389705882354,29.36872942307416,-0.014765158596941653,0.0001,0.2,118.16840003518497,0.14590603113174438,19676,1762.89208984375,1000.0
739,2192,690,1513472,0.028713249,59.217796325683594,0.047375161200761795,0.17805989583333334,29.370794932047527,-0.004397045665731032,0.0001,0.2,134.46967315673828,0.17678415775299072,19678,1762.262451171875,1000.0
740,2194,690,1515520,0.027724514,38.246463775634766,0.04737317934632301,0.22795758928571427,29.372127805437362,0.004485018451565078,0.0001,0.2,79.42343248639789,0.6803863048553467,19680,1762.262451171875,1000.0
741,2197,690,1517568,0.018155878,20.58236312866211,0.047373831272125244,0.22802734375,29.372151374816895,0.015319085214287043,0.0001,0.2,41.044508934020996,0.8982932567596436,19681,1762.262451171875,1000.0
742,2200,690,1519616,0.025477052,15.484225273132324,0.047374285757541656,0.27353515625,29.371918964385987,-0.003012464940547943,0.0001,0.2,35.71001195907593,0.892389178276062,19686,1762.262451171875,1000.0
743,2205,690,1521664,0.029333586,16.217063903808594,0.047371990978717804,0.2139559659090909,29.372229662808504,-0.003974444656209512,0.0001,0.2,34.65314761075106,0.8738901615142822,19689,1793.7528076171875,1000.0
744,2207,690,1523712,0.01409918,26.38450813293457,0.0473707877099514,0.189453125,29.37307596206665,0.016292680520564318,0.0001,0.2,50.580780029296875,0.8480403423309326,19690,1793.7528076171875,1000.0
745,2210,690,1525760,0.034585394,11.620880126953125,0.047370199114084244,0.2659254807692308,29.373693026029148,-0.0007823149387079936,0.0001,0.2,23.913452735314003,0.9232799410820007,19694,1793.7528076171875,1000.0
746,2212,690,1527808,0.014218555,12.28981876373291,0.04737115278840065,0.181640625,29.373321533203125,0.010643357411026955,0.0001,0.2,25.28655767440796,0.9142571687698364,19695,1793.7528076171875,1000.0
747,2217,690,1529856,0.011613844,11.810914039611816,0.04737146571278572,0.15087890625,29.37309455871582,0.00905482575763017,0.0001,0.2,24.191761016845703,0.9147177934646606,19696,1793.2152099609375,1000.0
748,2219,690,1531904,0.03878642,26.714536666870117,0.047371551394462585,0.219140625,29.373088455200197,0.005664745718240738,0.0001,0.2,56.65515670776367,0.9219760894775391,19698,1793.2152099609375,1000.0
749,2222,690,1533952,0.029540703,18.21213150024414,0.04737122356891632,0.18880208333333334,29.373119672139484,0.0039036129601299763,0.0001,0.2,36.74860382080078,0.9546254277229309,19700,1793.2152099609375,1000.0
750,2226,690,1536000,0.0320812,10.340152740478516,0.04736734554171562,0.2528211805555556,29.373900095621746,-0.01201271616284632,0.0001,0.2,25.3179259830051,0.9648115634918213,19705,1827.61328125,1000.0
751,2228,690,1538048,0.026046345,11.594450950622559,0.047368500381708145,0.2591796875,29.37551040649414,-0.009318630979396402,0.0001,0.2,27.30004138946533,0.962347686290741,19710,1827.61328125,1000.0
752,2231,690,1540096,0.025913775,116.18962860107422,0.04737027361989021,0.20849609375,29.3747661113739,0.0036278756451793015,0.0001,0.2,237.1937141418457,0.5411321520805359,19712,1827.61328125,1000.0
753,2234,690,1542144,0.021814262,73.88988494873047,0.047367990016937256,0.2259765625,29.37464485168457,-0.01629971284419298,0.0001,0.2,176.36444854736328,0.5972309112548828,19717,1827.61328125,1000.0
754,2238,689,1544192,0.019559473,93.1693115234375,0.04737187549471855,0.20634765625,29.37520513534546,-0.012448366556782275,0.0001,0.2,176.00037689208983,0.6104106903076172,19722,1850.502685546875,1000.0
755,2240,690,1546240,0.02472643,89.37379455566406,0.04736615717411041,0.2093505859375,29.374361634254456,-0.00952009906177409,0.0001,0.2,167.0663938522339,0.6549872159957886,19726,1850.502685546875,1000.0
756,2243,690,1548288,0.017106041,139.71498107910156,0.04735486954450607,0.23798828125,29.37867488861084,0.0062337157549336554,0.0001,0.2,299.02752685546875,0.02279508113861084,19731,1850.502685546875,1000.0
757,2246,690,1550336,0.017621063,118.189208984375,0.047348711639642715,0.1814453125,29.381225109100342,-0.01142905531451106,0.0001,0.2,263.4574569702148,0.06111490726470947,19736,1850.502685546875,1000.0
758,2250,689,1552384,0.016588977,103.79716491699219,0.04734344780445099,0.1763671875,29.383534526824953,-0.01101191621273756,0.0001,0.2,215.8691535949707,0.14711183309555054,19741,1804.6800537109375,1000.0
759,2253,689,1554432,0.017905291,85.13877868652344,0.04734279215335846,0.2091796875,29.384963989257812,-0.009020163665991277,0.0001,0.2,180.12230834960937,0.46866363286972046,19746,1804.6800537109375,1000.0
760,2256,689,1556480,0.012836261,21.8289794921875,0.04734361171722412,0.15830078125,29.384585094451904,-0.007757470547221601,0.0001,0.2,55.16754379272461,0.9517647624015808,19751,1804.6800537109375,1000.0
761,2258,689,1558528,0.02095845,21.425601959228516,0.04734267666935921,0.248046875,29.384666442871094,-0.01139511400833726,0.0001,0.2,54.91112098693848,0.9323583841323853,19756,1804.6800537109375,1000.0
762,2262,689,1560576,0.014816617,23.43583106994629,0.04733933135867119,0.2275390625,29.38560962677002,-0.006649864971404895,0.0001,0.2,52.19148559570313,0.9395614862442017,19761,1789.4984130859375,1000.0
763,2265,689,1562624,0.028559543,35.1471061706543,0.0473371222615242,0.1904296875,29.386757850646973,-0.0001444800291210413,0.0001,0.2,67.14076741536458,0.8977528810501099,19763,1789.4984130859375,1000.0
764,2268,689,1564672,0.014927477,18.348247528076172,0.0473356731235981,0.197265625,29.387556076049805,0.012645844602957368,0.0001,0.2,38.937625885009766,0.9534525275230408,19764,1789.4984130859375,1000.0
765,2270,689,1566720,0.03018461,15.076152801513672,0.04732741042971611,0.2697610294117647,29.389266406788547,0.0028219811399193373,0.0001,0.2,36.330889870138726,0.9385973811149597,19769,1789.4984130859375,1000.0
766,2274,689,1568768,0.025824554,18.192129135131836,0.04732062295079231,0.23541666666666666,29.392481740315755,-0.0008278892996410529,0.0001,0.2,39.07593510945638,0.9317694902420044,19773,1794.58154296875,1000.0
767,2277,689,1570816,0.030353619,47.5600471496582,0.04731804132461548,0.193359375,29.39439163208008,0.0003291677683591843,0.0001,0.2,86.39954223632813,0.8311302661895752,19775,1794.58154296875,1000.0
768,2279,689,1572864,0.033749193,43.82255935668945,0.04731755703687668,0.20078125,29.394964981079102,0.004030841216444969,0.0001,0.2,85.28362731933593,0.7653677463531494,19777,1794.58154296875,1000.0
769,2282,690,1574912,0.03620069,49.06814193725586,0.047315530478954315,0.20768229166666666,29.395423041449654,-0.0032267063959605163,0.0001,0.2,93.7960433959961,0.7519005537033081,19780,1794.58154296875,1000.0
770,2286,689,1576960,0.01516858,31.15762710571289,0.047314830124378204,0.20068359375,29.39611530303955,0.01446938596200198,0.0001,0.2,70.55300426483154,0.7991390824317932,19781,1807.87890625,1000.0
771,2288,689,1579008,0.025361149,58.411197662353516,0.04731385037302971,0.220947265625,29.3965060710907,0.001471469586249441,0.0001,0.2,107.14165210723877,0.7806280851364136,19783,1807.87890625,1000.0
772,2291,690,1581056,0.02412844,52.225982666015625,0.04731649160385132,0.205078125,29.396709156036376,-0.01155598706100136,0.0001,0.2,106.22478675842285,0.7726894617080688,19788,1807.87890625,1000.0
773,2294,690,1583104,0.021593446,51.05723190307617,0.04732442647218704,0.27919921875,29.39476795196533,-0.009029298624955117,0.0001,0.2,98.62170715332032,0.795767068862915,19793,1807.87890625,1000.0
774,2298,689,1585152,0.024344068,57.34688186645508,0.04732440412044525,0.23857421875,29.392459106445312,-0.008146003913134336,0.0001,0.2,111.6934913635254,0.7985407114028931,19798,1771.978271484375,1000.0
775,2300,689,1587200,0.025149746,34.023948669433594,0.04732195660471916,0.2549715909090909,29.393708489157937,-0.0014007309536364946,0.0001,0.2,63.354378786954015,0.8974515199661255,19801,1771.978271484375,1000.0
776,2303,689,1589248,0.037563868,17.425142288208008,0.04732179269194603,0.2171875,29.394097518920898,0.012671824544668198,0.0001,0.2,37.47122497558594,0.9703314304351807,19803,1771.978271484375,1000.0
777,2306,690,1591296,0.02095234,12.403637886047363,0.04732261598110199,0.2203125,29.394011783599854,-0.0003320212010294199,0.0001,0.2,29.683755016326906,0.9707867503166199,19808,1771.978271484375,1000.0
778,2309,689,1593344,0.028437948,9.930042266845703,0.04731965437531471,0.19952713815789475,29.394061439915706,-0.0035775005449786,0.0001,0.2,23.449538883410003,0.9739952683448792,19813,1786.8514404296875,1000.0
779,2312,689,1595392,0.033822402,32.4540901184082,0.04731864109635353,0.17109375,29.395281982421874,-0.0011858905665576458,0.0001,0.2,67.75439376831055,0.8745750188827515,19815,1786.8514404296875,1000.0
780,2315,689,1597440,0.026592031,8.224166870117188,0.047316379845142365,0.2821180555555556,29.396327442593044,0.0020419302551696696,0.0001,0.2,20.629460281795925,0.9515541791915894,19820,1786.8514404296875,1000.0
781,2317,690,1599488,0.016324066,8.799487113952637,0.047317199409008026,0.21533203125,29.396506309509277,0.010355623438954353,0.0001,0.2,18.606754302978516,0.9615453481674194,19821,1786.8514404296875,1000.0
782,2321,689,1601536,0.027293006,9.290231704711914,0.04731476306915283,0.2576349431818182,29.396725914695047,0.0019894053058868103,0.0001,0.2,19.102371215820312,0.9556962251663208,19824,1808.6837158203125,1000.0
783,2323,690,1603584,0.038785525,162.39840698242188,0.04731376841664314,0.212109375,29.397680282592773,0.013486425578594207,0.0001,0.2,336.70807495117185,0.6542907953262329,19826,1808.6837158203125,1000.0
784,2326,690,1605632,0.0306035,168.94271850585938,0.047312233597040176,0.218359375,29.39825439453125,0.008048618515022098,0.0001,0.2,333.02651062011716,0.6524823307991028,19829,1808.6837158203125,1000.0
785,2329,690,1607680,0.014436266,155.03294372558594,0.04730954021215439,0.098828125,29.399030876159667,-0.0095054448582232,0.0001,0.2,332.83365936279296,0.6593546867370605,19834,1808.6837158203125,1000.0
786,2333,689,1609728,0.01721421,100.48992156982422,0.04730740562081337,0.1140625,29.400059986114503,-0.01336005567573011,0.0001,0.2,239.8327835083008,0.7352826595306396,19839,1783.72998046875,1000.0
787,2335,689,1611776,0.034752127,36.32126998901367,0.04730500653386116,0.20963541666666666,29.40090560913086,0.0002600778825581074,0.0001,0.2,72.26526260375977,0.8839854001998901,19841,1783.72998046875,1000.0
788,2338,690,1613824,0.018368088,10.741737365722656,0.04730156436562538,0.21884765625,29.402491569519043,-0.0004824835225008428,0.0001,0.2,24.998079586029053,0.9626666307449341,19846,1783.72998046875,1000.0
789,2341,690,1615872,0.025579594,11.892773628234863,0.04729416221380234,0.22880859375,29.403903579711915,-0.006354589090915397,0.0001,0.2,27.349132347106934,0.9661049842834473,19851,1783.72998046875,1000.0
790,2344,690,1617920,0.022138778,9.153461456298828,0.04728882387280464,0.24072265625,29.407146692276,-0.0037802681617904454,0.0001,0.2,24.351056575775146,0.9631296396255493,19855,1787.98046875,1000.0
791,2347,690,1619968,0.02680538,68.54940795898438,0.047287292778491974,0.19587053571428573,29.40837287902832,0.009519801608153753,0.0001,0.2,148.90532793317522,0.7826673984527588,19857,1787.98046875,1000.0
792,2349,690,1622016,0.01856472,44.82368850708008,0.04727422073483467,0.17314453125,29.410221099853516,-0.011163357237819582,0.0001,0.2,91.32172737121581,0.8258348703384399,19862,1787.98046875,1000.0
793,2353,690,1624064,0.017235434,38.76091766357422,0.04726151376962662,0.19267578125,29.41612539291382,-0.010337877995334565,0.0001,0.2,83.83198890686035,0.8631480932235718,19867,1754.51220703125,1000.0
794,2356,690,1626112,0.022709753,34.66252517700195,0.047249652445316315,0.22451171875,29.420284843444826,-0.010303217358887196,0.0001,0.2,72.01054992675782,0.8914355635643005,19872,1754.51220703125,1000.0
795,2359,690,1628160,0.028247513,44.31545639038086,0.04724642634391785,0.20647321428571427,29.423510142735072,-0.0006037679766970021,0.0001,0.2,91.92883736746651,0.7893043756484985,19874,1754.51220703125,1000.0
796,2361,690,1630208,0.030509932,36.46326446533203,0.04723935201764107,0.2718098958333333,29.425494617886013,-0.0037640515042261947,0.0001,0.2,71.99308564927843,0.8366308212280273,19879,1754.51220703125,1000.0
797,2366,689,1632256,0.027972104,34.46142578125,0.04723498597741127,0.263671875,29.4276481628418,-0.007943318939457338,0.0001,0.2,67.79460372924805,0.8350961804389954,19883,1738.072021484375,1000.0
798,2368,689,1634304,0.030910853,35.68933868408203,0.04723254591226578,0.196875,29.42883644104004,0.00891642365604639,0.0001,0.2,73.82232971191407,0.8738360404968262,19885,1738.072021484375,1000.0
799,2371,689,1636352,0.024990462,14.531883239746094,0.04723002389073372,0.193359375,29.429790496826172,0.0011570937058422714,0.0001,0.2,30.840466260910034,0.9253455400466919,19887,1738.072021484375,1000.0
800,2374,690,1638400,0.03137188,13.152958869934082,0.04722918942570686,0.155859375,29.430379104614257,-0.0013420389033854008,0.0001,0.2,24.3021671295166,0.9430468082427979,19889,1738.072021484375,1000.0
801,2378,689,1640448,0.017951652,15.702123641967773,0.047229066491127014,0.21826171875,29.430527687072754,0.007145617622882128,0.0001,0.2,28.87544870376587,0.9276831150054932,19890,1697.83447265625,1000.0
802,2380,689,1642496,0.013450793,17.326940536499023,0.04722831770777702,0.1787109375,29.430731773376465,0.0015999020542949438,0.0001,0.2,35.93484973907471,0.9182255268096924,19891,1697.83447265625,1000.0
803,2383,690,1644544,0.03211923,16.889806747436523,0.04722669720649719,0.2294921875,29.431228001912434,0.009273773214469353,0.0001,0.2,31.759665489196777,0.9577741026878357,19893,1697.83447265625,1000.0
804,2385,690,1646592,0.03090541,12.882013320922852,0.047224875539541245,0.1619140625,29.432065963745117,-0.0013296735472977162,0.0001,0.2,27.635713005065917,0.9598520398139954,19896,1697.83447265625,1000.0
805,2389,689,1648640,0.02651125,14.67263126373291,0.04722423106431961,0.19698660714285715,29.43243190220424,0.0009262865143162864,0.0001,0.2,32.85127067565918,0.9456164836883545,19898,1752.8656005859375,1000.0
806,2392,690,1650688,0.036468644,25.3528995513916,0.04722397029399872,0.2125,29.432665634155274,0.00737204123288393,0.0001,0.2,51.005445098876955,0.9026433229446411,19900,1752.8656005859375,1000.0
807,2394,690,1652736,0.030275272,9.702113151550293,0.04722405970096588,0.2638020833333333,29.432910537719728,-0.0029209293735524017,0.0001,0.2,21.878827794392905,0.9453883171081543,19904,1752.8656005859375,1000.0
808,2397,690,1654784,0.016592018,9.986159324645996,0.047225769609212875,0.21240234375,29.432493686676025,0.00620463746599853,0.0001,0.2,20.295806884765625,0.936327338218689,19905,1752.8656005859375,1000.0
809,2401,689,1656832,0.013417739,7.836958885192871,0.047225818037986755,0.1767578125,29.432144165039062,0.009308606386184692,0.0001,0.2,16.95455288887024,0.940418004989624,19906,1772.1741943359375,1000.0
810,2404,690,1658880,0.016386323,22.832735061645508,0.047225095331668854,0.19873046875,29.432388305664062,0.01643767603673041,0.0001,0.2,44.29319095611572,0.8628447651863098,19907,1772.1741943359375,1000.0
811,2406,690,1660928,0.033836182,17.19199562072754,0.04722389206290245,0.2236328125,29.432780583699543,0.009220434818416834,0.0001,0.2,34.69045321146647,0.9062198400497437,19909,1772.1741943359375,1000.0
812,2409,690,1662976,0.026948536,12.715178489685059,0.04722069203853607,0.22122395833333333,29.433687082926433,-0.009847845742478966,0.0001,0.2,28.195632807413737,0.9113032221794128,19913,1772.1741943359375,1000.0
813,2413,689,1665024,0.03006432,18.813337326049805,0.047218408435583115,0.21061197916666666,29.434682210286457,0.008877112918222943,0.0001,0.2,40.511792500813804,0.8356109261512756,19915,1784.31494140625,1000.0
814,2415,690,1667072,0.026655225,20.678993225097656,0.04721616208553314,0.16927083333333334,29.435532569885254,0.0039191321314622956,0.0001,0.2,44.62699953715006,0.9014294147491455,19917,1784.31494140625,1000.0
815,2418,690,1669120,0.025639908,10.57738971710205,0.04721452668309212,0.249609375,29.436642360687255,-0.012835331354290247,0.0001,0.2,24.00331869125366,0.9458277225494385,19922,1784.31494140625,1000.0
816,2421,690,1671168,0.0306954,17.92753028869629,0.04721502587199211,0.1765625,29.436671447753906,0.012249063607305289,0.0001,0.2,39.78446655273437,0.9357296228408813,19924,1784.31494140625,1000.0
817,2424,690,1673216,0.017542243,13.942487716674805,0.047209594398736954,0.254296875,29.43742780685425,-0.013414177030790597,0.0001,0.2,36.099155044555665,0.93367999792099,19929,1791.0076904296875,1000.0
818,2427,690,1675264,0.020386497,26.110010147094727,0.047204069793224335,0.24404296875,29.440106678009034,-0.008980029658414424,0.0001,0.2,59.10836524963379,0.900955855846405,19934,1791.0076904296875,1000.0
819,2430,690,1677312,0.030309673,14.471268653869629,0.04720079153776169,0.2107204861111111,29.44190788269043,-0.0059401907751129735,0.0001,0.2,27.32396592034234,0.9510685801506042,19937,1791.0076904296875,1000.0
820,2432,690,1679360,0.03197989,13.736466407775879,0.04719965159893036,0.205078125,29.44284019470215,0.003463901113718748,0.0001,0.2,26.729082107543945,0.9502095580101013,19939,1791.0076904296875,1000.0
821,2436,690,1681408,0.031238519,15.60002326965332,0.04719877243041992,0.21940104166666666,29.443206151326496,-0.003060124504069487,0.0001,0.2,31.3861722946167,0.9410529136657715,19941,1817.6239013671875,1000.0
822,2439,690,1683456,0.013528823,66.68525695800781,0.047197986394166946,0.18212890625,29.443599700927734,0.008131915936246514,0.0001,0.2,118.08053207397461,0.8000493049621582,19942,1817.6239013671875,1000.0
823,2441,690,1685504,0.02818136,42.36993408203125,0.04719699174165726,0.19791666666666666,29.443986574808758,0.005457517070074876,0.0001,0.2,100.31122334798177,0.792507529258728,19944,1817.6239013671875,1000.0
824,2444,690,1687552,0.031844553,46.939693450927734,0.047194674611091614,0.17503004807692307,29.444607661320614,-0.0046045975759625435,0.0001,0.2,100.388427734375,0.7955315113067627,19948,1817.6239013671875,1000.0
825,2447,690,1689600,0.02565638,50.432106018066406,0.04719189181923866,0.20377604166666666,29.44563579559326,-8.730411839981873e-05,0.0001,0.2,102.19842529296875,0.8161061406135559,19951,1792.739013671875,1000.0
826,2450,690,1691648,0.027200164,110.97471618652344,0.0471937395632267,0.20926339285714285,29.445904867989675,0.001455216801592282,0.0001,0.2,196.04151698521204,0.662731945514679,19953,1792.739013671875,1000.0
827,2453,690,1693696,0.028870277,79.8646240234375,0.04719550535082817,0.20182291666666666,29.44513448079427,0.004817830631509423,0.0001,0.2,155.62244669596353,0.7101794481277466,19955,1792.739013671875,1000.0
828,2455,690,1695744,0.025705066,84.23221588134766,0.04719947278499603,0.2328125,29.444145965576173,-0.008139886613935231,0.0001,0.2,148.4423927307129,0.6921361684799194,19960,1792.739013671875,1000.0
829,2459,690,1697792,0.027691672,76.44209289550781,0.04720142483711243,0.20647321428571427,29.442915780203684,0.005918327852019242,0.0001,0.2,148.3352508544922,0.6928235292434692,19962,1799.296142578125,1000.0
830,2462,690,1699840,0.031796828,19.542417526245117,0.04719874635338783,0.20859375,29.442702865600587,-0.005807029735296965,0.0001,0.2,43.51315689086914,0.9555442929267883,19965,1799.296142578125,1000.0
831,2465,690,1701888,0.028451614,5.505662441253662,0.04719463735818863,0.24058948863636365,29.444614930586383,-0.0010165562429888682,0.0001,0.2,14.096968910910867,0.98804771900177,19968,1799.296142578125,1000.0
832,2467,690,1703936,0.03291579,7.773313999176025,0.047194063663482666,0.19765625,29.445326614379884,0.009081102255731822,0.0001,0.2,16.679108238220216,0.9839759469032288,19970,1799.296142578125,1000.0
833,2471,690,1705984,0.020881897,6.41195821762085,0.047189489006996155,0.175537109375,29.446236610412598,-0.0010401407489553094,0.0001,0.2,13.53159773349762,0.9869852066040039,19972,1831.330322265625,1000.0
834,2474,690,1708032,0.025486045,82.33671569824219,0.04718492925167084,0.189697265625,29.448292016983032,0.008184974605683237,0.0001,0.2,186.29524040222168,0.7787814140319824,19974,1831.330322265625,1000.0
835,2476,690,1710080,0.020540081,61.49940872192383,0.04717482626438141,0.19189453125,29.450835990905762,-0.012182983127422631,0.0001,0.2,127.02476119995117,0.8245206475257874,19979,1831.330322265625,1000.0
836,2480,690,1712128,0.030838784,79.96326446533203,0.047171950340270996,0.1870659722222222,29.4536681705051,-0.0012651652408142884,0.0001,0.2,149.00213792588977,0.808224081993103,19982,1796.6846923828125,1000.0
837,2483,690,1714176,0.022759933,57.55297088623047,0.04717433825135231,0.228515625,29.4541615486145,-0.014268638100475073,0.0001,0.2,123.75305061340332,0.823187530040741,19987,1796.6846923828125,1000.0
838,2485,690,1716224,0.025145862,20.21953582763672,0.047173455357551575,0.211669921875,29.4532630443573,-0.0009556106524541974,0.0001,0.2,40.62342548370361,0.9221595525741577,19989,1796.6846923828125,1000.0
839,2488,690,1718272,0.031343475,21.826175689697266,0.04717138782143593,0.2582310267857143,29.454317365373885,-0.00027794879861176014,0.0001,0.2,44.66842842102051,0.917524516582489,19993,1796.6846923828125,1000.0
840,2492,690,1720320,0.0306861,20.88031005859375,0.0471714586019516,0.21354166666666666,29.45443630218506,0.0035085874454428754,0.0001,0.2,40.933675130208336,0.9196066856384277,19995,1810.114990234375,1000.0
841,2495,690,1722368,0.024044294,19.182783126831055,0.04717031866312027,0.191650390625,29.454580307006836,-0.0036471372877713293,0.0001,0.2,38.832828998565674,0.9288495779037476,19997,1810.114990234375,1000.0
842,2497,690,1724416,0.024768498,14.041107177734375,0.04716912657022476,0.195556640625,29.455108642578125,0.005642316595185548,0.0001,0.2,32.95468807220459,0.972569465637207,19999,1810.114990234375,1000.0
843,2500,690,1726464,0.025192201,10.996188163757324,0.047164544463157654,0.14049479166666667,29.455874252319337,-0.0066216231944660345,0.0001,0.2,26.954641596476236,0.973000168800354,20003,1810.114990234375,1000.0
844,2504,690,1728512,0.027747117,12.368131637573242,0.04716067761182785,0.18717447916666666,29.457850456237793,0.006196055716524522,0.0001,0.2,28.370357195536297,0.9687665104866028,20005,1823.415283203125,1000.0
845,2507,690,1730560,0.034877937,38.014278411865234,0.047160014510154724,0.185546875,29.458951738145615,-0.003338030306622386,0.0001,0.2,68.27287080552843,0.8883006572723389,20008,1823.415283203125,1000.0
846,2509,690,1732608,0.031190172,14.430561065673828,0.047164760529994965,0.2726779513888889,29.45808442433675,-0.009259564219973981,0.0001,0.2,27.559115091959637,0.8235172033309937,20013,1823.415283203125,1000.0
847,2512,690,1734656,0.02796772,14.030935287475586,0.04716100916266441,0.2701171875,29.457729721069335,0.005796948587521911,0.0001,0.2,28.047295761108398,0.7892121076583862,20016,1823.415283203125,1000.0
848,2515,690,1736704,0.020195916,10.404620170593262,0.04715794324874878,0.26220703125,29.459557056427002,0.01974792731925845,0.0001,0.2,21.51608657836914,0.8488646745681763,20017,1843.4564208984375,1000.0
849,2518,690,1738752,0.0356209,38.90046691894531,0.047155652195215225,0.187109375,29.460612487792968,0.006953322887420654,0.0001,0.2,75.21734848022462,0.761785626411438,20019,1843.4564208984375,1000.0
850,2521,690,1740800,0.013489141,17.202190399169922,0.04715319722890854,0.15576171875,29.461464881896973,0.006547772034537047,0.0001,0.2,32.35710906982422,0.9240056276321411,20020,1843.4564208984375,1000.0
851,2523,690,1742848,0.017412264,17.718324661254883,0.04714970290660858,0.23291015625,29.462653636932373,0.009949857252649963,0.0001,0.2,34.01124954223633,0.9272419810295105,20021,1843.4564208984375,1000.0
852,2527,690,1744896,0.016586266,19.494306564331055,0.047145769000053406,0.22265625,29.46426486968994,0.01362745848018676,0.0001,0.2,38.04408550262451,0.9118425846099854,20022,1875.45654296875,1000.0
853,2530,690,1746944,0.02883551,29.473411560058594,0.04714139550924301,0.21707589285714285,29.46596418108259,0.004098643814878804,0.0001,0.2,58.53212465558733,0.9162861108779907,20024,1875.45654296875,1000.0
854,2532,690,1748992,0.027056668,10.763795852661133,0.04713858291506767,0.15885416666666666,29.46731185913086,-0.000980793886507551,0.0001,0.2,23.022112210591633,0.9732542037963867,20026,1875.45654296875,1000.0
855,2535,690,1751040,0.02537736,10.801433563232422,0.04713503271341324,0.1923828125,29.468674341837566,9.249274929364523e-06,0.0001,0.2,22.03819465637207,0.9741265773773193,20028,1875.45654296875,1000.0
856,2539,690,1753088,0.014715774,9.01449966430664,0.04713345319032669,0.205078125,29.46964454650879,0.0038758948212489486,0.0001,0.2,21.20579957962036,0.977091908454895,20029,1878.5821533203125,1000.0
857,2541,690,1755136,0.028695976,21.35780143737793,0.04713044688105583,0.21512276785714285,29.470629828316824,0.008976669449891363,0.0001,0.2,44.23053250994001,0.9564895629882812,20031,1878.5821533203125,1000.0
858,2544,690,1757184,0.019492058,21.37160873413086,0.04712734743952751,0.13364955357142858,29.471732548304967,-0.0005334400172744479,0.0001,0.2,42.795973096575054,0.9543726444244385,20033,1878.5821533203125,1000.0
859,2546,690,1759232,0.026068194,17.744308471679688,0.047123685479164124,0.1748046875,29.4730863571167,-0.0019099537360792358,0.0001,0.2,34.200382232666016,0.9641746282577515,20035,1878.5821533203125,1000.0
860,2550,690,1761280,0.030052321,20.114660263061523,0.047115474939346313,0.2543402777777778,29.475384606255425,-0.0016565403331898982,0.0001,0.2,41.5270864698622,0.9578512907028198,20038,1845.1112060546875,1000.0
861,2553,690,1763328,0.018659716,20.54105567932129,0.04710947722196579,0.20930989583333334,29.478256066640217,0.0018916258122771978,0.0001,0.2,43.059635162353516,0.9513089656829834,20041,1845.1112060546875,1000.0
862,2555,690,1765376,0.02575071,8.880355834960938,0.04710685834288597,0.19168526785714285,29.479828425816127,0.003963356870891792,0.0001,0.2,17.40074920654297,0.9800156354904175,20043,1845.1112060546875,1000.0
863,2558,690,1767424,0.025307711,6.808277130126953,0.04709949716925621,0.1552734375,29.48145408630371,-0.005583193199709058,0.0001,0.2,14.345642185211181,0.978211522102356,20046,1845.1112060546875,1000.0
864,2562,690,1769472,0.013153248,5.938750267028809,0.04709590971469879,0.17138671875,29.483917236328125,0.005905776983126998,0.0001,0.2,13.284157752990723,0.9798083901405334,20047,1847.74462890625,1000.0
865,2564,690,1771520,0.030240515,34.09324264526367,0.04709252715110779,0.173046875,29.485304260253905,0.0022095514461398123,0.0001,0.2,60.86423187255859,0.8956989049911499,20049,1847.74462890625,1000.0
866,2567,690,1773568,0.03008852,11.72830581665039,0.047087352722883224,0.27369791666666665,29.487222290039064,-0.004051053896546364,0.0001,0.2,24.876253255208333,0.9521774053573608,20053,1847.74462890625,1000.0
867,2570,690,1775616,0.03153362,10.359698295593262,0.04708700627088547,0.167578125,29.488183212280273,0.007141614612191915,0.0001,0.2,23.68897819519043,0.954262375831604,20055,1847.74462890625,1000.0
868,2574,690,1777664,0.027507344,10.326295852661133,0.0470762625336647,0.26614583333333336,29.489987818400063,-0.004942567460238934,0.0001,0.2,23.44809939066569,0.9518144130706787,20059,1863.60107421875,1000.0
869,2577,690,1779712,0.028820962,18.78773307800293,0.04707159474492073,0.19498697916666666,29.493534088134766,0.005236424350490172,0.0001,0.2,38.54222043355306,0.9262531995773315,20061,1863.60107421875,1000.0
870,2579,690,1781760,0.022048825,4.651153564453125,0.0470590740442276,0.2248046875,29.49664134979248,-0.009364508208818734,0.0001,0.2,13.216095924377441,0.9704650640487671,20066,1863.60107421875,1000.0
871,2582,690,1783808,0.025174322,6.1988325119018555,0.04705416411161423,0.2548828125,29.500759887695313,-0.002743878262117505,0.0001,0.2,16.29151334762573,0.9613070487976074,20071,1863.60107421875,1000.0
872,2586,690,1785856,0.024862573,6.958249568939209,0.047055795788764954,0.26240234375,29.50146589279175,-0.01229435233399272,0.0001,0.2,16.011172819137574,0.946423351764679,20076,1904.5406494140625,1000.0
873,2589,690,1787904,0.03188759,145.4815673828125,0.04705578833818436,0.1796875,29.501349258422852,0.011996588669717312,0.0001,0.2,306.1118225097656,0.23712503910064697,20078,1904.5406494140625,1000.0
874,2591,690,1789952,0.016547943,119.9942855834961,0.04705072194337845,0.246875,29.50203981399536,-0.007097874541068449,0.0001,0.2,255.50775985717775,0.1765766143798828,20083,1904.5406494140625,1000.0
875,2595,690,1792000,0.013196062,118.73572540283203,0.0470447763800621,0.1455078125,29.504389476776122,-0.009599593392340466,0.0001,0.2,278.03212509155276,0.16975176334381104,20088,1855.1466064453125,1000.0
876,2598,690,1794048,0.01811359,118.06891632080078,0.04704340547323227,0.1958984375,29.505908489227295,-0.013725518016144633,0.0001,0.2,244.71358489990234,0.16428470611572266,20093,1855.1466064453125,1000.0
877,2601,690,1796096,0.020986134,25.056215286254883,0.04702882841229439,0.20986328125,29.507624626159668,-0.009327688836492598,0.0001,0.2,50.76775207519531,0.8381775617599487,20098,1855.1466064453125,1000.0
878,2604,690,1798144,0.028958414,12.532543182373047,0.04701878875494003,0.26015625,29.513592529296876,-0.0025891318451613187,0.0001,0.2,26.25465908050537,0.9169749617576599,20101,1855.1466064453125,1000.0
879,2607,690,1800192,0.0132040465,12.814992904663086,0.0470154844224453,0.17041015625,29.515944480895996,0.010361982509493828,0.0001,0.2,26.59375238418579,0.9238570332527161,20102,1866.5009765625,1000.0
880,2610,690,1802240,0.030754525,17.924049377441406,0.047007761895656586,0.2747395833333333,29.51821454366048,0.0017957989799065723,0.0001,0.2,35.436488469441734,0.8960111737251282,20105,1866.5009765625,1000.0
881,2613,690,1804288,0.016679347,20.557371139526367,0.04700583592057228,0.19873046875,29.52006196975708,0.010383695363998413,0.0001,0.2,42.08155822753906,0.907468318939209,20106,1866.5009765625,1000.0
882,2615,690,1806336,0.029992433,20.176721572875977,0.04700291156768799,0.189453125,29.52115740094866,0.0049605476669967175,0.0001,0.2,41.93472235543387,0.9001734256744385,20108,1866.5009765625,1000.0
883,2619,690,1808384,0.017524568,19.9417667388916,0.04700245335698128,0.23095703125,29.521783351898193,0.012229407671838999,0.0001,0.2,38.06034183502197,0.9171209931373596,20109,1880.940673828125,1000.0
884,2622,690,1810432,0.03205374,44.94675064086914,0.047002434730529785,0.195703125,29.52188911437988,0.005192043632268906,0.0001,0.2,85.18747100830078,0.8539836406707764,20111,1880.940673828125,1000.0
885,2624,690,1812480,0.016288992,98.91554260253906,0.047008343040943146,0.225390625,29.521407318115234,-0.007713021896779537,0.0001,0.2,196.2513916015625,0.45399123430252075,20116,1880.940673828125,1000.0
886,2627,690,1814528,0.019106124,99.4069595336914,0.047009456902742386,0.16943359375,29.519050312042236,-0.0069845235673710706,0.0001,0.2,189.95552597045898,0.46599745750427246,20121,1880.940673828125,1000.0
887,2631,690,1816576,0.02322732,89.23202514648438,0.0470004566013813,0.2783203125,29.52090950012207,-0.004141293372958899,0.0001,0.2,177.33365783691406,0.46862584352493286,20126,1854.681884765625,1000.0
888,2633,690,1818624,0.024507385,72.29517364501953,0.046995099633932114,0.25595703125,29.523936367034914,-0.011920890002511442,0.0001,0.2,141.54600563049317,0.6385986804962158,20131,1854.681884765625,1000.0
889,2636,690,1820672,0.018070662,16.359603881835938,0.04698518291115761,0.1703125,29.526089000701905,-0.004573594848625362,0.0001,0.2,37.46889190673828,0.9541700482368469,20136,1854.681884765625,1000.0
890,2639,690,1822720,0.029031906,16.358795166015625,0.046974536031484604,0.2023654513888889,29.5309992896186,-0.011246502722820474,0.0001,0.2,39.46684222751193,0.9336332678794861,20141,1854.681884765625,1000.0
891,2642,690,1824768,0.016400987,14.627605438232422,0.04697087034583092,0.201171875,29.534057140350342,-0.006775489775463939,0.0001,0.2,34.3807671546936,0.9386530518531799,20146,1860.844970703125,1000.0
892,2645,690,1826816,0.030805174,37.307289123535156,0.04696746543049812,0.1962890625,29.535125414530437,-0.005841400396699707,0.0001,0.2,82.9090690612793,0.8175320625305176,20148,1860.844970703125,1000.0
893,2647,690,1828864,0.026160046,12.763869285583496,0.04695869982242584,0.2552083333333333,29.53781541188558,0.0010509516190116603,0.0001,0.2,26.751387119293213,0.9553502202033997,20151,1860.844970703125,1000.0
894,2650,690,1830912,0.028614871,19.35927391052246,0.04695673659443855,0.22795758928571427,29.53984260559082,0.006744331813284329,0.0001,0.2,37.5206663949149,0.9426604509353638,20153,1860.844970703125,1000.0
895,2653,690,1832960,0.031254184,13.027632713317871,0.04695330187678337,0.23567708333333334,29.54072093963623,0.002665666164830327,0.0001,0.2,25.678007125854492,0.9613815546035767,20155,1843.3114013671875,1000.0
896,2656,690,1835008,0.020728575,19.948102951049805,0.046949487179517746,0.2470703125,29.542420864105225,0.012112794443964958,0.0001,0.2,40.523834228515625,0.9255594611167908,20156,1843.3114013671875,1000.0
897,2659,690,1837056,0.03521695,19.920658111572266,0.046944424510002136,0.21712239583333334,29.54432551066081,0.01284571496459345,0.0001,0.2,41.05961481730143,0.950575053691864,20158,1843.3114013671875,1000.0
898,2662,690,1839104,0.025526557,12.499448776245117,0.04693736135959625,0.24931640625,29.54716272354126,-0.007595149159897119,0.0001,0.2,28.76424369812012,0.9401217699050903,20163,1843.3114013671875,1000.0
899,2666,690,1841152,0.026733175,11.939275741577148,0.04693514108657837,0.2580295138888889,29.54881689283583,-0.0004883754429303937,0.0001,0.2,26.90422460767958,0.9203384518623352,20168,1853.360107421875,1000.0
900,2668,690,1843200,0.017638996,79.53215789794922,0.04693405330181122,0.2021484375,29.549790859222412,0.009394527180120349,0.0001,0.2,154.58603286743164,0.8043990731239319,20169,1853.360107421875,1000.0
901,2671,690,1845248,0.03026524,116.9278335571289,0.04693301022052765,0.190234375,29.55028839111328,0.003361220471560955,0.0001,0.2,237.7988525390625,0.7366276979446411,20171,1853.360107421875,1000.0
902,2673,690,1847296,0.030351777,97.17669677734375,0.04693193361163139,0.19639756944444445,29.550804985894096,-0.00212542319463359,0.0001,0.2,207.57486470540366,0.7513430118560791,20174,1853.360107421875,1000.0
903,2677,690,1849344,0.029784085,93.5357437133789,0.04693066328763962,0.18956163194444445,29.551359600490994,-0.01273625623434782,0.0001,0.2,208.537350124783,0.7507860660552979,20179,1814.3427734375,1000.0
904,2680,690,1851392,0.026986413,58.993324279785156,0.046928770840168,0.19111328125,29.552047157287596,-0.013025814585853368,0.0001,0.2,134.23544998168944,0.7581974267959595,20184,1814.3427734375,1000.0
905,2682,690,1853440,0.02296965,36.35301971435547,0.04692847654223442,0.14341517857142858,29.55242919921875,-0.0055484655645809,0.0001,0.2,73.9152090890067,0.8161706924438477,20186,1814.3427734375,1000.0
906,2685,690,1855488,0.031002842,33.53080368041992,0.04692709818482399,0.2154296875,29.55267963409424,-0.008236829959787428,0.0001,0.2,68.57609024047852,0.8421551585197449,20189,1814.3427734375,1000.0
907,2689,690,1857536,0.02910626,45.942405700683594,0.046923503279685974,0.21842447916666666,29.553642590840656,0.002332463084409634,0.0001,0.2,92.80995559692383,0.7695713639259338,20191,1800.75537109375,1000.0
908,2691,690,1859584,0.03336889,21.883373260498047,0.046920787543058395,0.1921875,29.555016708374023,-0.0012997285462915897,0.0001,0.2,39.53944625854492,0.9393114447593689,20193,1800.75537109375,1000.0
909,2694,690,1861632,0.03260521,11.757319450378418,0.046918947249650955,0.19296875,29.555889129638672,0.010483959503471852,0.0001,0.2,24.46895980834961,0.9754897356033325,20195,1800.75537109375,1000.0
910,2696,691,1863680,0.025761545,9.08679485321045,0.04691345617175102,0.21110026041666666,29.557260195414226,-0.0019338571776946385,0.0001,0.2,20.264008045196533,0.9748343229293823,20198,1800.75537109375,1000.0
911,2700,690,1865728,0.029918168,11.450103759765625,0.04691103473305702,0.20084635416666666,29.558918635050457,0.003691720232988397,0.0001,0.2,23.81803607940674,0.9676212072372437,20200,1795.2423095703125,1000.0
912,2702,691,1867776,0.02082076,23.15336036682129,0.04690945893526077,0.23779296875,29.55970048904419,0.019131025997921824,0.0001,0.2,48.359490394592285,0.9396073818206787,20201,1795.2423095703125,1000.0
913,2705,691,1869824,0.02903539,21.188373565673828,0.04690353199839592,0.24107142857142858,29.561174120221818,-0.0022976058535277843,0.0001,0.2,46.57009778703962,0.9435303211212158,20203,1795.2423095703125,1000.0
914,2707,691,1871872,0.029231373,24.05251121520996,0.04689853638410568,0.19108072916666666,29.563319206237793,9.823280076185862e-06,0.0001,0.2,46.03334363301595,0.9472696185112,20205,1795.2423095703125,1000.0
915,2711,691,1873920,0.027242692,19.578996658325195,0.046893421560525894,0.20591517857142858,29.56529971531459,-0.0016627735125699214,0.0001,0.2,41.28711373465402,0.9492237567901611,20207,1778.3031005859375,1000.0
916,2713,691,1875968,0.030280344,20.594680786132812,0.04688982293009758,0.2671875,29.56718463897705,-0.006725093955174089,0.0001,0.2,40.58407478332519,0.8274231553077698,20210,1778.3031005859375,1000.0
917,2716,691,1878016,0.028694397,9.005932807922363,0.04688861966133118,0.22321428571428573,29.5679988861084,0.00854563117692513,0.0001,0.2,20.443297249930247,0.924065887928009,20212,1778.3031005859375,1000.0
918,2720,690,1880064,0.030290319,8.273354530334473,0.046887800097465515,0.20436789772727273,29.568595366044477,-0.002234321299263022,0.0001,0.2,17.645395105535332,0.9062637090682983,20215,1778.8089599609375,1000.0
919,2723,691,1882112,0.03228271,12.070277214050293,0.046883679926395416,0.2701171875,29.569096565246582,0.00034316161181777714,0.0001,0.2,23.260462379455568,0.8874835968017578,20218,1778.8089599609375,1000.0
920,2726,691,1884160,0.048718803,18.937402725219727,0.04687974974513054,0.234375,29.571074295043946,0.015199744189158083,0.0001,0.2,39.910360717773436,0.9268738031387329,20220,1778.8089599609375,1000.0
921,2729,691,1886208,0.031077696,9.494882583618164,0.046868350356817245,0.26186899038461536,29.57394027709961,-0.0029578637331724167,0.0001,0.2,22.767693006075344,0.9513697624206543,20224,1778.8089599609375,1000.0
922,2732,690,1888256,0.03446486,12.024251937866211,0.04685743898153305,0.2670200892857143,29.57870892116002,-0.005615791838083949,0.0001,0.2,25.621615409851074,0.9508010745048523,20228,1787.2998046875,1000.0
923,2735,691,1890304,0.026518902,19.523454666137695,0.046854037791490555,0.19810267857142858,29.58143506731306,-0.0026887349917420317,0.0001,0.2,46.79344667707171,0.9141125679016113,20230,1787.2998046875,1000.0
924,2737,691,1892352,0.024514591,62.50721740722656,0.04685111343860626,0.20145089285714285,29.58264078412737,0.0021116028406790326,0.0001,0.2,111.57484545026507,-0.22402560710906982,20232,1787.2998046875,1000.0
925,2740,691,1894400,0.03543692,54.65979766845703,0.04685010388493538,0.2672526041666667,29.58348019917806,0.0061492651390532655,0.0001,0.2,112.63927459716797,-0.17917227745056152,20234,1787.2998046875,1000.0
926,2744,691,1896448,0.030795624,59.77313232421875,0.046850450336933136,0.214453125,29.58349609375,0.00443897545337677,0.0001,0.2,125.29855194091797,-0.08908331394195557,20236,1800.770751953125,1000.0
927,2746,691,1898496,0.041237857,49.65971755981445,0.04684945195913315,0.201953125,29.58375816345215,0.0052099103108048436,0.0001,0.2,101.83690948486328,0.5206164121627808,20238,1800.770751953125,1000.0
928,2749,691,1900544,0.030772852,9.78549861907959,0.04684973508119583,0.20149739583333334,29.58390204111735,0.01448328502010554,0.0001,0.2,19.86208375295003,0.947982132434845,20240,1800.770751953125,1000.0
929,2751,691,1902592,0.03311313,8.993657112121582,0.046845417469739914,0.27263327205882354,29.584395240334903,-0.014063016347148839,0.0001,0.2,19.693695965935202,0.9264228343963623,20245,1800.770751953125,1000.0
930,2755,691,1904640,0.027731333,9.217289924621582,0.0468432642519474,0.17838541666666666,29.586015383402508,-0.0016705601786573727,0.0001,0.2,18.39148998260498,0.9474219679832458,20247,1808.9923095703125,1000.0
931,2758,691,1906688,0.024768418,23.16731071472168,0.04683906212449074,0.22102864583333334,29.58713213602702,-0.0046391401362294955,0.0001,0.2,47.78233369191488,0.8734458684921265,20250,1808.9923095703125,1000.0
932,2760,691,1908736,0.02966794,27.181835174560547,0.04683627188205719,0.21158854166666666,29.588605244954426,0.0028655410666639605,0.0001,0.2,55.49172592163086,0.8634713292121887,20252,1808.9923095703125,1000.0
933,2763,691,1910784,0.023989908,30.25597381591797,0.046833716332912445,0.2571614583333333,29.5897699991862,-0.004490392655134201,0.0001,0.2,60.18516235351562,0.853584885597229,20256,1808.9923095703125,1000.0
934,2767,691,1912832,0.02693883,26.06089973449707,0.04682832956314087,0.2955322265625,29.59101665019989,-0.0018949468794744462,0.0001,0.2,54.32398462295532,0.8717229962348938,20260,1779.9591064453125,1000.0
935,2769,691,1914880,0.025359467,28.992839813232422,0.046814143657684326,0.2947265625,29.59454565048218,-0.011116407287772745,0.0001,0.2,60.98001689910889,0.8913161754608154,20265,1779.9591064453125,1000.0
936,2772,691,1916928,0.030794866,18.676589965820312,0.0468035526573658,0.24864783653846154,29.599659259502705,-0.005042290923973689,0.0001,0.2,36.58090063241812,0.8902961611747742,20269,1779.9591064453125,1000.0
937,2775,691,1918976,0.029795937,16.670848846435547,0.04679093137383461,0.2710503472222222,29.60462803310818,-0.0051900049503375255,0.0001,0.2,32.69371615515815,0.8932915925979614,20274,1779.9591064453125,1000.0
938,2778,691,1921024,0.027882313,13.576692581176758,0.046787697821855545,0.2265625,29.607416697910853,-0.0003351553875420775,0.0001,0.2,28.46643611363002,0.9057619571685791,20276,1835.05029296875,1000.0
939,2781,691,1923072,0.030750882,20.10714340209961,0.04678524658083916,0.21744791666666666,29.608495076497395,-0.0032534277997910976,0.0001,0.2,41.707288106282554,0.927546501159668,20278,1835.05029296875,1000.0
940,2784,691,1925120,0.027600786,6.881662845611572,0.046779051423072815,0.225,29.609944407145182,0.0007105301444729169,0.0001,0.2,16.494413566589355,0.9687249064445496,20282,1835.05029296875,1000.0
941,2786,691,1927168,0.03290911,9.423629760742188,0.046775877475738525,0.194140625,29.612055587768555,0.0038659827783703803,0.0001,0.2,20.23354148864746,0.9546859264373779,20284,1835.05029296875,1000.0
942,2790,691,1929216,0.031064786,8.981851577758789,0.04677262529730797,0.133203125,29.613299560546874,-0.001093446370214224,0.0001,0.2,17.686156845092775,0.9600120186805725,20286,1842.6412353515625,1000.0
943,2793,691,1931264,0.016160468,26.729650497436523,0.0467706136405468,0.20052083333333334,29.614418665568035,0.014851295699675878,0.0001,0.2,49.082682291666664,0.8197739720344543,20287,1842.6412353515625,1000.0
944,2795,691,1933312,0.0152936205,11.297334671020508,0.04676773399114609,0.19580078125,29.61538028717041,0.011052155052311718,0.0001,0.2,23.40795612335205,0.8735511302947998,20288,1842.6412353515625,1000.0
945,2798,691,1935360,0.022157557,10.979862213134766,0.04676692932844162,0.25048828125,29.616119861602783,0.009289000649005175,0.0001,0.2,22.846956253051758,0.8816573023796082,20289,1842.6412353515625,1000.0
946,2802,691,1937408,0.014046871,11.650443077087402,0.04676538705825806,0.18701171875,29.61667537689209,0.006359390099532902,0.0001,0.2,23.67342710494995,0.8861437439918518,20290,1828.291748046875,1000.0
947,2804,691,1939456,0.033968866,74.29290771484375,0.04676346108317375,0.2236328125,29.617448488871258,0.007012825692072511,0.0001,0.2,131.9517084757487,0.5378531217575073,20292,1828.291748046875,1000.0
948,2807,691,1941504,0.02681454,41.6270637512207,0.04676217958331108,0.18303571428571427,29.618167059762136,-0.002099779434502125,0.0001,0.2,93.39183916364398,0.5878912210464478,20294,1828.291748046875,1000.0
949,2810,691,1943552,0.03378243,45.20028305053711,0.0467606820166111,0.24055989583333334,29.61866855621338,0.0055226213298738,0.0001,0.2,93.61842473347981,0.5640969276428223,20296,1828.291748046875,1000.0
950,2814,691,1945600,0.013784151,53.2159538269043,0.04675912857055664,0.177734375,29.61933946609497,0.006914920639246702,0.0001,0.2,101.24414253234863,0.5034189820289612,20297,1854.1956787109375,1000.0
951,2817,691,1947648,0.029344205,22.29205322265625,0.046754397451877594,0.25599888392857145,29.62051800319127,-0.003543348583791937,0.0001,0.2,44.78042847769601,0.8918809294700623,20301,1854.1956787109375,1000.0
952,2819,691,1949696,0.030839965,11.187338829040527,0.046752385795116425,0.25697544642857145,29.621933800833567,0.005355781343366418,0.0001,0.2,22.53708294459752,0.9586898684501648,20303,1854.1956787109375,1000.0
953,2822,691,1951744,0.02992525,11.344681739807129,0.046750426292419434,0.260009765625,29.62257432937622,-0.0007355143025051802,0.0001,0.2,24.862884283065796,0.9519485235214233,20305,1854.1956787109375,1000.0
954,2825,691,1953792,0.031235531,7.891115188598633,0.04674704372882843,0.278125,29.62371482849121,-0.0008588910102844238,0.0001,0.2,17.439166641235353,0.9639328718185425,20308,1871.9793701171875,1000.0
955,2828,691,1955840,0.032023855,18.81992530822754,0.046743784099817276,0.2620442708333333,29.62513319651286,0.007262212534745534,0.0001,0.2,40.12128766377767,0.9031894207000732,20310,1871.9793701171875,1000.0
956,2830,691,1957888,0.01601213,13.360269546508789,0.04674186557531357,0.220703125,29.626240412394207,0.012803886784240603,0.0001,0.2,25.395889282226562,0.9401443600654602,20311,1871.9793701171875,1000.0
957,2833,691,1959936,0.018519782,9.514554977416992,0.046739473938941956,0.24560546875,29.627113342285156,0.008392650401219726,0.0001,0.2,19.764976978302002,0.9537196755409241,20312,1871.9793701171875,1000.0
958,2836,691,1961984,0.030832205,13.102161407470703,0.0467367060482502,0.192578125,29.62807693481445,0.00117573793977499,0.0001,0.2,26.266198348999023,0.9384148120880127,20314,1875.1195068359375,1000.0
959,2839,691,1964032,0.018611073,15.920361518859863,0.04673457145690918,0.2529296875,29.629051685333252,0.012364459922537208,0.0001,0.2,33.25256299972534,0.8975520730018616,20315,1875.1195068359375,1000.0
960,2841,691,1966080,0.028355593,11.473237037658691,0.046730950474739075,0.197265625,29.630213419596355,0.0031457599252462387,0.0001,0.2,23.854756673177082,0.9409770965576172,20317,1875.1195068359375,1000.0
961,2845,691,1968128,0.037150037,8.590773582458496,0.04672568663954735,0.19596354166666666,29.632026460435654,0.00011399631491965718,0.0001,0.2,20.372337977091473,0.9462794661521912,20320,1879.2779541015625,1000.0
962,2848,691,1970176,0.014554401,10.062106132507324,0.04672366753220558,0.19189453125,29.63351583480835,0.011801527696661651,0.0001,0.2,21.167237758636475,0.9359771609306335,20321,1879.2779541015625,1000.0
963,2850,691,1972224,0.029023122,14.081927299499512,0.04671752080321312,0.2419921875,29.635067558288576,-0.0037826339481398462,0.0001,0.2,31.94041805267334,0.919370174407959,20324,1879.2779541015625,1000.0
964,2853,691,1974272,0.025360972,6.106247901916504,0.04669966176152229,0.2705078125,29.639510822296142,-0.009477642714045942,0.0001,0.2,15.745786142349242,0.9619184732437134,20329,1879.2779541015625,1000.0
965,2857,691,1976320,0.027350677,6.371355056762695,0.046688880771398544,0.2570929276315789,29.645841698897513,-0.010259738093928286,0.0001,0.2,15.17698920400519,0.965003252029419,20334,1905.29296875,1000.0
966,2860,691,1978368,0.018535554,18.89446449279785,0.046686358749866486,0.232421875,29.648314952850342,0.014980996027588844,0.0001,0.2,34.71729564666748,0.9198451042175293,20335,1905.29296875,1000.0
967,2862,691,1980416,0.03171803,16.502197265625,0.04668281599879265,0.198046875,29.649517059326172,0.004264143388718366,0.0001,0.2,32.62546844482422,0.9138436317443848,20337,1905.29296875,1000.0
968,2865,691,1982464,0.03443817,10.1416015625,0.046680107712745667,0.17578125,29.650737380981447,0.003236561641097069,0.0001,0.2,22.67694511413574,0.9411014914512634,20339,1905.29296875,1000.0
969,2869,691,1984512,0.0326319,13.17923641204834,0.04667848348617554,0.1828125,29.65164680480957,0.002862180396914482,0.0001,0.2,27.881705856323244,0.9252057671546936,20341,1912.4599609375,1000.0
970,2871,691,1986560,0.027707607,29.98256492614746,0.0466780811548233,0.263671875,29.65210247039795,-0.0002346511852617065,0.0001,0.2,72.80823961893718,0.7924349308013916,20344,1912.4599609375,1000.0
971,2874,691,1988608,0.027021263,54.16860580444336,0.046675994992256165,0.290234375,29.652346229553224,-0.009604832902550698,0.0001,0.2,100.76378021240234,0.6422655582427979,20349,1912.4599609375,1000.0
972,2877,691,1990656,0.034878805,54.09830093383789,0.04667537286877632,0.1984375,29.65301971435547,0.006319851987063885,0.0001,0.2,112.54971466064453,0.6292963624000549,20351,1912.4599609375,1000.0
973,2880,691,1992704,0.025064658,47.420806884765625,0.04667355492711067,0.25908203125,29.653722858428956,-0.010491324053145946,0.0001,0.2,96.2060390472412,0.6563712358474731,20356,1893.6329345703125,1000.0
974,2883,691,1994752,0.017819013,48.8720817565918,0.04667575657367706,0.26875,29.65370626449585,-0.007187997596338392,0.0001,0.2,95.43362846374512,0.6878266334533691,20361,1893.6329345703125,1000.0
975,2885,691,1996800,0.02596009,12.433966636657715,0.04667322710156441,0.219921875,29.653316688537597,-0.008178409014362842,0.0001,0.2,28.534317111968996,0.8430291414260864,20366,1893.6329345703125,1000.0
976,2888,692,1998848,0.031869236,14.603052139282227,0.04666091874241829,0.2646484375,29.656507764543807,-0.0036472457660628216,0.0001,0.2,28.401562690734863,0.8230804800987244,20370,1893.6329345703125,1000.0
977,2892,691,2000896,0.032504838,14.952951431274414,0.046649180352687836,0.269921875,29.661634254455567,0.001009415742009878,0.0001,0.2,32.387685775756836,0.830991268157959,20373,1925.9503173828125,1000.0
