time/total_timesteps,mufredat/çukur,time/time_elapsed,mufredat/eğim x,mufredat/yayla,mufredat/eğim y,time/fps,time/iterations,train/clip_fraction,train/clip_range,train/entropy_loss,train/std,train/value_loss,train/approx_kl,train/loss,train/policy_gradient_loss,train/explained_variance,train/n_updates,train/learning_rate,rollout/ep_len_mean,rollout/ep_rew_mean,eval/skor,eval/en_iyi_adim
4096,0.0,4,0.0,0.0,0.0,890,1,,,,,,,,,,,,,,,
8192,0.0,6,0.0,0.0,0.0,1283,2,0.139697265625,0.2,15.18281033039093,0.1210315078496933,78.74605007171631,0.012504207,32.85917282104492,-0.018014575931010766,0.9532731771469116,5,0.0001,,,,
12288,0.0,8,0.0,0.0,0.0,1493,3,0.06123046875,0.2,15.186292433738709,0.12102394551038742,54.14236717224121,0.010056708,21.86244010925293,-0.01114462639670819,0.9773631691932678,10,0.0001,,,,
16384,0.875,13,0.0,0.5,0.5,1176,4,0.07080078125,0.2,15.189228582382203,0.12101978808641434,77.97839241027832,0.010475889,27.85479164123535,-0.011544705217238516,0.9652690291404724,15,0.0001,1000.0,2201.62890625,,
20480,0.875,16,0.0,0.5,0.5,1220,5,0.081787109375,0.2,15.198719263076782,0.12098468095064163,57.870681571960446,0.011950877,24.23392677307129,-0.012151940414332785,0.971372663974762,20,0.0001,1000.0,2201.62890625,,
24576,0.875,19,0.0,0.5,0.5,1239,6,0.10458984375,0.2,15.21103241443634,0.12092087417840958,42.627986907958984,0.013402818,15.698389053344727,-0.014148998173186555,0.9478222131729126,25,0.0001,1000.0,2201.62890625,,
28672,0.875,22,0.0,0.5,0.5,1256,7,0.091845703125,0.2,15.220115923881531,0.12087813019752502,30.268538808822633,0.013163132,11.121332168579102,-0.01303512582089752,0.9623681306838989,30,0.0001,1000.0,2201.62890625,,
32768,1.75,28,0.5,1.5,1.5,1130,8,0.10068359375,0.2,15.229173398017883,0.12084152549505234,26.365889263153075,0.014210725,9.905353546142578,-0.012722958193626255,0.9714480638504028,35,0.0001,1000.0,2195.493408203125,,
36864,1.75,32,0.5,1.5,1.5,1149,9,0.081787109375,0.2,15.235870313644408,0.12081632763147354,31.212677812576295,0.012506805,12.793405532836914,-0.010664228023961187,0.9718981981277466,40,0.0001,1000.0,2195.493408203125,,
40960,1.75,35,0.5,1.5,1.5,1170,10,0.06533203125,0.2,15.241335678100587,0.12081063538789749,77.13602676391602,0.00973146,27.6180419921875,-0.01034484495758079,0.9201517701148987,45,0.0001,1000.0,2195.493408203125,,
45056,1.75,38,0.5,1.5,1.5,1167,11,0.050048828125,0.2,15.245290279388428,0.12083190679550171,67.45559329986573,0.009451229,25.154420852661133,-0.009662779106292874,0.9344244003295898,50,0.0001,1000.0,2195.493408203125,,
49152,1.875,44,1.0,2.0,2.5,1092,12,0.035986328125,0.2,15.245782375335693,0.12081153690814972,58.30946474075317,0.0076776305,19.458343505859375,-0.007828768366016448,0.946625292301178,55,0.0001,1000.0,2065.357666015625,,
53248,1.875,55,1.0,2.0,2.5,966,13,0.1001953125,0.2,15.251584553718567,0.12084983289241791,58.500827884674074,0.012042092,27.098695755004883,-0.015149398619541898,0.9583900570869446,60,0.0001,1000.0,2065.357666015625,,
57344,1.875,63,1.0,2.0,2.5,900,14,0.03291015625,0.2,15.252681398391724,0.1208450198173523,129.29150924682617,0.007996526,52.2640495300293,-0.007909321191255004,0.90226811170578,65,0.0001,1000.0,2065.357666015625,,
61440,1.875,73,1.0,2.0,2.5,833,15,0.0673828125,0.2,15.254460501670838,0.12085463851690292,77.82794027328491,0.009700592,31.341815948486328,-0.0115861814818345,0.9387473464012146,70,0.0001,1000.0,2065.357666015625,,
65536,2.625,89,2.0,2.5,1.5,731,16,0.102734375,0.2,15.251580452919006,0.12083941698074341,47.58867406845093,0.012474084,19.15256690979004,-0.014857077866327017,0.9635568857192993,75,0.0001,1000.0,2008.7373046875,,
69632,2.625,97,2.0,2.5,1.5,711,17,0.118310546875,0.2,15.252743029594422,0.12080607563257217,69.0345911026001,0.012196728,31.680295944213867,-0.01528637217124924,0.9401143193244934,80,0.0001,1000.0,2008.7373046875,,
73728,2.625,106,2.0,2.5,1.5,695,18,0.03583984375,0.2,15.256848478317261,0.12080603837966919,134.64856853485108,0.007514495,52.31285858154297,-0.007845785416429862,0.7555561065673828,85,0.0001,1000.0,2008.7373046875,,
77824,2.625,114,2.0,2.5,1.5,682,19,0.05595703125,0.2,15.25892369747162,0.12081465125083923,102.38034114837646,0.010132879,43.67982864379883,-0.0112156114570098,0.7918764352798462,90,0.0001,1000.0,2008.7373046875,,
81920,3.0,128,2.5,3.5,2.0,639,20,0.08916015625,0.2,15.259316444396973,0.1208120808005333,66.12002334594726,0.011518167,30.31983757019043,-0.01334509188309312,0.8691451549530029,95,0.0001,1000.0,1974.206787109375,,
86016,3.0,135,2.5,3.5,2.0,633,21,0.051171875,0.2,15.264243674278259,0.1207675039768219,85.3270809173584,0.009756938,38.07645797729492,-0.00997306727222167,0.8931904435157776,100,0.0001,1000.0,1974.206787109375,,
90112,3.0,145,2.5,3.5,2.0,619,22,0.0208984375,0.2,15.267031526565551,0.12077170610427856,129.8431749343872,0.0057543097,51.9043083190918,-0.006281647190917283,0.8817988038063049,105,0.0001,1000.0,1974.206787109375,,
94208,3.0,154,2.5,3.5,2.0,611,23,0.0345703125,0.2,15.267631769180298,0.12075310945510864,101.3839828491211,0.008179861,35.45674133300781,-0.00848664166405797,0.9134122133255005,110,0.0001,1000.0,1974.206787109375,,
98304,3.75,167,2.0,4.5,2.5,585,24,0.0529296875,0.2,15.274874949455262,0.12073249369859695,92.3480167388916,0.009620748,34.744808197021484,-0.009452783560846001,0.9337435960769653,115,0.0001,1000.0,1937.5228271484375,,
102400,3.75,176,2.0,4.5,2.5,580,25,0.055810546875,0.2,15.279438138008118,0.12071042507886887,139.30626087188722,0.009203086,56.358985900878906,-0.012650840741116554,0.8967881798744202,120,0.0001,1000.0,1937.5228271484375,,
106496,3.75,185,2.0,4.5,2.5,573,26,0.026123046875,0.2,15.281621193885803,0.12067725509405136,221.36444816589355,0.0066681914,84.0171127319336,-0.009339857724262402,0.7792728543281555,125,0.0001,1000.0,1937.5228271484375,,
110592,3.75,193,2.0,4.5,2.5,570,27,0.05625,0.2,15.284779739379882,0.12063059210777283,99.22068271636962,0.009939404,38.954036712646484,-0.01157936388044618,0.9133529663085938,130,0.0001,1000.0,1937.5228271484375,,
114688,3.75,209,3.0,5.5,2.0,547,28,0.085302734375,0.2,15.287335658073426,0.12065273523330688,115.29376831054688,0.010236915,44.712921142578125,-0.012911957246251405,0.915464460849762,135,0.0001,1000.0,1838.9727783203125,,
118784,3.75,226,3.0,5.5,2.0,524,29,0.10126953125,0.2,15.28498911857605,0.12070023268461227,89.29271259307862,0.012429153,37.86752700805664,-0.0146167918224819,0.9227064251899719,140,0.0001,1000.0,1838.9727783203125,,
122880,3.75,231,3.0,5.5,2.0,530,30,0.042919921875,0.2,15.282776689529419,0.1206866055727005,98.55977668762208,0.0093344245,43.52771759033203,-0.007921385311055929,0.9004934430122375,145,0.0001,1000.0,1838.9727783203125,,
126976,3.75,234,3.0,5.5,2.0,542,31,0.052734375,0.2,15.285522389411927,0.12067622691392899,91.07163619995117,0.00858257,35.445533752441406,-0.009278849864494986,0.9046379327774048,150,0.0001,1000.0,1838.9727783203125,,
131072,4.0,240,3.0,6.0,1.0,544,32,0.0818359375,0.2,15.28585705757141,0.12068414688110352,76.72730350494385,0.011212919,33.90119171142578,-0.012840750929899513,0.9146422147750854,155,0.0001,1000.0,1753.99853515625,,
135168,4.0,242,3.0,6.0,1.0,556,33,0.074169921875,0.2,15.282709288597108,0.12069179117679596,108.5560531616211,0.0100256,44.04387664794922,-0.01194890980841592,0.9019069075584412,160,0.0001,1000.0,1753.99853515625,,
139264,4.0,244,3.0,6.0,1.0,568,34,0.0583984375,0.2,15.283603310585022,0.12068428844213486,111.29537162780761,0.01018225,44.29475402832031,-0.011465114529710264,0.8907676935195923,165,0.0001,1000.0,1753.99853515625,,
143360,4.0,246,3.0,6.0,1.0,580,35,0.0787109375,0.2,15.28628249168396,0.12068985402584076,91.75975399017334,0.011242477,33.850189208984375,-0.012669607019051909,0.9197912812232971,170,0.0001,1000.0,1753.99853515625,,
147456,3.875,252,4.0,6.5,2.0,583,36,0.09091796875,0.2,15.286056017875671,0.12067358195781708,96.8611234664917,0.0111984955,40.312644958496094,-0.012529302341863512,0.9196674823760986,175,0.0001,1000.0,1665.8614501953125,,
151552,3.875,254,4.0,6.5,2.0,595,37,0.07119140625,0.2,15.289090371131897,0.1206655278801918,164.7957790374756,0.009610974,65.85648345947266,-0.011924615176394582,0.8065048456192017,180,0.0001,1000.0,1665.8614501953125,,
155648,3.875,256,4.0,6.5,2.0,606,38,0.05595703125,0.2,15.291922926902771,0.12067601829767227,182.17394790649413,0.009336566,80.72763061523438,-0.010726820235140622,0.7169617414474487,185,0.0001,1000.0,1665.8614501953125,,
159744,3.875,258,4.0,6.5,2.0,617,39,0.049609375,0.2,15.294020676612854,0.12063927203416824,190.20022163391113,0.009958281,85.4003677368164,-0.010115695488639175,0.7461738586425781,190,0.0001,1000.0,1665.8614501953125,,
163840,4.625,265,2.5,3.5,2.0,616,40,0.048193359375,0.2,15.301549124717713,0.12060201913118362,142.7708225250244,0.009277926,51.95244216918945,-0.010966514085885138,0.8048839569091797,195,0.0001,1000.0,1636.213134765625,,
167936,4.625,267,2.5,3.5,2.0,627,41,0.04052734375,0.2,15.304971361160279,0.12058653682470322,183.25294570922853,0.008818367,79.48018646240234,-0.00949073196388781,0.693964958190918,200,0.0001,1000.0,1636.213134765625,,
172032,4.625,269,2.5,3.5,2.0,637,42,0.039111328125,0.2,15.306598544120789,0.12058442831039429,279.1249080657959,0.008424312,128.3936309814453,-0.011054650624282658,0.5870164632797241,205,0.0001,1000.0,1636.213134765625,,
176128,4.25,276,3.5,4.5,3.0,636,43,0.0642578125,0.2,15.308875060081482,0.12055718153715134,197.36956634521485,0.01063467,85.8984146118164,-0.01134815725381486,0.7261433601379395,210,0.0001,1000.0,1528.9295654296875,,
180224,4.25,278,3.5,4.5,3.0,646,44,0.054248046875,0.2,15.31054072380066,0.12057891488075256,152.2355176925659,0.009484461,72.20662689208984,-0.009979578538332135,0.8039511442184448,215,0.0001,1000.0,1528.9295654296875,,
184320,4.25,280,3.5,4.5,3.0,656,45,0.025048828125,0.2,15.30638747215271,0.12060514092445374,206.74377670288087,0.0070740776,80.3238296508789,-0.007295693963533268,0.8201661109924316,220,0.0001,1000.0,1528.9295654296875,,
188416,4.25,282,3.0,4.5,3.0,665,46,0.0650390625,0.2,15.30455985069275,0.12061931192874908,118.58297443389893,0.011614632,52.51496124267578,-0.011706098861759528,0.9084163308143616,225,0.0001,997.68,1526.21875,,
192512,3.625,288,3.5,5.0,2.0,666,47,0.087109375,0.2,15.306606411933899,0.12059950828552246,234.9957046508789,0.012468556,84.51514434814453,-0.013032343366649001,0.8187119364738464,230,0.0001,997.68,1471.0927734375,,
196608,3.625,290,3.5,5.0,2.0,676,48,0.088671875,0.2,15.310648608207703,0.12057959288358688,81.7705717086792,0.012455644,35.60628890991211,-0.013700774032622575,0.9242663979530334,235,0.0001,997.68,1471.0927734375,,
200704,3.625,292,3.5,5.0,2.0,685,49,0.0462890625,0.2,15.313590359687804,0.12061295658349991,148.3019603729248,0.009368438,69.71395874023438,-0.00941979288472794,0.8401080369949341,240,0.0001,997.68,1471.0927734375,,
204800,3.625,295,4.0,5.0,2.0,693,50,0.093310546875,0.2,15.315682959556579,0.12057621777057648,92.33282585144043,0.010905559,37.8090705871582,-0.012922577298013493,0.897020697593689,245,0.0001,997.68,1457.787353515625,,
208896,3.875,301,2.0,6.0,1.0,693,51,0.1013671875,0.2,15.320313143730164,0.12055963277816772,87.08108901977539,0.013632935,33.60712432861328,-0.0141280960990116,0.9163433313369751,250,0.0001,997.68,1473.4085693359375,,
212992,3.875,303,2.0,6.0,1.0,702,52,0.079150390625,0.2,15.323997950553894,0.12052354216575623,100.35506954193116,0.010808628,43.390262603759766,-0.011177774542011321,0.9189798831939697,255,0.0001,997.68,1473.4085693359375,,
217088,3.875,305,2.0,6.0,1.0,710,53,0.072802734375,0.2,15.330096912384032,0.12049649655818939,158.1227336883545,0.009919345,71.00296783447266,-0.011764746654080227,0.8934592604637146,260,0.0001,997.68,1473.4085693359375,,
221184,3.875,307,0.0,6.0,1.0,718,54,0.054443359375,0.2,15.337106823921204,0.12041480839252472,129.78874969482422,0.01035338,55.9079475402832,-0.00998730668798089,0.9067025184631348,265,0.0001,997.68,1479.9100341796875,,
225280,4.0,312,0.0,3.0,2.0,719,55,0.06630859375,0.2,15.345937299728394,0.12038721889257431,125.48561058044433,0.010330557,57.43461227416992,-0.011103581939823925,0.9196813106536865,270,0.0001,997.68,1462.7806396484375,,
229376,4.0,314,0.0,3.0,2.0,728,56,0.10458984375,0.2,15.348392558097839,0.1202898919582367,105.82075157165528,0.013542453,48.61910629272461,-0.01310177831328474,0.9234473705291748,275,0.0001,997.68,1462.7806396484375,,
233472,4.0,316,0.0,3.0,2.0,736,57,0.01298828125,0.2,15.357262110710144,0.12025348842144012,263.6854072570801,0.004218772,111.41372680664062,-0.0037174625729676338,0.6813551187515259,280,0.0001,997.68,1462.7806396484375,,
237568,4.0,319,0.0,3.0,2.0,744,58,0.0384765625,0.2,15.361014723777771,0.12024278193712234,165.01817626953124,0.008366981,69.40003967285156,-0.008454125240677967,0.7700023651123047,285,0.0001,997.68,1463.6270751953125,,
241664,4.625,324,0.5,4.0,1.5,744,59,0.050927734375,0.2,15.364755582809448,0.1202198714017868,168.6458770751953,0.008759081,76.99636840820312,-0.008447573846206069,0.8412315845489502,290,0.0001,997.68,1480.3717041015625,,
245760,4.625,326,0.5,4.0,1.5,752,60,0.0544921875,0.2,15.371802282333373,0.12015977501869202,118.96030139923096,0.010503817,53.192405700683594,-0.009990169655065984,0.8838322162628174,295,0.0001,997.68,1480.3717041015625,,
249856,4.625,328,0.5,4.0,1.5,760,61,0.083056640625,0.2,15.376862406730652,0.12018147110939026,154.4376735687256,0.01020707,67.7927474975586,-0.01126181255094707,0.8077205419540405,300,0.0001,997.68,1480.3717041015625,,
253952,4.625,356,0.5,4.0,1.5,713,62,0.093896484375,0.2,15.379116129875182,0.12018009275197983,164.46080436706544,0.012433987,71.10157012939453,-0.013115357782226056,0.8180903196334839,305,0.0001,997.68,1479.80859375,2.4584523061638275,250000
258048,4.75,361,1.0,4.0,2.5,713,63,0.084716796875,0.2,15.38387713432312,0.12018384784460068,125.8737340927124,0.011463403,60.210933685302734,-0.012475585070205852,0.8398478627204895,310,0.0001,997.68,1494.739501953125,,
262144,4.75,363,1.0,4.0,2.5,720,64,0.093896484375,0.2,15.384695196151734,0.12018082290887833,115.27252998352051,0.013439933,51.18533706665039,-0.01463763289502822,0.8292986750602722,315,0.0001,997.68,1494.739501953125,,
266240,4.75,366,1.0,4.0,2.5,727,65,0.0873046875,0.2,15.391839790344239,0.12016666680574417,140.36539611816406,0.011381943,58.485572814941406,-0.011763266811612993,0.5943934917449951,320,0.0001,997.68,1494.739501953125,,
270336,4.75,368,1.5,4.0,2.5,733,66,0.1103515625,0.2,15.396859383583068,0.12018471956253052,114.07937068939209,0.015781641,46.20219802856445,-0.015216879255603999,0.6195614337921143,325,0.0001,997.68,1506.1011962890625,,
274432,4.5,374,2.0,4.5,2.5,732,67,0.085498046875,0.2,15.395586514472962,0.12016470730304718,145.84837169647216,0.012613495,67.70208740234375,-0.012228922522626817,0.6072874069213867,330,0.0001,997.68,1496.114990234375,,
278528,4.5,376,2.0,4.5,2.5,739,68,0.102978515625,0.2,15.395773673057557,0.12018308788537979,100.57588996887208,0.012875993,47.3025016784668,-0.013825229305075482,0.7730860710144043,335,0.0001,997.68,1496.114990234375,,
282624,4.5,378,2.0,4.5,2.5,746,69,0.09091796875,0.2,15.39736032485962,0.12020234018564224,147.04566822052,0.011266246,58.02793884277344,-0.012399023631587625,0.7375836372375488,340,0.0001,997.68,1496.114990234375,,
286720,4.5,381,2.5,4.5,2.5,751,70,0.104345703125,0.2,15.399770927429199,0.12016183137893677,123.54437236785888,0.011763876,51.42066955566406,-0.013958902610465885,0.7612549066543579,345,0.0001,997.68,1516.5269775390625,,
290816,4.5,386,3.0,5.0,2.5,752,71,0.10966796875,0.2,15.404342198371888,0.12016734480857849,113.07900428771973,0.012717665,52.5455436706543,-0.013764512434136122,0.825553297996521,350,0.0001,1000.0,1542.181884765625,,
294912,4.5,389,3.0,5.0,2.5,757,72,0.1015625,0.2,15.408042097091675,0.12012682110071182,102.20436763763428,0.013611515,44.158084869384766,-0.014702350879088045,0.8090412616729736,355,0.0001,1000.0,1542.181884765625,,
299008,4.5,391,3.0,5.0,2.5,762,73,0.0365234375,0.2,15.416610813140869,0.12011457979679108,133.3797878265381,0.008080674,60.11698532104492,-0.008405531017342583,0.6072934865951538,360,0.0001,1000.0,1542.181884765625,,
303104,4.5,394,3.5,5.0,2.5,768,74,0.07236328125,0.2,15.416350746154786,0.12009816616773605,102.039058303833,0.01033771,42.5792236328125,-0.010657269658986479,0.6050283312797546,365,0.0001,1000.0,1541.577392578125,,
307200,4.5,402,2.0,6.0,3.0,763,75,0.04658203125,0.2,15.417123126983643,0.12009789049625397,142.16220149993896,0.008835707,62.23759841918945,-0.009540556551655754,0.6022619009017944,370,0.0001,1000.0,1545.9566650390625,,
311296,4.5,404,2.0,6.0,3.0,769,76,0.04189453125,0.2,15.420271420478821,0.12006236612796783,142.0851781845093,0.009866693,59.47956085205078,-0.009588706260547041,0.825265645980835,375,0.0001,1000.0,1545.9566650390625,,
315392,4.5,406,2.0,6.0,3.0,775,77,0.026708984375,0.2,15.426374387741088,0.12002967298030853,225.0260311126709,0.007030468,91.84366607666016,-0.007428768399404362,0.7338547706604004,380,0.0001,1000.0,1545.9566650390625,,
319488,4.5,408,2.5,6.0,3.0,781,78,0.041650390625,0.2,15.431365180015565,0.11998315900564194,197.63864669799804,0.008843111,75.66954040527344,-0.008836405450711026,0.793448805809021,385,0.0001,1000.0,1533.6685791015625,,
323584,4.75,415,3.0,3.5,1.0,779,79,0.104931640625,0.2,15.435292172431947,0.11998525261878967,142.60753688812255,0.011437912,63.388893127441406,-0.014797034108778463,0.8454506993293762,390,0.0001,1000.0,1471.2593994140625,,
327680,4.75,417,3.0,3.5,1.0,785,80,0.06123046875,0.2,15.433121824264527,0.11997739970684052,162.568900680542,0.009144812,70.07955932617188,-0.01087233581347391,0.8328229188919067,395,0.0001,1000.0,1471.2593994140625,,
331776,4.75,419,3.0,3.5,1.0,791,81,0.08720703125,0.2,15.438946890830994,0.11990721523761749,159.79667205810546,0.012979953,66.21002960205078,-0.014006616664119065,0.795831024646759,400,0.0001,1000.0,1471.2593994140625,,
335872,4.75,421,1.5,3.5,1.0,796,82,0.0759765625,0.2,15.446461033821105,0.11986833065748215,165.7943199157715,0.011898283,68.7663803100586,-0.012502007297007367,0.7952313423156738,405,0.0001,1000.0,1473.36865234375,,
339968,4.875,426,2.0,4.5,1.5,798,83,0.070263671875,0.2,15.450128102302552,0.11984887719154358,152.52555770874022,0.011228193,66.41554260253906,-0.011221399332862347,0.8306466341018677,410,0.0001,1000.0,1449.2059326171875,,
344064,4.875,428,2.0,4.5,1.5,803,84,0.068896484375,0.2,15.453820133209229,0.11982785910367966,99.93705024719239,0.00947441,41.39679718017578,-0.009205632658267859,0.8091429471969604,415,0.0001,1000.0,1449.2059326171875,,
348160,4.875,430,2.0,4.5,1.5,809,85,0.042236328125,0.2,15.458257961273194,0.1198178231716156,103.10013256072997,0.008183433,35.52894592285156,-0.00985865222173743,0.8256834745407104,420,0.0001,1000.0,1449.2059326171875,,
352256,4.625,436,3.0,5.0,2.5,807,86,0.061376953125,0.2,15.458281850814819,0.11983359605073929,96.36245841979981,0.010482287,34.00188064575195,-0.01081709140271414,0.8732783794403076,425,0.0001,1000.0,1435.06640625,,
356352,4.625,438,3.0,5.0,2.5,812,87,0.079541015625,0.2,15.460064625740051,0.119780994951725,96.54336109161378,0.009469044,40.09820556640625,-0.01076004133792594,0.9043520092964172,430,0.0001,1000.0,1435.06640625,,
360448,4.625,440,3.0,5.0,2.5,818,88,0.066064453125,0.2,15.467849206924438,0.1197594627737999,133.06960849761964,0.011012392,62.53666305541992,-0.011535953666316346,0.6553405523300171,435,0.0001,1000.0,1435.06640625,,
364544,4.625,443,3.5,5.0,2.5,822,89,0.0767578125,0.2,15.471416878700257,0.11977170407772064,135.52890491485596,0.010874985,61.96864318847656,-0.012491801450960339,0.5530064105987549,440,0.0001,1000.0,1428.75927734375,,
368640,5.0,447,3.0,6.0,2.5,823,90,0.09892578125,0.2,15.476647520065308,0.11971761286258698,115.75221214294433,0.011336562,44.61725616455078,-0.013774814642965793,0.6440232992172241,445,0.0001,1000.0,1434.2623291015625,,
372736,5.0,449,3.0,6.0,2.5,828,91,0.067431640625,0.2,15.484363746643066,0.11968231201171875,94.30734882354736,0.011044972,37.95756912231445,-0.01224966993322596,0.7406989336013794,450,0.0001,1000.0,1434.2623291015625,,
376832,5.0,451,3.0,6.0,2.5,833,92,0.0703125,0.2,15.489009046554566,0.11967114359140396,151.7106258392334,0.010778318,62.9244384765625,-0.012370299937902018,0.5853902101516724,455,0.0001,1000.0,1434.2623291015625,,
380928,5.0,454,3.5,6.0,2.5,838,93,0.07470703125,0.2,15.492452621459961,0.11966820806264877,149.58835639953614,0.01034251,57.33004379272461,-0.012351447902619838,0.6117249727249146,460,0.0001,1000.0,1430.348876953125,,
385024,4.5,458,4.0,6.5,3.0,839,94,0.135986328125,0.2,15.4947039604187,0.11962267011404037,132.6272855758667,0.015768517,54.822628021240234,-0.01667317984974943,0.7352255582809448,465,0.0001,1000.0,1399.72412109375,,
389120,4.5,460,4.0,6.5,3.0,844,95,0.144921875,0.2,15.497310137748718,0.11962562054395676,106.67934627532959,0.014737298,45.403873443603516,-0.014973842201288789,0.8073759078979492,470,0.0001,1000.0,1399.72412109375,,
393216,4.5,462,4.0,6.5,3.0,849,96,0.10419921875,0.2,15.494563674926757,0.11961992084980011,180.30447807312012,0.010946952,89.0223159790039,-0.013144466979429125,0.5162729024887085,475,0.0001,1000.0,1399.72412109375,,
397312,4.5,465,2.5,6.5,3.0,853,97,0.07685546875,0.2,15.498249578475953,0.1195678859949112,161.07088565826416,0.0106563475,60.06639099121094,-0.011215232009999455,0.6427655220031738,480,0.0001,997.76,1396.520751953125,,
401408,4.375,472,2.5,7.5,1.5,850,98,0.07080078125,0.2,15.508168506622315,0.11953332275152206,285.53480033874513,0.01120789,98.02825927734375,-0.01083930644672364,0.5799862742424011,485,0.0001,997.76,1399.32568359375,,
405504,4.375,474,2.5,7.5,1.5,855,99,0.0626953125,0.2,15.514140939712524,0.11949978023767471,150.84471073150635,0.010002686,73.51539611816406,-0.009983884828398005,0.7685019969940186,490,0.0001,997.76,1399.32568359375,,
409600,4.375,476,2.5,7.5,1.5,859,100,0.0697265625,0.2,15.520108389854432,0.1195046529173851,170.46322784423828,0.010870332,68.49638366699219,-0.012345965451095254,0.6725387573242188,495,0.0001,997.76,1399.32568359375,,
413696,4.375,479,3.5,7.5,1.5,863,101,0.1,0.2,15.519867372512817,0.11951018869876862,138.5966760635376,0.012714826,59.190738677978516,-0.014432845270493998,0.7513293027877808,500,0.0001,997.76,1382.79833984375,,
417792,4.375,483,3.5,8.0,1.0,864,102,0.10302734375,0.2,15.522524571418762,0.1195044293999672,171.9789176940918,0.010973755,68.22816467285156,-0.014670087269041687,0.7545738220214844,505,0.0001,997.76,1435.1278076171875,,
421888,4.375,485,3.5,8.0,1.0,868,103,0.096533203125,0.2,15.52552318572998,0.11955168098211288,125.00905323028564,0.012543151,51.52254867553711,-0.014348003815393895,0.7698900699615479,510,0.0001,997.76,1435.1278076171875,,
425984,4.375,487,3.5,8.0,1.0,873,104,0.0822265625,0.2,15.524322581291198,0.11958179622888565,151.68610191345215,0.009776307,57.21614074707031,-0.01183494389988482,0.5504640340805054,515,0.0001,997.76,1435.1278076171875,,
430080,4.375,490,4.0,8.0,1.0,877,105,0.123974609375,0.2,15.530424189567565,0.11954817920923233,122.47926921844483,0.012752159,44.84011459350586,-0.01578232566243969,0.6606881618499756,520,0.0001,997.76,1423.899169921875,,
434176,4.375,496,4.0,6.0,2.0,874,106,0.09052734375,0.2,15.540280532836913,0.11945881694555283,118.00739116668701,0.010981735,51.66032791137695,-0.013075395673513412,0.7110080718994141,525,0.0001,997.76,1460.700439453125,,
438272,4.375,498,4.0,6.0,2.0,879,107,0.09541015625,0.2,15.54988534450531,0.11941277235746384,104.8110122680664,0.012087284,45.379981994628906,-0.012629451736574992,0.6932016611099243,530,0.0001,997.76,1460.700439453125,,
442368,4.375,500,3.5,6.0,2.0,883,108,0.108251953125,0.2,15.556977844238281,0.11941444128751755,90.70446872711182,0.013437046,34.32345199584961,-0.013825378206092864,0.6246365308761597,535,0.0001,995.28,1463.23681640625,,
446464,4.375,503,3.0,6.0,2.0,887,109,0.08203125,0.2,15.558602452278137,0.11938894540071487,183.6355815887451,0.011747028,66.73234558105469,-0.010927120281849056,0.47765564918518066,540,0.0001,995.28,1455.3994140625,,
450560,4.625,507,3.0,6.0,3.0,887,110,0.109765625,0.2,15.562698316574096,0.11936367303133011,76.83252067565918,0.013989037,32.99661636352539,-0.013358799077104777,0.7441283464431763,545,0.0001,995.28,1440.20068359375,,
454656,4.625,509,3.0,6.0,3.0,892,111,0.0845703125,0.2,15.56622953414917,0.11934075504541397,116.61233291625976,0.011569446,49.878170013427734,-0.01190200934652239,0.6757352948188782,550,0.0001,995.28,1440.20068359375,,
458752,4.625,512,3.5,6.0,3.0,895,112,0.0376953125,0.2,15.570812582969666,0.11931916326284409,167.7872537612915,0.008768855,64.38138580322266,-0.007645282935118303,0.6087582111358643,555,0.0001,995.28,1440.58447265625,,
462848,4.625,514,4.0,6.0,3.0,899,113,0.07412109375,0.2,15.576863384246826,0.11929374188184738,147.49659748077391,0.011266841,59.05017852783203,-0.012294864188879729,0.7438172101974487,560,0.0001,995.28,1442.0882568359375,,
466944,4.75,519,4.0,5.5,0.5,898,114,0.08310546875,0.2,15.580290460586548,0.11931023746728897,158.53026332855225,0.011144141,66.01988220214844,-0.013339767069555818,0.7849915623664856,565,0.0001,995.28,1430.8302001953125,,
471040,4.75,521,4.0,5.5,0.5,902,115,0.104345703125,0.2,15.58077232837677,0.11932466924190521,93.7652976989746,0.014222584,36.97101593017578,-0.015622127044480294,0.8192999362945557,570,0.0001,995.28,1430.8302001953125,,
475136,4.75,524,4.0,5.5,0.5,906,116,0.10439453125,0.2,15.586615943908692,0.11930806934833527,69.81196489334107,0.012900606,26.68460464477539,-0.012354191858321428,0.8139188289642334,575,0.0001,995.28,1417.5233154296875,,
479232,4.75,526,3.0,5.5,0.5,910,117,0.100439453125,0.2,15.593836665153503,0.11936067044734955,95.92131481170654,0.010172494,39.491477966308594,-0.013239371019881218,0.8181145787239075,580,0.0001,995.28,1410.646240234375,,
483328,4.75,530,3.0,6.0,1.5,910,118,0.0828125,0.2,15.589847135543824,0.119373619556427,75.94616746902466,0.010639606,30.25629425048828,-0.012286490423139184,0.8561540246009827,585,0.0001,995.28,1441.96875,,
487424,4.75,532,3.0,6.0,1.5,914,119,0.099560546875,0.2,15.594741606712342,0.11935773491859436,98.3639009475708,0.012921045,44.10216522216797,-0.012302520941011608,0.8223145008087158,590,0.0001,995.28,1441.96875,,
491520,4.75,535,2.5,6.0,1.5,918,120,0.102685546875,0.2,15.594432711601257,0.11932681500911713,89.21889476776123,0.011803186,33.436012268066406,-0.013627302768873051,0.789595365524292,595,0.0001,994.76,1441.4041748046875,,
495616,4.75,537,3.0,6.0,1.5,922,121,0.07548828125,0.2,15.595847511291504,0.11932913959026337,144.33819456100463,0.0107946545,82.39478302001953,-0.012344823806779459,0.6113173365592957,600,0.0001,994.76,1455.5684814453125,,
499712,5.125,544,3.0,7.0,2.5,917,122,0.095751953125,0.2,15.597195196151734,0.11932019144296646,110.04460334777832,0.0113886,46.16276931762695,-0.012900901658576913,0.6748757362365723,605,0.0001,997.0,1488.7254638671875,,
503808,5.125,570,3.5,7.0,2.5,883,123,0.063037109375,0.2,15.602935552597046,0.11930932849645615,127.72385177612304,0.010111764,49.88706970214844,-0.010607739846454934,0.5131733417510986,610,0.0001,997.0,1482.2633056640625,2.459999599597921,500000
507904,5.125,572,3.5,7.0,2.5,887,124,0.0576171875,0.2,15.60814962387085,0.11929706484079361,130.71163959503173,0.0105912285,51.92195129394531,-0.009174278989667073,0.5362891554832458,615,0.0001,997.0,1482.2633056640625,,
512000,5.375,576,4.0,3.5,1.5,888,125,0.109375,0.2,15.611284542083741,0.11926540732383728,121.29522132873535,0.01287354,52.80241775512695,-0.014907372323796153,0.6861168742179871,620,0.0001,997.0,1469.483154296875,,
516096,5.375,578,4.0,3.5,1.5,891,126,0.121240234375,0.2,15.614459037780762,0.1192631721496582,91.02773513793946,0.012909166,34.93236541748047,-0.01580195060232654,0.7440255880355835,625,0.0001,997.0,1469.483154296875,,
520192,5.375,581,2.0,3.5,1.5,894,127,0.0896484375,0.2,15.615409350395202,0.11927735060453415,115.67440757751464,0.011637216,47.228904724121094,-0.01317001999123022,0.5348134636878967,630,0.0001,997.0,1460.3531494140625,,
524288,5.375,583,1.0,3.5,1.5,898,128,0.085205078125,0.2,15.619338178634644,0.11925075203180313,91.24035968780518,0.01201581,30.369243621826172,-0.013803390425164253,0.7453757524490356,635,0.0001,997.0,1457.22998046875,,
528384,5.0,588,1.0,4.5,1.5,898,129,0.093994140625,0.2,15.623291897773743,0.11923485994338989,87.22824583053588,0.012051265,32.076194763183594,-0.01327284419676289,0.7053262591362,640,0.0001,997.0,1475.315673828125,,
532480,5.0,590,1.0,4.5,1.5,902,130,0.11416015625,0.2,15.623985314369202,0.11919676512479782,172.19397315979003,0.012493247,73.62297821044922,-0.014782373420894146,0.46232926845550537,645,0.0001,997.0,1475.315673828125,,
536576,5.0,592,1.5,4.5,1.5,905,131,0.081396484375,0.2,15.627893829345703,0.11914638429880142,107.57182102203369,0.0104059465,44.08286666870117,-0.013037343136966228,0.20367461442947388,650,0.0001,997.0,1478.0999755859375,,
540672,5.0,594,2.0,4.5,1.5,908,132,0.067626953125,0.2,15.633557987213134,0.1191440224647522,148.9404462814331,0.010895539,59.22077178955078,-0.012095357093494385,-0.043001651763916016,655,0.0001,997.0,1465.932861328125,,
544768,5.0,600,2.0,3.0,2.5,906,133,0.059912109375,0.2,15.63499743938446,0.11913789063692093,125.9762035369873,0.0107834805,51.858375549316406,-0.01163733153953217,0.24069398641586304,660,0.0001,999.48,1489.57373046875,,
548864,5.0,602,2.0,3.0,2.5,910,134,0.112548828125,0.2,15.64052517414093,0.11907798051834106,125.57520542144775,0.013697676,55.266502380371094,-0.015109548991313204,0.46511149406433105,665,0.0001,999.48,1489.57373046875,,
552960,5.0,605,2.5,3.0,2.5,912,135,0.07197265625,0.2,15.647501897811889,0.11905215680599213,163.42679405212402,0.009979878,69.44652557373047,-0.011997938016429543,0.12158721685409546,670,0.0001,999.48,1490.2606201171875,,
557056,5.0,608,2.0,3.0,2.5,915,136,0.05478515625,0.2,15.647901439666748,0.11904802918434143,155.75050468444823,0.010170184,61.40017318725586,-0.009140434698201716,0.12186044454574585,675,0.0001,998.98,1483.281982421875,,
561152,4.875,613,2.0,3.5,3.0,914,137,0.085595703125,0.2,15.649562883377076,0.11908914148807526,201.87467041015626,0.009811545,90.9810791015625,-0.013337164488621055,0.22806304693222046,680,0.0001,998.98,1441.4368896484375,,
565248,4.875,616,2.0,3.5,3.0,917,138,0.12275390625,0.2,15.646004962921143,0.1190185397863388,126.171551322937,0.013351018,54.81191635131836,-0.015114074212033302,0.4582545757293701,685,0.0001,998.98,1441.4368896484375,,
569344,4.875,618,2.5,3.5,3.0,920,139,0.0755859375,0.2,15.652021360397338,0.11893259733915329,168.64144020080568,0.010529967,74.79448699951172,-0.010433291690424085,0.3184897303581238,690,0.0001,998.98,1436.66162109375,,
573440,4.875,620,3.0,3.5,3.0,923,140,0.096337890625,0.2,15.661049962043762,0.11893107742071152,148.43616428375245,0.0121034905,65.89907836914062,-0.012922244740184396,0.48062384128570557,695,0.0001,998.98,1443.2918701171875,,
577536,5.125,625,3.0,4.0,2.5,923,141,0.106591796875,0.2,15.664361882209779,0.11893787980079651,139.33869552612305,0.0122825485,57.679317474365234,-0.014665562007576228,0.6637376546859741,700,0.0001,998.98,1455.861083984375,,
581632,5.125,627,3.0,4.0,2.5,927,142,0.15859375,0.2,15.661195921897889,0.119021475315094,116.00317916870117,0.015752332,47.8585319519043,-0.01631375515135005,0.6836657524108887,705,0.0001,998.98,1455.861083984375,,
585728,5.125,629,3.5,4.0,2.5,930,143,0.07734375,0.2,15.650795531272887,0.11903559416532516,101.31851596832276,0.010706227,41.304351806640625,-0.012437700509326532,0.3686291575431824,710,0.0001,998.98,1461.9261474609375,,
589824,5.125,632,4.0,4.0,2.5,933,144,0.09814453125,0.2,15.65134596824646,0.11902662366628647,106.94764022827148,0.01270847,50.301124572753906,-0.01386205421295017,0.5218993425369263,715,0.0001,998.98,1450.9381103515625,,
593920,4.875,638,4.0,4.5,1.5,929,145,0.1072265625,0.2,15.651969695091248,0.11895371973514557,114.21823387145996,0.012678277,47.72431564331055,-0.015470384585205466,0.5562328696250916,720,0.0001,999.5,1386.9197998046875,,
598016,4.875,640,4.0,4.5,1.5,933,146,0.08837890625,0.2,15.657972860336304,0.1189236044883728,156.19064407348634,0.010406727,66.50032806396484,-0.011914274329319597,0.5849490165710449,725,0.0001,999.5,1386.9197998046875,,
602112,4.875,643,2.0,4.5,1.5,935,147,0.0763671875,0.2,15.661108040809632,0.11890062689781189,183.0488468170166,0.010655457,75.72508239746094,-0.012045386841055005,0.5600011348724365,730,0.0001,999.5,1374.918701171875,,
606208,4.875,645,2.0,4.5,1.5,938,148,0.091943359375,0.2,15.661048984527588,0.1188790574669838,146.95710048675537,0.0136191705,58.57774353027344,-0.01248121049720794,0.7073239088058472,735,0.0001,999.5,1361.5262451171875,,
610304,5.0,650,2.0,5.5,2.0,938,149,0.05478515625,0.2,15.663009667396546,0.11883390694856644,146.32408905029297,0.009445654,58.79507827758789,-0.01061128462315537,0.8163706660270691,740,0.0001,999.5,1374.1385498046875,,
614400,5.0,652,2.0,5.5,2.0,942,150,0.1123046875,0.2,15.669407153129578,0.11875314265489578,128.63185348510743,0.0129926875,60.337989807128906,-0.014679725951282308,0.788375735282898,745,0.0001,999.5,1374.1385498046875,,
618496,5.0,654,2.5,5.5,2.0,945,151,0.11025390625,0.2,15.677501702308655,0.11876598000526428,106.30594902038574,0.013120772,45.417564392089844,-0.014466324192471802,0.6350541114807129,750,0.0001,999.5,1381.48828125,,
622592,5.0,656,2.0,5.5,2.0,947,152,0.076708984375,0.2,15.675454473495483,0.1187748908996582,126.93539810180664,0.009774212,60.98876190185547,-0.009777584834955633,0.7050323486328125,755,0.0001,999.5,1370.57177734375,,
626688,4.875,661,2.0,5.0,1.5,948,153,0.10302734375,0.2,15.67655906677246,0.11877411603927612,89.53035335540771,0.014400514,39.45248031616211,-0.011301031400216743,0.7852320075035095,760,0.0001,999.5,1396.1895751953125,,
630784,4.875,663,2.0,5.0,1.5,951,154,0.064892578125,0.2,15.680895328521729,0.1187448725104332,118.16320152282715,0.01086788,51.448116302490234,-0.010785498277982697,0.764837384223938,765,0.0001,999.5,1396.1895751953125,,
634880,4.875,665,2.5,5.0,1.5,953,155,0.09609375,0.2,15.689842319488525,0.11875370889902115,130.90607376098632,0.011181128,52.54658508300781,-0.013785097736399621,0.8114169836044312,770,0.0001,999.5,1389.7269287109375,,
638976,4.875,667,3.0,5.0,1.5,956,156,0.081591796875,0.2,15.691711115837098,0.11872665584087372,131.16545715332032,0.011842065,51.9124755859375,-0.013096442632377147,0.8565183281898499,775,0.0001,999.5,1393.9473876953125,,
643072,5.125,672,3.0,5.0,2.5,956,157,0.057421875,0.2,15.696209239959718,0.11871080845594406,154.53226108551024,0.008896098,60.23060989379883,-0.011083292588591576,0.8540111780166626,780,0.0001,999.5,1445.9183349609375,,
647168,5.125,674,3.0,5.0,2.5,959,158,0.14287109375,0.2,15.70078136920929,0.11872146278619766,108.66451625823974,0.014769947,45.56695556640625,-0.016991860349662602,0.7903885841369629,785,0.0001,999.5,1445.9183349609375,,
651264,5.125,676,3.5,5.0,2.5,962,159,0.08359375,0.2,15.702510643005372,0.11870351433753967,129.78444900512696,0.011184914,50.463138580322266,-0.012476689432514832,0.6540580987930298,790,0.0001,999.5,1443.20556640625,,
655360,5.125,679,2.5,5.0,2.5,964,160,0.07705078125,0.2,15.703070902824402,0.11867163330316544,142.74943046569825,0.011927103,61.65328598022461,-0.011370280373375863,0.6902972459793091,795,0.0001,999.5,1436.9888916015625,,
659456,4.75,683,2.5,4.0,2.5,964,161,0.1125,0.2,15.709622645378113,0.11857187002897263,114.64483127593994,0.012702037,49.16822814941406,-0.014093044045148417,0.7938082814216614,800,0.0001,1000.0,1453.397216796875,,
663552,4.75,685,2.5,4.0,2.5,967,162,0.106005859375,0.2,15.719528293609619,0.1185760498046875,89.2670415878296,0.013034901,41.27127456665039,-0.013384772697463632,0.8010908365249634,805,0.0001,1000.0,1453.397216796875,,
667648,4.75,688,3.5,4.0,2.5,970,163,0.073095703125,0.2,15.717342281341553,0.11861810833215714,105.95725440979004,0.011061035,42.21776580810547,-0.011415538110304624,0.7428268194198608,810,0.0001,1000.0,1448.1976318359375,,
671744,4.75,690,3.5,4.0,2.5,973,164,0.0611328125,0.2,15.716572761535645,0.11861425638198853,111.72215003967285,0.008876475,40.50897216796875,-0.010492620256263763,0.7756600379943848,815,0.0001,1000.0,1448.1976318359375,,
675840,4.625,694,3.5,5.0,2.0,972,165,0.1318359375,0.2,15.723615407943726,0.11860080808401108,98.9693374633789,0.013304161,43.32636260986328,-0.015516189485788345,0.8599840402603149,820,0.0001,1000.0,1459.9520263671875,,
679936,4.625,697,3.0,5.0,2.0,975,166,0.10126953125,0.2,15.728652667999267,0.1185765266418457,149.94195098876952,0.011857272,64.38831329345703,-0.013552926294505597,0.7733421921730042,825,0.0001,1000.0,1440.5777587890625,,
684032,4.625,699,3.5,5.0,2.0,978,167,0.034130859375,0.2,15.733279943466187,0.11857476830482483,139.2828254699707,0.007591903,58.76350021362305,-0.006808189093135297,0.8241161108016968,830,0.0001,1000.0,1438.9041748046875,,
688128,4.625,705,3.5,5.5,1.0,975,168,0.091357421875,0.2,15.735273122787476,0.11857804656028748,109.00088539123536,0.011938105,43.595191955566406,-0.01218082839041017,0.8397736549377441,835,0.0001,1000.0,1461.0704345703125,,
692224,4.625,707,3.5,5.5,1.0,977,169,0.115576171875,0.2,15.739014410972596,0.11855563521385193,114.94390869140625,0.012655992,46.04718017578125,-0.014884544996311888,0.8352978825569153,840,0.0001,1000.0,1461.0704345703125,,
696320,4.625,710,4.0,5.5,1.0,980,170,0.0583984375,0.2,15.743096184730529,0.11852220445871353,134.4599937438965,0.011174976,49.35457229614258,-0.010905738722067326,0.5166575908660889,845,0.0001,1000.0,1454.1639404296875,,
700416,4.625,712,2.0,5.5,1.0,982,171,0.13994140625,0.2,15.746836590766907,0.11847950518131256,157.86769580841064,0.0156717,67.53327178955078,-0.018888224312104285,0.281505286693573,850,0.0001,1000.0,1457.543701171875,,
704512,4.25,717,2.0,5.5,2.0,982,172,0.128564453125,0.2,15.748143005371094,0.1184455081820488,153.31059379577636,0.014902122,70.05960845947266,-0.01661486008670181,0.2964232563972473,855,0.0001,1000.0,1450.4423828125,,
708608,4.25,719,2.0,5.5,2.0,985,173,0.091064453125,0.2,15.751659083366395,0.11843455582857132,118.28373203277587,0.010985019,54.365684509277344,-0.012475826882291586,0.5454511642456055,860,0.0001,1000.0,1450.4423828125,,
712704,4.25,721,0.0,5.5,2.0,987,174,0.077734375,0.2,15.755624055862427,0.11843637377023697,121.31767635345459,0.011105416,46.69126510620117,-0.011842533538583666,0.6626389622688293,865,0.0001,1000.0,1435.46728515625,,
716800,4.25,723,0.0,5.5,2.0,990,175,0.088671875,0.2,15.756173729896545,0.11846400797367096,124.9833999633789,0.011527801,55.97074890136719,-0.011454969190526753,0.7418831586837769,870,0.0001,1000.0,1440.63134765625,,
720896,4.75,727,0.0,5.5,2.5,990,176,0.025439453125,0.2,15.753954362869262,0.11845539510250092,151.55081672668456,0.0058949827,54.34102249145508,-0.006145630968967452,0.8025194406509399,875,0.0001,1000.0,1482.3984375,,
724992,4.75,729,0.0,5.5,2.5,993,177,0.06015625,0.2,15.75433428287506,0.11845197528600693,131.8879518508911,0.010620015,56.04243469238281,-0.009941987067577429,0.8316417932510376,880,0.0001,1000.0,1482.3984375,,
729088,4.75,732,0.5,5.5,2.5,995,178,0.055712890625,0.2,15.752544617652893,0.11845368146896362,165.2776445388794,0.009755854,68.74430084228516,-0.010128161509055645,0.7072540521621704,885,0.0001,1000.0,1507.4527587890625,,
733184,4.75,734,0.5,5.5,2.5,998,179,0.1197265625,0.2,15.75576319694519,0.11839725077152252,119.00332641601562,0.012781197,53.263362884521484,-0.014220702182501554,0.8037062287330627,890,0.0001,1000.0,1513.0618896484375,,
737280,4.875,738,0.5,6.0,3.0,998,180,0.040869140625,0.2,15.763453078269958,0.1183667778968811,167.55202980041503,0.007434142,70.8868408203125,-0.006020074803382158,0.798303484916687,895,0.0001,1000.0,1503.923583984375,,
741376,4.875,740,0.5,6.0,3.0,1000,181,0.0609375,0.2,15.767961263656616,0.11834584921598434,141.98615264892578,0.010941234,60.43345642089844,-0.011649786803172902,0.8392479419708252,900,0.0001,1000.0,1503.923583984375,,
745472,4.875,743,1.0,6.0,3.0,1003,182,0.047509765625,0.2,15.772465991973878,0.11833090335130692,134.77041606903077,0.0086759385,54.899017333984375,-0.009184924868168309,0.7899985909461975,905,0.0001,1000.0,1513.7581787109375,,
749568,4.875,745,1.5,6.0,3.0,1005,183,0.05986328125,0.2,15.775562286376953,0.11832227557897568,124.24687118530274,0.010541579,49.45760726928711,-0.011553676030598582,0.8379472494125366,910,0.0001,1000.0,1516.5306396484375,,
753664,4.5,773,1.5,6.0,2.5,973,184,0.111669921875,0.2,15.77592167854309,0.11833614856004715,116.3529390335083,0.01122392,49.609352111816406,-0.013498523901216686,0.8797033429145813,915,0.0001,1000.0,1499.9141845703125,2.455870812990419,500000
757760,4.5,776,1.5,6.0,2.5,976,185,0.146484375,0.2,15.774832034111023,0.11838390678167343,106.51329650878907,0.014661331,44.40040969848633,-0.016788777528563514,0.8944594860076904,920,0.0001,1000.0,1499.9141845703125,,
761856,4.5,778,2.0,6.0,2.5,978,186,0.13408203125,0.2,15.779483580589295,0.11836257576942444,144.9081377029419,0.014813623,59.50040054321289,-0.017013207217678426,0.8450292348861694,925,0.0001,1000.0,1508.48779296875,,
765952,4.5,781,2.5,6.0,2.5,980,187,0.116015625,0.2,15.786161160469055,0.11834356933832169,134.25818767547608,0.011861768,52.63691329956055,-0.015419579931767657,0.8331283330917358,930,0.0001,1000.0,1515.9906005859375,,
770048,4.25,787,2.5,7.0,2.0,977,188,0.119970703125,0.2,15.787040066719054,0.11839329451322556,119.66247787475587,0.014491388,53.737857818603516,-0.01639380274573341,0.8563076257705688,935,0.0001,1000.0,1538.3760986328125,,
774144,4.25,789,2.5,7.0,2.0,980,189,0.138525390625,0.2,15.787438130378723,0.11840774863958359,115.8172706604004,0.015272565,53.467838287353516,-0.015626822749618442,0.863084077835083,940,0.0001,1000.0,1538.3760986328125,,
778240,4.25,792,3.0,7.0,2.0,982,190,0.109326171875,0.2,15.790037417411805,0.1184113621711731,210.81596603393555,0.012884578,94.97327423095703,-0.015225433895830065,0.7241766452789307,945,0.0001,1000.0,1530.01708984375,,
782336,4.25,794,3.5,7.0,2.0,984,191,0.086328125,0.2,15.790589761734008,0.11842825263738632,165.06569747924806,0.011255812,71.8641128540039,-0.011371370527194813,0.8422638773918152,950,0.0001,1000.0,1537.2386474609375,,
786432,4.625,799,3.5,3.5,2.0,984,192,0.086767578125,0.2,15.792119526863098,0.1183798685669899,96.77417850494385,0.011553044,38.182430267333984,-0.011616120696999133,0.9134880304336548,955,0.0001,1000.0,1565.0079345703125,,
790528,4.625,801,3.5,3.5,2.0,986,193,0.11396484375,0.2,15.800162982940673,0.11831817775964737,85.51882266998291,0.012581305,39.26148223876953,-0.014190988522022963,0.899360716342926,960,0.0001,1000.0,1565.0079345703125,,
794624,4.625,803,1.5,3.5,2.0,988,194,0.07861328125,0.2,15.810793018341064,0.1183285117149353,90.70526084899902,0.012183303,36.41024398803711,-0.011623923474689945,0.7864128947257996,965,0.0001,1000.0,1561.0604248046875,,
798720,4.625,805,2.0,3.5,2.0,991,195,0.088525390625,0.2,15.813742303848267,0.11831461638212204,100.70471076965332,0.012516616,39.121673583984375,-0.011375028459588066,0.7900909185409546,970,0.0001,1000.0,1567.399169921875,,
802816,4.375,810,2.0,4.5,3.0,990,196,0.10673828125,0.2,15.820809125900269,0.1182902455329895,106.12309036254882,0.0119883185,39.92247009277344,-0.013619088777340948,0.8260118961334229,975,0.0001,1000.0,1608.345947265625,,
806912,4.375,812,2.0,4.5,3.0,993,197,0.12978515625,0.2,15.824789929389954,0.11829878389835358,133.72357902526855,0.01459646,56.05257797241211,-0.016886262246407567,0.7239532470703125,980,0.0001,1000.0,1608.345947265625,,
811008,4.375,814,2.0,4.5,3.0,995,198,0.089404296875,0.2,15.826704955101013,0.11823298782110214,203.66252632141112,0.012277585,80.90430450439453,-0.013245733713847584,0.6274230480194092,985,0.0001,1000.0,1617.8935546875,,
815104,4.375,816,2.0,4.5,3.0,997,199,0.09453125,0.2,15.831328415870667,0.11821760982275009,214.58209533691405,0.012543262,85.63713073730469,-0.013360449142055586,0.6273433566093445,990,0.0001,1000.0,1610.32177734375,,
819200,4.25,821,2.0,2.0,2.5,997,200,0.089697265625,0.2,15.833378100395203,0.11816953122615814,184.80512161254882,0.010680582,83.33497619628906,-0.012654263176955283,0.6326780915260315,995,0.0001,1000.0,1540.2935791015625,,
823296,4.25,823,2.0,2.0,2.5,999,201,0.100537109375,0.2,15.835616636276246,0.11817488074302673,124.03159446716309,0.012186148,50.240848541259766,-0.014409300696570426,0.7788909673690796,1000,0.0001,1000.0,1540.2935791015625,,
827392,4.25,825,2.0,2.0,2.5,1002,202,0.05322265625,0.2,15.838259077072143,0.11817178875207901,116.26326370239258,0.008627344,41.57128143310547,-0.009202082641422749,0.7486740350723267,1005,0.0001,1000.0,1528.97021484375,,
831488,4.25,827,1.0,2.0,2.5,1004,203,0.07646484375,0.2,15.844054198265075,0.11814957112073898,92.77364807128906,0.010679435,35.9637451171875,-0.010168316040653736,0.7811105847358704,1010,0.0001,1000.0,1521.5213623046875,,
835584,4.25,832,1.0,3.0,1.5,1004,204,0.0962890625,0.2,15.848202061653136,0.11817818135023117,92.49833889007569,0.011849813,39.110225677490234,-0.011081885098246858,0.7635595798492432,1015,0.0001,1000.0,1486.2855224609375,,
839680,4.25,834,1.0,3.0,1.5,1006,205,0.09697265625,0.2,15.850292491912843,0.11814915388822556,133.35923748016359,0.01167392,57.126094818115234,-0.012722960728569887,0.726209282875061,1020,0.0001,1000.0,1483.7108154296875,,
843776,4.25,836,1.0,3.0,1.5,1008,206,0.084130859375,0.2,15.853519701957703,0.11818847060203552,154.5716012954712,0.00985419,57.523582458496094,-0.012014497356722132,0.7321143746376038,1025,0.0001,1000.0,1468.8739013671875,,
847872,4.25,838,1.0,3.0,1.5,1010,207,0.090478515625,0.2,15.850132060050964,0.1182003766298294,154.9504083633423,0.011179279,63.48102951049805,-0.013623630453366786,0.7849289178848267,1030,0.0001,1000.0,1468.8739013671875,,
851968,4.625,846,1.0,4.0,2.0,1007,208,0.080126953125,0.2,15.855747723579407,0.1181493028998375,131.67672443389893,0.011865277,54.3195686340332,-0.011304507666500286,0.8700921535491943,1035,0.0001,1000.0,1513.8173828125,,
856064,4.625,848,1.0,4.0,2.0,1009,209,0.09990234375,0.2,15.86691918373108,0.11809471994638443,80.16083021163941,0.013006266,36.88333511352539,-0.013375263917259872,0.8101848363876343,1040,0.0001,1000.0,1509.1373291015625,,
860160,4.625,850,1.5,4.0,2.0,1011,210,0.1162109375,0.2,15.87554440498352,0.11806853115558624,106.9130376815796,0.013206855,37.427860260009766,-0.01496565374545753,0.6960236430168152,1045,0.0001,1000.0,1509.156982421875,,
864256,4.25,854,1.5,5.0,2.0,1011,211,0.12236328125,0.2,15.8798259973526,0.1180354580283165,83.952157497406,0.013560964,37.4564094543457,-0.013251768311602064,0.8271870613098145,1050,0.0001,1000.0,1501.3284912109375,,
868352,4.25,856,1.5,5.0,2.0,1013,212,0.172998046875,0.2,15.887945294380188,0.11804019659757614,76.19977188110352,0.018012729,28.706340789794922,-0.016585502435918897,0.8608934879302979,1055,0.0001,1000.0,1501.3284912109375,,
872448,4.25,859,2.0,5.0,2.0,1015,213,0.1009765625,0.2,15.894662976264954,0.11805521696805954,159.32600688934326,0.011215264,58.23023986816406,-0.013500195392407478,0.7780587077140808,1060,0.0001,1000.0,1511.563232421875,,
876544,4.25,861,2.5,5.0,2.0,1017,214,0.06220703125,0.2,15.898605370521546,0.11803971976041794,122.73790397644044,0.009831803,47.37234878540039,-0.010896675288677216,0.812743604183197,1065,0.0001,1000.0,1522.5994873046875,,
880640,4.375,867,2.5,6.0,2.0,1015,215,0.096923828125,0.2,15.903167772293092,0.11802353709936142,157.40702896118165,0.0113780005,74.00708770751953,-0.01260583420516923,0.815201997756958,1070,0.0001,1000.0,1508.5816650390625,,
884736,4.375,869,2.5,6.0,2.0,1017,216,0.09638671875,0.2,15.9079345703125,0.11800853908061981,144.34493160247803,0.012435338,61.50196075439453,-0.013304525654530153,0.8314598798751831,1075,0.0001,1000.0,1508.5816650390625,,
888832,4.375,871,3.0,6.0,2.0,1019,217,0.098681640625,0.2,15.911088061332702,0.11804427951574326,209.17461318969725,0.011841031,90.80985260009766,-0.014276468311436474,0.7322403192520142,1080,0.0001,1000.0,1527.377197265625,,
892928,4.375,874,1.0,6.0,2.0,1021,218,0.07646484375,0.2,15.907781076431274,0.11804415285587311,176.5401523590088,0.010736622,78.1126480102539,-0.012449565588030963,0.8308233022689819,1085,0.0001,1000.0,1510.14501953125,,
897024,4.375,880,1.0,7.0,3.0,1019,219,0.1068359375,0.2,15.910121965408326,0.11797314882278442,140.9952709197998,0.013428763,58.37712097167969,-0.014809497131500393,0.8784657716751099,1090,0.0001,1000.0,1500.1326904296875,,
901120,4.375,882,1.0,7.0,3.0,1021,220,0.114697265625,0.2,15.917302823066711,0.1179320439696312,97.51120243072509,0.012891024,35.86634063720703,-0.01339817492698785,0.913864016532898,1095,0.0001,1000.0,1500.1326904296875,,
905216,4.375,884,1.5,7.0,3.0,1023,221,0.115234375,0.2,15.92351155281067,0.11791215091943741,139.64436683654785,0.014117505,56.48169708251953,-0.014241776603739709,0.8524206280708313,1100,0.0001,1000.0,1497.62451171875,,
909312,4.375,886,1.5,7.0,3.0,1025,222,0.134423828125,0.2,15.925582909584046,0.11783555895090103,137.8048469543457,0.013330413,60.808685302734375,-0.016865306653198787,0.8781149387359619,1105,0.0001,1000.0,1507.586669921875,,
913408,4.25,892,1.5,7.5,1.5,1022,223,0.09658203125,0.2,15.927809977531433,0.1178259328007698,182.7422668457031,0.012664374,81.5168685913086,-0.013057438423857093,0.8610578179359436,1110,0.0001,1000.0,1533.48095703125,,
917504,4.25,895,1.5,7.5,1.5,1025,224,0.136767578125,0.2,15.930672478675842,0.11782042682170868,105.21778106689453,0.0136510935,46.09028625488281,-0.016322969633620232,0.9122622013092041,1115,0.0001,1000.0,1533.48095703125,,
921600,4.25,897,2.0,7.5,1.5,1027,225,0.10576171875,0.2,15.930199432373048,0.11778312176465988,167.60308570861815,0.0129334815,70.07960510253906,-0.013262001596740448,0.7659451961517334,1120,0.0001,1000.0,1518.542236328125,,
925696,4.25,899,2.5,7.5,1.5,1028,226,0.128515625,0.2,15.934031176567078,0.11781743913888931,149.75091056823732,0.012517083,64.8333969116211,-0.015988459216896445,0.79575115442276,1125,0.0001,1000.0,1520.2701416015625,,
929792,4.625,906,2.5,8.0,2.5,1026,227,0.06640625,0.2,15.939487147331239,0.1178162693977356,125.73050346374512,0.010484188,53.672061920166016,-0.009042360202874989,0.8911244869232178,1130,0.0001,1000.0,1576.7615966796875,,
933888,4.625,908,2.5,8.0,2.5,1028,228,0.111572265625,0.2,15.945865178108216,0.11778831481933594,96.61884212493896,0.014471399,36.70915222167969,-0.014180827210657299,0.9124936461448669,1135,0.0001,1000.0,1576.7615966796875,,
937984,4.625,910,2.0,8.0,2.5,1030,229,0.11162109375,0.2,15.949132132530213,0.11772311478853226,175.61366424560546,0.011708787,74.8861083984375,-0.012160344677977265,0.7426294088363647,1140,0.0001,1000.0,1568.36669921875,,
942080,4.625,912,2.5,8.0,2.5,1031,230,0.10654296875,0.2,15.955810570716858,0.11769534647464752,130.1151391983032,0.014271528,48.8253288269043,-0.01384386169956997,0.8323513269424438,1145,0.0001,1000.0,1574.503173828125,,
946176,4.75,919,2.5,7.5,1.5,1028,231,0.1091796875,0.2,15.957326102256776,0.11768577247858047,79.1494529724121,0.013099549,31.06122589111328,-0.014043267583474517,0.9255164265632629,1150,0.0001,1000.0,1597.8121337890625,,
950272,4.75,922,2.5,7.5,1.5,1030,232,0.13828125,0.2,15.957962441444398,0.11764266341924667,72.14993810653687,0.01533814,28.796537399291992,-0.015676367637934164,0.9126367568969727,1155,0.0001,1000.0,1597.8121337890625,,
954368,4.75,924,3.0,7.5,1.5,1032,233,0.13251953125,0.2,15.963020920753479,0.11762788146734238,117.07605247497558,0.015310171,51.309329986572266,-0.01521784090436995,0.5552400350570679,1160,0.0001,1000.0,1593.4281005859375,,
958464,4.75,926,3.5,7.5,1.5,1034,234,0.111083984375,0.2,15.968464231491089,0.11765775829553604,169.90275230407715,0.012641643,75.90168762207031,-0.014881975867319852,0.37124133110046387,1165,0.0001,1000.0,1581.0076904296875,,
962560,4.875,933,3.5,6.5,0.0,1031,235,0.106005859375,0.2,15.96367290019989,0.11766446381807327,126.70767326354981,0.011678625,47.89054489135742,-0.014140223391586914,0.4859932065010071,1170,0.0001,1000.0,1595.618408203125,,
966656,4.875,935,3.5,6.5,0.0,1033,236,0.11904296875,0.2,15.96693675518036,0.11758770793676376,123.94750022888184,0.011858944,51.261959075927734,-0.016315200680401175,0.676407516002655,1175,0.0001,1000.0,1595.618408203125,,
970752,4.875,937,2.0,6.5,0.0,1035,237,0.090673828125,0.2,15.976396918296814,0.11753547936677933,164.03533325195312,0.011713658,72.95161437988281,-0.01249800119549036,0.6648270487785339,1180,0.0001,1000.0,1580.3251953125,,
974848,4.875,939,2.5,6.5,0.0,1037,238,0.077197265625,0.2,15.979510426521301,0.11748100817203522,121.89805335998535,0.011428601,53.12250900268555,-0.012325292482273653,0.7889031171798706,1185,0.0001,1000.0,1578.24951171875,,
978944,5.25,946,2.5,7.0,0.5,1034,239,0.080615234375,0.2,15.985673475265504,0.1174853965640068,137.50587978363038,0.010860085,56.6271858215332,-0.01208586927386932,0.8234751224517822,1190,0.0001,1000.0,1603.5419921875,,
983040,5.25,948,2.5,7.0,0.5,1036,240,0.1076171875,0.2,15.989512848854066,0.11747171729803085,91.98750953674316,0.012662895,41.17227554321289,-0.01366132900584489,0.8768910765647888,1195,0.0001,1000.0,1603.5419921875,,
987136,5.25,950,3.0,7.0,0.5,1038,241,0.066259765625,0.2,15.994868516921997,0.11744319647550583,154.00956630706787,0.008834563,63.50838088989258,-0.011241474823327735,0.8320223093032837,1200,0.0001,1000.0,1594.021728515625,,
991232,5.25,952,1.0,7.0,0.5,1040,242,0.10537109375,0.2,15.99243185520172,0.11749666929244995,108.1502492904663,0.012048711,44.183597564697266,-0.013861678086686879,0.8644986748695374,1205,0.0001,1000.0,1583.1873779296875,,
995328,4.875,958,1.0,5.0,1.0,1038,243,0.14287109375,0.2,15.990221524238587,0.11745733767747879,82.03853206634521,0.015088026,34.16294479370117,-0.015489119035191835,0.8960717916488647,1210,0.0001,1000.0,1606.7386474609375,,
999424,4.875,960,1.0,5.0,1.0,1039,244,0.052978515625,0.2,15.99627947807312,0.11743294447660446,152.55168190002442,0.009374203,69.16561889648438,-0.007397836080053821,0.8128849267959595,1215,0.0001,1000.0,1606.7386474609375,,
1003520,4.875,986,2.0,5.0,1.0,1017,245,0.05947265625,0.2,16.001445722579955,0.11740684509277344,162.6840747833252,0.008791968,73.71468353271484,-0.0090488365967758,0.7974839806556702,1220,0.0001,1000.0,1623.7001953125,2.4468847153142583,500000
1007616,4.875,988,2.0,5.0,1.0,1019,246,0.078662109375,0.2,16.008218622207643,0.11736029386520386,118.74766273498535,0.010894241,54.168800354003906,-0.011747380788438021,0.873049795627594,1225,0.0001,1000.0,1623.7001953125,,
1011712,5.0,993,2.0,5.5,2.0,1018,247,0.062646484375,0.2,16.018892431259154,0.1173197478055954,128.33047523498536,0.009264219,49.78066635131836,-0.010112788778496907,0.8981403708457947,1230,0.0001,1000.0,1658.6229248046875,,
1015808,5.0,995,2.5,5.5,2.0,1020,248,0.06513671875,0.2,16.02688584327698,0.11730507761240005,206.44905052185058,0.010207399,89.48025512695312,-0.011202796542784199,0.7721104025840759,1235,0.0001,1000.0,1646.2322998046875,,
1019904,5.0,998,3.0,5.5,2.0,1021,249,0.0486328125,0.2,16.02883858680725,0.11730847507715225,232.49444084167482,0.009746283,92.3200912475586,-0.009610506158787757,0.747530460357666,1240,0.0001,1000.0,1652.8486328125,,
1024000,4.875,1005,3.0,5.5,2.0,1018,250,0.084716796875,0.2,16.029294729232788,0.11729852855205536,197.22613639831542,0.010636287,103.62430572509766,-0.011619794485159218,0.7884190678596497,1245,0.0001,1000.0,1617.1856689453125,,
1028096,4.875,1010,3.0,5.5,2.0,1017,251,0.115283203125,0.2,16.03378586769104,0.117311492562294,200.35280380249023,0.012869951,87.22261047363281,-0.012940025923307985,0.7572268843650818,1250,0.0001,1000.0,1617.1856689453125,,
1032192,4.875,1015,1.5,5.5,2.0,1016,252,0.1357421875,0.2,16.0364360332489,0.11737904697656631,94.56800498962403,0.013771277,41.7725715637207,-0.01585236517712474,0.8431940078735352,1255,0.0001,1000.0,1606.6981201171875,,
1036288,4.875,1020,2.0,5.5,2.0,1015,253,0.120703125,0.2,16.032374954223634,0.11746711283922195,88.83404426574707,0.012248136,33.74275588989258,-0.015358944446779788,0.861940860748291,1260,0.0001,1000.0,1601.97216796875,,
1040384,4.75,1026,2.0,6.5,2.0,1013,254,0.1466796875,0.2,16.028675842285157,0.11747603863477707,62.78341083526611,0.016554538,26.114267349243164,-0.01618445503991097,0.9147611260414124,1265,0.0001,1000.0,1567.0267333984375,,
1044480,4.75,1029,2.0,6.5,2.0,1014,255,0.144873046875,0.2,16.031653738021852,0.1174519807100296,68.65700883865357,0.013809294,28.257740020751953,-0.012327052687760442,0.922656774520874,1270,0.0001,1000.0,1567.0267333984375,,
1048576,4.75,1031,2.5,6.5,2.0,1016,256,0.073681640625,0.2,16.033316612243652,0.11745696514844894,131.86858463287354,0.009447204,47.72959899902344,-0.009497118630679324,0.7531169652938843,1275,0.0001,1000.0,1572.9873046875,,
1052672,4.75,1034,3.0,6.5,2.0,1017,257,0.09833984375,0.2,16.035165452957152,0.11741159111261368,102.21444263458253,0.012915195,39.67606735229492,-0.012196779274381698,0.7896878719329834,1280,0.0001,1000.0,1568.2506103515625,,
1056768,5.125,1038,3.0,7.5,2.5,1017,258,0.10986328125,0.2,16.04118447303772,0.11738695949316025,132.24180812835692,0.013760126,53.093257904052734,-0.014087732334155589,0.7417595386505127,1285,0.0001,1000.0,1561.8717041015625,,
1060864,5.125,1040,3.0,7.5,2.5,1019,259,0.136328125,0.2,16.042125129699706,0.11734872311353683,121.69807224273681,0.013252281,45.30556869506836,-0.01584480230230838,0.7780476212501526,1290,0.0001,1000.0,1561.8717041015625,,
1064960,5.125,1043,3.5,7.5,2.5,1020,260,0.08017578125,0.2,16.0414541721344,0.11733675003051758,155.88774375915528,0.010432877,63.75780487060547,-0.012439066672232001,0.7925106287002563,1295,0.0001,1000.0,1548.2572021484375,,
1069056,5.125,1045,3.5,7.5,2.5,1022,261,0.09658203125,0.2,16.04349160194397,0.11731283366680145,179.2704387664795,0.011610176,68.03514862060547,-0.012712006055517122,0.7568575739860535,1300,0.0001,1000.0,1543.1170654296875,,
1073152,4.875,1050,3.5,4.0,2.5,1021,262,0.10390625,0.2,16.045315408706664,0.11733230948448181,194.9175811767578,0.013279736,85.75949096679688,-0.013781522633507848,0.7584129571914673,1305,0.0001,1000.0,1492.68603515625,,
1077248,4.875,1052,3.5,4.0,2.5,1023,263,0.12822265625,0.2,16.043011140823364,0.11735613644123077,131.13968620300292,0.013468575,56.770301818847656,-0.015289081516675651,0.8481821417808533,1310,0.0001,1000.0,1492.68603515625,,
1081344,4.875,1054,4.0,4.0,2.5,1025,264,0.091015625,0.2,16.04464921951294,0.11739188432693481,135.9753818511963,0.012060801,57.371768951416016,-0.013471611624117941,0.8876017332077026,1315,0.0001,1000.0,1485.6895751953125,,
1085440,4.875,1057,3.0,4.0,2.5,1026,265,0.083349609375,0.2,16.044285821914674,0.11737744510173798,92.92747230529785,0.012777518,38.956138610839844,-0.01103260025556665,0.9305762052536011,1320,0.0001,1000.0,1480.8353271484375,,
1089536,4.875,1061,3.0,0.5,3.0,1026,266,0.0955078125,0.2,16.049423933029175,0.11736807227134705,116.00689487457275,0.011125714,47.352718353271484,-0.012416627269703894,0.9299213886260986,1325,0.0001,1000.0,1525.19873046875,,
1093632,4.875,1063,3.0,0.5,3.0,1027,267,0.129052734375,0.2,16.057585430145263,0.11733422428369522,80.11652431488037,0.014765346,36.463077545166016,-0.015327634598361329,0.9461343288421631,1330,0.0001,1000.0,1525.19873046875,,
1097728,4.875,1066,1.0,0.5,3.0,1029,268,0.089794921875,0.2,16.06481804847717,0.11727679520845413,139.00632419586182,0.011425563,54.598453521728516,-0.01185159951564856,0.8782278299331665,1335,0.0001,1000.0,1516.0582275390625,,
1101824,4.875,1068,1.5,0.5,3.0,1031,269,0.09501953125,0.2,16.071615123748778,0.11726806312799454,137.93155937194825,0.011300178,52.21048355102539,-0.013068135734647513,0.8789856433868408,1340,0.0001,1000.0,1513.6190185546875,,
1105920,4.625,1074,1.5,1.5,2.5,1028,270,0.113330078125,0.2,16.07201428413391,0.1172894835472107,106.78686447143555,0.012419774,46.27268600463867,-0.014016579533927143,0.9319863319396973,1345,0.0001,1000.0,1489.4625244140625,,
1110016,4.625,1077,1.5,1.5,2.5,1030,271,0.12763671875,0.2,16.075087690353392,0.11732835322618484,103.69102821350097,0.014652676,45.89114761352539,-0.014432584811584093,0.9231608510017395,1350,0.0001,1000.0,1489.4625244140625,,
1114112,4.625,1079,2.0,1.5,2.5,1032,272,0.092431640625,0.2,16.08131890296936,0.11730197817087173,144.53044719696044,0.012112515,55.05768966674805,-0.012397508567664773,0.8082001209259033,1355,0.0001,1000.0,1478.8863525390625,,
1118208,4.625,1081,2.5,1.5,2.5,1033,273,0.097265625,0.2,16.09094367027283,0.11725223809480667,124.49143657684326,0.0121090235,52.274391174316406,-0.012672475638100877,0.8643211722373962,1360,0.0001,1000.0,1472.415283203125,,
1122304,4.875,1087,2.5,2.5,2.5,1031,274,0.099658203125,0.2,16.099017906188966,0.11719388514757156,118.87492370605469,0.010752665,49.943138122558594,-0.013951486279256641,0.8776297569274902,1365,0.0001,1000.0,1498.891845703125,,
1126400,4.875,1089,2.5,2.5,2.5,1033,275,0.094384765625,0.2,16.10579733848572,0.11714396625757217,89.22095947265625,0.0110640405,34.772972106933594,-0.011381937039550394,0.863191545009613,1370,0.0001,1000.0,1498.891845703125,,
1130496,4.875,1092,2.5,2.5,2.5,1035,276,0.049560546875,0.2,16.105614566802977,0.11712668091058731,104.20476665496827,0.008367674,42.65177917480469,-0.009135013446211815,0.6343011856079102,1375,0.0001,1000.0,1484.048095703125,,
1134592,4.875,1094,1.5,2.5,2.5,1036,277,0.114208984375,0.2,16.109200191497802,0.11711830645799637,83.32394275665283,0.014225826,33.232234954833984,-0.015022863121703266,0.6804602146148682,1380,0.0001,1000.0,1492.029052734375,,
1138688,5.125,1099,1.5,3.5,1.5,1035,278,0.131884765625,0.2,16.11305456161499,0.11713946610689163,75.18372106552124,0.014610601,29.114103317260742,-0.013867915596347303,0.7631562948226929,1385,0.0001,1000.0,1519.654052734375,,
1142784,5.125,1101,1.5,3.5,1.5,1037,279,0.11181640625,0.2,16.120355129241943,0.11712627857923508,99.64637565612793,0.012085216,40.82261657714844,-0.014307984989136458,0.845248281955719,1390,0.0001,1000.0,1519.654052734375,,
1146880,5.125,1104,2.0,3.5,1.5,1038,280,0.104443359375,0.2,16.12479066848755,0.11713484674692154,91.47948780059815,0.011199266,45.252986907958984,-0.013915512972744182,0.8562392592430115,1395,0.0001,1000.0,1513.387451171875,,
1150976,5.125,1106,2.5,3.5,1.5,1039,281,0.15205078125,0.2,16.12320795059204,0.11713498830795288,128.4635040283203,0.015302437,49.829078674316406,-0.01618611590238288,0.8593837022781372,1400,0.0001,1000.0,1517.46826171875,,
1155072,5.125,1111,2.5,3.5,1.5,1038,282,0.127294921875,0.2,16.12223391532898,0.11713414639234543,92.95953731536865,0.011745699,40.7711067199707,-0.015285957313608378,0.9081036448478699,1405,0.0001,1000.0,1518.844482421875,,
1159168,5.125,1113,2.5,3.5,1.5,1040,283,0.115478515625,0.2,16.12058005332947,0.1171194538474083,93.37477436065674,0.013158923,39.60471725463867,-0.013617387594422325,0.8744062781333923,1410,0.0001,1000.0,1518.844482421875,,
1163264,5.125,1116,3.0,3.5,1.5,1042,284,0.11923828125,0.2,16.120635080337525,0.11715342104434967,125.7790454864502,0.014143718,55.83748245239258,-0.01320322152459994,0.8186867237091064,1415,0.0001,1000.0,1513.090576171875,,
1167360,5.125,1118,3.5,3.5,1.5,1043,285,0.15166015625,0.2,16.11992402076721,0.11710939556360245,125.6977382659912,0.014092961,66.74008178710938,-0.014150296535808593,0.8197449445724487,1420,0.0001,1000.0,1516.578125,,
1171456,5.0,1122,3.5,4.0,2.0,1043,286,0.164111328125,0.2,16.12727928161621,0.11704795062541962,100.17033996582032,0.016544066,42.71683120727539,-0.014997031472739763,0.875600278377533,1425,0.0001,1000.0,1522.2813720703125,,
1175552,5.0,1124,3.5,4.0,2.0,1045,287,0.112158203125,0.2,16.132795810699463,0.11708527058362961,142.48344631195067,0.012556801,60.46087646484375,-0.013919274735962972,0.781572163105011,1430,0.0001,1000.0,1522.2813720703125,,
1179648,5.0,1127,3.5,4.0,2.0,1046,288,0.052294921875,0.2,16.127502393722533,0.11710597574710846,166.6665365219116,0.009645989,56.83220672607422,-0.009532146074343472,0.6168630123138428,1435,0.0001,1000.0,1515.38427734375,,
1183744,5.0,1129,3.5,4.0,2.0,1048,289,0.081396484375,0.2,16.128653383255006,0.11706846952438354,137.8468542098999,0.012466846,58.493350982666016,-0.01244243597611785,0.6911988258361816,1440,0.0001,1000.0,1515.38427734375,,
1187840,5.125,1133,3.5,4.5,2.0,1047,290,0.116064453125,0.2,16.12882580757141,0.11711516976356506,168.99312477111818,0.013286754,75.58818817138672,-0.01457387808477506,0.6780494451522827,1445,0.0001,1000.0,1505.7081298828125,,
1191936,5.125,1135,3.0,4.5,2.0,1049,291,0.0751953125,0.2,16.12586998939514,0.11709906905889511,267.1161651611328,0.010814367,109.18263244628906,-0.013050373760052025,0.5536137819290161,1450,0.0001,1000.0,1503.015625,,
1196032,5.125,1138,3.5,4.5,2.0,1050,292,0.06611328125,0.2,16.13050980567932,0.11705950647592545,335.55340270996095,0.009177922,151.9902801513672,-0.011405763117363677,0.42725324630737305,1455,0.0001,1000.0,1505.4918212890625,,
1200128,4.75,1143,3.5,5.5,3.0,1049,293,0.058984375,0.2,16.133645486831664,0.11705043166875839,295.99743995666506,0.010106148,114.7906265258789,-0.011638041900005192,0.47623366117477417,1460,0.0001,1000.0,1490.96337890625,,
1204224,4.75,1145,3.5,5.5,3.0,1051,294,0.088916015625,0.2,16.133716821670532,0.11704269051551819,224.44614372253417,0.011679242,87.88943481445312,-0.012982187618035823,0.6362252235412598,1465,0.0001,1000.0,1490.96337890625,,
1208320,4.75,1147,4.0,5.5,3.0,1052,295,0.070751953125,0.2,16.139058589935303,0.11695525795221329,108.14182758331299,0.010020584,40.42669677734375,-0.010327210114337505,0.3249506950378418,1470,0.0001,1000.0,1480.70361328125,,
1212416,4.75,1150,2.5,5.5,3.0,1054,296,0.097900390625,0.2,16.14927821159363,0.11692727357149124,97.59193058013916,0.013208788,36.77860641479492,-0.015178993361769245,0.42398369312286377,1475,0.0001,1000.0,1476.135009765625,,
1216512,4.75,1154,2.5,6.5,0.5,1053,297,0.133349609375,0.2,16.153612232208253,0.11690966784954071,111.88626708984376,0.014178049,46.59994888305664,-0.01646580526139587,0.6651729345321655,1480,0.0001,1000.0,1493.7503662109375,,
1220608,4.75,1157,2.5,6.5,0.5,1054,298,0.098828125,0.2,16.160059785842897,0.11686819791793823,118.60848293304443,0.012397545,47.104217529296875,-0.013620478566735983,0.7412563562393188,1485,0.0001,1000.0,1493.7503662109375,,
1224704,4.75,1159,1.5,6.5,0.5,1056,299,0.09482421875,0.2,16.164284563064577,0.11684667319059372,179.0133083343506,0.01291604,71.20852661132812,-0.013390437728958204,0.7107293009757996,1490,0.0001,1000.0,1468.3985595703125,,
1228800,4.75,1162,2.0,6.5,0.5,1057,300,0.10859375,0.2,16.16629204750061,0.11682379990816116,162.63531532287598,0.0122106355,65.43348693847656,-0.013318190013524144,0.7799896001815796,1495,0.0001,1000.0,1472.37109375,,
1232896,4.625,1168,2.0,7.5,1.0,1054,301,0.125537109375,0.2,16.165533542633057,0.1167987510561943,107.67212047576905,0.014236111,48.022823333740234,-0.014099335920764133,0.8158911466598511,1500,0.0001,1000.0,1469.950439453125,,
1236992,4.625,1170,2.0,7.5,1.0,1056,302,0.16044921875,0.2,16.171936559677125,0.11670871824026108,76.10702762603759,0.0162521,32.21487808227539,-0.01340636883978732,0.8967126607894897,1505,0.0001,1000.0,1469.950439453125,,
1241088,4.625,1173,2.5,7.5,1.0,1057,303,0.101806640625,0.2,16.183699226379396,0.11667889356613159,162.79611167907714,0.009923797,64.29678344726562,-0.009721771016484127,0.7012736797332764,1510,0.0001,1000.0,1459.640625,,
1245184,4.625,1175,3.0,7.5,1.0,1059,304,0.086572265625,0.2,16.187236309051514,0.11667297780513763,149.81978244781493,0.0135471225,59.146766662597656,-0.01205203477293253,0.7692275643348694,1515,0.0001,1000.0,1461.5155029296875,,
1249280,4.375,1183,3.0,5.0,2.0,1055,305,0.1078125,0.2,16.191314935684204,0.11667229980230331,155.53691234588624,0.011076741,64.09961700439453,-0.01306230370537378,0.7828617095947266,1520,0.0001,1000.0,1486.704833984375,,
1253376,4.375,1208,3.0,5.0,2.0,1036,306,0.123193359375,0.2,16.197758054733278,0.11659442633390427,120.90491390228271,0.013462424,48.16263198852539,-0.013501511124195531,0.830670177936554,1525,0.0001,1000.0,1486.704833984375,2.43053937727066,500000
1257472,4.375,1211,3.5,5.0,2.0,1038,307,0.121435546875,0.2,16.21100091934204,0.11654969304800034,156.89379920959473,0.012954194,62.60448455810547,-0.013941637612879277,0.7656291723251343,1530,0.0001,1000.0,1484.608154296875,,
1261568,4.375,1213,4.0,5.0,2.0,1039,308,0.146435546875,0.2,16.217465257644655,0.11650103330612183,128.17392253875732,0.014981102,51.76039505004883,-0.01673877831781283,0.8076180219650269,1535,0.0001,1000.0,1487.43212890625,,
1265664,4.75,1218,4.0,5.5,3.0,1038,309,0.16484375,0.2,16.225547218322752,0.11637786775827408,103.33267288208008,0.015617428,50.74114990234375,-0.017293760413303973,0.8473101258277893,1540,0.0001,1000.0,1497.985107421875,,
1269760,4.75,1220,4.0,5.5,3.0,1040,310,0.128662109375,0.2,16.241975593566895,0.11629326641559601,89.6729923248291,0.012580335,35.79646301269531,-0.013044403155799956,0.8397441506385803,1545,0.0001,1000.0,1497.985107421875,,
1273856,4.75,1222,2.0,5.5,3.0,1041,311,0.11513671875,0.2,16.249332427978516,0.11624529212713242,106.73186378479004,0.012456782,40.463619232177734,-0.013792353321332485,0.7884365916252136,1550,0.0001,1000.0,1489.783935546875,,
1277952,4.75,1224,0.5,5.5,3.0,1043,312,0.128125,0.2,16.255446863174438,0.11622309684753418,104.09714527130127,0.014181629,44.209022521972656,-0.014854220661800355,0.8471616506576538,1555,0.0001,1000.0,1483.0887451171875,,
1282048,4.875,1229,0.5,5.0,1.5,1042,313,0.134716796875,0.2,16.262666988372803,0.1161915734410286,115.04695644378663,0.015319591,50.63317108154297,-0.014953730255365371,0.8552558422088623,1560,0.0001,1000.0,1514.8304443359375,,
1286144,4.875,1231,0.5,5.0,1.5,1044,314,0.1439453125,0.2,16.271828603744506,0.11617495119571686,119.64719448089599,0.013976191,55.97670364379883,-0.013977311953203753,0.8003907203674316,1565,0.0001,1000.0,1514.8304443359375,,
1290240,4.875,1234,1.0,5.0,1.5,1045,315,0.055859375,0.2,16.27401041984558,0.11618735641241074,167.7703945159912,0.009381495,66.79359436035156,-0.010097361812950113,0.5711425542831421,1570,0.0001,1000.0,1517.0462646484375,,
1294336,4.875,1236,1.5,5.0,1.5,1046,316,0.108984375,0.2,16.275041246414183,0.11616573482751846,131.84766635894775,0.013272262,57.17436981201172,-0.014148438174743205,0.6771939992904663,1575,0.0001,1000.0,1522.13232421875,,
1298432,5.5,1240,1.5,5.0,2.0,1046,317,0.071337890625,0.2,16.277369117736818,0.11615345627069473,94.8743371963501,0.009831607,37.871952056884766,-0.009656967630144208,0.7578970193862915,1580,0.0001,1000.0,1548.5230712890625,,
1302528,5.5,1242,1.5,5.0,2.0,1047,318,0.11474609375,0.2,16.28181390762329,0.11610830575227737,102.20360298156739,0.012981288,45.455509185791016,-0.014106966322287917,0.7425229549407959,1585,0.0001,1000.0,1548.5230712890625,,
1306624,5.5,1245,2.0,5.0,2.0,1049,319,0.104931640625,0.2,16.28595733642578,0.11607929319143295,173.45428810119628,0.013006511,80.90872192382812,-0.01333409515209496,0.5513429641723633,1590,0.0001,1000.0,1550.9039306640625,,
1310720,5.5,1247,2.5,5.0,2.0,1050,320,0.077880859375,0.2,16.286569118499756,0.11607423424720764,156.52525386810302,0.010985995,71.12509155273438,-0.011164387175813317,0.3264272212982178,1595,0.0001,1000.0,1568.3543701171875,,
1314816,5.125,1254,2.5,5.5,2.0,1047,321,0.103955078125,0.2,16.29315733909607,0.11600978672504425,134.71236362457276,0.013612524,52.25971603393555,-0.012258692539762705,0.48484063148498535,1600,0.0001,1000.0,1533.0447998046875,,
1318912,5.125,1257,2.5,5.5,2.0,1049,322,0.123583984375,0.2,16.298520183563234,0.11598949879407883,150.1908992767334,0.012710013,60.72237777709961,-0.015199984394712374,0.6306139230728149,1605,0.0001,1000.0,1533.0447998046875,,
1323008,5.125,1259,3.0,5.5,2.0,1050,323,0.081494140625,0.2,16.300479888916016,0.11599133908748627,178.18567924499513,0.011263187,66.97261810302734,-0.011966548091731966,0.4814649224281311,1610,0.0001,1000.0,1538.2159423828125,,
1327104,5.125,1261,3.5,5.5,2.0,1051,324,0.1203125,0.2,16.304770755767823,0.11596903949975967,174.529443359375,0.013288012,79.972900390625,-0.01585935758193955,0.5442066192626953,1615,0.0001,1000.0,1558.4683837890625,,
1331200,5.125,1266,3.5,6.5,3.0,1051,325,0.07392578125,0.2,16.30970492362976,0.11596520245075226,191.09706802368163,0.010412801,76.27643585205078,-0.01294753400143236,0.610033392906189,1620,0.0001,1000.0,1579.349853515625,,
1335296,5.125,1268,3.5,6.5,3.0,1052,326,0.135693359375,0.2,16.315282106399536,0.11596982181072235,112.56977233886718,0.015109259,49.4716796875,-0.01656241215241607,0.6317378282546997,1625,0.0001,1000.0,1579.349853515625,,
1339392,5.125,1270,4.0,6.5,3.0,1053,327,0.1046875,0.2,16.320793628692627,0.11596276611089706,101.80251083374023,0.013019205,39.965919494628906,-0.01353479828685522,0.4313724637031555,1630,0.0001,1000.0,1579.3995361328125,,
1343488,5.125,1273,3.0,6.5,3.0,1055,328,0.137158203125,0.2,16.329840183258057,0.11589641124010086,109.64917182922363,0.0140182115,44.46787643432617,-0.014571737707592547,0.5354776382446289,1635,0.0001,1000.0,1572.2601318359375,,
1347584,5.0,1279,3.0,7.0,1.5,1053,329,0.13837890625,0.2,16.34272656440735,0.11583419889211655,110.94555053710937,0.015523147,47.762996673583984,-0.014729674078989775,0.5912413001060486,1640,0.0001,1000.0,1546.3170166015625,,
1351680,5.0,1281,2.5,7.0,1.5,1054,330,0.1037109375,0.2,16.35518593788147,0.11579658091068268,96.6554946899414,0.013742287,39.41597366333008,-0.012880373158259318,0.32406502962112427,1645,0.0001,1000.0,1543.852294921875,,
1355776,5.0,1283,3.0,7.0,1.5,1055,331,0.119921875,0.2,16.36352229118347,0.1157689094543457,64.80078086853027,0.013658313,29.205331802368164,-0.012822865066118539,0.4805474281311035,1650,0.0001,1000.0,1545.4849853515625,,
1359872,5.0,1286,3.0,7.0,1.5,1057,332,0.17822265625,0.2,16.3688081741333,0.11576548218727112,66.04155445098877,0.014002528,30.960830688476562,-0.014512678736355155,0.6173954010009766,1655,0.0001,1000.0,1545.4849853515625,,
1363968,4.5,1292,3.0,3.5,2.5,1055,333,0.14951171875,0.2,16.368449783325197,0.11579744517803192,111.16530017852783,0.014832428,55.47321319580078,-0.013183924625627697,0.6306618452072144,1660,0.0001,1000.0,1541.022705078125,,
1368064,4.5,1295,3.5,3.5,2.5,1056,334,0.106884765625,0.2,16.37237787246704,0.11576858162879944,212.87787857055665,0.012357824,90.62689208984375,-0.0135265743767377,0.5092737674713135,1665,0.0001,1000.0,1538.517822265625,,
1372160,4.5,1297,4.0,3.5,2.5,1057,335,0.109326171875,0.2,16.37600259780884,0.11575799435377121,206.14720077514647,0.013416276,77.25416564941406,-0.016041858278913423,0.5842750072479248,1670,0.0001,1000.0,1542.9239501953125,,
1376256,5.0,1303,4.0,4.5,2.5,1055,336,0.10888671875,0.2,16.37359576225281,0.11575731635093689,187.8279956817627,0.011980994,81.29117584228516,-0.014128012279979885,0.6333014965057373,1675,0.0001,1000.0,1520.0914306640625,,
1380352,5.0,1305,4.0,4.5,2.5,1056,337,0.09970703125,0.2,16.367035341262817,0.11580970138311386,128.74805870056153,0.012525686,50.35032653808594,-0.011595976003445686,0.7675257921218872,1680,0.0001,1000.0,1520.0914306640625,,
1384448,5.0,1308,3.5,4.5,2.5,1058,338,0.107421875,0.2,16.363363599777223,0.11575966328382492,147.75099811553955,0.0128972605,60.55097961425781,-0.01344241575570777,0.6577634811401367,1685,0.0001,998.77,1520.531982421875,,
1388544,5.0,1310,3.5,4.5,2.5,1059,339,0.10048828125,0.2,16.369472169876097,0.11573653668165207,201.4788959503174,0.011766167,100.3868408203125,-0.012027432408649475,0.6495293378829956,1690,0.0001,998.77,1518.473876953125,,
1392640,5.375,1318,3.5,5.0,2.5,1056,340,0.1162109375,0.2,16.369295358657837,0.11577075719833374,144.14615287780762,0.012316765,64.16626739501953,-0.01341459501418285,0.7594131827354431,1695,0.0001,998.77,1506.4691162109375,,
1396736,5.375,1320,3.5,5.0,2.5,1057,341,0.0810546875,0.2,16.367270851135252,0.11573004722595215,140.18419151306153,0.009705852,53.59973907470703,-0.012030416732886805,0.785999059677124,1700,0.0001,998.77,1506.4691162109375,,
1400832,5.375,1323,4.0,5.0,2.5,1058,342,0.093115234375,0.2,16.372441959381103,0.11569415777921677,100.53748397827148,0.011101596,39.968971252441406,-0.012764521015924402,0.30026036500930786,1705,0.0001,998.77,1502.9000244140625,,
1404928,5.375,1325,2.0,5.0,2.5,1059,343,0.09990234375,0.2,16.37538437843323,0.11574777960777283,96.25597686767578,0.011377895,36.63606643676758,-0.013067339174449443,0.36895692348480225,1710,0.0001,998.77,1501.2576904296875,,
1409024,4.875,1332,2.0,2.0,3.0,1057,344,0.131787109375,0.2,16.374568700790405,0.11578172445297241,89.06758098602295,0.012374555,42.06464767456055,-0.013366730039706454,0.5244629383087158,1715,0.0001,998.77,1511.153564453125,,
1413120,4.875,1334,2.0,2.0,3.0,1059,345,0.133349609375,0.2,16.381153535842895,0.11573848128318787,77.99619388580322,0.013890864,34.90998458862305,-0.013521401374600828,0.6716541647911072,1720,0.0001,998.77,1511.153564453125,,
1417216,4.875,1336,0.0,2.0,3.0,1060,346,0.116552734375,0.2,16.393937969207762,0.11574141681194305,119.0657974243164,0.012469276,48.00569534301758,-0.012493061181157828,0.5860210657119751,1725,0.0001,998.77,1506.4454345703125,,
1421312,4.875,1338,0.0,2.0,3.0,1061,347,0.14892578125,0.2,16.39591956138611,0.11576206982135773,107.67325649261474,0.01524609,47.152523040771484,-0.014704170409822836,0.5104593634605408,1730,0.0001,998.77,1504.09375,,
1425408,4.625,1343,0.0,2.0,0.5,1060,348,0.15771484375,0.2,16.395555782318116,0.11577758193016052,118.3725643157959,0.014358403,58.891937255859375,-0.013108412228757516,0.5810838937759399,1735,0.0001,998.77,1449.485107421875,,
1429504,4.625,1345,0.0,2.0,0.5,1062,349,0.132861328125,0.2,16.398959398269653,0.11571436375379562,108.26514186859131,0.013944419,51.01310348510742,-0.013613598584197462,0.6618927121162415,1740,0.0001,998.77,1449.485107421875,,
1433600,4.625,1347,0.5,2.0,0.5,1063,350,0.093505859375,0.2,16.402387428283692,0.11566704511642456,87.2380802154541,0.009712957,31.952638626098633,-0.011428080929908902,0.6116877198219299,1745,0.0001,998.77,1454.2730712890625,,
1437696,4.625,1350,1.0,2.0,0.5,1064,351,0.07421875,0.2,16.40872507095337,0.11566370725631714,64.84029483795166,0.010149851,21.434776306152344,-0.01042705812433269,0.6241607666015625,1750,0.0001,998.77,1458.8355712890625,,
1441792,4.25,1354,1.0,2.5,1.5,1064,352,0.08974609375,0.2,16.415547847747803,0.11560697108507156,64.60244083404541,0.010896259,21.499608993530273,-0.011957062676083296,0.7121593356132507,1755,0.0001,998.77,1519.2120361328125,,
1445888,4.25,1357,1.5,2.5,1.5,1065,353,0.113134765625,0.2,16.428636169433595,0.11555293947458267,68.99483070373535,0.0136208115,27.899099349975586,-0.011799688963219524,0.7919920086860657,1760,0.0001,998.77,1524.5401611328125,,
1449984,4.25,1359,1.5,2.5,1.5,1066,354,0.100146484375,0.2,16.435544109344484,0.11554446071386337,123.54370098114013,0.011485871,48.93655776977539,-0.010893010365543887,0.6706861853599548,1765,0.0001,998.77,1524.5401611328125,,
1454080,4.25,1361,2.0,2.5,1.5,1067,355,0.0962890625,0.2,16.4346360206604,0.11555646359920502,109.3385892868042,0.012700629,46.605831146240234,-0.012397380569018424,0.7555381059646606,1770,0.0001,998.77,1523.4112548828125,,
1458176,4.75,1370,2.0,3.5,2.5,1064,356,0.06005859375,0.2,16.43091502189636,0.11554839462041855,84.74515991210937,0.008255212,29.334386825561523,-0.00967372689046897,0.829228401184082,1775,0.0001,998.77,1573.6309814453125,,
1462272,4.75,1372,2.5,3.5,2.5,1065,357,0.142138671875,0.2,16.435604095458984,0.11557871103286743,76.29439716339111,0.015313375,36.107051849365234,-0.016327968519181012,0.8499242067337036,1780,0.0001,998.77,1574.8284912109375,,
1466368,4.75,1374,2.5,3.5,2.5,1066,358,0.1009765625,0.2,16.44149765968323,0.11560195684432983,109.70852890014649,0.011907225,44.89626693725586,-0.011576096154749393,0.7765464186668396,1785,0.0001,998.77,1574.8284912109375,,
1470464,4.75,1376,3.0,3.5,2.5,1067,359,0.102490234375,0.2,16.442174625396728,0.11558516323566437,96.21384353637696,0.0115429675,39.55890655517578,-0.011200237309094519,0.8249760270118713,1790,0.0001,998.77,1582.2222900390625,,
1474560,5.0,1381,3.0,4.5,2.5,1067,360,0.088427734375,0.2,16.446506214141845,0.11556064337491989,83.51940898895263,0.013275621,32.43016052246094,-0.010851900186389684,0.8740454912185669,1795,0.0001,998.77,1638.89453125,,
1478656,5.0,1384,3.5,4.5,2.5,1068,361,0.134814453125,0.2,16.45007667541504,0.11555495113134384,113.72188034057618,0.013677662,53.58570861816406,-0.013755085284356029,0.8606443405151367,1800,0.0001,998.77,1631.9976806640625,,
1482752,5.0,1386,3.5,4.5,2.5,1069,362,0.07939453125,0.2,16.455029582977296,0.11552135646343231,179.7820297241211,0.010027072,74.0215072631836,-0.010705982777290046,0.7683948874473572,1805,0.0001,998.77,1631.9976806640625,,
1486848,5.0,1388,4.0,4.5,2.5,1070,363,0.07744140625,0.2,16.460221672058104,0.1154964342713356,176.7645462036133,0.011273788,67.90767669677734,-0.011588175990618765,0.783606231212616,1810,0.0001,998.77,1649.428466796875,,
1490944,5.125,1393,4.0,5.5,3.0,1070,364,0.0841796875,0.2,16.46267032623291,0.11546850204467773,151.4538745880127,0.011011839,68.93228149414062,-0.011794467916479335,0.8051465749740601,1815,0.0001,1000.0,1654.4415283203125,,
1495040,5.125,1395,3.0,5.5,3.0,1071,365,0.120703125,0.2,16.463307046890257,0.11550252139568329,88.9448434829712,0.012700898,41.48555374145508,-0.01307531864149496,0.8050175905227661,1820,0.0001,1000.0,1654.432861328125,,
1499136,5.125,1397,3.0,5.5,3.0,1072,366,0.108984375,0.2,16.463442850112916,0.11551801860332489,82.08275718688965,0.012499746,34.46070098876953,-0.013570223492570222,0.737896740436554,1825,0.0001,1000.0,1654.432861328125,,
1503232,5.125,1422,2.0,5.5,3.0,1056,367,0.1140625,0.2,16.468423795700073,0.11547698825597763,101.57051372528076,0.012155537,42.769432067871094,-0.013610841974150389,0.7606203556060791,1830,0.0001,1000.0,1658.5306396484375,2.4189799974954327,500000
1507328,5.25,1427,2.0,6.5,2.5,1056,368,0.08779296875,0.2,16.475403022766113,0.11542151123285294,96.9394760131836,0.011345162,41.29819869995117,-0.011352219030959532,0.8276228904724121,1835,0.0001,1000.0,1682.7872314453125,,
1511424,5.25,1429,2.5,6.5,2.5,1057,369,0.107763671875,0.2,16.48121075630188,0.1153910681605339,93.58590793609619,0.014029948,38.5699577331543,-0.01176197740714997,0.7697460651397705,1840,0.0001,1000.0,1688.7752685546875,,
1515520,5.25,1432,3.0,6.5,2.5,1058,370,0.096240234375,0.2,16.485382509231567,0.11538869142532349,150.57842788696288,0.011588752,62.094970703125,-0.01233630203641951,0.7467191219329834,1845,0.0001,1000.0,1697.8184814453125,,
1519616,5.25,1434,3.0,6.5,2.5,1059,371,0.114501953125,0.2,16.485938119888306,0.11538027226924896,133.33358478546143,0.014432336,55.322425842285156,-0.014985416003037244,0.8244025707244873,1850,0.0001,1000.0,1697.8184814453125,,
1523712,5.0,1440,3.0,7.0,2.5,1058,372,0.1154296875,0.2,16.48919348716736,0.11537100374698639,119.12843990325928,0.012932826,50.38445281982422,-0.014138090604683384,0.8653542399406433,1855,0.0001,1000.0,1708.0703125,,
1527808,5.0,1442,3.5,7.0,2.5,1059,373,0.105419921875,0.2,16.492172527313233,0.1152852326631546,102.28851089477538,0.012419507,46.694129943847656,-0.014288506552111358,0.8906383514404297,1860,0.0001,1000.0,1699.84619140625,,
1531904,5.0,1444,4.0,7.0,2.5,1060,374,0.060400390625,0.2,16.500796127319337,0.11526317149400711,151.10195274353026,0.008364084,57.30557632446289,-0.008934162609511987,0.8430025577545166,1865,0.0001,1000.0,1695.63330078125,,
1536000,4.875,1449,4.0,7.5,1.5,1059,375,0.0919921875,0.2,16.505343008041383,0.11522333323955536,137.3680295944214,0.010514759,55.48296356201172,-0.011974330834345893,0.8545452356338501,1870,0.0001,1000.0,1662.3197021484375,,
1540096,4.875,1452,4.0,7.5,1.5,1060,376,0.096923828125,0.2,16.512161111831666,0.11518586426973343,143.31333599090576,0.011417201,58.562931060791016,-0.013065319758607075,0.8791196942329407,1875,0.0001,1000.0,1662.3197021484375,,
1544192,4.875,1454,2.5,7.5,1.5,1061,377,0.09326171875,0.2,16.515497970581055,0.11515282094478607,144.0444772720337,0.01143405,62.70562744140625,-0.012496299494523555,0.4970288872718811,1880,0.0001,1000.0,1645.5557861328125,,
1548288,4.875,1457,2.0,7.5,1.5,1062,378,0.07470703125,0.2,16.518544101715086,0.11513346433639526,150.59311904907227,0.010479039,64.22982025146484,-0.011550001334398985,0.31722182035446167,1885,0.0001,999.92,1640.8929443359375,,
1552384,5.0,1461,2.0,7.0,1.5,1062,379,0.08662109375,0.2,16.52123942375183,0.11512747406959534,228.26093311309813,0.011230339,126.00931549072266,-0.013177794351940974,0.04823583364486694,1890,0.0001,999.92,1560.69287109375,,
1556480,5.0,1463,2.0,7.0,1.5,1063,380,0.135595703125,0.2,16.523583364486694,0.11507965624332428,65.9371579170227,0.015819075,25.69354820251465,-0.014562840995495208,0.6226911544799805,1895,0.0001,999.92,1560.69287109375,,
1560576,5.0,1466,2.5,7.0,1.5,1064,381,0.16376953125,0.2,16.528191137313843,0.11501636356115341,75.29952630996704,0.015343212,33.260684967041016,-0.013057267450494691,0.8180662393569946,1900,0.0001,999.92,1561.205322265625,,
1564672,5.0,1468,3.0,7.0,1.5,1065,382,0.1611328125,0.2,16.535361289978027,0.11496545374393463,45.34293766021729,0.015647097,16.17576026916504,-0.013193064788356423,0.8184989094734192,1905,0.0001,999.92,1555.6722412109375,,
1568768,4.875,1476,3.0,8.0,2.5,1062,383,0.1701171875,0.2,16.549546337127687,0.11484766006469727,54.721099090576175,0.015959745,22.227027893066406,-0.010632480395724998,0.7869687080383301,1910,0.0001,999.92,1500.0621337890625,,
1572864,4.875,1478,3.0,8.0,2.5,1063,384,0.166015625,0.2,16.570019245147705,0.11473879963159561,41.562606716156004,0.014987987,18.265663146972656,-0.014022495737299323,0.8696876764297485,1915,0.0001,999.92,1500.0621337890625,,
1576960,4.875,1480,3.5,8.0,2.5,1064,385,0.11484375,0.2,16.580584907531737,0.11470075696706772,163.0545227050781,0.009031462,67.36583709716797,-0.01001782285165973,0.7365686893463135,1920,0.0001,999.92,1488.685302734375,,
1581056,4.875,1483,1.5,8.0,2.5,1065,386,0.09404296875,0.2,16.585172986984254,0.11466258764266968,138.59707622528077,0.011470363,61.73873519897461,-0.012065830221399666,0.764979898929596,1925,0.0001,999.92,1481.2366943359375,,
1585152,5.0,1487,1.5,8.0,3.0,1065,387,0.12236328125,0.2,16.590973138809204,0.11466485261917114,102.38654537200928,0.01287381,42.62178421020508,-0.014173443417530508,0.8394482731819153,1930,0.0001,999.92,1437.854736328125,,
1589248,5.0,1489,1.5,8.0,3.0,1066,388,0.0849609375,0.2,16.597292327880858,0.1146833747625351,81.87292881011963,0.0119314315,38.18705368041992,-0.011114050378091633,0.8788339495658875,1935,0.0001,999.92,1437.854736328125,,
1593344,5.0,1492,2.0,8.0,3.0,1067,389,0.07177734375,0.2,16.60145583152771,0.11464832723140717,87.22948875427247,0.009220915,32.36374282836914,-0.009137901238864288,0.7336921691894531,1940,0.0001,999.92,1447.2611083984375,,
1597440,5.0,1494,2.0,8.0,3.0,1068,390,0.096826171875,0.2,16.607856130599977,0.11460630595684052,110.52346343994141,0.012674562,38.66228485107422,-0.01235079396283254,0.7463240623474121,1945,0.0001,999.92,1446.1646728515625,,
1601536,5.125,1498,2.0,2.5,2.5,1068,391,0.090771484375,0.2,16.6123263835907,0.11459363251924515,122.14029216766357,0.010105742,48.044612884521484,-0.011385391559451818,0.7823118567466736,1950,0.0001,999.92,1461.6519775390625,,
1605632,5.125,1500,2.0,2.5,2.5,1069,392,0.069580078125,0.2,16.61688365936279,0.11457576602697372,111.52979068756103,0.010035925,48.19637680053711,-0.010352385422447697,0.7857606410980225,1955,0.0001,999.92,1461.6519775390625,,
1609728,5.125,1503,2.0,2.5,2.5,1070,393,0.096533203125,0.2,16.61980757713318,0.11455222219228745,119.94637680053711,0.011996906,55.04970169067383,-0.012061937886755913,0.5877770781517029,1960,0.0001,999.92,1465.80029296875,,
1613824,5.125,1505,2.5,2.5,2.5,1071,394,0.15380859375,0.2,16.619619512557982,0.11452905833721161,94.29729385375977,0.014778411,35.0694465637207,-0.016005724517162888,0.6775659322738647,1965,0.0001,999.92,1477.0771484375,,
1617920,4.875,1509,2.5,3.0,2.0,1071,395,0.143603515625,0.2,16.62038016319275,0.11453372240066528,85.4967414855957,0.014567371,36.61903381347656,-0.01458058503922075,0.5193296670913696,1970,0.0001,999.92,1457.616455078125,,
1622016,4.875,1512,2.0,3.0,2.0,1072,396,0.137109375,0.2,16.624420070648192,0.11448957771062851,96.18876266479492,0.014629893,43.567569732666016,-0.014460174029227345,0.7552244663238525,1975,0.0001,999.92,1458.3656005859375,,
1626112,4.875,1514,2.0,3.0,2.0,1073,397,0.089990234375,0.2,16.630399465560913,0.11448907852172852,157.24306392669678,0.01065556,59.72975158691406,-0.012673302031180356,0.6787691712379456,1980,0.0001,999.92,1458.3656005859375,,
1630208,4.875,1516,1.5,3.0,2.0,1074,398,0.04423828125,0.2,16.630105876922606,0.1144866943359375,178.63690948486328,0.008123193,72.75653076171875,-0.008287342902622185,0.6158004999160767,1985,0.0001,999.92,1458.584228515625,,
1634304,5.0,1523,1.5,4.0,1.0,1072,399,0.066650390625,0.2,16.63312907218933,0.11447497457265854,168.6837272644043,0.0108201485,71.70991516113281,-0.01164515366544947,0.7902711033821106,1990,0.0001,999.92,1502.8056640625,,
1638400,5.0,1525,2.0,4.0,1.0,1073,400,0.060693359375,0.2,16.63555598258972,0.11444169282913208,104.58836231231689,0.009646919,44.92986297607422,-0.009279615839477628,0.822848916053772,1995,0.0001,999.92,1503.0618896484375,,
1642496,5.0,1528,2.0,4.0,1.0,1074,401,0.09794921875,0.2,16.639352655410768,0.11443080753087997,135.83897438049317,0.0120587405,62.29601287841797,-0.012091132623027079,0.6736750602722168,2000,0.0001,999.92,1503.0618896484375,,
1646592,5.0,1530,2.5,4.0,1.0,1075,402,0.08095703125,0.2,16.638828992843628,0.11442068964242935,181.31226768493653,0.009498036,73.82461547851562,-0.01113841145997867,0.7114406824111938,2005,0.0001,999.92,1520.352783203125,,
1650688,5.0,1537,2.5,4.0,2.0,1073,403,0.089208984375,0.2,16.638392639160156,0.11446019262075424,170.74549293518066,0.011409523,73.30601501464844,-0.012329302344005555,0.7679166793823242,2010,0.0001,1000.0,1581.22216796875,,
1654784,5.0,1539,2.5,4.0,2.0,1074,404,0.12060546875,0.2,16.63895273208618,0.11441183090209961,170.98456954956055,0.012567539,73.59001159667969,-0.01439524769084528,0.6682427525520325,2015,0.0001,1000.0,1563.5589599609375,,
1658880,5.0,1541,2.5,4.0,2.0,1076,405,0.075732421875,0.2,16.642521142959595,0.11438721418380737,184.95620460510253,0.010591745,67.7688980102539,-0.012113905674777926,0.5436197519302368,2020,0.0001,1000.0,1563.5589599609375,,
1662976,5.0,1543,2.5,4.0,2.0,1077,406,0.134228515625,0.2,16.647007036209107,0.11433951556682587,176.11190071105958,0.013885947,80.88109588623047,-0.014232641679700463,0.5134081840515137,2025,0.0001,1000.0,1556.5916748046875,,
1667072,4.625,1548,2.5,4.5,2.0,1076,407,0.115869140625,0.2,16.65364170074463,0.1143300011754036,142.67943420410157,0.012324648,76.44561767578125,-0.012391178478719667,0.5140060186386108,2030,0.0001,1000.0,1544.791259765625,,
1671168,4.625,1551,1.5,4.5,2.0,1077,408,0.1056640625,0.2,16.660658740997313,0.11427564173936844,134.81076698303224,0.012419004,58.39626693725586,-0.013236858719028532,0.7223691344261169,2035,0.0001,1000.0,1540.25048828125,,
1675264,4.625,1553,1.5,4.5,2.0,1078,409,0.099951171875,0.2,16.668730878829955,0.11424896866083145,107.32236385345459,0.011577845,40.709991455078125,-0.012744803709210828,0.7487097978591919,2040,0.0001,1000.0,1540.25048828125,,
1679360,4.625,1555,1.5,4.5,2.0,1079,410,0.132470703125,0.2,16.672464895248414,0.11422476917505264,110.40214691162109,0.014725424,47.53845977783203,-0.014344300585798919,0.8185078501701355,2045,0.0001,1000.0,1540.5396728515625,,
1683456,4.875,1562,1.5,5.5,3.0,1077,411,0.072412109375,0.2,16.676087951660158,0.11419890820980072,112.86365756988525,0.009574404,43.73663330078125,-0.008700889273313805,0.8652251958847046,2050,0.0001,1000.0,1598.138427734375,,
1687552,4.875,1565,2.0,5.5,3.0,1078,412,0.07333984375,0.2,16.679809474945067,0.114194355905056,112.47273635864258,0.010156816,48.20305633544922,-0.011472897429484874,0.7489527463912964,2055,0.0001,1000.0,1599.2342529296875,,
1691648,4.875,1567,2.5,5.5,3.0,1079,413,0.103271484375,0.2,16.682187271118163,0.1141824722290039,109.78075218200684,0.011787277,46.67342758178711,-0.013159912906121462,0.7124176025390625,2060,0.0001,1000.0,1611.3575439453125,,
1695744,4.875,1569,2.5,5.5,3.0,1080,414,0.127685546875,0.2,16.685898208618163,0.11415690183639526,89.73579025268555,0.013987949,38.89033889770508,-0.012780540302628651,0.7496387958526611,2065,0.0001,1000.0,1611.3575439453125,,
1699840,5.0,1574,2.5,5.5,2.5,1079,415,0.12890625,0.2,16.68918161392212,0.11410512775182724,95.70582809448243,0.015473735,42.714515686035156,-0.013050211925292387,0.8305139541625977,2070,0.0001,1000.0,1563.1981201171875,,
1703936,5.0,1576,3.0,5.5,2.5,1080,416,0.113037109375,0.2,16.6964271068573,0.1140984371304512,86.49555416107178,0.012553411,31.711368560791016,-0.013460313191171736,0.6998394727706909,2075,0.0001,1000.0,1564.38037109375,,
1708032,5.0,1579,3.5,5.5,2.5,1081,417,0.107568359375,0.2,16.70237793922424,0.11407676339149475,104.82343730926513,0.0122322235,41.387107849121094,-0.012095308268908412,0.5928342342376709,2080,0.0001,1000.0,1559.8770751953125,,
1712128,4.75,1584,3.5,6.5,1.5,1080,418,0.0767578125,0.2,16.708763885498048,0.11412475258111954,114.49159164428711,0.010467095,39.98219299316406,-0.010920478746993468,0.5234236121177673,2085,0.0001,1000.0,1583.3831787109375,,
1716224,4.75,1586,3.5,6.5,1.5,1081,419,0.08447265625,0.2,16.710778951644897,0.11406590044498444,65.16348247528076,0.011614509,23.93389892578125,-0.01155139454640448,0.5899796485900879,2090,0.0001,1000.0,1583.3831787109375,,
1720320,4.75,1589,3.0,6.5,1.5,1082,420,0.096484375,0.2,16.717646503448485,0.11397836357355118,102.01814098358155,0.010694884,44.54780197143555,-0.011650003597605974,0.6920905113220215,2095,0.0001,1000.0,1569.8973388671875,,
1724416,4.75,1591,3.5,6.5,1.5,1083,421,0.10048828125,0.2,16.724112510681152,0.11397907882928848,105.9098331451416,0.012259306,42.99197769165039,-0.0122649144846946,0.7287538647651672,2100,0.0001,1000.0,1564.857666015625,,
1728512,4.75,1595,3.5,7.5,0.0,1083,422,0.147265625,0.2,16.72731795310974,0.11393576860427856,93.98962116241455,0.013105989,42.87025451660156,-0.015171314869076014,0.7575221657752991,2105,0.0001,1000.0,1582.0135498046875,,
1732608,4.75,1597,3.5,7.5,0.0,1084,423,0.13583984375,0.2,16.73160924911499,0.11388949304819107,95.63866577148437,0.015133437,40.300472259521484,-0.01333746745949611,0.8117722272872925,2110,0.0001,1000.0,1582.0135498046875,,
1736704,4.75,1600,4.0,7.5,0.0,1085,424,0.097802734375,0.2,16.731794834136963,0.11383306235074997,147.12213554382325,0.011522822,61.84434509277344,-0.009466425952268764,0.8290759325027466,2115,0.0001,1000.0,1574.2164306640625,,
1740800,4.75,1602,4.0,7.5,0.0,1086,425,0.121630859375,0.2,16.736293077468872,0.11384133249521255,110.14213790893555,0.013497792,46.03208923339844,-0.01329260790371336,0.9075532555580139,2120,0.0001,1000.0,1563.8902587890625,,
1744896,4.625,1607,4.0,6.5,0.5,1085,426,0.1234375,0.2,16.741515350341796,0.11384386569261551,83.35229473114013,0.013150422,34.04092788696289,-0.013044080964755267,0.9330069422721863,2125,0.0001,1000.0,1544.5567626953125,,
1748992,4.625,1609,4.0,6.5,0.5,1086,427,0.130078125,0.2,16.745120573043824,0.11381425708532333,64.6892936706543,0.014040971,24.579174041748047,-0.011843455396592617,0.9501897692680359,2130,0.0001,1000.0,1544.5567626953125,,
1753088,4.625,1634,4.0,6.5,0.5,1072,428,0.11005859375,0.2,16.749336385726927,0.11378869414329529,157.89823360443114,0.010986576,66.29486083984375,-0.011758309218566864,0.7100446224212646,2135,0.0001,1000.0,1532.7071533203125,2.422423119831135,500000
1757184,4.625,1637,2.5,6.5,0.5,1073,429,0.09033203125,0.2,16.749464178085326,0.11378427594900131,187.0293182373047,0.0124835465,68.32766723632812,-0.011458056233823299,0.7378734350204468,2140,0.0001,1000.0,1524.604736328125,,
1761280,4.625,1641,2.5,4.0,1.0,1072,430,0.114453125,0.2,16.750226163864134,0.11376756429672241,176.1318614959717,0.011542933,83.09416961669922,-0.013956794090336188,0.7870188355445862,2145,0.0001,1000.0,1556.290771484375,,
1765376,4.625,1643,2.5,4.0,1.0,1073,431,0.11298828125,0.2,16.75453119277954,0.11373797059059143,139.48699645996095,0.01292615,56.178443908691406,-0.01274378040106967,0.8661975860595703,2150,0.0001,1000.0,1556.290771484375,,
1769472,4.625,1646,2.5,4.0,1.0,1074,432,0.087939453125,0.2,16.758287715911866,0.11374641954898834,90.47098331451416,0.012147551,35.19266128540039,-0.012087007029913365,0.9073752760887146,2155,0.0001,1000.0,1547.6839599609375,,
1773568,4.625,1648,3.0,4.0,1.0,1075,433,0.088134765625,0.2,16.763875102996828,0.1136942058801651,80.29408321380615,0.012693176,35.59370422363281,-0.00975349813234061,0.9191747307777405,2160,0.0001,1000.0,1558.5631103515625,,
1777664,4.375,1652,3.0,4.0,2.0,1075,434,0.092919921875,0.2,16.776361227035522,0.1136489063501358,85.24833869934082,0.012253357,31.10004234313965,-0.011010615137638523,0.912185788154602,2165,0.0001,1000.0,1585.1343994140625,,
1781760,4.375,1655,2.5,4.0,2.0,1076,435,0.126171875,0.2,16.782091426849366,0.11358574777841568,83.26128330230713,0.014270816,32.51624298095703,-0.015733594261109828,0.8846424221992493,2170,0.0001,998.67,1571.2271728515625,,
1785856,4.375,1657,2.5,4.0,2.0,1077,436,0.083349609375,0.2,16.785842370986938,0.11357555538415909,162.04909858703613,0.009760782,54.863037109375,-0.010998611175455152,0.6138575673103333,2175,0.0001,998.67,1571.2271728515625,,
1789952,4.375,1659,3.0,4.0,2.0,1078,437,0.126953125,0.2,16.79104337692261,0.11350060999393463,69.86096839904785,0.013234254,29.990190505981445,-0.014144046121509745,0.7847864627838135,2180,0.0001,998.67,1567.8861083984375,,
1794048,4.75,1664,3.0,5.0,2.0,1078,438,0.1181640625,0.2,16.803033065795898,0.11342675983905792,83.78054733276367,0.012440028,32.44329833984375,-0.012548711430281401,0.7760474681854248,2185,0.0001,998.67,1565.23193359375,,
1798144,4.75,1666,3.5,5.0,2.0,1078,439,0.100048828125,0.2,16.811465167999266,0.11333559453487396,105.75860347747803,0.012073651,43.47420883178711,-0.01230005923716817,0.7382558584213257,2190,0.0001,998.67,1568.8070068359375,,
1802240,4.75,1668,3.5,5.0,2.0,1080,440,0.081787109375,0.2,16.817886304855346,0.11329784244298935,150.50939655303955,0.010693105,63.65291976928711,-0.010135361301945523,0.7635774612426758,2195,0.0001,998.67,1568.8070068359375,,
1806336,4.75,1670,4.0,5.0,2.0,1080,441,0.06474609375,0.2,16.820562982559203,0.11328057199716568,137.97101135253905,0.010025295,54.07365036010742,-0.01064071514410898,0.8243151307106018,2200,0.0001,998.67,1578.9278564453125,,
1810432,5.375,1678,4.0,5.5,3.0,1078,442,0.07177734375,0.2,16.824639892578126,0.11326580494642258,144.27967090606688,0.0115720555,48.367042541503906,-0.01150363787310198,0.858270525932312,2205,0.0001,998.67,1608.967529296875,,
1814528,5.375,1681,3.0,5.5,3.0,1079,443,0.108837890625,0.2,16.826666736602782,0.11323804408311844,132.67415142059326,0.012282029,54.118255615234375,-0.014600119274109601,0.8281977772712708,2210,0.0001,998.67,1603.0010986328125,,
1818624,5.375,1683,3.0,5.5,3.0,1080,444,0.119287109375,0.2,16.828692626953124,0.11321225017309189,152.78320980072021,0.0120505635,62.37790298461914,-0.013110618037171663,0.6401269435882568,2215,0.0001,998.67,1603.0010986328125,,
1822720,5.375,1686,1.0,5.5,3.0,1081,445,0.134912109375,0.2,16.82795653343201,0.11324840784072876,138.6841245651245,0.012167934,54.00187683105469,-0.014801227051066235,0.7416306734085083,2220,0.0001,998.67,1594.2115478515625,,
1826816,5.5,1690,1.0,6.5,0.5,1080,446,0.090087890625,0.2,16.826615953445433,0.11322839558124542,117.84413661956788,0.01136488,44.398685455322266,-0.01191197422449477,0.7848514318466187,2225,0.0001,998.67,1630.5997314453125,,
1830912,5.5,1693,1.5,6.5,0.5,1081,447,0.104638671875,0.2,16.832598066329957,0.11316906660795212,105.11672954559326,0.011932065,46.4710693359375,-0.013285821059253067,0.8390635251998901,2230,0.0001,998.67,1639.939208984375,,
1835008,5.5,1695,1.5,6.5,0.5,1082,448,0.093212890625,0.2,16.84345054626465,0.11313242465257645,190.9217102050781,0.010285995,74.39990997314453,-0.009976434276904911,0.8314435482025146,2235,0.0001,998.67,1639.939208984375,,
1839104,5.5,1697,1.5,6.5,0.5,1083,449,0.111279296875,0.2,16.846243238449098,0.11313892900943756,178.34761695861818,0.011259697,75.06605529785156,-0.014613577444106341,0.8162553310394287,2240,0.0001,998.67,1630.414794921875,,
1843200,5.75,1702,1.5,7.5,1.5,1082,450,0.126904296875,0.2,16.84485731124878,0.11311788111925125,143.9968132019043,0.013193416,64.53878021240234,-0.014469927217578515,0.8550760746002197,2245,0.0001,998.67,1674.514404296875,,
1847296,5.75,1704,2.0,7.5,1.5,1083,451,0.122314453125,0.2,16.844239807128908,0.11309105157852173,105.3097599029541,0.013262931,48.35451126098633,-0.01361463758366881,0.8906192183494568,2250,0.0001,998.67,1658.6402587890625,,
1851392,5.75,1706,2.5,7.5,1.5,1084,452,0.141650390625,0.2,16.85038514137268,0.11296138912439346,88.7383378982544,0.012712579,38.4619255065918,-0.014626003603916615,0.8908085823059082,2255,0.0001,998.67,1654.599365234375,,
1855488,5.75,1708,2.5,7.5,1.5,1085,453,0.16494140625,0.2,16.861760759353636,0.11292936652898788,88.89789581298828,0.014919078,39.2650146484375,-0.014824326219968497,0.8985535502433777,2260,0.0001,998.67,1654.599365234375,,
1859584,5.5,1715,2.0,8.0,2.0,1084,454,0.1701171875,0.2,16.8631290435791,0.11289367824792862,87.59201641082764,0.015784178,37.00408172607422,-0.015001344576012344,0.9062464833259583,2265,0.0001,998.4,1692.2750244140625,,
1863680,5.5,1717,2.0,8.0,2.0,1085,455,0.109228515625,0.2,16.871311378479003,0.11288601160049438,164.92107772827148,0.011563086,54.687255859375,-0.012444574490655214,0.7374963164329529,2270,0.0001,998.4,1692.2750244140625,,
1867776,5.5,1719,2.0,8.0,2.0,1086,456,0.081787109375,0.2,16.87356081008911,0.11286062747240067,137.49384040832518,0.008767858,58.87767791748047,-0.011237733258167282,0.7101916670799255,2275,0.0001,998.4,1700.2470703125,,
1871872,5.5,1721,2.0,8.0,2.0,1087,457,0.0916015625,0.2,16.87227096557617,0.11287468671798706,112.87557811737061,0.011806158,50.46957778930664,-0.013125925790518522,0.8171834349632263,2280,0.0001,998.4,1700.2470703125,,
1875968,5.625,1726,2.5,8.0,1.5,1086,458,0.0828125,0.2,16.866908645629884,0.11287977546453476,88.85345420837402,0.009803349,36.231449127197266,-0.011832565010990947,0.8811589479446411,2285,0.0001,998.4,1679.416259765625,,
1880064,5.625,1728,2.5,8.0,1.5,1087,459,0.156884765625,0.2,16.86133279800415,0.11298813670873642,83.17071170806885,0.0141124185,41.9749641418457,-0.015701984521001577,0.8664168119430542,2290,0.0001,998.4,1679.416259765625,,
1884160,5.625,1730,3.0,8.0,1.5,1088,460,0.1166015625,0.2,16.854712390899657,0.11300626397132874,103.11206092834473,0.010059414,43.789249420166016,-0.009747371706180275,0.8211793303489685,2295,0.0001,998.4,1691.4644775390625,,
1888256,5.125,1734,3.0,5.0,2.0,1088,461,0.123095703125,0.2,16.854452991485594,0.11296360194683075,87.4280481338501,0.013087624,35.15837097167969,-0.014527673652628437,0.8224786520004272,2300,0.0001,999.73,1653.6634521484375,,
1892352,5.125,1737,3.0,5.0,2.0,1089,462,0.132958984375,0.2,16.856548833847047,0.11294643580913544,71.84762086868287,0.013495514,31.78281021118164,-0.012149531126488,0.7380085587501526,2305,0.0001,999.73,1647.4959716796875,,
1896448,5.125,1739,3.0,5.0,2.0,1090,463,0.1388671875,0.2,16.863280391693117,0.11294254660606384,129.84998149871825,0.015259579,51.38155746459961,-0.015136115305358544,0.6855233311653137,2310,0.0001,999.73,1647.4959716796875,,
1900544,5.125,1742,3.5,5.0,2.0,1090,464,0.124169921875,0.2,16.863628816604614,0.11291637271642685,110.85250682830811,0.013479117,39.539737701416016,-0.013895703497109935,0.7478578686714172,2315,0.0001,999.73,1645.4176025390625,,
1904640,5.5,1746,3.5,3.0,2.5,1090,465,0.11259765625,0.2,16.865902042388917,0.11292624473571777,112.6936538696289,0.013952937,41.82959747314453,-0.01203405698761344,0.7814997434616089,2320,0.0001,999.73,1603.080810546875,,
1908736,5.5,1748,2.5,3.0,2.5,1091,466,0.14990234375,0.2,16.86641616821289,0.1128993034362793,114.12431030273437,0.017744113,47.42463302612305,-0.017098992626415566,0.8094035387039185,2325,0.0001,999.73,1600.35400390625,,
1912832,5.5,1750,2.5,3.0,2.5,1092,467,0.11025390625,0.2,16.872992038726807,0.11286898702383041,201.01609840393067,0.012200703,84.23992919921875,-0.013042198889888824,0.4163498878479004,2330,0.0001,999.73,1600.35400390625,,
1916928,5.5,1752,3.0,3.0,2.5,1093,468,0.08740234375,0.2,16.877779722213745,0.1128656268119812,221.60216064453124,0.0117019415,98.64224243164062,-0.013216895700315945,0.5311567187309265,2335,0.0001,999.73,1611.8282470703125,,
1921024,5.375,1757,3.0,3.0,1.5,1093,469,0.122314453125,0.2,16.87846655845642,0.11285758018493652,167.84859771728514,0.013644068,66.80831909179688,-0.016063362295972182,0.662293016910553,2340,0.0001,999.73,1588.0306396484375,,
1925120,5.375,1759,3.5,3.0,1.5,1093,470,0.140869140625,0.2,16.87979440689087,0.11284199357032776,104.13772792816162,0.014778863,45.5391960144043,-0.01362206890480593,0.8028813004493713,2345,0.0001,999.73,1581.5279541015625,,
1929216,5.375,1761,3.5,3.0,1.5,1094,471,0.089111328125,0.2,16.881659507751465,0.11284060031175613,188.7977611541748,0.009428134,77.8747329711914,-0.009621473518200219,0.7000827789306641,2350,0.0001,999.73,1581.5279541015625,,
1933312,5.375,1764,1.5,3.0,1.5,1095,472,0.096142578125,0.2,16.881181764602662,0.11286578327417374,106.24233226776123,0.010969127,42.93870544433594,-0.011355632322374732,0.8337541818618774,2355,0.0001,999.73,1584.6234130859375,,
1937408,5.375,1768,1.5,3.5,2.0,1095,473,0.098388671875,0.2,16.880021715164183,0.11285814642906189,115.04925632476807,0.011420695,48.203250885009766,-0.01130414508515969,0.8628782629966736,2360,0.0001,999.73,1574.220458984375,,
1941504,5.375,1771,2.0,3.5,2.0,1096,474,0.135546875,0.2,16.88183727264404,0.11289378255605698,82.52963924407959,0.015547465,36.43311309814453,-0.014935691957361996,0.9039477705955505,2365,0.0001,999.73,1577.878173828125,,
1945600,5.375,1773,2.0,3.5,2.0,1097,475,0.108642578125,0.2,16.88276152610779,0.11281702667474747,134.88075485229493,0.012696718,59.63861846923828,-0.011597867216914892,0.7702155113220215,2370,0.0001,999.73,1577.878173828125,,
1949696,5.375,1775,2.0,3.5,2.0,1098,476,0.132275390625,0.2,16.891953802108766,0.11277886480093002,110.23977813720703,0.013589621,51.152557373046875,-0.014910845353733748,0.8112549781799316,2375,0.0001,999.73,1567.8245849609375,,
1953792,4.875,1780,2.0,4.0,1.0,1097,477,0.1306640625,0.2,16.8985333442688,0.11275450885295868,105.37124195098878,0.014451506,44.975669860839844,-0.013652168872067705,0.8401373624801636,2380,0.0001,999.73,1582.2120361328125,,
1957888,4.875,1782,0.0,4.0,1.0,1098,478,0.08955078125,0.2,16.904259395599365,0.11277896165847778,107.94502983093261,0.0120534245,44.941871643066406,-0.012459586991462856,0.8582084774971008,2385,0.0001,999.73,1567.7633056640625,,
1961984,4.875,1784,0.0,4.0,1.0,1099,479,0.08564453125,0.2,16.901651859283447,0.112760029733181,158.51687660217286,0.010626057,64.21376037597656,-0.011835986911319197,0.7842749357223511,2390,0.0001,999.73,1567.7633056640625,,
1966080,4.875,1787,0.5,4.0,1.0,1100,480,0.06572265625,0.2,16.90516605377197,0.11271785199642181,131.16592960357667,0.010855218,57.92534255981445,-0.008645528226043097,0.872028112411499,2395,0.0001,999.73,1567.31689453125,,
1970176,5.0,1793,0.5,5.0,2.0,1098,481,0.062646484375,0.2,16.90695548057556,0.11270801723003387,139.25938758850097,0.008667799,53.067474365234375,-0.008370779221877456,0.9046499729156494,2400,0.0001,1000.0,1619.4512939453125,,
1974272,5.0,1795,1.0,5.0,2.0,1099,482,0.105029296875,0.2,16.907541847229005,0.11268733441829681,130.099928855896,0.013281904,54.154178619384766,-0.013532383542042226,0.8754415512084961,2405,0.0001,1000.0,1634.8382568359375,,
1978368,5.0,1797,1.0,5.0,2.0,1100,483,0.1041015625,0.2,16.910632133483887,0.11264996975660324,166.54341583251954,0.013636384,69.2746353149414,-0.014492678875103592,0.7590243816375732,2410,0.0001,1000.0,1634.8382568359375,,
1982464,5.0,1800,1.0,5.0,2.0,1101,484,0.1201171875,0.2,16.91208791732788,0.11266516149044037,115.47506790161133,0.012385039,44.42728042602539,-0.014285201823804527,0.8561570644378662,2415,0.0001,1000.0,1617.3299560546875,,
1986560,5.125,1804,1.0,5.5,2.5,1100,485,0.140771484375,0.2,16.912160015106203,0.11262449622154236,81.29792222976684,0.013747292,36.81819534301758,-0.011250518084852956,0.8946561813354492,2420,0.0001,1000.0,1634.371826171875,,
1990656,5.125,1806,1.5,5.5,2.5,1101,486,0.163671875,0.2,16.914413166046142,0.11259939521551132,64.26604499816895,0.019121505,32.523311614990234,-0.014371061185374855,0.9262948632240295,2425,0.0001,1000.0,1632.14453125,,
1994752,5.125,1809,1.5,5.5,2.5,1102,487,0.14912109375,0.2,16.91924204826355,0.11253011971712112,105.5503122329712,0.013752473,46.29030990600586,-0.012125349417328835,0.8552398681640625,2430,0.0001,1000.0,1632.14453125,,
1998848,5.125,1811,2.0,5.5,2.5,1103,488,0.14560546875,0.2,16.924263954162598,0.11250919103622437,137.35325603485109,0.014285544,56.75261306762695,-0.014444898598594592,0.8277366757392883,2435,0.0001,1000.0,1641.33349609375,,
2002944,5.25,1838,2.0,6.0,3.0,1089,489,0.156982421875,0.2,16.924816131591797,0.11251469701528549,125.03235511779785,0.015160156,56.068817138671875,-0.01561233225511387,0.8292388319969177,2440,0.0001,1000.0,1642.7818603515625,2.4182465037590553,500000
2007040,5.25,1841,2.5,6.0,3.0,1090,490,0.138037109375,0.2,16.926517057418824,0.11249742656946182,142.29168910980223,0.014483031,66.93511199951172,-0.013494492589961738,0.8014296293258667,2445,0.0001,1000.0,1652.220947265625,,
2011136,5.25,1843,2.5,6.0,3.0,1091,491,0.042724609375,0.2,16.929753446578978,0.11247603595256805,207.95167770385743,0.007677125,78.44117736816406,-0.0075858722848352045,0.7806050181388855,2450,0.0001,1000.0,1652.220947265625,,
2015232,5.25,1845,3.0,6.0,3.0,1091,492,0.06513671875,0.2,16.93124899864197,0.11247844249010086,192.39716987609864,0.010194439,79.68852233886719,-0.009523171267937868,0.7931873798370361,2455,0.0001,1000.0,1652.9967041015625,,
2019328,5.0,1851,3.5,6.0,0.5,1090,493,0.081591796875,0.2,16.934697151184082,0.11246257275342941,182.78907203674316,0.009182808,75.98110961914062,-0.01138137758243829,0.7701979875564575,2460,0.0001,1000.0,1639.993408203125,,
2023424,5.0,1854,3.5,6.0,0.5,1091,494,0.114208984375,0.2,16.937193298339842,0.11252753436565399,141.9718687057495,0.01312331,65.18670654296875,-0.011094751814380289,0.8762677907943726,2465,0.0001,1000.0,1639.993408203125,,
2027520,5.0,1856,4.0,6.0,0.5,1092,495,0.08603515625,0.2,16.93620080947876,0.11255557835102081,185.07487373352052,0.011632151,83.85888671875,-0.00928010487696156,0.8547959923744202,2470,0.0001,1000.0,1654.283447265625,,
2031616,5.0,1858,4.0,6.0,0.5,1093,496,0.134375,0.2,16.93908610343933,0.11254478991031647,167.4762783050537,0.013243657,64.55182647705078,-0.014616856561042368,0.8845871686935425,2475,0.0001,1000.0,1654.283447265625,,
2035712,5.5,1863,4.0,6.5,1.0,1092,497,0.111669921875,0.2,16.93944206237793,0.1125371977686882,120.41853618621826,0.012915691,49.69534683227539,-0.013013910362496972,0.926173985004425,2480,0.0001,1000.0,1673.344482421875,,
2039808,5.5,1865,4.0,6.5,1.0,1093,498,0.095263671875,0.2,16.940679454803465,0.1125454530119896,217.94013481140138,0.012018517,86.21343231201172,-0.012275823584059254,0.7890777587890625,2485,0.0001,1000.0,1673.344482421875,,
2043904,5.5,1868,2.0,6.5,1.0,1094,499,0.084765625,0.2,16.94161262512207,0.11253104358911514,259.04944343566893,0.011993582,111.72107696533203,-0.012795444944640622,0.7622411847114563,2490,0.0001,1000.0,1661.0335693359375,,
2048000,5.125,1873,2.0,7.0,2.0,1092,500,0.099658203125,0.2,16.94842553138733,0.1124890074133873,237.358207321167,0.011176106,99.61644744873047,-0.013728672347497195,0.7936208248138428,2495,0.0001,1000.0,1632.255126953125,,
2052096,5.125,1877,0.5,7.0,2.0,1093,501,0.087939453125,0.2,16.9544216632843,0.11243190616369247,232.88887557983398,0.011787886,96.89604187011719,-0.012301837629638612,0.8021190166473389,2500,0.0001,1000.0,1627.8441162109375,,
2056192,5.125,1879,0.5,7.0,2.0,1093,502,0.08056640625,0.2,16.95813012123108,0.11239280551671982,142.99007263183594,0.009702595,57.95665740966797,-0.010754774155793711,0.7194898128509521,2505,0.0001,1000.0,1627.8441162109375,,
2060288,5.125,1882,1.0,7.0,2.0,1094,503,0.09072265625,0.2,16.960691499710084,0.1123688817024231,135.28795070648192,0.011613166,56.953495025634766,-0.012542728008702398,0.7660629749298096,2510,0.0001,1000.0,1640.1629638671875,,
2064384,5.25,1887,1.0,7.5,2.0,1093,504,0.1146484375,0.2,16.96601858139038,0.11230380833148956,117.38780765533447,0.012403876,50.938377380371094,-0.012305424560327082,0.8501676321029663,2515,0.0001,1000.0,1617.16162109375,,
2068480,5.25,1889,1.5,7.5,2.0,1094,505,0.11865234375,0.2,16.98073935508728,0.11220497637987137,107.59128532409667,0.01192573,43.6631965637207,-0.013184018817264586,0.8789054751396179,2520,0.0001,1000.0,1624.6129150390625,,
2072576,5.25,1892,1.5,7.5,2.0,1095,506,0.1619140625,0.2,16.992903995513917,0.11215382069349289,106.59896278381348,0.014836019,45.307254791259766,-0.015009586932137609,0.8935858607292175,2525,0.0001,1000.0,1624.6129150390625,,
2076672,5.25,1894,2.0,7.5,2.0,1096,507,0.1158203125,0.2,16.994444274902342,0.11213121563196182,96.44825992584228,0.011950361,34.99578094482422,-0.011192246063728817,0.9053426384925842,2530,0.0001,1000.0,1639.026611328125,,
2080768,5.125,1899,2.0,4.0,1.5,1095,508,0.12783203125,0.2,16.99530029296875,0.1121634691953659,66.69704952239991,0.013477517,28.86245346069336,-0.013345989433582872,0.9485368132591248,2535,0.0001,1000.0,1605.8905029296875,,
2084864,5.125,1902,2.5,4.0,1.5,1095,509,0.178759765625,0.2,16.991518449783324,0.1122102215886116,58.30297155380249,0.016845722,23.780441284179688,-0.013081537891412153,0.9523796439170837,2540,0.0001,1000.0,1609.2066650390625,,
2088960,5.125,1904,2.5,4.0,1.5,1096,510,0.128857421875,0.2,16.994074678421022,0.11220869421958923,137.5819658279419,0.008912232,51.08219909667969,-0.0065188442298676815,0.7963231801986694,2545,0.0001,1000.0,1609.2066650390625,,
2093056,5.125,1906,3.0,4.0,1.5,1097,511,0.07021484375,0.2,16.99737205505371,0.11216554790735245,102.03286399841309,0.0104460735,35.371849060058594,-0.010892118589254096,0.8030567169189453,2550,0.0001,1000.0,1616.8564453125,,
2097152,5.75,1911,3.0,4.0,2.0,1097,512,0.064111328125,0.2,17.001868581771852,0.11212743073701859,106.2302864074707,0.0119421445,38.647193908691406,-0.010426216543419287,0.8014857769012451,2555,0.0001,1000.0,1609.8883056640625,,
2101248,5.75,1913,3.0,4.0,2.0,1097,513,0.1185546875,0.2,17.00393490791321,0.11212165653705597,107.48720970153809,0.012415161,46.182945251464844,-0.014334187225904316,0.8326078653335571,2560,0.0001,1000.0,1612.3553466796875,,
2105344,5.75,1916,3.0,4.0,2.0,1098,514,0.046826171875,0.2,17.00909113883972,0.11209636181592941,222.0993911743164,0.007667033,85.85273742675781,-0.008244462043512613,0.7260885834693909,2565,0.0001,1000.0,1612.3553466796875,,
2109440,5.75,1918,3.5,4.0,2.0,1099,515,0.0376953125,0.2,17.012052011489867,0.11209044605493546,175.77585258483887,0.0083306935,66.39122772216797,-0.008798758254852147,0.7621522545814514,2570,0.0001,1000.0,1615.8504638671875,,
2113536,5.25,1922,3.5,4.5,1.0,1099,516,0.0673828125,0.2,17.013286781311034,0.11208762973546982,143.0249309539795,0.010658126,52.06046676635742,-0.011031917453510686,0.8227074146270752,2575,0.0001,1000.0,1568.0040283203125,,
2117632,5.25,1924,4.0,4.5,1.0,1100,517,0.11611328125,0.2,17.015444707870483,0.11209632456302643,125.84245147705079,0.014144631,49.69553756713867,-0.01593235053587705,0.8588781356811523,2580,0.0001,1000.0,1562.0740966796875,,
2121728,5.25,1926,4.0,4.5,1.0,1101,518,0.0767578125,0.2,17.015061330795287,0.1121181920170784,277.0345226287842,0.010244241,126.43821716308594,-0.011415339907398448,0.609296441078186,2585,0.0001,1000.0,1562.0740966796875,,
2125824,5.25,1929,2.0,4.5,1.0,1101,519,0.069384765625,0.2,17.01315336227417,0.11213419586420059,249.80046348571778,0.011255436,107.8593978881836,-0.011555747862439602,0.6565698385238647,2590,0.0001,1000.0,1559.5245361328125,,
2129920,5.25,1933,1.5,2.0,2.0,1101,520,0.11904296875,0.2,17.011716604232788,0.11211004853248596,152.80371417999268,0.013305957,65.75885772705078,-0.014911160105839372,0.7865423560142517,2595,0.0001,998.91,1509.8670654296875,,
2134016,5.25,1935,1.5,2.0,2.0,1102,521,0.136083984375,0.2,17.010734605789185,0.11210960894823074,206.53563919067383,0.012922194,87.61135864257812,-0.014715108048403636,0.7506862878799438,2600,0.0001,998.91,1509.8670654296875,,
2138112,5.25,1938,1.5,2.0,2.0,1103,522,0.104833984375,0.2,17.011620807647706,0.11207980662584305,138.36858043670654,0.011659104,52.13716125488281,-0.0119881582679227,0.7807900905609131,2605,0.0001,998.91,1509.8670654296875,,
2142208,5.25,1940,2.0,2.0,2.0,1103,523,0.085888671875,0.2,17.013547468185426,0.11205454915761948,139.4336208343506,0.0118866395,58.97792434692383,-0.009701160877011717,0.7908110022544861,2610,0.0001,998.91,1513.197509765625,,
2146304,5.5,1945,2.5,2.5,1.0,1103,524,0.144091796875,0.2,17.01725935935974,0.11203105747699738,113.67114124298095,0.016359989,52.07835388183594,-0.012833210051758215,0.8600638508796692,2615,0.0001,998.91,1597.2574462890625,,
2150400,5.5,1947,2.5,2.5,1.0,1104,525,0.174072265625,0.2,17.019044971466066,0.11203688383102417,102.08755493164062,0.016155705,44.53293228149414,-0.01522531770169735,0.873375415802002,2620,0.0001,998.91,1597.2574462890625,,
2154496,5.5,1949,2.5,2.5,1.0,1105,526,0.118017578125,0.2,17.021484565734863,0.11203479766845703,120.79114608764648,0.013040855,48.641624450683594,-0.012758568860590458,0.7914870381355286,2625,0.0001,998.91,1597.2574462890625,,
2158592,5.5,1951,2.5,2.5,1.0,1106,527,0.107568359375,0.2,17.02624011039734,0.1120520606637001,137.1637912750244,0.011886135,67.96089172363281,-0.013515241298591718,0.8276914358139038,2630,0.0001,998.91,1601.3709716796875,,
2162688,5.875,1959,1.0,3.5,2.0,1103,528,0.1234375,0.2,17.023877763748168,0.11209101229906082,122.7475233078003,0.013104841,45.53917694091797,-0.015060494511271828,0.8710265159606934,2635,0.0001,998.91,1592.720458984375,,
2166784,5.875,1961,1.0,3.5,2.0,1104,529,0.17294921875,0.2,17.031710577011108,0.11200716346502304,102.79806480407714,0.015663246,46.72453689575195,-0.017089927714550868,0.9164811372756958,2640,0.0001,998.91,1592.720458984375,,
2170880,5.875,1963,1.0,3.5,2.0,1105,530,0.12177734375,0.2,17.048643589019775,0.11196063458919525,113.95046195983886,0.013318497,48.59010696411133,-0.011867419560439884,0.9264182448387146,2645,0.0001,998.91,1592.720458984375,,
2174976,5.875,1965,1.0,3.5,2.0,1106,531,0.11083984375,0.2,17.05217146873474,0.11196496337652206,104.55857105255127,0.01121637,38.634254455566406,-0.012438683497020975,0.9368562698364258,2650,0.0001,998.91,1592.026611328125,,
2179072,5.75,1970,1.5,4.5,1.0,1105,532,0.09501953125,0.2,17.0542932510376,0.1119445338845253,96.39085731506347,0.0121970605,37.95699691772461,-0.011135353392455727,0.9477452039718628,2655,0.0001,998.91,1571.561767578125,,
2183168,5.75,1972,1.5,4.5,1.0,1106,533,0.137109375,0.2,17.058259296417237,0.11191464960575104,83.86852340698242,0.013782011,39.55338668823242,-0.013085558422608301,0.9511834383010864,2660,0.0001,998.91,1571.561767578125,,
2187264,5.75,1974,1.5,4.5,1.0,1107,534,0.115576171875,0.2,17.065895748138427,0.11187806725502014,93.14231872558594,0.012058676,36.316429138183594,-0.01352406318183057,0.9325016140937805,2665,0.0001,998.91,1571.561767578125,,
2191360,5.75,1977,2.0,4.5,1.0,1108,535,0.09873046875,0.2,17.071634769439697,0.11181697249412537,95.95894660949708,0.012150874,41.85862350463867,-0.010323056479683146,0.9467060565948486,2670,0.0001,998.91,1574.742919921875,,
2195456,5.625,1981,2.5,5.0,2.0,1107,536,0.103759765625,0.2,17.07269730567932,0.11177358776330948,83.11225261688233,0.012665544,34.007137298583984,-0.012426889737253078,0.9554203748703003,2675,0.0001,998.91,1583.1092529296875,,
2199552,5.625,1983,2.5,5.0,2.0,1108,537,0.1451171875,0.2,17.07538719177246,0.11174321174621582,99.34444541931153,0.013868779,36.339054107666016,-0.014372215198818594,0.8907247185707092,2680,0.0001,998.91,1583.1092529296875,,
2203648,5.625,1986,3.0,5.0,2.0,1109,538,0.1033203125,0.2,17.082754945755006,0.11173416674137115,138.2016300201416,0.01055849,52.88002014160156,-0.012132095644483342,0.849794864654541,2685,0.0001,998.91,1584.9456787109375,,
2207744,5.625,1988,3.0,5.0,2.0,1110,539,0.09384765625,0.2,17.08274908065796,0.11179111897945404,136.35204563140869,0.01141575,51.79288864135742,-0.013010457076597958,0.8702583909034729,2690,0.0001,998.91,1584.9456787109375,,
2211840,5.75,1993,3.5,5.5,1.0,1109,540,0.091259765625,0.2,17.07794852256775,0.111799456179142,156.2379051208496,0.011791653,63.16731643676758,-0.0122678600018844,0.8805786371231079,2695,0.0001,998.91,1579.2696533203125,,
2215936,5.75,1995,3.5,5.5,1.0,1110,541,0.101171875,0.2,17.08329939842224,0.11178849637508392,133.56674346923828,0.0117034465,52.97978591918945,-0.01210468333447352,0.7906314134597778,2700,0.0001,998.91,1579.2696533203125,,
2220032,5.75,1997,4.0,5.5,1.0,1111,542,0.12265625,0.2,17.086876678466798,0.11176499724388123,145.37558612823486,0.012831936,63.480918884277344,-0.013035683729685842,0.7091434597969055,2705,0.0001,998.91,1572.170654296875,,
2224128,5.75,2001,4.0,6.0,1.5,1111,543,0.1171875,0.2,17.094674396514893,0.1117396131157875,120.06421356201172,0.012240281,48.014190673828125,-0.01361997807980515,0.7004950046539307,2710,0.0001,998.91,1635.71826171875,,
2228224,5.75,2004,3.5,6.0,1.5,1111,544,0.135107421875,0.2,17.103265285491943,0.11165846139192581,112.28842372894287,0.013065256,51.23826599121094,-0.014716394222341478,0.7893143892288208,2715,0.0001,998.91,1612.2142333984375,,
2232320,5.75,2006,3.5,6.0,1.5,1112,545,0.100830078125,0.2,17.110449886322023,0.11164245754480362,122.81404991149903,0.013384559,53.228031158447266,-0.01079235115321353,0.8282808661460876,2720,0.0001,998.91,1612.2142333984375,,
2236416,5.75,2008,3.0,6.0,1.5,1113,546,0.144677734375,0.2,17.108713245391847,0.11164051294326782,122.06514263153076,0.013746741,50.890357971191406,-0.014483585569541902,0.8286570906639099,2725,0.0001,998.91,1597.407958984375,,
2240512,5.75,2013,3.0,7.0,1.5,1112,547,0.11298828125,0.2,17.105777168273924,0.1115570217370987,118.23544292449951,0.012635699,41.78287887573242,-0.012581072543980554,0.8871833682060242,2730,0.0001,1000.0,1613.5489501953125,,
2244608,5.75,2015,3.5,7.0,1.5,1113,548,0.118505859375,0.2,17.105995750427248,0.11152181029319763,109.49151973724365,0.013345003,43.17530822753906,-0.01164580204640515,0.9011526703834534,2735,0.0001,1000.0,1589.080322265625,,
2248704,5.75,2017,3.5,7.0,1.5,1114,549,0.105419921875,0.2,17.106601333618165,0.11151117831468582,121.0345531463623,0.013105947,46.67033767700195,-0.012374893302330747,0.8086732029914856,2740,0.0001,1000.0,1589.080322265625,,
2252800,5.75,2043,3.0,7.0,1.5,1102,550,0.089453125,0.2,17.104798078536987,0.11150112748146057,132.1631332397461,0.012412422,49.9544792175293,-0.011210165324155242,0.8381465077400208,2745,0.0001,999.71,1592.768798828125,2.4199890586496307,500000
2256896,5.5,2049,3.0,3.0,2.0,1101,551,0.04609375,0.2,17.104421854019165,0.11148577928543091,233.85338306427002,0.007768061,54.452796936035156,-0.008354637742741033,0.7168542146682739,2750,0.0001,999.71,1544.2734375,,
2260992,5.5,2052,2.0,3.0,2.0,1101,552,0.08466796875,0.2,17.106977701187134,0.11147647351026535,110.30946884155273,0.011520327,38.635677337646484,-0.0112376511155162,0.8541142344474792,2755,0.0001,999.71,1533.552001953125,,
2265088,5.5,2054,2.0,3.0,2.0,1102,553,0.0970703125,0.2,17.10899910926819,0.11148559302091599,236.95195121765136,0.0117537305,103.25647735595703,-0.013540780468611046,0.6600490212440491,2760,0.0001,999.71,1533.552001953125,,
2269184,5.5,2056,2.5,3.0,2.0,1103,554,0.105078125,0.2,17.111763763427735,0.11142648011445999,238.23899574279784,0.013038009,108.57202911376953,-0.011791615496622398,0.6950792074203491,2765,0.0001,999.71,1544.358154296875,,
2273280,5.375,2061,2.5,3.5,1.5,1102,555,0.122119140625,0.2,17.119958925247193,0.11137469112873077,243.22042541503907,0.013534164,113.97500610351562,-0.012645029334817082,0.7519222497940063,2770,0.0001,999.71,1531.5999755859375,,
2277376,5.375,2063,3.0,3.5,1.5,1103,556,0.12412109375,0.2,17.124194383621216,0.11138666421175003,175.31390876770018,0.013769947,79.15020751953125,-0.014172030379995704,0.8150508403778076,2775,0.0001,999.71,1522.62060546875,,
2281472,5.375,2065,3.0,3.5,1.5,1104,557,0.072607421875,0.2,17.121993446350096,0.11140952259302139,194.47966690063475,0.009819075,76.87677764892578,-0.010404390224721283,0.7244192361831665,2780,0.0001,999.71,1522.62060546875,,
2285568,5.375,2068,3.5,3.5,1.5,1105,558,0.0869140625,0.2,17.122362422943116,0.11141438037157059,175.79742317199708,0.011815864,73.5090560913086,-0.0133507770486176,0.7135060429573059,2785,0.0001,999.71,1541.3187255859375,,
2289664,5.5,2074,4.0,4.5,2.5,1103,559,0.124658203125,0.2,17.123785400390624,0.11141659319400787,146.6627851486206,0.012497891,59.29079055786133,-0.015871211339253934,0.8308020830154419,2790,0.0001,999.71,1535.2208251953125,,
2293760,5.5,2076,4.0,4.5,2.5,1104,560,0.128369140625,0.2,17.127435827255248,0.11138446629047394,131.04164505004883,0.01450542,46.83888626098633,-0.015906336577609183,0.861061155796051,2795,0.0001,999.71,1535.2208251953125,,
2297856,5.5,2079,4.0,4.5,2.5,1105,561,0.116552734375,0.2,17.132664060592653,0.11137229204177856,140.99018936157228,0.012093604,61.848270416259766,-0.01237689609406516,0.8163073062896729,2800,0.0001,999.71,1535.2208251953125,,
2301952,5.5,2081,4.0,4.5,2.5,1106,562,0.1044921875,0.2,17.13371596336365,0.11135809123516083,122.41690769195557,0.012327356,48.2988166809082,-0.011747131758602336,0.8198864459991455,2805,0.0001,999.71,1517.4493408203125,,
2306048,5.5,2087,2.0,5.5,2.5,1104,563,0.155517578125,0.2,17.136851644515993,0.11134996265172958,119.28992919921875,0.013760967,50.891300201416016,-0.014937822066713125,0.8063753843307495,2810,0.0001,999.71,1529.5682373046875,,
2310144,5.5,2089,2.0,5.5,2.5,1105,564,0.173974609375,0.2,17.144519424438478,0.1113675907254219,125.08799514770507,0.015376061,59.65340042114258,-0.015924847859423608,0.857494592666626,2815,0.0001,999.71,1529.5682373046875,,
2314240,5.5,2091,2.0,5.5,2.5,1106,565,0.12822265625,0.2,17.14486985206604,0.1113593578338623,148.69112014770508,0.013204933,61.89885330200195,-0.011878543309285306,0.8410237431526184,2820,0.0001,999.71,1529.5682373046875,,
2318336,5.5,2094,1.5,5.5,2.5,1107,566,0.168994140625,0.2,17.141298055648804,0.11140408366918564,113.77527198791503,0.015386783,52.07093048095703,-0.012585428659804165,0.876359224319458,2825,0.0001,999.71,1527.1390380859375,,
2322432,5.125,2101,1.5,6.5,3.0,1105,567,0.14404296875,0.2,17.14094853401184,0.11142365634441376,115.72209911346435,0.013234071,48.85029983520508,-0.012769437528913841,0.8921105861663818,2830,0.0001,999.71,1549.0804443359375,,
2326528,5.125,2103,1.5,6.5,3.0,1105,568,0.157177734375,0.2,17.144291734695436,0.1114223524928093,118.40001811981202,0.015502676,53.280704498291016,-0.016818972339387984,0.884055495262146,2835,0.0001,999.71,1549.0804443359375,,
2330624,5.125,2105,1.5,6.5,3.0,1106,569,0.0802734375,0.2,17.148814964294434,0.1114034503698349,171.03358783721924,0.010955776,67.26251220703125,-0.011908812558976934,0.8673873543739319,2840,0.0001,999.71,1549.0804443359375,,
2334720,5.125,2108,2.0,6.5,3.0,1107,570,0.105419921875,0.2,17.15394721031189,0.11134860664606094,164.5334373474121,0.012046755,63.43077087402344,-0.012718386063352228,0.8366775512695312,2845,0.0001,999.71,1536.1195068359375,,
2338816,4.75,2114,2.0,5.0,2.5,1106,571,0.13466796875,0.2,17.16068263053894,0.1113416776061058,111.3734525680542,0.0147470925,51.30963897705078,-0.01479824649868533,0.8830446600914001,2850,0.0001,999.71,1520.8848876953125,,
2342912,4.75,2116,2.0,5.0,2.5,1106,572,0.14501953125,0.2,17.167851448059082,0.11125604808330536,117.91411304473877,0.015111016,54.63833999633789,-0.015553068032022565,0.8504378199577332,2855,0.0001,999.71,1520.8848876953125,,
2347008,4.75,2118,2.0,5.0,2.5,1107,573,0.06474609375,0.2,17.178117561340333,0.1112249493598938,101.67740459442139,0.009440456,32.479248046875,-0.01031451947055757,0.832155704498291,2860,0.0001,999.71,1511.3193359375,,
2351104,4.75,2120,2.0,5.0,2.5,1108,574,0.056396484375,0.2,17.180245399475098,0.11125130206346512,95.05275974273681,0.008908223,31.084854125976562,-0.008197237190324813,0.885576605796814,2865,0.0001,999.71,1511.3193359375,,
2355200,5.0,2127,2.5,6.0,1.5,1106,575,0.076318359375,0.2,17.17734589576721,0.11127696186304092,91.75804958343505,0.010650104,34.35853576660156,-0.008106346928980202,0.9165473580360413,2870,0.0001,1000.0,1572.2254638671875,,
2359296,5.0,2129,2.5,6.0,1.5,1107,576,0.15478515625,0.2,17.18015913963318,0.11120733618736267,73.49217987060547,0.015320402,32.51436233520508,-0.014423678058665245,0.9492064118385315,2875,0.0001,1000.0,1572.2254638671875,,
2363392,5.0,2132,1.0,6.0,1.5,1108,577,0.11728515625,0.2,17.194503211975096,0.11116728186607361,90.7379716873169,0.011837591,33.3188591003418,-0.010486089979531243,0.9297458529472351,2880,0.0001,1000.0,1569.43408203125,,
2367488,5.0,2134,1.0,6.0,1.5,1109,578,0.16005859375,0.2,17.200710391998292,0.11115507036447525,63.32777271270752,0.017359894,26.469362258911133,-0.014490484248381109,0.9454435706138611,2885,0.0001,1000.0,1569.43408203125,,
2371584,4.375,2138,1.5,6.5,2.0,1108,579,0.153125,0.2,17.206764936447144,0.11114456504583359,60.264229488372806,0.0146121625,24.02752113342285,-0.010768401360837742,0.953526496887207,2890,0.0001,1000.0,1527.677001953125,,
2375680,4.375,2140,1.5,6.5,2.0,1109,580,0.150927734375,0.2,17.207367849349975,0.11110927909612656,155.81622924804688,0.013147272,72.38736724853516,-0.012115213030483574,0.8854486346244812,2895,0.0001,1000.0,1527.677001953125,,
2379776,4.375,2143,2.0,6.5,2.0,1110,581,0.05751953125,0.2,17.210350465774535,0.11109133809804916,180.8894847869873,0.009854974,83.66766357421875,-0.0093191237305291,0.8704879879951477,2900,0.0001,1000.0,1544.7301025390625,,
2383872,4.375,2145,2.0,6.5,2.0,1111,582,0.0673828125,0.2,17.210908079147337,0.11110594123601913,198.93155822753906,0.009813072,88.0167236328125,-0.009750642877770587,0.8691742420196533,2905,0.0001,1000.0,1544.7301025390625,,
2387968,4.5,2152,2.5,7.0,2.0,1109,583,0.0740234375,0.2,17.209631395339965,0.11111340671777725,147.2939422607422,0.010665335,67.97234344482422,-0.00977063667960465,0.9106037616729736,2910,0.0001,1000.0,1507.352294921875,,
2392064,4.5,2154,2.5,7.0,2.0,1110,584,0.132275390625,0.2,17.210239267349245,0.11110088974237442,159.3913501739502,0.014571426,66.30597686767578,-0.014522798778489231,0.8043837547302246,2915,0.0001,1000.0,1507.352294921875,,
2396160,4.5,2156,3.0,7.0,2.0,1111,585,0.138720703125,0.2,17.21404333114624,0.11106294393539429,119.88398418426513,0.013689712,50.116886138916016,-0.013985917659010739,0.8410001993179321,2920,0.0001,1000.0,1507.8800048828125,,
2400256,5.0,2161,3.0,7.5,3.0,1110,586,0.138134765625,0.2,17.220041465759277,0.1110353097319603,121.12512588500977,0.013223734,52.867549896240234,-0.012905053480062633,0.8397361040115356,2925,0.0001,1000.0,1523.4609375,,
2404352,5.0,2163,3.5,7.5,3.0,1111,587,0.105859375,0.2,17.22007884979248,0.11100643873214722,108.61171951293946,0.011754177,46.10396194458008,-0.011211553536122664,0.9139401316642761,2930,0.0001,1000.0,1526.3760986328125,,
2408448,5.0,2165,3.5,7.5,3.0,1112,588,0.145361328125,0.2,17.22669768333435,0.11099738627672195,122.73591823577881,0.013771465,57.8690299987793,-0.014550105074886233,0.85975581407547,2935,0.0001,1000.0,1526.3760986328125,,
2412544,5.0,2168,4.0,7.5,3.0,1112,589,0.09951171875,0.2,17.22972364425659,0.1109839454293251,126.82247905731201,0.010805868,47.11647415161133,-0.012530403851997107,0.8502647876739502,2940,0.0001,1000.0,1524.0467529296875,,
2416640,4.625,2174,4.0,5.0,2.0,1111,590,0.107958984375,0.2,17.231092977523804,0.11097200214862823,125.31722488403321,0.012811991,53.11873245239258,-0.013871624489547684,0.7748238444328308,2945,0.0001,1000.0,1499.771240234375,,
2420736,4.625,2176,3.5,5.0,2.0,1112,591,0.166796875,0.2,17.235643720626832,0.11096802353858948,106.58172245025635,0.014950713,51.10600280761719,-0.015148428292013705,0.8417381644248962,2950,0.0001,1000.0,1480.0469970703125,,
2424832,4.625,2178,3.5,5.0,2.0,1112,592,0.11953125,0.2,17.235563135147096,0.11100807785987854,95.36404132843018,0.011522223,35.99302291870117,-0.012170889240223914,0.8120983242988586,2955,0.0001,1000.0,1480.0469970703125,,
2428928,4.625,2181,3.0,5.0,2.0,1113,593,0.128564453125,0.2,17.233040237426756,0.11100731045007706,88.43424339294434,0.011900267,37.44130325317383,-0.014785534847760573,0.8549090623855591,2960,0.0001,1000.0,1475.0625,,
2433024,4.75,2185,3.0,5.5,2.0,1113,594,0.132568359375,0.2,17.239427661895753,0.11102336645126343,91.92825202941894,0.012905575,40.42103958129883,-0.01335656782030128,0.858909010887146,2965,0.0001,1000.0,1503.5150146484375,,
2437120,4.75,2188,3.5,5.5,2.0,1113,595,0.159375,0.2,17.24376940727234,0.11100506782531738,89.76963176727295,0.015870051,38.527374267578125,-0.014390724070835859,0.8851640820503235,2970,0.0001,1000.0,1480.756103515625,,
2441216,4.75,2190,3.5,5.5,2.0,1114,596,0.107373046875,0.2,17.24844923019409,0.11101583391427994,166.1116195678711,0.011726875,68.60749816894531,-0.01128470222465694,0.8706185221672058,2975,0.0001,1000.0,1480.756103515625,,
2445312,4.75,2192,4.0,5.5,2.0,1115,597,0.131787109375,0.2,17.251292943954468,0.11097821593284607,131.49242515563964,0.014694111,58.20539474487305,-0.01346866601961665,0.9054641723632812,2980,0.0001,1000.0,1482.4176025390625,,
2449408,5.125,2197,2.5,5.5,3.0,1114,598,0.1384765625,0.2,17.259141778945924,0.11095163971185684,127.46161422729492,0.015624961,65.20716857910156,-0.013886467332486063,0.918101966381073,2985,0.0001,1000.0,1511.31298828125,,
2453504,5.125,2199,2.5,5.5,3.0,1115,599,0.17421875,0.2,17.266768312454225,0.11086159199476242,95.2203935623169,0.017892469,45.89381790161133,-0.014291854749899358,0.9408308267593384,2990,0.0001,1000.0,1511.31298828125,,
2457600,5.125,2201,2.5,5.5,3.0,1116,600,0.1072265625,0.2,17.278815937042236,0.11075741052627563,123.60923957824707,0.011664126,49.51851272583008,-0.01141256174305454,0.8903480768203735,2995,0.0001,1000.0,1511.31298828125,,
2461696,5.125,2204,0.5,5.5,3.0,1116,601,0.093115234375,0.2,17.285844469070433,0.11071895062923431,156.5029369354248,0.01032771,69.0077896118164,-0.011866856855340302,0.8842772245407104,3000,0.0001,1000.0,1497.27978515625,,
2465792,5.375,2208,1.0,2.0,1.0,1116,602,0.13486328125,0.2,17.29178695678711,0.11072944104671478,144.1475461959839,0.015328821,58.07667541503906,-0.014655069482978433,0.8840619325637817,3005,0.0001,1000.0,1564.202392578125,,
2469888,5.375,2210,1.0,2.0,1.0,1117,603,0.156201171875,0.2,17.300622749328614,0.11066625267267227,110.96915760040284,0.01603596,48.46380615234375,-0.013330731453606859,0.9108568429946899,3010,0.0001,1000.0,1564.202392578125,,
2473984,5.375,2212,1.0,2.0,1.0,1117,604,0.1181640625,0.2,17.314533138275145,0.11065330356359482,131.42729148864746,0.012341805,60.006526947021484,-0.012099489261163398,0.8673469424247742,3015,0.0001,1000.0,1564.202392578125,,
2478080,5.375,2215,1.5,2.0,1.0,1118,605,0.096484375,0.2,17.314548873901366,0.11067113280296326,135.86369857788085,0.011098081,54.07068634033203,-0.012076014274498448,0.8797616362571716,3020,0.0001,1000.0,1567.8773193359375,,
2482176,5.5,2219,2.0,3.0,1.5,1118,606,0.1142578125,0.2,17.31071252822876,0.11067786067724228,109.61916656494141,0.0119256675,42.303443908691406,-0.013678950304165483,0.922318696975708,3025,0.0001,1000.0,1620.3743896484375,,
2486272,5.5,2221,2.0,3.0,1.5,1119,607,0.117724609375,0.2,17.308595895767212,0.11066792905330658,120.6045539855957,0.0140936775,53.56912612915039,-0.014055167435435579,0.8781288862228394,3030,0.0001,1000.0,1620.3743896484375,,
2490368,5.5,2223,2.0,3.0,1.5,1119,608,0.0560546875,0.2,17.307920265197755,0.11066711694002151,135.86712131500244,0.008589596,46.81914520263672,-0.009274862305028364,0.8026300072669983,3035,0.0001,1000.0,1620.3743896484375,,
2494464,5.5,2226,2.5,3.0,1.5,1120,609,0.095166015625,0.2,17.308506298065186,0.11067929118871689,114.7607349395752,0.011335889,43.432125091552734,-0.011542218644171954,0.8552766442298889,3040,0.0001,1000.0,1619.1033935546875,,
2498560,5.625,2232,3.0,3.5,1.5,1119,610,0.11650390625,0.2,17.315073823928834,0.11061477661132812,113.32529468536377,0.012563288,46.833229064941406,-0.012542968464549631,0.8898866176605225,3045,0.0001,1000.0,1618.7623291015625,,
2502656,5.625,2257,3.0,3.5,1.5,1108,611,0.116748046875,0.2,17.322246742248534,0.110570527613163,107.11624336242676,0.012112673,44.88786697387695,-0.010715749929659069,0.9041343927383423,3050,0.0001,1000.0,1618.7623291015625,2.424504360629958,500000
2506752,5.625,2260,3.0,3.5,1.5,1109,612,0.076025390625,0.2,17.325902271270753,0.11051570624113083,133.44881076812743,0.010790923,53.13642883300781,-0.009691386163467541,0.857150673866272,3055,0.0001,1000.0,1618.7623291015625,,
2510848,5.625,2262,3.5,3.5,1.5,1109,613,0.11689453125,0.2,17.330420351028444,0.11053085327148438,132.80561199188233,0.012519128,56.68401336669922,-0.013239565544063225,0.8827253580093384,3060,0.0001,1000.0,1627.76708984375,,
2514944,6.0,2267,2.5,3.5,2.5,1109,614,0.08994140625,0.2,17.329186534881593,0.11052098870277405,142.69886379241944,0.011331325,59.82034683227539,-0.01107054385356605,0.8340364694595337,3065,0.0001,1000.0,1652.6917724609375,,
2519040,6.0,2269,2.5,3.5,2.5,1110,615,0.120458984375,0.2,17.332131481170656,0.11054543405771255,151.01423454284668,0.012169022,66.5083999633789,-0.014599291270133107,0.7935422658920288,3070,0.0001,1000.0,1652.6917724609375,,
2523136,6.0,2271,3.0,3.5,2.5,1110,616,0.053515625,0.2,17.336215019226074,0.1105339378118515,173.76793174743653,0.008785796,63.37556457519531,-0.00878359394846484,0.7900862693786621,3075,0.0001,1000.0,1654.9134521484375,,
2527232,6.0,2273,3.0,3.5,2.5,1111,617,0.097802734375,0.2,17.343231534957887,0.11050138622522354,139.0477605819702,0.012942387,54.401004791259766,-0.013592255319235847,0.7933521270751953,3080,0.0001,1000.0,1654.9134521484375,,
2531328,6.375,2278,3.5,4.5,2.5,1110,618,0.07734375,0.2,17.34732050895691,0.11049475520849228,113.72483310699462,0.011622276,47.4027214050293,-0.012473430298268796,0.8388270139694214,3085,0.0001,1000.0,1642.44677734375,,
2535424,6.375,2280,3.5,4.5,2.5,1111,619,0.09384765625,0.2,17.350530910491944,0.1105051040649414,128.5809284210205,0.011091094,56.82860565185547,-0.014224975113756954,0.8538958430290222,3090,0.0001,1000.0,1642.44677734375,,
2539520,6.375,2283,3.5,4.5,2.5,1112,620,0.076904296875,0.2,17.35600528717041,0.11044222116470337,138.02208709716797,0.010577697,55.25339126586914,-0.010338005068479105,0.858322024345398,3095,0.0001,1000.0,1642.3765869140625,,
2543616,6.375,2285,3.5,4.5,2.5,1112,621,0.10068359375,0.2,17.366040658950805,0.11042633652687073,104.19533042907715,0.013566025,43.969600677490234,-0.01210046499618329,0.8933573961257935,3100,0.0001,1000.0,1642.3765869140625,,
2547712,6.25,2293,4.0,4.5,1.5,1110,622,0.117724609375,0.2,17.366740655899047,0.11040621250867844,119.50433864593506,0.010785578,51.95967483520508,-0.012726203521015122,0.8959692120552063,3105,0.0001,1000.0,1645.118896484375,,
2551808,6.25,2295,4.0,4.5,1.5,1111,623,0.097607421875,0.2,17.36936559677124,0.11039024591445923,153.44359455108642,0.012253747,62.88275146484375,-0.013082495203707366,0.7983521223068237,3110,0.0001,1000.0,1645.118896484375,,
2555904,6.25,2298,3.5,4.5,1.5,1112,624,0.0671875,0.2,17.365918350219726,0.11038908362388611,197.32850494384766,0.008369453,77.00495910644531,-0.008744915656279773,0.7592633366584778,3115,0.0001,1000.0,1645.43310546875,,
2560000,6.375,2302,3.5,5.0,1.0,1111,625,0.069482421875,0.2,17.36588559150696,0.11037232726812363,174.80928573608398,0.010216473,65.98053741455078,-0.009904487640596926,0.7908951640129089,3120,0.0001,1000.0,1625.5146484375,,
2564096,6.375,2305,2.0,5.0,1.0,1112,626,0.093505859375,0.2,17.3703782081604,0.11032744497060776,187.12949562072754,0.010538765,80.5890884399414,-0.01258848407305777,0.8319597244262695,3125,0.0001,1000.0,1618.39892578125,,
2568192,6.375,2307,2.0,5.0,1.0,1113,627,0.076318359375,0.2,17.375090169906617,0.11033038049936295,197.58531646728517,0.010465903,89.79934692382812,-0.010695713816676288,0.777640700340271,3130,0.0001,1000.0,1618.39892578125,,
2572288,6.375,2309,2.5,5.0,1.0,1113,628,0.06640625,0.2,17.374127292633055,0.1103510707616806,143.15915756225587,0.0102949375,58.95524978637695,-0.009378250266308896,0.806931734085083,3135,0.0001,1000.0,1609.167236328125,,
2576384,6.5,2315,2.5,5.5,2.0,1112,629,0.080224609375,0.2,17.375060176849367,0.11034778505563736,132.18878993988037,0.012826101,47.14814758300781,-0.009473253900068812,0.8975887298583984,3140,0.0001,1000.0,1616.6199951171875,,
2580480,6.5,2318,2.5,5.5,2.0,1113,630,0.134375,0.2,17.37854971885681,0.11036078631877899,111.10387725830078,0.015456943,41.2378044128418,-0.015058729099109769,0.9215005040168762,3145,0.0001,1000.0,1602.440673828125,,
2584576,6.5,2320,2.5,5.5,2.0,1113,631,0.10419921875,0.2,17.38525276184082,0.1103084459900856,150.22191829681395,0.01229178,61.021575927734375,-0.01207978550810367,0.8220146894454956,3150,0.0001,1000.0,1602.440673828125,,
2588672,6.5,2322,1.0,5.5,2.0,1114,632,0.13720703125,0.2,17.391411352157593,0.11031677573919296,99.3667823791504,0.014060492,37.3958740234375,-0.01314224761154037,0.8845204710960388,3155,0.0001,1000.0,1605.45703125,,
2592768,6.125,2327,1.0,6.0,3.0,1114,633,0.183544921875,0.2,17.39963479042053,0.11022008210420609,81.41111869812012,0.018085808,32.42229461669922,-0.015039769647410139,0.9119507670402527,3160,0.0001,1000.0,1577.9105224609375,,
2596864,6.125,2329,1.5,6.0,3.0,1114,634,0.18173828125,0.2,17.423596715927125,0.1101333349943161,87.60355625152587,0.01697288,39.46700668334961,-0.013016399869229645,0.9234485626220703,3165,0.0001,1000.0,1579.8287353515625,,
2600960,6.125,2331,1.5,6.0,3.0,1115,635,0.149462890625,0.2,17.437465238571168,0.11008262634277344,82.89262056350708,0.015488109,34.44521713256836,-0.01309363537002355,0.8618918657302856,3170,0.0001,1000.0,1579.8287353515625,,
2605056,6.125,2334,2.0,6.0,3.0,1116,636,0.128759765625,0.2,17.4409451007843,0.11006001383066177,63.92813415527344,0.01388163,24.2587890625,-0.012840273173060269,0.8787669539451599,3175,0.0001,1000.0,1587.3966064453125,,
2609152,5.75,2338,2.0,4.0,2.0,1115,637,0.094287109375,0.2,17.446384811401366,0.11001399904489517,84.44615440368652,0.010183673,26.020793914794922,-0.008300592584419064,0.6907410621643066,3180,0.0001,1000.0,1558.3612060546875,,
2613248,5.75,2340,2.5,4.0,2.0,1116,638,0.14287109375,0.2,17.455492067337037,0.10995317995548248,86.54260740280151,0.014994993,31.411834716796875,-0.013512650376651437,0.7136745452880859,3185,0.0001,1000.0,1558.2515869140625,,
2617344,5.75,2343,2.5,4.0,2.0,1117,639,0.123974609375,0.2,17.46622438430786,0.10996393114328384,173.8726634979248,0.012273318,68.30455017089844,-0.01286120226723142,0.6728631854057312,3190,0.0001,1000.0,1558.2515869140625,,
2621440,5.75,2345,2.5,4.0,2.0,1117,640,0.095556640625,0.2,17.467540168762206,0.10997898876667023,113.13030376434327,0.011678824,45.63124465942383,-0.012679256859701126,0.7334107756614685,3195,0.0001,1000.0,1565.0830078125,,
2625536,5.75,2351,3.0,5.0,3.0,1116,641,0.110986328125,0.2,17.470123624801637,0.10995302349328995,69.27122316360473,0.012660086,26.201566696166992,-0.01161313010379672,0.9009140729904175,3200,0.0001,1000.0,1583.7386474609375,,
2629632,5.75,2353,3.0,5.0,3.0,1117,642,0.145166015625,0.2,17.481902503967284,0.10992848128080368,69.39852714538574,0.014195783,30.29317855834961,-0.010157061298377812,0.9085281491279602,3205,0.0001,1000.0,1583.7386474609375,,
2633728,5.75,2355,3.0,5.0,3.0,1117,643,0.11552734375,0.2,17.486332130432128,0.10995297878980637,135.0787322998047,0.011802942,61.3239860534668,-0.00903517238330096,0.8359724283218384,3210,0.0001,1000.0,1583.7386474609375,,
2637824,5.75,2358,3.5,5.0,3.0,1118,644,0.09814453125,0.2,17.48326668739319,0.11004447937011719,120.61646766662598,0.013546063,54.28007125854492,-0.01119152499595657,0.8653757572174072,3215,0.0001,1000.0,1577.50146484375,,
2641920,5.75,2363,3.0,6.0,0.5,1117,645,0.15986328125,0.2,17.475363731384277,0.11006402969360352,73.80779447555543,0.014455883,33.19122314453125,-0.012557290139375255,0.9025793075561523,3220,0.0001,1000.0,1564.7171630859375,,
2646016,5.75,2365,3.0,6.0,0.5,1118,646,0.162255859375,0.2,17.479618120193482,0.10997533798217773,63.6271369934082,0.016753748,27.314849853515625,-0.013838074950035662,0.9341485500335693,3225,0.0001,1000.0,1564.7171630859375,,
2650112,5.75,2367,3.0,6.0,0.5,1119,647,0.152880859375,0.2,17.490988206863403,0.10998724400997162,66.12331428527833,0.016516471,28.220378875732422,-0.012438144691986962,0.9346728920936584,3230,0.0001,1000.0,1564.7171630859375,,
2654208,5.75,2370,3.5,6.0,0.5,1119,648,0.148388671875,0.2,17.488063240051268,0.1099453717470169,62.10019474029541,0.015821245,26.979461669921875,-0.011641755793243646,0.93728107213974,3235,0.0001,1000.0,1569.368408203125,,
2658304,5.875,2375,4.0,7.0,1.5,1118,649,0.142236328125,0.2,17.494821739196777,0.10988497734069824,94.08268642425537,0.013206915,34.63875198364258,-0.011622620333218947,0.9267865419387817,3240,0.0001,1000.0,1600.46484375,,
2662400,5.875,2377,4.0,7.0,1.5,1119,650,0.1287109375,0.2,17.503189897537233,0.10986119508743286,111.06380634307861,0.01230464,45.00026321411133,-0.014221031265333296,0.8768178224563599,3245,0.0001,1000.0,1600.46484375,,
2666496,5.875,2380,4.0,7.0,1.5,1120,651,0.074755859375,0.2,17.508874034881593,0.10986315459012985,177.3997657775879,0.00969501,64.21650695800781,-0.010557045048335567,0.6303712725639343,3250,0.0001,1000.0,1600.46484375,,
2670592,5.875,2382,4.0,7.0,1.5,1120,652,0.06044921875,0.2,17.51123046875,0.10984556376934052,164.69172210693358,0.009997167,63.51567459106445,-0.009896288474556059,0.6871810555458069,3255,0.0001,1000.0,1585.716552734375,,
2674688,5.5,2387,2.5,8.0,2.0,1120,653,0.08359375,0.2,17.511703300476075,0.1098560020327568,117.6480598449707,0.011185557,43.010379791259766,-0.011939582973718643,0.7117244005203247,3260,0.0001,1000.0,1507.0230712890625,,
2678784,5.5,2389,2.5,8.0,2.0,1121,654,0.092578125,0.2,17.50994520187378,0.10983382910490036,169.77189235687257,0.012304194,62.62930679321289,-0.01406491153757088,0.7675320506095886,3265,0.0001,1000.0,1507.0230712890625,,
2682880,5.5,2391,2.5,8.0,2.0,1121,655,0.067626953125,0.2,17.516138887405397,0.10981114208698273,239.45453605651855,0.010617652,95.79835510253906,-0.011353553147637285,0.7648280262947083,3270,0.0001,1000.0,1507.0230712890625,,
2686976,5.5,2394,2.0,8.0,2.0,1122,656,0.11201171875,0.2,17.52002272605896,0.10981636494398117,144.39431648254396,0.013774173,53.85420608520508,-0.014907739858608693,0.8477833867073059,3275,0.0001,1000.0,1494.97119140625,,
2691072,5.25,2400,2.5,4.5,2.0,1120,657,0.1275390625,0.2,17.5198504447937,0.10974906384944916,122.01669750213622,0.012656091,53.428401947021484,-0.014177676918916405,0.8851224780082703,3280,0.0001,1000.0,1518.12744140625,,
2695168,5.25,2402,2.5,4.5,2.0,1121,658,0.15,0.2,17.523684692382812,0.10976692289113998,107.87558059692383,0.013686219,47.5360221862793,-0.013950055616442114,0.8217818737030029,3285,0.0001,1000.0,1518.12744140625,,
2699264,5.25,2405,3.0,4.5,2.0,1122,659,0.160546875,0.2,17.525401067733764,0.10972128063440323,132.82421073913574,0.015072873,58.76007080078125,-0.01523584705137182,0.7525341510772705,3290,0.0001,1000.0,1517.90283203125,,
2703360,5.25,2407,3.0,4.5,2.0,1122,660,0.13359375,0.2,17.530247449874878,0.10971909016370773,151.15138187408448,0.012714595,65.57601165771484,-0.010985888936556876,0.644176185131073,3295,0.0001,1000.0,1517.90283203125,,
2707456,5.125,2413,3.5,2.5,3.0,1121,661,0.094287109375,0.2,17.529401302337646,0.10971374064683914,179.63617248535155,0.011635974,74.78050231933594,-0.011547802927088924,0.7032128572463989,3300,0.0001,1000.0,1522.8258056640625,,
2711552,5.125,2415,3.5,2.5,3.0,1122,662,0.130029296875,0.2,17.530647802352906,0.10975032299757004,159.71620712280273,0.013201113,68.14099884033203,-0.012209166388493032,0.74873948097229,3305,0.0001,1000.0,1522.8258056640625,,
2715648,5.125,2417,3.0,2.5,3.0,1123,663,0.160498046875,0.2,17.53433837890625,0.10969878733158112,181.76473541259764,0.015743595,92.89643096923828,-0.013607681659050287,0.7657318115234375,3310,0.0001,998.84,1521.765625,,
2719744,5.125,2419,3.0,2.5,3.0,1123,664,0.147314453125,0.2,17.542138624191285,0.109646737575531,231.41166763305665,0.013927649,78.3511734008789,-0.015690518193878233,0.7135167717933655,3315,0.0001,998.84,1521.765625,,
2723840,5.0,2426,3.5,2.5,0.5,1122,665,0.191064453125,0.2,17.544581651687622,0.10964406281709671,193.15278015136718,0.016152635,96.20741271972656,-0.015235041690175422,0.7578799724578857,3320,0.0001,998.84,1512.39111328125,,
2727936,5.0,2429,3.5,2.5,0.5,1122,666,0.105029296875,0.2,17.542294645309447,0.10965321958065033,143.68543853759766,0.011003479,55.329566955566406,-0.011195524805225432,0.7984579801559448,3325,0.0001,998.84,1512.39111328125,,
2732032,5.0,2431,4.0,2.5,0.5,1123,667,0.131494140625,0.2,17.54094567298889,0.1096300333738327,93.42501058578492,0.014144222,35.112464904785156,-0.013438056805171072,0.8386918306350708,3330,0.0001,998.84,1503.3170166015625,,
