time/time_elapsed,time/fps,time/iterations,time/total_timesteps,train/approx_kl,train/entropy_loss,train/policy_gradient_loss,train/std,train/loss,train/learning_rate,train/value_loss,train/clip_range,train/explained_variance,train/clip_fraction,train/n_updates,rollout/ep_rew_mean,rollout/ep_len_mean,eval/skor,eval/en_iyi_adim
4,944,1,4096,,,,,,,,,,,,,,,
6,1335,2,8192,0.011259365,15.180236053466796,-0.01566570206778124,0.12105057388544083,64.55044555664062,0.0001,150.59947528839112,0.2,0.9002479314804077,0.122119140625,5,,,,
7,1556,3,12288,0.012700209,15.180470275878907,-0.014280820457497612,0.1210537850856781,38.933067321777344,0.0001,93.16555976867676,0.2,0.9356035590171814,0.10205078125,10,,,,
11,1432,4,16384,0.012761302,15.184364533424377,-0.013282838463783263,0.12107876688241959,39.09088897705078,0.0001,96.68400630950927,0.2,0.9445174336433411,0.09501953125,15,1845.56005859375,994.5,,
13,1506,5,20480,0.011871751,15.191043972969055,-0.011370045819785447,0.12109556049108505,96.14087677001953,0.0001,219.9177131652832,0.2,0.8679438233375549,0.08173828125,20,1845.56005859375,994.5,,
15,1599,6,24576,0.009597346,15.195133137702943,-0.00981638632947579,0.12110983580350876,58.33332061767578,0.0001,153.99990005493163,0.2,0.7814016938209534,0.055419921875,25,1845.56005859375,994.5,,
17,1672,7,28672,0.012288138,15.195550513267516,-0.010895504790823907,0.12112622708082199,47.491477966308594,0.0001,119.86786937713623,0.2,0.8200819492340088,0.07490234375,30,1845.56005859375,994.5,,
20,1587,8,32768,0.012586944,15.197386956214904,-0.01344663588097319,0.12117914110422134,49.72029113769531,0.0001,116.74520778656006,0.2,0.8615071773529053,0.114892578125,35,1731.546875,997.25,,
22,1615,9,36864,0.012700617,15.198738741874696,-0.01281732112984173,0.12127073109149933,33.62424850463867,0.0001,76.56568565368653,0.2,0.9130451679229736,0.121484375,40,1731.546875,997.25,,
24,1663,10,40960,0.008163888,15.20036985874176,-0.008841085125459358,0.12127705663442612,60.29711151123047,0.0001,158.57655162811278,0.2,0.7039023637771606,0.05654296875,45,1731.546875,997.25,,
26,1707,11,45056,0.0077406233,15.202540159225464,-0.007324168283957988,0.12125319242477417,43.48554611206055,0.0001,132.20995578765869,0.2,0.7582237720489502,0.03427734375,50,1731.546875,997.25,,
29,1644,12,49152,0.0112329265,15.204865503311158,-0.011870145972352475,0.12122693657875061,45.22135925292969,0.0001,112.89781761169434,0.2,0.7920211553573608,0.084814453125,55,1609.0821533203125,998.1666666666666,,
32,1661,13,53248,0.012167103,15.213728451728821,-0.013588606263510883,0.12121421098709106,54.52232360839844,0.0001,115.80101127624512,0.2,0.848813533782959,0.11513671875,60,1609.0821533203125,998.1666666666666,,
33,1694,14,57344,0.0072747003,15.226253700256347,-0.006251919164787978,0.12117978185415268,54.602901458740234,0.0001,142.8420810699463,0.2,0.7749590277671814,0.054150390625,65,1609.0821533203125,998.1666666666666,,
35,1725,15,61440,0.009911658,15.236048889160156,-0.012030196830164642,0.12109171599149704,39.711299896240234,0.0001,95.10837020874024,0.2,0.8541504144668579,0.071533203125,70,1609.0821533203125,998.1666666666666,,
39,1675,16,65536,0.009666555,15.24629385471344,-0.010041487088892609,0.12104799598455429,28.58637237548828,0.0001,75.1334734916687,0.2,0.8943605422973633,0.068310546875,75,1598.482666015625,998.625,,
40,1703,17,69632,0.00924581,15.250655245780944,-0.008690633007790893,0.12107744067907333,34.564598083496094,0.0001,81.87779846191407,0.2,0.89079350233078,0.059228515625,80,1598.482666015625,998.625,,
42,1728,18,73728,0.008997992,15.24611737728119,-0.007451200427021831,0.12111333757638931,37.23810577392578,0.0001,104.04547653198242,0.2,0.7930253148078918,0.0462890625,85,1598.482666015625,998.625,,
44,1751,19,77824,0.009536462,15.249605584144593,-0.008659457566682249,0.12110765278339386,36.91172409057617,0.0001,99.81012477874756,0.2,0.8494361639022827,0.048681640625,90,1598.482666015625,998.625,,
48,1701,20,81920,0.0075768353,15.254654669761658,-0.007224622264038772,0.12106174230575562,35.20775604248047,0.0001,91.90075731277466,0.2,0.8943476676940918,0.0462890625,95,1633.7919921875,998.9,,
50,1711,21,86016,0.0119182635,15.262080717086793,-0.013945316011086107,0.12097001075744629,40.077064514160156,0.0001,89.1937219619751,0.2,0.9106547832489014,0.114404296875,100,1633.7919921875,998.9,,
52,1731,22,90112,0.009960556,15.271562027931214,-0.011253103881608694,0.1209513247013092,38.76904296875,0.0001,107.23168468475342,0.2,0.8915018439292908,0.07587890625,105,1633.7919921875,998.9,,
53,1745,23,94208,0.012583605,15.276817750930785,-0.01286503963638097,0.12095548212528229,31.337350845336914,0.0001,78.10784902572632,0.2,0.9236968159675598,0.114794921875,110,1633.020263671875,997.8765432098766,,
57,1701,24,98304,0.0129129775,15.277688765525818,-0.01237044731969945,0.12098924815654755,63.887840270996094,0.0001,195.9726915359497,0.2,0.8331966996192932,0.1349609375,115,1646.7552490234375,998.2083333333334,,
59,1719,25,102400,0.011435099,15.275076079368592,-0.012305898306658491,0.12102022767066956,50.45133590698242,0.0001,118.43374595642089,0.2,0.8775229454040527,0.0998046875,120,1646.7552490234375,998.2083333333334,,
61,1735,26,106496,0.008528811,15.272872948646546,-0.008837015993776731,0.12102705240249634,61.2325553894043,0.0001,164.03012981414795,0.2,0.7611062526702881,0.059814453125,125,1646.7552490234375,998.2083333333334,,
63,1747,27,110592,0.0110144345,15.2747092962265,-0.011419378768187017,0.12099232524633408,59.50434875488281,0.0001,158.2208278656006,0.2,0.7692969441413879,0.07373046875,130,1641.3900146484375,998.2268041237113,,
67,1708,28,114688,0.010818162,15.27574439048767,-0.01409670592402108,0.12101054191589355,70.22137451171875,0.0001,155.39206886291504,0.2,0.7883257865905762,0.1109375,135,1581.656982421875,999.16,,
68,1723,29,118784,0.012849655,15.271882510185241,-0.013793109462130814,0.12099361419677734,48.37838363647461,0.0001,112.5107593536377,0.2,0.8025914430618286,0.1248046875,140,1581.656982421875,999.16,,
70,1734,30,122880,0.013298916,15.275111150741576,-0.012796782329678536,0.12095405161380768,30.715295791625977,0.0001,69.1069128036499,0.2,0.8385366797447205,0.100927734375,145,1571.848388671875,997.15,,
72,1747,31,126976,0.014136771,15.278427004814148,-0.012943627178901806,0.1209331825375557,107.29999542236328,0.0001,190.14615783691406,0.2,0.6603232622146606,0.126025390625,150,1571.848388671875,997.15,,
76,1711,32,131072,0.011506944,15.281662034988404,-0.012981402562581934,0.12092408537864685,36.19017791748047,0.0001,81.10655288696289,0.2,0.8404752612113953,0.096142578125,155,1590.5748291015625,997.15,,
78,1724,33,135168,0.012523464,15.284366488456726,-0.013709237321745605,0.12090466171503067,55.104434967041016,0.0001,115.94791946411132,0.2,0.8082088232040405,0.11728515625,160,1590.5748291015625,997.15,,
80,1733,34,139264,0.008848723,15.28707308769226,-0.008551344613078982,0.12090037763118744,69.25702667236328,0.0001,160.64300765991212,0.2,0.7081536054611206,0.05703125,165,1568.9312744140625,996.01,,
82,1745,35,143360,0.010071575,15.28814880847931,-0.012324617855483666,0.1208859458565712,157.56666564941406,0.0001,239.61912536621094,0.2,0.6384586095809937,0.081201171875,170,1568.9312744140625,996.01,,
85,1718,36,147456,0.011683511,15.288296031951905,-0.014479976339498535,0.12088534981012344,36.03907012939453,0.0001,85.94372119903565,0.2,0.8498325943946838,0.11005859375,175,1581.7584228515625,996.01,,
87,1730,37,151552,0.012742348,15.292464447021484,-0.012723149114754051,0.12082082033157349,31.293066024780273,0.0001,74.952405834198,0.2,0.8516223430633545,0.10927734375,180,1581.7584228515625,996.01,,
89,1738,38,155648,0.011176214,15.302827215194702,-0.010933605610625818,0.12079813331365585,32.84916305541992,0.0001,77.49558477401733,0.2,0.8415923118591309,0.093017578125,185,1579.1566162109375,996.01,,
91,1749,39,159744,0.01066393,15.309737944602967,-0.011284617031924427,0.12076900154352188,28.529956817626953,0.0001,72.36008911132812,0.2,0.8688466548919678,0.081396484375,190,1579.1566162109375,996.01,,
94,1726,40,163840,0.010957814,15.312079882621765,-0.012407220085151494,0.1207682192325592,32.8988151550293,0.0001,79.12497072219848,0.2,0.8617708683013916,0.088916015625,195,1644.568115234375,996.01,,
96,1735,41,167936,0.0085287,15.312391114234924,-0.00851187783991918,0.1207653358578682,77.98409271240234,0.0001,195.63004302978516,0.2,0.667813777923584,0.044189453125,200,1644.568115234375,996.01,,
98,1742,42,172032,0.008406983,15.3125,-0.00892518971231766,0.12076880782842636,69.27587890625,0.0001,185.78715705871582,0.2,0.6650469303131104,0.0490234375,205,1627.5054931640625,996.01,,
102,1724,43,176128,0.008336038,15.312476539611817,-0.008370810095220805,0.12075754255056381,83.1205062866211,0.0001,202.08471069335937,0.2,0.7008998990058899,0.03916015625,210,1577.036376953125,996.01,,
104,1729,44,180224,0.009557681,15.313630771636962,-0.009310811251634733,0.12077175825834274,103.29069519042969,0.0001,221.56281776428222,0.2,0.7154447436332703,0.051025390625,215,1577.036376953125,996.01,,
106,1736,45,184320,0.009059429,15.313298916816711,-0.007926181051880121,0.12079682946205139,61.88859176635742,0.0001,162.06048412322997,0.2,0.4774554371833801,0.05068359375,220,1566.31640625,996.01,,
107,1745,46,188416,0.009120209,15.31317389011383,-0.011261297977762296,0.12080882489681244,48.92811584472656,0.0001,121.08722743988037,0.2,0.6533375978469849,0.063623046875,225,1566.31640625,996.01,,
111,1727,47,192512,0.010058072,15.312744545936585,-0.009044548368547112,0.12081345915794373,38.14405822753906,0.0001,99.73638744354248,0.2,0.7862299084663391,0.05888671875,230,1588.907958984375,996.85,,
113,1735,48,196608,0.01042375,15.311649084091187,-0.01092716075363569,0.12077783048152924,45.07416915893555,0.0001,102.72687816619873,0.2,0.8337236046791077,0.078271484375,235,1588.907958984375,996.85,,
115,1741,49,200704,0.0093691945,15.314661312103272,-0.008550922211725265,0.12078771740198135,28.461374282836914,0.0001,75.00711793899536,0.2,0.9000087380409241,0.049658203125,240,1580.7532958984375,996.85,,
117,1750,50,204800,0.010640628,15.321334505081177,-0.009831309673609212,0.12075431644916534,22.447132110595703,0.0001,70.53658666610718,0.2,0.9337615370750427,0.069140625,245,1580.7532958984375,996.85,,
120,1727,51,208896,0.00987765,15.3299236536026,-0.010427642799913883,0.1207154169678688,27.170886993408203,0.0001,74.91668682098388,0.2,0.9339123368263245,0.0673828125,250,1647.4290771484375,996.85,,
122,1734,52,212992,0.011215898,15.339205551147462,-0.012089228210970759,0.12069705873727798,34.70412063598633,0.0001,98.9635877609253,0.2,0.9141900539398193,0.07666015625,255,1647.4290771484375,996.85,,
124,1739,53,217088,0.0068643643,15.345337748527527,-0.007318686853977852,0.12068998068571091,63.51187515258789,0.0001,167.92305641174318,0.2,0.7770037651062012,0.02939453125,260,1630.193603515625,996.85,,
126,1747,54,221184,0.008940004,15.349424290657044,-0.011386076780036091,0.1206258088350296,45.76860046386719,0.0001,115.01747550964356,0.2,0.8783485889434814,0.073095703125,265,1630.193603515625,996.85,,
131,1718,55,225280,0.01105115,15.357429575920104,-0.013175881002098322,0.1205853521823883,42.063331604003906,0.0001,101.27943058013916,0.2,0.8939366340637207,0.09365234375,270,1634.0089111328125,998.86,,
132,1726,56,229376,0.016515907,15.361082625389098,-0.017025106155779214,0.12058725208044052,37.98193359375,0.0001,83.00702180862427,0.2,0.9048266410827637,0.149365234375,275,1634.0089111328125,998.86,,
134,1731,57,233472,0.009737134,15.36283004283905,-0.00989670114358887,0.12061554193496704,42.55295181274414,0.0001,118.26639652252197,0.2,0.8270140886306763,0.075048828125,280,1630.6173095703125,998.86,,
136,1739,58,237568,0.012865182,15.362681269645691,-0.01171477218158543,0.12065315246582031,67.57910919189453,0.0001,134.99484481811524,0.2,0.8461580872535706,0.121435546875,285,1630.6173095703125,998.86,,
140,1720,59,241664,0.010632603,15.364451146125793,-0.01292695531155914,0.12062592059373856,43.04054641723633,0.0001,101.10912494659424,0.2,0.8876315355300903,0.091748046875,290,1650.2059326171875,1000.0,,
142,1727,60,245760,0.011193969,15.370935082435608,-0.011710033100098372,0.12061045318841934,63.01386260986328,0.0001,119.283371925354,0.2,0.9001443982124329,0.0921875,295,1650.2059326171875,1000.0,,
144,1725,61,249856,0.01034373,15.373650979995727,-0.009728511970024556,0.12058939784765244,48.04522705078125,0.0001,112.93695659637451,0.2,0.9082276821136475,0.073193359375,300,1643.8447265625,1000.0,,
169,1495,62,253952,0.012504714,15.380025815963744,-0.01282883936073631,0.12054131925106049,48.528629302978516,0.0001,110.69531536102295,0.2,0.9134504795074463,0.100927734375,305,1643.8447265625,1000.0,2.5891025752802213,250000
173,1486,63,258048,0.011788811,15.391436314582824,-0.010797701581032016,0.1204867735505104,35.982582092285156,0.0001,93.55758686065674,0.2,0.9209355115890503,0.094677734375,310,1628.091064453125,1000.0,,
175,1494,64,262144,0.010799164,15.400858974456787,-0.010951663070591167,0.12043739855289459,54.09183120727539,0.0001,115.91319065093994,0.2,0.8647234439849854,0.085205078125,315,1628.091064453125,1000.0,,
177,1500,65,266240,0.007975113,15.406598949432373,-0.007712396502029151,0.12044479697942734,54.618141174316406,0.0001,159.50491924285888,0.2,0.6050808429718018,0.037109375,320,1618.6851806640625,1000.0,,
179,1506,66,270336,0.008877774,15.404474091529845,-0.00943545059999451,0.12050481885671616,41.52124786376953,0.0001,120.90640220642089,0.2,0.6500788331031799,0.03955078125,325,1618.6851806640625,1000.0,,
183,1493,67,274432,0.009103984,15.40099277496338,-0.009104808288975618,0.12051650136709213,51.98884963989258,0.0001,134.68554496765137,0.2,0.7056207656860352,0.048193359375,330,1567.832763671875,1000.0,,
185,1498,68,278528,0.010953407,15.402579855918884,-0.012100451841251924,0.12046907842159271,77.48309326171875,0.0001,163.81063003540038,0.2,0.7118079662322998,0.0794921875,335,1567.832763671875,1000.0,,
188,1501,69,282624,0.010175946,15.407907962799072,-0.009887046820949763,0.12042555212974548,80.49483489990234,0.0001,196.3716941833496,0.2,0.6567740440368652,0.064013671875,340,1555.8050537109375,1000.0,,
190,1506,70,286720,0.011234987,15.408698773384094,-0.011592156277038157,0.12044650316238403,88.3711929321289,0.0001,191.12306022644043,0.2,0.7415741682052612,0.079833984375,345,1555.8050537109375,1000.0,,
194,1498,71,290816,0.010465123,15.410886573791505,-0.01059174868860282,0.12041372060775757,73.36295318603516,0.0001,168.03423919677735,0.2,0.7835742235183716,0.075537109375,350,1584.4254150390625,1000.0,,
196,1504,72,294912,0.011355409,15.421512794494628,-0.011681891430635005,0.12038065493106842,47.27304458618164,0.0001,108.5221336364746,0.2,0.8569456338882446,0.074365234375,355,1578.4180908203125,998.51,,
197,1511,73,299008,0.010036251,15.42711501121521,-0.0101873584324494,0.12038619816303253,91.6361083984375,0.0001,196.9744445800781,0.2,0.7574577927589417,0.0689453125,360,1578.4180908203125,998.51,,
199,1518,74,303104,0.012479596,15.425348234176635,-0.012349490961059927,0.12039493024349213,39.844451904296875,0.0001,95.48762950897216,0.2,0.8893022537231445,0.084326171875,365,1578.4180908203125,998.51,,
203,1511,75,307200,0.012315873,15.423613834381104,-0.012355161074083298,0.1203499436378479,45.8460807800293,0.0001,104.16420116424561,0.2,0.8965917229652405,0.100537109375,370,1559.8753662109375,998.51,,
205,1516,76,311296,0.012652589,15.42810890674591,-0.015521885128691792,0.12030547857284546,43.73378372192383,0.0001,101.40385417938232,0.2,0.8555865287780762,0.128369140625,375,1549.7373046875,998.51,,
207,1523,77,315392,0.012619507,15.435086703300476,-0.014197286928538232,0.12028109282255173,47.97391891479492,0.0001,114.20999698638916,0.2,0.8212084770202637,0.101513671875,380,1549.7373046875,998.51,,
209,1528,78,319488,0.012092112,15.442376279830933,-0.01443205905961804,0.12025708705186844,41.40333938598633,0.0001,99.98817558288575,0.2,0.8086233139038086,0.108251953125,385,1552.51708984375,997.62,,
212,1520,79,323584,0.010076287,15.441976690292359,-0.012385240523144603,0.12028222531080246,92.10675048828125,0.0001,243.9167610168457,0.2,0.6757544279098511,0.0857421875,390,1589.5006103515625,997.62,,
214,1526,80,327680,0.011236461,15.442059469223022,-0.011092976701911538,0.12026959657669067,39.19291305541992,0.0001,94.42943801879883,0.2,0.8923116326332092,0.08466796875,395,1571.27587890625,997.62,,
216,1532,81,331776,0.011699068,15.451799154281616,-0.013277046027360484,0.12020818889141083,42.254032135009766,0.0001,100.0347972869873,0.2,0.8788149356842041,0.0908203125,400,1571.27587890625,997.62,,
218,1537,82,335872,0.011066767,15.460981392860413,-0.011523040023166686,0.12019571661949158,40.580413818359375,0.0001,95.5402229309082,0.2,0.889194905757904,0.093994140625,405,1577.151123046875,997.62,,
222,1527,83,339968,0.013541276,15.46657485961914,-0.014221979374997317,0.12011376023292542,43.846500396728516,0.0001,87.46011734008789,0.2,0.9003052711486816,0.12275390625,410,1562.63623046875,997.62,,
224,1532,84,344064,0.011269312,15.47394664287567,-0.010924136778339744,0.12005124241113663,54.24459457397461,0.0001,121.75146026611328,0.2,0.8530242443084717,0.082373046875,415,1554.926513671875,997.62,,
226,1538,85,348160,0.010431174,15.476723885536193,-0.012078512911102735,0.12007948011159897,55.320045471191406,0.0001,137.59480571746826,0.2,0.8623988628387451,0.089404296875,420,1554.926513671875,997.62,,
229,1534,86,352256,0.009908249,15.474023795127868,-0.012805981317069382,0.12009364366531372,42.76020812988281,0.0001,112.49877738952637,0.2,0.8850293755531311,0.08408203125,425,1579.287841796875,997.62,,
231,1537,87,356352,0.01039267,15.474584054946899,-0.011031104536959902,0.12009289115667343,43.100318908691406,0.0001,119.65535926818848,0.2,0.8983436822891235,0.055322265625,430,1579.287841796875,997.62,,
233,1542,88,360448,0.009221695,15.475601267814636,-0.00932249667821452,0.12007816135883331,46.03699493408203,0.0001,113.48625965118408,0.2,0.8102614879608154,0.063720703125,435,1568.2802734375,997.62,,
235,1547,89,364544,0.012010774,15.479289221763612,-0.01155105490470305,0.12011335790157318,35.29206466674805,0.0001,83.46703033447265,0.2,0.8668038249015808,0.084375,440,1568.2802734375,997.62,,
238,1543,90,368640,0.013178774,15.481292486190796,-0.011223707586759701,0.12012166529893875,25.249658584594727,0.0001,61.05276355743408,0.2,0.8925021290779114,0.08642578125,445,1636.900634765625,997.54,,
240,1547,91,372736,0.012927471,15.486022877693177,-0.013872377391089685,0.12008606642484665,49.09381866455078,0.0001,187.50243434906005,0.2,0.7511523962020874,0.135986328125,450,1636.900634765625,997.54,,
242,1552,92,376832,0.00990149,15.488503026962281,-0.008267457236070187,0.12009861320257187,40.59404754638672,0.0001,100.95142440795898,0.2,0.8387261033058167,0.06181640625,455,1643.5540771484375,997.54,,
244,1557,93,380928,0.013337607,15.485834574699402,-0.016358215996297075,0.12017787247896194,44.40375900268555,0.0001,95.86059303283692,0.2,0.9016033411026001,0.117138671875,460,1643.5540771484375,997.54,,
249,1545,94,385024,0.012391475,15.479199719429015,-0.014052182785235345,0.12016075849533081,32.62023162841797,0.0001,77.39847822189331,0.2,0.9327092170715332,0.11279296875,465,1653.080322265625,997.54,,
250,1550,95,389120,0.013820263,15.479938769340515,-0.014397043245844543,0.12017069011926651,35.65705108642578,0.0001,84.01102066040039,0.2,0.922687828540802,0.118701171875,470,1653.080322265625,997.54,,
252,1554,96,393216,0.009974443,15.478445291519165,-0.009827010554727168,0.12016136944293976,77.08518981933594,0.0001,187.57127799987794,0.2,0.8621948957443237,0.06435546875,475,1658.67919921875,997.54,,
254,1559,97,397312,0.010967383,15.480326414108276,-0.012334592634579167,0.12011205404996872,51.15433120727539,0.0001,126.51217708587646,0.2,0.8881102204322815,0.07861328125,480,1658.67919921875,997.54,,
258,1553,98,401408,0.010989444,15.488258624076844,-0.012495905486866831,0.12005587667226791,39.34905242919922,0.0001,95.57514572143555,0.2,0.9168307185173035,0.1005859375,485,1647.561279296875,999.03,,
260,1558,99,405504,0.014506233,15.501978158950806,-0.015325234679039568,0.12002119421958923,37.97347640991211,0.0001,94.09765357971192,0.2,0.9191370010375977,0.11416015625,490,1647.561279296875,999.03,,
262,1562,100,409600,0.011042105,15.510506391525269,-0.012935102300252766,0.11996865272521973,26.786476135253906,0.0001,71.19543209075928,0.2,0.8972059488296509,0.09306640625,495,1640.9312744140625,999.03,,
263,1567,101,413696,0.011448495,15.515616321563721,-0.015344552719034255,0.11994194984436035,42.127647399902344,0.0001,98.7929880142212,0.2,0.892290472984314,0.107177734375,500,1640.9312744140625,999.03,,
268,1557,102,417792,0.010302996,15.515321493148804,-0.011520168394781649,0.11989650130271912,32.642860412597656,0.0001,92.9339756011963,0.2,0.902332603931427,0.07216796875,505,1692.61376953125,999.92,,
270,1560,103,421888,0.011039393,15.52300534248352,-0.013422221271321177,0.11983615159988403,48.23480987548828,0.0001,111.7761796951294,0.2,0.8758430480957031,0.104931640625,510,1671.9111328125,999.92,,
272,1565,104,425984,0.008819444,15.529538321495057,-0.010110387136228383,0.11980690807104111,61.252685546875,0.0001,160.69082374572753,0.2,0.7692554593086243,0.052880859375,515,1671.9111328125,999.92,,
273,1570,105,430080,0.009977791,15.52883996963501,-0.012252778990659862,0.11981494724750519,51.459510803222656,0.0001,131.29572582244873,0.2,0.7845669388771057,0.086767578125,520,1671.9111328125,999.92,,
277,1563,106,434176,0.011212526,15.532448768615723,-0.012886318285018206,0.11974289268255234,36.04600143432617,0.0001,96.19841156005859,0.2,0.8631176948547363,0.107861328125,525,1675.2978515625,999.92,,
279,1567,107,438272,0.013700663,15.546023893356324,-0.015094178507570177,0.11972638219594955,34.20949935913086,0.0001,74.04308652877808,0.2,0.918535053730011,0.14306640625,530,1682.5113525390625,999.92,,
281,1571,108,442368,0.012299988,15.551741027832032,-0.013361055532004684,0.11973828822374344,41.63164138793945,0.0001,94.93227272033691,0.2,0.8972761631011963,0.1154296875,535,1682.5113525390625,999.92,,
283,1575,109,446464,0.012029468,15.555326461791992,-0.013446531232330017,0.11976166814565659,41.9450798034668,0.0001,115.65298500061036,0.2,0.8902196288108826,0.1064453125,540,1686.30615234375,999.92,,
287,1569,110,450560,0.012746004,15.556382250785827,-0.013511790032498538,0.11983402073383331,42.7687873840332,0.0001,93.23303127288818,0.2,0.9257425665855408,0.10771484375,545,1715.055908203125,999.92,,
288,1573,111,454656,0.012587292,15.556405544281006,-0.011406281148083508,0.11985045671463013,53.37179946899414,0.0001,134.64839000701903,0.2,0.8568212985992432,0.08486328125,550,1705.858154296875,999.92,,
290,1577,112,458752,0.011921511,15.561124014854432,-0.011697755183558912,0.11981483548879623,72.1679458618164,0.0001,145.28008460998535,0.2,0.8102381825447083,0.08681640625,555,1705.858154296875,999.92,,
292,1580,113,462848,0.01256077,15.565122652053834,-0.013009093102300539,0.11984816193580627,45.845645904541016,0.0001,105.71104354858399,0.2,0.8841331005096436,0.09765625,560,1691.2862548828125,999.92,,
296,1574,114,466944,0.013779376,15.56178376674652,-0.016145232965936885,0.11985087394714355,38.304527282714844,0.0001,89.02248973846436,0.2,0.8991683721542358,0.142333984375,565,1671.8426513671875,1000.0,,
298,1577,115,471040,0.013688334,15.57117302417755,-0.014517109385633376,0.11980947852134705,39.184993743896484,0.0001,92.21622352600097,0.2,0.8903591632843018,0.1201171875,570,1656.547607421875,1000.0,,
300,1582,116,475136,0.009918735,15.582521891593933,-0.010191326047061012,0.11980652809143066,41.6387825012207,0.0001,94.9050989151001,0.2,0.8781635165214539,0.0658203125,575,1656.547607421875,1000.0,,
302,1585,117,479232,0.009626815,15.585654187202454,-0.010045839787926525,0.1198020949959755,25.8359375,0.0001,62.83543825149536,0.2,0.9248138666152954,0.07294921875,580,1641.2315673828125,1000.0,,
306,1579,118,483328,0.008504307,15.58816592693329,-0.00831369703519158,0.11978123337030411,34.20509338378906,0.0001,89.31436176300049,0.2,0.8994286060333252,0.06572265625,585,1636.4898681640625,1000.0,,
307,1582,119,487424,0.010431852,15.590111207962035,-0.010002868916490115,0.11976657062768936,56.0123291015625,0.0001,133.1457088470459,0.2,0.8493340015411377,0.064208984375,590,1624.279052734375,1000.0,,
309,1586,120,491520,0.013574932,15.591634488105774,-0.012785049021476879,0.11976856738328934,42.74631881713867,0.0001,110.73967113494874,0.2,0.8839330673217773,0.099462890625,595,1624.279052734375,1000.0,,
311,1589,121,495616,0.009985533,15.592736434936523,-0.009810558984463568,0.11975130438804626,41.494773864746094,0.0001,103.56654586791993,0.2,0.8894434571266174,0.05615234375,600,1618.850830078125,1000.0,,
315,1585,122,499712,0.010895323,15.595515012741089,-0.010238614247646183,0.11974052339792252,55.12652587890625,0.0001,118.66886386871337,0.2,0.8886496424674988,0.07138671875,605,1651.31494140625,1000.0,,
338,1489,123,503808,0.011169406,15.599656414985656,-0.011027968890266493,0.11972124874591827,33.8863410949707,0.0001,91.17691154479981,0.2,0.9057005643844604,0.085595703125,610,1630.45654296875,1000.0,2.5336153218686968,250000
340,1493,124,507904,0.010263465,15.608804416656493,-0.009617487026844174,0.11969413608312607,53.929752349853516,0.0001,132.26672954559325,0.2,0.8893160223960876,0.07900390625,615,1630.45654296875,1000.0,,
343,1489,125,512000,0.013803999,15.612514162063599,-0.015922931546811014,0.1196584701538086,51.018123626708984,0.0001,121.14816093444824,0.2,0.8906145095825195,0.109521484375,620,1575.7454833984375,1000.0,,
345,1491,126,516096,0.014448997,15.614770078659058,-0.01716131845023483,0.11963806301355362,43.943580627441406,0.0001,99.84104194641114,0.2,0.908277690410614,0.147119140625,625,1575.7454833984375,1000.0,,
347,1495,127,520192,0.010545135,15.619038629531861,-0.011320710193831473,0.11964236944913864,38.72744369506836,0.0001,96.90712490081788,0.2,0.8961759805679321,0.0888671875,630,1558.33251953125,1000.0,,
349,1499,128,524288,0.01009923,15.618769335746766,-0.009186287899501622,0.11965204775333405,41.65705108642578,0.0001,85.92960662841797,0.2,0.9069938063621521,0.068408203125,635,1558.33251953125,1000.0,,
353,1495,129,528384,0.013516245,15.621319651603699,-0.013179443456465378,0.11958333104848862,43.02446365356445,0.0001,108.10299949645996,0.2,0.90321946144104,0.102294921875,640,1566.2752685546875,999.5,,
355,1498,130,532480,0.010504195,15.62797646522522,-0.010782075638417155,0.11953587085008621,67.03929901123047,0.0001,193.08017559051513,0.2,0.8563150763511658,0.065771484375,645,1566.2752685546875,999.5,,
357,1501,131,536576,0.011845596,15.629091572761535,-0.013492934082751162,0.1195099726319313,45.84378433227539,0.0001,116.87545738220214,0.2,0.8771191239356995,0.107763671875,650,1561.4317626953125,999.5,,
359,1505,132,540672,0.014711342,15.63183102607727,-0.013534112204797565,0.11954701691865921,30.5747013092041,0.0001,80.23885145187378,0.2,0.9194145798683167,0.132666015625,655,1561.4317626953125,999.5,,
363,1498,133,544768,0.011458813,15.631405019760132,-0.011945418594405056,0.11953676491975784,22.1086368560791,0.0001,61.729560470581056,0.2,0.9440513849258423,0.09814453125,660,1611.694580078125,999.5,,
365,1500,134,548864,0.015562881,15.635743308067322,-0.014124281390104442,0.11949475109577179,19.767475128173828,0.0001,46.09330892562866,0.2,0.9621350169181824,0.12685546875,665,1611.694580078125,999.5,,
368,1501,135,552960,0.008801116,15.645742797851563,-0.007409845798974857,0.11944813281297684,58.96372985839844,0.0001,152.57147464752197,0.2,0.8513330221176147,0.0763671875,670,1598.8692626953125,999.5,,
370,1502,136,557056,0.016673947,15.65088095664978,-0.013981534936465322,0.11937004327774048,45.212501525878906,0.0001,103.33046741485596,0.2,0.8972660303115845,0.155517578125,675,1598.8692626953125,999.5,,
374,1497,137,561152,0.0130815115,15.65611093044281,-0.013946760987164453,0.11944947391748428,32.42603302001953,0.0001,73.68989124298096,0.2,0.929901659488678,0.143603515625,680,1594.66845703125,996.51,,
376,1500,138,565248,0.011515886,15.647596263885498,-0.011442344961687922,0.1195252314209938,124.0926284790039,0.0001,203.1518497467041,0.2,0.8165477514266968,0.098046875,685,1594.66845703125,996.51,,
378,1504,139,569344,0.008199036,15.6409761428833,-0.00908145097491797,0.11954054981470108,107.75772094726562,0.0001,269.85105018615724,0.2,0.7045890092849731,0.04521484375,690,1594.66845703125,996.51,,
380,1507,140,573440,0.009145496,15.642108130455018,-0.01218955012736842,0.11953233182430267,115.71372985839844,0.0001,276.4590877532959,0.2,0.7135014533996582,0.05380859375,695,1594.66845703125,996.51,,
384,1501,141,577536,0.008957825,15.645585441589356,-0.010795939154922963,0.11953465640544891,108.57530212402344,0.0001,236.95484428405763,0.2,0.7793740034103394,0.059912109375,700,1565.669189453125,996.51,,
386,1504,142,581632,0.011109026,15.646575260162354,-0.01249009802704677,0.11952263116836548,95.75674438476562,0.0001,208.6659107208252,0.2,0.8294835686683655,0.081103515625,705,1565.669189453125,996.51,,
388,1508,143,585728,0.0061876182,15.648089909553528,-0.005652271822327748,0.1195266842842102,76.53974151611328,0.0001,184.23065452575685,0.2,0.7604414820671082,0.020654296875,710,1565.669189453125,996.51,,
390,1511,144,589824,0.009221368,15.649337530136108,-0.008738755306694657,0.1195109635591507,71.29041290283203,0.0001,165.44031715393066,0.2,0.8357722759246826,0.042626953125,715,1549.4876708984375,996.51,,
394,1507,145,593920,0.01037924,15.65260546207428,-0.009507636108901351,0.11943823099136353,56.99287796020508,0.0001,144.42010822296143,0.2,0.8695793747901917,0.061767578125,720,1504.3983154296875,996.51,,
395,1510,146,598016,0.014107437,15.658443522453307,-0.016009719745488836,0.11940713971853256,51.468482971191406,0.0001,109.3928876876831,0.2,0.9180368781089783,0.1361328125,725,1504.3983154296875,996.51,,
397,1513,147,602112,0.010302143,15.662266540527344,-0.011193025473039598,0.11941097676753998,57.32136917114258,0.0001,122.74093513488769,0.2,0.9140341877937317,0.060546875,730,1504.3983154296875,996.51,,
399,1516,148,606208,0.010452658,15.66369960308075,-0.012692310195416213,0.11938586086034775,51.56087875366211,0.0001,130.30189113616944,0.2,0.9286119341850281,0.081689453125,735,1508.4669189453125,996.51,,
403,1512,149,610304,0.012702654,15.667616415023804,-0.015236309840111062,0.11937285959720612,43.54735565185547,0.0001,109.4146884918213,0.2,0.9420015811920166,0.10009765625,740,1533.2735595703125,996.51,,
405,1515,150,614400,0.010298364,15.670926451683044,-0.013120676181279123,0.1193535327911377,41.61991882324219,0.0001,105.18346271514892,0.2,0.9017524719238281,0.097509765625,745,1533.2735595703125,996.51,,
407,1519,151,618496,0.00804861,15.67304174900055,-0.010007805252098479,0.1193549782037735,53.4769172668457,0.0001,141.44649753570556,0.2,0.7723531126976013,0.051513671875,750,1533.2735595703125,996.51,,
409,1521,152,622592,0.009568745,15.673845076560974,-0.010192351863952353,0.11932820826768875,53.48967361450195,0.0001,135.92637634277344,0.2,0.8324317932128906,0.057958984375,755,1523.3270263671875,996.51,,
413,1513,153,626688,0.009900078,15.676826930046081,-0.008487492566928267,0.11930929869413376,50.1240234375,0.0001,126.33192405700683,0.2,0.8669816255569458,0.0509765625,760,1495.47607421875,997.01,,
415,1516,154,630784,0.011736134,15.681167054176331,-0.012021910247858614,0.11926253139972687,60.459136962890625,0.0001,139.16936492919922,0.2,0.8377192616462708,0.107958984375,765,1495.47607421875,997.01,,
417,1519,155,634880,0.008465619,15.688010668754577,-0.009883826220175251,0.1192745789885521,50.91073226928711,0.0001,133.97631778717042,0.2,0.775236189365387,0.055029296875,770,1495.47607421875,997.01,,
419,1522,156,638976,0.009883297,15.686273884773254,-0.011070722003933043,0.11928588151931763,59.04145431518555,0.0001,147.48118839263915,0.2,0.771080732345581,0.060302734375,775,1490.8148193359375,997.01,,
424,1516,157,643072,0.010718241,15.687988257408142,-0.0137332983314991,0.11925682425498962,49.53420639038086,0.0001,123.24972343444824,0.2,0.8325619101524353,0.0962890625,780,1474.811767578125,997.01,,
425,1519,158,647168,0.011946166,15.68978455066681,-0.011889996309764683,0.11922267824411392,59.41084671020508,0.0001,140.31295166015624,0.2,0.8432086706161499,0.08203125,785,1474.811767578125,997.01,,
427,1522,159,651264,0.0090822,15.6903892993927,-0.008645222941413521,0.11921972036361694,81.57621002197266,0.0001,198.54094161987305,0.2,0.7859362959861755,0.04873046875,790,1474.811767578125,997.01,,
429,1524,160,655360,0.012014093,15.690648746490478,-0.011380373587599024,0.11925611644983292,85.69808197021484,0.0001,204.2109359741211,0.2,0.7967793345451355,0.069677734375,795,1457.4456787109375,997.01,,
433,1521,161,659456,0.010812521,15.692520093917846,-0.011886950046755374,0.11922832578420639,59.56700134277344,0.0001,140.3540491104126,0.2,0.869599461555481,0.0779296875,800,1460.8935546875,997.01,,
435,1524,162,663552,0.011569227,15.695055937767028,-0.012065863783936948,0.11926224082708359,41.659820556640625,0.0001,108.78922176361084,0.2,0.8520450592041016,0.102685546875,805,1460.8935546875,997.01,,
437,1527,163,667648,0.011894874,15.69292848110199,-0.012829990958562121,0.11927562952041626,67.17225646972656,0.0001,155.81426658630372,0.2,0.7824493646621704,0.089453125,810,1460.8935546875,997.01,,
439,1529,164,671744,0.010877455,15.696731758117675,-0.01425652279285714,0.11924896389245987,57.63557815551758,0.0001,138.53681964874266,0.2,0.829043447971344,0.10166015625,815,1456.51318359375,997.01,,
443,1525,165,675840,0.01130105,15.701957178115844,-0.012032465275842697,0.11926652491092682,50.27946090698242,0.0001,130.5599863052368,0.2,0.837297260761261,0.091650390625,820,1495.6383056640625,1000.0,,
444,1528,166,679936,0.012143231,15.704041266441346,-0.012733123206999153,0.11918168514966965,47.837066650390625,0.0001,103.04000663757324,0.2,0.777891993522644,0.123486328125,825,1495.6383056640625,1000.0,,
446,1531,167,684032,0.011694203,15.708914375305175,-0.012375045602675527,0.11912954598665237,45.21279525756836,0.0001,104.64557189941407,0.2,0.7541276216506958,0.110888671875,830,1495.6383056640625,1000.0,,
450,1528,168,688128,0.014074296,15.705290842056275,-0.012891418533399701,0.1190934032201767,45.37394332885742,0.0001,106.42514400482177,0.2,0.777424156665802,0.13193359375,835,1562.7393798828125,1000.0,,
452,1530,169,692224,0.013238505,15.713494968414306,-0.015152496384689584,0.11904505640268326,32.70747756958008,0.0001,74.29026441574096,0.2,0.8481431007385254,0.13671875,840,1576.3983154296875,1000.0,,
454,1533,170,696320,0.0110462345,15.727007508277893,-0.011571694409940391,0.11896029114723206,30.627378463745117,0.0001,79.97502899169922,0.2,0.8477061986923218,0.083544921875,845,1576.3983154296875,1000.0,,
456,1535,171,700416,0.012157485,15.73709237575531,-0.013198477745754644,0.11885686963796616,24.515705108642578,0.0001,63.44681215286255,0.2,0.8942881226539612,0.107666015625,850,1576.3983154296875,1000.0,,
459,1532,172,704512,0.011687316,15.74689199924469,-0.011520853964611888,0.11879994720220566,27.97562599182129,0.0001,67.75840501785278,0.2,0.8932350277900696,0.0962890625,855,1604.2001953125,1000.0,,
461,1534,173,708608,0.012974409,15.755481791496276,-0.013518599770031869,0.11874153465032578,28.51432991027832,0.0001,67.88062810897827,0.2,0.8945072293281555,0.11630859375,860,1587.1910400390625,1000.0,,
463,1537,174,712704,0.010522359,15.761788964271545,-0.00976214447291568,0.11871448159217834,57.71668243408203,0.0001,158.63866729736327,0.2,0.7787765264511108,0.0697265625,865,1587.1910400390625,1000.0,,
465,1540,175,716800,0.009947583,15.764329481124879,-0.00847485187696293,0.11868780851364136,53.127254486083984,0.0001,134.8835590362549,0.2,0.8466527462005615,0.05546875,870,1587.1910400390625,1000.0,,
468,1537,176,720896,0.010426495,15.77296884059906,-0.010588929738150909,0.11865048855543137,65.07714080810547,0.0001,167.3266586303711,0.2,0.8604327440261841,0.06923828125,875,1638.6988525390625,1000.0,,
470,1539,177,724992,0.011790048,15.77801251411438,-0.011242897465126588,0.11863444000482559,38.689945220947266,0.0001,100.23641605377198,0.2,0.9214094281196594,0.08525390625,880,1635.7620849609375,1000.0,,
472,1542,178,729088,0.012093648,15.780869817733764,-0.011463956243824213,0.11860296875238419,41.745304107666016,0.0001,108.08628768920899,0.2,0.8589244484901428,0.08212890625,885,1635.7620849609375,1000.0,,
474,1544,179,733184,0.011592681,15.789670038223267,-0.01110358870937489,0.11854500323534012,30.150156021118164,0.0001,77.29636116027832,0.2,0.9080919027328491,0.10078125,890,1635.7620849609375,1000.0,,
478,1539,180,737280,0.011833965,15.800180649757385,-0.013344936101930216,0.11850172281265259,28.84280776977539,0.0001,81.09117755889892,0.2,0.9127002954483032,0.10908203125,895,1644.7501220703125,1000.0,,
480,1542,181,741376,0.011889222,15.812753582000733,-0.012559230474289506,0.11839461326599121,33.45452117919922,0.0001,79.03115901947021,0.2,0.9188460111618042,0.122119140625,900,1644.7501220703125,1000.0,,
482,1545,182,745472,0.008263925,15.828994512557983,-0.009743860518210568,0.11832835525274277,64.9438247680664,0.0001,160.79543533325196,0.2,0.8191835284233093,0.06845703125,905,1644.7501220703125,1000.0,,
484,1547,183,749568,0.011163618,15.835552048683166,-0.012463217374170199,0.11830586194992065,65.30226135253906,0.0001,147.7736608505249,0.2,0.814037024974823,0.093701171875,910,1644.7501220703125,1000.0,,
509,1479,184,753664,0.011462819,15.84225528240204,-0.011760708680958487,0.11826874315738678,41.20008850097656,0.0001,112.0758674621582,0.2,0.8736354112625122,0.07666015625,915,1633.1053466796875,1000.0,2.58821440847967,250000
511,1482,185,757760,0.012244767,15.848994183540345,-0.01185446689487435,0.11828290671110153,44.9161491394043,0.0001,101.6563009262085,0.2,0.9132898449897766,0.0998046875,920,1633.1053466796875,1000.0,,
513,1484,186,761856,0.010608393,15.847731566429138,-0.01167575177969411,0.11829134076833725,62.50334930419922,0.0001,141.19448852539062,0.2,0.8190205097198486,0.094140625,925,1633.1053466796875,1000.0,,
515,1487,187,765952,0.0139722135,15.8468022108078,-0.012438587553333491,0.11832471936941147,48.204524993896484,0.0001,98.0591651916504,0.2,0.8797039985656738,0.1216796875,930,1631.0411376953125,1000.0,,
518,1484,188,770048,0.012980245,15.847215390205383,-0.012726899096742272,0.11828595399856567,35.666900634765625,0.0001,82.89973316192626,0.2,0.9046628475189209,0.13798828125,935,1663.028076171875,1000.0,,
520,1486,189,774144,0.014124092,15.852733778953553,-0.015034535119775682,0.11822982877492905,40.331214904785156,0.0001,82.70645122528076,0.2,0.9192100167274475,0.165771484375,940,1663.028076171875,1000.0,,
522,1489,190,778240,0.011949088,15.854800462722778,-0.0122671022079885,0.11820775270462036,33.13680648803711,0.0001,88.49360074996949,0.2,0.9099938869476318,0.106201171875,945,1663.028076171875,1000.0,,
524,1491,191,782336,0.012622703,15.85519049167633,-0.012721990048885346,0.11820954829454422,25.35214614868164,0.0001,67.82950973510742,0.2,0.9367807507514954,0.105908203125,950,1659.221435546875,1000.0,,
528,1487,192,786432,0.01299681,15.856511211395263,-0.012515859445556998,0.11819480359554291,19.298908233642578,0.0001,55.53877325057984,0.2,0.9549768567085266,0.110693359375,955,1694.9886474609375,1000.0,,
530,1490,193,790528,0.013760947,15.865346097946167,-0.014666714810300619,0.11816589534282684,28.02570343017578,0.0001,64.0914695739746,0.2,0.9550772905349731,0.148095703125,960,1694.9886474609375,1000.0,,
532,1492,194,794624,0.013711922,15.875830912590027,-0.0127281186520122,0.11806859821081161,14.110363960266113,0.0001,37.64302167892456,0.2,0.9737921953201294,0.125390625,965,1694.9886474609375,1000.0,,
534,1495,195,798720,0.013829121,15.892655682563781,-0.011943222640547901,0.117946095764637,15.37285327911377,0.0001,38.300408411026,0.2,0.9752522110939026,0.143994140625,970,1700.5732421875,1000.0,,
537,1492,196,802816,0.0134874545,15.907974743843079,-0.014259030029643327,0.11784365028142929,27.628070831298828,0.0001,59.50170812606812,0.2,0.9587870240211487,0.137255859375,975,1696.825439453125,998.67,,
539,1494,197,806912,0.010363205,15.917766332626343,-0.010502665501553566,0.1178143247961998,83.07835388183594,0.0001,174.5732105255127,0.2,0.8678816556930542,0.074560546875,980,1696.825439453125,998.67,,
541,1496,198,811008,0.009761132,15.92062475681305,-0.011767089064233006,0.11783939599990845,60.85267639160156,0.0001,156.0879228591919,0.2,0.8775855302810669,0.07275390625,985,1696.825439453125,998.67,,
544,1497,199,815104,0.010273222,15.921703600883484,-0.013874373264843597,0.1178346574306488,66.66914367675781,0.0001,142.56365242004395,0.2,0.8867870569229126,0.106494140625,990,1678.6719970703125,997.01,,
548,1492,200,819200,0.009600744,15.925521039962769,-0.010836991318501531,0.11783894896507263,149.0758819580078,0.0001,251.7027561187744,0.2,0.8128209114074707,0.061279296875,995,1664.844482421875,997.01,,
551,1494,201,823296,0.010560873,15.927085709571838,-0.011069986142683775,0.11780309677124023,71.35297393798828,0.0001,150.8003740310669,0.2,0.9248632192611694,0.06787109375,1000,1664.844482421875,997.01,,
552,1496,202,827392,0.007818383,15.930518341064452,-0.009275691129732876,0.11779426038265228,85.6341323852539,0.0001,205.8055347442627,0.2,0.9027627110481262,0.043603515625,1005,1664.844482421875,997.01,,
555,1497,203,831488,0.009045785,15.930471849441528,-0.009206240368075668,0.1177835687994957,71.8059310913086,0.0001,174.45979557037353,0.2,0.8927545547485352,0.05888671875,1010,1656.9429931640625,997.01,,
559,1494,204,835584,0.011366322,15.93245301246643,-0.010502903710585088,0.1177847757935524,54.92344284057617,0.0001,144.6805688858032,0.2,0.915316641330719,0.06875,1015,1640.94970703125,997.01,,
560,1496,205,839680,0.010251938,15.932520890235901,-0.011331686261110007,0.11777553707361221,44.45742416381836,0.0001,105.73801651000977,0.2,0.8981234431266785,0.071826171875,1020,1640.94970703125,997.01,,
562,1499,206,843776,0.011345185,15.934829807281494,-0.012570973904803395,0.11777158826589584,35.13992691040039,0.0001,89.62460670471191,0.2,0.9120349287986755,0.094140625,1025,1640.94970703125,997.01,,
565,1500,207,847872,0.011481771,15.93744797706604,-0.011636911387904547,0.11771716922521591,31.22385025024414,0.0001,71.68219480514526,0.2,0.9416587352752686,0.090771484375,1030,1628.1173095703125,997.01,,
568,1498,208,851968,0.011750018,15.947839546203614,-0.01303963153040968,0.1176624670624733,37.23554229736328,0.0001,96.3859239578247,0.2,0.9271552562713623,0.102783203125,1035,1686.6722412109375,997.01,,
570,1500,209,856064,0.009776018,15.956452822685241,-0.010983722063247114,0.11763659119606018,50.88423156738281,0.0001,125.84897670745849,0.2,0.7140792608261108,0.077880859375,1040,1686.6722412109375,997.01,,
572,1502,210,860160,0.012442144,15.960722994804382,-0.01144443298690021,0.11758404225111008,47.39778518676758,0.0001,118.7240140914917,0.2,0.764672040939331,0.088671875,1045,1686.6722412109375,997.01,,
575,1500,211,864256,0.011625517,15.967729568481445,-0.011432807694654911,0.11754143983125687,53.252559661865234,0.0001,117.55294303894043,0.2,0.7659635543823242,0.104345703125,1050,1691.9100341796875,997.01,,
578,1502,212,868352,0.010307916,15.972153067588806,-0.010546516388421879,0.11750665307044983,25.711557388305664,0.0001,69.4587631225586,0.2,0.91305011510849,0.075927734375,1055,1691.9100341796875,997.01,,
579,1504,213,872448,0.013949858,15.976721811294556,-0.014786003937479109,0.11750079691410065,54.1446533203125,0.0001,138.69346141815186,0.2,0.7430176734924316,0.122265625,1060,1691.9100341796875,997.01,,
581,1506,214,876544,0.013141274,15.980099701881409,-0.01615271323826164,0.11748567223548889,53.74718475341797,0.0001,138.203910446167,0.2,0.7485902309417725,0.12587890625,1065,1679.5550537109375,997.01,,
585,1503,215,880640,0.0137653025,15.980560040473938,-0.015230344759766012,0.11752372980117798,66.76006317138672,0.0001,143.3528980255127,0.2,0.7689038515090942,0.1349609375,1070,1694.204345703125,997.01,,
587,1504,216,884736,0.014168959,15.983085560798646,-0.01476836287183687,0.11746573448181152,51.85106658935547,0.0001,130.1648063659668,0.2,0.8554139733314514,0.141552734375,1075,1694.204345703125,997.01,,
589,1507,217,888832,0.009376328,15.990824055671691,-0.010267181775998325,0.11746780574321747,49.173797607421875,0.0001,127.62704353332519,0.2,0.8896933197975159,0.068359375,1080,1694.204345703125,997.01,,
591,1508,218,892928,0.009084161,15.991457176208495,-0.01173370674951002,0.11745791882276535,38.54887008666992,0.0001,98.39778003692626,0.2,0.9123756885528564,0.09091796875,1085,1677.9744873046875,997.01,,
595,1506,219,897024,0.011735048,15.99637804031372,-0.014810160803608596,0.11739109456539154,36.23971939086914,0.0001,93.6843147277832,0.2,0.9259580969810486,0.104052734375,1090,1675.05859375,998.34,,
597,1508,220,901120,0.0127642695,16.003166437149048,-0.013306467334041372,0.11737599223852158,32.33138656616211,0.0001,73.87777404785156,0.2,0.9397572875022888,0.130078125,1095,1675.05859375,998.34,,
599,1511,221,905216,0.00885362,16.00578932762146,-0.008943021757295356,0.1173805445432663,74.08503723144531,0.0001,175.36911392211914,0.2,0.8086753487586975,0.0541015625,1100,1675.05859375,998.34,,
601,1512,222,909312,0.011270815,16.008515071868896,-0.011673471436370163,0.11736825853586197,57.460269927978516,0.0001,140.37743587493895,0.2,0.8654704689979553,0.076123046875,1105,1669.6015625,998.34,,
605,1509,223,913408,0.01289851,16.01464958190918,-0.01231804272683803,0.11734725534915924,51.26655578613281,0.0001,112.84566345214844,0.2,0.900701105594635,0.10361328125,1110,1699.7071533203125,1000.0,,
607,1511,224,917504,0.01180236,16.017308521270753,-0.013542504789074882,0.11731777340173721,51.523193359375,0.0001,129.31176795959473,0.2,0.8658835291862488,0.106591796875,1115,1699.7071533203125,1000.0,,
608,1513,225,921600,0.013814088,16.023860025405884,-0.012559257727116347,0.1172591894865036,42.72834396362305,0.0001,107.94433784484863,0.2,0.8096279501914978,0.10205078125,1120,1699.7071533203125,1000.0,,
611,1515,226,925696,0.012268947,16.026319456100463,-0.011931821750476957,0.11733077466487885,38.70127868652344,0.0001,87.92182140350342,0.2,0.8742908835411072,0.122998046875,1125,1678.3192138671875,1000.0,,
614,1512,227,929792,0.014140506,16.020678997039795,-0.01387469918699935,0.11732695251703262,27.969816207885742,0.0001,71.9632080078125,0.2,0.9199414849281311,0.1255859375,1130,1708.8316650390625,1000.0,,
616,1514,228,933888,0.012423422,16.02560148239136,-0.012612530193291605,0.11726456880569458,29.514986038208008,0.0001,74.88523855209351,0.2,0.9357996582984924,0.11259765625,1135,1708.8316650390625,1000.0,,
618,1516,229,937984,0.00876042,16.032494497299194,-0.009795285132713615,0.11724378913640976,49.37476348876953,0.0001,136.78233013153076,0.2,0.8277063369750977,0.073876953125,1140,1708.8316650390625,1000.0,,
620,1518,230,942080,0.01416602,16.03149871826172,-0.013755712588317693,0.1172521710395813,30.685964584350586,0.0001,77.40229091644287,0.2,0.9040139317512512,0.129638671875,1145,1693.48388671875,1000.0,,
624,1515,231,946176,0.014140511,16.033633327484132,-0.012361540895653889,0.11723793298006058,35.15542984008789,0.0001,85.0789831161499,0.2,0.9146438837051392,0.11396484375,1150,1734.358154296875,1000.0,,
626,1517,232,950272,0.013231645,16.037961864471434,-0.013880122694536113,0.11715324223041534,42.78660583496094,0.0001,96.97959613800049,0.2,0.902477502822876,0.129052734375,1155,1734.358154296875,1000.0,,
627,1519,233,954368,0.009636808,16.046375942230224,-0.011472554167266936,0.11711888760328293,40.196144104003906,0.0001,111.18990631103516,0.2,0.8635953664779663,0.074951171875,1160,1734.358154296875,1000.0,,
630,1521,234,958464,0.012993266,16.05284938812256,-0.015572322584921494,0.11709647625684738,39.558921813964844,0.0001,101.04680347442627,0.2,0.8913908004760742,0.101611328125,1165,1703.7816162109375,1000.0,,
633,1519,235,962560,0.012140903,16.05820426940918,-0.0139269512379542,0.11708805710077286,29.938060760498047,0.0001,74.83702154159546,0.2,0.9259211421012878,0.10322265625,1170,1708.1895751953125,1000.0,,
635,1521,236,966656,0.014000334,16.060520696640015,-0.014110469131264836,0.11706285923719406,34.596256256103516,0.0001,88.70724143981934,0.2,0.9151885509490967,0.13701171875,1175,1708.1895751953125,1000.0,,
637,1523,237,970752,0.012096162,16.062664175033568,-0.011909732478670776,0.11700448393821716,51.59370422363281,0.0001,118.24744491577148,0.2,0.8946424722671509,0.0958984375,1180,1708.1895751953125,1000.0,,
640,1522,238,974848,0.010522645,16.067496824264527,-0.011891927651595325,0.11698468029499054,54.222782135009766,0.0001,130.199444770813,0.2,0.8931018710136414,0.08232421875,1185,1682.0880126953125,1000.0,,
644,1520,239,978944,0.015403597,16.074447011947633,-0.016189936455339192,0.11695630848407745,48.07487869262695,0.0001,119.70772895812988,0.2,0.9101303815841675,0.153564453125,1190,1694.354736328125,1000.0,,
645,1522,240,983040,0.01145749,16.080814266204833,-0.012003544485196471,0.11693708598613739,48.53038024902344,0.0001,118.41614627838135,0.2,0.8614214658737183,0.077392578125,1195,1694.354736328125,1000.0,,
647,1524,241,987136,0.00860047,16.0863995552063,-0.009585311647970229,0.11691775172948837,45.121124267578125,0.0001,125.03223056793213,0.2,0.8519971370697021,0.049951171875,1200,1694.354736328125,1000.0,,
649,1525,242,991232,0.010160976,16.089089345932006,-0.010389827494509517,0.1168946623802185,42.95429992675781,0.0001,109.74398059844971,0.2,0.8745232224464417,0.06259765625,1205,1671.7506103515625,1000.0,,
653,1523,243,995328,0.011528121,16.092381143569945,-0.012649887322913856,0.11687158048152924,46.55194091796875,0.0001,121.98942375183105,0.2,0.8935162425041199,0.06953125,1210,1694.0550537109375,1000.0,,
655,1525,244,999424,0.009892035,16.095020389556886,-0.01122091819997877,0.11686854809522629,68.04505920410156,0.0001,157.03802013397217,0.2,0.8785166144371033,0.0677734375,1215,1694.0550537109375,1000.0,,
678,1479,245,1003520,0.007840425,16.095478820800782,-0.010134551650844514,0.11687614768743515,88.34211730957031,0.0001,224.73365287780763,0.2,0.8086473941802979,0.050732421875,1220,1694.0550537109375,1000.0,2.569763969383318,250000
680,1480,246,1007616,0.009698656,16.098541831970216,-0.01274470945354551,0.11685220897197723,69.2584228515625,0.0001,186.76341094970704,0.2,0.844291090965271,0.083251953125,1225,1667.1676025390625,1000.0,,
684,1478,247,1011712,0.012169888,16.10487279891968,-0.013517044542822987,0.11683352291584015,52.84282302856445,0.0001,132.60568447113036,0.2,0.8882022500038147,0.09814453125,1230,1692.01806640625,1000.0,,
686,1479,248,1015808,0.012064366,16.107593297958374,-0.013297890964895486,0.11683759093284607,54.84950637817383,0.0001,131.271480178833,0.2,0.7470722198486328,0.09609375,1235,1692.01806640625,1000.0,,
688,1481,249,1019904,0.009569784,16.110186052322387,-0.008523091318784282,0.11682472378015518,37.53900909423828,0.0001,100.7586935043335,0.2,0.6810262203216553,0.056005859375,1240,1692.01806640625,1000.0,,
691,1480,250,1024000,0.0131581705,16.109121990203857,-0.010370047762989998,0.11689984053373337,33.497398376464844,0.0001,82.10903358459473,0.2,0.7618803977966309,0.114794921875,1245,1636.615478515625,1000.0,,
694,1481,251,1028096,0.0132104475,16.105547857284545,-0.013916038547176868,0.11682328581809998,37.447364807128906,0.0001,80.95687141418458,0.2,0.8035937547683716,0.133935546875,1250,1636.615478515625,1000.0,,
696,1482,252,1032192,0.014235729,16.11267294883728,-0.015796834364300592,0.1168312057852745,58.10932159423828,0.0001,121.52309226989746,0.2,0.8154900670051575,0.14892578125,1255,1636.615478515625,1000.0,,
698,1484,253,1036288,0.009424264,16.11180934906006,-0.009537398209795355,0.116810142993927,49.247901916503906,0.0001,115.40560169219971,0.2,0.8433220386505127,0.07470703125,1260,1636.58642578125,999.3,,
701,1482,254,1040384,0.0116579095,16.119019556045533,-0.011078900244319812,0.11675282567739487,81.886962890625,0.0001,170.35103454589844,0.2,0.8542221784591675,0.070166015625,1265,1664.4078369140625,999.3,,
703,1484,255,1044480,0.015903037,16.126576614379882,-0.014811559033114463,0.11670428514480591,30.007070541381836,0.0001,73.8567777633667,0.2,0.9403921961784363,0.127587890625,1270,1664.4078369140625,999.3,,
705,1485,256,1048576,0.0101529565,16.13158836364746,-0.009996652591507883,0.11667472124099731,51.000938415527344,0.0001,119.31926708221435,0.2,0.8607276678085327,0.088671875,1275,1664.4078369140625,999.3,,
708,1485,257,1052672,0.00837084,16.13590168952942,-0.009926533664111049,0.11670228093862534,48.966346740722656,0.0001,127.02867736816407,0.2,0.8729549646377563,0.062548828125,1280,1651.1817626953125,999.3,,
713,1481,258,1056768,0.01259573,16.13583860397339,-0.01286287383409217,0.11671348661184311,65.27457427978516,0.0001,148.16898193359376,0.2,0.8650124073028564,0.097314453125,1285,1628.8673095703125,999.3,,
715,1482,259,1060864,0.012391981,16.13857455253601,-0.014315002667717635,0.11666842550039291,76.9636459350586,0.0001,191.12084312438964,0.2,0.8238402605056763,0.1044921875,1290,1628.8673095703125,999.3,,
717,1484,260,1064960,0.009295518,16.14310817718506,-0.01060801767744124,0.11667555570602417,103.05909729003906,0.0001,238.318270111084,0.2,0.8023587465286255,0.056396484375,1295,1628.8673095703125,999.3,,
719,1485,261,1069056,0.009428623,16.145965576171875,-0.011215085681760684,0.1166386604309082,84.32064056396484,0.0001,229.1978401184082,0.2,0.8101809024810791,0.0607421875,1300,1596.1143798828125,999.3,,
724,1482,262,1073152,0.010924303,16.152366971969606,-0.012425177832483314,0.1165982186794281,69.28373718261719,0.0001,157.57450256347656,0.2,0.8783250451087952,0.0783203125,1305,1640.93896484375,999.3,,
725,1483,263,1077248,0.012674669,16.157648944854735,-0.014149304572492838,0.11653915047645569,45.593711853027344,0.0001,103.53410110473632,0.2,0.9156613945960999,0.12412109375,1310,1640.93896484375,999.3,,
727,1485,264,1081344,0.010722294,16.163897800445557,-0.00943276429316029,0.11654628068208694,83.84597778320312,0.0001,194.59852981567383,0.2,0.831970751285553,0.06953125,1315,1640.93896484375,999.3,,
729,1487,265,1085440,0.008598921,16.162309885025024,-0.009505844651721418,0.11657526344060898,79.14511108398438,0.0001,186.22945823669434,0.2,0.8387481570243835,0.058935546875,1320,1632.6962890625,999.3,,
733,1485,266,1089536,0.011115696,16.15931181907654,-0.011034649671637453,0.1165941134095192,71.01936340332031,0.0001,169.38668251037598,0.2,0.8611317873001099,0.07548828125,1325,1654.4542236328125,999.3,,
735,1487,267,1093632,0.013228385,16.161354207992552,-0.013543450558790937,0.11657210439443588,55.175540924072266,0.0001,128.22228679656982,0.2,0.9011199474334717,0.123486328125,1330,1654.4542236328125,999.3,,
737,1488,268,1097728,0.013824131,16.16637592315674,-0.014516324776923283,0.11657461524009705,46.69477081298828,0.0001,119.94123497009278,0.2,0.9037520289421082,0.143505859375,1335,1654.4542236328125,999.3,,
739,1490,269,1101824,0.015185922,16.171751689910888,-0.014014005637727677,0.11653472483158112,40.19146728515625,0.0001,105.80854015350342,0.2,0.9179993867874146,0.133740234375,1340,1658.3651123046875,999.3,,
742,1488,270,1105920,0.011863768,16.179560470581055,-0.012495181581471115,0.11651268601417542,24.431474685668945,0.0001,68.58725070953369,0.2,0.9578160047531128,0.09599609375,1345,1680.4833984375,999.3,,
744,1490,271,1110016,0.0136154005,16.181040382385255,-0.01111510546761565,0.11658751219511032,39.10541915893555,0.0001,99.5410312652588,0.2,0.9313288927078247,0.109033203125,1350,1680.4833984375,999.3,,
746,1491,272,1114112,0.011213284,16.174351024627686,-0.010264990298310295,0.1166115403175354,48.512969970703125,0.0001,122.59412517547608,0.2,0.888038694858551,0.08671875,1355,1680.4833984375,999.3,,
748,1493,273,1118208,0.012390387,16.172010231018067,-0.013265162275638431,0.11659660190343857,61.52369689941406,0.0001,142.1160617828369,0.2,0.883260190486908,0.106982421875,1360,1645.626220703125,999.3,,
753,1490,274,1122304,0.011542583,16.174970388412476,-0.012450202531181277,0.11656753718852997,76.76377868652344,0.0001,172.0623046875,0.2,0.884231448173523,0.09775390625,1365,1714.377685546875,999.3,,
755,1491,275,1126400,0.011460405,16.174870252609253,-0.012718755699461326,0.11658809334039688,53.228797912597656,0.0001,128.74968986511232,0.2,0.8868879675865173,0.09638671875,1370,1714.377685546875,999.3,,
756,1493,276,1130496,0.011856642,16.173018980026246,-0.012118125695269554,0.11656786501407623,69.24288177490234,0.0001,160.0511671066284,0.2,0.8227867484092712,0.08974609375,1375,1714.377685546875,999.3,,
758,1494,277,1134592,0.01087584,16.173276042938234,-0.011024229432223365,0.1165759339928627,45.47846984863281,0.0001,127.8695514678955,0.2,0.8853458762168884,0.06748046875,1380,1690.8287353515625,999.3,,
762,1492,278,1138688,0.012484144,16.17449817657471,-0.014506116561824456,0.11654261499643326,31.954620361328125,0.0001,89.01290550231934,0.2,0.9353293180465698,0.110986328125,1385,1718.0150146484375,1000.0,,
764,1494,279,1142784,0.013421169,16.182956886291503,-0.012870845117140562,0.11649814248085022,44.41621017456055,0.0001,99.2424123764038,0.2,0.9226837754249573,0.10927734375,1390,1718.0150146484375,1000.0,,
766,1496,280,1146880,0.010852588,16.185762071609496,-0.010862902767257765,0.11648169159889221,43.262054443359375,0.0001,104.60749492645263,0.2,0.9245774745941162,0.08671875,1395,1718.0150146484375,1000.0,,
768,1497,281,1150976,0.012952508,16.186877536773682,-0.014016803790582344,0.11645718663930893,36.56606674194336,0.0001,77.78406562805176,0.2,0.9477781057357788,0.140771484375,1400,1699.05126953125,1000.0,,
772,1495,282,1155072,0.014587888,16.191211891174316,-0.012900404806714505,0.11647943407297134,15.375090599060059,0.0001,47.05059766769409,0.2,0.9710288643836975,0.139501953125,1405,1755.001708984375,1000.0,,
773,1497,283,1159168,0.015040085,16.19045286178589,-0.009909137536305934,0.11643762141466141,32.20069885253906,0.0001,71.39349956512451,0.2,0.9332618713378906,0.1302734375,1410,1755.001708984375,1000.0,,
776,1499,284,1163264,0.0136427,16.19551968574524,-0.01307635743287392,0.11643963307142258,43.996891021728516,0.0001,95.59136333465577,0.2,0.8974950909614563,0.139306640625,1415,1752.165283203125,1000.0,,
777,1500,285,1167360,0.0142921265,16.194899559020996,-0.015025834483094514,0.1163889616727829,48.93244552612305,0.0001,117.67745246887208,0.2,0.8729709386825562,0.141162109375,1420,1751.887451171875,1000.0,,
782,1497,286,1171456,0.017256271,16.203555631637574,-0.017505326811806297,0.11632615327835083,28.50861358642578,0.0001,68.55866327285767,0.2,0.9322777986526489,0.17900390625,1425,1743.02685546875,1000.0,,
784,1499,287,1175552,0.011831983,16.21012635231018,-0.009652653598459437,0.11629647016525269,81.89384460449219,0.0001,178.54940185546874,0.2,0.855965256690979,0.090673828125,1430,1743.02685546875,1000.0,,
786,1500,288,1179648,0.011411868,16.21066861152649,-0.011250357906101271,0.1162855476140976,62.583824157714844,0.0001,149.1348207473755,0.2,0.8776056170463562,0.0796875,1435,1736.3006591796875,998.99,,
788,1501,289,1183744,0.014185985,16.216028881072997,-0.015108169487211854,0.11625100672245026,66.10602569580078,0.0001,202.4997995376587,0.2,0.8406880497932434,0.114453125,1440,1710.2449951171875,998.99,,
791,1500,290,1187840,0.013918065,16.219643926620485,-0.016526844119653106,0.11628668010234833,55.64816665649414,0.0001,129.42450447082518,0.2,0.9004069566726685,0.143994140625,1445,1743.875,998.99,,
793,1501,291,1191936,0.009145952,16.21819496154785,-0.009417595714330674,0.11629566550254822,131.6516876220703,0.0001,314.50559387207034,0.2,0.6395755410194397,0.059375,1450,1735.611083984375,997.56,,
795,1503,292,1196032,0.009391176,16.220997285842895,-0.011021917941980064,0.11624323576688766,169.7506561279297,0.0001,373.21435699462893,0.2,0.5127826929092407,0.051806640625,1455,1735.611083984375,997.56,,
799,1501,293,1200128,0.010921958,16.225225019454957,-0.013256363634718582,0.11624574661254883,76.20902252197266,0.0001,190.71400527954103,0.2,0.7073192000389099,0.088623046875,1460,1669.98828125,997.56,,
801,1502,294,1204224,0.009904878,16.225031566619872,-0.01073432351113297,0.1162426620721817,87.04484558105469,0.0001,217.23326721191407,0.2,0.7341840267181396,0.081298828125,1465,1669.98828125,997.56,,
803,1503,295,1208320,0.011859682,16.22835726737976,-0.011674969131127,0.11620765179395676,61.677818298339844,0.0001,156.1496156692505,0.2,0.8502558469772339,0.0896484375,1470,1657.650634765625,997.56,,
805,1505,296,1212416,0.013337842,16.23131470680237,-0.014495487650856375,0.116246797144413,103.09226989746094,0.0001,198.76986198425294,0.2,0.8535219430923462,0.125439453125,1475,1657.650634765625,997.56,,
808,1503,297,1216512,0.013170427,16.224861717224123,-0.013275722792604938,0.11625587195158005,80.5888671875,0.0001,167.46596851348878,0.2,0.8813608288764954,0.12685546875,1480,1669.9371337890625,997.56,,
811,1505,298,1220608,0.015035129,16.219651985168458,-0.015271632996154949,0.11625304818153381,42.33226013183594,0.0001,109.62687397003174,0.2,0.9164748787879944,0.12275390625,1485,1669.9371337890625,997.56,,
813,1506,299,1224704,0.013061574,16.2224232673645,-0.014838148388662376,0.11616858839988708,88.06503295898438,0.0001,208.6899185180664,0.2,0.820518970489502,0.12392578125,1490,1656.8140869140625,997.56,,
814,1508,300,1228800,0.012634002,16.231086492538452,-0.012498323537874967,0.11617078632116318,87.85971069335938,0.0001,202.19946365356446,0.2,0.8365930318832397,0.138916015625,1495,1656.8140869140625,997.56,,
818,1506,301,1232896,0.015159716,16.231609725952147,-0.0169597425381653,0.11619623005390167,86.64645385742188,0.0001,177.36354293823243,0.2,0.8725508451461792,0.17294921875,1500,1595.3447265625,997.56,,
820,1507,302,1236992,0.011737846,16.22930965423584,-0.012706453842110933,0.1161515861749649,73.47099304199219,0.0001,147.14202499389648,0.2,0.8967363238334656,0.123828125,1505,1595.3447265625,997.56,,
822,1509,303,1241088,0.011057791,16.237920188903807,-0.012249760306440293,0.1160944253206253,73.7671890258789,0.0001,178.9305004119873,0.2,0.8718686699867249,0.08779296875,1510,1585.5819091796875,997.56,,
824,1510,304,1245184,0.012162386,16.244993019104005,-0.013886496383929626,0.11604433506727219,62.964725494384766,0.0001,145.49653034210206,0.2,0.8944248557090759,0.10361328125,1515,1585.5819091796875,997.56,,
828,1507,305,1249280,0.011501119,16.25027551651001,-0.012070532666984945,0.1160336434841156,70.7470703125,0.0001,166.4121431350708,0.2,0.8771892786026001,0.0875,1520,1581.0662841796875,997.56,,
851,1471,306,1253376,0.01237794,16.25180039405823,-0.014988032169640064,0.11599534749984741,69.1299057006836,0.0001,146.20862770080566,0.2,0.8939363360404968,0.1234375,1525,1581.0662841796875,997.56,2.598218217489778,1250000
853,1472,307,1257472,0.011226635,16.25952105522156,-0.01250234730541706,0.1159275695681572,60.2418212890625,0.0001,149.22204704284667,0.2,0.8017887473106384,0.0962890625,1530,1557.7919921875,997.56,,
855,1474,308,1261568,0.013046039,16.268315315246582,-0.013935930677689612,0.11586612462997437,42.45073318481445,0.0001,96.29802474975585,0.2,0.9014519453048706,0.11337890625,1535,1557.7919921875,997.56,,
859,1472,309,1265664,0.012149267,16.27511692047119,-0.013852498191408814,0.11584558337926865,40.647335052490234,0.0001,97.34606170654297,0.2,0.9182286262512207,0.10673828125,1540,1557.1715087890625,997.56,,
861,1474,310,1269760,0.016206497,16.278049564361574,-0.014393550984095782,0.1158304214477539,41.9439811706543,0.0001,90.32602310180664,0.2,0.9349441528320312,0.139111328125,1545,1557.1715087890625,997.56,,
863,1475,311,1273856,0.0077619785,16.278279542922974,-0.006861506850691512,0.11580169945955276,48.743934631347656,0.0001,128.93410873413086,0.2,0.899360179901123,0.05810546875,1550,1553.0479736328125,997.56,,
865,1476,312,1277952,0.0147056235,16.286781597137452,-0.015320944623090327,0.11575212329626083,33.29334259033203,0.0001,78.23558483123779,0.2,0.930941104888916,0.137646484375,1555,1555.6021728515625,997.56,,
868,1475,313,1282048,0.016392153,16.30131092071533,-0.0138404585653916,0.11569351702928543,21.491191864013672,0.0001,52.27399778366089,0.2,0.954629123210907,0.13779296875,1560,1552.4871826171875,998.57,,
870,1476,314,1286144,0.017397638,16.30533022880554,-0.012355992168886587,0.11573727428913116,23.61732292175293,0.0001,59.85052661895752,0.2,0.9304970502853394,0.12919921875,1565,1542.8453369140625,997.81,,
872,1477,315,1290240,0.013740843,16.299267864227296,-0.012851363501977176,0.1157592236995697,74.6422348022461,0.0001,152.6933805465698,0.2,0.7309666872024536,0.13203125,1570,1542.8453369140625,997.81,,
875,1478,316,1294336,0.014843958,16.29522337913513,-0.01534847532166168,0.11581745743751526,45.03557205200195,0.0001,110.5761817932129,0.2,0.8474982380867004,0.13466796875,1575,1533.8514404296875,997.81,,
878,1477,317,1298432,0.014505696,16.292297697067262,-0.015352175466250628,0.1157749816775322,39.31287384033203,0.0001,105.49017333984375,0.2,0.8642898797988892,0.129638671875,1580,1580.4085693359375,999.24,,
880,1478,318,1302528,0.014840331,16.300402212142945,-0.01563665809808299,0.11574319750070572,57.53501892089844,0.0001,131.91704349517823,0.2,0.8892841935157776,0.137353515625,1585,1562.010986328125,999.24,,
882,1480,319,1306624,0.01195216,16.304844617843628,-0.014470431383233517,0.11573954671621323,52.33199691772461,0.0001,119.6108242034912,0.2,0.8949747085571289,0.1158203125,1590,1562.010986328125,999.24,,
884,1481,320,1310720,0.013741806,16.30798101425171,-0.014351889380486682,0.11574176698923111,63.490352630615234,0.0001,157.74397258758546,0.2,0.9019472599029541,0.123291015625,1595,1565.7425537109375,999.24,,
888,1479,321,1314816,0.014223542,16.312021589279176,-0.01361181914107874,0.11569271236658096,56.2484130859375,0.0001,142.558038520813,0.2,0.904347836971283,0.117041015625,1600,1576.35009765625,999.24,,
890,1480,322,1318912,0.012086347,16.320434045791625,-0.011774114775471389,0.1156793013215065,62.615787506103516,0.0001,141.73929824829102,0.2,0.9194749593734741,0.1078125,1605,1548.278076171875,999.24,,
892,1482,323,1323008,0.012443829,16.323889207839965,-0.012489343772176652,0.11567321419715881,69.38208770751953,0.0001,166.36764259338378,0.2,0.9226713180541992,0.092578125,1610,1548.278076171875,999.24,,
894,1483,324,1327104,0.0134276785,16.32648148536682,-0.014621874212753027,0.11566418409347534,56.875511169433594,0.0001,125.95534687042236,0.2,0.9497249126434326,0.123681640625,1615,1543.11181640625,999.24,,
898,1482,325,1331200,0.012717824,16.326512002944945,-0.014012570935301482,0.11565384268760681,71.22954559326172,0.0001,177.72394294738768,0.2,0.9215270280838013,0.100927734375,1620,1641.005126953125,999.24,,
900,1483,326,1335296,0.011495119,16.327451038360596,-0.011487380956532433,0.11565631628036499,55.452415466308594,0.0001,131.9660957336426,0.2,0.9012171626091003,0.08193359375,1625,1614.897705078125,999.24,,
901,1485,327,1339392,0.01258624,16.325359964370726,-0.013707261340459808,0.11568447202444077,51.8293342590332,0.0001,126.48003845214843,0.2,0.8725180625915527,0.10634765625,1630,1614.897705078125,999.24,,
903,1486,328,1343488,0.014007813,16.32693281173706,-0.014662613166728988,0.11566370725631714,37.357662200927734,0.0001,86.24504737854004,0.2,0.8617827296257019,0.132861328125,1635,1612.4007568359375,999.24,,
907,1484,329,1347584,0.015316974,16.33205165863037,-0.01582213572692126,0.11565884947776794,27.305763244628906,0.0001,67.41334447860717,0.2,0.8982791900634766,0.162548828125,1640,1612.6103515625,999.24,,
909,1486,330,1351680,0.011039543,16.331573152542113,-0.010598023899365216,0.11568393558263779,52.002079010009766,0.0001,140.17397327423095,0.2,0.7989180088043213,0.083056640625,1645,1608.4794921875,999.24,,
911,1487,331,1355776,0.012457416,16.328923654556274,-0.013195079017896206,0.11570265144109726,85.62464141845703,0.0001,192.41262550354003,0.2,0.6882597208023071,0.083642578125,1650,1608.4794921875,999.24,,
913,1488,332,1359872,0.013250416,16.32872529029846,-0.017806906736223028,0.11570301651954651,53.473087310791016,0.0001,136.04309101104735,0.2,0.7698394060134888,0.130810546875,1655,1595.6920166015625,999.24,,
916,1487,333,1363968,0.015779108,16.33266453742981,-0.014998426026431843,0.11570265144109726,24.704809188842773,0.0001,69.79492311477661,0.2,0.8917360901832581,0.15478515625,1660,1620.73876953125,999.24,,
918,1488,334,1368064,0.013272847,16.33609652519226,-0.01307571940124035,0.11570138484239578,38.48247146606445,0.0001,87.89798069000244,0.2,0.8990980982780457,0.14443359375,1665,1612.9276123046875,999.24,,
920,1490,335,1372160,0.01381066,16.33734736442566,-0.011061996128410101,0.1156361997127533,28.017839431762695,0.0001,61.245210552215575,0.2,0.9068762063980103,0.1310546875,1670,1612.9276123046875,999.24,,
924,1489,336,1376256,0.0114875445,16.34311408996582,-0.009462139679817483,0.11556348949670792,27.650943756103516,0.0001,74.36625890731811,0.2,0.9216277003288269,0.11376953125,1675,1674.22021484375,999.24,,
926,1489,337,1380352,0.012636779,16.347960567474367,-0.01296306939329952,0.11554361879825592,25.73002052307129,0.0001,65.62644395828247,0.2,0.9341654777526855,0.12109375,1680,1674.22021484375,999.24,,
928,1491,338,1384448,0.013465948,16.350154829025268,-0.011891547334380448,0.1154942512512207,27.202539443969727,0.0001,78.22587699890137,0.2,0.8774694800376892,0.137109375,1685,1669.6331787109375,999.24,,
930,1492,339,1388544,0.015524481,16.358189868927003,-0.014571645646356046,0.11546441167593002,27.83722686767578,0.0001,69.35361757278443,0.2,0.9269452095031738,0.16572265625,1690,1669.6331787109375,999.24,,
934,1490,340,1392640,0.014126784,16.365478897094725,-0.014907414361368864,0.11541051417589188,20.68999481201172,0.0001,60.160165309906006,0.2,0.9467366933822632,0.1384765625,1695,1721.1973876953125,1000.0,,
935,1492,341,1396736,0.014570456,16.373967123031616,-0.014066739776171743,0.11541463434696198,27.432580947875977,0.0001,63.96083068847656,0.2,0.9489660859107971,0.1494140625,1700,1721.1973876953125,1000.0,,
938,1493,342,1400832,0.014465018,16.378666257858278,-0.012203921866603195,0.11537858098745346,43.73094940185547,0.0001,103.12893543243408,0.2,0.8860952258110046,0.13203125,1705,1710.623779296875,1000.0,,
939,1494,343,1404928,0.012690645,16.382634592056274,-0.014420690468978137,0.11534188687801361,28.94373893737793,0.0001,73.06621437072754,0.2,0.89891117811203,0.12509765625,1710,1710.623779296875,1000.0,,
944,1491,344,1409024,0.012497392,16.3868323802948,-0.012049699935596436,0.11531169712543488,30.977930068969727,0.0001,73.29485683441162,0.2,0.9019739627838135,0.10458984375,1715,1702.36572265625,1000.0,,
946,1493,345,1413120,0.016712204,16.389664363861083,-0.014376494364114478,0.11532188951969147,28.05613899230957,0.0001,62.30064420700073,0.2,0.9156618118286133,0.147119140625,1720,1702.36572265625,1000.0,,
948,1494,346,1417216,0.012087245,16.392945575714112,-0.01250584980007261,0.11526954919099808,35.76102066040039,0.0001,81.62859420776367,0.2,0.8372584581375122,0.115380859375,1725,1709.0604248046875,1000.0,,
950,1495,347,1421312,0.012531287,16.401100826263427,-0.011887890729121863,0.11523012071847916,37.33564376831055,0.0001,84.3699444770813,0.2,0.8599594831466675,0.1123046875,1730,1709.0604248046875,1000.0,,
953,1494,348,1425408,0.013433601,16.40300784111023,-0.013863813574425876,0.11529141664505005,30.357215881347656,0.0001,71.32834329605103,0.2,0.8968977928161621,0.1318359375,1735,1700.145751953125,1000.0,,
955,1495,349,1429504,0.013404869,16.400777292251586,-0.011894483398646117,0.11527848243713379,25.372350692749023,0.0001,75.89195919036865,0.2,0.9084038734436035,0.097021484375,1740,1700.145751953125,1000.0,,
957,1496,350,1433600,0.013787764,16.406301021575928,-0.014297451975289732,0.1152481809258461,38.10188293457031,0.0001,100.45297775268554,0.2,0.8397477865219116,0.10419921875,1745,1687.048583984375,1000.0,,
959,1498,351,1437696,0.013121365,16.41070098876953,-0.012835187616292387,0.11528279632329941,44.040138244628906,0.0001,110.75302619934082,0.2,0.8301147222518921,0.09560546875,1750,1671.73828125,1000.0,,
963,1496,352,1441792,0.012401384,16.410385656356812,-0.013992810854688287,0.115252785384655,41.3511962890625,0.0001,104.37306079864501,0.2,0.8285911083221436,0.092724609375,1755,1700.62548828125,1000.0,,
965,1498,353,1445888,0.014521863,16.41393299102783,-0.014713126549031586,0.11520370841026306,34.084232330322266,0.0001,85.53680057525635,0.2,0.9132000803947449,0.126220703125,1760,1700.62548828125,1000.0,,
967,1499,354,1449984,0.009934793,16.41290502548218,-0.010973063344135881,0.11522147804498672,49.03770446777344,0.0001,119.08698844909668,0.2,0.9043229818344116,0.082177734375,1765,1680.6773681640625,1000.0,,
969,1500,355,1454080,0.012391387,16.41294927597046,-0.012546477536670864,0.11524835228919983,32.496734619140625,0.0001,83.40360221862792,0.2,0.9306132793426514,0.106884765625,1770,1662.8778076171875,1000.0,,
972,1498,356,1458176,0.013707416,16.41594977378845,-0.015707604156341405,0.11523476243019104,28.83131217956543,0.0001,74.61668100357056,0.2,0.9456844329833984,0.14169921875,1775,1704.6839599609375,1000.0,,
974,1500,357,1462272,0.014722504,16.42236957550049,-0.014139328047167509,0.11518841236829758,40.26591491699219,0.0001,89.00503215789794,0.2,0.9310739040374756,0.144580078125,1780,1695.18798828125,1000.0,,
976,1501,358,1466368,0.011222964,16.42810893058777,-0.00979715578723699,0.11515767872333527,50.429405212402344,0.0001,120.72500114440918,0.2,0.903214156627655,0.073779296875,1785,1695.18798828125,1000.0,,
978,1502,359,1470464,0.011353578,16.43006339073181,-0.011254585610004142,0.11517804861068726,32.49527359008789,0.0001,79.86743173599243,0.2,0.94608074426651,0.094140625,1790,1686.8341064453125,1000.0,,
982,1501,360,1474560,0.010760288,16.43129253387451,-0.011513817234663293,0.11515417695045471,46.16285705566406,0.0001,112.13322486877442,0.2,0.9273380041122437,0.09755859375,1795,1751.065673828125,1000.0,,
984,1502,361,1478656,0.014781276,16.434344005584716,-0.01604339680634439,0.11517196148633957,69.37193298339844,0.0001,155.45299797058107,0.2,0.9086002707481384,0.13603515625,1800,1731.6871337890625,1000.0,,
986,1503,362,1482752,0.012385972,16.434784936904908,-0.012370191188529134,0.11516603827476501,63.03398132324219,0.0001,156.70902481079102,0.2,0.9106996059417725,0.083544921875,1805,1731.6871337890625,1000.0,,
988,1504,363,1486848,0.00976705,16.435426712036133,-0.010751861269818619,0.1151479184627533,41.780967712402344,0.0001,127.62192668914795,0.2,0.922238826751709,0.081982421875,1810,1730.2740478515625,1000.0,,
991,1503,364,1490944,0.01369511,16.434137105941772,-0.014774089585989714,0.11516810953617096,48.90367126464844,0.0001,114.18178997039794,0.2,0.9439511299133301,0.112939453125,1815,1721.2301025390625,1000.0,,
993,1504,365,1495040,0.015805494,16.43297986984253,-0.01705485340207815,0.1151503250002861,39.17262268066406,0.0001,92.71274166107177,0.2,0.9334615468978882,0.147705078125,1820,1699.7203369140625,1000.0,,
995,1505,366,1499136,0.012672165,16.432035160064697,-0.013946087867952883,0.11515674740076065,28.173311233520508,0.0001,83.21003084182739,0.2,0.878277599811554,0.113916015625,1825,1699.7203369140625,1000.0,,
1018,1475,367,1503232,0.013946904,16.4351318359375,-0.011960919806733727,0.1150737777352333,21.010984420776367,0.0001,53.07510919570923,0.2,0.9325089454650879,0.111376953125,1830,1691.39208984375,1000.0,2.5787804013783986,1250000
1022,1473,368,1507328,0.013684707,16.44576225280762,-0.013516668602824211,0.11501257121562958,21.197141647338867,0.0001,58.78089895248413,0.2,0.9372477531433105,0.135205078125,1835,1721.4412841796875,1000.0,,
1024,1475,369,1511424,0.013598159,16.447097301483154,-0.013219064252916723,0.11501187086105347,44.55855178833008,0.0001,104.84572162628174,0.2,0.9163843989372253,0.142431640625,1840,1713.11181640625,1000.0,,
1026,1476,370,1515520,0.011686526,16.444042491912843,-0.013965937233297154,0.11503230780363083,59.30070495605469,0.0001,157.8600477218628,0.2,0.8575577735900879,0.100439453125,1845,1713.11181640625,1000.0,,
1028,1477,371,1519616,0.01139098,16.44229998588562,-0.012415655486984178,0.11506463587284088,53.764678955078125,0.0001,135.77371253967286,0.2,0.8905819654464722,0.093359375,1850,1716.674560546875,1000.0,,
1033,1474,372,1523712,0.013823781,16.442419910430907,-0.011695198016241193,0.1150989755988121,43.67351150512695,0.0001,92.23868522644042,0.2,0.9247469902038574,0.131787109375,1855,1727.57275390625,1000.0,,
1035,1475,373,1527808,0.010808637,16.446708488464356,-0.009754657070152462,0.11509368568658829,50.34799575805664,0.0001,119.26763744354248,0.2,0.901481032371521,0.089794921875,1860,1715.9119873046875,1000.0,,
1037,1476,374,1531904,0.012563443,16.452587842941284,-0.013545185688417404,0.11509033292531967,49.432823181152344,0.0001,113.51493282318116,0.2,0.917837917804718,0.117724609375,1865,1715.9119873046875,1000.0,,
1040,1476,375,1536000,0.012243239,16.460215282440185,-0.0156425729743205,0.11503410339355469,40.241737365722656,0.0001,100.12125301361084,0.2,0.9336171746253967,0.12099609375,1870,1769.1773681640625,1000.0,,
1042,1476,376,1540096,0.013150521,16.471448802947997,-0.013744373110239395,0.11502676457166672,34.66840362548828,0.0001,90.99221267700196,0.2,0.9457463622093201,0.104833984375,1875,1769.1773681640625,1000.0,,
1044,1477,377,1544192,0.014115889,16.478592538833617,-0.014204050181433558,0.11498559266328812,31.877225875854492,0.0001,77.77777309417725,0.2,0.9303972125053406,0.116748046875,1880,1754.98779296875,1000.0,,
1046,1479,378,1548288,0.01587158,16.48902554512024,-0.016933899279683827,0.1149260476231575,26.964990615844727,0.0001,63.61117753982544,0.2,0.947437584400177,0.171875,1885,1754.98779296875,1000.0,,
1050,1477,379,1552384,0.01507974,16.497658920288085,-0.014828347286675125,0.11482442170381546,20.575706481933594,0.0001,54.16528053283692,0.2,0.9531807899475098,0.1333984375,1890,1799.02490234375,1000.0,,
1052,1478,380,1556480,0.017511712,16.50321159362793,-0.014206621766788885,0.11480789631605148,28.871145248413086,0.0001,71.14806041717529,0.2,0.9457635879516602,0.171337890625,1895,1799.02490234375,1000.0,,
1054,1479,381,1560576,0.01411419,16.50363960266113,-0.0119474827661179,0.11479385197162628,26.435218811035156,0.0001,96.70226821899413,0.2,0.8633741140365601,0.13779296875,1900,1792.815673828125,1000.0,,
1057,1479,382,1564672,0.012638507,16.505277824401855,-0.01349590818863362,0.11477591842412949,33.49128723144531,0.0001,96.19902400970459,0.2,0.8619864583015442,0.10791015625,1905,1792.815673828125,1000.0,,
1061,1477,383,1568768,0.015973827,16.50571002960205,-0.01438682887237519,0.11475565284490585,33.50639724731445,0.0001,84.06029949188232,0.2,0.9065320491790771,0.15224609375,1910,1735.604736328125,1000.0,,
1063,1478,384,1572864,0.017799474,16.50818419456482,-0.01465293720830232,0.11474062502384186,28.157154083251953,0.0001,65.68756427764893,0.2,0.9257150888442993,0.177490234375,1915,1735.604736328125,1000.0,,
1066,1479,385,1576960,0.011041186,16.513445949554445,-0.009368083742447197,0.1147678792476654,54.594783782958984,0.0001,144.70062465667723,0.2,0.9048880338668823,0.118017578125,1920,1720.3140869140625,1000.0,,
1068,1480,386,1581056,0.011408875,16.51537799835205,-0.012885933113284408,0.11470974236726761,50.492393493652344,0.0001,127.21366081237792,0.2,0.9157595634460449,0.11376953125,1925,1720.3140869140625,1000.0,,
1071,1479,387,1585152,0.012522275,16.520483016967773,-0.012636105588171631,0.11470811069011688,45.13684844970703,0.0001,99.50573425292968,0.2,0.9278425574302673,0.12265625,1930,1687.11474609375,1000.0,,
1073,1480,388,1589248,0.012412777,16.52239246368408,-0.010836597724119202,0.11463594436645508,29.53109359741211,0.0001,73.34451780319213,0.2,0.949668288230896,0.100830078125,1935,1687.11474609375,1000.0,,
1075,1481,389,1593344,0.01146198,16.53370499610901,-0.01180652902694419,0.11461510509252548,39.6737060546875,0.0001,110.62849292755126,0.2,0.9258603453636169,0.093603515625,1940,1673.263916015625,1000.0,,
1077,1482,390,1597440,0.011061987,16.53478870391846,-0.010756350914016366,0.11465132981538773,42.84303665161133,0.0001,103.30519638061523,0.2,0.9251102209091187,0.083642578125,1945,1673.263916015625,1000.0,,
1081,1481,391,1601536,0.010240922,16.535437202453615,-0.010905653590452858,0.11461415141820908,39.43806076049805,0.0001,100.21489677429199,0.2,0.9316524863243103,0.084326171875,1950,1675.525146484375,1000.0,,
1083,1482,392,1605632,0.012797051,16.54327325820923,-0.011797445407137275,0.11456005275249481,33.30435562133789,0.0001,80.17700805664063,0.2,0.9344610571861267,0.115771484375,1955,1675.525146484375,1000.0,,
1085,1483,393,1609728,0.010331392,16.548140668869017,-0.01089502169052139,0.114525705575943,62.74026107788086,0.0001,160.32051315307618,0.2,0.6941200494766235,0.085791015625,1960,1664.3714599609375,1000.0,,
1087,1484,394,1613824,0.012353926,16.548382186889647,-0.010747236321913078,0.11454229801893234,44.275577545166016,0.0001,113.5088571548462,0.2,0.7033856511116028,0.083349609375,1965,1670.6304931640625,1000.0,,
1090,1483,395,1617920,0.012900268,16.548084449768066,-0.010908976651262493,0.11452747881412506,66.20881652832031,0.0001,142.66854343414306,0.2,0.6500654220581055,0.105859375,1970,1625.1282958984375,1000.0,,
1092,1484,396,1622016,0.01614267,16.555608654022215,-0.013590838894015179,0.11444713920354843,37.54997634887695,0.0001,98.44933414459229,0.2,0.8706933259963989,0.163037109375,1975,1617.8223876953125,1000.0,,
1094,1485,397,1626112,0.012568194,16.559445476531984,-0.013818430225364864,0.11448526382446289,41.33066940307617,0.0001,105.23886966705322,0.2,0.9008840322494507,0.1369140625,1980,1617.8223876953125,1000.0,,
1096,1486,398,1630208,0.012962857,16.55632848739624,-0.013215323048643767,0.11449562758207321,35.15524673461914,0.0001,90.23637084960937,0.2,0.9325858354568481,0.1029296875,1985,1602.7769775390625,1000.0,,
1100,1485,399,1634304,0.012442352,16.557734346389772,-0.011931730562355369,0.11447970569133759,40.99526596069336,0.0001,97.7336254119873,0.2,0.928597629070282,0.093896484375,1990,1619.414794921875,1000.0,,
1102,1486,400,1638400,0.015505474,16.56227684020996,-0.015111065877135843,0.11447684466838837,39.92189025878906,0.0001,92.89846973419189,0.2,0.9307910203933716,0.141162109375,1995,1597.9886474609375,992.93,,
1104,1487,401,1642496,0.014678132,16.567365026474,-0.01146444627083838,0.11441636085510254,110.1479263305664,0.0001,203.16785850524903,0.2,0.8636842966079712,0.110009765625,2000,1597.9886474609375,992.93,,
1106,1488,402,1646592,0.014285473,16.573361253738405,-0.014238486997783184,0.11438565701246262,35.481266021728516,0.0001,87.92955532073975,0.2,0.9064269661903381,0.1333984375,2005,1598.842041015625,992.93,,
1109,1487,403,1650688,0.0137788765,16.57612066268921,-0.012352641252800823,0.11439461261034012,42.48885726928711,0.0001,102.9680160522461,0.2,0.899771511554718,0.111474609375,2010,1583.4659423828125,992.93,,
1111,1488,404,1654784,0.010247338,16.572246742248534,-0.009608337766258046,0.11441762745380402,43.876739501953125,0.0001,127.62678546905518,0.2,0.8125985860824585,0.066064453125,2015,1566.75390625,992.93,,
1113,1489,405,1658880,0.009344202,16.571456336975096,-0.010283875872846692,0.11443477123975754,62.473716735839844,0.0001,174.79596920013427,0.2,0.5654788017272949,0.0576171875,2020,1566.75390625,992.93,,
1115,1490,406,1662976,0.011704523,16.575340843200685,-0.014310095092514529,0.11438610404729843,99.0271224975586,0.0001,201.7205883026123,0.2,0.6301703453063965,0.095263671875,2025,1560.9241943359375,992.93,,
1119,1489,407,1667072,0.012111522,16.58117389678955,-0.012788765679579229,0.11433842033147812,64.17433166503906,0.0001,149.7122480392456,0.2,0.7749800682067871,0.09267578125,2030,1598.0467529296875,992.93,,
1121,1490,408,1671168,0.01420055,16.586437892913818,-0.014286860264837742,0.11430182307958603,57.58629608154297,0.0001,127.53090858459473,0.2,0.7361831665039062,0.13466796875,2035,1583.905029296875,992.93,,
1123,1491,409,1675264,0.01121912,16.5923131942749,-0.013178592640906572,0.11426181346178055,41.64195251464844,0.0001,116.30792598724365,0.2,0.7469921708106995,0.110546875,2040,1583.905029296875,992.93,,
1125,1492,410,1679360,0.011441588,16.59820728302002,-0.012302675284445286,0.11425597965717316,29.86151695251465,0.0001,83.45188465118409,0.2,0.8108425736427307,0.09638671875,2045,1583.4683837890625,992.93,,
1128,1491,411,1683456,0.012543723,16.598107624053956,-0.012666322768200188,0.11426687240600586,38.76459503173828,0.0001,100.02997303009033,0.2,0.8630355000495911,0.104052734375,2050,1609.443603515625,992.93,,
1130,1492,412,1687552,0.014075852,16.594711351394654,-0.014654188047279604,0.11429528146982193,36.935325622558594,0.0001,97.14919090270996,0.2,0.9021225571632385,0.13232421875,2055,1602.5513916015625,992.93,,
1132,1493,413,1691648,0.014040588,16.597338962554932,-0.015931330807507037,0.11429474502801895,43.02065658569336,0.0001,97.7248456954956,0.2,0.8965610861778259,0.1369140625,2060,1602.5513916015625,992.93,,
1134,1494,414,1695744,0.011206394,16.597735786437987,-0.009038519550813362,0.1142544373869896,32.03529357910156,0.0001,88.2881341934204,0.2,0.8863558173179626,0.07607421875,2065,1606.0537109375,992.93,,
1138,1492,415,1699840,0.013940029,16.600219917297363,-0.013501287216786294,0.11418157070875168,31.311046600341797,0.0001,77.56404695510864,0.2,0.9117265343666077,0.12744140625,2070,1641.975341796875,992.93,,
1140,1493,416,1703936,0.012273167,16.60797252655029,-0.012395864247810095,0.11414579302072525,27.412416458129883,0.0001,73.14813709259033,0.2,0.8720294833183289,0.1146484375,2075,1616.649658203125,992.93,,
1142,1494,417,1708032,0.01414806,16.61326184272766,-0.012039309411193244,0.11415241658687592,26.021249771118164,0.0001,63.321467590332034,0.2,0.8655653595924377,0.110986328125,2080,1616.649658203125,992.93,,
1146,1493,418,1712128,0.0150472615,16.61961212158203,-0.014159478445071727,0.11414482444524765,22.72842788696289,0.0001,65.65208206176757,0.2,0.8523139357566833,0.1232421875,2085,1688.1307373046875,992.93,,
1148,1494,419,1716224,0.012793691,16.621095991134645,-0.015064456488471479,0.11409739404916763,29.92365837097168,0.0001,92.71469621658325,0.2,0.8139355182647705,0.1013671875,2090,1688.1307373046875,992.93,,
1150,1495,420,1720320,0.010345727,16.62648448944092,-0.011201316170627251,0.11406254768371582,55.163639068603516,0.0001,140.3870958328247,0.2,0.7582489848136902,0.088720703125,2095,1673.423095703125,992.93,,
1152,1496,421,1724416,0.010086423,16.630026483535765,-0.010066188388736918,0.11404559761285782,83.43185424804688,0.0001,186.55757179260254,0.2,0.7247191071510315,0.06572265625,2100,1673.423095703125,992.93,,
1155,1495,422,1728512,0.011415242,16.631763410568237,-0.012881075905170292,0.11400940269231796,93.67049407958984,0.0001,197.25150871276855,0.2,0.7100930213928223,0.100244140625,2105,1638.428466796875,992.93,,
1157,1496,423,1732608,0.011428136,16.63758749961853,-0.01212732888525352,0.11394021660089493,76.16334533691406,0.0001,180.67609634399415,0.2,0.7777295708656311,0.11455078125,2110,1638.428466796875,992.93,,
1159,1497,424,1736704,0.009671424,16.643297290802003,-0.009369212714955211,0.11391714960336685,99.68601989746094,0.0001,212.83234634399415,0.2,0.7663670778274536,0.087255859375,2115,1612.7462158203125,992.93,,
1161,1498,425,1740800,0.011560783,16.643366813659668,-0.011152494431007654,0.11390957236289978,100.5234375,0.0001,210.17815246582032,0.2,0.7538442611694336,0.0876953125,2120,1612.7462158203125,992.93,,
1165,1497,426,1744896,0.01340037,16.643861961364745,-0.013468875281978399,0.11389917135238647,54.33303451538086,0.0001,131.87206745147705,0.2,0.847545862197876,0.122265625,2125,1642.8834228515625,1000.0,,
1167,1498,427,1748992,0.012983326,16.641324758529663,-0.012725751305697485,0.11393745243549347,53.13951110839844,0.0001,120.98063697814942,0.2,0.8792150020599365,0.117919921875,2130,1652.2081298828125,1000.0,,
1190,1472,428,1753088,0.012511647,16.640012073516846,-0.013211815216345712,0.11385609209537506,46.53816223144531,0.0001,111.94980106353759,0.2,0.8850064873695374,0.136083984375,2135,1649.95361328125,1000.0,2.5760271733325393,1250000
1192,1473,429,1757184,0.0116453245,16.64297490119934,-0.012547908612759784,0.11378137767314911,49.6165657043457,0.0001,126.85617332458496,0.2,0.8754985332489014,0.118505859375,2140,1649.95361328125,1000.0,,
1196,1472,430,1761280,0.01152905,16.65189108848572,-0.013661101373145357,0.1137421652674675,42.59769821166992,0.0001,113.47606029510499,0.2,0.9062812328338623,0.1078125,2145,1695.2032470703125,1000.0,,
1198,1473,431,1765376,0.013169592,16.660398244857788,-0.014185194473247975,0.11372124403715134,46.63362121582031,0.0001,106.93242015838624,0.2,0.9062092900276184,0.117529296875,2150,1687.73779296875,1000.0,,
1200,1473,432,1769472,0.013044622,16.670279121398927,-0.013260046194773167,0.1136990338563919,45.218360900878906,0.0001,100.68854846954346,0.2,0.811005711555481,0.133056640625,2155,1679.5999755859375,1000.0,,
1202,1475,433,1773568,0.012770336,16.679081439971924,-0.010362744861049577,0.11358873546123505,41.311431884765625,0.0001,96.87702941894531,0.2,0.804600715637207,0.143505859375,2160,1679.5999755859375,1000.0,,
1205,1474,434,1777664,0.014862115,16.68793272972107,-0.012921045848634094,0.11359818279743195,34.422088623046875,0.0001,90.39817276000977,0.2,0.8266944885253906,0.140380859375,2165,1675.6260986328125,1000.0,,
1207,1475,435,1781760,0.017546028,16.686097431182862,-0.013340471783885732,0.11359617859125137,32.47193908691406,0.0001,71.16168518066407,0.2,0.8967267870903015,0.16806640625,2170,1667.8128662109375,1000.0,,
1209,1476,436,1785856,0.014460674,16.686558485031128,-0.013503343518823385,0.1136254295706749,32.494991302490234,0.0001,72.54638471603394,0.2,0.8835896253585815,0.1537109375,2175,1663.6396484375,1000.0,,
1211,1477,437,1789952,0.011031905,16.682346200942995,-0.009647372411563993,0.11359592527151108,26.30463218688965,0.0001,76.27284240722656,0.2,0.8712467551231384,0.094091796875,2180,1662.8154296875,1000.0,,
1215,1476,438,1794048,0.014342183,16.688129425048828,-0.014743692241609097,0.11354263126850128,34.0843505859375,0.0001,80.36158113479614,0.2,0.9040991067886353,0.144091796875,2185,1700.6435546875,1000.0,,
1217,1476,439,1798144,0.013195837,16.692217350006104,-0.015801801288034767,0.11346336454153061,29.732486724853516,0.0001,70.38086881637574,0.2,0.9376105070114136,0.144921875,2190,1693.2227783203125,1000.0,,
1219,1478,440,1802240,0.011330127,16.70008840560913,-0.010214528761571274,0.11343338340520859,75.46786499023438,0.0001,185.15481185913086,0.2,0.8342419862747192,0.090869140625,2195,1693.2227783203125,1000.0,,
1221,1478,441,1806336,0.011368783,16.699888753890992,-0.01234421757981181,0.11344540864229202,106.47135162353516,0.0001,242.78388519287108,0.2,0.8090759515762329,0.09033203125,2200,1692.9144287109375,1000.0,,
1224,1478,442,1810432,0.0120497085,16.69634280204773,-0.012521007400937378,0.1134636402130127,81.98829650878906,0.0001,184.97075157165528,0.2,0.845177173614502,0.097900390625,2205,1730.345458984375,1000.0,,
1226,1478,443,1814528,0.012230741,16.697963905334472,-0.012084288377081975,0.11342264711856842,62.008548736572266,0.0001,136.24963436126708,0.2,0.8310481309890747,0.10205078125,2210,1707.5361328125,1000.0,,
1228,1480,444,1818624,0.013164846,16.704179668426512,-0.015412115294020623,0.11341289430856705,41.97645568847656,0.0001,101.28812389373779,0.2,0.8119528293609619,0.125390625,2215,1707.5361328125,1000.0,,
1230,1480,445,1822720,0.013210725,16.703932809829713,-0.011831170730874873,0.1134270504117012,39.36429977416992,0.0001,94.77532615661622,0.2,0.8702316880226135,0.109619140625,2220,1703.0206298828125,1000.0,,
1234,1480,446,1826816,0.011611363,16.70614981651306,-0.011462464748183266,0.11340147256851196,37.61647415161133,0.0001,100.93440780639648,0.2,0.879091739654541,0.108740234375,2225,1797.453125,1000.0,,
1236,1480,447,1830912,0.01229093,16.713288927078246,-0.012769892433425412,0.11332998424768448,64.7415542602539,0.0001,138.05593910217286,0.2,0.8302952647209167,0.1130859375,2230,1771.48388671875,1000.0,,
1238,1481,448,1835008,0.013634611,16.723222017288208,-0.014225694141350687,0.11331316083669662,81.44102478027344,0.0001,192.589457321167,0.2,0.7610097527503967,0.12109375,2235,1771.48388671875,1000.0,,
1240,1482,449,1839104,0.012268498,16.72661256790161,-0.011900142836384475,0.11331713944673538,87.60211944580078,0.0001,202.85362663269044,0.2,0.8061328530311584,0.095654296875,2240,1769.5899658203125,1000.0,,
1243,1481,450,1843200,0.01198534,16.72750973701477,-0.01438066668342799,0.11330494284629822,75.93311309814453,0.0001,178.12462730407714,0.2,0.850165069103241,0.10927734375,2245,1825.35009765625,1000.0,,
1246,1482,451,1847296,0.01103902,16.727157020568846,-0.012874329002806916,0.11329658329486847,75.92100524902344,0.0001,162.68134155273438,0.2,0.829025149345398,0.0974609375,2250,1812.5865478515625,1000.0,,
1247,1483,452,1851392,0.01376266,16.7273389339447,-0.01332894949009642,0.11322690546512604,65.70152282714844,0.0001,156.81246128082276,0.2,0.837713897228241,0.0994140625,2255,1812.5865478515625,1000.0,,
1250,1484,453,1855488,0.010939775,16.73251357078552,-0.01341976577823516,0.11320460587739944,70.03596496582031,0.0001,155.38320121765136,0.2,0.8402426242828369,0.09501953125,2260,1803.3341064453125,1000.0,,
1253,1483,454,1859584,0.009886518,16.73035922050476,-0.012580007477663458,0.11322794109582901,67.00065612792969,0.0001,163.16820678710937,0.2,0.8574516177177429,0.087158203125,2265,1803.883544921875,1000.0,,
1255,1483,455,1863680,0.011011441,16.728905534744264,-0.010539735085330904,0.11320436745882034,45.623802185058594,0.0001,110.71378288269042,0.2,0.8915033340454102,0.0916015625,2270,1797.7867431640625,1000.0,,
1257,1485,456,1867776,0.012869583,16.731884574890138,-0.012307899893494323,0.1131887435913086,29.781869888305664,0.0001,98.86816883087158,0.2,0.9032257199287415,0.118994140625,2275,1797.7867431640625,1000.0,,
1259,1485,457,1871872,0.013159374,16.733910989761352,-0.011117596243275329,0.11319004744291306,43.502628326416016,0.0001,106.3731065750122,0.2,0.9129862785339355,0.1271484375,2280,1781.3438720703125,1000.0,,
1263,1484,458,1875968,0.016501699,16.736344146728516,-0.016372607677476482,0.11316601932048798,35.76468276977539,0.0001,98.56265544891357,0.2,0.9271003603935242,0.172509765625,2285,1823.311279296875,1000.0,,
1265,1485,459,1880064,0.016674327,16.73687686920166,-0.01602830911288038,0.1131029725074768,27.438640594482422,0.0001,66.4047381401062,0.2,0.8820371627807617,0.164990234375,2290,1807.1309814453125,1000.0,,
1267,1486,460,1884160,0.014632586,16.744973754882814,-0.01436215834110044,0.1131175085902214,45.67809295654297,0.0001,96.40952911376954,0.2,0.843443751335144,0.160693359375,2295,1807.1309814453125,1000.0,,
1270,1485,461,1888256,0.013295334,16.743635749816896,-0.014667638088576495,0.11313911527395248,48.851654052734375,0.0001,117.69325141906738,0.2,0.851858913898468,0.1291015625,2300,1829.4598388671875,1000.0,,
1272,1486,462,1892352,0.014357463,16.7406099319458,-0.01269416231662035,0.11321225762367249,41.66550064086914,0.0001,91.19231376647949,0.2,0.8949229121208191,0.14375,2305,1829.4598388671875,1000.0,,
1274,1487,463,1896448,0.0132755255,16.73314666748047,-0.01369106806232594,0.11320548504590988,64.45362091064453,0.0001,170.96351318359376,0.2,0.8010687828063965,0.148681640625,2310,1791.9827880859375,1000.0,,
1276,1488,464,1900544,0.0132503975,16.73367872238159,-0.012677160883322358,0.11321531981229782,44.85760498046875,0.0001,122.10590915679931,0.2,0.80016028881073,0.115673828125,2315,1791.9827880859375,1000.0,,
1280,1487,465,1904640,0.016895436,16.735640287399292,-0.014430971402907744,0.11318355798721313,40.57900619506836,0.0001,99.29009857177735,0.2,0.8073526620864868,0.131201171875,2320,1788.29638671875,1000.0,,
1282,1487,466,1908736,0.01717902,16.74000735282898,-0.013702336914138868,0.11314798891544342,50.409095764160156,0.0001,118.89638385772705,0.2,0.823994517326355,0.20849609375,2325,1792.3284912109375,1000.0,,
1284,1488,467,1912832,0.012830534,16.73935399055481,-0.011995954689336941,0.11312814801931381,54.19746017456055,0.0001,122.0216257095337,0.2,0.8928316831588745,0.13505859375,2330,1776.1044921875,1000.0,,
1286,1489,468,1916928,0.015396823,16.744514179229736,-0.016489307407755404,0.1130804494023323,51.599342346191406,0.0001,129.79917011260986,0.2,0.8792747855186462,0.14091796875,2335,1776.1044921875,1000.0,,
1291,1487,469,1921024,0.011728952,16.74849576950073,-0.01334422332874965,0.11309460550546646,63.73567581176758,0.0001,144.62239093780516,0.2,0.8656393885612488,0.11875,2340,1758.811279296875,1000.0,,
1293,1488,470,1925120,0.012864708,16.753275537490843,-0.013305113080423325,0.11308882385492325,45.44800567626953,0.0001,107.23950119018555,0.2,0.8913328647613525,0.1330078125,2345,1750.787353515625,1000.0,,
1295,1489,471,1929216,0.010363201,16.759083843231203,-0.007389503327431157,0.11307542026042938,41.436851501464844,0.0001,105.62335109710693,0.2,0.8162459135055542,0.0796875,2350,1734.091064453125,1000.0,,
1297,1490,472,1933312,0.00947338,16.762131261825562,-0.010271894390461967,0.11306280642747879,36.727848052978516,0.0001,110.0380931854248,0.2,0.7859976291656494,0.075927734375,2355,1734.091064453125,1000.0,,
1300,1489,473,1937408,0.010591908,16.76564841270447,-0.0129476232919842,0.11303544044494629,34.007328033447266,0.0001,104.16532745361329,0.2,0.865595817565918,0.102880859375,2360,1725.484375,1000.0,,
1302,1490,474,1941504,0.013792315,16.76950159072876,-0.014461062353802845,0.11306983232498169,28.231060028076172,0.0001,77.14246835708619,0.2,0.8958570957183838,0.125439453125,2365,1726.931884765625,1000.0,,
1304,1490,475,1945600,0.016081428,16.77216076850891,-0.01526851645030547,0.1130618080496788,42.71888732910156,0.0001,92.60808563232422,0.2,0.8348976373672485,0.163330078125,2370,1724.7567138671875,1000.0,,
1306,1491,476,1949696,0.017629262,16.78363618850708,-0.015375090745510533,0.11300105601549149,65.6572036743164,0.0001,127.91485118865967,0.2,0.8498693704605103,0.1689453125,2375,1717.036865234375,1000.0,,
1310,1491,477,1953792,0.013749292,16.792028379440307,-0.012644921796163545,0.11297326534986496,46.77168273925781,0.0001,125.18174304962159,0.2,0.8624438047409058,0.1,2380,1762.14111328125,1000.0,,
1312,1491,478,1957888,0.015104683,16.78980016708374,-0.015748626948334277,0.11299274861812592,51.6080207824707,0.0001,127.1207145690918,0.2,0.8841516971588135,0.140185546875,2385,1753.55078125,1000.0,,
1314,1492,479,1961984,0.014313452,16.787613534927367,-0.012837040773592889,0.11297281086444855,77.34123229980469,0.0001,154.7705186843872,0.2,0.8815644383430481,0.15048828125,2390,1721.45556640625,1000.0,,
1316,1493,480,1966080,0.010948322,16.79299101829529,-0.012297071045031771,0.1129746213555336,71.41937255859375,0.0001,200.38327598571777,0.2,0.804828405380249,0.09482421875,2395,1738.8280029296875,1000.0,,
1319,1492,481,1970176,0.015437566,16.797782707214356,-0.01374646050389856,0.11286972463130951,47.973609924316406,0.0001,106.71705856323243,0.2,0.898028552532196,0.1669921875,2400,1755.008544921875,1000.0,,
1322,1493,482,1974272,0.015733805,16.80903367996216,-0.012988048128318042,0.1128353476524353,57.17216110229492,0.0001,137.35736141204833,0.2,0.8662534356117249,0.15888671875,2405,1738.81640625,1000.0,,
1324,1494,483,1978368,0.0153909745,16.807739782333375,-0.015400457452051342,0.11287977546453476,41.620662689208984,0.0001,96.90456295013428,0.2,0.8933601379394531,0.1615234375,2410,1738.81640625,1000.0,,
1326,1494,484,1982464,0.012582699,16.803087997436524,-0.013710680732037872,0.11285998672246933,54.50198745727539,0.0001,117.3184331893921,0.2,0.8757116794586182,0.1310546875,2415,1716.595947265625,1000.0,,
1329,1493,485,1986560,0.0113509605,16.804159498214723,-0.013053397051407956,0.11284701526165009,36.49099349975586,0.0001,97.63818244934082,0.2,0.8865505456924438,0.10986328125,2420,1739.45361328125,1000.0,,
1332,1494,486,1990656,0.013491218,16.802874040603637,-0.012303020164836198,0.11282660067081451,29.297929763793945,0.0001,74.98244123458862,0.2,0.8952940106391907,0.122607421875,2425,1717.31005859375,1000.0,,
1333,1495,487,1994752,0.011507979,16.807970237731933,-0.011979966686340049,0.11276703327894211,32.027557373046875,0.0001,92.76558380126953,0.2,0.8522682785987854,0.098095703125,2430,1717.31005859375,1000.0,,
1335,1496,488,1998848,0.011720205,16.81445446014404,-0.012019902281463147,0.11273135989904404,21.89902687072754,0.0001,65.24926881790161,0.2,0.9250713586807251,0.099951171875,2435,1720.7989501953125,1000.0,,
1360,1472,489,2002944,0.014477512,16.815651178359985,-0.01329631832195446,0.11275014281272888,30.553972244262695,0.0001,80.52502746582032,0.2,0.9184115529060364,0.12734375,2440,1759.85791015625,1000.0,2.5848596792324656,1250000
1362,1472,490,2007040,0.014163479,16.81668429374695,-0.01239891016157344,0.11274832487106323,52.237308502197266,0.0001,122.70502490997315,0.2,0.8888068199157715,0.123974609375,2445,1748.65673828125,1000.0,,
1364,1473,491,2011136,0.011048095,16.820242643356323,-0.012210210209013894,0.11275067925453186,68.02898406982422,0.0001,164.95420112609864,0.2,0.8353231549263,0.096337890625,2450,1748.65673828125,1000.0,,
1366,1474,492,2015232,0.013046352,16.82196831703186,-0.013534859044011683,0.11272288858890533,50.57809066772461,0.0001,127.26085510253907,0.2,0.8773474097251892,0.117919921875,2455,1744.2806396484375,1000.0,,
1370,1473,493,2019328,0.01171588,16.83125772476196,-0.011438314494444057,0.11268087476491928,52.48149490356445,0.0001,131.62263355255126,0.2,0.874059796333313,0.106201171875,2460,1750.0892333984375,1000.0,,
1372,1474,494,2023424,0.008634102,16.83694543838501,-0.008690982981352135,0.11265231668949127,89.45191192626953,0.0001,203.64617843627929,0.2,0.8030970096588135,0.069580078125,2465,1723.451416015625,1000.0,,
1374,1475,495,2027520,0.012397109,16.840692472457885,-0.01396203165058978,0.11264843493700027,62.01142120361328,0.0001,139.55722122192384,0.2,0.8488292694091797,0.10791015625,2470,1723.451416015625,1000.0,,
1376,1476,496,2031616,0.012334412,16.841509056091308,-0.014823878940660506,0.11266855150461197,56.34708786010742,0.0001,142.66771678924562,0.2,0.8502470254898071,0.11708984375,2475,1711.543701171875,1000.0,,
1380,1475,497,2035712,0.013356375,16.841451168060303,-0.01438307132339105,0.11268848925828934,63.80797576904297,0.0001,138.4518789291382,0.2,0.8555739521980286,0.13408203125,2480,1731.34521484375,1000.0,,
1382,1475,498,2039808,0.011822963,16.84391794204712,-0.011353263910859824,0.11269054561853409,44.61271286010742,0.0001,115.40748767852783,0.2,0.8235189914703369,0.10166015625,2485,1721.895263671875,1000.0,,
1384,1476,499,2043904,0.010420841,16.84743390083313,-0.01097622400848195,0.1126789078116417,56.467041015625,0.0001,128.4670955657959,0.2,0.8114146590232849,0.0892578125,2490,1721.895263671875,1000.0,,
1388,1474,500,2048000,0.00923975,16.85196223258972,-0.009233915829099715,0.11264349520206451,37.469539642333984,0.0001,97.894580078125,0.2,0.8668125867843628,0.062744140625,2495,1733.0565185546875,1000.0,,
1391,1474,501,2052096,0.01101527,16.857505989074706,-0.0125437953742221,0.11265654116868973,43.92626190185547,0.0001,129.9773443222046,0.2,0.8562736511230469,0.0935546875,2500,1733.0565185546875,1000.0,,
1394,1474,502,2056192,0.0123062935,16.857520198822023,-0.011759682069532573,0.11267546564340591,41.409637451171875,0.0001,114.03690071105957,0.2,0.7688853740692139,0.0908203125,2505,1713.7706298828125,1000.0,,
1396,1475,503,2060288,0.011047534,16.860087156295776,-0.010047123697586358,0.11269387602806091,33.398536682128906,0.0001,90.45177040100097,0.2,0.8300899863243103,0.093212890625,2510,1713.7706298828125,1000.0,,
1400,1473,504,2064384,0.013047593,16.862235593795777,-0.011645384260918944,0.11264413595199585,48.45066833496094,0.0001,107.54346809387206,0.2,0.8613603115081787,0.10498046875,2515,1719.0386962890625,1000.0,,
1403,1474,505,2068480,0.014358716,16.874424123764037,-0.012676177732646465,0.11262306571006775,39.6596565246582,0.0001,92.87603168487549,0.2,0.8971750140190125,0.123291015625,2520,1719.0386962890625,1000.0,,
1405,1474,506,2072576,0.015094023,16.88606204986572,-0.008101041009649635,0.11255449801683426,22.09317398071289,0.0001,55.03978338241577,0.2,0.9279823303222656,0.105322265625,2525,1705.2021484375,1000.0,,
1407,1475,507,2076672,0.0134534,16.89806447029114,-0.011205022974172607,0.11246879398822784,23.49530792236328,0.0001,58.95137977600098,0.2,0.9126561880111694,0.13388671875,2530,1705.2021484375,1000.0,,
1410,1474,508,2080768,0.01149134,16.902429866790772,-0.010650309640914202,0.11246693879365921,22.669450759887695,0.0001,62.042216300964355,0.2,0.8855341672897339,0.118896484375,2535,1747.0999755859375,1000.0,,
1412,1475,509,2084864,0.01476014,16.9008207321167,-0.01180009210947901,0.11246895790100098,27.70271110534668,0.0001,57.69199085235596,0.2,0.9080614447593689,0.1330078125,2540,1750.3123779296875,1000.0,,
1414,1476,510,2088960,0.011020936,16.899459981918334,-0.008299387758597732,0.11248186975717545,96.76513671875,0.0001,225.0696708679199,0.2,0.7201385498046875,0.108837890625,2545,1748.819580078125,1000.0,,
1416,1477,511,2093056,0.012873406,16.899741411209106,-0.013878062483854592,0.11246334761381149,92.09632110595703,0.0001,233.28795433044434,0.2,0.7404540777206421,0.1048828125,2550,1748.819580078125,1000.0,,
1420,1476,512,2097152,0.011214934,16.901693248748778,-0.012033280223840847,0.11246082931756973,99.1756362915039,0.0001,208.22340393066406,0.2,0.7800463438034058,0.101953125,2555,1735.142822265625,1000.0,,
1422,1477,513,2101248,0.016620766,16.9001549243927,-0.016599518025759607,0.11245446652173996,69.56719207763672,0.0001,160.9268310546875,0.2,0.8341891169548035,0.16259765625,2560,1716.7884521484375,1000.0,,
1424,1477,514,2105344,0.011185693,16.902130460739137,-0.011705294193234295,0.11245670169591904,62.35093688964844,0.0001,151.97423992156982,0.2,0.7897301912307739,0.099853515625,2565,1704.14599609375,1000.0,,
1426,1478,515,2109440,0.014041292,16.906738901138304,-0.014571878733113408,0.11241567879915237,41.97050857543945,0.0001,99.35579471588134,0.2,0.8822559118270874,0.137939453125,2570,1704.14599609375,1000.0,,
1430,1477,516,2113536,0.013224527,16.91469407081604,-0.013702218345133587,0.11237162351608276,28.840221405029297,0.0001,74.40956525802612,0.2,0.9114944338798523,0.135498046875,2575,1742.3604736328125,1000.0,,
1433,1477,517,2117632,0.019561952,16.924040460586546,-0.01601958423270844,0.11227024346590042,43.85532760620117,0.0001,92.06295108795166,0.2,0.9109349250793457,0.19560546875,2580,1727.20166015625,999.5,,
1434,1478,518,2121728,0.01194039,16.932589721679687,-0.013392458984162659,0.1122429221868515,105.58497619628906,0.0001,237.87029304504395,0.2,0.7669740319252014,0.112548828125,2585,1727.20166015625,999.5,,
1437,1479,519,2125824,0.015982522,16.934586143493654,-0.012138883688021452,0.11223453283309937,21.624101638793945,0.0001,60.645179748535156,0.2,0.9400073289871216,0.10927734375,2590,1718.6629638671875,999.5,,
1440,1478,520,2129920,0.019354422,16.93423719406128,-0.013918165594805031,0.11216487735509872,17.554454803466797,0.0001,46.44345054626465,0.2,0.9613842964172363,0.169970703125,2595,1789.7191162109375,999.5,,
1442,1479,521,2134016,0.017175214,16.94245843887329,-0.013743856269866229,0.11210185289382935,33.26772689819336,0.0001,74.41695070266724,0.2,0.9297506809234619,0.179345703125,2600,1775.03125,999.5,,
1444,1480,522,2138112,0.01211294,16.946740055084227,-0.008659745170734822,0.11206195503473282,39.80355453491211,0.0001,98.08611297607422,0.2,0.8891585469245911,0.11005859375,2605,1775.03125,999.5,,
1446,1481,523,2142208,0.011110905,16.946759843826293,-0.009181823814287782,0.1120235025882721,43.92119216918945,0.0001,101.76910419464112,0.2,0.9001965522766113,0.090234375,2610,1772.3135986328125,999.5,,
1450,1480,524,2146304,0.010918148,16.949843406677246,-0.010756012448109687,0.11196767538785934,39.61907958984375,0.0001,97.47026748657227,0.2,0.9006168246269226,0.10634765625,2615,1760.0543212890625,999.5,,
1452,1480,525,2150400,0.013419829,16.957596015930175,-0.012576562981121243,0.11197949945926666,33.267723083496094,0.0001,73.87958393096923,0.2,0.919934868812561,0.1162109375,2620,1769.5537109375,999.5,,
1454,1481,526,2154496,0.013014232,16.963774585723876,-0.012920993915759026,0.11199180781841278,35.51742935180664,0.0001,89.94501762390136,0.2,0.8789428472518921,0.11318359375,2625,1769.5537109375,999.5,,
1456,1482,527,2158592,0.013893311,16.967923402786255,-0.012161648680921644,0.11200573295354843,22.844655990600586,0.0001,63.787470531463626,0.2,0.9038273096084595,0.135009765625,2630,1766.325439453125,999.5,,
1459,1481,528,2162688,0.01644866,16.966356611251832,-0.015969162224791944,0.11197523027658463,27.467029571533203,0.0001,69.46932039260864,0.2,0.9086074233055115,0.1875,2635,1768.749267578125,999.5,,
1461,1482,529,2166784,0.0125717465,16.969932651519777,-0.011241227929713205,0.11194115877151489,53.61484909057617,0.0001,132.00245323181153,0.2,0.9300525784492493,0.12548828125,2640,1767.70751953125,999.5,,
1463,1483,530,2170880,0.013696764,16.968761682510376,-0.013553960705758072,0.11191247403621674,56.60205078125,0.0001,143.6842279434204,0.2,0.9377011060714722,0.127685546875,2645,1767.70751953125,999.5,,
1465,1483,531,2174976,0.014000344,16.96988887786865,-0.011869244195986539,0.11191287636756897,74.63724517822266,0.0001,149.30119533538817,0.2,0.9343134760856628,0.132421875,2650,1780.2520751953125,999.5,,
1469,1482,532,2179072,0.016959358,16.971228456497194,-0.014116843155352398,0.11184973269701004,25.391138076782227,0.0001,65.21763401031494,0.2,0.9722985625267029,0.170068359375,2655,1760.182373046875,999.5,,
1471,1483,533,2183168,0.013957903,16.974483823776247,-0.01175555376103148,0.11183904111385345,59.085418701171875,0.0001,127.78546733856201,0.2,0.9045780897140503,0.14716796875,2660,1743.2340087890625,999.5,,
1473,1484,534,2187264,0.011779934,16.976138305664062,-0.011013146245386452,0.11184626072645187,70.34494018554688,0.0001,161.06031246185302,0.2,0.7820119261741638,0.087939453125,2665,1743.2340087890625,999.5,,
1475,1485,535,2191360,0.01247153,16.979551839828492,-0.013077680498827248,0.11181873828172684,56.272369384765625,0.0001,149.89482536315919,0.2,0.8622991442680359,0.111669921875,2670,1736.275634765625,999.5,,
1478,1484,536,2195456,0.013841545,16.990106725692748,-0.013659097970230506,0.11175116896629333,42.418800354003906,0.0001,107.00752410888671,0.2,0.913506269454956,0.12802734375,2675,1756.9747314453125,999.5,,
1480,1485,537,2199552,0.0109189395,16.998911094665527,-0.012360563280526548,0.11174459010362625,68.648193359375,0.0001,155.0609230041504,0.2,0.8772227168083191,0.1,2680,1732.233642578125,999.5,,
1482,1486,538,2203648,0.012158342,16.999105405807494,-0.010166977951303124,0.1117447167634964,66.66412353515625,0.0001,139.47638301849366,0.2,0.8862612247467041,0.085302734375,2685,1732.233642578125,999.5,,
1484,1486,539,2207744,0.0092824055,17.000813674926757,-0.007393387780757621,0.11176256090402603,67.97541809082031,0.0001,168.99095001220704,0.2,0.8600232005119324,0.05732421875,2690,1731.866455078125,999.5,,
1488,1486,540,2211840,0.011565052,17.00244116783142,-0.011173452832736075,0.11174405366182327,64.86683654785156,0.0001,155.30201530456543,0.2,0.882922351360321,0.085205078125,2695,1768.2080078125,999.5,,
1490,1486,541,2215936,0.01036817,17.006263399124144,-0.009951666928827763,0.11172106117010117,52.98689651489258,0.0001,141.1834051132202,0.2,0.8039720058441162,0.06435546875,2700,1764.5888671875,999.5,,
1492,1487,542,2220032,0.01467503,17.008552026748657,-0.01411055336939171,0.11170611530542374,33.247222900390625,0.0001,82.23421125411987,0.2,0.8921346664428711,0.139501953125,2705,1764.5888671875,999.5,,
1495,1487,543,2224128,0.015880825,17.01371831893921,-0.014185993181308731,0.11164867132902145,14.252740859985352,0.0001,41.645218753814696,0.2,0.9539968967437744,0.159375,2710,1775.2406005859375,1000.0,,
1497,1487,544,2228224,0.01761115,17.018395614624023,-0.013349746144376696,0.11165076494216919,18.995878219604492,0.0001,49.78016653060913,0.2,0.9443541169166565,0.17685546875,2715,1775.2406005859375,1000.0,,
1499,1488,545,2232320,0.012561297,17.026068925857544,-0.0103309763740981,0.11162011325359344,44.79228591918945,0.0001,103.98074264526367,0.2,0.855095624923706,0.101708984375,2720,1750.3642578125,1000.0,,
1501,1489,546,2236416,0.0118426,17.029616022109984,-0.010184760217089205,0.11160658299922943,56.04109191894531,0.0001,140.20919971466066,0.2,0.8138390779495239,0.074755859375,2725,1750.3642578125,1000.0,,
1505,1488,547,2240512,0.015490066,17.027984189987183,-0.01579778370214626,0.1116597130894661,61.906124114990234,0.0001,130.098046875,0.2,0.8182287812232971,0.1501953125,2730,1744.7198486328125,1000.0,,
1507,1489,548,2244608,0.011655541,17.026062297821046,-0.011027619382366538,0.11163164675235748,89.94922637939453,0.0001,199.03667793273925,0.2,0.7539260387420654,0.09619140625,2735,1744.7198486328125,1000.0,,
1509,1489,549,2248704,0.013780795,17.02994313240051,-0.01505511738359928,0.11160808801651001,41.4266357421875,0.0001,101.06051673889161,0.2,0.8666195273399353,0.11259765625,2740,1710.31103515625,1000.0,,
1532,1469,550,2252800,0.015360498,17.029854774475098,-0.014131821796763689,0.11156340688467026,27.158203125,0.0001,65.95960969924927,0.2,0.9153196811676025,0.1591796875,2745,1710.31103515625,1000.0,2.6011711219024685,2250000
1536,1468,551,2256896,0.018189762,17.04044337272644,-0.013581337581854314,0.1114884689450264,29.48788833618164,0.0001,68.33048706054687,0.2,0.9190474152565002,0.175244140625,2750,1723.711669921875,1000.0,,
1538,1469,552,2260992,0.016790211,17.04637951850891,-0.012384962325450033,0.11144796013832092,23.04529571533203,0.0001,58.77839555740356,0.2,0.9349058866500854,0.158544921875,2755,1723.71826171875,1000.0,,
1540,1470,553,2265088,0.010054684,17.049567461013794,-0.011113704880699515,0.1114632859826088,47.19144058227539,0.0001,120.86832904815674,0.2,0.8695046901702881,0.10556640625,2760,1713.985107421875,1000.0,,
1542,1471,554,2269184,0.011430089,17.045196294784546,-0.010462370287859813,0.11148058623075485,45.81498336791992,0.0001,114.17583026885987,0.2,0.8935545086860657,0.102490234375,2765,1713.985107421875,1000.0,,
1546,1470,555,2273280,0.010348234,17.04216365814209,-0.009746677533257753,0.11145619302988052,59.31687927246094,0.0001,140.60083541870117,0.2,0.8838750720024109,0.07568359375,2770,1713.50634765625,1000.0,,
1548,1470,556,2277376,0.014990493,17.044048929214476,-0.014517403888748958,0.1114417240023613,44.72720718383789,0.0001,101.69575595855713,0.2,0.9106116890907288,0.154052734375,2775,1706.7841796875,1000.0,,
1550,1471,557,2281472,0.014382591,17.05037055015564,-0.013863528281217442,0.11138732731342316,22.6652889251709,0.0001,55.934417724609375,0.2,0.9422867298126221,0.170947265625,2780,1706.7841796875,1000.0,,
1552,1472,558,2285568,0.012309109,17.05870032310486,-0.009757453255588189,0.11138655990362167,29.467044830322266,0.0001,67.48182697296143,0.2,0.9444812536239624,0.113720703125,2785,1706.7841796875,1000.0,,
1555,1471,559,2289664,0.012157535,17.056216716766357,-0.011742224579211324,0.1114233061671257,41.639678955078125,0.0001,98.34469814300537,0.2,0.9210444688796997,0.117138671875,2790,1765.14990234375,1000.0,,
1557,1472,560,2293760,0.013432007,17.054632472991944,-0.014173781487625093,0.11145768314599991,25.79322624206543,0.0001,67.86938047409058,0.2,0.9286122918128967,0.114697265625,2795,1747.8363037109375,1000.0,,
1559,1473,561,2297856,0.012569526,17.055755949020387,-0.012876522736041807,0.11145322024822235,43.303672790527344,0.0001,104.44312725067138,0.2,0.8096119165420532,0.12919921875,2800,1747.8363037109375,1000.0,,
1561,1473,562,2301952,0.0118609015,17.057837677001952,-0.011111317441100254,0.1114504337310791,46.822689056396484,0.0001,131.4822774887085,0.2,0.29988282918930054,0.120458984375,2805,1743.04736328125,1000.0,,
1565,1473,563,2306048,0.0123995,17.060197877883912,-0.013062226821784862,0.11140044033527374,54.770503997802734,0.0001,132.84947052001954,0.2,0.2704569101333618,0.1171875,2810,1735.51318359375,1000.0,,
1567,1473,564,2310144,0.014571473,17.066867876052857,-0.013289276394061744,0.11138969659805298,47.52811050415039,0.0001,107.17625465393067,0.2,0.7831587791442871,0.118115234375,2815,1737.70458984375,1000.0,,
1569,1474,565,2314240,0.012033915,17.06527590751648,-0.011129505070857703,0.11141450703144073,45.40898895263672,0.0001,118.5951316833496,0.2,0.8371397852897644,0.099609375,2820,1737.70458984375,1000.0,,
1571,1475,566,2318336,0.0112387445,17.062505769729615,-0.010208682209486142,0.1113719716668129,62.67610549926758,0.0001,138.74131088256837,0.2,0.8320043087005615,0.097119140625,2825,1728.56103515625,1000.0,,
1575,1474,567,2322432,0.012428663,17.065585803985595,-0.013124237861484289,0.11138646304607391,48.97026443481445,0.0001,115.31177368164063,0.2,0.8688991069793701,0.12958984375,2830,1726.376708984375,1000.0,,
1577,1475,568,2326528,0.016522944,17.068975973129273,-0.015375779068563133,0.11135955899953842,41.007808685302734,0.0001,90.58763427734375,0.2,0.8973475098609924,0.153515625,2835,1708.8653564453125,1000.0,,
1579,1475,569,2330624,0.0119266175,17.07727108001709,-0.010694808996049687,0.11131011694669724,37.14057540893555,0.0001,85.44525594711304,0.2,0.8890805244445801,0.119482421875,2840,1708.8653564453125,1000.0,,
1581,1476,570,2334720,0.013605006,17.08535780906677,-0.013165845721960067,0.11123141646385193,23.768049240112305,0.0001,68.73498086929321,0.2,0.8980124592781067,0.1259765625,2845,1707.688720703125,1000.0,,
1584,1476,571,2338816,0.013197321,17.09934296607971,-0.012452240911079571,0.11119811236858368,24.066511154174805,0.0001,57.68799409866333,0.2,0.9247353076934814,0.154248046875,2850,1737.733642578125,1000.0,,
1586,1476,572,2342912,0.011625124,17.111467790603637,-0.008903891209047287,0.11118023097515106,60.02518081665039,0.0001,154.7054105758667,0.2,0.8032691478729248,0.09638671875,2855,1727.95751953125,1000.0,,
1588,1477,573,2347008,0.009282658,17.11403956413269,-0.00857139453291893,0.11117742955684662,82.053955078125,0.0001,216.27777252197265,0.2,0.7143567800521851,0.055517578125,2860,1727.95751953125,1000.0,,
1590,1478,574,2351104,0.012546857,17.113621950149536,-0.0125244160881266,0.11117740720510483,58.24293518066406,0.0001,155.2723569869995,0.2,0.7964393496513367,0.08408203125,2865,1725.9407958984375,1000.0,,
1594,1477,575,2355200,0.014897382,17.111952590942384,-0.013836578108021058,0.11119387298822403,81.73857879638672,0.0001,172.72186203002929,0.2,0.8038131594657898,0.141064453125,2870,1748.075927734375,1000.0,,
1596,1477,576,2359296,0.016139148,17.109950637817384,-0.014484993292717263,0.11119580268859863,37.81214904785156,0.0001,99.79193096160888,0.2,0.8725111484527588,0.1603515625,2875,1751.907958984375,1000.0,,
1598,1478,577,2363392,0.012468758,17.111341619491576,-0.011714720532472711,0.1111767441034317,47.60962677001953,0.0001,121.72547626495361,0.2,0.822230339050293,0.1005859375,2880,1751.907958984375,1000.0,,
1600,1479,578,2367488,0.010391304,17.113561630249023,-0.011707101858337409,0.11116740852594376,43.46408462524414,0.0001,120.62484397888184,0.2,0.8406147360801697,0.090234375,2885,1748.9051513671875,1000.0,,
1603,1478,579,2371584,0.014430075,17.12234172821045,-0.013607358315493912,0.1111273393034935,33.982669830322266,0.0001,79.73857107162476,0.2,0.8901686072349548,0.130224609375,2890,1754.6165771484375,1000.0,,
1605,1479,580,2375680,0.012793085,17.13602924346924,-0.010952843228005804,0.11106935143470764,56.39803695678711,0.0001,135.63796863555908,0.2,0.851906955242157,0.08984375,2895,1723.36328125,1000.0,,
1607,1480,581,2379776,0.012343269,17.144252395629884,-0.012898697616765275,0.11106375604867935,34.633766174316406,0.0001,97.36136417388916,0.2,0.8947473764419556,0.114501953125,2900,1723.36328125,1000.0,,
1609,1480,582,2383872,0.014415939,17.147769451141357,-0.013431360147660599,0.11108491569757462,26.563541412353516,0.0001,74.98793621063233,0.2,0.9326721429824829,0.122265625,2905,1717.520751953125,1000.0,,
1613,1480,583,2387968,0.012305465,17.154299306869508,-0.012157897115685046,0.11104017496109009,25.818988800048828,0.0001,65.04570369720459,0.2,0.9420602917671204,0.129150390625,2910,1710.790283203125,1000.0,,
1615,1480,584,2392064,0.01083775,17.158402729034425,-0.010856815049191938,0.11100248247385025,40.74051284790039,0.0001,110.85196723937989,0.2,0.9008998274803162,0.084814453125,2915,1693.411376953125,1000.0,,
1617,1481,585,2396160,0.015653111,17.160734558105467,-0.013929772237315775,0.11099626868963242,36.461997985839844,0.0001,84.81991596221924,0.2,0.9355623126029968,0.13837890625,2920,1693.411376953125,1000.0,,
1620,1481,586,2400256,0.014399212,17.16107234954834,-0.012559954752214253,0.1110166534781456,34.07713317871094,0.0001,93.59010372161865,0.2,0.9357336163520813,0.122607421875,2925,1721.860595703125,1000.0,,
1622,1481,587,2404352,0.013609565,17.1590096950531,-0.013009005523053929,0.1110597625374794,29.669395446777344,0.0001,79.13597135543823,0.2,0.9459059238433838,0.129638671875,2930,1721.860595703125,1000.0,,
1624,1482,588,2408448,0.0135456845,17.156767511367796,-0.013080300076398998,0.11104937642812729,31.446748733520508,0.0001,82.7984398841858,0.2,0.8965376019477844,0.135498046875,2935,1715.9095458984375,1000.0,,
1626,1482,589,2412544,0.014396243,17.16059947013855,-0.013586423092056066,0.11103800684213638,39.908695220947266,0.0001,92.17227306365967,0.2,0.8785272836685181,0.123828125,2940,1715.9095458984375,1000.0,,
1630,1482,590,2416640,0.014268536,17.163002157211302,-0.012045246025081724,0.11109118908643723,25.76859474182129,0.0001,60.91840543746948,0.2,0.9151966571807861,0.144970703125,2945,1694.67578125,1000.0,,
1632,1482,591,2420736,0.018598516,17.162268447875977,-0.016050680496846326,0.11110342293977737,23.678447723388672,0.0001,50.59732351303101,0.2,0.947080671787262,0.189404296875,2950,1713.8057861328125,1000.0,,
1634,1483,592,2424832,0.012073269,17.161916637420653,-0.011624366941396147,0.11112868040800095,50.52958297729492,0.0001,128.0688959121704,0.2,0.8288607001304626,0.133154296875,2955,1703.0631103515625,1000.0,,
1636,1484,593,2428928,0.00959637,17.16172614097595,-0.01166765479138121,0.11113390326499939,74.47772979736328,0.0001,180.03110313415527,0.2,0.8484429121017456,0.088525390625,2960,1703.0631103515625,1000.0,,
1640,1483,594,2433024,0.012306146,17.163096714019776,-0.015303753572516144,0.1111418679356575,81.86888885498047,0.0001,199.4387577056885,0.2,0.8230957984924316,0.108349609375,2965,1714.59912109375,1000.0,,
1642,1484,595,2437120,0.012369137,17.168802404403685,-0.014465522108366713,0.11108772456645966,86.38127136230469,0.0001,182.1856903076172,0.2,0.8513481616973877,0.124169921875,2970,1705.6646728515625,1000.0,,
1644,1484,596,2441216,0.011951154,17.176381587982178,-0.012991332352976314,0.11105706542730331,70.1894760131836,0.0001,162.59223747253418,0.2,0.8718175292015076,0.101318359375,2975,1673.7596435546875,1000.0,,
1646,1485,597,2445312,0.0145632755,17.181595468521117,-0.014191087801009417,0.1110197901725769,44.34040069580078,0.0001,109.61065692901612,0.2,0.910845935344696,0.1396484375,2980,1673.7596435546875,1000.0,,
1649,1484,598,2449408,0.014298801,17.18275032043457,-0.014035124354995787,0.11101385205984116,46.12371826171875,0.0001,114.0973934173584,0.2,0.9032971858978271,0.145068359375,2985,1684.20751953125,1000.0,,
1652,1485,599,2453504,0.014497643,17.18293137550354,-0.012629783141892403,0.11098945885896683,70.69344329833984,0.0001,147.28849277496337,0.2,0.8780151605606079,0.122412109375,2990,1674.2244873046875,999.68,,
1653,1485,600,2457600,0.013258006,17.183342027664185,-0.013768010988133027,0.11095905303955078,149.0675811767578,0.0001,307.7430393218994,0.2,0.7742753624916077,0.118505859375,2995,1674.2244873046875,999.68,,
1655,1486,601,2461696,0.013006484,17.186158227920533,-0.013025462022051215,0.11092334240674973,46.01029586791992,0.0001,107.26959018707275,0.2,0.9292958974838257,0.105908203125,3000,1655.0074462890625,999.68,,
1659,1485,602,2465792,0.015656007,17.19332218170166,-0.015223851427435875,0.11086729913949966,40.6885871887207,0.0001,99.86411781311035,0.2,0.9381996989250183,0.14345703125,3005,1712.02734375,999.68,,
1662,1485,603,2469888,0.015734874,17.201560258865356,-0.0137006520293653,0.11084919422864914,28.511463165283203,0.0001,72.84634342193604,0.2,0.9492250084877014,0.161474609375,3010,1687.229736328125,999.68,,
1663,1486,604,2473984,0.013448857,17.206508493423463,-0.011159172822954134,0.11084137111902237,27.99874496459961,0.0001,74.0639081954956,0.2,0.9319425225257874,0.120361328125,3015,1687.229736328125,999.68,,
1665,1487,605,2478080,0.015303941,17.20585217475891,-0.013716471218504011,0.11089704930782318,23.242212295532227,0.0001,63.79377784729004,0.2,0.9418624043464661,0.12587890625,3020,1681.950927734375,999.68,,
1669,1486,606,2482176,0.013371868,17.20065083503723,-0.01359621686860919,0.11088402569293976,17.90859603881836,0.0001,63.71313734054566,0.2,0.9536465406417847,0.14609375,3025,1717.9111328125,999.68,,
1671,1487,607,2486272,0.017296616,17.195794582366943,-0.015840939164627345,0.11096466332674026,34.42865753173828,0.0001,84.740797996521,0.2,0.9462441802024841,0.181787109375,3030,1719.61181640625,999.68,,
1673,1487,608,2490368,0.010997171,17.185504150390624,-0.01141847600811161,0.11097104847431183,50.2304573059082,0.0001,134.03426208496094,0.2,0.8937205076217651,0.11982421875,3035,1719.61181640625,999.68,,
1675,1488,609,2494464,0.013098132,17.191997003555297,-0.012679977156221867,0.11095114797353745,37.63294982910156,0.0001,92.67141933441162,0.2,0.9234170913696289,0.1310546875,3040,1708.7315673828125,999.68,,
1679,1487,610,2498560,0.015529431,17.1977707862854,-0.015241171000525355,0.11093544960021973,29.270105361938477,0.0001,76.57194662094116,0.2,0.9345335364341736,0.17109375,3045,1688.643310546875,999.38,,
1703,1469,611,2502656,0.011332059,17.201614665985108,-0.009838264982681722,0.1108902245759964,107.48114776611328,0.0001,192.56139278411865,0.2,0.8689669966697693,0.1046875,3050,1698.70263671875,999.38,2.534024506644424,2250000
1705,1470,612,2506752,0.008868743,17.206023693084717,-0.007974914845544846,0.11087164282798767,40.906349182128906,0.0001,114.6174165725708,0.2,0.9115914106369019,0.05537109375,3055,1698.70263671875,999.38,,
1707,1470,613,2510848,0.012317973,17.207075119018555,-0.01158853443339467,0.11085490137338638,32.13951873779297,0.0001,90.7372854232788,0.2,0.93570476770401,0.08515625,3060,1684.9886474609375,999.38,,
1710,1469,614,2514944,0.011530988,17.209489250183104,-0.010995043005095795,0.1108609139919281,37.405155181884766,0.0001,101.33279151916504,0.2,0.9349488615989685,0.084326171875,3065,1716.4365234375,999.38,,
1713,1470,615,2519040,0.01655692,17.21160492897034,-0.013258989783935249,0.11078941076993942,23.748971939086914,0.0001,54.961048698425294,0.2,0.9648128151893616,0.167822265625,3070,1696.01416015625,999.38,,
1715,1471,616,2523136,0.015366504,17.21327018737793,-0.012184847833123059,0.11077213287353516,42.53919219970703,0.0001,100.92554759979248,0.2,0.945154070854187,0.1826171875,3075,1696.01416015625,999.38,,
1717,1471,617,2527232,0.014674168,17.215802001953126,-0.01440465921186842,0.1107257679104805,53.79606628417969,0.0001,113.76929512023926,0.2,0.9353017210960388,0.146533203125,3080,1700.4771728515625,999.38,,
1720,1471,618,2531328,0.017512348,17.223980093002318,-0.014237954281270504,0.11072240024805069,36.4200553894043,0.0001,81.78313446044922,0.2,0.9611436128616333,0.18134765625,3085,1738.3643798828125,999.38,,
1722,1471,619,2535424,0.013301971,17.22816710472107,-0.013116139266639949,0.11072006076574326,41.75859069824219,0.0001,103.63381671905518,0.2,0.9487172961235046,0.12880859375,3090,1731.43310546875,999.38,,
1724,1472,620,2539520,0.009504449,17.23000931739807,-0.01064306276384741,0.11069853603839874,31.227323532104492,0.0001,93.72242975234985,0.2,0.9525375962257385,0.0744140625,3095,1731.43310546875,999.38,,
1726,1472,621,2543616,0.012498446,17.23369402885437,-0.010816510987933726,0.11068639904260635,35.73312759399414,0.0001,96.04274253845215,0.2,0.9509179592132568,0.071875,3100,1724.1568603515625,999.38,,
1730,1472,622,2547712,0.0125061255,17.241484498977663,-0.012843025429174305,0.11065508425235748,49.06676483154297,0.0001,116.29341506958008,0.2,0.9519490599632263,0.112060546875,3105,1791.2344970703125,999.38,,
1732,1472,623,2551808,0.013181455,17.247028160095216,-0.011836416745791212,0.11063098907470703,54.6071891784668,0.0001,128.84804725646973,0.2,0.9305261969566345,0.103857421875,3110,1777.3145751953125,999.38,,
1734,1473,624,2555904,0.01254178,17.248723316192628,-0.012514941190602258,0.11059969663619995,57.061981201171875,0.0001,138.87008686065673,0.2,0.9107913374900818,0.10830078125,3115,1777.3145751953125,999.38,,
1737,1473,625,2560000,0.012468886,17.252133560180663,-0.010313122119987384,0.11058304458856583,40.70478439331055,0.0001,107.63909225463867,0.2,0.9309373497962952,0.075146484375,3120,1805.7763671875,999.7,,
1740,1473,626,2564096,0.012854509,17.255825662612914,-0.013222276675514876,0.1105499416589737,26.29340362548828,0.0001,74.31932764053344,0.2,0.959527313709259,0.116162109375,3125,1805.7763671875,999.7,,
1742,1473,627,2568192,0.014969901,17.257225227355956,-0.01422654907219112,0.11056593805551529,44.965240478515625,0.0001,99.25456924438477,0.2,0.9047408699989319,0.140673828125,3130,1806.1754150390625,999.7,,
1744,1474,628,2572288,0.015348006,17.25577754974365,-0.013063894413062372,0.11055002361536026,40.42693328857422,0.0001,124.7348030090332,0.2,0.8878559470176697,0.1384765625,3135,1806.1754150390625,999.7,,
1748,1473,629,2576384,0.012740363,17.257979440689088,-0.011761843506246806,0.11050187796354294,39.82735824584961,0.0001,105.2037338256836,0.2,0.9044116139411926,0.1326171875,3140,1839.803466796875,999.7,,
1750,1474,630,2580480,0.015995096,17.267810153961182,-0.014579904472338968,0.11042721569538116,27.656217575073242,0.0001,64.17941246032714,0.2,0.9322501420974731,0.16708984375,3145,1839.803466796875,999.7,,
1752,1474,631,2584576,0.009946798,17.274308586120604,-0.00801296317949891,0.11043409258127213,36.63490676879883,0.0001,96.49961261749267,0.2,0.8740367293357849,0.087060546875,3150,1826.6942138671875,999.7,,
1754,1475,632,2588672,0.013031853,17.27450075149536,-0.014106251357588917,0.11041976511478424,37.175750732421875,0.0001,94.62186603546142,0.2,0.9236389398574829,0.130712890625,3155,1826.6942138671875,999.7,,
1757,1475,633,2592768,0.012291049,17.2776611328125,-0.010644760495051742,0.11039772629737854,20.93437385559082,0.0001,58.79327135086059,0.2,0.9499950408935547,0.1044921875,3160,1883.6337890625,1000.0,,
1760,1475,634,2596864,0.012064574,17.28456053733826,-0.011601381946820765,0.11031383275985718,23.842144012451172,0.0001,59.13782453536987,0.2,0.960513174533844,0.1208984375,3165,1867.09130859375,1000.0,,
1761,1476,635,2600960,0.010911923,17.296338319778442,-0.010427865813835525,0.1102885827422142,36.633670806884766,0.0001,88.2692461013794,0.2,0.9244352579116821,0.11787109375,3170,1867.09130859375,1000.0,,
1763,1476,636,2605056,0.011007661,17.300802421569824,-0.012845996511168778,0.1102459579706192,44.627323150634766,0.0001,118.85656280517578,0.2,0.8645700216293335,0.1099609375,3175,1867.09130859375,1000.0,,
1767,1476,637,2609152,0.011361175,17.30702414512634,-0.011466596304671839,0.11020517349243164,44.237117767333984,0.0001,108.51079349517822,0.2,0.8770043253898621,0.08203125,3180,1902.95654296875,1000.0,,
1769,1476,638,2613248,0.014033739,17.312185955047607,-0.014952145505230875,0.11015382409095764,57.064701080322266,0.0001,139.06664028167725,0.2,0.8491243124008179,0.11357421875,3185,1884.147705078125,1000.0,,
1771,1477,639,2617344,0.011409755,17.317104625701905,-0.012728195532690733,0.11014334857463837,87.03948974609375,0.0001,246.6310329437256,0.2,0.7818204760551453,0.10478515625,3190,1884.147705078125,1000.0,,
1773,1478,640,2621440,0.011306457,17.31746139526367,-0.012439087318489328,0.11018285900354385,37.96574401855469,0.0001,100.54244003295898,0.2,0.9301523566246033,0.09482421875,3195,1884.147705078125,1000.0,,
1777,1476,641,2625536,0.014046136,17.31813440322876,-0.015273314883233979,0.11021271347999573,34.814937591552734,0.0001,91.33619194030761,0.2,0.9347492456436157,0.149462890625,3200,1883.364990234375,1000.0,,
1780,1477,642,2629632,0.015035742,17.321257066726684,-0.015902405034285038,0.11020177602767944,48.023014068603516,0.0001,106.56753978729247,0.2,0.9171900749206543,0.159326171875,3205,1849.524658203125,1000.0,,
1782,1477,643,2633728,0.015135015,17.319457006454467,-0.015611481218365952,0.11020336300134659,71.84012603759766,0.0001,167.25609664916993,0.2,0.8830105066299438,0.148681640625,3210,1849.524658203125,1000.0,,
1784,1478,644,2637824,0.014073269,17.32438702583313,-0.013356511597521603,0.11015331000089645,50.511512756347656,0.0001,142.18483276367186,0.2,0.8978210687637329,0.145703125,3215,1842.892822265625,1000.0,,
1787,1477,645,2641920,0.01526633,17.334459829330445,-0.013526009843917563,0.11010286957025528,51.458126068115234,0.0001,119.38877983093262,0.2,0.9098616242408752,0.14208984375,3220,1841.200927734375,1000.0,,
1789,1478,646,2646016,0.012771955,17.34104452133179,-0.013752612855751068,0.11008694022893906,46.084712982177734,0.0001,98.15273742675781,0.2,0.9418331384658813,0.1337890625,3225,1821.7303466796875,1000.0,,
1791,1479,647,2650112,0.010226294,17.34795618057251,-0.01193604821455665,0.11002685874700546,61.39378356933594,0.0001,156.69079761505128,0.2,0.8954993486404419,0.103173828125,3230,1821.7303466796875,1000.0,,
1793,1479,648,2654208,0.011936268,17.352383852005005,-0.012528172961901873,0.11000024527311325,58.02042007446289,0.0001,146.85733432769774,0.2,0.8986943364143372,0.093505859375,3235,1821.96826171875,1000.0,,
1797,1478,649,2658304,0.015198067,17.353756427764893,-0.014812765800161286,0.11005597561597824,60.06510925292969,0.0001,133.55722312927247,0.2,0.9219046831130981,0.136669921875,3240,1810.324951171875,1000.0,,
1799,1479,650,2662400,0.015131587,17.350396966934206,-0.014927329542115331,0.1100882887840271,42.741241455078125,0.0001,98.7390676498413,0.2,0.9436448812484741,0.15234375,3245,1799.7373046875,1000.0,,
1801,1479,651,2666496,0.013396078,17.35192723274231,-0.012244845076929778,0.11011043190956116,37.12797546386719,0.0001,111.03660087585449,0.2,0.9257259964942932,0.13203125,3250,1799.7373046875,1000.0,,
1803,1480,652,2670592,0.013922632,17.3531551361084,-0.013650394362048245,0.11010485142469406,50.47069549560547,0.0001,133.90280113220214,0.2,0.9316279888153076,0.135400390625,3255,1796.946044921875,1000.0,,
1807,1479,653,2674688,0.013851398,17.361463403701784,-0.013830740842968226,0.1100594624876976,71.32025909423828,0.0001,144.9013900756836,0.2,0.9316946864128113,0.13076171875,3260,1784.9371337890625,1000.0,,
1809,1480,654,2678784,0.011517741,17.369830751419066,-0.013183819933328778,0.11003989726305008,67.42378234863281,0.0001,141.3217405319214,0.2,0.9192889928817749,0.12099609375,3265,1774.4259033203125,1000.0,,
1811,1480,655,2682880,0.012741856,17.37112503051758,-0.011685876920819283,0.10999983549118042,50.25902557373047,0.0001,121.26371059417724,0.2,0.9065284729003906,0.102734375,3270,1774.4259033203125,1000.0,,
1813,1481,656,2686976,0.016756155,17.376181602478027,-0.015424925438128411,0.11002510786056519,30.40104103088379,0.0001,76.31616191864013,0.2,0.9356868863105774,0.161474609375,3275,1763.72998046875,1000.0,,
1817,1480,657,2691072,0.014052352,17.375386476516724,-0.01259786241571419,0.10996884107589722,39.03078079223633,0.0001,91.70292091369629,0.2,0.9292855858802795,0.164501953125,3280,1748.7340087890625,1000.0,,
1819,1480,658,2695168,0.010718887,17.378309154510497,-0.010859042051015422,0.10995832085609436,44.56850051879883,0.0001,132.38042430877687,0.2,0.8716574907302856,0.104638671875,3285,1722.5020751953125,1000.0,,
1821,1481,659,2699264,0.010471145,17.38048162460327,-0.010102627769811079,0.10996390879154205,69.27957916259766,0.0001,171.15993671417237,0.2,0.7758936285972595,0.06982421875,3290,1722.5020751953125,1000.0,,
1823,1482,660,2703360,0.01154053,17.383289051055907,-0.011759508773684502,0.10992303490638733,59.6025276184082,0.0001,146.3449821472168,0.2,0.8902250528335571,0.099267578125,3295,1720.3143310546875,1000.0,,
1827,1481,661,2707456,0.011659475,17.3841139793396,-0.012347797563415952,0.1099371388554573,39.98988342285156,0.0001,99.48450298309326,0.2,0.9508573412895203,0.1130859375,3300,1735.297607421875,1000.0,,
1829,1481,662,2711552,0.013215577,17.382041454315186,-0.012686520081479103,0.10995516180992126,64.19818878173828,0.0001,137.27577743530273,0.2,0.9193090796470642,0.12568359375,3305,1715.5137939453125,1000.0,,
1831,1482,663,2715648,0.015347406,17.38198628425598,-0.016230947768781333,0.10997253656387329,55.19558334350586,0.0001,132.26427364349365,0.2,0.8983551859855652,0.13466796875,3310,1715.5137939453125,1000.0,,
1833,1483,664,2719744,0.01387368,17.38111095428467,-0.014452401334710884,0.10998465120792389,53.02708435058594,0.0001,124.81319370269776,0.2,0.8846796154975891,0.132080078125,3315,1701.62060546875,1000.0,,
1837,1482,665,2723840,0.0141571,17.38168830871582,-0.015386095555732027,0.10994885861873627,46.2086181640625,0.0001,119.42702560424804,0.2,0.87896728515625,0.1216796875,3320,1707.876220703125,1000.0,,
1839,1482,666,2727936,0.014244068,17.387498521804808,-0.015049842058215291,0.10994188487529755,32.67244338989258,0.0001,89.74927339553832,0.2,0.8925507068634033,0.11484375,3325,1702.57177734375,1000.0,,
1841,1483,667,2732032,0.0133340005,17.385269546508788,-0.013009859423618764,0.10996800661087036,28.223918914794922,0.0001,73.55987825393677,0.2,0.8837800025939941,0.13857421875,3330,1702.57177734375,1000.0,,
1845,1482,668,2736128,0.013963988,17.38730549812317,-0.012409421830670907,0.10993026196956635,36.62088394165039,0.0001,98.12837390899658,0.2,0.8622689247131348,0.119384765625,3335,1718.0557861328125,1000.0,,
1847,1483,669,2740224,0.016985929,17.397611236572267,-0.015025906925438903,0.1098853126168251,34.93502426147461,0.0001,79.60812587738037,0.2,0.9066423177719116,0.15615234375,3340,1718.0557861328125,1000.0,,
1849,1483,670,2744320,0.011198893,17.40575542449951,-0.010476326226489618,0.10987437516450882,49.175193786621094,0.0001,130.78138561248778,0.2,0.9236794114112854,0.1078125,3345,1716.65771484375,1000.0,,
1851,1484,671,2748416,0.009050296,17.404561233520507,-0.010567947133677081,0.10987982898950577,80.45702362060547,0.0001,185.41823387145996,0.2,0.9016206860542297,0.07119140625,3350,1716.65771484375,1000.0,,
1876,1466,672,2752512,0.012323936,17.405264329910278,-0.014015538920648395,0.10986439883708954,65.03022766113281,0.0001,158.7595781326294,0.2,0.9261196851730347,0.103857421875,3355,1751.9996337890625,1000.0,2.555848740877161,2250000
1878,1467,673,2756608,0.0136753395,17.40659418106079,-0.01419287406024523,0.10987437516450882,68.89969635009766,0.0001,146.8047258377075,0.2,0.9264580607414246,0.137890625,3360,1751.9996337890625,1000.0,,
1880,1467,674,2760704,0.010352542,17.408072185516357,-0.010957406659144908,0.10986267775297165,80.79133605957031,0.0001,186.58443603515624,0.2,0.864351749420166,0.0734375,3365,1717.775146484375,1000.0,,
1882,1468,675,2764800,0.012749212,17.408186149597167,-0.013580192741937936,0.10984936356544495,46.735130310058594,0.0001,112.15530147552491,0.2,0.9218692779541016,0.113037109375,3370,1717.775146484375,1000.0,,
1886,1467,676,2768896,0.0140458,17.410076427459718,-0.014467188867274671,0.10981708765029907,27.141340255737305,0.0001,70.40676889419555,0.2,0.9427956342697144,0.144140625,3375,1749.922607421875,1000.0,,
1889,1467,677,2772992,0.010959446,17.408951711654662,-0.010064408506150358,0.10978937149047852,39.172401428222656,0.0001,112.09103031158448,0.2,0.9274840950965881,0.10234375,3380,1723.768798828125,1000.0,,
1891,1468,678,2777088,0.010495451,17.410272121429443,-0.010214061872102321,0.10978680849075317,73.85779571533203,0.0001,180.936030960083,0.2,0.8032700419425964,0.086669921875,3385,1723.768798828125,1000.0,,
1893,1469,679,2781184,0.016268339,17.410632038116454,-0.01329728775890544,0.10976190119981766,74.9383773803711,0.0001,157.11767482757568,0.2,0.8380817174911499,0.128515625,3390,1723.768798828125,1000.0,,
1896,1468,680,2785280,0.016175052,17.41040368080139,-0.015428793174214661,0.1097879558801651,55.295772552490234,0.0001,127.69135704040528,0.2,0.8782849311828613,0.157421875,3395,1721.6142578125,1000.0,,
1899,1468,681,2789376,0.01653006,17.409993839263915,-0.013333089626394212,0.10973319411277771,30.042510986328125,0.0001,67.10811519622803,0.2,0.9231290817260742,0.146044921875,3400,1716.232177734375,1000.0,,
1900,1469,682,2793472,0.012128755,17.419306612014772,-0.010443112382199615,0.10965871810913086,40.659271240234375,0.0001,105.10568695068359,0.2,0.8198056817054749,0.125146484375,3405,1716.232177734375,1000.0,,
1902,1470,683,2797568,0.010305636,17.429854774475096,-0.0104513498255983,0.10962297022342682,46.63163757324219,0.0001,133.37221698760987,0.2,0.8078746795654297,0.081103515625,3410,1716.232177734375,1000.0,,
1906,1469,684,2801664,0.015598565,17.435175800323485,-0.014635763931437396,0.1096019521355629,32.3155517578125,0.0001,87.05023193359375,0.2,0.8414075970649719,0.165380859375,3415,1758.5943603515625,1000.0,,
1909,1469,685,2805760,0.013618832,17.446654176712038,-0.010144016906269825,0.10953325778245926,37.40623474121094,0.0001,95.77809085845948,0.2,0.9192926287651062,0.13662109375,3420,1749.3575439453125,1000.0,,
1911,1470,686,2809856,0.017490834,17.457838773727417,-0.01351908834767528,0.10951452702283859,30.976673126220703,0.0001,74.5313775062561,0.2,0.9608925580978394,0.163525390625,3425,1749.3575439453125,1000.0,,
1913,1470,687,2813952,0.012648066,17.46391944885254,-0.010355782799888403,0.10952494293451309,37.59973907470703,0.0001,96.06410446166993,0.2,0.9541128277778625,0.149462890625,3430,1742.5283203125,1000.0,,
1916,1470,688,2818048,0.017974658,17.46962103843689,-0.013727119006216527,0.10952919721603394,36.687538146972656,0.0001,80.55388526916504,0.2,0.9620441794395447,0.188037109375,3435,1789.8018798828125,1000.0,,
1918,1470,689,2822144,0.015902622,17.466534233093263,-0.010026929766172542,0.10955090075731277,46.390106201171875,0.0001,100.32260780334472,0.2,0.9484891295433044,0.164306640625,3440,1770.372314453125,1000.0,,
1920,1471,690,2826240,0.011505824,17.455633068084715,-0.010178011929383501,0.10955148935317993,86.09385681152344,0.0001,187.13475456237794,0.2,0.886185348033905,0.130712890625,3445,1770.372314453125,1000.0,,
1922,1472,691,2830336,0.010612724,17.45701503753662,-0.010938912921119481,0.10955297201871872,61.9488410949707,0.0001,164.90903282165527,0.2,0.8957235217094421,0.076416015625,3450,1769.505615234375,1000.0,,
1926,1471,692,2834432,0.012263792,17.45981011390686,-0.009920791781041771,0.10950108617544174,65.83547973632812,0.0001,153.77704257965087,0.2,0.9134926795959473,0.10859375,3455,1763.765625,1000.0,,
1928,1471,693,2838528,0.012299925,17.466658782958984,-0.01190524289268069,0.10947071760892868,51.69399642944336,0.0001,114.56191024780273,0.2,0.9031406044960022,0.104052734375,3460,1738.9130859375,1000.0,,
1930,1472,694,2842624,0.0166495,17.47236051559448,-0.01407084601232782,0.10943284630775452,37.015560150146484,0.0001,81.540940284729,0.2,0.9145131707191467,0.144580078125,3465,1738.9130859375,1000.0,,
1932,1472,695,2846720,0.011950679,17.48014259338379,-0.011046544456621631,0.10940013080835342,44.952518463134766,0.0001,126.22023372650146,0.2,0.8860039114952087,0.108837890625,3470,1738.7867431640625,1000.0,,
1936,1472,696,2850816,0.015254778,17.48442907333374,-0.01287023794138804,0.10938210040330887,39.02671813964844,0.0001,97.75749359130859,0.2,0.9160438776016235,0.147802734375,3475,1720.1925048828125,1000.0,,
1938,1472,697,2854912,0.015116338,17.486465311050416,-0.014376263017766178,0.10937117040157318,46.111549377441406,0.0001,109.35802516937255,0.2,0.9360416531562805,0.1435546875,3480,1701.6517333984375,1000.0,,
1940,1473,698,2859008,0.011274269,17.490242528915406,-0.010208303545368835,0.10932095348834991,37.34907531738281,0.0001,95.28848037719726,0.2,0.943392276763916,0.11328125,3485,1701.6517333984375,1000.0,,
1942,1473,699,2863104,0.011030169,17.498258686065675,-0.012068042089231313,0.10925394296646118,43.51472473144531,0.0001,104.47480754852295,0.2,0.9339710474014282,0.114501953125,3490,1704.8590087890625,1000.0,,
1946,1472,700,2867200,0.013880959,17.506195306777954,-0.011326369806192815,0.10921784490346909,34.7089958190918,0.0001,100.18074035644531,0.2,0.9431459903717041,0.116943359375,3495,1716.1395263671875,1000.0,,
1948,1473,701,2871296,0.010657442,17.51078290939331,-0.010758164734579623,0.10922800749540329,32.20282745361328,0.0001,81.17288913726807,0.2,0.9074074625968933,0.10146484375,3500,1698.661376953125,1000.0,,
1950,1474,702,2875392,0.012500262,17.50825400352478,-0.0102533710305579,0.10922586172819138,30.102832794189453,0.0001,80.12096567153931,0.2,0.8953760266304016,0.0970703125,3505,1698.661376953125,1000.0,,
1952,1474,703,2879488,0.011837851,17.505420446395874,-0.010860349939321168,0.1092263013124466,33.70387268066406,0.0001,83.92601776123047,0.2,0.9071208238601685,0.102880859375,3510,1696.2125244140625,1000.0,,
1956,1474,704,2883584,0.015786681,17.507373666763307,-0.014098171220393852,0.10919252038002014,32.330848693847656,0.0001,72.4928484916687,0.2,0.9279255270957947,0.177294921875,3515,1712.901611328125,1000.0,,
1958,1474,705,2887680,0.015828896,17.5196035861969,-0.012451713002519682,0.10920678824186325,28.30718421936035,0.0001,66.93801498413086,0.2,0.9536768794059753,0.17421875,3520,1704.702392578125,1000.0,,
1960,1475,706,2891776,0.01690026,17.52398524284363,-0.014254616253310814,0.1091664731502533,24.35655403137207,0.0001,64.80982761383056,0.2,0.9571564793586731,0.204248046875,3525,1704.702392578125,1000.0,,
1962,1475,707,2895872,0.015480622,17.53223729133606,-0.014355845178943127,0.10912865400314331,20.70082664489746,0.0001,66.39856281280518,0.2,0.958415150642395,0.16318359375,3530,1694.190185546875,1000.0,,
1965,1475,708,2899968,0.018058369,17.54019341468811,-0.014519374223891646,0.10918635874986649,22.08852195739746,0.0001,60.07112083435059,0.2,0.9671011567115784,0.18125,3535,1691.6170654296875,1000.0,,
1968,1475,709,2904064,0.012178825,17.538655948638915,-0.010186924738809467,0.10921347886323929,46.58403396606445,0.0001,123.36042728424073,0.2,0.9070008397102356,0.146240234375,3540,1657.5687255859375,1000.0,,
1970,1476,710,2908160,0.020419315,17.539285564422606,-0.013242321589495986,0.10916952043771744,17.574365615844727,0.0001,43.893987846374515,0.2,0.9678851962089539,0.195361328125,3545,1657.5687255859375,1000.0,,
1973,1475,711,2912256,0.015258427,17.546863889694215,-0.011138114606728778,0.10912623256444931,24.84449577331543,0.0001,66.62545585632324,0.2,0.956802248954773,0.19130859375,3550,1625.0614013671875,1000.0,,
1975,1476,712,2916352,0.018762583,17.55338478088379,-0.015072554221842439,0.10908088088035583,24.62428855895996,0.0001,57.04825620651245,0.2,0.961769163608551,0.201171875,3555,1625.0614013671875,1000.0,,
1978,1476,713,2920448,0.011046778,17.555805063247682,-0.006583582772873342,0.1090482771396637,38.89518737792969,0.0001,113.64172096252442,0.2,0.872505784034729,0.1013671875,3560,1607.4024658203125,1000.0,,
1979,1477,714,2924544,0.011866255,17.563625478744505,-0.009351166751002893,0.10893875360488892,32.26487350463867,0.0001,73.24688291549683,0.2,0.9382426142692566,0.0947265625,3565,1607.4024658203125,1000.0,,
1983,1476,715,2928640,0.015029881,17.577704238891602,-0.012541317264549434,0.10890458524227142,32.06202697753906,0.0001,79.26775102615356,0.2,0.9428267478942871,0.16748046875,3570,1662.0987548828125,1000.0,,
1985,1476,716,2932736,0.012622604,17.573931455612183,-0.010961324290838093,0.10889957845211029,38.19047927856445,0.0001,79.55719594955444,0.2,0.945671558380127,0.14443359375,3575,1641.213623046875,1000.0,,
1987,1477,717,2936832,0.013596412,17.575322675704957,-0.013693960595992394,0.1088918000459671,33.241981506347656,0.0001,86.72522525787353,0.2,0.861395001411438,0.129248046875,3580,1641.213623046875,1000.0,,
1989,1478,718,2940928,0.011806194,17.58178997039795,-0.012023042538203299,0.10886969417333603,18.9268856048584,0.0001,53.02331962585449,0.2,0.8847887516021729,0.1162109375,3585,1641.213623046875,1000.0,,
1993,1477,719,2945024,0.011872508,17.585175466537475,-0.012187781307147816,0.10890426486730576,19.90987777709961,0.0001,54.13445463180542,0.2,0.8934204578399658,0.126318359375,3590,1703.71630859375,1000.0,,
1995,1477,720,2949120,0.014171733,17.588484621047975,-0.010093823994975538,0.10887235403060913,18.3890438079834,0.0001,48.097364807128905,0.2,0.9305928349494934,0.139697265625,3595,1678.98779296875,1000.0,,
1997,1478,721,2953216,0.011598154,17.595256042480468,-0.011368102501728572,0.10883166640996933,42.544036865234375,0.0001,105.66116619110107,0.2,0.906507670879364,0.116455078125,3600,1678.98779296875,1000.0,,
1999,1479,722,2957312,0.011292098,17.59679651260376,-0.012386403960408642,0.10883329808712006,45.35237503051758,0.0001,102.02717399597168,0.2,0.904650092124939,0.106494140625,3605,1678.98779296875,1000.0,,
2003,1477,723,2961408,0.012691661,17.596558475494383,-0.013670440891291945,0.10883188247680664,45.859066009521484,0.0001,109.40401630401611,0.2,0.9051152467727661,0.125634765625,3610,1705.4276123046875,1000.0,,
2005,1478,724,2965504,0.014566739,17.598267793655396,-0.014625649666413665,0.1087941899895668,41.541805267333984,0.0001,82.9919771194458,0.2,0.933771014213562,0.14091796875,3615,1710.853759765625,1000.0,,
2007,1479,725,2969600,0.011971595,17.600304794311523,-0.01039782918523997,0.1087716743350029,40.19780349731445,0.0001,112.0193645477295,0.2,0.8902776837348938,0.105322265625,3620,1710.853759765625,1000.0,,
2009,1479,726,2973696,0.013157266,17.604167699813843,-0.013516151200747117,0.1087053045630455,34.50455093383789,0.0001,92.83460216522217,0.2,0.9277702569961548,0.114697265625,3625,1705.524169921875,1000.0,,
2013,1478,727,2977792,0.012670845,17.617393589019777,-0.011509766359813512,0.10857486724853516,37.342262268066406,0.0001,93.45077266693116,0.2,0.940741240978241,0.119970703125,3630,1744.9801025390625,1000.0,,
2015,1479,728,2981888,0.01217869,17.630689430236817,-0.013333515892736614,0.10852664709091187,34.98627471923828,0.0001,86.45677280426025,0.2,0.9366878867149353,0.129248046875,3635,1731.1361083984375,1000.0,,
2017,1480,729,2985984,0.011799388,17.632790040969848,-0.01239122663391754,0.10856280475854874,47.017913818359375,0.0001,103.17056732177734,0.2,0.9264420866966248,0.12529296875,3640,1731.1361083984375,1000.0,,
2019,1480,730,2990080,0.011873024,17.630799341201783,-0.012844996224157513,0.108541339635849,46.38874816894531,0.0001,121.11266078948975,0.2,0.9071961641311646,0.11171875,3645,1727.662841796875,1000.0,,
2022,1480,731,2994176,0.016130071,17.633843612670898,-0.016224461252568288,0.10856547951698303,43.6546516418457,0.0001,113.37712383270264,0.2,0.9108802080154419,0.144970703125,3650,1741.8798828125,1000.0,,
2025,1480,732,2998272,0.0127232885,17.63585443496704,-0.012644381448626518,0.10851889848709106,45.32124710083008,0.0001,114.52065448760986,0.2,0.9047408699989319,0.106396484375,3655,1727.0693359375,1000.0,,
2048,1465,733,3002368,0.012617871,17.643013620376585,-0.014116989419562742,0.10849791020154953,45.588314056396484,0.0001,119.82318286895752,0.2,0.9038867950439453,0.108935546875,3660,1727.0693359375,1000.0,2.5547536418441377,2250000
2050,1465,734,3006464,0.014017347,17.64433331489563,-0.014519138995092362,0.10846366733312607,35.70329666137695,0.0001,90.90405082702637,0.2,0.9281419515609741,0.132080078125,3665,1724.253173828125,1000.0,,
2054,1465,735,3010560,0.013806367,17.650466680526733,-0.014547414879780262,0.10838217288255692,35.50802230834961,0.0001,93.83646068572997,0.2,0.9220225214958191,0.1333984375,3670,1785.126220703125,1000.0,,
2056,1465,736,3014656,0.018217422,17.659316730499267,-0.014480688725598156,0.10841450840234756,25.470415115356445,0.0001,56.16411647796631,0.2,0.9649175405502319,0.17080078125,3675,1777.015625,1000.0,,
2058,1466,737,3018752,0.020268593,17.660762071609497,-0.014247261057607829,0.10839308053255081,17.77604103088379,0.0001,47.393374347686766,0.2,0.9732953906059265,0.210009765625,3680,1777.015625,1000.0,,
2060,1467,738,3022848,0.014123476,17.660294580459595,-0.01079896055161953,0.10834207385778427,23.849525451660156,0.0001,64.48172235488892,0.2,0.9610585570335388,0.1705078125,3685,1785.44482421875,1000.0,,
2063,1466,739,3026944,0.017298352,17.6682626247406,-0.013703354593599216,0.10830444097518921,15.393963813781738,0.0001,36.95557680130005,0.2,0.9819326400756836,0.17373046875,3690,1795.184326171875,1000.0,,
2066,1466,740,3031040,0.012848843,17.675645685195924,-0.010871397342998534,0.10828614234924316,44.096923828125,0.0001,103.75867958068848,0.2,0.9166364669799805,0.163916015625,3695,1781.7025146484375,1000.0,,
2068,1467,741,3035136,0.0100881485,17.67925100326538,-0.010483613389078527,0.1082957535982132,51.245155334472656,0.0001,127.55964107513428,0.2,0.7411378026008606,0.078564453125,3700,1781.7025146484375,1000.0,,
2070,1468,742,3039232,0.011079482,17.681077003479004,-0.012657795351697133,0.10828698426485062,52.32363510131836,0.0001,139.35664329528808,0.2,0.6513580083847046,0.11796875,3705,1781.80078125,1000.0,,
2073,1467,743,3043328,0.014393056,17.68603630065918,-0.013009100803174078,0.1082497388124466,49.83845138549805,0.0001,116.71978378295898,0.2,0.8298084735870361,0.13974609375,3710,1772.3760986328125,1000.0,,
2076,1467,744,3047424,0.015129816,17.69456329345703,-0.011466204997850582,0.10822228342294693,38.067378997802734,0.0001,79.56124458312988,0.2,0.947417676448822,0.17060546875,3715,1743.5921630859375,1000.0,,
2077,1468,745,3051520,0.01326727,17.70150556564331,-0.013144260627450421,0.1082146018743515,29.684436798095703,0.0001,68.70367631912231,0.2,0.9600520730018616,0.155224609375,3720,1743.5921630859375,1000.0,,
2080,1468,746,3055616,0.013193165,17.704332733154295,-0.013576818577712401,0.10822026431560516,38.9501838684082,0.0001,83.2734022140503,0.2,0.9569836258888245,0.132421875,3725,1751.30517578125,999.73,,
2083,1468,747,3059712,0.015501649,17.705791759490968,-0.013950124592520296,0.10819561779499054,93.8787841796875,0.0001,199.5836462020874,0.2,0.9158502817153931,0.146337890625,3730,1791.6075439453125,999.73,,
2086,1468,748,3063808,0.010773903,17.709283542633056,-0.01037390015553683,0.10816176235675812,58.463130950927734,0.0001,143.76836090087892,0.2,0.946628749370575,0.08701171875,3735,1760.2193603515625,999.73,,
2088,1469,749,3067904,0.016670588,17.71402325630188,-0.014803021214902401,0.10812924057245255,55.17960739135742,0.0001,125.83435878753662,0.2,0.9389430284500122,0.151416015625,3740,1760.2193603515625,999.73,,
2091,1468,750,3072000,0.016213909,17.718647146224974,-0.012982377724256366,0.10811465978622437,28.291818618774414,0.0001,67.83743782043457,0.2,0.9595905542373657,0.17255859375,3745,1786.7930908203125,999.73,,
2093,1469,751,3076096,0.013621304,17.72123956680298,-0.011600569006986916,0.10807885974645615,24.976673126220703,0.0001,59.3630449295044,0.2,0.9637661576271057,0.14169921875,3750,1786.7930908203125,999.73,,
2095,1469,752,3080192,0.008700825,17.726867961883546,-0.009070019220234826,0.1080395057797432,59.697811126708984,0.0001,150.28739910125734,0.2,0.7952902317047119,0.07939453125,3755,1761.216064453125,999.73,,
2097,1470,753,3084288,0.012018256,17.73446822166443,-0.01118105991045013,0.1079958900809288,36.0681037902832,0.0001,81.60957612991334,0.2,0.9330089688301086,0.108203125,3760,1761.216064453125,999.73,,
2101,1469,754,3088384,0.015251826,17.74348874092102,-0.012243828710052185,0.10799839347600937,28.522306442260742,0.0001,71.70364589691162,0.2,0.9449265003204346,0.159716796875,3765,1808.52783203125,999.73,,
2103,1470,755,3092480,0.015720736,17.744053983688353,-0.011164266697596759,0.10795149952173233,29.1134090423584,0.0001,68.12636060714722,0.2,0.9566015005111694,0.147119140625,3770,1808.52783203125,999.73,,
2105,1470,756,3096576,0.009617029,17.751698112487794,-0.008688618976157159,0.10790009051561356,58.40568161010742,0.0001,173.4524934768677,0.2,0.8722389936447144,0.100146484375,3775,1795.65576171875,999.73,,
2107,1471,757,3100672,0.012144409,17.754229831695557,-0.010767074942123145,0.10788468271493912,43.5141716003418,0.0001,116.31721649169921,0.2,0.9136070609092712,0.087109375,3780,1795.65576171875,999.73,,
2111,1470,758,3104768,0.012638393,17.75517611503601,-0.01329546213382855,0.10788704454898834,38.873626708984375,0.0001,102.7169786453247,0.2,0.9272527694702148,0.108251953125,3785,1807.4390869140625,999.73,,
2113,1470,759,3108864,0.013456034,17.75890460014343,-0.012826513429172338,0.1078917607665062,42.24549102783203,0.0001,100.48163108825683,0.2,0.9437485933303833,0.11953125,3790,1777.46533203125,999.73,,
2115,1471,760,3112960,0.015401224,17.763554954528807,-0.013094638753682376,0.10783225297927856,28.144033432006836,0.0001,74.82435960769654,0.2,0.9676949381828308,0.1544921875,3795,1777.46533203125,999.73,,
2117,1472,761,3117056,0.015611631,17.77545738220215,-0.009990252493298612,0.10778269171714783,25.201387405395508,0.0001,65.00666799545289,0.2,0.9718298316001892,0.141162109375,3800,1777.46533203125,999.73,,
2121,1471,762,3121152,0.014897917,17.78365502357483,-0.012731437786715104,0.10779727250337601,18.424997329711914,0.0001,47.720206832885744,0.2,0.9809580445289612,0.15751953125,3805,1826.7347412109375,999.73,,
2123,1471,763,3125248,0.014125101,17.79124264717102,-0.012405095866415649,0.10778586566448212,22.731664657592773,0.0001,54.7220025062561,0.2,0.9789170026779175,0.16630859375,3810,1812.6875,999.73,,
2125,1472,764,3129344,0.013302791,17.797450447082518,-0.011492108996026217,0.10777242481708527,25.09894371032715,0.0001,62.26478157043457,0.2,0.9707440733909607,0.14658203125,3815,1812.6875,999.73,,
2127,1472,765,3133440,0.014528461,17.802118349075318,-0.012499620340531693,0.10773913562297821,35.619754791259766,0.0001,85.78153696060181,0.2,0.9475628137588501,0.150732421875,3820,1813.1712646484375,999.73,,
2130,1472,766,3137536,0.011329044,17.802443265914917,-0.011545493378071115,0.10774017870426178,41.25819778442383,0.0001,114.43367042541504,0.2,0.9314263463020325,0.108837890625,3825,1885.4747314453125,999.73,,
2133,1472,767,3141632,0.01748432,17.802624893188476,-0.015020548756001516,0.10771080106496811,32.477535247802734,0.0001,69.72212142944336,0.2,0.9636915326118469,0.172900390625,3830,1860.668701171875,999.73,,
2135,1473,768,3145728,0.016928395,17.803585052490234,-0.013435225607827306,0.10768672078847885,27.707483291625977,0.0001,80.51977472305298,0.2,0.9167076349258423,0.167822265625,3835,1860.668701171875,999.73,,
2137,1473,769,3149824,0.013478972,17.79899082183838,-0.013443349610315635,0.1076994463801384,41.27540588378906,0.0001,136.38981018066406,0.2,0.8682684898376465,0.139697265625,3840,1860.4881591796875,999.73,,
2140,1473,770,3153920,0.014131476,17.796270656585694,-0.013696510158479214,0.10771447420120239,27.28748321533203,0.0001,81.16942882537842,0.2,0.9276877641677856,0.141943359375,3845,1838.2626953125,1000.0,,
2143,1473,771,3158016,0.010946569,17.79226961135864,-0.010123463755007833,0.10772357136011124,58.39935302734375,0.0001,166.6089225769043,0.2,0.885760486125946,0.094580078125,3850,1818.65087890625,1000.0,,
2144,1474,772,3162112,0.012394225,17.789456796646117,-0.013537398469634355,0.10774435847997665,45.944976806640625,0.0001,107.7249095916748,0.2,0.9326991438865662,0.1123046875,3855,1818.65087890625,1000.0,,
2146,1474,773,3166208,0.01152155,17.788075017929078,-0.010161910418537446,0.10772824287414551,29.690013885498047,0.0001,81.90427236557007,0.2,0.9421674609184265,0.093994140625,3860,1824.2706298828125,1000.0,,
2150,1474,774,3170304,0.01158683,17.792059087753294,-0.010617479553911836,0.10770519077777863,34.44520950317383,0.0001,91.4798436164856,0.2,0.9438266158103943,0.09658203125,3865,1808.5904541015625,1000.0,,
2152,1474,775,3174400,0.013229849,17.797689199447632,-0.012328210519626737,0.10767984390258789,47.140621185302734,0.0001,113.8091884613037,0.2,0.9315764904022217,0.125390625,3870,1785.14599609375,1000.0,,
2154,1475,776,3178496,0.009809881,17.801152324676515,-0.009056045091710985,0.10767520219087601,56.03254699707031,0.0001,154.56651973724365,0.2,0.9026635885238647,0.091015625,3875,1785.14599609375,1000.0,,
2156,1475,777,3182592,0.01208533,17.802773332595827,-0.011237160681048408,0.10766132175922394,52.63246154785156,0.0001,135.89160594940185,0.2,0.9235723614692688,0.08212890625,3880,1779.05810546875,1000.0,,
2160,1475,778,3186688,0.013250228,17.804302978515626,-0.011874771246220916,0.10767291486263275,45.87834548950195,0.0001,113.49349727630616,0.2,0.9398624897003174,0.11171875,3885,1762.8665771484375,1000.0,,
2162,1475,779,3190784,0.014437985,17.80925669670105,-0.013607610785402357,0.10761956125497818,39.50493240356445,0.0001,87.17232780456543,0.2,0.9412652850151062,0.1482421875,3890,1738.20361328125,1000.0,,
2164,1475,780,3194880,0.013168954,17.814346313476562,-0.010142437799368053,0.10766973346471786,43.36537170410156,0.0001,97.70491905212403,0.2,0.9217623472213745,0.123193359375,3895,1738.20361328125,1000.0,,
2166,1476,781,3198976,0.016465256,17.814278650283814,-0.012185656995279714,0.10762809216976166,31.57852554321289,0.0001,72.52652711868286,0.2,0.9412329196929932,0.141259765625,3900,1734.9755859375,1000.0,,
2170,1475,782,3203072,0.015397967,17.825089979171754,-0.011055621423292906,0.10758733749389648,41.94792938232422,0.0001,89.4252212524414,0.2,0.9073958992958069,0.166162109375,3905,1768.388427734375,1000.0,,
2172,1476,783,3207168,0.012195695,17.829089832305907,-0.011090080003486946,0.10758721083402634,31.79383087158203,0.0001,74.53292102813721,0.2,0.9277142286300659,0.125634765625,3910,1778.584716796875,1000.0,,
2174,1476,784,3211264,0.011479389,17.831982374191284,-0.009484383673407138,0.1075417622923851,27.76211166381836,0.0001,71.88194627761841,0.2,0.9361562728881836,0.11328125,3915,1778.584716796875,1000.0,,
2176,1477,785,3215360,0.01257557,17.838446712493898,-0.009276747808326036,0.10749799013137817,28.5472354888916,0.0001,76.14764165878296,0.2,0.9297977685928345,0.11552734375,3920,1781.4105224609375,1000.0,,
2181,1475,786,3219456,0.011865336,17.846966457366943,-0.01107007913524285,0.10741965472698212,31.413169860839844,0.0001,77.47043237686157,0.2,0.932906985282898,0.125634765625,3925,1786.1025390625,997.13,,
2183,1476,787,3223552,0.0071016042,17.855091667175294,-0.00572392477770336,0.10739605128765106,70.29853820800781,0.0001,230.13672332763673,0.2,0.8886219263076782,0.07333984375,3930,1783.0081787109375,997.13,,
2185,1477,788,3227648,0.010641189,17.85532989501953,-0.012088142917491496,0.10739021748304367,60.52466583251953,0.0001,161.86143131256102,0.2,0.9175276756286621,0.09423828125,3935,1783.0081787109375,997.13,,
2187,1477,789,3231744,0.010231425,17.856874656677245,-0.010303608019603417,0.10738170892000198,56.48974609375,0.0001,156.277592086792,0.2,0.9235904216766357,0.073388671875,3940,1772.7021484375,997.13,,
2191,1476,790,3235840,0.011359815,17.859798192977905,-0.010913682880345731,0.10737760365009308,46.738529205322266,0.0001,117.99307861328126,0.2,0.9429793953895569,0.10712890625,3945,1753.4490966796875,997.13,,
2193,1477,791,3239936,0.011936249,17.865843963623046,-0.013863949984079227,0.10736047476530075,54.38351058959961,0.0001,139.77388248443603,0.2,0.845791757106781,0.113427734375,3950,1735.9776611328125,997.13,,
2195,1477,792,3244032,0.01127032,17.869290113449097,-0.010151359885639977,0.10733678191900253,41.10309982299805,0.0001,115.57917594909668,0.2,0.8334598541259766,0.08544921875,3955,1735.9776611328125,997.13,,
2198,1477,793,3248128,0.015456305,17.87053542137146,-0.012244089727755637,0.10736452788114548,23.62757110595703,0.0001,73.05554246902466,0.2,0.9165247678756714,0.1177734375,3960,1803.3616943359375,997.13,,
2222,1463,794,3252224,0.017628435,17.86977219581604,-0.012949172512162477,0.10731890052556992,19.242895126342773,0.0001,52.21994800567627,0.2,0.9415578246116638,0.169921875,3965,1803.3616943359375,997.13,2.5191648982041794,2250000
2224,1463,795,3256320,0.011844097,17.876262950897218,-0.010954645596211777,0.10728464275598526,74.8255615234375,0.0001,180.63090591430665,0.2,0.8731569051742554,0.13388671875,3970,1797.81689453125,997.13,,
2226,1464,796,3260416,0.01484635,17.875411558151246,-0.012858551240060478,0.1072799414396286,49.1729621887207,0.0001,123.87590713500977,0.2,0.8853381872177124,0.152587890625,3975,1797.81689453125,997.13,,
2230,1463,797,3264512,0.01498897,17.874067640304567,-0.011356653401162476,0.10728158801794052,32.55149841308594,0.0001,81.03515710830689,0.2,0.9329366683959961,0.161962890625,3980,1801.9788818359375,997.13,,
2232,1463,798,3268608,0.019126322,17.874640560150148,-0.0123450108920224,0.10730431973934174,27.150869369506836,0.0001,62.59620313644409,0.2,0.9518406987190247,0.21474609375,3985,1801.01123046875,989.05,,
2234,1464,799,3272704,0.015164765,17.872585916519164,-0.008457476482726633,0.1073349118232727,72.60640716552734,0.0001,279.9093948364258,0.2,0.7858866453170776,0.203466796875,3990,1805.9129638671875,989.05,,
2236,1465,800,3276800,0.010863449,17.873734617233275,-0.01058173737837933,0.10734440386295319,56.94767379760742,0.0001,141.41216297149657,0.2,0.9168606996536255,0.09521484375,3995,1805.9129638671875,989.05,,
2240,1464,801,3280896,0.0134117445,17.880006790161133,-0.013034057535696775,0.10732683539390564,58.66106414794922,0.0001,132.30314044952394,0.2,0.9082875847816467,0.130126953125,4000,1845.40966796875,989.05,,
2242,1464,802,3284992,0.015310748,17.887500524520874,-0.016623186491779053,0.1072591245174408,72.5146255493164,0.0001,159.64951610565186,0.2,0.8942839503288269,0.171875,4005,1822.5283203125,989.05,,
2244,1465,803,3289088,0.01178669,17.89248147010803,-0.01099670714174863,0.10724671185016632,109.07014465332031,0.0001,241.435950088501,0.2,0.8805760741233826,0.083154296875,4010,1822.5283203125,989.05,,
2246,1465,804,3293184,0.015260259,17.888900423049925,-0.013799120910698548,0.10726840794086456,82.9719009399414,0.0001,188.17203483581542,0.2,0.9057511687278748,0.154052734375,4015,1822.5283203125,989.05,,
2250,1465,805,3297280,0.015099248,17.885468196868896,-0.013428582425694913,0.1072627529501915,44.4083251953125,0.0001,111.84678440093994,0.2,0.9457864761352539,0.152197265625,4020,1823.7901611328125,989.05,,
2252,1465,806,3301376,0.013807209,17.888635301589964,-0.013330645828682463,0.10724145174026489,49.38838577270508,0.0001,125.56606235504151,0.2,0.9410244226455688,0.144189453125,4025,1816.35498046875,989.05,,
2254,1466,807,3305472,0.015752787,17.894466972351076,-0.014211067499127239,0.10719655454158783,24.115909576416016,0.0001,65.65510387420655,0.2,0.9571199417114258,0.177490234375,4030,1816.35498046875,989.05,,
2256,1466,808,3309568,0.016104212,17.900930833816528,-0.01335872508934699,0.10721360892057419,33.620819091796875,0.0001,86.18525314331055,0.2,0.9434473514556885,0.171875,4035,1806.5452880859375,989.05,,
2259,1466,809,3313664,0.019710192,17.903049421310424,-0.014294960483675822,0.1071438193321228,17.71412467956543,0.0001,51.28244314193726,0.2,0.9674434661865234,0.215478515625,4040,1761.093017578125,989.05,,
2262,1466,810,3317760,0.016127154,17.914561319351197,-0.01139980613370426,0.10711592435836792,30.609872817993164,0.0001,66.29246044158936,0.2,0.9641970992088318,0.19228515625,4045,1757.365478515625,989.05,,
2263,1467,811,3321856,0.012895639,17.91695146560669,-0.00988767595263198,0.10711963474750519,29.677160263061523,0.0001,83.29857940673828,0.2,0.9486586451530457,0.114892578125,4050,1757.365478515625,989.05,,
2265,1467,812,3325952,0.015226288,17.918365955352783,-0.00921889445744455,0.10708123445510864,18.88634490966797,0.0001,48.11100482940674,0.2,0.9632600545883179,0.1326171875,4055,1743.6328125,989.05,,
2269,1467,813,3330048,0.019162051,17.92617473602295,-0.013582838576985523,0.10701639950275421,14.347023963928223,0.0001,39.15050973892212,0.2,0.9723297357559204,0.2095703125,4060,1779.5791015625,991.92,,
2271,1467,814,3334144,0.017463915,17.94202055931091,-0.006718767230631783,0.1069766953587532,18.488906860351562,0.0001,47.60635490417481,0.2,0.9659230709075928,0.182421875,4065,1768.6929931640625,991.92,,
2273,1468,815,3338240,0.013389163,17.953032064437867,-0.007841312210075557,0.10696763545274734,40.272193908691406,0.0001,109.34289226531982,0.2,0.8959664702415466,0.17998046875,4070,1768.6929931640625,991.92,,
2275,1468,816,3342336,0.0140555,17.95661792755127,-0.011587646341649816,0.10696908086538315,37.58579635620117,0.0001,90.63195896148682,0.2,0.9106622934341431,0.13349609375,4075,1763.4805908203125,991.92,,
2279,1467,817,3346432,0.015456583,17.95650429725647,-0.011947003286331892,0.10690932720899582,21.699861526489258,0.0001,56.031462574005126,0.2,0.9487641453742981,0.163525390625,4080,1752.6192626953125,991.92,,
2281,1468,818,3350528,0.015074303,17.96220178604126,-0.011612927448004485,0.10693913698196411,27.77618980407715,0.0001,77.44066791534424,0.2,0.9316568374633789,0.17421875,4085,1740.693603515625,991.92,,
2283,1468,819,3354624,0.012583372,17.960122108459473,-0.009767514042323455,0.10697551816701889,36.8212776184082,0.0001,101.85376853942871,0.2,0.9129828810691833,0.107177734375,4090,1740.693603515625,991.92,,
2285,1469,820,3358720,0.014217137,17.959446954727174,-0.009681038866983727,0.10694678127765656,40.95935821533203,0.0001,97.66950912475586,0.2,0.9214917421340942,0.1193359375,4095,1738.69873046875,991.92,,
2290,1468,821,3362816,0.014738559,17.96167607307434,-0.011992816714337096,0.10695461183786392,37.73183059692383,0.0001,88.23138084411622,0.2,0.9375327825546265,0.1427734375,4100,1737.127197265625,991.92,,
2292,1468,822,3366912,0.016015448,17.960223722457886,-0.011264424794353545,0.10696664452552795,32.1636962890625,0.0001,76.84714183807372,0.2,0.9304323792457581,0.14072265625,4105,1750.3212890625,991.92,,
2294,1469,823,3371008,0.01434628,17.962481880187987,-0.01112214314052835,0.10698320716619492,55.42042541503906,0.0001,116.24215183258056,0.2,0.912611722946167,0.137744140625,4110,1750.3212890625,991.92,,
2296,1469,824,3375104,0.01210721,17.96028618812561,-0.013174574772710912,0.10700607299804688,40.6881217956543,0.0001,103.7624418258667,0.2,0.9267355799674988,0.114111328125,4115,1753.9697265625,991.92,,
2299,1469,825,3379200,0.012339972,17.961661624908448,-0.01231181847397238,0.10698245465755463,72.89192199707031,0.0001,157.40602283477784,0.2,0.9077414274215698,0.12119140625,4120,1776.9560546875,1000.0,,
2302,1469,826,3383296,0.009880744,17.962580299377443,-0.010327422863338143,0.10698963701725006,86.72310638427734,0.0001,188.81327705383302,0.2,0.8882535099983215,0.063525390625,4125,1744.8909912109375,993.26,,
2304,1470,827,3387392,0.011062128,17.961255645751955,-0.009948779846308754,0.10699015110731125,57.135990142822266,0.0001,208.8293643951416,0.2,0.8663144111633301,0.076123046875,4130,1744.8909912109375,993.26,,
2306,1470,828,3391488,0.013753348,17.961855983734132,-0.013482219772413373,0.10698491334915161,39.20046615600586,0.0001,106.4213514328003,0.2,0.9218549132347107,0.130810546875,4135,1738.928955078125,993.26,,
2309,1470,829,3395584,0.013414391,17.96266074180603,-0.01227749433601275,0.1069641262292862,26.189960479736328,0.0001,72.30926294326783,0.2,0.946844756603241,0.123388671875,4140,1747.1324462890625,993.26,,
2311,1470,830,3399680,0.0137474295,17.964991092681885,-0.011723899014759809,0.1069912388920784,30.77813148498535,0.0001,75.32168550491333,0.2,0.9427673816680908,0.128369140625,4145,1741.4317626953125,993.26,,
2313,1471,831,3403776,0.014476109,17.963356733322144,-0.013475371355889365,0.1070186123251915,31.708335876464844,0.0001,77.51890478134155,0.2,0.9230110049247742,0.152880859375,4150,1741.4317626953125,993.26,,
2315,1471,832,3407872,0.012542713,17.961603498458864,-0.01256425817264244,0.10701140761375427,35.18815994262695,0.0001,95.20600128173828,0.2,0.8770238757133484,0.14013671875,4155,1733.4940185546875,993.26,,
2320,1470,833,3411968,0.016224701,17.962064027786255,-0.014119104156270624,0.10704886168241501,29.906436920166016,0.0001,71.04682121276855,0.2,0.9169720411300659,0.16279296875,4160,1730.5552978515625,993.26,,
2322,1470,834,3416064,0.011634119,17.96379437446594,-0.009570668486412614,0.10705588757991791,85.8057632446289,0.0001,209.600821685791,0.2,0.774491012096405,0.112451171875,4165,1737.6846923828125,993.26,,
2324,1471,835,3420160,0.014364373,17.96307520866394,-0.01539867459796369,0.10710742324590683,76.07354736328125,0.0001,185.7728313446045,0.2,0.76377272605896,0.145947265625,4170,1737.6846923828125,993.26,,
2328,1470,836,3424256,0.013806928,17.960572957992554,-0.011909350476344116,0.10710068792104721,47.8679084777832,0.0001,109.74041690826417,0.2,0.8730062246322632,0.115087890625,4175,1749.2557373046875,993.26,,
2330,1471,837,3428352,0.015259822,17.964989757537843,-0.013636566803324968,0.10708238184452057,41.161041259765625,0.0001,94.61102752685547,0.2,0.9073638916015625,0.1744140625,4180,1741.42333984375,993.26,,
2332,1471,838,3432448,0.012321104,17.96895251274109,-0.010765017999801785,0.10706844180822372,27.509994506835938,0.0001,66.11880083084107,0.2,0.9299962520599365,0.122998046875,4185,1730.6142578125,993.26,,
2334,1471,839,3436544,0.01353653,17.972135734558105,-0.011441130889579654,0.10711633414030075,27.032169342041016,0.0001,62.95640859603882,0.2,0.9321199059486389,0.12744140625,4190,1730.6142578125,993.26,,
2338,1471,840,3440640,0.013064537,17.970213603973388,-0.009235253580845893,0.10718439519405365,18.038305282592773,0.0001,44.35428714752197,0.2,0.9575842618942261,0.131396484375,4195,1763.3114013671875,993.26,,
2340,1471,841,3444736,0.016990678,17.96586856842041,-0.013189562200568616,0.10719404369592667,19.45321273803711,0.0001,47.68710241317749,0.2,0.9505160450935364,0.19111328125,4200,1763.77294921875,993.26,,
2342,1472,842,3448832,0.01367056,17.96467480659485,-0.010835433972533792,0.1071612611413002,31.01169776916504,0.0001,79.00112543106079,0.2,0.8908935189247131,0.181884765625,4205,1767.3065185546875,993.26,,
2344,1472,843,3452928,0.02015252,17.974691247940065,-0.015092068491503597,0.10706048458814621,22.0462703704834,0.0001,54.022213554382326,0.2,0.9296558499336243,0.1986328125,4210,1767.3065185546875,993.26,,
2348,1472,844,3457024,0.014880963,17.99005446434021,-0.01235217553912662,0.10703292489051819,25.77072525024414,0.0001,66.21179265975952,0.2,0.9275256395339966,0.18486328125,4215,1758.842529296875,993.21,,
2351,1472,845,3461120,0.0173063,17.995173120498656,-0.013620577880647033,0.10703287273645401,70.13097381591797,0.0001,131.91566734313966,0.2,0.8573014736175537,0.192138671875,4220,1749.942138671875,993.21,,
2353,1472,846,3465216,0.011465411,17.999023485183717,-0.011542093550087885,0.10701648890972137,23.775217056274414,0.0001,60.23908109664917,0.2,0.9144797325134277,0.10439453125,4225,1751.0479736328125,993.21,,
2355,1473,847,3469312,0.01391834,18.002836894989013,-0.013224531977903098,0.10699273645877838,33.477500915527344,0.0001,78.42978401184082,0.2,0.9226139187812805,0.15078125,4230,1740.2264404296875,993.21,,
2359,1472,848,3473408,0.014464988,18.006039953231813,-0.011442718852777034,0.10697374492883682,26.365013122558594,0.0001,62.299896240234375,0.2,0.9404280781745911,0.150634765625,4235,1719.0914306640625,993.21,,
2361,1472,849,3477504,0.01632725,18.00827031135559,-0.011184461589436978,0.10691208392381668,25.147871017456055,0.0001,58.02536945343017,0.2,0.9560229778289795,0.16962890625,4240,1729.6324462890625,993.21,,
2363,1473,850,3481600,0.016095445,18.015816497802735,-0.011291898204945028,0.10682863742113113,26.675567626953125,0.0001,64.01448860168458,0.2,0.9580656290054321,0.1982421875,4245,1729.6324462890625,993.21,,
2365,1473,851,3485696,0.014326962,18.018868732452393,-0.010430181506671942,0.10687248408794403,28.247283935546875,0.0001,72.48385200500488,0.2,0.9436609745025635,0.128369140625,4250,1713.623291015625,993.21,,
2369,1472,852,3489792,0.01384335,18.01677803993225,-0.01078071584342979,0.10688011348247528,38.06049346923828,0.0001,85.05374183654786,0.2,0.9342703819274902,0.134912109375,4255,1795.329833984375,999.95,,
2372,1472,853,3493888,0.014853323,18.020459938049317,-0.015006757812807336,0.10684293508529663,36.03128433227539,0.0001,82.56837692260743,0.2,0.9405825138092041,0.157177734375,4260,1795.607666015625,999.95,,
2373,1473,854,3497984,0.010722915,18.02585129737854,-0.010659087923704647,0.10679780691862106,53.60015869140625,0.0001,129.83533725738525,0.2,0.8658268451690674,0.10078125,4265,1795.607666015625,999.95,,
2397,1460,855,3502080,0.012303998,18.03352518081665,-0.012405546562513336,0.10672996193170547,40.15094757080078,0.0001,113.74087562561036,0.2,0.8915588855743408,0.111572265625,4270,1789.2640380859375,999.95,2.557618735134105,2250000
2402,1459,856,3506176,0.011970896,18.039756202697752,-0.01249991754302755,0.10671918094158173,46.837867736816406,0.0001,122.70090408325196,0.2,0.8774628043174744,0.098046875,4275,1810.1824951171875,999.95,,
2404,1459,857,3510272,0.013265548,18.039982414245607,-0.014770203130319714,0.10673127323389053,47.35716247558594,0.0001,119.43371925354003,0.2,0.8905770182609558,0.126513671875,4280,1781.9962158203125,999.95,,
2406,1460,858,3514368,0.013117177,18.036988735198975,-0.011912694803322665,0.10675422847270966,46.4254264831543,0.0001,138.12556819915773,0.2,0.8576006889343262,0.11240234375,4285,1781.9962158203125,999.95,,
2408,1460,859,3518464,0.013211668,18.033864164352416,-0.013434630690608174,0.10680743306875229,64.52288055419922,0.0001,160.19715423583983,0.2,0.8581666946411133,0.13193359375,4290,1780.3682861328125,999.95,,
2412,1460,860,3522560,0.012895178,18.03177499771118,-0.012330090301111341,0.10677416622638702,50.53120040893555,0.0001,113.91542339324951,0.2,0.9172295331954956,0.119287109375,4295,1795.6248779296875,999.95,,
2414,1460,861,3526656,0.012731135,18.03971400260925,-0.013142192526720465,0.10675652325153351,52.647308349609375,0.0001,126.18025455474853,0.2,0.9082534313201904,0.1193359375,4300,1811.912841796875,999.95,,
2416,1461,862,3530752,0.012164781,18.041889905929565,-0.010748569469433278,0.10675591975450516,70.73326110839844,0.0001,172.10699691772462,0.2,0.8853403329849243,0.115869140625,4305,1811.912841796875,999.95,,
2418,1461,863,3534848,0.012965053,18.039861106872557,-0.013547422568080947,0.1067931056022644,47.47554016113281,0.0001,127.5366828918457,0.2,0.9139089584350586,0.120556640625,4310,1805.2281494140625,999.95,,
2422,1461,864,3538944,0.014333382,18.041332292556763,-0.015378169366158545,0.10675681382417679,52.51662826538086,0.0001,123.94477577209473,0.2,0.9176984429359436,0.146826171875,4315,1852.503173828125,999.95,,
2424,1461,865,3543040,0.015450107,18.04775619506836,-0.014990140439476819,0.10672915726900101,52.95315170288086,0.0001,127.56935195922851,0.2,0.9118186831474304,0.13173828125,4320,1820.2410888671875,999.95,,
2426,1461,866,3547136,0.011104323,18.047397232055665,-0.01113816762517672,0.10671531409025192,48.84711456298828,0.0001,132.7006383895874,0.2,0.9165297746658325,0.097998046875,4325,1820.2410888671875,999.95,,
2428,1462,867,3551232,0.012984483,18.049690341949464,-0.011051308596506715,0.10668118298053741,28.011600494384766,0.0001,79.14495058059693,0.2,0.9492373466491699,0.095849609375,4330,1805.470947265625,999.95,,
2432,1461,868,3555328,0.014738376,18.052638053894043,-0.013014915119856595,0.10668379068374634,19.321205139160156,0.0001,59.20289249420166,0.2,0.9663628339767456,0.135986328125,4335,1823.485595703125,1000.0,,
2434,1462,869,3559424,0.013490429,18.053144121170043,-0.013504890905460342,0.10669229179620743,32.97580337524414,0.0001,88.2252326965332,0.2,0.9507620334625244,0.164599609375,4340,1808.8355712890625,1000.0,,
2436,1462,870,3563520,0.013742022,18.056302404403688,-0.013657092981156893,0.10669469833374023,49.832210540771484,0.0001,129.2021966934204,0.2,0.9389179348945618,0.150244140625,4345,1808.8355712890625,1000.0,,
2438,1463,871,3567616,0.012487026,18.057518005371094,-0.012112822453491389,0.10667262226343155,78.64833068847656,0.0001,169.38270359039308,0.2,0.930528998374939,0.12333984375,4350,1801.44287109375,1000.0,,
2442,1462,872,3571712,0.014783822,18.060374355316164,-0.011606925749219954,0.10667041689157486,77.6005630493164,0.0001,154.89256763458252,0.2,0.938856303691864,0.129296875,4355,1840.7144775390625,1000.0,,
2444,1462,873,3575808,0.016176313,18.0621675491333,-0.014898569299839437,0.10668990761041641,74.20027923583984,0.0001,150.30438270568848,0.2,0.893293023109436,0.159912109375,4360,1807.977783203125,1000.0,,
2446,1463,874,3579904,0.014272709,18.065540885925294,-0.011842960340436548,0.10670009255409241,28.020763397216797,0.0001,78.55833463668823,0.2,0.9160726070404053,0.120068359375,4365,1807.977783203125,1000.0,,
2449,1462,875,3584000,0.012819639,18.069564533233642,-0.011441746505443006,0.10667551308870316,35.77048110961914,0.0001,94.689617729187,0.2,0.8854528665542603,0.145458984375,4370,1792.289794921875,1000.0,,
2452,1463,876,3588096,0.013418386,18.07239408493042,-0.013208319031400606,0.10668857395648956,34.11076736450195,0.0001,90.3365306854248,0.2,0.8945379853248596,0.13173828125,4375,1788.0145263671875,1000.0,,
2454,1463,877,3592192,0.011767881,18.06971354484558,-0.010747096553677693,0.10667454451322556,54.88666534423828,0.0001,133.93447914123536,0.2,0.9010069966316223,0.10869140625,4380,1769.7568359375,1000.0,,
2456,1463,878,3596288,0.014812087,18.071778440475462,-0.012931727571412921,0.10668101161718369,49.6370849609375,0.0001,115.76225643157959,0.2,0.9338511824607849,0.1505859375,4385,1769.7568359375,1000.0,,
2459,1463,879,3600384,0.013376702,18.073680925369263,-0.010152950719930231,0.10660908371210098,40.661312103271484,0.0001,93.69379177093506,0.2,0.9422184228897095,0.15869140625,4390,1775.093017578125,1000.0,,
2461,1464,880,3604480,0.01466537,18.073921966552735,-0.010191951144952327,0.10657405853271484,45.50387954711914,0.0001,103.47139415740966,0.2,0.9335957169532776,0.147021484375,4395,1770.7076416015625,1000.0,,
2464,1464,881,3608576,0.012760316,18.072055912017824,-0.011363074439577759,0.10653357952833176,42.83769989013672,0.0001,113.38895931243897,0.2,0.8801904916763306,0.13447265625,4400,1761.6427001953125,1000.0,,
2466,1464,882,3612672,0.016781371,18.073536825180053,-0.012847689329646528,0.10654937475919724,37.63058853149414,0.0001,83.71923923492432,0.2,0.8796630501747131,0.176025390625,4405,1761.6427001953125,1000.0,,
2469,1464,883,3616768,0.015928943,18.07276530265808,-0.011528915073722602,0.10651078075170517,17.47320556640625,0.0001,49.26391859054566,0.2,0.928679883480072,0.145458984375,4410,1804.007080078125,1000.0,,
2472,1464,884,3620864,0.017296307,18.079407787323,-0.010619146178942173,0.10651154071092606,26.185619354248047,0.0001,69.55190210342407,0.2,0.9099891185760498,0.202294921875,4415,1794.4910888671875,1000.0,,
2474,1465,885,3624960,0.014286938,18.083346796035766,-0.010503093607258051,0.10653402656316757,38.35713195800781,0.0001,87.80891628265381,0.2,0.9394930005073547,0.16767578125,4420,1786.8746337890625,1000.0,,
2476,1465,886,3629056,0.016873881,18.081617498397826,-0.013000271550845354,0.10658399760723114,51.92158126831055,0.0001,123.06721267700195,0.2,0.9252409934997559,0.178125,4425,1786.8746337890625,1000.0,,
2479,1465,887,3633152,0.01718989,18.08832097053528,-0.013245935854502022,0.10655520856380463,47.335384368896484,0.0001,99.82119998931884,0.2,0.9433518052101135,0.18447265625,4430,1772.6160888671875,1000.0,,
2481,1465,888,3637248,0.019481275,18.09885001182556,-0.012411843711743132,0.10643889009952545,42.987300872802734,0.0001,95.08011512756347,0.2,0.9400936961174011,0.202734375,4435,1755.74267578125,1000.0,,
2483,1465,889,3641344,0.018199114,18.106819438934327,-0.012667160423006862,0.10640139132738113,24.0585880279541,0.0001,56.14700288772583,0.2,0.9449530839920044,0.217431640625,4440,1755.74267578125,1000.0,,
2485,1466,890,3645440,0.013979647,18.10909495353699,-0.010121899383375422,0.1064181923866272,39.35902786254883,0.0001,105.43846855163574,0.2,0.8863320350646973,0.152099609375,4445,1747.8380126953125,1000.0,,
2489,1465,891,3649536,0.012661811,18.108942604064943,-0.010492017632350326,0.1064031720161438,19.629335403442383,0.0001,52.70366802215576,0.2,0.9418522119522095,0.119482421875,4450,1784.623779296875,1000.0,,
2491,1466,892,3653632,0.015061561,18.111046981811523,-0.013724827987607569,0.106452576816082,26.156463623046875,0.0001,65.11176061630249,0.2,0.9483580589294434,0.15166015625,4455,1764.893798828125,1000.0,,
2493,1466,893,3657728,0.012303534,18.110538148880003,-0.011845007271040231,0.10646221786737442,21.200990676879883,0.0001,62.77082271575928,0.2,0.9430343508720398,0.102978515625,4460,1764.893798828125,1000.0,,
2495,1467,894,3661824,0.01291253,18.116436004638672,-0.012810920097399503,0.10639049112796783,25.912071228027344,0.0001,66.31491498947143,0.2,0.9342105388641357,0.135595703125,4465,1772.6099853515625,1000.0,,
2499,1466,895,3665920,0.015172503,18.122628831863402,-0.015782356477575376,0.1063668355345726,37.20893478393555,0.0001,87.94541397094727,0.2,0.8998339772224426,0.14619140625,4470,1806.6917724609375,1000.0,,
2501,1467,896,3670016,0.014763645,18.12488694190979,-0.013520731288008393,0.10637881606817245,41.6248664855957,0.0001,95.83458805084229,0.2,0.8905519247055054,0.132470703125,4475,1767.0955810546875,1000.0,,
2503,1467,897,3674112,0.012257285,18.127752208709715,-0.01104156047804281,0.10633635520935059,30.76722526550293,0.0001,90.8853967666626,0.2,0.8895127177238464,0.11416015625,4480,1767.0955810546875,1000.0,,
2505,1468,898,3678208,0.013108192,18.13579978942871,-0.013715035340283066,0.10630732029676437,27.566085815429688,0.0001,72.45579414367675,0.2,0.9026133418083191,0.119091796875,4485,1748.0079345703125,1000.0,,
2509,1467,899,3682304,0.014405549,18.138911628723143,-0.01517507720272988,0.10630486160516739,36.75130081176758,0.0001,96.78159427642822,0.2,0.8807561993598938,0.152783203125,4490,1771.33740234375,1000.0,,
2511,1467,900,3686400,0.013046714,18.140974855422975,-0.014838000060990453,0.10629624873399734,43.350074768066406,0.0001,99.67945728302001,0.2,0.8114674687385559,0.122607421875,4495,1769.6044921875,1000.0,,
2513,1468,901,3690496,0.0111088855,18.145240306854248,-0.011674248636700213,0.10626556724309921,38.34553146362305,0.0001,98.18817806243896,0.2,0.8080350160598755,0.1111328125,4500,1769.6044921875,1000.0,,
2515,1468,902,3694592,0.011900896,18.149902439117433,-0.012738720158813522,0.1062408909201622,34.79010009765625,0.0001,85.5585750579834,0.2,0.8430361747741699,0.11357421875,4505,1760.3482666015625,1000.0,,
2518,1468,903,3698688,0.012881689,18.1509970664978,-0.011865534598473459,0.10620579868555069,28.02213478088379,0.0001,79.73886480331421,0.2,0.8767905235290527,0.1109375,4510,1781.4703369140625,1000.0,,
2521,1468,904,3702784,0.01211632,18.156378030776978,-0.012727970792911946,0.1061771884560585,52.60885238647461,0.0001,126.73443222045898,0.2,0.8017889261245728,0.114892578125,4515,1733.9942626953125,1000.0,,
2523,1469,905,3706880,0.013021568,18.155295610427856,-0.013190643431153148,0.10623568296432495,47.27634811401367,0.0001,123.98520774841309,0.2,0.7311997413635254,0.1291015625,4520,1733.9942626953125,1000.0,,
2525,1469,906,3710976,0.01370229,18.14936399459839,-0.014262168831191958,0.10625874251127243,54.46053695678711,0.0001,128.88963832855225,0.2,0.6707674264907837,0.14443359375,4525,1722.5565185546875,1000.0,,
2528,1469,907,3715072,0.014241598,18.147721433639525,-0.012324922042898834,0.10626792907714844,33.86717224121094,0.0001,86.25526323318482,0.2,0.7630156874656677,0.145947265625,4530,1721.0179443359375,1000.0,,
2531,1469,908,3719168,0.012357859,18.148644733428956,-0.010303760750684888,0.10627597570419312,31.254180908203125,0.0001,79.34368076324463,0.2,0.9102948904037476,0.109326171875,4535,1708.8251953125,1000.0,,
2533,1469,909,3723264,0.013295271,18.15171103477478,-0.010152857936918735,0.10626635700464249,35.500247955322266,0.0001,90.50483894348145,0.2,0.9187749624252319,0.128662109375,4540,1708.8251953125,1000.0,,
2535,1470,910,3727360,0.013004884,18.156945562362672,-0.011153812147676944,0.1062544658780098,30.60135841369629,0.0001,87.62124271392823,0.2,0.9271504878997803,0.100146484375,4545,1709.5391845703125,1000.0,,
2539,1469,911,3731456,0.011895604,18.161029291152953,-0.011130115302512423,0.10624688863754272,18.409351348876953,0.0001,57.25410375595093,0.2,0.9637141823768616,0.0990234375,4550,1779.68505859375,1000.0,,
2541,1469,912,3735552,0.01377581,18.164200830459595,-0.012020879954798147,0.106242835521698,80.36405944824219,0.0001,177.82937202453613,0.2,0.8392770290374756,0.15126953125,4555,1766.05908203125,1000.0,,
2543,1470,913,3739648,0.013087815,18.16606683731079,-0.011167548841331153,0.10624423623085022,70.70281982421875,0.0001,165.18360061645507,0.2,0.8280744552612305,0.120166015625,4560,1766.05908203125,1000.0,,
2545,1470,914,3743744,0.015139367,18.167796850204468,-0.014589074579998852,0.10625939816236496,57.53071594238281,0.0001,132.2636869430542,0.2,0.8678557872772217,0.16123046875,4565,1762.6400146484375,1000.0,,
2549,1470,915,3747840,0.014106385,18.168070936203,-0.013961812946945429,0.10626465082168579,59.07049560546875,0.0001,129.54853935241698,0.2,0.8820316195487976,0.15830078125,4570,1722.4893798828125,1000.0,,
2573,1457,916,3751936,0.016823879,18.170327854156493,-0.014212519896682351,0.10624583065509796,27.591838836669922,0.0001,70.180774974823,0.2,0.895426332950592,0.1791015625,4575,1706.5010986328125,1000.0,2.585055356453108,2250000
2575,1458,917,3756032,0.015832644,18.172863054275513,-0.010929121193476022,0.10624206811189651,25.12297821044922,0.0001,61.738380908966064,0.2,0.9098089933395386,0.1927734375,4580,1706.5010986328125,1000.0,,
2578,1458,918,3760128,0.01663572,18.173714303970335,-0.010713413771009072,0.10618302971124649,23.517126083374023,0.0001,68.6519380569458,0.2,0.8911852240562439,0.16767578125,4585,1699.6829833984375,1000.0,,
2581,1458,919,3764224,0.015332132,18.18188796043396,-0.013710655079921707,0.10615458339452744,26.38237190246582,0.0001,70.0003981590271,0.2,0.9106177091598511,0.146240234375,4590,1704.3604736328125,1000.0,,
2583,1458,920,3768320,0.012512485,18.187409687042237,-0.013822968630120159,0.10614582151174545,36.9051513671875,0.0001,95.40278720855713,0.2,0.8936155438423157,0.14267578125,4595,1690.3968505859375,1000.0,,
2585,1459,921,3772416,0.011414878,18.188912534713744,-0.010283217171672732,0.10612240433692932,45.17787551879883,0.0001,108.94336242675782,0.2,0.8849779963493347,0.098193359375,4600,1690.3968505859375,1000.0,,
2588,1458,922,3776512,0.012348732,18.193261575698852,-0.011705079767853021,0.10609389841556549,25.930917739868164,0.0001,74.28701190948486,0.2,0.9194588661193848,0.1212890625,4605,1693.3316650390625,1000.0,,
2591,1458,923,3780608,0.014416893,18.201278734207154,-0.015869193733669816,0.10610426217317581,39.52552795410156,0.0001,96.25227508544921,0.2,0.9101558923721313,0.16259765625,4610,1690.38720703125,1000.0,,
2593,1459,924,3784704,0.011021424,18.20456728935242,-0.011040863595553674,0.10609690845012665,78.55281829833984,0.0001,187.55632553100585,0.2,0.7567014694213867,0.109375,4615,1683.907470703125,1000.0,,
2595,1459,925,3788800,0.011548658,18.208370876312255,-0.013329487526789308,0.10608093440532684,66.05068969726562,0.0001,166.72381553649902,0.2,0.7718539237976074,0.124169921875,4620,1683.907470703125,1000.0,,
2598,1459,926,3792896,0.013380934,18.21000452041626,-0.01424816192011349,0.10607904195785522,69.69132232666016,0.0001,163.5981418609619,0.2,0.8106479644775391,0.14462890625,4625,1702.5914306640625,1000.0,,
2601,1459,927,3796992,0.019902628,18.209515857696534,-0.015620535088237375,0.106081523001194,50.510101318359375,0.0001,117.32870140075684,0.2,0.883802592754364,0.2064453125,4630,1702.2349853515625,1000.0,,
2603,1460,928,3801088,0.0141659565,18.210177278518678,-0.011526302562560885,0.10605095326900482,28.449398040771484,0.0001,68.19013986587524,0.2,0.9395493268966675,0.131787109375,4635,1695.69580078125,1000.0,,
2605,1460,929,3805184,0.0130004,18.21778631210327,-0.011603015323635191,0.10601342469453812,30.435518264770508,0.0001,78.9552222251892,0.2,0.8872236609458923,0.1259765625,4640,1685.57421875,1000.0,,
2608,1460,930,3809280,0.015134866,18.22220859527588,-0.013758456951472908,0.10599885135889053,28.15475082397461,0.0001,68.58297204971313,0.2,0.9143683314323425,0.139013671875,4645,1745.9832763671875,1000.0,,
2611,1460,931,3813376,0.014729016,18.22241539955139,-0.012917698483215645,0.10598359256982803,27.913095474243164,0.0001,68.14782419204712,0.2,0.944443941116333,0.188671875,4650,1743.53955078125,1000.0,,
2613,1460,932,3817472,0.015461838,18.23026943206787,-0.01151520986459218,0.10596555471420288,26.912429809570312,0.0001,66.18837623596191,0.2,0.9500940442085266,0.178515625,4655,1743.53955078125,1000.0,,
2615,1461,933,3821568,0.012752094,18.236471796035765,-0.010082737883203663,0.1059584841132164,38.04313278198242,0.0001,96.01250915527343,0.2,0.914470374584198,0.143701171875,4660,1731.4080810546875,1000.0,,
2618,1461,934,3825664,0.019705564,18.233417749404907,-0.011168131337035448,0.10596728324890137,30.002635955810547,0.0001,70.95908117294312,0.2,0.9423822164535522,0.18466796875,4665,1742.214111328125,1000.0,,
2620,1461,935,3829760,0.01676352,18.231676149368287,-0.009494154388085008,0.1058799996972084,26.59170913696289,0.0001,58.505251502990724,0.2,0.9494199156761169,0.18525390625,4670,1703.4293212890625,1000.0,,
2622,1461,936,3833856,0.019065805,18.253955030441283,-0.013655943219782784,0.10567261278629303,21.197282791137695,0.0001,52.91331329345703,0.2,0.9185976386070251,0.216796875,4675,1703.4293212890625,1000.0,,
2624,1462,937,3837952,0.018825233,18.276723051071166,-0.011924722976982594,0.10558541119098663,34.46726989746094,0.0001,82.14489612579345,0.2,0.8971319198608398,0.22939453125,4680,1698.6405029296875,1000.0,,
2628,1461,938,3842048,0.01668679,18.29145464897156,-0.014725038970937021,0.10542339086532593,21.814594268798828,0.0001,50.46143341064453,0.2,0.9512652158737183,0.2294921875,4685,1704.64990234375,1000.0,,
2630,1462,939,3846144,0.01954253,18.311705303192138,-0.015279001876479015,0.10535544902086258,29.671367645263672,0.0001,70.74242601394653,0.2,0.9414827227592468,0.23369140625,4690,1739.7806396484375,1000.0,,
2632,1462,940,3850240,0.012814451,18.32092204093933,-0.011870317254215479,0.1052991971373558,74.040771484375,0.0001,151.08888626098633,0.2,0.8475241661071777,0.149365234375,4695,1739.7806396484375,1000.0,,
2634,1462,941,3854336,0.013451448,18.324828720092775,-0.01233027529087849,0.10526219010353088,52.0034065246582,0.0001,136.5890640258789,0.2,0.8267579674720764,0.10810546875,4700,1735.6885986328125,1000.0,,
2638,1462,942,3858432,0.011147316,18.327882242202758,-0.011231510253855959,0.10524621605873108,61.791297912597656,0.0001,151.48073902130128,0.2,0.8460330963134766,0.08037109375,4705,1792.0977783203125,1000.0,,
2640,1462,943,3862528,0.014811315,18.325763463974,-0.012618653441313655,0.10524354130029678,50.239688873291016,0.0001,120.11192588806152,0.2,0.9006851315498352,0.133837890625,4710,1759.41748046875,1000.0,,
2642,1463,944,3866624,0.017416956,18.3264919757843,-0.015924321225611493,0.10515961796045303,31.3372802734375,0.0001,66.06089305877686,0.2,0.9458820223808289,0.164599609375,4715,1759.41748046875,1000.0,,
2644,1463,945,3870720,0.016946398,18.3351571559906,-0.013088575925212353,0.10511928051710129,30.31817054748535,0.0001,67.19603900909424,0.2,0.9404818415641785,0.167578125,4720,1755.678955078125,1000.0,,
2648,1463,946,3874816,0.015210297,18.336572027206422,-0.011802936118328944,0.10511301457881927,38.803802490234375,0.0001,90.93325157165528,0.2,0.9142194390296936,0.1751953125,4725,1839.502197265625,1000.0,,
2650,1463,947,3878912,0.014560549,18.337545919418336,-0.009725069062551484,0.10510957986116409,30.010679244995117,0.0001,75.179172706604,0.2,0.952139139175415,0.16728515625,4730,1822.9532470703125,1000.0,,
2652,1463,948,3883008,0.015900286,18.33824505805969,-0.013659240602282807,0.10515596717596054,24.71685791015625,0.0001,61.40885515213013,0.2,0.9609383344650269,0.185302734375,4735,1822.9532470703125,1000.0,,
2654,1464,949,3887104,0.013360914,18.338151216506958,-0.010884360468480736,0.10516469180583954,39.807918548583984,0.0001,95.8494306564331,0.2,0.944976270198822,0.13486328125,4740,1820.8990478515625,1000.0,,
2658,1463,950,3891200,0.0150747,18.342140483856202,-0.011592547904001549,0.1051160991191864,28.26286506652832,0.0001,59.807685661315915,0.2,0.9651497006416321,0.16298828125,4745,1815.578857421875,1000.0,,
2660,1464,951,3895296,0.01584124,18.35295662879944,-0.011317401414271445,0.10501739382743835,16.158838272094727,0.0001,40.02461862564087,0.2,0.9692074656486511,0.180224609375,4750,1829.6053466796875,999.92,,
2662,1464,952,3899392,0.014796279,18.36145167350769,-0.011418475210666657,0.10498278588056564,115.64920806884766,0.0001,146.2875665664673,0.2,0.9062142968177795,0.180615234375,4755,1829.6053466796875,999.92,,
2664,1465,953,3903488,0.01213485,18.365010833740236,-0.009950976725667715,0.10495676845312119,19.3930606842041,0.0001,58.817680549621585,0.2,0.9556566476821899,0.09609375,4760,1833.32861328125,999.92,,
2667,1464,954,3907584,0.015019581,18.370937013626097,-0.014012504799757153,0.10490971803665161,19.59161376953125,0.0001,56.38470401763916,0.2,0.9598531126976013,0.14150390625,4765,1861.6407470703125,999.92,,
2669,1465,955,3911680,0.01344002,18.37550768852234,-0.012431509234011174,0.10490624606609344,43.1256103515625,0.0001,105.16389636993408,0.2,0.933763861656189,0.133349609375,4770,1842.93212890625,999.92,,
2671,1465,956,3915776,0.015662657,18.378324604034425,-0.014359085625619628,0.1048787534236908,25.057111740112305,0.0001,64.21372089385986,0.2,0.9552171230316162,0.119873046875,4775,1842.93212890625,999.92,,
2673,1465,957,3919872,0.012768538,18.3832088470459,-0.009483369748340919,0.1048675999045372,21.778770446777344,0.0001,63.374864959716795,0.2,0.9439077377319336,0.123486328125,4780,1852.106201171875,999.92,,
2677,1465,958,3923968,0.013190055,18.384261989593504,-0.012279345240676776,0.10485261678695679,21.781749725341797,0.0001,55.94444618225098,0.2,0.9528655409812927,0.128271484375,4785,1907.2919921875,999.92,,
2679,1465,959,3928064,0.013870702,18.386421394348144,-0.011561798758339136,0.10483228415250778,19.291379928588867,0.0001,55.146368217468265,0.2,0.928283154964447,0.1365234375,4790,1908.139404296875,999.92,,
2681,1466,960,3932160,0.014784053,18.394022274017335,-0.01419640100793913,0.10481125861406326,24.385332107543945,0.0001,54.218591117858885,0.2,0.945677638053894,0.169677734375,4795,1908.139404296875,999.92,,
2684,1466,961,3936256,0.016591618,18.398705530166627,-0.011441776645369828,0.10478953272104263,17.816848754882812,0.0001,46.79129981994629,0.2,0.9546818137168884,0.162255859375,4800,1933.50537109375,999.92,,
2687,1466,962,3940352,0.013859358,18.405826377868653,-0.010074455523863435,0.10475972294807434,17.161588668823242,0.0001,45.79027462005615,0.2,0.9624271392822266,0.1453125,4805,1933.346923828125,999.92,,
2689,1466,963,3944448,0.012913948,18.412895822525023,-0.010730881174094976,0.10472375154495239,38.51011657714844,0.0001,88.09811878204346,0.2,0.9020845890045166,0.127734375,4810,1931.477783203125,999.92,,
2691,1467,964,3948544,0.013647507,18.42061576843262,-0.014375659916549922,0.10465773940086365,61.353031158447266,0.0001,130.7567539215088,0.2,0.890420138835907,0.145166015625,4815,1931.477783203125,999.92,,
2694,1466,965,3952640,0.013732073,18.42996554374695,-0.01313753796275705,0.1046556830406189,63.933746337890625,0.0001,145.81764183044433,0.2,0.8715269565582275,0.143115234375,4820,1894.5211181640625,999.92,,
2697,1466,966,3956736,0.015198242,18.434667587280273,-0.011413234454812482,0.10457457602024078,38.68951416015625,0.0001,89.94884243011475,0.2,0.9290267825126648,0.142431640625,4825,1884.51806640625,999.92,,
2699,1467,967,3960832,0.013060996,18.447296476364137,-0.010709109283925499,0.10455624759197235,83.62007904052734,0.0001,200.73611221313476,0.2,0.8663760423660278,0.13701171875,4830,1887.0054931640625,999.92,,
2701,1467,968,3964928,0.013053081,18.44635138511658,-0.010472160833887755,0.10457220673561096,36.360897064208984,0.0001,93.95895290374756,0.2,0.9427696466445923,0.12802734375,4835,1887.0054931640625,999.92,,
2705,1466,969,3969024,0.013427509,18.447849369049074,-0.012707390543073415,0.10451874136924744,40.00709533691406,0.0001,94.9213659286499,0.2,0.9367149472236633,0.148779296875,4840,1875.028076171875,999.92,,
2708,1467,970,3973120,0.016198227,18.45778360366821,-0.0120489910710603,0.10447495430707932,33.83644104003906,0.0001,86.95026893615723,0.2,0.9516691565513611,0.160205078125,4845,1860.495361328125,999.92,,
2710,1467,971,3977216,0.015381093,18.459495401382448,-0.0101483212900348,0.1044955775141716,25.51334571838379,0.0001,65.1303611755371,0.2,0.9574916362762451,0.152685546875,4850,1844.19921875,999.92,,
2712,1467,972,3981312,0.012883471,18.457215452194212,-0.011191301920916885,0.10450007766485214,28.42496109008789,0.0001,68.51937036514282,0.2,0.9364991188049316,0.14814453125,4855,1847.862060546875,999.92,,
2715,1467,973,3985408,0.013461238,18.46075005531311,-0.011492341419216245,0.10444188117980957,22.42426300048828,0.0001,56.70944671630859,0.2,0.9494888186454773,0.13916015625,4860,1869.2230224609375,999.92,,
2718,1467,974,3989504,0.01647522,18.46809239387512,-0.012800777005031705,0.1043398380279541,24.23303985595703,0.0001,56.97036066055298,0.2,0.9690366387367249,0.194189453125,4865,1843.3212890625,999.92,,
2719,1468,975,3993600,0.013134457,18.47012424468994,-0.011130776908248662,0.10435232520103455,48.40308380126953,0.0001,95.87700653076172,0.2,0.9549051523208618,0.201806640625,4870,1843.3212890625,999.92,,
2721,1468,976,3997696,0.015341892,18.46505765914917,-0.011226808733772487,0.10431375354528427,41.01214599609375,0.0001,104.62686100006104,0.2,0.9522876739501953,0.137451171875,4875,1829.1339111328125,999.92,,
2747,1456,977,4001792,0.012569819,18.46885676383972,-0.01183682024711743,0.10429760813713074,21.449663162231445,0.0001,63.875601291656494,0.2,0.9689049124717712,0.126953125,4880,1875.1815185546875,1000.0,2.5890803781093763,2250000
