time/fps,mufredat/çukur,time/total_timesteps,mufredat/yayla,mufredat/eğim y,time/iterations,mufredat/eğim x,time/time_elapsed,train/explained_variance,train/policy_gradient_loss,train/clip_fraction,train/std,train/loss,train/clip_range,train/approx_kl,train/learning_rate,train/entropy_loss,train/n_updates,train/value_loss,rollout/ep_len_mean,rollout/ep_rew_mean,eval/skor,eval/en_iyi_adim
1129,0.0,4096,0.0,0.0,1,0.0,3,,,,,,,,,,,,,,,
1491,0.0,8192,0.0,0.0,2,0.0,5,0.9559812545776367,-0.007954729028278961,0.05771484375,0.09998079389333725,34.30616760253906,0.2,0.0084651,0.0001,15.907399725914,310,80.0492802619934,,,,
1471,0.0,12288,0.0,0.0,3,0.0,8,0.9717267155647278,-0.009452254266943783,0.057568359375,0.09995425492525101,26.460235595703125,0.2,0.009738942,0.0001,15.91115207672119,315,65.16905279159546,,,,
1080,0.875,16384,0.5,0.5,4,0.0,15,0.9740233421325684,-0.011181800495251082,0.08466796875,0.09991036355495453,20.060047149658203,0.2,0.0116782,0.0001,15.916861748695373,320,59.886055374145506,1000.0,2196.751953125,,
1090,0.875,20480,0.5,0.5,5,0.0,18,0.9673145413398743,-0.012778200081083924,0.12412109375,0.0998838022351265,26.549612045288086,0.2,0.01411476,0.0001,15.925135135650635,325,59.41537322998047,1000.0,2196.751953125,,
1138,0.875,24576,0.5,0.5,6,0.0,21,0.9658781886100769,-0.009272986062569544,0.07392578125,0.09985321760177612,12.762020111083984,0.2,0.009838724,0.0001,15.928626585006715,330,34.42572021484375,1000.0,2196.751953125,,
1188,0.875,28672,0.5,0.5,7,0.0,24,0.9667178988456726,-0.011206163960741833,0.096044921875,0.09978241473436356,10.295722961425781,0.2,0.013564618,0.0001,15.93792085647583,335,27.881340742111206,1000.0,2196.751953125,,
1047,1.625,32768,1.5,1.5,8,0.5,31,0.9781525135040283,-0.011386722247698345,0.094384765625,0.09975168108940125,7.854669094085693,0.2,0.013163026,0.0001,15.94796826839447,340,21.385715389251708,1000.0,2214.09375,,
1074,1.625,36864,1.5,1.5,9,0.5,34,0.9769297242164612,-0.011724227995728143,0.13037109375,0.09969893097877502,10.318501472473145,0.2,0.015260168,0.0001,15.954050874710083,345,24.218575048446656,1000.0,2214.09375,,
1118,1.625,40960,1.5,1.5,10,0.5,36,0.9261123538017273,-0.008237866661511361,0.06845703125,0.0996733009815216,23.15253257751465,0.2,0.010926941,0.0001,15.963186573982238,350,66.07516117095948,1000.0,2214.09375,,
1149,1.625,45056,1.5,1.5,11,0.5,39,0.9327377676963806,-0.007965016493108124,0.048486328125,0.09968232363462448,25.823829650878906,0.2,0.009799011,0.0001,15.964215564727784,355,68.76275901794433,1000.0,2214.09375,,
1128,1.75,49152,2.0,2.5,12,1.0,43,0.9588575959205627,-0.011374741792678833,0.073583984375,0.09967193007469177,16.756160736083984,0.2,0.0113484375,0.0001,15.963346529006959,360,45.95449266433716,1000.0,2076.339111328125,,
1169,1.75,53248,2.0,2.5,13,1.0,45,0.951775074005127,-0.009705687267705798,0.06806640625,0.09965807944536209,25.13739585876465,0.2,0.011515931,0.0001,15.966152667999268,365,58.90482845306396,1000.0,2076.339111328125,,
1209,1.75,57344,2.0,2.5,14,1.0,47,0.8851874470710754,-0.005994421511422843,0.02392578125,0.09965462982654572,55.548248291015625,0.2,0.0062250765,0.0001,15.968003821372985,370,136.83519763946532,1000.0,2076.339111328125,,
1246,1.75,61440,2.0,2.5,15,1.0,49,0.8894411325454712,-0.005476283957250416,0.0169921875,0.09964689612388611,51.13593292236328,0.2,0.0052780844,0.0001,15.96824927330017,375,129.3873857498169,1000.0,2076.339111328125,,
1198,2.5,65536,2.5,1.5,16,2.0,54,0.9392112493515015,-0.014942554233130068,0.106201171875,0.09966114908456802,33.882686614990234,0.2,0.01173589,0.0001,15.96900017261505,380,80.01644611358643,1000.0,1998.104736328125,,
1233,2.5,69632,2.5,1.5,17,2.0,56,0.9359121918678284,-0.01721040696138516,0.13681640625,0.0996481254696846,29.575735092163086,0.2,0.014413386,0.0001,15.967033100128173,385,68.05361289978028,1000.0,1998.104736328125,,
1263,2.5,73728,2.5,1.5,18,2.0,58,0.6468843221664429,-0.007661620690487325,0.022998046875,0.0996517762541771,62.804813385009766,0.2,0.0061888983,0.0001,15.969929361343384,390,162.4602310180664,1000.0,1998.104736328125,,
1291,2.5,77824,2.5,1.5,19,2.0,60,0.7091962099075317,-0.0080462773272302,0.03427734375,0.09967046231031418,52.235294342041016,0.2,0.008130351,0.0001,15.966879296302796,395,129.16732807159423,1000.0,1998.104736328125,,
1230,2.625,81920,3.5,2.0,20,3.0,66,0.7721121311187744,-0.011024404142517596,0.062841796875,0.09964924305677414,37.76207733154297,0.2,0.010039337,0.0001,15.966314482688905,400,93.52630348205567,1000.0,1952.2974853515625,,
1256,2.625,86016,3.5,2.0,21,3.0,68,0.8649027943611145,-0.00867774678627029,0.037451171875,0.09961016476154327,38.31584930419922,0.2,0.008252732,0.0001,15.972395300865173,405,98.90207328796387,1000.0,1952.2974853515625,,
1277,2.625,90112,3.5,2.0,22,3.0,70,0.9201069474220276,-0.006842079706257209,0.024169921875,0.09956907480955124,40.02534103393555,0.2,0.0064578485,0.0001,15.979517579078674,410,102.34495887756347,1000.0,1952.2974853515625,,
1297,2.625,94208,3.5,2.0,23,3.0,72,0.9077773094177246,-0.011244621721561997,0.05361328125,0.09956726431846619,49.82099151611328,0.2,0.010384149,0.0001,15.984450221061707,415,121.24613456726074,1000.0,1952.2974853515625,,
1252,3.125,98304,4.5,2.5,24,3.0,78,0.9366288185119629,-0.010068872995907441,0.0611328125,0.09956058859825134,38.09861373901367,0.2,0.011771524,0.0001,15.984055662155152,420,94.43820514678956,1000.0,1916.7457275390625,,
1271,3.125,102400,4.5,2.5,25,3.0,80,0.9068079590797424,-0.01048944285721518,0.053369140625,0.09954334795475006,52.74148941040039,0.2,0.009885112,0.0001,15.98631534576416,425,132.17104454040526,1000.0,1916.7457275390625,,
1289,3.125,106496,4.5,2.5,26,3.0,82,0.8225717544555664,-0.009073697356507182,0.049365234375,0.09952479600906372,86.36759185791016,0.2,0.007175818,0.0001,15.98985414505005,430,217.93815727233886,1000.0,1916.7457275390625,,
1305,3.125,110592,4.5,2.5,27,3.0,84,0.8533673286437988,-0.009731596847996116,0.037548828125,0.09951817989349365,82.95574951171875,0.2,0.007902065,0.0001,15.992425060272216,435,184.00144996643067,1000.0,1916.7457275390625,,
1272,2.875,114688,5.0,2.0,28,4.0,90,0.8558885455131531,-0.01238999308552593,0.065673828125,0.09949541091918945,84.33917236328125,0.2,0.01038331,0.0001,15.994280481338501,440,178.42012557983398,1000.0,1803.74462890625,,
1286,2.875,118784,5.0,2.0,29,4.0,92,0.9119279384613037,-0.01303432029671967,0.086962890625,0.09949307143688202,42.321006774902344,0.2,0.01110759,0.0001,15.997456598281861,445,100.45926570892334,1000.0,1803.74462890625,,
1300,2.875,122880,5.0,2.0,30,4.0,94,0.8404926061630249,-0.009057591843884438,0.0462890625,0.09948950260877609,56.856143951416016,0.2,0.008344063,0.0001,15.997236323356628,450,144.02039394378662,1000.0,1803.74462890625,,
1312,2.875,126976,5.0,2.0,31,4.0,96,0.8775207996368408,-0.01070355047704652,0.055615234375,0.09947235137224197,40.547279357910156,0.2,0.009061861,0.0001,15.999266386032104,455,101.34211769104004,1000.0,1803.74462890625,,
1283,2.875,131072,6.0,1.0,32,1.5,102,0.8769912719726562,-0.01548708175541833,0.109619140625,0.0994349867105484,43.543758392333984,0.2,0.013930613,0.0001,16.004181241989137,460,97.99407939910888,1000.0,1698.733154296875,,
1296,2.875,135168,6.0,1.0,33,1.5,104,0.9032390713691711,-0.015760329947806895,0.111767578125,0.09940754622220993,37.78851318359375,0.2,0.01405628,0.0001,16.010331106185912,465,90.963747215271,1000.0,1698.733154296875,,
1309,2.875,139264,6.0,1.0,34,1.5,106,0.9134345650672913,-0.0129248964949511,0.097900390625,0.09941312670707703,34.80281066894531,0.2,0.011656998,0.0001,16.01299328804016,470,86.86483783721924,1000.0,1698.733154296875,,
1321,2.875,143360,6.0,1.0,35,1.5,108,0.9470219612121582,-0.013963268784573301,0.1107421875,0.09939157217741013,24.437925338745117,0.2,0.01349394,0.0001,16.012846994400025,475,58.33646383285522,1000.0,1698.733154296875,,
1309,3.0,147456,6.5,1.5,36,2.5,112,0.9497723579406738,-0.01260794851114042,0.091796875,0.09936158359050751,24.83294677734375,0.2,0.012033812,0.0001,16.018698596954344,480,57.732798957824706,1000.0,1642.4261474609375,,
1324,3.0,151552,6.5,1.5,37,2.5,114,0.8604341745376587,-0.012432168249506503,0.075732421875,0.09934116899967194,55.260433197021484,0.2,0.010559024,0.0001,16.023334550857545,485,124.61456031799317,1000.0,1642.4261474609375,,
1338,3.0,155648,6.5,1.5,38,2.5,116,0.6458626985549927,-0.004687289643334225,0.0052734375,0.09934310615062714,90.94377136230469,0.2,0.0035620807,0.0001,16.025013303756715,490,227.1106502532959,1000.0,1642.4261474609375,,
1348,3.0,159744,6.5,1.5,39,2.5,118,0.7162679433822632,-0.006989036803133786,0.027734375,0.09933631122112274,84.2147445678711,0.2,0.0072835255,0.0001,16.02468776702881,495,192.906409072876,1000.0,1642.4261474609375,,
1330,3.25,163840,3.5,1.0,40,3.5,123,0.6723117828369141,-0.010640304605476558,0.0513671875,0.09930472075939178,89.17145538330078,0.2,0.0083238445,0.0001,16.028086614608764,500,207.5213195800781,1000.0,1582.971923828125,,
1337,3.25,167936,3.5,1.0,41,3.5,125,0.6320240497589111,-0.009073232219088822,0.046240234375,0.09930150955915451,88.6492919921875,0.2,0.007731079,0.0001,16.032405614852905,505,194.7362258911133,1000.0,1582.971923828125,,
1348,3.25,172032,3.5,1.0,42,3.5,127,0.6609996557235718,-0.010323550389148294,0.04443359375,0.09931680560112,109.15760803222656,0.2,0.009636318,0.0001,16.030889415740965,510,251.3804843902588,1000.0,1582.971923828125,,
1323,2.75,176128,4.0,2.0,43,2.5,133,0.7631543278694153,-0.009060470055555925,0.044873046875,0.09930192679166794,88.37141418457031,0.2,0.008363064,0.0001,16.030057191848755,515,216.1315502166748,1000.0,1494.2918701171875,,
1331,2.75,180224,4.0,2.0,44,2.5,135,0.8175244927406311,-0.015886401699390262,0.104541015625,0.09924836456775665,79.27029418945312,0.2,0.01237233,0.0001,16.03627257347107,520,173.14478302001953,1000.0,1494.2918701171875,,
1340,2.75,184320,4.0,2.0,45,2.5,137,0.803220808506012,-0.008384826115798206,0.039208984375,0.0992436483502388,67.45645141601562,0.2,0.008708999,0.0001,16.04315252304077,525,176.1051731109619,1000.0,1494.2918701171875,,
1348,2.75,188416,4.0,2.0,46,2.5,139,0.8351951837539673,-0.009438903833506629,0.05615234375,0.09924831986427307,68.94375610351562,0.2,0.0099914875,0.0001,16.0418821811676,530,156.25519180297852,1000.0,1494.2918701171875,,
1325,2.625,192512,4.5,2.5,47,3.0,145,0.7870191335678101,-0.014281590993050486,0.10556640625,0.09927377104759216,83.0131607055664,0.2,0.010757767,0.0001,16.040000629425048,535,205.46292686462402,1000.0,1462.74365234375,,
1333,2.625,196608,4.5,2.5,48,3.0,147,0.8733065128326416,-0.01449532340047881,0.099169921875,0.09927018731832504,62.357425689697266,0.2,0.011563998,0.0001,16.037103605270385,540,129.0368282318115,1000.0,1462.74365234375,,
1342,2.625,200704,4.5,2.5,49,3.0,149,0.6913589835166931,-0.010267245175782591,0.04833984375,0.0992821604013443,79.61543273925781,0.2,0.009101793,0.0001,16.03728222846985,545,178.51683197021484,1000.0,1462.74365234375,,
1352,2.625,204800,4.5,2.5,50,3.0,151,0.7376760244369507,-0.012486664077732712,0.08505859375,0.09930030256509781,64.66832733154297,0.2,0.010222758,0.0001,16.034071254730225,550,147.65456867218018,1000.0,1462.74365234375,,
1327,2.5,208896,5.5,1.5,51,3.5,157,0.8188371658325195,-0.012054306670324876,0.09287109375,0.0992736965417862,55.25271224975586,0.2,0.011306398,0.0001,16.03352108001709,555,123.01521797180176,1000.0,1447.052001953125,,
1337,2.5,212992,5.5,1.5,52,3.5,159,0.8746426701545715,-0.012441683874931187,0.106884765625,0.09923254698514938,47.899784088134766,0.2,0.011900129,0.0001,16.04085841178894,560,102.68296566009522,1000.0,1447.052001953125,,
1347,2.5,217088,5.5,1.5,53,3.5,161,0.8058438897132874,-0.011080184549791738,0.068408203125,0.09920211136341095,61.293216705322266,0.2,0.009368987,0.0001,16.04724555015564,565,146.28066940307616,1000.0,1447.052001953125,,
1356,2.5,221184,5.5,1.5,54,3.5,163,0.8392862677574158,-0.012298412364907562,0.071240234375,0.09920632094144821,45.817237854003906,0.2,0.010036561,0.0001,16.050600814819337,570,108.36927814483643,1000.0,1447.052001953125,,
1342,2.75,225280,6.5,0.5,55,3.0,167,0.8716643452644348,-0.012582368787843735,0.071533203125,0.0991763100028038,46.212799072265625,0.2,0.011535378,0.0001,16.051144981384276,575,115.82752571105956,1000.0,1472.818115234375,,
1351,2.75,229376,6.5,0.5,56,3.0,169,0.8963150978088379,-0.009900793229462579,0.070849609375,0.09915061295032501,44.08480453491211,0.2,0.01204377,0.0001,16.0572265625,580,100.09885540008545,1000.0,1472.818115234375,,
1360,2.75,233472,6.5,0.5,57,3.0,171,0.8539110422134399,-0.009385966800618917,0.059912109375,0.09913239628076553,46.25973129272461,0.2,0.010226457,0.0001,16.06144037246704,585,125.22639236450195,1000.0,1472.818115234375,,
1370,2.75,237568,6.5,0.5,58,3.0,173,0.8707565665245056,-0.012922023391001857,0.1009765625,0.09909208863973618,52.40769577026367,0.2,0.011238728,0.0001,16.065859270095824,590,118.28165473937989,1000.0,1472.818115234375,,
1342,3.125,241664,7.0,1.5,59,3.5,179,0.8680744171142578,-0.014813199324999004,0.101953125,0.09906084835529327,60.08024215698242,0.2,0.010865038,0.0001,16.073108291625978,595,133.27091751098632,1000.0,1487.024658203125,,
1351,3.125,245760,7.0,1.5,60,3.5,181,0.9062934517860413,-0.013796443439787254,0.11689453125,0.09902031719684601,47.697879791259766,0.2,0.013833659,0.0001,16.079225921630858,600,114.615797996521,1000.0,1487.024658203125,,
1360,3.125,249856,7.0,1.5,61,3.5,183,0.8678451776504517,-0.009174538467777892,0.052978515625,0.09900842607021332,78.95377349853516,0.2,0.009478679,0.0001,16.084892225265502,605,197.66569862365722,1000.0,1487.024658203125,,
1213,3.125,253952,7.0,1.5,62,3.5,209,0.8840424418449402,-0.014186167146544904,0.093017578125,0.09898024052381516,86.30278015136719,0.2,0.010773489,0.0001,16.08727822303772,610,171.18342781066895,1000.0,1487.024658203125,2.452631140745303,250000
1204,3.25,258048,7.0,2.5,63,2.5,214,0.8936036825180054,-0.010290461749536916,0.081103515625,0.09894605726003647,70.55704498291016,0.2,0.009272455,0.0001,16.094029045104982,615,159.45270080566405,1000.0,1442.5567626953125,,
1213,3.25,262144,7.0,2.5,64,2.5,216,0.8714064955711365,-0.012856032664421946,0.11552734375,0.09890033304691315,59.45075988769531,0.2,0.011686744,0.0001,16.100591135025024,620,124.60549907684326,1000.0,1442.5567626953125,,
1221,3.25,266240,7.0,2.5,65,2.5,218,0.7141631841659546,-0.010043395753018557,0.075244140625,0.09886586666107178,46.9339599609375,0.2,0.009636102,0.0001,16.108090305328368,625,112.50510272979736,1000.0,1442.5567626953125,,
1229,3.25,270336,7.0,2.5,66,2.5,219,0.738051176071167,-0.010321161278989166,0.069970703125,0.09885741770267487,53.58046340942383,0.2,0.010555689,0.0001,16.113220167160033,630,126.22458038330078,1000.0,1442.5567626953125,,
1221,3.25,274432,6.0,2.5,67,2.5,224,0.7479566931724548,-0.01230363209033385,0.11240234375,0.09886430203914642,81.90949249267578,0.2,0.012507036,0.0001,16.11197476387024,635,166.70041007995604,1000.0,1453.458251953125,,
1229,3.25,278528,6.0,2.5,68,2.5,226,0.8170554637908936,-0.010310826005297712,0.082177734375,0.0988205149769783,65.66474914550781,0.2,0.011100842,0.0001,16.11487560272217,640,127.25418891906739,1000.0,1453.458251953125,,
1236,3.25,282624,6.0,2.5,69,2.5,228,0.7017763257026672,-0.010895906633231789,0.059619140625,0.09881152212619781,56.07017517089844,0.2,0.009957079,0.0001,16.1216730594635,645,148.38906478881836,1000.0,1453.458251953125,,
1244,3.25,286720,6.0,2.5,70,2.5,230,0.6511346101760864,-0.013873009552480654,0.082958984375,0.098802849650383,69.34899139404297,0.2,0.011654435,0.0001,16.12150659561157,650,167.8891986846924,1000.0,1453.458251953125,,
1228,2.875,290816,7.0,1.5,71,1.5,236,0.7583976984024048,-0.013267488358542323,0.09541015625,0.09875722229480743,65.22982788085938,0.2,0.01166285,0.0001,16.127245569229125,655,159.1340358734131,1000.0,1451.0,,
1234,2.875,294912,7.0,1.5,72,1.5,238,0.8590205907821655,-0.01426147973688785,0.107177734375,0.09874138236045837,48.15132141113281,0.2,0.013639184,0.0001,16.13307156562805,660,114.22720508575439,1000.0,1451.0,,
1241,2.875,299008,7.0,1.5,73,1.5,240,0.7472720146179199,-0.010959339613327757,0.064013671875,0.09872153401374817,57.07245635986328,0.2,0.010186166,0.0001,16.135771799087525,665,151.07495861053468,1000.0,1451.0,,
1247,2.875,303104,7.0,1.5,74,1.5,242,0.7397489547729492,-0.013710213103331625,0.08212890625,0.09869840741157532,43.13631820678711,0.2,0.011838036,0.0001,16.13988928794861,670,120.42566452026367,1000.0,1451.0,,
1239,2.625,307200,8.0,2.0,75,2.5,247,0.7201721668243408,-0.013133333821315318,0.079833984375,0.09869672358036041,43.04658126831055,0.2,0.012804513,0.0001,16.14267439842224,675,117.75671443939208,1000.0,1478.750732421875,,
1244,2.625,311296,8.0,2.0,76,2.5,250,0.7659996747970581,-0.012892369547626004,0.09140625,0.09869727492332458,65.26705932617188,0.2,0.010157307,0.0001,16.142396259307862,680,156.51256275177002,1000.0,1478.750732421875,,
1250,2.625,315392,8.0,2.0,77,2.5,252,0.7143604159355164,-0.01130770263262093,0.066845703125,0.09865731745958328,86.26673889160156,0.2,0.0090778945,0.0001,16.145161962509157,685,197.79205131530762,1000.0,1478.750732421875,,
1255,2.625,319488,8.0,2.0,78,2.5,254,0.7773537039756775,-0.0151166572002694,0.115380859375,0.09863262623548508,70.86182403564453,0.2,0.012394004,0.0001,16.152516460418703,690,157.02006797790528,1000.0,1478.750732421875,,
1245,3.0,323584,3.5,1.5,79,3.5,259,0.7767863869667053,-0.012082481640391052,0.08857421875,0.09858319163322449,84.05342864990234,0.2,0.011800459,0.0001,16.157569646835327,695,178.32550201416015,1000.0,1463.1356201171875,,
1251,3.0,327680,3.5,1.5,80,3.5,261,0.7914878129959106,-0.008394035586388782,0.0333984375,0.09856781363487244,50.961219787597656,0.2,0.008494982,0.0001,16.1654794216156,700,134.13180809020997,1000.0,1463.1356201171875,,
1256,3.0,331776,3.5,1.5,81,3.5,264,0.8591741323471069,-0.01555127918254584,0.1423828125,0.0985265001654625,35.44301223754883,0.2,0.014016947,0.0001,16.16903748512268,705,85.3706792831421,1000.0,1463.1356201171875,,
1263,3.0,335872,3.5,1.5,82,3.5,265,0.8656967878341675,-0.013121294369921089,0.105859375,0.09843382239341736,45.30780029296875,0.2,0.012261764,0.0001,16.180672454833985,710,103.49969367980957,1000.0,1463.1356201171875,,
1258,3.25,339968,4.0,2.5,83,4.0,270,0.8963704705238342,-0.010245368856703862,0.08466796875,0.09840140491724014,40.36255645751953,0.2,0.010966021,0.0001,16.194744539260864,715,88.29001636505127,1000.0,1445.1270751953125,,
1264,3.25,344064,4.0,2.5,84,4.0,272,0.8635717630386353,-0.01297118592192419,0.10673828125,0.0984109416604042,61.8962287902832,0.2,0.012021324,0.0001,16.195760917663574,720,151.25696811676025,1000.0,1445.1270751953125,,
1270,3.25,348160,4.0,2.5,85,4.0,273,0.8508695363998413,-0.010248320887330919,0.06435546875,0.0983801782131195,53.8128776550293,0.2,0.009040303,0.0001,16.196782636642457,725,156.72243938446044,1000.0,1445.1270751953125,,
1266,2.875,352256,5.0,2.0,86,3.0,278,0.8457592725753784,-0.014669907224015333,0.101904296875,0.09834001958370209,62.133514404296875,0.2,0.010835005,0.0001,16.20436782836914,730,169.84895439147948,1000.0,1407.4224853515625,,
1271,2.875,356352,5.0,2.0,87,3.0,280,0.8814716339111328,-0.013769154029432684,0.0943359375,0.09828521311283112,64.51892852783203,0.2,0.011051748,0.0001,16.21229772567749,735,150.4870532989502,1000.0,1407.4224853515625,,
1277,2.875,360448,5.0,2.0,88,3.0,282,0.4769824147224426,-0.013789198439917527,0.0875,0.09824591130018234,62.91834259033203,0.2,0.010861614,0.0001,16.221585321426392,740,154.581449508667,1000.0,1407.4224853515625,,
1283,2.875,364544,5.0,2.0,89,3.0,284,0.34117579460144043,-0.008779723837506026,0.0275390625,0.09822869300842285,71.20652770996094,0.2,0.0068323696,0.0001,16.226852703094483,745,175.03862648010255,1000.0,1407.4224853515625,,
1278,3.0,368640,6.0,2.5,90,4.0,288,0.4454296827316284,-0.011682259914232418,0.0666015625,0.0982230007648468,64.6148910522461,0.2,0.010375113,0.0001,16.228975534439087,750,155.43106784820557,1000.0,1428.0888671875,,
1282,3.0,372736,6.0,2.5,91,4.0,290,0.6558946371078491,-0.01403831215284299,0.12216796875,0.09819822758436203,41.25214385986328,0.2,0.0113045,0.0001,16.230883264541625,755,109.18991680145264,1000.0,1428.0888671875,,
1288,3.0,376832,6.0,2.5,92,4.0,292,0.6596165895462036,-0.015893983410205693,0.14072265625,0.09819280356168747,54.70832443237305,0.2,0.015696313,0.0001,16.235005235672,760,138.11190662384033,1000.0,1428.0888671875,,
1293,3.0,380928,6.0,2.5,93,4.0,294,0.6181830167770386,-0.011600728705525398,0.08876953125,0.09819334745407104,70.84378814697266,0.2,0.012230314,0.0001,16.234988832473753,765,159.45149116516114,1000.0,1428.0888671875,,
1289,3.0,385024,6.5,2.5,94,1.0,298,0.7859166860580444,-0.01427148649818264,0.09462890625,0.09817667305469513,66.22821807861328,0.2,0.011406044,0.0001,16.236144828796387,770,156.1794563293457,1000.0,1418.9453125,,
1293,3.0,389120,6.5,2.5,95,1.0,300,0.8393118381500244,-0.012870498164556921,0.104833984375,0.0981694757938385,45.54838180541992,0.2,0.012703586,0.0001,16.238380861282348,775,107.29056510925292,1000.0,1418.9453125,,
1299,3.0,393216,6.5,2.5,96,1.0,302,0.31644052267074585,-0.012852067709900439,0.096923828125,0.09817443788051605,92.89176177978516,0.2,0.010216586,0.0001,16.23867063522339,780,198.9144802093506,1000.0,1418.9453125,,
1304,3.0,397312,6.5,2.5,97,1.0,304,0.47571635246276855,-0.013266052352264524,0.0962890625,0.09818486124277115,61.304832458496094,0.2,0.012113112,0.0001,16.237175273895264,785,160.387282371521,1000.0,1418.9453125,,
1298,3.375,401408,7.0,3.0,98,1.5,309,0.6839452385902405,-0.011824783455813304,0.090234375,0.0981658324599266,56.09050750732422,0.2,0.011155789,0.0001,16.23751816749573,790,134.66724586486816,1000.0,1436.811279296875,,
1304,3.375,405504,7.0,3.0,99,1.5,310,0.7583248019218445,-0.011171998022473418,0.08076171875,0.09813734143972397,57.365753173828125,0.2,0.010371266,0.0001,16.2421754360199,795,129.21235122680665,1000.0,1436.811279296875,,
1309,3.375,409600,7.0,3.0,100,1.5,312,0.5431293249130249,-0.008065843398799188,0.0333984375,0.09812771528959274,76.10379791259766,0.2,0.0072541567,0.0001,16.246199560165405,800,180.8901569366455,1000.0,1436.811279296875,,
1315,3.375,413696,7.0,3.0,101,1.5,314,0.6900753974914551,-0.01160420750384219,0.080419921875,0.0981181338429451,51.79279708862305,0.2,0.010596991,0.0001,16.247499465942383,805,132.16338176727294,1000.0,1436.811279296875,,
1305,3.25,417792,8.0,3.0,102,2.5,320,0.7479507923126221,-0.012460191585705615,0.094580078125,0.09808868169784546,59.199302673339844,0.2,0.010337334,0.0001,16.251081705093384,810,148.08124351501465,1000.0,1458.39111328125,,
1310,3.25,421888,8.0,3.0,103,2.5,321,0.7978385090827942,-0.011681235546711832,0.0849609375,0.09805749356746674,60.036109924316406,0.2,0.009926591,0.0001,16.256687688827515,815,137.10203075408936,1000.0,1458.39111328125,,
1316,3.25,425984,8.0,3.0,104,2.5,323,0.7367804646492004,-0.012753425765549765,0.082421875,0.09804455190896988,64.83830261230469,0.2,0.010884868,0.0001,16.26189556121826,820,155.39282989501953,1000.0,1458.39111328125,,
1321,3.25,430080,8.0,3.0,105,2.5,325,0.791389524936676,-0.012366348801879212,0.0876953125,0.0979781448841095,64.03377532958984,0.2,0.011447148,0.0001,16.266474294662476,825,142.53810844421386,1000.0,1458.39111328125,,
1313,3.25,434176,8.0,1.5,106,1.5,330,0.8036224842071533,-0.015288330445764586,0.13076171875,0.09789136052131653,54.27642059326172,0.2,0.014854353,0.0001,16.28303208351135,830,125.32475032806397,1000.0,1442.1021728515625,,
1318,3.25,438272,8.0,1.5,107,1.5,332,0.7842700481414795,-0.014749596861656755,0.13095703125,0.09788457304239273,58.1580810546875,0.2,0.012053489,0.0001,16.292449712753296,835,123.09006748199462,1000.0,1442.1021728515625,,
1324,3.25,442368,8.0,1.5,108,1.5,334,0.693413496017456,-0.012980763288214802,0.100927734375,0.0978793203830719,62.91390609741211,0.2,0.012269308,0.0001,16.2916757106781,840,148.27130050659179,1000.0,1442.1021728515625,,
1329,3.25,446464,8.0,1.5,109,1.5,335,0.6819242238998413,-0.014393180882325395,0.0986328125,0.09785395115613937,73.48990631103516,0.2,0.010539482,0.0001,16.29456958770752,845,168.7624710083008,1000.0,1442.1021728515625,,
1324,3.5,450560,6.0,0.5,110,2.5,340,0.731855034828186,-0.014711615350097417,0.100390625,0.09786340594291687,65.9399642944336,0.2,0.0128164925,0.0001,16.297302579879762,850,152.0003122329712,1000.0,1475.0335693359375,,
1328,3.5,454656,6.0,0.5,111,2.5,342,0.7183343172073364,-0.014339328301139176,0.113818359375,0.0979105681180954,63.70367431640625,0.2,0.012781355,0.0001,16.291421842575073,855,149.21539344787598,1000.0,1475.0335693359375,,
1333,3.5,458752,6.0,0.5,112,2.5,343,0.6000563502311707,-0.011087936675176024,0.065673828125,0.0979132354259491,97.1377182006836,0.2,0.01026361,0.0001,16.285536098480225,860,243.09494590759277,1000.0,1475.0335693359375,,
1338,3.5,462848,6.0,0.5,113,2.5,345,0.6826299428939819,-0.010781943844631315,0.066943359375,0.09792359918355942,80.67080688476562,0.2,0.010642288,0.0001,16.28571763038635,865,195.19588165283204,1000.0,1475.0335693359375,,
1332,3.5,466944,6.5,1.5,114,3.5,350,0.7710272073745728,-0.011092954187188298,0.073193359375,0.09790518879890442,73.31275177001953,0.2,0.009977655,0.0001,16.285079336166383,870,177.5258659362793,1000.0,1506.70458984375,,
1337,3.5,471040,6.5,1.5,115,3.5,352,0.8768166899681091,-0.014193195139523596,0.108544921875,0.09783001989126205,31.144010543823242,0.2,0.013185572,0.0001,16.293075466156004,875,79.0362009048462,1000.0,1506.70458984375,,
1341,3.5,475136,6.5,1.5,116,3.5,354,0.8547368049621582,-0.01022462712135166,0.105029296875,0.09778998792171478,26.794109344482422,0.2,0.014041044,0.0001,16.306739377975465,880,62.01677322387695,1000.0,1506.70458984375,,
1346,3.5,479232,6.5,1.5,117,3.5,355,0.894932746887207,-0.011340789287351072,0.117431640625,0.09774795174598694,32.09537124633789,0.2,0.01225747,0.0001,16.311122846603393,885,69.45265989303589,1000.0,1506.70458984375,,
1341,3.375,483328,7.0,2.5,118,3.5,360,0.9141189455986023,-0.011188899248372764,0.1162109375,0.09770646691322327,27.79117774963379,0.2,0.01308261,0.0001,16.321586894989014,890,67.40342330932617,999.63,1535.9150390625,,
1346,3.375,487424,7.0,2.5,119,3.5,362,0.8024922609329224,-0.01476320858928375,0.128369140625,0.0976845920085907,106.22920989990234,0.2,0.011562367,0.0001,16.326382398605347,895,175.1928876876831,999.63,1535.9150390625,,
1350,3.375,491520,7.0,2.5,120,3.5,363,0.7095872163772583,-0.013698780752019957,0.084375,0.09763993322849274,72.35413360595703,0.2,0.011902649,0.0001,16.332344675064085,900,176.86469421386718,999.63,1535.9150390625,,
1354,3.375,495616,7.0,2.5,121,4.0,366,0.6831703186035156,-0.01463389841665048,0.1056640625,0.0976162999868393,61.49159622192383,0.2,0.011997542,0.0001,16.33940110206604,905,157.78404998779297,999.63,1533.2635498046875,,
1344,3.875,499712,5.5,3.0,122,3.5,371,0.6724433898925781,-0.012738105759490281,0.069140625,0.09760726243257523,64.70528411865234,0.2,0.009702835,0.0001,16.34230613708496,910,165.02283573150635,999.63,1501.415771484375,,
1275,3.875,503808,5.5,3.0,123,3.5,395,0.6261802911758423,-0.013454387470846995,0.09521484375,0.09760768711566925,63.02750778198242,0.2,0.011802786,0.0001,16.343026161193848,915,161.0851469039917,999.63,1501.415771484375,2.4327268357586043,250000
1279,3.875,507904,5.5,3.0,124,3.5,396,0.5454564094543457,-0.010164087638258934,0.04521484375,0.09760375320911407,75.6938247680664,0.2,0.008790146,0.0001,16.343136072158813,920,186.60810394287108,999.63,1501.415771484375,,
1275,4.25,512000,6.0,3.0,125,3.5,401,0.7006579637527466,-0.013308051426429301,0.09697265625,0.09757271409034729,77.33536529541016,0.2,0.012028692,0.0001,16.346524715423584,925,159.34221725463868,998.93,1483.154052734375,,
1279,4.25,516096,6.0,3.0,126,3.5,403,0.6486415266990662,-0.014174047007691115,0.119482421875,0.0975349098443985,105.34013366699219,0.2,0.015222758,0.0001,16.352884387969972,930,238.82968101501464,998.93,1483.154052734375,,
1283,4.25,520192,6.0,3.0,127,3.5,405,0.6082003116607666,-0.014146132196765393,0.0955078125,0.09753312170505524,37.732059478759766,0.2,0.013109773,0.0001,16.356925106048585,935,89.52424201965331,998.93,1483.154052734375,,
1288,4.25,524288,6.0,3.0,128,3.5,407,0.6660792827606201,-0.011948481333820381,0.076806640625,0.09750979393720627,40.610652923583984,0.2,0.011074189,0.0001,16.35825643539429,940,105.3321798324585,998.93,1483.154052734375,,
1280,4.375,528384,6.5,1.5,129,3.0,412,0.6016756296157837,-0.012914351531071589,0.09267578125,0.09750650823116302,57.36233139038086,0.2,0.011623638,0.0001,16.36201901435852,945,131.7472282409668,998.93,1479.88916015625,,
1283,4.375,532480,6.5,1.5,130,3.0,414,0.7146248817443848,-0.014092662488110363,0.115087890625,0.09748853743076324,55.205902099609375,0.2,0.013107136,0.0001,16.363634157180787,950,130.04850730895996,998.93,1479.88916015625,,
1287,4.375,536576,6.5,1.5,131,3.0,416,0.5610923171043396,-0.014267264021327719,0.09384765625,0.0974729061126709,35.392269134521484,0.2,0.0104252305,0.0001,16.366382932662965,955,93.19551982879639,998.93,1479.88916015625,,
1291,4.375,540672,6.5,1.5,132,3.0,418,0.582309365272522,-0.012268572521861643,0.101025390625,0.09746873378753662,46.67686080932617,0.2,0.011506457,0.0001,16.36881241798401,960,99.9292345046997,998.93,1479.88916015625,,
1282,4.125,544768,6.5,2.5,133,3.5,424,0.6531567573547363,-0.011352888122200967,0.0865234375,0.09748146682977676,42.85618209838867,0.2,0.011236813,0.0001,16.367504835128784,965,106.57393817901611,998.93,1473.0447998046875,,
1285,4.125,548864,6.5,2.5,134,3.5,426,0.6770777702331543,-0.015432328806491568,0.117236328125,0.09754535555839539,37.57392883300781,0.2,0.013352066,0.0001,16.36141142845154,970,98.04452877044677,998.93,1473.0447998046875,,
1289,4.125,552960,6.5,2.5,135,3.5,428,0.6869926452636719,-0.01315235510119237,0.113427734375,0.09752081334590912,36.741966247558594,0.2,0.01193166,0.0001,16.354875087738037,975,86.66109962463379,998.93,1473.0447998046875,,
1293,4.125,557056,6.5,2.5,136,3.5,430,0.6779322624206543,-0.015263545629568397,0.138330078125,0.09748046845197678,34.217201232910156,0.2,0.014631083,0.0001,16.362453508377076,980,77.85597925186157,998.93,1473.0447998046875,,
1289,3.875,561152,6.5,1.5,137,2.5,435,0.7884029746055603,-0.015007281315047295,0.1326171875,0.09742898494005203,23.573715209960938,0.2,0.01328711,0.0001,16.370789051055908,985,56.08263893127442,998.93,1458.460205078125,,
1293,3.875,565248,6.5,1.5,138,2.5,436,0.7019286155700684,-0.013281638047192245,0.12255859375,0.0974191278219223,39.998680114746094,0.2,0.011843361,0.0001,16.377981519699098,990,100.57154216766358,998.93,1458.460205078125,,
1297,3.875,569344,6.5,1.5,139,2.5,438,0.4040532112121582,-0.011405541049316525,0.08115234375,0.09742215275764465,82.3158950805664,0.2,0.010040244,0.0001,16.37819356918335,995,203.65218963623047,998.93,1458.460205078125,,
1301,3.875,573440,6.5,1.5,140,2.5,440,0.39230650663375854,-0.012184988704393617,0.0607421875,0.09741563349962234,76.31207275390625,0.2,0.010783099,0.0001,16.377799415588377,1000,185.60955505371095,998.93,1458.460205078125,,
1287,3.875,577536,7.5,0.0,141,2.0,448,0.5257805585861206,-0.014044703665422275,0.092529296875,0.09737616032361984,75.12290954589844,0.2,0.011669793,0.0001,16.382013082504272,1005,179.583597946167,999.3,1429.299560546875,,
1291,3.875,581632,7.5,0.0,142,2.0,450,0.6218218803405762,-0.013946556008886547,0.087890625,0.0973619893193245,67.95294952392578,0.2,0.0112242,0.0001,16.387580585479736,1010,162.7648868560791,999.3,1429.299560546875,,
1295,3.875,585728,7.5,0.0,143,2.0,452,0.6704280376434326,-0.009756731812376528,0.070849609375,0.09735475480556488,55.5924072265625,0.2,0.010929331,0.0001,16.38909730911255,1015,140.08289260864257,999.3,1429.299560546875,,
1299,3.875,589824,7.5,0.0,144,2.0,453,0.7019251585006714,-0.013325804122723639,0.100927734375,0.09733995795249939,90.77180480957031,0.2,0.01207911,0.0001,16.391181659698486,1020,187.51771697998046,999.3,1429.299560546875,,
1291,3.5,593920,8.0,0.5,145,3.0,459,0.7449924945831299,-0.013583510153694078,0.10859375,0.09733782708644867,73.84490203857422,0.2,0.011357825,0.0001,16.393304109573364,1025,176.57917747497558,999.3,1370.3594970703125,,
1295,3.5,598016,8.0,0.5,146,3.0,461,0.7536002397537231,-0.013634874601848423,0.093017578125,0.09730855375528336,67.25216674804688,0.2,0.012155503,0.0001,16.39575238227844,1030,154.18272304534912,999.3,1370.3594970703125,,
1299,3.5,602112,8.0,0.5,147,3.0,463,0.5422589778900146,-0.010659572540316731,0.058056640625,0.09731023013591766,94.53099822998047,0.2,0.009807636,0.0001,16.399565315246583,1035,219.31808738708497,999.3,1370.3594970703125,,
1303,3.5,606208,8.0,0.5,148,3.0,465,0.6819955110549927,-0.010738242883235216,0.066845703125,0.0973208025097847,81.61105346679688,0.2,0.010610047,0.0001,16.397748947143555,1040,209.05689582824706,999.3,1370.3594970703125,,
1298,3.75,610304,6.5,1.5,149,4.0,470,0.7651338577270508,-0.011876690946519376,0.08818359375,0.09730445593595505,75.75691986083984,0.2,0.010696566,0.0001,16.397559118270873,1045,174.9677391052246,1000.0,1389.924072265625,,
1301,3.75,614400,6.5,1.5,150,4.0,471,0.6404730677604675,-0.012201834982261062,0.09169921875,0.09729096293449402,84.3068618774414,0.2,0.011206533,0.0001,16.40118889808655,1050,184.38931732177736,1000.0,1389.924072265625,,
1305,3.75,618496,6.5,1.5,151,4.0,473,0.5824402570724487,-0.01207656497717835,0.079931640625,0.09727951884269714,81.38660430908203,0.2,0.011664392,0.0001,16.40330562591553,1055,199.79511680603028,1000.0,1389.924072265625,,
1308,3.75,622592,6.5,1.5,152,3.0,475,0.6583609580993652,-0.0138879248930607,0.07900390625,0.09728220850229263,72.24319458007812,0.2,0.012074193,0.0001,16.404043626785278,1060,178.38011894226074,1000.0,1365.8564453125,,
1303,3.375,626688,3.0,2.5,153,2.5,480,0.7092632055282593,-0.01394739494426176,0.10068359375,0.09727277606725693,68.19943237304688,0.2,0.011925915,0.0001,16.404908227920533,1065,157.8835891723633,1000.0,1376.5267333984375,,
1307,3.375,630784,3.0,2.5,154,2.5,482,0.7572947144508362,-0.012791675567859784,0.114599609375,0.09727777540683746,56.55394744873047,0.2,0.01242703,0.0001,16.40523934364319,1070,129.59501628875734,1000.0,1376.5267333984375,,
1310,3.375,634880,3.0,2.5,155,2.5,484,0.6347109079360962,-0.011373411474050955,0.0703125,0.09727145731449127,67.66578674316406,0.2,0.011170428,0.0001,16.405030155181883,1075,176.38954162597656,1000.0,1376.5267333984375,,
1312,3.375,638976,3.0,2.5,156,3.0,487,0.7554980516433716,-0.014306474558543414,0.121728515625,0.09721347689628601,72.00007629394531,0.2,0.013671958,0.0001,16.410132217407227,1080,169.20257568359375,1000.0,1379.1546630859375,,
1305,3.375,643072,3.0,3.0,157,3.5,492,0.7791849970817566,-0.017536198860034345,0.150732421875,0.09719312936067581,80.3582992553711,0.2,0.015165097,0.0001,16.419644594192505,1085,165.0001163482666,1000.0,1396.401611328125,,
1308,3.375,647168,3.0,3.0,158,3.5,494,0.7743426561355591,-0.013346899137832224,0.114111328125,0.09714759886264801,45.762821197509766,0.2,0.013235881,0.0001,16.423299264907836,1090,119.73365001678467,1000.0,1396.401611328125,,
1312,3.375,651264,3.0,3.0,159,3.5,496,0.5742074847221375,-0.013159428111976013,0.092138671875,0.09708271920681,50.614131927490234,0.2,0.012942139,0.0001,16.43430380821228,1095,124.04146461486816,1000.0,1396.401611328125,,
1315,3.375,655360,3.0,3.0,160,4.0,498,0.5193233489990234,-0.016584640287328513,0.149609375,0.09705228358507156,46.94725036621094,0.2,0.01562696,0.0001,16.4439338684082,1100,115.55624542236328,1000.0,1392.763916015625,,
1308,3.375,659456,4.0,2.5,161,2.5,503,0.5876713395118713,-0.012109523091930896,0.086328125,0.09706078469753265,70.28805541992188,0.2,0.01049545,0.0001,16.44666075706482,1105,156.43067054748536,1000.0,1426.4486083984375,,
1312,3.375,663552,4.0,2.5,162,2.5,505,0.6544800400733948,-0.012039073719643056,0.091650390625,0.09705594927072525,38.47059631347656,0.2,0.011709206,0.0001,16.444325971603394,1110,93.6845911026001,1000.0,1426.4486083984375,,
1315,3.375,667648,4.0,2.5,163,2.5,507,0.5917179584503174,-0.012020006246166304,0.08291015625,0.09701308608055115,49.71674346923828,0.2,0.010832388,0.0001,16.44934229850769,1115,132.85836944580078,1000.0,1426.4486083984375,,
1318,3.375,671744,4.0,2.5,164,1.5,509,0.7018827795982361,-0.012965082214213908,0.10390625,0.09698644280433655,48.23094177246094,0.2,0.012231301,0.0001,16.4562490940094,1120,125.12216110229492,1000.0,1426.41015625,,
1312,3.0,675840,4.5,2.5,165,2.0,515,0.7092452645301819,-0.014816654031164944,0.1177734375,0.09694597125053406,60.9228515625,0.2,0.013503887,0.0001,16.462195587158202,1125,137.2426954269409,1000.0,1435.4302978515625,,
1315,3.0,679936,4.5,2.5,166,2.0,516,0.6463408470153809,-0.014094458735780791,0.10751953125,0.09691908955574036,65.64688873291016,0.2,0.011911525,0.0001,16.468834972381593,1130,149.66310844421386,1000.0,1435.4302978515625,,
1318,3.0,684032,4.5,2.5,167,2.0,518,0.640100359916687,-0.012608995265327393,0.112353515625,0.09689135104417801,76.55426025390625,0.2,0.012966859,0.0001,16.473823451995848,1135,169.1616367340088,1000.0,1435.4302978515625,,
1308,2.875,688128,5.5,3.0,168,3.0,525,0.7483091354370117,-0.013771206175442785,0.123876953125,0.09687010943889618,47.652156829833984,0.2,0.013043517,0.0001,16.47843232154846,1140,116.41456089019775,1000.0,1465.065673828125,,
1311,2.875,692224,5.5,3.0,169,3.0,527,0.7818096280097961,-0.012697276077233255,0.10390625,0.09684652090072632,48.60747528076172,0.2,0.011861853,0.0001,16.481940746307373,1145,114.1483585357666,1000.0,1465.065673828125,,
1315,2.875,696320,5.5,3.0,170,3.0,529,0.5249344706535339,-0.012916632235283032,0.082080078125,0.09682852774858475,60.365264892578125,0.2,0.0110887885,0.0001,16.4868812084198,1150,147.69900093078613,1000.0,1465.065673828125,,
1318,2.875,700416,5.5,3.0,171,3.0,531,0.6556951999664307,-0.013452107657212765,0.108349609375,0.09681498259305954,48.2479248046875,0.2,0.0120408675,0.0001,16.489718675613403,1155,124.31949977874756,1000.0,1465.065673828125,,
1314,2.75,704512,6.0,2.0,172,3.0,536,0.703722357749939,-0.01389863240183331,0.102197265625,0.09678658843040466,58.884849548339844,0.2,0.0127536375,0.0001,16.49278235435486,1160,138.89587383270265,999.34,1448.3818359375,,
1316,2.75,708608,6.0,2.0,173,3.0,538,0.6239436268806458,-0.017742718412773684,0.145361328125,0.09679443389177322,93.1429672241211,0.2,0.01481715,0.0001,16.495521688461302,1165,187.92856979370117,999.34,1448.3818359375,,
1319,2.75,712704,6.0,2.0,174,3.0,540,0.3482048511505127,-0.014169252896681427,0.121044921875,0.09677231311798096,62.445030212402344,0.2,0.0129719805,0.0001,16.495959043502808,1170,146.55005569458007,999.34,1448.3818359375,,
1322,2.75,716800,6.0,2.0,175,3.0,542,0.5511888265609741,-0.0121740082569886,0.087841796875,0.0967535600066185,64.8714370727539,0.2,0.010786364,0.0001,16.500817012786865,1175,151.62017707824708,999.34,1448.3818359375,,
1315,2.75,720896,6.5,2.0,176,3.0,548,0.6131550073623657,-0.014704266365151852,0.110791015625,0.09671789407730103,69.16883087158203,0.2,0.011937665,0.0001,16.505060625076293,1180,170.50891342163087,999.34,1483.87353515625,,
1318,2.75,724992,6.5,2.0,177,3.0,549,0.7036833763122559,-0.012704503210261463,0.105126953125,0.09665555506944656,68.0865249633789,0.2,0.011971395,0.0001,16.513954973220827,1185,151.0157684326172,999.34,1483.87353515625,,
1321,2.75,729088,6.5,2.0,178,3.0,551,0.8336710333824158,-0.0068129798513837155,0.0515625,0.09663349390029907,42.99257278442383,0.2,0.00906612,0.0001,16.523685359954833,1190,100.46904926300049,999.34,1483.87353515625,,
1324,2.75,733184,6.5,2.0,179,3.0,553,0.8418251872062683,-0.00972068464034237,0.079150390625,0.09661620110273361,43.0216064453125,0.2,0.01078352,0.0001,16.526650857925414,1195,100.85049858093262,999.34,1483.87353515625,,
1316,2.875,737280,7.0,3.0,180,4.0,560,0.8667889833450317,-0.012534899765159934,0.095947265625,0.09662865102291107,42.48163986206055,0.2,0.01147363,0.0001,16.527694845199584,1200,101.68523998260498,999.34,1495.7908935546875,,
1319,2.875,741376,7.0,3.0,181,4.0,562,0.8567665219306946,-0.016385848948266356,0.14521484375,0.09660059958696365,40.7271842956543,0.2,0.013550192,0.0001,16.52702178955078,1205,103.58767204284668,999.34,1495.7908935546875,,
1322,2.875,745472,7.0,3.0,182,4.0,563,0.788934051990509,-0.008660846586280968,0.066650390625,0.09657757729291916,46.99943161010742,0.2,0.010503953,0.0001,16.532865238189697,1210,98.66649570465088,999.34,1495.7908935546875,,
1325,2.875,749568,7.0,3.0,183,4.0,565,0.7558854222297668,-0.009378187265247107,0.0591796875,0.09656274318695068,42.5421142578125,0.2,0.010224622,0.0001,16.53665385246277,1215,106.12661018371583,999.34,1495.7908935546875,,
1273,2.25,753664,7.0,1.5,184,1.5,591,0.7934823036193848,-0.01084824296995066,0.07490234375,0.09652220457792282,39.67134094238281,0.2,0.012337012,0.0001,16.541068077087402,1220,96.91030158996583,999.34,1457.9412841796875,2.4341845840702607,250000
1275,2.25,757760,7.0,1.5,185,1.5,593,0.8103747963905334,-0.017770468920934944,0.1857421875,0.09644995629787445,34.310218811035156,0.2,0.018298812,0.0001,16.552556610107423,1225,81.33131427764893,999.34,1457.9412841796875,,
1278,2.25,761856,7.0,1.5,186,1.5,595,0.6476304531097412,-0.008893463149433956,0.051416015625,0.096425361931324,51.542999267578125,0.2,0.0079273535,0.0001,16.562655782699586,1230,150.6656692504883,999.34,1457.9412841796875,,
1281,2.25,765952,7.0,1.5,187,1.5,597,0.7760779857635498,-0.010986877453979105,0.063916015625,0.09642820805311203,51.47789764404297,0.2,0.011887034,0.0001,16.56380977630615,1235,127.882647895813,999.34,1457.9412841796875,,
1274,2.625,770048,7.5,1.0,188,2.0,604,0.8166714906692505,-0.014388207328738644,0.104150390625,0.09639699757099152,54.5628547668457,0.2,0.012340875,0.0001,16.565880966186523,1240,128.27157897949218,999.34,1504.0306396484375,,
1274,2.625,774144,7.5,1.0,189,2.0,607,0.8475090861320496,-0.014603151462506504,0.129150390625,0.09637525677680969,45.91077423095703,0.2,0.013781937,0.0001,16.571333742141725,1245,108.72224979400634,999.34,1504.0306396484375,,
1275,2.625,778240,7.5,1.0,190,2.0,610,0.8107718825340271,-0.013324767933227122,0.096923828125,0.09636202454566956,39.89418029785156,0.2,0.010000204,0.0001,16.57422766685486,1250,97.67991714477539,999.34,1504.0306396484375,,
1276,2.625,782336,7.5,1.0,191,1.0,612,0.8209487199783325,-0.012806150421965867,0.10498046875,0.09636890888214111,43.19524383544922,0.2,0.012219245,0.0001,16.57531237602234,1255,96.04074974060059,999.34,1506.6253662109375,,
1272,2.625,786432,7.5,2.0,192,1.5,618,0.8040679097175598,-0.013754223089199514,0.11865234375,0.09630271047353745,42.949859619140625,0.2,0.013709524,0.0001,16.579660511016847,1260,105.29275627136231,999.34,1538.0284423828125,,
1275,2.625,790528,7.5,2.0,193,1.5,620,0.8600990176200867,-0.0116045487113297,0.122705078125,0.09622623026371002,26.21442985534668,0.2,0.0143563645,0.0001,16.592994689941406,1265,60.79050750732422,999.34,1538.0284423828125,,
1277,2.625,794624,7.5,2.0,194,1.5,621,0.767897367477417,-0.014290717424592004,0.11787109375,0.09624017775058746,29.0948486328125,0.2,0.013300091,0.0001,16.60178475379944,1270,77.55215291976928,999.34,1538.0284423828125,,
1279,2.625,798720,7.5,2.0,195,2.0,624,0.8187708854675293,-0.012019014591351152,0.093115234375,0.09626175463199615,38.696537017822266,0.2,0.010895156,0.0001,16.595575857162476,1275,94.93454494476319,999.34,1547.1075439453125,,
1271,2.625,802816,7.5,2.5,196,2.5,631,0.846255898475647,-0.014271674829069525,0.122900390625,0.09627197682857513,36.36472702026367,0.2,0.013835577,0.0001,16.593623447418214,1280,89.51436500549316,1000.0,1552.328125,,
1274,2.625,806912,7.5,2.5,197,2.5,632,0.6548239588737488,-0.012682530086021871,0.115673828125,0.0962124690413475,51.722110748291016,0.2,0.012431689,0.0001,16.59726858139038,1285,127.57715454101563,1000.0,1552.328125,,
1277,2.625,811008,7.5,2.5,198,2.5,634,0.6266412734985352,-0.009760550853388849,0.077001953125,0.0961742103099823,50.44743728637695,0.2,0.010506785,0.0001,16.608022451400757,1290,118.22985076904297,1000.0,1552.328125,,
1279,2.625,815104,7.5,2.5,199,3.5,637,0.5952167510986328,-0.013657385064288975,0.111669921875,0.09614792466163635,56.164344787597656,0.2,0.012861563,0.0001,16.6130708694458,1295,131.08469066619872,1000.0,1540.7823486328125,,
1276,2.375,819200,8.0,2.5,200,3.5,641,0.5818847417831421,-0.009736960951704532,0.0896484375,0.09612718224525452,62.65994644165039,0.2,0.011049276,0.0001,16.61788296699524,1300,147.528582572937,1000.0,1506.5474853515625,,
1279,2.375,823296,8.0,2.5,201,3.5,643,0.8500276803970337,-0.013576647045556455,0.10107421875,0.09610813111066818,42.23013687133789,0.2,0.0126041435,0.0001,16.621445417404175,1305,95.65499153137208,1000.0,1506.5474853515625,,
1281,2.375,827392,8.0,2.5,202,3.5,645,0.8304431438446045,-0.00955841773247812,0.0759765625,0.09607052803039551,51.606727600097656,0.2,0.009829199,0.0001,16.626706838607788,1310,123.20407161712646,1000.0,1506.5474853515625,,
1283,2.375,831488,8.0,2.5,203,4.0,647,0.843063473701477,-0.013715533289359882,0.10126953125,0.09606993198394775,43.850704193115234,0.2,0.012899025,0.0001,16.631465864181518,1315,105.79336338043213,1000.0,1518.1834716796875,,
1280,2.125,835584,8.0,2.0,204,4.0,652,0.8514032363891602,-0.013229533826233819,0.12783203125,0.09603193402290344,47.719261169433594,0.2,0.0136730755,0.0001,16.63377513885498,1320,117.62365493774413,1000.0,1492.3284912109375,,
1283,2.125,839680,8.0,2.0,205,4.0,654,0.8160482048988342,-0.011566505412338302,0.078759765625,0.0960071012377739,48.8787841796875,0.2,0.0113408305,0.0001,16.640699577331542,1325,122.47131843566895,1000.0,1492.3284912109375,,
1285,2.125,843776,8.0,2.0,206,4.0,656,0.7988554239273071,-0.012066763872280718,0.08037109375,0.09601202607154846,64.28510284423828,0.2,0.010690656,0.0001,16.642548418045045,1330,163.94055099487304,1000.0,1492.3284912109375,,
1287,2.125,847872,8.0,2.0,207,3.0,658,0.8213385343551636,-0.013205948442919179,0.092431640625,0.09601274132728577,72.44352722167969,0.2,0.010935605,0.0001,16.641561031341553,1335,163.59598922729492,999.52,1473.6402587890625,,
1282,2.375,851968,3.5,1.0,208,3.0,664,0.7431628704071045,-0.012578313297126442,0.0748046875,0.09599801898002625,95.94558715820312,0.2,0.010235028,0.0001,16.642876386642456,1340,254.85624885559082,999.52,1535.5230712890625,,
1285,2.375,856064,3.5,1.0,209,3.0,666,0.7765055894851685,-0.011441260809078813,0.068505859375,0.09598629921674728,50.5379524230957,0.2,0.010024156,0.0001,16.64548177719116,1345,119.19542999267578,999.52,1535.5230712890625,,
1287,2.375,860160,3.5,1.0,210,3.0,668,0.8263848423957825,-0.014000901940744371,0.116015625,0.09594615548849106,30.1826114654541,0.2,0.013429143,0.0001,16.649894094467165,1350,87.2572359085083,999.52,1535.5230712890625,,
1284,2.375,864256,4.0,1.5,211,4.0,672,0.8390080332756042,-0.014752519328612834,0.126123046875,0.09596391022205353,33.87826919555664,0.2,0.013071047,0.0001,16.65357336997986,1355,89.06442356109619,999.52,1557.939208984375,,
1286,2.375,868352,4.0,1.5,212,4.0,674,0.8795769810676575,-0.015946663514478134,0.1322265625,0.0959700420498848,27.672611236572266,0.2,0.0150016,0.0001,16.64899444580078,1360,69.27262830734253,999.52,1557.939208984375,,
1289,2.375,872448,4.0,1.5,213,4.0,676,0.7382060289382935,-0.0074545956478687,0.04013671875,0.09597953408956528,52.58823776245117,0.2,0.0072730784,0.0001,16.64930353164673,1365,130.11726360321046,999.52,1557.939208984375,,
1292,2.375,876544,4.0,1.5,214,4.0,678,0.7129939794540405,-0.010333120229188354,0.054931640625,0.09598515927791595,63.18320846557617,0.2,0.010189165,0.0001,16.647018480300904,1370,163.24154357910157,999.52,1557.939208984375,,
1286,2.625,880640,5.0,1.0,215,1.5,684,0.8182398676872253,-0.011360635643359273,0.073291015625,0.09595585614442825,52.12730026245117,0.2,0.010838281,0.0001,16.648529863357545,1375,123.75931930541992,999.52,1552.28076171875,,
1288,2.625,884736,5.0,1.0,216,1.5,686,0.856216549873352,-0.013928133947774767,0.102880859375,0.09595951437950134,47.818687438964844,0.2,0.013064964,0.0001,16.652740907669067,1380,103.14259281158448,999.52,1552.28076171875,,
1290,2.625,888832,5.0,1.0,217,1.5,688,0.7740035653114319,-0.011109948385274038,0.06982421875,0.09596185386180878,86.94781494140625,0.2,0.010671702,0.0001,16.6507071018219,1385,194.5378849029541,999.52,1552.28076171875,,
1293,2.625,892928,5.0,1.0,218,1.5,690,0.8293036222457886,-0.01011275036726147,0.05400390625,0.09593787044286728,78.38489532470703,0.2,0.009751212,0.0001,16.65296459197998,1390,172.28511123657228,999.52,1552.28076171875,,
1290,2.625,897024,6.0,1.5,219,2.0,694,0.8857204914093018,-0.01566434595733881,0.135693359375,0.09593035280704498,46.864646911621094,0.2,0.012888022,0.0001,16.6565691947937,1395,114.41357383728027,999.52,1544.5556640625,,
1292,2.625,901120,6.0,1.5,220,2.0,696,0.9022767543792725,-0.011135032691527158,0.10654296875,0.0958714634180069,44.34675216674805,0.2,0.012360929,0.0001,16.660492420196533,1400,112.44985694885254,999.52,1544.5556640625,,
1295,2.625,905216,6.0,1.5,221,2.0,698,0.8908901810646057,-0.010802647174568848,0.093359375,0.09583277255296707,51.808406829833984,0.2,0.011949919,0.0001,16.67189464569092,1405,128.94923782348633,999.52,1544.5556640625,,
1297,2.625,909312,6.0,1.5,222,2.0,700,0.9193938970565796,-0.011679633677704259,0.072314453125,0.09587599337100983,36.536373138427734,0.2,0.011998771,0.0001,16.673176097869874,1410,100.93673133850098,999.52,1544.5556640625,,
1291,2.5,913408,6.5,2.5,223,3.0,707,0.9306363463401794,-0.012784962228033691,0.108642578125,0.09587851911783218,38.723453521728516,0.2,0.012205896,0.0001,16.664754772186278,1415,105.17990150451661,999.52,1622.12548828125,,
1293,2.5,917504,6.5,2.5,224,3.0,709,0.9407674074172974,-0.015292439819313585,0.1265625,0.09583847969770432,31.670246124267578,0.2,0.013775216,0.0001,16.66941194534302,1420,82.28793220520019,999.52,1622.12548828125,,
1295,2.5,921600,6.5,2.5,225,3.0,711,0.8658789992332458,-0.01024748018826358,0.0544921875,0.0958310067653656,48.646095275878906,0.2,0.008565199,0.0001,16.675872802734375,1425,130.52251472473145,999.52,1622.12548828125,,
1297,2.5,925696,6.5,2.5,226,3.5,713,0.8788421154022217,-0.010192888719029725,0.068408203125,0.09585729241371155,53.70852279663086,0.2,0.0103564,0.0001,16.673960781097414,1430,132.55937423706055,999.52,1635.7906494140625,,
1295,2.875,929792,7.0,2.5,227,2.5,717,0.9028345942497253,-0.013195849617477506,0.097119140625,0.09584091603755951,44.78128433227539,0.2,0.0108325,0.0001,16.670650053024293,1435,114.25133991241455,999.52,1661.08837890625,,
1297,2.875,933888,7.0,2.5,228,2.5,719,0.9205153584480286,-0.016892474459018557,0.150634765625,0.09583107382059097,35.3345947265625,0.2,0.016321076,0.0001,16.674854898452757,1440,91.50649986267089,999.52,1661.08837890625,,
1300,2.875,937984,7.0,2.5,229,2.5,721,0.8762480616569519,-0.01203792518354021,0.10888671875,0.0958155170083046,47.632225036621094,0.2,0.012444923,0.0001,16.677127599716187,1445,118.31160259246826,999.52,1661.08837890625,,
1302,2.875,942080,7.0,2.5,230,3.0,723,0.9300348162651062,-0.014813085435889661,0.147802734375,0.0957861840724945,33.033077239990234,0.2,0.014535378,0.0001,16.68122239112854,1450,79.59563598632812,999.52,1669.26513671875,,
1297,3.0,946176,7.5,2.0,231,3.5,729,0.9519875645637512,-0.013003586523700506,0.118115234375,0.09574822336435318,23.210424423217773,0.2,0.014078424,0.0001,16.687202787399293,1455,62.167450714111325,1000.0,1684.944091796875,,
1299,3.0,950272,7.5,2.0,232,3.5,731,0.9019652009010315,-0.015425851353211329,0.142529296875,0.09572556614875793,36.81330108642578,0.2,0.014651228,0.0001,16.694104385375976,1460,99.04857521057129,1000.0,1684.944091796875,,
1302,3.0,954368,7.5,2.0,233,3.5,732,0.6894339323043823,-0.013076002796879038,0.0951171875,0.09568782150745392,59.48052978515625,0.2,0.011441577,0.0001,16.69869704246521,1465,151.93780174255372,1000.0,1684.944091796875,,
1303,3.0,958464,7.5,2.0,234,3.0,735,0.6605222821235657,-0.010940422731800936,0.0705078125,0.09565713256597519,68.22238159179688,0.2,0.009143691,0.0001,16.70617804527283,1470,170.32193565368652,1000.0,1680.836669921875,,
1301,3.125,962560,4.0,2.0,235,3.5,739,0.6886658668518066,-0.014061585231684149,0.092041015625,0.09563551098108292,73.09961700439453,0.2,0.011544309,0.0001,16.71030020713806,1475,158.43504371643067,1000.0,1678.325439453125,,
1304,3.125,966656,4.0,2.0,236,3.5,741,0.8032786846160889,-0.017676570563344284,0.1314453125,0.09562383592128754,53.09309768676758,0.2,0.013397645,0.0001,16.713889646530152,1480,114.07357578277588,1000.0,1678.325439453125,,
1306,3.125,970752,4.0,2.0,237,3.5,743,0.7348207235336304,-0.012994311831425876,0.094873046875,0.09559891372919083,59.66815948486328,0.2,0.011431178,0.0001,16.716797208786012,1485,137.7072431564331,1000.0,1678.325439453125,,
1307,3.125,974848,4.0,2.0,238,3.5,745,0.8160851001739502,-0.0119086962135043,0.08623046875,0.09557541459798813,41.96515655517578,0.2,0.011483941,0.0001,16.72115077972412,1490,93.38735294342041,998.83,1677.3609619140625,,
1305,3.75,978944,4.5,3.0,239,3.5,749,0.698975145816803,-0.010883637741790153,0.062109375,0.095545694231987,85.42791748046875,0.2,0.010039739,0.0001,16.726124000549316,1495,236.72528038024902,998.83,1718.7364501953125,,
1307,3.75,983040,4.5,3.0,240,3.5,751,0.7649951577186584,-0.01216564986971207,0.0830078125,0.09553398191928864,75.8807601928711,0.2,0.011472749,0.0001,16.73094162940979,1500,182.05457611083983,998.83,1718.7364501953125,,
1310,3.75,987136,4.5,3.0,241,3.5,753,0.7638704180717468,-0.008613712078658863,0.032275390625,0.09552235901355743,96.46050262451172,0.2,0.0075505464,0.0001,16.73247594833374,1505,241.3059009552002,998.83,1718.7364501953125,,
1311,3.75,991232,4.5,3.0,242,3.5,755,0.7586787939071655,-0.009518787794513628,0.047412109375,0.09550570696592331,95.90726470947266,0.2,0.008060038,0.0001,16.735342931747436,1510,234.23477020263672,998.83,1679.3482666015625,,
1308,3.25,995328,1.5,1.0,243,3.5,760,0.7846946716308594,-0.01231408944586292,0.09296875,0.09551411867141724,82.01261138916016,0.2,0.01108608,0.0001,16.73654623031616,1515,171.7963581085205,998.83,1652.188720703125,,
1310,3.25,999424,1.5,1.0,244,3.5,762,0.8362941145896912,-0.012474180303979666,0.101513671875,0.0955183207988739,44.60470199584961,0.2,0.010184547,0.0001,16.735086536407472,1520,109.711749458313,998.83,1652.188720703125,,
1277,3.25,1003520,1.5,1.0,245,3.5,785,0.8010746240615845,-0.012566284666536375,0.10107421875,0.09550850093364716,53.491455078125,0.2,0.012579776,0.0001,16.735363578796388,1525,117.16128520965576,998.83,1652.188720703125,2.4432660407314155,250000
1278,3.25,1007616,1.5,1.0,246,3.0,788,0.8601447939872742,-0.011060143553186208,0.09189453125,0.09547387063503265,53.504817962646484,0.2,0.013283296,0.0001,16.73928780555725,1530,113.69994106292725,998.83,1643.69140625,,
1277,3.375,1011712,1.5,1.5,247,3.0,792,0.8965029120445251,-0.011087244295049458,0.077734375,0.09542585909366608,41.764286041259766,0.2,0.010661416,0.0001,16.74750280380249,1535,103.55425605773925,998.83,1660.7042236328125,,
1279,3.375,1015808,1.5,1.5,248,3.0,794,0.790110170841217,-0.014412154327146709,0.104296875,0.09539233148097992,88.11847686767578,0.2,0.012820115,0.0001,16.755522155761717,1540,195.24171676635743,998.83,1660.7042236328125,,
1281,3.375,1019904,1.5,1.5,249,3.0,795,0.882703959941864,-0.014434494310989976,0.106396484375,0.09538837522268295,48.03963088989258,0.2,0.011645404,0.0001,16.76005926132202,1545,127.13520641326905,998.83,1660.7042236328125,,
1278,3.375,1024000,1.5,1.5,250,2.5,801,0.8826608657836914,-0.01168654925422743,0.088916015625,0.09537267684936523,50.618770599365234,0.2,0.010954558,0.0001,16.760360288619996,1550,125.73006458282471,998.83,1604.47900390625,,
1279,3.375,1028096,1.5,1.5,251,2.5,803,0.9160521030426025,-0.013287599966861307,0.103125,0.09535118192434311,42.853782653808594,0.2,0.012888376,0.0001,16.764222574234008,1555,99.24832916259766,998.83,1604.47900390625,,
1281,3.375,1032192,1.5,1.5,252,2.5,805,0.7280480861663818,-0.01088657064246945,0.0791015625,0.0953802615404129,37.67367172241211,0.2,0.010873096,0.0001,16.7653817653656,1560,93.93704853057861,998.83,1604.47900390625,,
1283,3.375,1036288,1.5,1.5,253,2.5,807,0.7216437458992004,-0.014782261976506561,0.11552734375,0.09539904445409775,47.40013122558594,0.2,0.012483656,0.0001,16.75919461250305,1565,125.1300765991211,998.83,1604.47900390625,,
1281,2.875,1040384,2.0,2.5,254,3.5,812,0.7786239981651306,-0.0154143734020181,0.136474609375,0.0953870490193367,44.670188903808594,0.2,0.012599162,0.0001,16.75849347114563,1570,112.13507919311523,998.83,1573.4566650390625,,
1283,2.875,1044480,2.0,2.5,255,3.5,813,0.8970645666122437,-0.016209023358533158,0.14541015625,0.09539415687322617,39.17072677612305,0.2,0.015125295,0.0001,16.759752988815308,1575,83.68686161041259,998.83,1573.4566650390625,,
1285,2.875,1048576,2.0,2.5,256,3.5,815,0.902681827545166,-0.014799292548559606,0.12607421875,0.09537293761968613,36.879512786865234,0.2,0.013259552,0.0001,16.760050678253172,1580,96.68652629852295,998.83,1573.4566650390625,,
1287,2.875,1052672,2.0,2.5,257,3.5,817,0.9003795981407166,-0.010631877207197249,0.092578125,0.09533867985010147,47.77175521850586,0.2,0.011992354,0.0001,16.764934968948364,1585,105.71657600402833,998.83,1573.4566650390625,,
1283,3.0,1056768,3.0,2.0,258,3.5,823,0.9089300036430359,-0.013899002515245229,0.126025390625,0.09532421827316284,54.105621337890625,0.2,0.0146499565,0.0001,16.770808362960814,1590,108.5209939956665,998.83,1557.5394287109375,,
1285,3.0,1060864,3.0,2.0,259,3.5,825,0.8873894214630127,-0.01620775105548091,0.1515625,0.09527350962162018,44.72658157348633,0.2,0.015815483,0.0001,16.775457668304444,1595,102.76266250610351,998.83,1557.5394287109375,,
1287,3.0,1064960,3.0,2.0,260,3.5,827,0.8497754335403442,-0.007170066144317389,0.056640625,0.09523303806781769,53.48813247680664,0.2,0.006739049,0.0001,16.785876750946045,1600,125.82497596740723,998.83,1557.5394287109375,,
1288,3.0,1069056,3.0,2.0,261,3.5,829,0.8393824100494385,-0.01310117255197838,0.088037109375,0.095223069190979,58.60530471801758,0.2,0.012537714,0.0001,16.790404796600342,1605,155.3294937133789,998.83,1557.5394287109375,,
1283,2.875,1073152,4.0,1.5,262,2.5,835,0.8498649597167969,-0.012685042154043914,0.09072265625,0.09520398825407028,65.16468811035156,0.2,0.011398943,0.0001,16.79273681640625,1610,153.26024417877198,1000.0,1544.57373046875,,
1286,2.875,1077248,4.0,1.5,263,2.5,837,0.8678644895553589,-0.012223936489317567,0.0978515625,0.09521912783384323,61.279422760009766,0.2,0.010594656,0.0001,16.794124031066893,1615,141.3105655670166,1000.0,1544.57373046875,,
1288,2.875,1081344,4.0,1.5,264,2.5,839,0.7619297504425049,-0.013184794504195452,0.085302734375,0.09520982205867767,70.33749389648438,0.2,0.011958022,0.0001,16.791888618469237,1620,165.69715042114257,1000.0,1544.57373046875,,
1289,2.875,1085440,4.0,1.5,265,2.0,841,0.8366343975067139,-0.012690131040289997,0.120849609375,0.09517798572778702,56.02626419067383,0.2,0.012389821,0.0001,16.79624786376953,1625,125.43674659729004,1000.0,1543.473388671875,,
1287,3.0,1089536,5.0,2.5,266,2.0,845,0.8911787271499634,-0.011502592603210359,0.10849609375,0.09519734978675842,51.59168243408203,0.2,0.012819369,0.0001,16.799046277999878,1630,103.81101531982422,1000.0,1617.4029541015625,,
1289,3.0,1093632,5.0,2.5,267,2.0,848,0.918841540813446,-0.013398316054372117,0.1267578125,0.09515321254730225,32.79837417602539,0.2,0.012641482,0.0001,16.79862561225891,1635,84.07167072296143,1000.0,1617.4029541015625,,
1291,3.0,1097728,5.0,2.5,268,2.0,849,0.8576089143753052,-0.010762058617547154,0.08037109375,0.09511084109544754,59.23956298828125,0.2,0.010461638,0.0001,16.808835744857788,1640,152.33962535858154,1000.0,1617.4029541015625,,
1292,3.0,1101824,5.0,2.5,269,3.0,852,0.8881025314331055,-0.014593373890966177,0.099560546875,0.09505496919155121,48.0585823059082,0.2,0.0125860805,0.0001,16.81680836677551,1645,110.03798637390136,1000.0,1620.3665771484375,,
1291,3.0,1105920,6.0,1.5,270,3.0,856,0.8935121297836304,-0.01255135988467373,0.0853515625,0.09505745023488998,44.273162841796875,0.2,0.010845608,0.0001,16.82370114326477,1650,113.83112812042236,1000.0,1581.7264404296875,,
1293,3.0,1110016,6.0,1.5,271,3.0,858,0.9046732187271118,-0.014290610590251163,0.0935546875,0.09501561522483826,32.38192367553711,0.2,0.011913694,0.0001,16.82497386932373,1655,83.2096399307251,1000.0,1581.7264404296875,,
1295,3.0,1114112,6.0,1.5,272,3.0,860,0.7019021511077881,-0.011769950750749558,0.076904296875,0.0949820727109909,56.265892028808594,0.2,0.010354029,0.0001,16.834112215042115,1660,129.37080745697023,1000.0,1581.7264404296875,,
1296,3.0,1118208,6.0,1.5,273,1.5,862,0.7659712433815002,-0.012076235387939959,0.0931640625,0.0949772447347641,53.9613037109375,0.2,0.01088694,0.0001,16.83711109161377,1665,133.01844177246093,1000.0,1585.5576171875,,
1295,3.25,1122304,6.0,2.0,274,1.5,866,0.817997395992279,-0.01097589508863166,0.0810546875,0.09495659172534943,51.480308532714844,0.2,0.012225128,0.0001,16.83923921585083,1670,118.87436466217041,1000.0,1621.1473388671875,,
1297,3.25,1126400,6.0,2.0,275,1.5,868,0.8939897418022156,-0.012648942874511704,0.099365234375,0.09494195878505707,38.6811637878418,0.2,0.012275917,0.0001,16.84311032295227,1675,91.33114414215088,1000.0,1621.1473388671875,,
1299,3.25,1130496,6.0,2.0,276,1.5,870,0.845815896987915,-0.010044944053515793,0.070263671875,0.09492669254541397,40.784542083740234,0.2,0.010658452,0.0001,16.845899200439455,1680,103.79043922424316,1000.0,1621.1473388671875,,
1300,3.25,1134592,6.0,2.0,277,2.5,872,0.8363745212554932,-0.013092020421754568,0.092578125,0.09489867836236954,37.397308349609375,0.2,0.011986136,0.0001,16.84975242614746,1685,100.74841175079345,1000.0,1637.51953125,,
1298,3.0,1138688,6.0,2.5,278,2.5,876,0.8520287871360779,-0.011214012466371059,0.102783203125,0.09486058354377747,39.008514404296875,0.2,0.010700515,0.0001,16.856080722808837,1690,100.80416336059571,1000.0,1595.0654296875,,
1300,3.0,1142784,6.0,2.5,279,2.5,878,0.8750633597373962,-0.015909409025334754,0.13681640625,0.09483800083398819,35.08467102050781,0.2,0.014499345,0.0001,16.86237359046936,1695,92.88564109802246,1000.0,1595.0654296875,,
1302,3.0,1146880,6.0,2.5,280,2.5,880,0.8809323310852051,-0.011989632714539766,0.08486328125,0.09483732283115387,43.16448974609375,0.2,0.010948046,0.0001,16.865177583694457,1700,93.85066967010498,1000.0,1595.0654296875,,
1303,3.0,1150976,6.0,2.5,281,1.5,882,0.892328679561615,-0.011043684789910913,0.084716796875,0.09484469890594482,31.338253021240234,0.2,0.011475796,0.0001,16.863452529907228,1705,77.8569540977478,1000.0,1592.8922119140625,,
1302,3.25,1155072,6.5,2.0,282,1.5,886,0.914508581161499,-0.013104943302460014,0.135791015625,0.09476879239082336,27.44820785522461,0.2,0.013543794,0.0001,16.86790542602539,1710,65.5991774559021,1000.0,1617.6708984375,,
1304,3.25,1159168,6.5,2.0,283,1.5,888,0.854889988899231,-0.013951375614851713,0.133544921875,0.09471261501312256,36.406982421875,0.2,0.0154134,0.0001,16.883639192581178,1715,83.1477445602417,1000.0,1617.6708984375,,
1306,3.25,1163264,6.5,2.0,284,1.5,890,0.7016808986663818,-0.008637539867777377,0.050341796875,0.09468384087085724,52.58907699584961,0.2,0.008004889,0.0001,16.89048171043396,1720,133.70291175842286,1000.0,1617.6708984375,,
1307,3.25,1167360,6.5,2.0,285,2.5,893,0.7040863037109375,-0.013205443479819223,0.089404296875,0.09464569389820099,46.987911224365234,0.2,0.01177195,0.0001,16.896990299224854,1725,108.07193927764892,1000.0,1613.868408203125,,
1305,3.375,1171456,3.5,1.0,286,2.5,897,0.7119549512863159,-0.013242931728018447,0.09677734375,0.09462586790323257,37.67030715942383,0.2,0.012096331,0.0001,16.903369903564453,1730,102.05288982391357,1000.0,1570.38134765625,,
1307,3.375,1175552,3.5,1.0,287,2.5,898,0.6357532739639282,-0.013126833346905186,0.101953125,0.09461446106433868,55.278343200683594,0.2,0.013497682,0.0001,16.90566816329956,1735,132.52102661132812,1000.0,1570.38134765625,,
1309,3.375,1179648,3.5,1.0,288,2.5,900,0.3958520293235779,-0.010503979329951108,0.065234375,0.0945916697382927,67.06043243408203,0.2,0.009677886,0.0001,16.90878586769104,1740,183.7464683532715,1000.0,1570.38134765625,,
1310,3.375,1183744,3.5,1.0,289,3.5,903,0.41175317764282227,-0.01357527965446934,0.114794921875,0.09452822804450989,79.8404769897461,0.2,0.012769684,0.0001,16.916565704345704,1745,164.9486572265625,1000.0,1557.802978515625,,
1307,3.125,1187840,4.0,2.0,290,3.5,908,0.5056034326553345,-0.013694019010290503,0.126953125,0.0945223867893219,80.86338806152344,0.2,0.012713883,0.0001,16.92522711753845,1750,183.09008865356446,1000.0,1535.9468994140625,,
1309,3.125,1191936,4.0,2.0,291,3.5,910,0.4681059718132019,-0.008685786096611992,0.0521484375,0.09451161324977875,88.05715942382812,0.2,0.008214686,0.0001,16.924974536895753,1755,228.76716346740722,1000.0,1535.9468994140625,,
1311,3.125,1196032,4.0,2.0,292,3.5,912,0.5975223183631897,-0.007736495084827766,0.032958984375,0.09451014548540115,83.97055053710938,0.2,0.007524155,0.0001,16.927433681488036,1760,214.270272064209,1000.0,1535.9468994140625,,
1308,2.875,1200128,4.5,3.0,293,3.5,917,0.7143305540084839,-0.01230328124947846,0.07578125,0.0945005863904953,63.556236267089844,0.2,0.011607893,0.0001,16.927414894104004,1765,157.63600978851318,1000.0,1490.45556640625,,
1310,2.875,1204224,4.5,3.0,294,3.5,919,0.7535529136657715,-0.014249494927935303,0.11435546875,0.09444073587656021,43.72305679321289,0.2,0.01196681,0.0001,16.933705377578736,1770,115.17731952667236,1000.0,1490.45556640625,,
1312,2.875,1208320,4.5,3.0,295,3.5,920,0.6637889742851257,-0.013015507539967075,0.08232421875,0.09440294653177261,54.85625076293945,0.2,0.010786217,0.0001,16.94399437904358,1775,131.47444114685058,1000.0,1490.45556640625,,
1313,2.875,1212416,4.5,3.0,296,3.5,922,0.4974551796913147,-0.010835208161734045,0.04970703125,0.09437397867441177,47.86140441894531,0.2,0.009188761,0.0001,16.949972677230836,1780,131.00769710540771,1000.0,1490.45556640625,,
1311,3.25,1216512,4.5,1.5,297,4.0,927,0.74350905418396,-0.00791785322362557,0.042138671875,0.09434732049703598,27.109264373779297,0.2,0.007917159,0.0001,16.95530219078064,1785,87.83061256408692,1000.0,1525.525634765625,,
1313,3.25,1220608,4.5,1.5,298,4.0,929,0.8686920404434204,-0.014469895686488599,0.108203125,0.09431975334882736,24.395225524902344,0.2,0.01165627,0.0001,16.960539865493775,1790,82.45217065811157,1000.0,1525.525634765625,,
1314,3.25,1224704,4.5,1.5,299,4.0,931,0.770381510257721,-0.012805803993251175,0.0810546875,0.0943199098110199,42.003536224365234,0.2,0.01059853,0.0001,16.963378715515137,1795,123.99695377349853,1000.0,1525.525634765625,,
1316,3.25,1228800,4.5,1.5,300,4.0,933,0.7982504367828369,-0.009399866894818842,0.0572265625,0.09433943778276443,46.80226516723633,0.2,0.008384776,0.0001,16.961500120162963,1800,129.39885959625244,1000.0,1525.525634765625,,
1314,3.0,1232896,5.5,2.0,301,1.0,937,0.8531432151794434,-0.011094268772285431,0.082470703125,0.09433398395776749,49.33723068237305,0.2,0.011293197,0.0001,16.959060955047608,1805,126.73393077850342,1000.0,1480.2042236328125,,
1316,3.0,1236992,5.5,2.0,302,1.0,939,0.8776366114616394,-0.01578791470383294,0.14365234375,0.09431393444538116,49.86151885986328,0.2,0.013907334,0.0001,16.962117910385132,1810,104.37695064544678,1000.0,1480.2042236328125,,
1318,3.0,1241088,5.5,2.0,303,1.0,941,0.7456532716751099,-0.011171801935415716,0.091552734375,0.0943036675453186,81.71414184570312,0.2,0.010067915,0.0001,16.96586318016052,1815,186.4554473876953,1000.0,1480.2042236328125,,
1319,3.0,1245184,5.5,2.0,304,1.5,943,0.8302485942840576,-0.014283228339627385,0.103173828125,0.09425797313451767,66.21162414550781,0.2,0.012248383,0.0001,16.97002863883972,1820,168.36073265075683,1000.0,1484.839111328125,,
1317,2.875,1249280,6.0,2.5,305,2.0,948,0.874215841293335,-0.012860564817674457,0.119775390625,0.09427276998758316,50.392704010009766,0.2,0.0134103745,0.0001,16.975168085098268,1825,116.87125568389892,1000.0,1488.6070556640625,,
1289,2.875,1253376,6.0,2.5,306,2.0,971,0.857581377029419,-0.016455622494686396,0.156689453125,0.09430061280727386,65.31817626953125,0.2,0.013954541,0.0001,16.969192790985108,1830,145.83857917785645,1000.0,1488.6070556640625,2.4333898532779408,250000
1291,2.875,1257472,6.0,2.5,307,2.0,973,0.7591452598571777,-0.010024175210855902,0.0865234375,0.09431204199790955,57.933677673339844,0.2,0.01090309,0.0001,16.966027307510377,1835,144.72857246398925,1000.0,1488.6070556640625,,
1292,2.875,1261568,6.0,2.5,308,3.0,976,0.8334026336669922,-0.012597749603446572,0.10390625,0.09427833557128906,50.158416748046875,0.2,0.0119751245,0.0001,16.967771768569946,1840,129.41656551361083,1000.0,1485.111572265625,,
1289,2.75,1265664,6.5,2.0,309,3.0,981,0.8487865328788757,-0.014641109120566398,0.126904296875,0.09427210688591003,53.16259765625,0.2,0.013251791,0.0001,16.972602558135986,1845,131.6424840927124,1000.0,1465.352783203125,,
1291,2.75,1269760,6.5,2.0,310,3.0,983,0.8609892725944519,-0.013840320555027574,0.137548828125,0.09426330775022507,45.4202766418457,0.2,0.014045064,0.0001,16.973420429229737,1850,100.46943225860596,1000.0,1465.352783203125,,
1292,2.75,1273856,6.5,2.0,311,3.0,985,0.7700239419937134,-0.011042977310717106,0.102685546875,0.09423749893903732,53.730289459228516,0.2,0.011806047,0.0001,16.976626300811766,1855,119.7790662765503,1000.0,1465.352783203125,,
1293,2.75,1277952,6.5,2.0,312,3.0,987,0.8840578198432922,-0.013294808613136411,0.12880859375,0.09421679377555847,36.85051727294922,0.2,0.013214121,0.0001,16.981872510910033,1860,91.47074966430664,1000.0,1464.30615234375,,
1292,3.0,1282048,7.0,1.0,313,3.0,991,0.9157806038856506,-0.011149034590926022,0.09375,0.09416696429252625,33.533653259277344,0.2,0.010481425,0.0001,16.987111806869507,1865,82.96915035247802,1000.0,1538.9217529296875,,
1294,3.0,1286144,7.0,1.0,314,3.0,993,0.8650493025779724,-0.013938716426491738,0.1255859375,0.09410078078508377,46.47731018066406,0.2,0.012530222,0.0001,16.999065160751343,1870,105.23837223052979,1000.0,1538.9217529296875,,
1296,3.0,1290240,7.0,1.0,315,3.0,995,0.21544378995895386,-0.007613484264584258,0.060107421875,0.09407327324151993,109.95987701416016,0.2,0.00825754,0.0001,17.00881395339966,1875,263.11247634887695,1000.0,1538.9217529296875,,
1297,3.0,1294336,7.0,1.0,316,3.0,997,0.26263338327407837,-0.008407867536880076,0.0380859375,0.09407208114862442,92.68549346923828,0.2,0.008434139,0.0001,17.011406469345093,1880,233.0477767944336,1000.0,1534.2559814453125,,
1296,3.25,1298432,7.5,1.5,317,3.0,1001,0.6036040186882019,-0.011491253192070871,0.07724609375,0.09405137598514557,69.40514373779297,0.2,0.010657538,0.0001,17.01303677558899,1885,161.3887809753418,1000.0,1548.4451904296875,,
1298,3.25,1302528,7.5,1.5,318,3.0,1003,0.8277532458305359,-0.015508802433032542,0.141796875,0.09403711557388306,54.12100601196289,0.2,0.013435796,0.0001,17.016300010681153,1890,121.54165267944336,1000.0,1548.4451904296875,,
1299,3.25,1306624,7.5,1.5,319,3.0,1005,0.7653287649154663,-0.012498462572693825,0.095068359375,0.0940391793847084,65.27767181396484,0.2,0.011197081,0.0001,17.01847085952759,1895,151.26820106506347,1000.0,1548.4451904296875,,
1301,3.25,1310720,7.5,1.5,320,4.0,1007,0.7396044135093689,-0.01238089204998687,0.104931640625,0.09402201324701309,55.982994079589844,0.2,0.01152169,0.0001,17.018300533294678,1900,138.50527114868163,1000.0,1531.5994873046875,,
1299,3.375,1314816,8.0,1.5,321,4.0,1011,0.761513352394104,-0.011534079269040376,0.08974609375,0.09399840980768204,71.69038391113281,0.2,0.011347677,0.0001,17.023332929611207,1905,157.38009719848634,1000.0,1514.2872314453125,,
1301,3.375,1318912,8.0,1.5,322,4.0,1013,0.7435126304626465,-0.012676993536297232,0.096337890625,0.09398572891950607,56.25162124633789,0.2,0.011639874,0.0001,17.026139640808104,1910,138.7206720352173,1000.0,1514.2872314453125,,
1303,3.375,1323008,8.0,1.5,323,4.0,1015,0.6373895406723022,-0.010310671338811517,0.05625,0.09399303793907166,65.56000518798828,0.2,0.0096287,0.0001,17.027514505386353,1915,173.38793334960937,1000.0,1514.2872314453125,,
1304,3.375,1327104,8.0,1.5,324,0.5,1017,0.697922945022583,-0.013085538323502987,0.095849609375,0.09398048371076584,71.16063690185547,0.2,0.01134878,0.0001,17.02698483467102,1920,182.66014823913574,1000.0,1498.8067626953125,,
1302,3.25,1331200,8.0,2.5,325,0.5,1021,0.7281126976013184,-0.011695053108269349,0.097314453125,0.09399371594190598,86.40406036376953,0.2,0.010281939,0.0001,17.02819209098816,1925,192.0351318359375,1000.0,1508.10009765625,,
1304,3.25,1335296,8.0,2.5,326,0.5,1023,0.8239471912384033,-0.012268306483747438,0.08251953125,0.09401573985815048,47.304595947265625,0.2,0.00994364,0.0001,17.024426555633546,1930,111.23613300323487,1000.0,1508.10009765625,,
1306,3.25,1339392,8.0,2.5,327,0.5,1025,0.8123627305030823,-0.013039028644561768,0.122021484375,0.09404738247394562,56.12982940673828,0.2,0.012624117,0.0001,17.019468784332275,1935,120.26075820922851,1000.0,1508.10009765625,,
1307,3.25,1343488,8.0,2.5,328,1.5,1027,0.8333967328071594,-0.013484543532831595,0.110302734375,0.09408584982156754,57.69197082519531,0.2,0.013971578,0.0001,17.0130895614624,1940,133.02995109558105,1000.0,1515.9703369140625,,
1305,3.125,1347584,8.0,1.5,329,1.5,1032,0.863589882850647,-0.012814980880648363,0.130322265625,0.09410478174686432,55.6505241394043,0.2,0.013790672,0.0001,17.007136392593384,1945,135.106396484375,1000.0,1460.66064453125,,
1307,3.125,1351680,8.0,1.5,330,1.5,1034,0.9040584564208984,-0.011708623595768585,0.08056640625,0.0940752848982811,42.82786560058594,0.2,0.010889452,0.0001,17.007069540023803,1950,108.72092723846436,1000.0,1460.66064453125,,
1308,3.125,1355776,8.0,1.5,331,1.5,1035,0.886199414730072,-0.014648124674567952,0.126708984375,0.09408111870288849,47.640174865722656,0.2,0.013517988,0.0001,17.01178641319275,1955,112.44576873779297,1000.0,1460.66064453125,,
1309,3.125,1359872,8.0,1.5,332,2.5,1038,0.8496360778808594,-0.012930087890708819,0.101806640625,0.0940602645277977,74.00849151611328,0.2,0.011747119,0.0001,17.010554170608522,1960,158.7530132293701,1000.0,1481.0015869140625,,
1306,2.875,1363968,6.5,0.5,333,2.5,1043,0.8787727355957031,-0.01541335617657751,0.126708984375,0.09400026500225067,60.476829528808594,0.2,0.012450506,0.0001,17.01922674179077,1965,132.07507534027098,1000.0,1513.02734375,,
1308,2.875,1368064,6.5,0.5,334,2.5,1045,0.673896312713623,-0.0105552492197603,0.09833984375,0.09398576617240906,86.34886169433594,0.2,0.013449917,0.0001,17.027617835998534,1970,223.2396266937256,1000.0,1513.02734375,,
1309,2.875,1372160,6.5,0.5,335,2.5,1047,0.6008108854293823,-0.009242715965956449,0.067822265625,0.09396825730800629,91.48360443115234,0.2,0.010720465,0.0001,17.02933759689331,1975,252.3199478149414,1000.0,1513.02734375,,
1308,2.875,1376256,7.5,1.0,336,3.5,1051,0.6194391250610352,-0.01027389884693548,0.081591796875,0.09394080191850662,116.12237548828125,0.2,0.010981161,0.0001,17.0343026638031,1980,233.72344436645508,1000.0,1508.8984375,,
1309,2.875,1380352,7.5,1.0,337,3.5,1053,0.6802634000778198,-0.013237577711697668,0.106982421875,0.09389945864677429,108.8069839477539,0.2,0.012926953,0.0001,17.04074058532715,1985,230.6846881866455,1000.0,1508.8984375,,
1311,2.875,1384448,7.5,1.0,338,3.5,1055,0.5776311159133911,-0.013822139357216656,0.1138671875,0.09387946873903275,54.29021072387695,0.2,0.012416437,0.0001,17.047111606597902,1990,131.13161125183106,1000.0,1508.8984375,,
1313,2.875,1388544,7.5,1.0,339,3.5,1057,0.6556750535964966,-0.010549232375342398,0.079052734375,0.09387269616127014,65.20538330078125,0.2,0.009122983,0.0001,17.049377727508546,1995,165.13019104003905,1000.0,1508.8984375,,
1310,3.375,1392640,6.0,1.5,340,3.5,1062,0.7186658978462219,-0.015139262718730607,0.103662109375,0.09389049559831619,69.79141998291016,0.2,0.012588035,0.0001,17.048498487472536,2000,155.0543170928955,1000.0,1503.3734130859375,,
1311,3.375,1396736,6.0,1.5,341,3.5,1065,0.8244311809539795,-0.013202132319565862,0.09462890625,0.09388361871242523,60.57400894165039,0.2,0.011849796,0.0001,17.04636287689209,2005,159.2616621017456,1000.0,1503.3734130859375,,
1312,3.375,1400832,6.0,1.5,342,3.5,1066,0.7381489276885986,-0.010806967446114868,0.079541015625,0.09385600686073303,68.92127990722656,0.2,0.0108391335,0.0001,17.050121879577638,2010,165.1460132598877,1000.0,1503.3734130859375,,
1314,3.375,1404928,6.0,1.5,343,3.5,1068,0.7500643730163574,-0.014056278561474756,0.120849609375,0.09383329749107361,75.01258087158203,0.2,0.012023034,0.0001,17.055739402770996,2015,173.22389640808106,1000.0,1503.3734130859375,,
1312,3.125,1409024,6.5,0.5,344,4.0,1073,0.8043795824050903,-0.012362977274460719,0.08642578125,0.09383314847946167,71.72921752929688,0.2,0.0108161345,0.0001,17.057855749130248,2020,171.42253379821778,1000.0,1567.755615234375,,
1314,3.125,1413120,6.5,0.5,345,4.0,1075,0.8575378656387329,-0.010207183507736773,0.076806640625,0.09381414949893951,42.32459259033203,0.2,0.010205744,0.0001,17.058452320098876,2025,106.1998680114746,1000.0,1567.755615234375,,
1315,3.125,1417216,6.5,0.5,346,4.0,1077,0.8229548931121826,-0.008940632862504572,0.045458984375,0.09381279349327087,50.224220275878906,0.2,0.010062236,0.0001,17.06153783798218,2030,125.1163719177246,1000.0,1567.755615234375,,
1316,3.125,1421312,6.5,0.5,347,3.5,1079,0.7145329117774963,-0.008290636143647135,0.052099609375,0.09381625056266785,57.30220413208008,0.2,0.009018121,0.0001,17.06091728210449,2035,138.52875061035155,1000.0,1546.12841796875,,
1314,2.75,1425408,6.0,1.5,348,1.5,1084,0.6986396312713623,-0.010716562333982438,0.066748046875,0.09381469339132309,49.52372360229492,0.2,0.010055168,0.0001,17.06075563430786,2040,126.65310897827149,1000.0,1545.44970703125,,
1316,2.75,1429504,6.0,1.5,349,1.5,1086,0.822044849395752,-0.014090965606737883,0.134765625,0.09376274049282074,38.88922882080078,0.2,0.014705682,0.0001,17.065138244628905,2045,80.7729455947876,1000.0,1545.44970703125,,
1317,2.75,1433600,6.0,1.5,350,1.5,1088,0.6779639720916748,-0.012991331418743358,0.138818359375,0.09374817460775375,37.75910949707031,0.2,0.014739708,0.0001,17.073828172683715,2050,98.78576583862305,1000.0,1545.44970703125,,
1318,2.75,1437696,6.0,1.5,351,2.5,1090,0.760928213596344,-0.014313538331771269,0.142138671875,0.09375160187482834,25.86577796936035,0.2,0.013440187,0.0001,17.07462329864502,2055,64.88549451828003,1000.0,1560.28857421875,,
1316,2.75,1441792,6.5,2.5,352,2.5,1095,0.7336288690567017,-0.013759881567239063,0.1484375,0.09371677786111832,28.59929847717285,0.2,0.01449217,0.0001,17.07657699584961,2060,65.52685317993163,1000.0,1582.7828369140625,,
1317,2.75,1445888,6.5,2.5,353,2.5,1097,0.7768049240112305,-0.01207259352086112,0.12529296875,0.09365764260292053,30.850305557250977,0.2,0.013473233,0.0001,17.084871768951416,2065,70.46745586395264,1000.0,1582.7828369140625,,
1319,2.75,1449984,6.5,2.5,354,2.0,1099,0.6537121534347534,-0.009921564743854106,0.111279296875,0.09363634884357452,61.5701789855957,0.2,0.010271952,0.0001,17.09509539604187,2070,139.56816520690919,997.96,1592.6385498046875,,
1320,2.75,1454080,6.5,2.5,355,2.5,1101,0.5897605419158936,-0.012761377694550902,0.096044921875,0.09364307671785355,90.55066680908203,0.2,0.011711538,0.0001,17.095420026779173,2075,211.6492504119873,997.96,1594.197021484375,,
1318,3.0,1458176,5.0,3.0,356,2.5,1105,0.8771007061004639,-0.010088390752207488,0.082568359375,0.09363672137260437,34.3780632019043,0.2,0.01121036,0.0001,17.09457106590271,2080,82.5998046875,997.96,1629.990478515625,,
1320,3.0,1462272,5.0,3.0,357,2.5,1107,0.8785600066184998,-0.012934323772788048,0.13828125,0.09363722056150436,33.486846923828125,0.2,0.015143629,0.0001,17.096317338943482,2085,72.01955099105835,997.96,1629.990478515625,,
1321,3.0,1466368,5.0,3.0,358,3.0,1109,0.8585397005081177,-0.013475698884576559,0.114501953125,0.09362209588289261,40.3812370300293,0.2,0.011135474,0.0001,17.09670238494873,2090,94.24476222991943,997.96,1625.2952880859375,,
1322,3.0,1470464,5.0,3.0,359,3.5,1111,0.8641034364700317,-0.009045873500872404,0.066455078125,0.09358915686607361,44.56270980834961,0.2,0.009189881,0.0001,17.100776195526123,2095,112.60556545257569,997.96,1624.1585693359375,,
1319,3.0,1474560,6.0,1.5,360,3.5,1117,0.8896011710166931,-0.01355501681100577,0.10751953125,0.09358958899974823,38.773014068603516,0.2,0.012216951,0.0001,17.10563735961914,2100,99.40974292755126,997.96,1602.459716796875,,
1321,3.0,1478656,6.0,1.5,361,3.5,1119,0.8949334621429443,-0.013591853430261836,0.10673828125,0.09353289753198624,40.03572082519531,0.2,0.012967074,0.0001,17.10823812484741,2105,93.35209789276124,997.96,1602.459716796875,,
1322,3.0,1482752,6.0,1.5,362,2.0,1121,0.7844226956367493,-0.008991770356078631,0.06826171875,0.09350316971540451,67.80960845947266,0.2,0.010023751,0.0001,17.119915628433226,2110,162.4769729614258,997.96,1597.4117431640625,,
1323,3.0,1486848,6.0,1.5,363,2.5,1123,0.7731833457946777,-0.012806715990882367,0.0994140625,0.0934985876083374,64.29788208007812,0.2,0.011558542,0.0001,17.12194972038269,2115,168.29237060546876,997.96,1622.4320068359375,,
1320,3.25,1490944,6.0,1.0,364,2.5,1129,0.8009545803070068,-0.012409199588000774,0.100341796875,0.09346356987953186,67.37305450439453,0.2,0.011203383,0.0001,17.12492232322693,2120,151.05829334259033,997.96,1638.4691162109375,,
1321,3.25,1495040,6.0,1.0,365,2.5,1131,0.8393924236297607,-0.010834374831756578,0.088037109375,0.09345265477895737,40.414608001708984,0.2,0.01235182,0.0001,17.130955314636232,2125,100.02516059875488,997.96,1638.4691162109375,,
1322,3.25,1499136,6.0,1.0,366,3.0,1133,0.6827518939971924,-0.01247081778710708,0.11044921875,0.09343927353620529,54.00224685668945,0.2,0.010384917,0.0001,17.132570362091066,2130,132.5415512084961,997.96,1649.3817138671875,,
1298,3.25,1503232,6.0,1.0,367,2.5,1157,0.6918482780456543,-0.012780055461917073,0.1103515625,0.09341232478618622,42.34464645385742,0.2,0.012668474,0.0001,17.136024475097656,2135,114.20355911254883,996.59,1641.890625,2.4368297462662514,250000
1295,3.75,1507328,6.5,2.0,368,2.5,1163,0.5876379609107971,-0.014771006256341934,0.119677734375,0.09342983365058899,58.6241340637207,0.2,0.012987886,0.0001,17.138764905929566,2140,173.45247898101806,996.59,1657.431396484375,,
1296,3.75,1511424,6.5,2.0,369,2.5,1165,0.6849002242088318,-0.011225873086368665,0.0900390625,0.0934288278222084,38.770782470703125,0.2,0.011209266,0.0001,17.134999561309815,2145,93.2630126953125,996.59,1657.431396484375,,
1297,3.75,1515520,6.5,2.0,370,3.5,1167,0.42996859550476074,-0.011207984981592745,0.058544921875,0.09341215342283249,70.56861114501953,0.2,0.00953408,0.0001,17.137443637847902,2150,173.7917453765869,996.59,1665.294189453125,,
1299,3.75,1519616,6.5,2.0,371,3.5,1169,0.48906296491622925,-0.011213153449352831,0.06484375,0.093379445374012,66.41205596923828,0.2,0.010435581,0.0001,17.142216634750366,2155,168.56543655395507,996.59,1665.294189453125,,
1296,3.625,1523712,7.0,1.5,372,3.5,1175,0.6323362588882446,-0.00918927463935688,0.0498046875,0.09334644675254822,57.7395133972168,0.2,0.008683208,0.0001,17.14876255989075,2160,142.37236251831055,996.59,1675.803466796875,,
1297,3.625,1527808,7.0,1.5,373,3.5,1177,0.7025654315948486,-0.012180117343086749,0.11328125,0.09329015761613846,48.597694396972656,0.2,0.012803398,0.0001,17.15709400177002,2165,100.70025463104248,996.59,1675.803466796875,,
1298,3.625,1531904,7.0,1.5,374,4.0,1179,0.6215013265609741,-0.009079056407790631,0.075732421875,0.09324223548173904,65.80908966064453,0.2,0.0110989865,0.0001,17.167914628982544,2170,148.97239837646484,996.59,1667.6998291015625,,
1297,3.5,1536000,7.5,2.0,375,4.0,1183,0.6890499591827393,-0.012423506483901291,0.118798828125,0.09319417923688889,58.433021545410156,0.2,0.013194701,0.0001,17.17709903717041,2175,137.46015911102296,996.59,1619.1917724609375,,
1298,3.5,1540096,7.5,2.0,376,4.0,1186,0.7253367900848389,-0.015094206074718387,0.149609375,0.09312847256660461,56.5745964050293,0.2,0.013616642,0.0001,17.18826742172241,2180,135.30743637084962,996.59,1619.1917724609375,,
1299,3.5,1544192,7.5,2.0,377,4.0,1187,0.583625853061676,-0.01382001200108789,0.12158203125,0.09311747550964355,67.93779754638672,0.2,0.012092458,0.0001,17.19663825035095,2185,168.8302780151367,996.59,1619.1917724609375,,
1300,3.5,1548288,7.5,2.0,378,2.5,1190,0.5157000422477722,-0.012605001791962422,0.097802734375,0.09312184900045395,76.02256774902344,0.2,0.011931643,0.0001,17.19625325202942,2190,176.0330612182617,996.59,1600.950439453125,,
1299,3.5,1552384,5.5,2.0,379,2.5,1194,0.5208620429039001,-0.014622561540454626,0.12685546875,0.09311255812644958,75.8561782836914,0.2,0.013887174,0.0001,17.196435976028443,2195,170.4368751525879,998.63,1550.16796875,,
1301,3.5,1556480,5.5,2.0,380,2.5,1196,0.5314953327178955,-0.015388052933849395,0.141796875,0.09310904890298843,78.77779388427734,0.2,0.014641549,0.0001,17.19875807762146,2200,169.85889320373536,998.63,1550.16796875,,
1302,3.5,1560576,5.5,2.0,381,2.5,1198,0.7775015234947205,-0.011869173357263207,0.11025390625,0.0930848941206932,21.47731590270996,0.2,0.013039311,0.0001,17.200066328048706,2205,59.46794662475586,998.63,1550.16796875,,
1303,3.5,1564672,5.5,2.0,382,3.5,1200,0.8142128586769104,-0.009207341470755637,0.1236328125,0.0930277407169342,17.36335563659668,0.2,0.0140485745,0.0001,17.208461809158326,2210,47.26205320358277,998.63,1559.928955078125,,
1302,3.0,1568768,5.5,3.0,383,3.5,1204,0.8187536597251892,-0.013797246897593141,0.16181640625,0.09299985319375992,26.846967697143555,0.2,0.015014246,0.0001,17.217947435379028,2215,62.26038589477539,998.63,1523.947998046875,,
1303,3.0,1572864,5.5,3.0,384,3.5,1206,0.8682864308357239,-0.013656100735533982,0.155419921875,0.09294110536575317,25.86659812927246,0.2,0.014720465,0.0001,17.22511520385742,2220,56.480100059509276,998.63,1523.947998046875,,
1305,3.0,1576960,5.5,3.0,385,3.5,1208,0.7974597811698914,-0.009590409870725125,0.102392578125,0.09290598332881927,60.19166564941406,0.2,0.00938032,0.0001,17.236364221572877,2225,159.11802196502686,998.63,1523.947998046875,,
1305,3.0,1581056,5.5,3.0,386,3.0,1210,0.9092799425125122,-0.014450758503517135,0.123095703125,0.09291970729827881,28.7482852935791,0.2,0.0135418605,0.0001,17.23848533630371,2230,74.20179862976075,998.63,1519.4224853515625,,
1304,3.25,1585152,5.5,1.5,387,3.0,1214,0.9212146997451782,-0.01352331826929003,0.09365234375,0.09291861206293106,25.21952247619629,0.2,0.011659786,0.0001,17.23587598800659,2235,75.74573001861572,998.63,1511.2974853515625,,
1306,3.25,1589248,5.5,1.5,388,3.0,1216,0.8799501061439514,-0.013979468785692006,0.100927734375,0.09289360046386719,42.37845230102539,0.2,0.013890777,0.0001,17.237752819061278,2240,94.29499130249023,998.63,1511.2974853515625,,
1307,3.25,1593344,5.5,1.5,389,3.0,1218,0.4614306092262268,-0.011322486662538721,0.08232421875,0.0928974524140358,85.85196685791016,0.2,0.010998106,0.0001,17.241879415512084,2245,208.45296401977538,998.63,1511.2974853515625,,
1308,3.25,1597440,5.5,1.5,390,3.5,1220,0.5225321054458618,-0.011620743508683518,0.096923828125,0.09289315342903137,106.23001861572266,0.2,0.009674468,0.0001,17.240548372268677,2250,258.5830505371094,998.63,1503.14013671875,,
1304,3.0,1601536,6.0,2.5,391,3.5,1228,0.686808705329895,-0.012233221164206044,0.0927734375,0.09290656447410583,110.22571563720703,0.2,0.01160217,0.0001,17.240844917297363,2255,247.3450412750244,1000.0,1477.9200439453125,,
1305,3.0,1605632,6.0,2.5,392,3.5,1229,0.7401710748672485,-0.013415019039530306,0.122509765625,0.09292122721672058,72.67324829101562,0.2,0.014898881,0.0001,17.237735080718995,2260,184.5178035736084,1000.0,1477.9200439453125,,
1306,3.0,1609728,6.0,2.5,393,3.5,1231,0.6190895438194275,-0.011609081068309024,0.098876953125,0.09294027090072632,58.730289459228516,0.2,0.011208398,0.0001,17.234477710723876,2265,154.1474702835083,1000.0,1477.9200439453125,,
1307,3.0,1613824,6.0,2.5,394,4.0,1234,0.6259849071502686,-0.010150087857618928,0.067333984375,0.09293416142463684,41.076114654541016,0.2,0.0094629545,0.0001,17.23285632133484,2270,113.83476753234864,1000.0,1466.5758056640625,,
1305,2.5,1617920,6.0,3.0,395,4.0,1239,0.7746401429176331,-0.012601723033003508,0.097509765625,0.09293840825557709,38.06013107299805,0.2,0.011837553,0.0001,17.23423352241516,2275,100.19095840454102,1000.0,1410.2025146484375,,
1306,2.5,1622016,6.0,3.0,396,4.0,1241,0.8027424812316895,-0.010971468867501244,0.09072265625,0.09295205771923065,49.765499114990234,0.2,0.013678442,0.0001,17.231729984283447,2280,112.10253639221192,1000.0,1410.2025146484375,,
1307,2.5,1626112,6.0,3.0,397,3.5,1243,0.8508784174919128,-0.015014104108558968,0.137158203125,0.09297493100166321,57.40450668334961,0.2,0.013668889,0.0001,17.22845416069031,2285,137.36469745635986,1000.0,1401.4764404296875,,
1308,2.5,1630208,6.0,3.0,398,2.5,1245,0.8430930972099304,-0.009617508976953104,0.060888671875,0.09298816323280334,57.516204833984375,0.2,0.009921885,0.0001,17.224921703338623,2290,150.61424560546874,1000.0,1401.5213623046875,,
1307,2.75,1634304,4.5,1.0,399,2.5,1250,0.8156842589378357,-0.011308379616821185,0.07802734375,0.09297356754541397,50.50613021850586,0.2,0.010800473,0.0001,17.22428689002991,2295,134.14193115234374,1000.0,1454.791259765625,,
1308,2.75,1638400,4.5,1.0,400,2.5,1251,0.8260719180107117,-0.012700025876984,0.090478515625,0.09296024590730667,46.28009796142578,0.2,0.011657578,0.0001,17.227353191375734,2300,111.98055763244629,1000.0,1454.791259765625,,
1309,2.75,1642496,4.5,1.0,401,3.0,1254,0.7744179964065552,-0.01019343783846125,0.08701171875,0.09295517206192017,48.92011260986328,0.2,0.0095065255,0.0001,17.22932152748108,2305,120.22169494628906,1000.0,1450.741455078125,,
1310,2.75,1646592,4.5,1.0,402,3.5,1256,0.8149682283401489,-0.008484129968564957,0.049609375,0.09292737394571304,61.95042419433594,0.2,0.008855905,0.0001,17.231697607040406,2310,155.32649784088136,1000.0,1452.139404296875,,
1306,3.125,1650688,4.5,2.0,403,3.5,1262,0.7906789779663086,-0.01086660665459931,0.066162109375,0.09289857745170593,77.56695556640625,0.2,0.009818068,0.0001,17.237948846817016,2315,189.92904472351074,1000.0,1542.092041015625,,
1308,3.125,1654784,4.5,2.0,404,3.5,1264,0.7566627860069275,-0.012658906652359293,0.091748046875,0.09288136661052704,51.6853141784668,0.2,0.011357082,0.0001,17.2422655582428,2320,141.98150272369384,1000.0,1542.092041015625,,
1309,3.125,1658880,4.5,2.0,405,3.5,1266,0.573138952255249,-0.008571663487236947,0.04619140625,0.09286884218454361,65.50614166259766,0.2,0.009637633,0.0001,17.244548892974855,2325,199.833935546875,1000.0,1528.02490234375,,
1310,3.125,1662976,4.5,2.0,406,4.0,1269,0.6592763662338257,-0.013106098456773907,0.10966796875,0.09285855293273926,95.63867950439453,0.2,0.012151188,0.0001,17.246936559677124,2330,204.78812828063965,1000.0,1526.4915771484375,,
1308,2.625,1667072,5.0,1.0,407,4.0,1274,0.7278201580047607,-0.010635012574493886,0.10341796875,0.0928255096077919,96.60964965820312,0.2,0.011601113,0.0001,17.25118260383606,2335,171.10729656219482,1000.0,1524.9725341796875,,
1309,2.625,1671168,5.0,1.0,408,4.0,1276,0.8115763068199158,-0.014661406411323696,0.155810546875,0.09276502579450607,48.65869903564453,0.2,0.016271882,0.0001,17.259335899353026,2340,110.17879981994629,1000.0,1524.9725341796875,,
1310,2.625,1675264,5.0,1.0,409,3.0,1278,0.8008074760437012,-0.010628092475235463,0.094921875,0.09272825717926025,40.48569869995117,0.2,0.010791518,0.0001,17.269655561447145,2345,105.65403900146484,1000.0,1518.502197265625,,
1311,2.625,1679360,5.0,1.0,410,2.5,1280,0.8112805485725403,-0.01196692071389407,0.105078125,0.09273330122232437,53.62485122680664,0.2,0.0129973255,0.0001,17.273146057128905,2350,127.34540252685547,1000.0,1512.53759765625,,
1308,3.0,1683456,5.0,2.0,411,2.5,1287,0.8621466755867004,-0.011486300791148096,0.117626953125,0.09272253513336182,35.70596694946289,0.2,0.013385655,0.0001,17.272329092025757,2355,89.1519697189331,1000.0,1545.904052734375,,
1309,3.0,1687552,5.0,2.0,412,2.5,1288,0.6884280443191528,-0.012991717772092671,0.122216796875,0.09274592995643616,38.8843994140625,0.2,0.013594973,0.0001,17.272959518432618,2360,94.9398582458496,1000.0,1545.904052734375,,
1310,3.0,1691648,5.0,2.0,413,3.5,1291,0.800999104976654,-0.014079894131282345,0.143017578125,0.09276016056537628,41.68267822265625,0.2,0.016198168,0.0001,17.267768812179565,2365,91.76728630065918,1000.0,1542.09228515625,,
1311,3.0,1695744,5.0,2.0,414,3.5,1293,0.8182632923126221,-0.013643215235788375,0.151416015625,0.09273833781480789,38.13449478149414,0.2,0.014164604,0.0001,17.26904468536377,2370,86.45335102081299,1000.0,1542.09228515625,,
1310,3.0,1699840,5.5,1.5,415,3.5,1297,0.8375407457351685,-0.01249060349073261,0.147265625,0.09270859509706497,47.00295639038086,0.2,0.015454542,0.0001,17.27457127571106,2375,94.70870304107666,1000.0,1550.60205078125,,
1311,3.0,1703936,5.5,1.5,416,3.5,1299,0.7830735445022583,-0.01146030681557022,0.099853515625,0.09267941117286682,34.034976959228516,0.2,0.010407101,0.0001,17.280883026123046,2380,101.4001522064209,1000.0,1550.60205078125,,
1312,3.0,1708032,5.5,1.5,417,4.0,1301,0.7865732312202454,-0.012728268781211227,0.0880859375,0.09266769886016846,39.945899963378906,0.2,0.011732329,0.0001,17.285126543045045,2385,104.25551357269288,1000.0,1566.19091796875,,
1311,2.5,1712128,6.5,2.0,418,4.0,1305,0.8279045820236206,-0.012340990608208813,0.081884765625,0.09265843033790588,42.21099853515625,0.2,0.011004221,0.0001,17.28663649559021,2390,103.02291011810303,1000.0,1621.9833984375,,
1312,2.5,1716224,6.5,2.0,419,4.0,1307,0.8425282835960388,-0.014289470639778302,0.12099609375,0.09266059845685959,38.81883239746094,0.2,0.012569686,0.0001,17.287691593170166,2395,101.92035102844238,1000.0,1621.9833984375,,
1314,2.5,1720320,6.5,2.0,420,4.0,1309,0.7930346131324768,-0.010970259469468146,0.090185546875,0.0926440879702568,45.446651458740234,0.2,0.010693088,0.0001,17.28860650062561,2400,106.82286567687989,1000.0,1621.9833984375,,
1315,2.5,1724416,6.5,2.0,421,3.5,1311,0.6737006902694702,-0.011953367706155404,0.115966796875,0.09262888878583908,57.765262603759766,0.2,0.0139578115,0.0001,17.29262504577637,2405,134.54959964752197,1000.0,1618.1077880859375,,
1312,2.5,1728512,5.0,2.0,422,3.5,1317,0.7417542338371277,-0.01364489296101965,0.151025390625,0.09265261888504028,50.05842590332031,0.2,0.014380121,0.0001,17.29096908569336,2410,113.93655128479004,1000.0,1621.66845703125,,
1313,2.5,1732608,5.0,2.0,423,3.5,1319,0.81474769115448,-0.014444580511189997,0.160400390625,0.09259796887636185,41.327369689941406,0.2,0.015750643,0.0001,17.29304723739624,2415,97.69385414123535,1000.0,1621.66845703125,,
1314,2.5,1736704,5.0,2.0,424,3.5,1320,0.8874281644821167,-0.012543578597251326,0.122314453125,0.09257857501506805,36.65694808959961,0.2,0.013361536,0.0001,17.302630281448366,2420,90.32767314910889,1000.0,1621.66845703125,,
1315,2.5,1740800,5.0,2.0,425,2.0,1323,0.9044395685195923,-0.013209550362080335,0.129296875,0.0925307422876358,33.225467681884766,0.2,0.014982252,0.0001,17.30615668296814,2425,87.20286693572999,1000.0,1609.127197265625,,
1314,2.625,1744896,6.0,3.0,426,2.0,1327,0.9203252792358398,-0.011992984882090241,0.126416015625,0.09251303970813751,33.937503814697266,0.2,0.013261018,0.0001,17.314703369140624,2430,83.8759069442749,1000.0,1628.1590576171875,,
1315,2.625,1748992,6.0,3.0,427,2.0,1329,0.9427703619003296,-0.01410054713487625,0.17109375,0.0925038680434227,24.935209274291992,0.2,0.015784418,0.0001,17.31660418510437,2435,60.41068515777588,1000.0,1628.1590576171875,,
1295,2.625,1753088,6.0,3.0,428,2.0,1352,0.8308454155921936,-0.00964137886185199,0.104638671875,0.092518649995327,42.495174407958984,0.2,0.01088658,0.0001,17.317359972000123,2440,98.03989067077637,1000.0,1628.1590576171875,2.4168158958989436,250000
1296,2.625,1757184,6.0,3.0,429,2.0,1354,0.8607594966888428,-0.014300702582113444,0.134912109375,0.09252670407295227,35.11826705932617,0.2,0.012734593,0.0001,17.31382360458374,2445,91.71047840118408,1000.0,1603.5213623046875,,
1296,3.0,1761280,6.5,1.5,430,2.0,1358,0.8754078149795532,-0.014726030180463567,0.164453125,0.09247461706399918,36.10530090332031,0.2,0.015250059,0.0001,17.316963338851927,2450,90.0292444229126,1000.0,1641.60107421875,,
1297,3.0,1765376,6.5,1.5,431,2.0,1360,0.9215819239616394,-0.013120324845658615,0.135888671875,0.09243698418140411,24.818130493164062,0.2,0.013936847,0.0001,17.327481603622438,2455,65.71085109710694,1000.0,1641.60107421875,,
1298,3.0,1769472,6.5,1.5,432,2.0,1362,0.8136121034622192,-0.010724630462937057,0.084228515625,0.0924278274178505,44.29255294799805,0.2,0.009982234,0.0001,17.332019805908203,2460,107.60821113586425,1000.0,1641.60107421875,,
1299,3.0,1773568,6.5,1.5,433,2.0,1364,0.8666554689407349,-0.012217032257467508,0.098779296875,0.09241434931755066,34.54698181152344,0.2,0.011720264,0.0001,17.333964538574218,2465,88.58922824859619,1000.0,1635.2772216796875,,
1298,2.625,1777664,7.0,0.5,434,2.0,1369,0.8772741556167603,-0.01251739145955071,0.11669921875,0.09234678745269775,35.02583312988281,0.2,0.012440788,0.0001,17.340710067749022,2470,88.68155040740967,1000.0,1614.81982421875,,
1299,2.625,1781760,7.0,0.5,435,2.0,1371,0.8966697454452515,-0.011952176759950816,0.104541015625,0.09230656176805496,34.76729202270508,0.2,0.012031868,0.0001,17.35347785949707,2475,79.65344524383545,1000.0,1614.81982421875,,
1300,2.625,1785856,7.0,0.5,436,2.0,1373,0.7798281311988831,-0.012404854700434953,0.099462890625,0.09227577596902847,43.12628936767578,0.2,0.012019575,0.0001,17.359532260894774,2480,107.99964485168456,1000.0,1620.83837890625,,
1301,2.625,1789952,7.0,0.5,437,0.0,1375,0.8460692763328552,-0.011706644669175148,0.1083984375,0.09223556518554688,38.222686767578125,0.2,0.0113707185,0.0001,17.366043424606325,2485,90.6070930480957,1000.0,1605.6507568359375,,
1300,3.0,1794048,7.0,1.5,438,0.0,1379,0.9112516045570374,-0.01066232100711204,0.078564453125,0.09223004430532455,39.70763397216797,0.2,0.011262314,0.0001,17.37164945602417,2490,88.15797863006591,1000.0,1640.444091796875,,
1301,3.0,1798144,7.0,1.5,439,0.0,1381,0.812950849533081,-0.012928948411718011,0.141064453125,0.09222981333732605,56.04843521118164,0.2,0.014498217,0.0001,17.37120065689087,2495,128.73068790435792,1000.0,1640.444091796875,,
1302,3.0,1802240,7.0,1.5,440,0.0,1383,0.6849613785743713,-0.010554407656309195,0.07177734375,0.09221688657999039,97.21405029296875,0.2,0.011031896,0.0001,17.372667455673216,2500,238.08725395202637,1000.0,1631.6142578125,,
1303,3.0,1806336,7.0,1.5,441,0.5,1385,0.74233078956604,-0.009202176419785246,0.04580078125,0.09222127497196198,108.46770477294922,0.2,0.009632316,0.0001,17.37410960197449,2505,269.35912895202637,1000.0,1649.09228515625,,
1300,3.625,1810432,7.0,2.5,442,0.5,1392,0.7774335741996765,-0.00910576650639996,0.045263671875,0.09222090244293213,84.32300567626953,0.2,0.008573387,0.0001,17.373223209381102,2510,202.39843215942383,1000.0,1668.0523681640625,,
1301,3.625,1814528,7.0,2.5,443,0.5,1394,0.8045283555984497,-0.013992401189170778,0.117529296875,0.09224583208560944,67.48950958251953,0.2,0.014446303,0.0001,17.372119665145874,2515,128.8763868331909,1000.0,1668.0523681640625,,
1302,3.625,1818624,7.0,2.5,444,1.0,1396,0.5135693550109863,-0.012926352018257602,0.10107421875,0.09225183725357056,63.841827392578125,0.2,0.011018524,0.0001,17.367797994613646,2520,167.94489154815673,1000.0,1679.3594970703125,,
1303,3.625,1822720,7.0,2.5,445,1.5,1398,0.5636308789253235,-0.010535509226610885,0.078076171875,0.09223257005214691,72.51876068115234,0.2,0.010191551,0.0001,17.369273805618285,2525,166.0689353942871,1000.0,1689.1756591796875,,
1300,3.75,1826816,7.5,3.0,446,1.5,1404,0.6380293369293213,-0.012553621223196388,0.090234375,0.09220245480537415,54.80904769897461,0.2,0.010180467,0.0001,17.374069690704346,2530,133.49045429229736,1000.0,1719.02734375,,
1302,3.75,1830912,7.5,3.0,447,1.5,1406,0.8348064422607422,-0.014217674723477102,0.117431640625,0.09214527904987335,54.573455810546875,0.2,0.012682788,0.0001,17.382608270645143,2535,127.67766704559327,1000.0,1719.02734375,,
1302,3.75,1835008,7.5,3.0,448,2.0,1408,0.8438822031021118,-0.011938328947871923,0.0845703125,0.09210792928934097,92.47071838378906,0.2,0.010738896,0.0001,17.392674112319945,2540,204.71778945922853,1000.0,1727.678466796875,,
1303,3.75,1839104,7.5,3.0,449,2.5,1410,0.7771963477134705,-0.011658601928502321,0.090625,0.09208323061466217,86.98243713378906,0.2,0.011017779,0.0001,17.398310804367064,2545,207.0581413269043,1000.0,1716.5234375,,
1302,3.875,1843200,8.0,2.0,450,2.5,1414,0.8582350015640259,-0.013688328681746497,0.104443359375,0.09207390248775482,73.42169189453125,0.2,0.01241318,0.0001,17.4019793510437,2550,188.42195014953614,1000.0,1711.9808349609375,,
1304,3.875,1847296,8.0,2.0,451,2.5,1416,0.8930041790008545,-0.013260261225514113,0.113134765625,0.09203493595123291,63.027801513671875,0.2,0.013265831,0.0001,17.405749130249024,2555,135.89595737457276,1000.0,1711.9808349609375,,
1304,3.875,1851392,8.0,2.0,452,3.5,1418,0.7950888872146606,-0.009749058808665723,0.051220703125,0.0920102447271347,65.43050384521484,0.2,0.00845461,0.0001,17.412752532958983,2560,171.76971130371095,1000.0,1706.713134765625,,
1306,3.875,1855488,8.0,2.0,453,3.5,1420,0.8329500555992126,-0.013055004662601278,0.09736328125,0.0919841006398201,50.30363464355469,0.2,0.011515558,0.0001,17.417399883270264,2565,120.62015438079834,1000.0,1706.713134765625,,
1305,3.375,1859584,8.0,1.0,454,3.5,1424,0.816897451877594,-0.013026149163488298,0.109130859375,0.09198185801506042,65.92308044433594,0.2,0.012372948,0.0001,17.420736217498778,2570,148.07192440032958,1000.0,1696.82958984375,,
1306,3.375,1863680,8.0,1.0,455,3.5,1426,0.8093357086181641,-0.014386206096969546,0.141845703125,0.09196184575557709,40.79555892944336,0.2,0.014812614,0.0001,17.42194347381592,2575,98.78645458221436,1000.0,1696.82958984375,,
1307,3.375,1867776,8.0,1.0,456,3.5,1429,0.8075292706489563,-0.013903444015886635,0.164306640625,0.09191283583641052,39.03600311279297,0.2,0.016855918,0.0001,17.429091358184813,2580,82.92532920837402,1000.0,1683.4320068359375,,
1308,3.375,1871872,8.0,1.0,457,3.5,1430,0.8347007036209106,-0.01394709493033588,0.149169921875,0.09187966585159302,46.15302276611328,0.2,0.013991294,0.0001,17.437176752090455,2585,103.0929220199585,1000.0,1683.4320068359375,,
1307,3.5,1875968,1.0,2.0,458,3.5,1435,0.8110023140907288,-0.012492734909756109,0.0986328125,0.09185752272605896,37.74238204956055,0.2,0.012129476,0.0001,17.442579603195192,2590,96.70325050354003,1000.0,1719.6552734375,,
1308,3.5,1880064,1.0,2.0,459,3.5,1437,0.7052667140960693,-0.015016111033037304,0.152783203125,0.09185408055782318,37.530757904052734,0.2,0.014958987,0.0001,17.44574522972107,2595,84.35081405639649,1000.0,1719.6552734375,,
1308,3.5,1884160,1.0,2.0,460,2.0,1439,0.6939128637313843,-0.010701714706374332,0.081787109375,0.0918358564376831,39.495262145996094,0.2,0.011446323,0.0001,17.44634852409363,2600,94.59915523529052,1000.0,1726.78173828125,,
1306,3.25,1888256,2.0,1.0,461,2.0,1445,0.7002223134040833,-0.01203548084886279,0.11640625,0.09179027378559113,40.67698287963867,0.2,0.012915795,0.0001,17.453418493270874,2605,90.96601238250733,1000.0,1694.6824951171875,,
1307,3.25,1892352,2.0,1.0,462,2.0,1447,0.6896266937255859,-0.012771032052114606,0.112451171875,0.09178180992603302,53.55992126464844,0.2,0.012570912,0.0001,17.459707975387573,2610,118.30557174682617,1000.0,1694.6824951171875,,
1308,3.25,1896448,2.0,1.0,463,2.0,1449,0.7486567497253418,-0.011583849787712097,0.084619140625,0.09175286442041397,44.904335021972656,0.2,0.012367917,0.0001,17.46189241409302,2615,124.07980461120606,1000.0,1694.6824951171875,,
1309,3.25,1900544,2.0,1.0,464,1.0,1451,0.7603522539138794,-0.011595679720630869,0.08466796875,0.0917159840464592,45.75196838378906,0.2,0.010021832,0.0001,17.468553066253662,2620,122.2647216796875,1000.0,1699.904052734375,,
1306,3.375,1904640,2.5,1.5,465,1.0,1457,0.7395709156990051,-0.010371846979251132,0.0845703125,0.09169139713048935,63.02772903442383,0.2,0.011065647,0.0001,17.475528478622437,2625,146.5448413848877,1000.0,1643.4853515625,,
1308,3.375,1908736,2.5,1.5,466,1.0,1459,0.7525258660316467,-0.013137539953459055,0.0970703125,0.09169726073741913,57.343101501464844,0.2,0.012102305,0.0001,17.477670669555664,2630,136.6050567626953,1000.0,1643.4853515625,,
1309,3.375,1912832,2.5,1.5,467,1.0,1461,0.5717594623565674,-0.011394181870855391,0.082861328125,0.09171338379383087,136.34312438964844,0.2,0.009673844,0.0001,17.474888610839844,2635,290.7587963104248,1000.0,1643.4853515625,,
1309,3.375,1916928,2.5,1.5,468,2.0,1463,0.6148388385772705,-0.01189147998811677,0.08779296875,0.09171918779611588,117.91197967529297,0.2,0.011298688,0.0001,17.473121166229248,2640,261.3388412475586,1000.0,1652.897705078125,,
1307,3.25,1921024,3.0,2.0,469,2.0,1468,0.7642680406570435,-0.013089835015125572,0.117041015625,0.09171194583177567,72.11800384521484,0.2,0.01374392,0.0001,17.47311062812805,2645,163.87764511108398,1000.0,1570.37060546875,,
1308,3.25,1925120,3.0,2.0,470,2.0,1470,0.8466911315917969,-0.011700094270054251,0.11171875,0.09170448780059814,59.053184509277344,0.2,0.012135743,0.0001,17.475113201141358,2650,124.73543186187744,1000.0,1570.37060546875,,
1310,3.25,1929216,3.0,2.0,471,2.0,1472,0.7814767956733704,-0.013374733144883067,0.11455078125,0.09169428050518036,69.45734405517578,0.2,0.01316536,0.0001,17.47736601829529,2655,167.7027587890625,1000.0,1570.37060546875,,
1310,3.25,1933312,3.0,2.0,472,3.0,1474,0.8205638527870178,-0.012310317682567984,0.093212890625,0.091671884059906,70.9541244506836,0.2,0.011293571,0.0001,17.479704570770263,2660,158.5086181640625,1000.0,1580.229248046875,,
1308,3.25,1937408,4.0,2.5,473,3.0,1480,0.9233283400535583,-0.014081908948719501,0.101025390625,0.09164052456617355,29.933914184570312,0.2,0.012237648,0.0001,17.48513798713684,2665,75.1041358947754,1000.0,1610.0435791015625,,
1309,3.25,1941504,4.0,2.5,474,3.0,1482,0.9473029375076294,-0.010769287042785436,0.12275390625,0.09153461456298828,22.4232234954834,0.2,0.014267379,0.0001,17.496612453460692,2670,51.67033920288086,1000.0,1610.0435791015625,,
1310,3.25,1945600,4.0,2.5,475,3.0,1484,0.9061316251754761,-0.01151582322199829,0.15126953125,0.09146079421043396,35.08328628540039,0.2,0.014092475,0.0001,17.51730885505676,2675,76.64285163879394,1000.0,1610.0435791015625,,
1311,3.25,1949696,4.0,2.5,476,4.0,1487,0.9046856760978699,-0.01074232006794773,0.101220703125,0.09142623841762543,31.490299224853516,0.2,0.012286178,0.0001,17.527586698532104,2680,86.54695043563842,1000.0,1603.912841796875,,
1310,3.125,1953792,5.0,3.0,477,4.0,1491,0.8630203008651733,-0.010694451670860871,0.069384765625,0.09138842672109604,43.91056442260742,0.2,0.0093441,0.0001,17.53425121307373,2685,110.03967037200928,1000.0,1649.0780029296875,,
1311,3.125,1957888,5.0,3.0,478,4.0,1493,0.8678227663040161,-0.01336032358231023,0.109912109375,0.09137316793203354,36.16216278076172,0.2,0.012657723,0.0001,17.540259647369385,2690,95.25928707122803,1000.0,1649.0780029296875,,
1312,3.125,1961984,5.0,3.0,479,3.0,1495,0.8088728785514832,-0.011221019364893437,0.07119140625,0.09136457741260529,64.02012634277344,0.2,0.010764821,0.0001,17.54172463417053,2695,149.80548171997071,1000.0,1642.5738525390625,,
1312,3.125,1966080,5.0,3.0,480,2.5,1497,0.8618347644805908,-0.013486053585074842,0.089599609375,0.09135152399539948,51.8351936340332,0.2,0.01110085,0.0001,17.543503332138062,2700,116.88927249908447,1000.0,1632.411865234375,,
1312,3.25,1970176,6.0,3.0,481,2.5,1501,0.8900907039642334,-0.01169691514223814,0.107568359375,0.09132993966341019,47.875770568847656,0.2,0.013831402,0.0001,17.546896600723265,2705,111.84454803466797,1000.0,1643.6790771484375,,
1313,3.25,1974272,6.0,3.0,482,2.5,1503,0.8869230151176453,-0.013292820536298678,0.12890625,0.09130439162254333,46.17417907714844,0.2,0.0140268365,0.0001,17.552464485168457,2710,102.67155723571777,1000.0,1643.6790771484375,,
1314,3.25,1978368,6.0,3.0,483,3.0,1505,0.7970044612884521,-0.011208238219842315,0.0822265625,0.09128303080797195,63.25835037231445,0.2,0.010666757,0.0001,17.55638599395752,2715,144.36888542175294,1000.0,1646.9873046875,,
1315,3.25,1982464,6.0,3.0,484,3.5,1507,0.8981888294219971,-0.014016671292483806,0.12529296875,0.09128311276435852,35.21498107910156,0.2,0.013399154,0.0001,17.55958080291748,2720,83.13685092926025,1000.0,1637.0291748046875,,
1314,3.125,1986560,7.0,2.5,485,3.5,1511,0.8866853713989258,-0.014588217381970026,0.1314453125,0.09123954176902771,33.682456970214844,0.2,0.013349869,0.0001,17.561371517181396,2725,84.18569850921631,1000.0,1652.4163818359375,,
1315,3.125,1990656,7.0,2.5,486,3.5,1513,0.8682332038879395,-0.014372738666133955,0.15283203125,0.09120192378759384,44.30315399169922,0.2,0.014817736,0.0001,17.572018003463747,2730,93.13512420654297,1000.0,1652.4163818359375,,
1315,3.125,1994752,6.5,2.5,487,4.0,1515,0.8243051767349243,-0.010357193707022816,0.086328125,0.0911763608455658,36.17140197753906,0.2,0.008523101,0.0001,17.57716269493103,2735,90.15925235748291,994.4,1638.020751953125,,
1316,3.125,1998848,6.5,2.5,488,3.5,1518,0.7879679203033447,-0.012644456484122202,0.113818359375,0.09113594889640808,70.0951919555664,0.2,0.0114849005,0.0001,17.584122753143312,2740,115.54845180511475,994.4,1637.3599853515625,,
1295,3.0,2002944,6.5,3.0,489,3.5,1546,0.8579097986221313,-0.012408221780788153,0.113525390625,0.09111480414867401,37.00246810913086,0.2,0.011970145,0.0001,17.590537071228027,2745,89.8244686126709,994.4,1623.1195068359375,2.4095634247591904,250000
1295,3.0,2007040,7.0,3.0,490,3.5,1548,0.8194153308868408,-0.014815947506576777,0.109521484375,0.09111135452985764,54.157386779785156,0.2,0.013381938,0.0001,17.59254093170166,2750,120.90729885101318,994.4,1611.1153564453125,,
1296,3.0,2011136,7.0,3.0,491,2.0,1550,0.7527166604995728,-0.008639922307338566,0.043310546875,0.09110920876264572,62.07183074951172,0.2,0.00862695,0.0001,17.593246078491212,2755,164.0767324447632,994.4,1597.9090576171875,,
1297,3.0,2015232,7.0,3.0,492,2.5,1552,0.7112668752670288,-0.01173753989569377,0.089404296875,0.09108300507068634,53.47652053833008,0.2,0.011105185,0.0001,17.5954176902771,2760,137.3689437866211,994.4,1607.4019775390625,,
1295,3.125,2019328,4.0,2.0,493,2.5,1558,0.7101784944534302,-0.015473964536795393,0.140380859375,0.09106937050819397,58.2077522277832,0.2,0.014976149,0.0001,17.59999022483826,2765,153.92671127319335,994.4,1658.9788818359375,,
1296,3.125,2023424,4.5,2.0,494,2.5,1561,0.8606257438659668,-0.009795991441933438,0.0595703125,0.09105676412582397,69.89997863769531,0.2,0.008759927,0.0001,17.60273790359497,2770,160.99845695495605,994.4,1661.0943603515625,,
1296,3.125,2027520,4.5,2.0,495,2.5,1563,0.9103223085403442,-0.010686403280124069,0.071875,0.09105511009693146,50.89594268798828,0.2,0.0108429,0.0001,17.604165744781493,2775,126.5377140045166,994.4,1684.852294921875,,
1297,3.125,2031616,4.5,2.0,496,2.5,1565,0.9008339047431946,-0.011175157874822617,0.077978515625,0.09106597304344177,58.404884338378906,0.2,0.010941123,0.0001,17.603343439102172,2780,136.775945854187,994.4,1684.852294921875,,
1296,3.625,2035712,4.5,2.5,497,2.5,1569,0.9252438545227051,-0.010864874842809513,0.083642578125,0.0910627469420433,51.55390930175781,0.2,0.010757305,0.0001,17.602072715759277,2785,129.05128078460694,994.4,1695.7548828125,,
1297,3.625,2039808,5.0,2.5,498,2.5,1571,0.748443603515625,-0.01334318901062943,0.0880859375,0.09107045084238052,70.72126770019531,0.2,0.011008479,0.0001,17.602359771728516,2790,176.00850296020508,994.4,1693.74267578125,,
1298,3.625,2043904,5.0,2.5,499,3.5,1574,0.7049452066421509,-0.009050292082247325,0.06064453125,0.09108224511146545,85.93304443359375,0.2,0.010318428,0.0001,17.60005145072937,2795,203.26751976013185,994.4,1686.4119873046875,,
