time/fps,time/iterations,time/total_timesteps,time/time_elapsed,train/std,train/explained_variance,train/value_loss,train/approx_kl,train/loss,train/n_updates,train/clip_range,train/learning_rate,train/clip_fraction,train/policy_gradient_loss,train/entropy_loss,rollout/ep_rew_mean,rollout/ep_len_mean
469,1,2048,4,,,,,,,,,,,,,
534,2,4096,7,0.1500701755285263,0.805892825126648,245.0653564453125,0.038642045,101.9554443359375,5,0.2,0.0003,0.379296875,-0.00020334844011813403,8.602801942825318,,
560,3,6144,10,0.15009726583957672,0.8473669290542603,188.8586570739746,0.020524703,94.25779724121094,10,0.2,0.0003,0.310546875,-0.004944002605043352,8.596703481674194,,
525,4,8192,15,0.1501236855983734,0.8406900763511658,222.3575424194336,0.03058878,104.61643981933594,15,0.2,0.0003,0.30087890625,-0.004536617756821215,8.594655275344849,1114.0399169921875,1000.0
541,5,10240,18,0.15019915997982025,0.8609378337860107,203.44323043823243,0.033193067,98.45423126220703,20,0.2,0.0003,0.37158203125,-0.0036610852694138885,8.58944320678711,1114.0399169921875,1000.0
531,6,12288,23,0.1502390056848526,0.9197732210159302,74.4659049987793,0.037343074,33.748172760009766,25,0.2,0.0003,0.361328125,-0.006713139940984547,8.57936758995056,1114.0399169921875,1000.0
513,7,14336,27,0.14998187124729156,0.9315556883811951,62.37690353393555,0.040838137,31.215160369873047,30,0.2,0.0003,0.41064453125,-0.0037937860004603864,8.592657995223998,1114.0399169921875,1000.0
493,8,16384,33,0.14995452761650085,0.9471166133880615,47.06687145233154,0.029707182,24.33091163635254,35,0.2,0.0003,0.37841796875,-0.0030110734165646135,8.614801740646362,1362.966796875,1000.0
503,9,18432,36,0.14991459250450134,0.9205121994018555,67.93670883178712,0.030153183,33.908267974853516,40,0.2,0.0003,0.3171875,-0.009687745245173573,8.614129018783569,1362.966796875,1000.0
512,10,20480,39,0.14984169602394104,0.9079594016075134,95.8053810119629,0.022352774,48.6068000793457,45,0.2,0.0003,0.2779296875,-0.004482218902558089,8.622928953170776,1362.966796875,1000.0
517,11,22528,43,0.14984887838363647,0.9284586906433105,72.13468055725097,0.023619404,34.14675521850586,50,0.2,0.0003,0.3001953125,-0.01081145224161446,8.627155780792236,1362.966796875,1000.0
509,12,24576,48,0.14997263252735138,0.9129031896591187,89.24462356567383,0.022012357,46.41377258300781,55,0.2,0.0003,0.3083984375,-0.007798529416322708,8.620559644699096,1426.29248046875,1000.0
513,13,26624,51,0.15000493824481964,0.8945571780204773,119.1933479309082,0.017898928,56.19221115112305,60,0.2,0.0003,0.25791015625,-0.012224955949932337,8.607998275756836,1426.29248046875,1000.0
516,14,28672,55,0.14994388818740845,0.8253711462020874,246.73164443969728,0.023932777,113.36962890625,65,0.2,0.0003,0.24150390625,-0.0037498575926292687,8.61064953804016,1426.29248046875,1000.0
520,15,30720,58,0.14992289245128632,0.8188905119895935,270.4165954589844,0.028177265,129.47061157226562,70,0.2,0.0003,0.29248046875,0.0055388071108609434,8.617009925842286,1426.29248046875,1000.0
514,16,32768,63,0.1498795449733734,0.829216718673706,226.21628494262694,0.020494608,122.6082763671875,75,0.2,0.0003,0.20888671875,-0.008149420411791652,8.618821477890014,1327.05419921875,1000.0
518,17,34816,67,0.14977328479290009,0.8621886372566223,146.38218841552734,0.027099242,73.66008758544922,80,0.2,0.0003,0.31982421875,-0.01219035048270598,8.628550291061401,1327.05419921875,1000.0
522,18,36864,70,0.1497071534395218,0.9529520273208618,54.23902549743652,0.039406337,22.066940307617188,85,0.2,0.0003,0.3859375,0.010809279978275299,8.640066337585449,1327.05419921875,1000.0
525,19,38912,73,0.14959979057312012,0.9451135993003845,51.86631107330322,0.04377594,23.38996124267578,90,0.2,0.0003,0.34287109375,0.00344904949888587,8.648428201675415,1327.05419921875,1000.0
519,20,40960,78,0.1496490240097046,0.9542267918586731,45.469930458068845,0.082121454,20.5140323638916,95,0.2,0.0003,0.46884765625,0.029386461642570794,8.656163787841797,1398.4149169921875,1000.0
523,21,43008,82,0.14968770742416382,0.853425145149231,103.07579154968262,0.071802996,53.412696838378906,100,0.2,0.0003,0.4583984375,0.013913431740365922,8.648303031921387,1398.4149169921875,1000.0
526,22,45056,85,0.14969390630722046,0.7566704750061035,141.259513092041,0.02191801,76.70027923583984,105,0.2,0.0003,0.3935546875,-0.004285266192164272,8.64464774131775,1398.4149169921875,1000.0
528,23,47104,89,0.14966396987438202,0.7845674157142639,123.28011283874511,0.026603347,59.23916244506836,110,0.2,0.0003,0.32265625,-0.011199072608724237,8.647237968444824,1398.4149169921875,1000.0
525,24,49152,93,0.14966392517089844,0.8049431443214417,107.78554420471191,0.034771334,48.77635192871094,115,0.2,0.0003,0.33115234375,-0.010250583989545703,8.649045705795288,1420.1611328125,1000.0
526,25,51200,97,0.1497027724981308,0.7827738523483276,164.8078742980957,0.02917486,82.78912353515625,120,0.2,0.0003,0.34755859375,-0.007601083233021199,8.64727463722229,1420.1611328125,1000.0
527,26,53248,101,0.1498238444328308,0.8200663924217224,124.71455612182618,0.024685707,60.73476028442383,125,0.2,0.0003,0.319921875,-0.008936540177091955,8.638316297531128,1420.1611328125,1000.0
528,27,55296,104,0.1498754322528839,0.8016805052757263,125.40343475341797,0.03144971,58.412139892578125,130,0.2,0.0003,0.36142578125,-0.0011258022277615964,8.627313280105591,1420.1611328125,1000.0
524,28,57344,109,0.1499878317117691,0.8051903247833252,118.19462432861329,0.047007006,60.638450622558594,135,0.2,0.0003,0.43583984375,0.004613237059675157,8.61695442199707,1413.4459228515625,1000.0
526,29,59392,112,0.15012295544147491,0.8168417811393738,101.88409309387207,0.027211243,51.16978073120117,140,0.2,0.0003,0.3544921875,-0.0037927636643871666,8.602294731140137,1413.4459228515625,1000.0
528,30,61440,116,0.15014085173606873,0.8607741594314575,73.34785823822021,0.02688393,31.327701568603516,145,0.2,0.0003,0.3384765625,-0.006455596745945513,8.591469049453735,1413.4459228515625,1000.0
530,31,63488,119,0.15017035603523254,0.8884657025337219,66.53626518249511,0.040745825,32.32743453979492,150,0.2,0.0003,0.38681640625,-0.0072055731667205695,8.59186143875122,1413.4459228515625,1000.0
528,32,65536,124,0.15014034509658813,0.9142628312110901,56.2251953125,0.03375394,24.161623001098633,155,0.2,0.0003,0.36083984375,-0.0065702176187187435,8.58821725845337,1407.865966796875,1000.0
530,33,67584,127,0.1501564383506775,0.9493265748023987,59.35959663391113,0.033934645,27.05449676513672,160,0.2,0.0003,0.3814453125,-0.0022605821548495443,8.593149518966674,1407.865966796875,1000.0
531,34,69632,130,0.15016229450702667,0.9736111164093018,31.29852466583252,0.026963336,14.389540672302246,165,0.2,0.0003,0.288671875,-0.0048521827207878235,8.588539552688598,1407.865966796875,1000.0
533,35,71680,134,0.15009059011936188,0.9703357815742493,35.52891902923584,0.024761321,15.803990364074707,170,0.2,0.0003,0.27314453125,-0.014016629802063108,8.593170976638794,1407.865966796875,1000.0
530,36,73728,138,0.15003100037574768,0.9789842963218689,26.214319705963135,0.023899175,11.591632843017578,175,0.2,0.0003,0.33662109375,-0.004562826917390339,8.601809549331666,1440.390869140625,1000.0
532,37,75776,142,0.14999346435070038,0.8799822330474854,51.193580627441406,0.024230931,24.466957092285156,180,0.2,0.0003,0.3125,-0.012238561641424894,8.609260082244873,1440.390869140625,1000.0
534,38,77824,145,0.15003380179405212,0.8124798536300659,41.22432594299316,0.022278052,20.362096786499023,185,0.2,0.0003,0.29404296875,-0.00817691646516323,8.607996845245362,1440.390869140625,1000.0
535,39,79872,149,0.14992111921310425,0.8485682010650635,27.138684368133546,0.028416086,13.212187767028809,190,0.2,0.0003,0.30810546875,-0.005652456462848931,8.61068935394287,1440.390869140625,1000.0
533,40,81920,153,0.14978356659412384,0.8689643740653992,27.875949096679687,0.02643827,14.259689331054688,195,0.2,0.0003,0.31328125,-0.0051480400026775895,8.626513195037841,1488.073974609375,1000.0
534,41,83968,157,0.1498381495475769,0.9453192353248596,37.66821451187134,0.023733385,16.9476261138916,200,0.2,0.0003,0.28603515625,-0.007642230135388672,8.635320091247559,1488.073974609375,1000.0
534,42,86016,160,0.14990878105163574,0.965212881565094,22.020531845092773,0.038938165,9.764850616455078,205,0.2,0.0003,0.3724609375,0.001572065381333232,8.622906398773193,1488.073974609375,1000.0
528,43,88064,166,0.14980873465538025,0.969700813293457,19.603862953186034,0.033161923,8.971635818481445,210,0.2,0.0003,0.38154296875,0.0020198181504383684,8.62521939277649,1507.2208251953125,1000.0
529,44,90112,170,0.1496814340353012,0.9542944431304932,23.728631687164306,0.03977463,11.30424976348877,215,0.2,0.0003,0.3353515625,-0.00795309201348573,8.639605140686035,1507.2208251953125,1000.0
530,45,92160,173,0.14955788850784302,0.9001300930976868,51.247982025146484,0.020373836,24.531322479248047,220,0.2,0.0003,0.30751953125,-0.008598779351450503,8.655228567123412,1507.2208251953125,1000.0
530,46,94208,177,0.14949458837509155,0.95354163646698,22.761704921722412,0.02900068,10.763798713684082,225,0.2,0.0003,0.30498046875,-0.009415163181256504,8.668573713302612,1507.2208251953125,1000.0
528,47,96256,182,0.14938870072364807,0.9573542475700378,22.555771160125733,0.055580165,10.52334213256836,230,0.2,0.0003,0.38369140625,-0.0027548842364922164,8.677668476104737,1527.2030029296875,1000.0
529,48,98304,185,0.14929179847240448,0.9429918527603149,35.93431396484375,0.03265812,18.26389503479004,235,0.2,0.0003,0.35068359375,-0.0053858338040299715,8.690451526641846,1527.2030029296875,1000.0
530,49,100352,188,0.14927847683429718,0.9636421203613281,23.204362297058104,0.029703591,9.69188404083252,240,0.2,0.0003,0.2962890625,-0.004982125991955399,8.697747993469239,1527.2030029296875,1000.0
531,50,102400,192,0.149198517203331,0.9666501879692078,20.330384349823,0.025038272,9.583395957946777,245,0.2,0.0003,0.310546875,-0.00740036980714649,8.701099824905395,1527.2030029296875,1000.0
527,51,104448,198,0.1491921842098236,0.9613214135169983,22.081546974182128,0.019338287,10.38090705871582,250,0.2,0.0003,0.28544921875,-0.0024969262070953847,8.709585666656494,1539.221923828125,1000.0
528,52,106496,201,0.14921800792217255,0.8992908000946045,61.7923583984375,0.024518996,28.41193199157715,255,0.2,0.0003,0.35791015625,-0.0038749096449464558,8.707338285446166,1539.221923828125,1000.0
529,53,108544,204,0.14923147857189178,0.8237403631210327,183.2864097595215,0.024039833,81.6586685180664,260,0.2,0.0003,0.2423828125,-0.00524251681054011,8.704671669006348,1539.221923828125,1000.0
530,54,110592,208,0.14922982454299927,0.8554831147193909,160.80569915771486,0.021651927,73.7265853881836,265,0.2,0.0003,0.13427734375,-0.008563842112198471,8.704170942306519,1539.221923828125,1000.0
528,55,112640,213,0.14920192956924438,0.8220414519309998,205.71585922241212,0.016054248,101.6662826538086,270,0.2,0.0003,0.1271484375,-0.008735313476063312,8.705265951156616,1538.0150146484375,1000.0
529,56,114688,216,0.14913460612297058,0.8354387283325195,156.7949203491211,0.016693037,72.220458984375,275,0.2,0.0003,0.21904296875,-0.013695159973576666,8.711697244644165,1538.0150146484375,1000.0
530,57,116736,219,0.14913694560527802,0.9637236595153809,30.30167188644409,0.02228972,10.296006202697754,280,0.2,0.0003,0.19208984375,-0.009026937582530082,8.716824865341186,1538.0150146484375,1000.0
531,58,118784,223,0.14915229380130768,0.9547256231307983,34.82589845657348,0.039483026,15.20312213897705,285,0.2,0.0003,0.3080078125,0.00048022710252553223,8.714776372909546,1538.0150146484375,1000.0
527,59,120832,228,0.14913524687290192,0.9564300775527954,33.230422496795654,0.02077907,12.671927452087402,290,0.2,0.0003,0.312890625,-0.0027803787495940925,8.714342021942139,1555.0189208984375,1000.0
528,60,122880,232,0.1490871161222458,0.9506921172142029,34.613111686706546,0.020481687,15.130777359008789,295,0.2,0.0003,0.27109375,-0.010812425636686385,8.718392753601075,1555.0189208984375,1000.0
528,61,124928,236,0.14904427528381348,0.9629984498023987,27.309627723693847,0.020088252,13.836822509765625,300,0.2,0.0003,0.263671875,-0.010357242194004357,8.724872016906739,1555.0189208984375,1000.0
528,62,126976,240,0.14894628524780273,0.9678584337234497,25.139805030822753,0.025190141,13.144715309143066,305,0.2,0.0003,0.3177734375,-0.01114916626829654,8.730626249313355,1555.0189208984375,1000.0
527,63,129024,244,0.14881640672683716,0.9732090830802917,21.230533027648924,0.028652322,9.852411270141602,310,0.2,0.0003,0.31943359375,-0.0031051332363858817,8.74633469581604,1588.369873046875,1000.0
527,64,131072,248,0.1487017273902893,0.9534224271774292,44.373413467407225,0.022534283,21.974885940551758,315,0.2,0.0003,0.3015625,-0.013839525962248444,8.761134004592895,1588.369873046875,1000.0
528,65,133120,251,0.14873802661895752,0.9707926511764526,23.216152477264405,0.02775127,10.83387565612793,320,0.2,0.0003,0.333203125,-0.013148606871254742,8.767994070053101,1588.369873046875,1000.0
529,66,135168,255,0.14878350496292114,0.9683806896209717,26.377908802032472,0.023308814,11.379570960998535,325,0.2,0.0003,0.28076171875,-0.011867774371057748,8.76139760017395,1588.369873046875,1000.0
526,67,137216,260,0.148748978972435,0.9719840288162231,23.252445793151857,0.03508904,11.420636177062988,330,0.2,0.0003,0.42138671875,0.0012066543335095049,8.760103893280029,1610.5574951171875,1000.0
527,68,139264,264,0.148756206035614,0.950821042060852,42.482544136047366,0.03349722,18.379493713378906,335,0.2,0.0003,0.40537109375,-0.007318752957507968,8.762776803970336,1610.5574951171875,1000.0
527,69,141312,267,0.14871571958065033,0.9473263025283813,21.70866632461548,0.03500554,9.219765663146973,340,0.2,0.0003,0.34833984375,-0.01155080650933087,8.763343954086304,1610.5574951171875,1000.0
528,70,143360,271,0.14869748055934906,0.9516974091529846,20.658182048797606,0.028263884,10.895289421081543,345,0.2,0.0003,0.31484375,-0.007047471636906266,8.76831340789795,1610.5574951171875,1000.0
526,71,145408,276,0.14866012334823608,0.9626738429069519,16.258101511001588,0.036179185,7.965602397918701,350,0.2,0.0003,0.3435546875,-0.008375896606594324,8.77082724571228,1581.14111328125,1000.0
527,72,147456,279,0.1485833078622818,0.9097278714179993,39.77766780853271,0.030946665,18.121337890625,355,0.2,0.0003,0.4328125,-0.004447061708196998,8.776697731018066,1581.14111328125,1000.0
528,73,149504,283,0.14861947298049927,0.9169617295265198,34.07993125915527,0.04014443,17.22886848449707,360,0.2,0.0003,0.3435546875,-0.012597235315479339,8.781092405319214,1581.14111328125,1000.0
528,74,151552,286,0.14865610003471375,0.9209230542182922,34.95255241394043,0.032048758,16.072813034057617,365,0.2,0.0003,0.35556640625,-0.003931278578238562,8.773605823516846,1581.14111328125,1000.0
527,75,153600,291,0.14866293966770172,0.9215619564056396,31.07041730880737,0.027936675,16.480388641357422,370,0.2,0.0003,0.34912109375,-0.010721890488639474,8.772195625305176,1611.2606201171875,1000.0
527,76,155648,295,0.1485251784324646,0.8815163969993591,42.752631950378415,0.023873454,20.840248107910156,375,0.2,0.0003,0.26533203125,-0.009957744053099304,8.777296161651611,1611.2606201171875,1000.0
527,77,157696,298,0.1484392285346985,0.9450829029083252,21.236871814727785,0.02665549,9.766645431518555,380,0.2,0.0003,0.330859375,-0.010365820792503654,8.794411087036133,1611.2606201171875,1000.0
528,78,159744,302,0.14839071035385132,0.9174941182136536,28.218923377990723,0.038665533,12.74084758758545,385,0.2,0.0003,0.42119140625,-0.007721362565644085,8.801464700698853,1611.2606201171875,1000.0
526,79,161792,307,0.14813990890979767,0.9183135032653809,27.932698726654053,0.030943261,14.246976852416992,390,0.2,0.0003,0.325390625,-0.00726973379496485,8.8169846534729,1609.122314453125,1000.0
527,80,163840,310,0.14813955128192902,0.5203888416290283,87.72678565979004,0.029680032,35.758148193359375,395,0.2,0.0003,0.32958984375,-0.007241378864273429,8.839835071563721,1609.122314453125,1000.0
527,81,165888,314,0.14822077751159668,0.04247164726257324,119.37356681823731,0.028543305,58.83034133911133,400,0.2,0.0003,0.3435546875,-0.008441393892280758,8.829746007919312,1609.122314453125,1000.0
528,82,167936,318,0.14819768071174622,-0.0005871057510375977,98.3584701538086,0.034441143,52.06957244873047,405,0.2,0.0003,0.333984375,-0.008584967744536699,8.826347208023071,1609.122314453125,1000.0
526,83,169984,322,0.1482010781764984,-0.23170125484466553,131.86655464172364,0.04779805,56.59251022338867,410,0.2,0.0003,0.41328125,-0.0064345627091825005,8.830377912521362,1651.05224609375,1000.0
526,84,172032,326,0.14820289611816406,0.7884629368782043,39.69549961090088,0.04513289,18.385854721069336,415,0.2,0.0003,0.50849609375,0.035362359590362755,8.828077459335328,1651.05224609375,1000.0
527,85,174080,330,0.1481555849313736,0.8833716511726379,28.327186107635498,0.024195172,9.639387130737305,420,0.2,0.0003,0.27158203125,-0.01436592695536092,8.83152470588684,1651.05224609375,1000.0
525,86,176128,334,0.1480390578508377,0.8781194090843201,41.849287033081055,0.032126702,17.786291122436523,425,0.2,0.0003,0.34794921875,-0.00014171211514621974,8.839515876770019,1634.729736328125,1000.0
526,87,178176,338,0.14783886075019836,0.904365062713623,42.22592067718506,0.01939188,19.32802963256836,430,0.2,0.0003,0.295703125,-0.009990463615395129,8.859976243972778,1634.729736328125,1000.0
526,88,180224,342,0.14770929515361786,0.8805547952651978,29.95804433822632,0.023294663,15.384708404541016,435,0.2,0.0003,0.30615234375,-0.012816416146233679,8.882247686386108,1634.729736328125,1000.0
526,89,182272,346,0.14766176044940948,0.8891497850418091,29.956996631622314,0.033607498,15.083873748779297,440,0.2,0.0003,0.30390625,-0.008821705612353981,8.893154191970826,1634.729736328125,1000.0
524,90,184320,351,0.14762333035469055,0.8923815488815308,34.194890308380124,0.032049768,16.158916473388672,445,0.2,0.0003,0.3640625,-0.0007399809546768665,8.897648239135743,1629.4183349609375,1000.0
525,91,186368,354,0.14756999909877777,0.8775126934051514,41.913059616088866,0.024697606,22.063257217407227,450,0.2,0.0003,0.28857421875,-0.009018527064472436,8.902380180358886,1629.4183349609375,1000.0
525,92,188416,358,0.1474798321723938,0.642440676689148,94.67635002136231,0.019930298,43.279884338378906,455,0.2,0.0003,0.25654296875,-0.012884798657614738,8.911787414550782,1629.4183349609375,1000.0
525,93,190464,362,0.1474056988954544,0.6809119582176208,82.18594932556152,0.018640809,39.850101470947266,460,0.2,0.0003,0.24541015625,-0.014709405391477049,8.922550582885743,1629.4183349609375,1000.0
524,94,192512,367,0.14743365347385406,0.7015773057937622,80.51532707214355,0.018910745,40.51762771606445,465,0.2,0.0003,0.3017578125,-0.014719063136726617,8.92673201560974,1606.7628173828125,1000.0
524,95,194560,370,0.1474333107471466,0.6353738903999329,89.18704185485839,0.031369347,42.428138732910156,470,0.2,0.0003,0.3001953125,-0.013120396097656339,8.922905015945435,1606.7628173828125,1000.0
524,96,196608,374,0.1475033015012741,0.6970186233520508,76.21037788391114,0.027250215,36.280616760253906,475,0.2,0.0003,0.33779296875,-0.010622057574801147,8.920112419128419,1606.7628173828125,1000.0
525,97,198656,378,0.14746679365634918,0.706439197063446,65.71567497253417,0.051534586,34.208465576171875,480,0.2,0.0003,0.3689453125,-0.007801107503473759,8.915472221374511,1606.7628173828125,1000.0
524,98,200704,382,0.14748279750347137,0.7275787591934204,44.87120037078857,0.04233124,19.50433349609375,485,0.2,0.0003,0.401171875,0.008839309262111784,8.920366096496583,1616.6785888671875,1000.0
524,99,202752,386,0.14744631946086884,0.5800308585166931,84.97146987915039,0.029616173,34.701480865478516,490,0.2,0.0003,0.33056640625,-0.007578854798339307,8.918039321899414,1616.6785888671875,1000.0
524,100,204800,390,0.14742092788219452,0.6654862761497498,80.55446357727051,0.055276275,38.52689743041992,495,0.2,0.0003,0.361328125,-0.006900602858513594,8.924428033828736,1616.6785888671875,1000.0
524,101,206848,394,0.14752942323684692,0.6570191383361816,68.55581550598144,0.078756064,31.34442901611328,500,0.2,0.0003,0.48037109375,0.005716391513124109,8.920857191085815,1616.6785888671875,1000.0
522,102,208896,399,0.1477527618408203,0.5877575278282166,78.09346466064453,0.035903238,37.04476547241211,505,0.2,0.0003,0.46171875,0.005990723229479045,8.90016803741455,1633.384033203125,1000.0
522,103,210944,403,0.14782416820526123,0.6465694308280945,92.70511512756347,0.034838807,42.95061492919922,510,0.2,0.0003,0.4494140625,0.019717352162115277,8.87771897315979,1633.384033203125,1000.0
522,104,212992,407,0.14779441058635712,0.7397909760475159,114.85828170776367,0.023074482,49.25284194946289,515,0.2,0.0003,0.25556640625,-0.0044893072685226795,8.878640460968018,1633.384033203125,1000.0
521,105,215040,412,0.14778931438922882,0.7942929267883301,108.89004211425781,0.021067508,53.6793212890625,520,0.2,0.0003,0.20732421875,-0.014143992471508682,8.880939531326295,1633.384033203125,1000.0
520,106,217088,417,0.14787986874580383,0.8747608065605164,73.8707139968872,0.022768144,31.751266479492188,525,0.2,0.0003,0.17236328125,-0.006748441723175347,8.877420377731323,1616.6363525390625,1000.0
519,107,219136,421,0.14792919158935547,0.8980323672294617,54.456241035461424,0.02529131,27.54498291015625,530,0.2,0.0003,0.32265625,-0.011345580662600696,8.865611600875855,1616.6363525390625,1000.0
519,108,221184,426,0.14788931608200073,0.9149198532104492,35.650608444213866,0.025651135,13.53396987915039,535,0.2,0.0003,0.21748046875,-0.004292710940353573,8.86541690826416,1616.6363525390625,1000.0
518,109,223232,430,0.1478876918554306,0.8970593214035034,42.344964599609376,0.025936553,17.512144088745117,540,0.2,0.0003,0.24345703125,-0.0062503841472789645,8.869601345062256,1616.6363525390625,1000.0
516,110,225280,435,0.1479167491197586,0.913251519203186,39.879373931884764,0.01801233,17.422842025756836,545,0.2,0.0003,0.22763671875,-0.004221614915877581,8.866771411895751,1642.19189453125,1000.0
516,111,227328,440,0.14795053005218506,0.9252744913101196,33.678317356109616,0.025877168,15.191216468811035,550,0.2,0.0003,0.24423828125,-0.007944534678244963,8.863406896591187,1642.19189453125,1000.0
516,112,229376,444,0.14798729121685028,0.939673900604248,36.182656383514406,0.03222763,14.774388313293457,555,0.2,0.0003,0.3453125,0.007672384288161993,8.859525537490844,1642.19189453125,1000.0
515,113,231424,448,0.14798124134540558,0.9434490203857422,35.08766012191772,0.030420763,13.428421020507812,560,0.2,0.0003,0.2408203125,-0.006131986295804382,8.85549955368042,1642.19189453125,1000.0
512,114,233472,455,0.1479053795337677,0.9485235810279846,23.20082559585571,0.021386812,8.915167808532715,565,0.2,0.0003,0.1779296875,-0.007704490190371871,8.860998153686523,1658.8343505859375,1000.0
510,115,235520,461,0.14781764149665833,0.7692536115646362,53.74170207977295,0.031564645,23.16187858581543,570,0.2,0.0003,0.3544921875,-0.004930981225334108,8.872285604476929,1658.8343505859375,1000.0
509,116,237568,466,0.1479043960571289,0.7415448427200317,37.963755226135255,0.03528595,17.770160675048828,575,0.2,0.0003,0.345703125,-0.009442891413345932,8.873584365844726,1658.8343505859375,1000.0
508,117,239616,471,0.1479087471961975,0.7207714915275574,56.51878070831299,0.031431414,26.258262634277344,580,0.2,0.0003,0.34716796875,-0.01200382059905678,8.865128326416016,1658.8343505859375,1000.0
507,118,241664,476,0.1478288322687149,0.8183512091636658,35.67845602035523,0.025156874,18.6389102935791,585,0.2,0.0003,0.34921875,-0.01397430234355852,8.871346235275269,1674.219970703125,1000.0
506,119,243712,480,0.14776305854320526,0.9455412030220032,29.3993558883667,0.050717816,14.485759735107422,590,0.2,0.0003,0.35322265625,-0.005767929274588824,8.880597829818726,1674.219970703125,1000.0
506,120,245760,484,0.14766886830329895,0.9738974571228027,20.52438888549805,0.042837642,8.511151313781738,595,0.2,0.0003,0.3630859375,0.00118402645457536,8.888719081878662,1674.219970703125,1000.0
506,121,247808,489,0.14755909144878387,0.971725583076477,19.63595676422119,0.028344402,8.442530632019043,600,0.2,0.0003,0.32275390625,-0.00022938735783100127,8.90218119621277,1674.219970703125,1000.0
504,122,249856,495,0.1475258618593216,0.9689321517944336,23.374445533752443,0.021016909,10.442469596862793,605,0.2,0.0003,0.26875,-0.01564583801664412,8.912189292907716,1703.86572265625,1000.0
504,123,251904,499,0.14755770564079285,0.9281461238861084,47.96190280914307,0.02883628,23.122209548950195,610,0.2,0.0003,0.27724609375,-0.0030393670895136893,8.911805868148804,1703.86572265625,1000.0
504,124,253952,503,0.14753836393356323,0.9497497081756592,28.23335313796997,0.021407818,12.296649932861328,615,0.2,0.0003,0.23876953125,-0.008845197828486561,8.90978455543518,1703.86572265625,1000.0
503,125,256000,507,0.14754287898540497,0.9501010179519653,27.801832675933838,0.016970145,14.19808578491211,620,0.2,0.0003,0.23017578125,-0.011129075684584678,8.913046312332153,1707.71875,1000.0
504,126,258048,511,0.14751122891902924,0.941344678401947,35.97617721557617,0.021902416,16.32488250732422,625,0.2,0.0003,0.26640625,-0.005524919554591179,8.911592960357666,1707.71875,1000.0
504,127,260096,515,0.14747098088264465,0.9421479105949402,35.146180152893066,0.018339798,17.51593589782715,630,0.2,0.0003,0.2708984375,-0.014990654960274696,8.917576694488526,1707.71875,1000.0
504,128,262144,519,0.14734770357608795,0.9681906700134277,19.18664264678955,0.025592376,8.861258506774902,635,0.2,0.0003,0.309375,-0.012713900487869977,8.92644624710083,1707.71875,1000.0
504,129,264192,524,0.14721089601516724,0.9516534209251404,27.93319902420044,0.024443533,13.025834083557129,640,0.2,0.0003,0.3013671875,-0.011961534805595874,8.943529224395752,1706.190673828125,1000.0
504,130,266240,527,0.14713190495967865,0.9543455243110657,26.931377410888672,0.03246357,13.179360389709473,645,0.2,0.0003,0.3103515625,-0.01263319494901225,8.957245540618896,1706.190673828125,1000.0
504,131,268288,531,0.14712190628051758,0.9468913674354553,34.685464191436765,0.03168356,15.285409927368164,650,0.2,0.0003,0.41396484375,0.016280803666450083,8.96275029182434,1706.190673828125,1000.0
504,132,270336,535,0.14705920219421387,0.9559416770935059,28.907850646972655,0.020435933,14.865028381347656,655,0.2,0.0003,0.29912109375,-0.0047575235832482575,8.965277099609375,1706.190673828125,1000.0
502,133,272384,541,0.14695315062999725,0.9570901393890381,29.45889883041382,0.022742331,12.35810375213623,660,0.2,0.0003,0.3017578125,-0.014188628015108406,8.976329326629639,1696.487060546875,1000.0
503,134,274432,545,0.14687497913837433,0.9543831944465637,40.491784286499026,0.02397637,19.62038803100586,665,0.2,0.0003,0.2783203125,-0.0024492568802088497,8.990004682540894,1696.487060546875,1000.0
503,135,276480,549,0.1468510925769806,0.9676992297172546,30.201061153411864,0.021101085,13.148150444030762,670,0.2,0.0003,0.2640625,-0.014881009655073284,8.994951057434083,1696.487060546875,1000.0
503,136,278528,553,0.14685779809951782,0.9702674746513367,29.53193426132202,0.021539863,13.62126350402832,675,0.2,0.0003,0.2841796875,-0.01555400739889592,8.997230100631715,1696.487060546875,1000.0
502,137,280576,558,0.14683811366558075,0.9724838733673096,32.252737808227536,0.015706109,12.957032203674316,680,0.2,0.0003,0.24091796875,-0.01047205540817231,8.997008657455444,1697.69287109375,1000.0
502,138,282624,562,0.14686673879623413,0.9602079391479492,52.004241371154784,0.01905967,26.969379425048828,685,0.2,0.0003,0.23212890625,-0.014903063327074051,8.998050212860107,1697.69287109375,1000.0
503,139,284672,565,0.14686059951782227,0.9803226590156555,24.147620105743407,0.01871541,10.863115310668945,690,0.2,0.0003,0.2111328125,-0.013158623152412475,8.995364952087403,1697.69287109375,1000.0
503,140,286720,569,0.1468208283185959,0.964168131351471,31.067719554901124,0.027012624,14.167201042175293,695,0.2,0.0003,0.2068359375,-0.006331348815001548,8.998787641525269,1697.69287109375,1000.0
502,141,288768,574,0.14685390889644623,0.967469334602356,27.935827445983886,0.015725989,13.90349292755127,700,0.2,0.0003,0.29599609375,0.0013648257590830326,9.001819944381714,1731.2822265625,1000.0
502,142,290816,578,0.146821528673172,0.9541146159172058,27.92617721557617,0.02293685,12.335126876831055,705,0.2,0.0003,0.2498046875,-0.014190009376034141,8.997942352294922,1731.2822265625,1000.0
501,143,292864,583,0.14672625064849854,0.870807409286499,28.056097793579102,0.032430317,13.574047088623047,710,0.2,0.0003,0.37138671875,-0.0014169605216011404,9.007536458969117,1731.2822265625,1000.0
501,144,294912,588,0.1466739922761917,0.9122893214225769,20.69347925186157,0.02330038,9.704231262207031,715,0.2,0.0003,0.261328125,-0.010324944509193301,9.017306280136108,1731.2822265625,1000.0
499,145,296960,593,0.14666226506233215,0.9246704578399658,18.0661283493042,0.025528451,9.01569938659668,720,0.2,0.0003,0.3201171875,-0.008376477076672018,9.020976305007935,1746.917236328125,1000.0
499,146,299008,598,0.1466599851846695,0.6130728125572205,149.77000198364257,0.02784539,64.89916229248047,725,0.2,0.0003,0.296484375,-0.006770354695618153,9.021732091903687,1746.917236328125,1000.0
499,147,301056,602,0.1466788798570633,0.47475510835647583,231.22950897216796,0.019326836,94.96476745605469,730,0.2,0.0003,0.18583984375,-0.011669454700313508,9.020737314224244,1746.917236328125,1000.0
499,148,303104,607,0.14669209718704224,0.349040150642395,238.35159454345703,0.018593203,118.43711853027344,735,0.2,0.0003,0.1587890625,-0.011827649478800596,9.0180100440979,1746.917236328125,1000.0
497,149,305152,613,0.1465987265110016,0.25325024127960205,221.7659812927246,0.019226674,101.47207641601562,740,0.2,0.0003,0.198046875,-0.016103817895054818,9.021729278564454,1723.3533935546875,1000.0
497,150,307200,617,0.14648999273777008,0.5853792428970337,129.80239219665526,0.03144118,63.89638137817383,745,0.2,0.0003,0.2970703125,-0.018589816469466315,9.035450839996338,1723.3533935546875,1000.0
496,151,309248,622,0.1463240683078766,0.8780449628829956,40.52403688430786,0.02854238,14.094268798828125,750,0.2,0.0003,0.2888671875,-0.012794588319957256,9.050994539260865,1723.3533935546875,1000.0
496,152,311296,627,0.1461765319108963,0.8997212052345276,43.201480293273924,0.032707028,18.69540786743164,755,0.2,0.0003,0.33916015625,-0.007856274000369012,9.072641372680664,1723.3533935546875,1000.0
495,153,313344,632,0.14608682692050934,0.9406937956809998,29.00125207901001,0.01742069,12.160421371459961,760,0.2,0.0003,0.27158203125,-0.006640786590287462,9.086673212051391,1750.5206298828125,1000.0
494,154,315392,637,0.14607305824756622,0.9117613434791565,31.499916744232177,0.037667282,13.244256973266602,765,0.2,0.0003,0.4185546875,-0.002209880098234862,9.092328596115113,1750.5206298828125,1000.0
494,155,317440,641,0.14599785208702087,0.8694950342178345,29.78987407684326,0.022692347,14.760947227478027,770,0.2,0.0003,0.27880859375,-0.012935590313281864,9.096642780303956,1750.5206298828125,1000.0
494,156,319488,646,0.1458747386932373,0.8909867405891418,23.22681255340576,0.037686862,10.906208038330078,775,0.2,0.0003,0.3568359375,-0.0073681461159139875,9.10912013053894,1750.5206298828125,1000.0
493,157,321536,652,0.1457727551460266,0.9158343076705933,19.407173252105714,0.037561145,9.176414489746094,780,0.2,0.0003,0.382421875,-0.00803625425323844,9.125237035751343,1775.3089599609375,1000.0
492,158,323584,656,0.1457207202911377,0.9319342374801636,39.050374794006345,0.026515864,17.698543548583984,785,0.2,0.0003,0.3193359375,-0.006316940463148057,9.133557891845703,1775.3089599609375,1000.0
492,159,325632,660,0.14564864337444305,0.9630987048149109,26.136701107025146,0.0251627,10.815673828125,790,0.2,0.0003,0.24970703125,-0.010819281067233533,9.140257978439331,1775.3089599609375,1000.0
492,160,327680,665,0.14561690390110016,0.9707207679748535,22.28728380203247,0.03202147,11.282364845275879,795,0.2,0.0003,0.34453125,-0.013217239268124103,9.148360919952392,1775.3089599609375,1000.0
491,161,329728,671,0.14550358057022095,0.9729254245758057,21.986795902252197,0.028169371,8.964604377746582,800,0.2,0.0003,0.2849609375,-0.010829064040444791,9.154858350753784,1761.78466796875,1000.0
491,162,331776,675,0.14529389142990112,0.8717494010925293,47.09980697631836,0.025899291,22.481300354003906,805,0.2,0.0003,0.3146484375,-0.018012166197877377,9.176000499725342,1761.78466796875,1000.0
490,163,333824,680,0.14526963233947754,0.8865074515342712,28.6188157081604,0.034963865,14.334477424621582,810,0.2,0.0003,0.37802734375,-0.008151663816533983,9.193594169616699,1761.78466796875,1000.0
490,164,335872,684,0.14532144367694855,0.9252153635025024,21.041650199890135,0.029718291,9.939160346984863,815,0.2,0.0003,0.3259765625,-0.012386845995206387,9.190850067138673,1761.78466796875,1000.0
489,165,337920,690,0.14527052640914917,0.9248202443122864,22.911741924285888,0.027446106,11.928729057312012,820,0.2,0.0003,0.312890625,-0.013345663296058774,9.18769907951355,1770.0938720703125,1000.0
488,166,339968,695,0.14523205161094666,0.7674832344055176,211.54622955322264,0.031058267,105.1287612915039,825,0.2,0.0003,0.2931640625,0.00465853939531371,9.19524393081665,1770.0938720703125,1000.0
488,167,342016,700,0.14524763822555542,0.850638747215271,135.70475578308105,0.017984742,65.07557678222656,830,0.2,0.0003,0.1828125,-0.009151171543635428,9.19669246673584,1770.0938720703125,1000.0
487,168,344064,706,0.14526048302650452,0.8448683619499207,141.85668449401857,0.017268248,63.8563232421875,835,0.2,0.0003,0.15888671875,-0.011120155360549689,9.1942129611969,1748.2138671875,1000.0
486,169,346112,710,0.14520111680030823,0.8113447427749634,156.6748291015625,0.01684436,72.7644271850586,840,0.2,0.0003,0.1765625,-0.01505835095886141,9.196355104446411,1748.2138671875,1000.0
486,170,348160,715,0.14515630900859833,0.9282020926475525,35.318569564819335,0.015305027,17.754987716674805,845,0.2,0.0003,0.1740234375,-0.012351564376149326,9.204294395446777,1748.2138671875,1000.0
486,171,350208,719,0.14514458179473877,0.9619829058647156,20.456392097473145,0.023909194,8.195423126220703,850,0.2,0.0003,0.2404296875,-0.012695710454136134,9.20735216140747,1748.2138671875,1000.0
485,172,352256,725,0.1450755000114441,0.9313941597938538,33.31880407333374,0.018545544,15.656700134277344,855,0.2,0.0003,0.2283203125,-0.011622770596295596,9.210501194000244,1763.2332763671875,1000.0
485,173,354304,730,0.14494119584560394,0.9276556968688965,35.424404335021975,0.023478035,15.945422172546387,860,0.2,0.0003,0.28193359375,-0.013040004367940127,9.225574016571045,1763.2332763671875,1000.0
485,174,356352,734,0.14470750093460083,0.970720112323761,17.9106556892395,0.036603462,8.658930778503418,865,0.2,0.0003,0.32900390625,-0.010590709769167006,9.24506778717041,1763.2332763671875,1000.0
484,175,358400,739,0.14458312094211578,0.9677205681800842,20.73245859146118,0.024015399,10.262981414794922,870,0.2,0.0003,0.33037109375,-0.002506670169532299,9.272380447387695,1763.2332763671875,1000.0
483,176,360448,745,0.14464539289474487,0.9717466831207275,17.092913341522216,0.027182385,7.110772132873535,875,0.2,0.0003,0.30625,-0.015342284715734423,9.276205253601074,1770.885498046875,1000.0
483,177,362496,749,0.14465875923633575,0.9061936736106873,53.768310737609866,0.020305479,25.6162052154541,880,0.2,0.0003,0.30947265625,-0.008255498140351846,9.268112707138062,1770.885498046875,1000.0
483,178,364544,754,0.1446661353111267,0.3553372621536255,153.78882369995117,0.020589799,81.30225372314453,885,0.2,0.0003,0.25517578125,-0.010554576944559812,9.26893172264099,1770.885498046875,1000.0
483,179,366592,758,0.14465048909187317,0.2891067862510681,136.41053352355956,0.015586545,60.85923385620117,890,0.2,0.0003,0.19228515625,-0.01261692971456796,9.26814603805542,1770.885498046875,1000.0
482,180,368640,764,0.14461228251457214,0.36376577615737915,120.07357978820801,0.022201788,58.01920700073242,895,0.2,0.0003,0.2369140625,-0.014293868443928659,9.27193284034729,1766.8277587890625,1000.0
481,181,370688,769,0.1445475071668625,0.6724500060081482,89.04386177062989,0.017418094,46.90835189819336,900,0.2,0.0003,0.2302734375,-0.015923863090574742,9.278301239013672,1766.8277587890625,1000.0
481,182,372736,773,0.1444561630487442,0.9675155878067017,14.52411971092224,0.034574408,6.567929267883301,905,0.2,0.0003,0.319140625,-0.012007960234768689,9.287105655670166,1766.8277587890625,1000.0
481,183,374784,778,0.14443929493427277,0.9489151239395142,24.534792518615724,0.025110817,11.909765243530273,910,0.2,0.0003,0.35380859375,-0.003153736516833305,9.295941877365113,1766.8277587890625,1000.0
480,184,376832,783,0.1445089727640152,0.9470911622047424,26.526600742340086,0.023719566,11.913863182067871,915,0.2,0.0003,0.3150390625,-0.013044880772940814,9.29184069633484,1763.815185546875,1000.0
480,185,378880,788,0.14456243813037872,0.8902134299278259,65.0233081817627,0.027905555,29.517271041870117,920,0.2,0.0003,0.33994140625,-0.002447927976027131,9.28425726890564,1763.815185546875,1000.0
480,186,380928,792,0.14456182718276978,0.8423322439193726,131.70959091186523,0.016025528,50.7996826171875,925,0.2,0.0003,0.2451171875,-0.007298978674225509,9.27918462753296,1763.815185546875,1000.0
480,187,382976,797,0.14454539120197296,0.8706600666046143,115.77398529052735,0.023823328,47.59145736694336,930,0.2,0.0003,0.17724609375,-0.009936513891443611,9.281956958770753,1763.815185546875,1000.0
479,188,385024,803,0.144528329372406,0.9140507578849792,90.98865585327148,0.016642775,47.61116409301758,935,0.2,0.0003,0.14541015625,-0.01123772218124941,9.283045959472656,1755.546875,1000.0
479,189,387072,807,0.14450205862522125,0.8953369855880737,82.57543830871582,0.015395655,37.50823974609375,940,0.2,0.0003,0.21708984375,-0.016231256793253122,9.286371803283691,1755.546875,1000.0
479,190,389120,812,0.14441673457622528,0.9156556725502014,32.84133882522583,0.018183682,15.565967559814453,945,0.2,0.0003,0.2349609375,-0.010685802565421908,9.292065906524659,1755.546875,1000.0
478,191,391168,816,0.14433665573596954,0.9132969975471497,29.308597755432128,0.018097365,11.316763877868652,950,0.2,0.0003,0.22841796875,-0.010043574916198849,9.304157400131226,1755.546875,1000.0
477,192,393216,822,0.14424706995487213,0.9016610383987427,28.101789665222167,0.017179895,12.64363956451416,955,0.2,0.0003,0.24658203125,-0.011925346846692265,9.313622570037841,1743.5770263671875,1000.0
477,193,395264,827,0.14422264695167542,0.797660231590271,88.25165214538575,0.018425744,38.9212532043457,960,0.2,0.0003,0.23798828125,-0.013095992291346193,9.323213958740235,1743.5770263671875,1000.0
477,194,397312,832,0.14425128698349,0.7556596994400024,151.69101524353027,0.029590087,67.4035415649414,965,0.2,0.0003,0.25732421875,-0.01387533457018435,9.322131204605103,1743.5770263671875,1000.0
477,195,399360,836,0.14424119889736176,0.7951000928878784,135.46001167297362,0.015111342,69.02181243896484,970,0.2,0.0003,0.21396484375,-0.015628876397386193,9.319875335693359,1743.5770263671875,1000.0
476,196,401408,842,0.14422684907913208,0.8254422545433044,128.60274124145508,0.024632497,57.68832015991211,975,0.2,0.0003,0.2673828125,-0.013924078014679254,9.322591829299927,1753.8182373046875,1000.0
476,197,403456,846,0.14423426985740662,0.8965585231781006,66.28496475219727,0.018133452,31.526533126831055,980,0.2,0.0003,0.26279296875,-0.01335191351827234,9.322822284698486,1753.8182373046875,1000.0
476,198,405504,851,0.14421787858009338,0.9607943892478943,24.433274459838866,0.017921802,10.778861999511719,985,0.2,0.0003,0.2482421875,-0.014792667841538787,9.322401666641236,1753.8182373046875,1000.0
476,199,407552,855,0.14411091804504395,0.9414955973625183,32.314116668701175,0.021584705,15.42525863647461,990,0.2,0.0003,0.24765625,-0.012733540299814194,9.329612493515015,1753.8182373046875,1000.0
475,200,409600,861,0.14403614401817322,0.9368140697479248,34.561152362823485,0.028455036,17.685453414916992,995,0.2,0.0003,0.26005859375,-0.01081287075066939,9.343094444274902,1744.9100341796875,1000.0
475,201,411648,865,0.14400219917297363,0.9443379640579224,42.33013515472412,0.02038306,21.13821029663086,1000,0.2,0.0003,0.23935546875,-0.017569565190933646,9.348753452301025,1744.9100341796875,1000.0
475,202,413696,870,0.14398175477981567,0.955962061882019,35.613390827178954,0.019696021,17.03093147277832,1005,0.2,0.0003,0.22421875,-0.011985178117174655,9.352383708953857,1744.9100341796875,1000.0
475,203,415744,874,0.14394202828407288,0.9609724879264832,33.88295192718506,0.014070664,14.18538761138916,1010,0.2,0.0003,0.20205078125,-0.013735811761580407,9.355090999603272,1744.9100341796875,1000.0
474,204,417792,880,0.14390869438648224,0.9607096910476685,34.53469867706299,0.01851328,16.992921829223633,1015,0.2,0.0003,0.24599609375,-0.014783473114948719,9.36094422340393,1751.44921875,1000.0
474,205,419840,884,0.1438581943511963,0.9569029211997986,45.607784271240234,0.013819159,21.83991241455078,1020,0.2,0.0003,0.18828125,-0.0129219570197165,9.365214443206787,1751.44921875,1000.0
474,206,421888,889,0.1437571942806244,0.9680559635162354,34.94321184158325,0.025912536,16.612354278564453,1025,0.2,0.0003,0.26552734375,-0.0161770428851014,9.375731325149536,1751.44921875,1000.0
473,207,423936,894,0.14366210997104645,0.9571012258529663,47.38210334777832,0.020748232,23.00623321533203,1030,0.2,0.0003,0.3181640625,-0.0067800084128975865,9.388052272796632,1751.44921875,1000.0
473,208,425984,900,0.14353424310684204,0.9711615443229675,30.862886714935303,0.016028665,15.74610710144043,1035,0.2,0.0003,0.24912109375,-0.011026969680096954,9.401940250396729,1747.391357421875,1000.0
473,209,428032,904,0.14348381757736206,0.8789187669754028,108.3700080871582,0.016661212,50.10063934326172,1040,0.2,0.0003,0.2126953125,-0.014839621167629958,9.41495394706726,1747.391357421875,1000.0
472,210,430080,909,0.14347660541534424,0.8865877389907837,111.06515808105469,0.015920395,50.63036346435547,1045,0.2,0.0003,0.20361328125,-0.013549974095076323,9.417310762405396,1747.391357421875,1000.0
472,211,432128,915,0.143460214138031,0.9155046343803406,91.44467391967774,0.01531545,37.81385803222656,1050,0.2,0.0003,0.22138671875,-0.016154434019699692,9.4193865776062,1731.7789306640625,1000.0
471,212,434176,920,0.14343182742595673,0.9351295232772827,89.8548526763916,0.017881373,32.153621673583984,1055,0.2,0.0003,0.17236328125,-0.011047884169965983,9.421928215026856,1731.7789306640625,1000.0
471,213,436224,924,0.14339227974414825,0.909520149230957,64.67616577148438,0.017057959,29.117136001586914,1060,0.2,0.0003,0.2041015625,-0.014399325381964445,9.42636079788208,1731.7789306640625,1000.0
471,214,438272,929,0.14338326454162598,0.9298115372657776,42.05267677307129,0.01850409,16.106077194213867,1065,0.2,0.0003,0.248046875,-0.016166673344559967,9.429785346984863,1731.7789306640625,1000.0
470,215,440320,935,0.14336305856704712,0.93709796667099,40.036560249328616,0.017478619,18.974515914916992,1070,0.2,0.0003,0.21494140625,-0.014494463033042849,9.43054404258728,1730.15478515625,1000.0
470,216,442368,939,0.14343996345996857,0.9376832842826843,39.533671855926514,0.020065313,15.45535659790039,1075,0.2,0.0003,0.234375,-0.013136271084658802,9.429962158203125,1730.15478515625,1000.0
470,217,444416,944,0.1434544175863266,0.957216203212738,47.169748306274414,0.020865865,21.338665008544922,1080,0.2,0.0003,0.244140625,-0.009130235004704446,9.420597743988036,1730.15478515625,1000.0
470,218,446464,948,0.14342358708381653,0.9777926206588745,25.974915409088133,0.016091913,12.383706092834473,1085,0.2,0.0003,0.23740234375,-0.011165817244909703,9.42350525856018,1730.15478515625,1000.0
469,219,448512,955,0.1433781087398529,0.9792817831039429,20.705277729034425,0.022592189,9.371627807617188,1090,0.2,0.0003,0.2591796875,-0.016466582007706166,9.427598333358764,1732.271728515625,1000.0
469,220,450560,959,0.14340491592884064,0.9579966068267822,38.38686943054199,0.024020411,19.485971450805664,1095,0.2,0.0003,0.34541015625,-0.016806514794006945,9.430319929122925,1732.271728515625,1000.0
469,221,452608,964,0.14345496892929077,0.961814284324646,27.54115581512451,0.020549,14.310863494873047,1100,0.2,0.0003,0.29794921875,-0.01258973809890449,9.424730348587037,1732.271728515625,1000.0
469,222,454656,969,0.14347578585147858,0.9504793286323547,33.270898056030276,0.028649295,14.70650577545166,1105,0.2,0.0003,0.34462890625,-0.014150063856504858,9.419431400299072,1732.271728515625,1000.0
468,223,456704,974,0.14346005022525787,0.953075647354126,33.68489074707031,0.022315618,14.66336441040039,1110,0.2,0.0003,0.27197265625,-0.009214715054258703,9.419461297988892,1724.1331787109375,1000.0
468,224,458752,979,0.1434756964445114,0.9217497110366821,44.0757022857666,0.023053229,22.649341583251953,1115,0.2,0.0003,0.27939453125,-0.01310869239969179,9.420851993560792,1724.1331787109375,1000.0
468,225,460800,984,0.14343076944351196,0.9297904372215271,22.773529243469238,0.021354783,11.038058280944824,1120,0.2,0.0003,0.2720703125,-0.01259391445782967,9.419486331939698,1724.1331787109375,1000.0
468,226,462848,988,0.14335639774799347,0.9411123394966125,19.598710823059083,0.024890732,10.489439964294434,1125,0.2,0.0003,0.3166015625,-0.013367079966701566,9.42975993156433,1724.1331787109375,1000.0
467,227,464896,994,0.14327913522720337,0.89695805311203,31.135678100585938,0.021281729,15.795792579650879,1130,0.2,0.0003,0.2849609375,-0.006705121567938477,9.438045549392701,1725.5550537109375,1000.0
467,228,466944,998,0.14330542087554932,0.9250326752662659,40.370818519592284,0.025151625,19.23301124572754,1135,0.2,0.0003,0.26845703125,-0.012113243527710437,9.44377179145813,1725.5550537109375,1000.0
467,229,468992,1003,0.14344638586044312,0.9621551632881165,19.92647695541382,0.030705884,9.438958168029785,1140,0.2,0.0003,0.328515625,-0.0032363062025979163,9.433061885833741,1725.5550537109375,1000.0
466,230,471040,1008,0.14356866478919983,0.9376901984214783,29.648041915893554,0.023529522,13.549919128417969,1145,0.2,0.0003,0.2958984375,-0.011163737950846553,9.414834451675414,1725.5550537109375,1000.0
466,231,473088,1014,0.1435798853635788,0.936392068862915,29.875058269500734,0.029809121,13.168055534362793,1150,0.2,0.0003,0.36396484375,-0.0012498070253059268,9.405039310455322,1733.9407958984375,1000.0
466,232,475136,1019,0.14355818927288055,0.7378528118133545,90.97569618225097,0.024569679,48.66932678222656,1155,0.2,0.0003,0.33740234375,-0.002471760706976056,9.408954286575318,1733.9407958984375,1000.0
465,233,477184,1024,0.14360690116882324,0.7959150075912476,52.442456817626955,0.023958407,21.20492172241211,1160,0.2,0.0003,0.32099609375,-0.011347708501853048,9.40653591156006,1733.9407958984375,1000.0
465,234,479232,1029,0.1435597687959671,0.6186773777008057,85.34285011291504,0.032716,41.563087463378906,1165,0.2,0.0003,0.38837890625,-0.013954291143454612,9.404024028778077,1733.9407958984375,1000.0
464,235,481280,1035,0.14339250326156616,0.6291431188583374,54.801038551330564,0.05132962,25.8529109954834,1170,0.2,0.0003,0.41787109375,-0.006280412035994232,9.417853212356567,1757.8795166015625,1000.0
464,236,483328,1039,0.14333198964595795,0.7821818590164185,51.42418613433838,0.05149126,26.516624450683594,1175,0.2,0.0003,0.50556640625,0.017435888142790644,9.435835218429565,1757.8795166015625,1000.0
464,237,485376,1044,0.14331559836864471,0.8879314064979553,28.413483810424804,0.04890634,12.78555679321289,1180,0.2,0.0003,0.42666015625,-0.00037444995250552894,9.437427234649657,1757.8795166015625,1000.0
464,238,487424,1049,0.14333291351795197,0.8671072721481323,39.91016139984131,0.03475733,17.62568473815918,1185,0.2,0.0003,0.3875,-0.0017461761366575957,9.439834308624267,1757.8795166015625,1000.0
463,239,489472,1054,0.14333206415176392,0.923747718334198,24.08189401626587,0.04108893,11.119760513305664,1190,0.2,0.0003,0.38876953125,-0.006940192473120987,9.436324453353881,1740.458740234375,1000.0
463,240,491520,1059,0.14332938194274902,0.8857007622718811,29.06737537384033,0.03633874,14.563370704650879,1195,0.2,0.0003,0.34384765625,-0.006057443493045866,9.437885618209839,1740.458740234375,1000.0
463,241,493568,1064,0.1432977318763733,0.884234607219696,23.089825916290284,0.03649372,10.621036529541016,1200,0.2,0.0003,0.39228515625,0.0019094390561804175,9.438950777053833,1740.458740234375,1000.0
463,242,495616,1068,0.1432688683271408,0.8284951448440552,34.11547861099243,0.028252969,16.568904876708984,1205,0.2,0.0003,0.35732421875,-0.004229670390486717,9.442454767227172,1740.458740234375,1000.0
462,243,497664,1075,0.14320272207260132,0.8861494660377502,20.686310482025146,0.04057137,9.702762603759766,1210,0.2,0.0003,0.40703125,-0.008279843674972653,9.447359180450439,1721.1795654296875,1000.0
462,244,499712,1080,0.143240824341774,0.777763843536377,35.29874839782715,0.052853003,17.40231704711914,1215,0.2,0.0003,0.412890625,-0.002449672343209386,9.451105260849,1721.1795654296875,1000.0
462,245,501760,1085,0.1432552933692932,0.7648569345474243,32.49129428863525,0.07539749,14.804179191589355,1220,0.2,0.0003,0.55283203125,0.030686468305066227,9.44544186592102,1721.1795654296875,1000.0
461,246,503808,1090,0.14312900602817535,0.7782007455825806,32.15405645370483,0.0476174,15.190645217895508,1225,0.2,0.0003,0.42177734375,0.00465560428565368,9.450246000289917,1721.1795654296875,1000.0
461,247,505856,1096,0.1429470181465149,0.7877035140991211,33.01344861984253,0.07521394,17.25103759765625,1230,0.2,0.0003,0.43798828125,-0.0023824757197871806,9.473065614700317,1754.7073974609375,1000.0
461,248,507904,1101,0.14284595847129822,0.8710978031158447,34.93546113967896,0.032500945,17.116580963134766,1235,0.2,0.0003,0.387890625,0.005453817103989423,9.491281223297118,1754.7073974609375,1000.0
461,249,509952,1106,0.14287032186985016,0.9065233469009399,28.948310375213623,0.02270633,12.704833030700684,1240,0.2,0.0003,0.294921875,-0.015367640962358564,9.498158931732178,1754.7073974609375,1000.0
460,250,512000,1111,0.14286547899246216,0.933340847492218,24.12431421279907,0.0279596,9.865958213806152,1245,0.2,0.0003,0.3685546875,-0.01249997343402356,9.493733882904053,1758.60498046875,1000.0
460,251,514048,1116,0.1428394317626953,0.939611554145813,23.14652261734009,0.032402985,10.340017318725586,1250,0.2,0.0003,0.3251953125,-0.011738127761054784,9.497062873840331,1758.60498046875,1000.0
460,252,516096,1120,0.14283981919288635,0.8732558488845825,64.72585544586181,0.017779559,30.663122177124023,1255,0.2,0.0003,0.32099609375,0.006774439802393317,9.49916090965271,1758.60498046875,1000.0
460,253,518144,1126,0.14282457530498505,0.9118906855583191,51.3128137588501,0.020122785,24.000076293945312,1260,0.2,0.0003,0.20556640625,-0.01070799978915602,9.499440908432007,1758.60498046875,1000.0
459,254,520192,1132,0.1427990347146988,0.9179460406303406,50.90466575622558,0.016488973,24.736797332763672,1265,0.2,0.0003,0.2203125,-0.01176091623492539,9.502309274673461,1752.240966796875,1000.0
459,255,522240,1136,0.14278361201286316,0.9188500642776489,55.21151924133301,0.024459526,27.941980361938477,1270,0.2,0.0003,0.251171875,-0.015902617294341326,9.505236387252808,1752.240966796875,1000.0
459,256,524288,1141,0.14278492331504822,0.9169186353683472,39.00273551940918,0.016069185,16.473413467407227,1275,0.2,0.0003,0.25830078125,-0.015244982927106321,9.506270122528075,1752.240966796875,1000.0
459,257,526336,1146,0.14279597997665405,0.929949164390564,31.90887393951416,0.018303376,15.597248077392578,1280,0.2,0.0003,0.25302734375,-0.015831159055233003,9.505623912811279,1752.240966796875,1000.0
458,258,528384,1152,0.14273375272750854,0.924962043762207,30.319506072998045,0.037465326,14.198772430419922,1285,0.2,0.0003,0.3943359375,-0.013452719093766063,9.507406568527221,1742.631103515625,1000.0
458,259,530432,1157,0.14262127876281738,0.898975133895874,36.896917724609374,0.03170958,15.469639778137207,1290,0.2,0.0003,0.38955078125,-0.009973350982181727,9.519344902038574,1742.631103515625,1000.0
458,260,532480,1161,0.14248816668987274,0.873100996017456,30.514863204956054,0.02866486,12.93637466430664,1295,0.2,0.0003,0.3208984375,-0.009799399075563996,9.535114765167236,1742.631103515625,1000.0
458,261,534528,1166,0.1423547863960266,0.9053040146827698,20.336123943328857,0.073562264,9.10166072845459,1300,0.2,0.0003,0.38505859375,-0.002901319647207856,9.552048206329346,1742.631103515625,1000.0
457,262,536576,1172,0.14223259687423706,0.8363423943519592,39.02785320281983,0.030790411,18.809385299682617,1305,0.2,0.0003,0.35244140625,-0.011293927882798016,9.567985343933106,1777.151123046875,1000.0
457,263,538624,1176,0.1422010213136673,0.9000177979469299,32.4738600730896,0.025924094,16.074222564697266,1310,0.2,0.0003,0.34326171875,-0.013186632771976292,9.579493379592895,1777.151123046875,1000.0
457,264,540672,1181,0.1422039419412613,0.9638329744338989,22.853335094451904,0.02817085,9.812975883483887,1315,0.2,0.0003,0.3166015625,0.005446730554103852,9.580317258834839,1777.151123046875,1000.0
457,265,542720,1186,0.14221075177192688,0.9610730409622192,19.4626380443573,0.04899355,7.646982669830322,1320,0.2,0.0003,0.3228515625,0.0014552239095792173,9.580137062072755,1777.151123046875,1000.0
456,266,544768,1194,0.14219243824481964,0.9694650769233704,19.248393249511718,0.045906242,7.072944641113281,1325,0.2,0.0003,0.431640625,0.019143984047695996,9.579638338088989,1799.6011962890625,1000.0
456,267,546816,1198,0.1421511024236679,0.8939328193664551,38.017360877990725,0.027093135,20.17070960998535,1330,0.2,0.0003,0.35224609375,-0.006172887724824249,9.584445667266845,1799.6011962890625,1000.0
456,268,548864,1203,0.14201344549655914,0.8987705707550049,24.13044939041138,0.036609914,10.06180191040039,1335,0.2,0.0003,0.3634765625,-0.012609976390376688,9.595704698562622,1799.6011962890625,1000.0
456,269,550912,1208,0.141933873295784,0.9071494340896606,20.8946120262146,0.051664338,10.339045524597168,1340,0.2,0.0003,0.4150390625,-0.009074720530770719,9.611834001541137,1799.6011962890625,1000.0
455,270,552960,1213,0.14200004935264587,0.9006997346878052,20.930542945861816,0.04241738,10.808286666870117,1345,0.2,0.0003,0.384375,-0.015538197348359973,9.613035631179809,1796.341064453125,1000.0
455,271,555008,1217,0.14198361337184906,0.8629237413406372,46.77659397125244,0.018132625,20.198490142822266,1350,0.2,0.0003,0.280859375,-0.009425381012260915,9.606058502197266,1796.341064453125,1000.0
455,272,557056,1221,0.14196369051933289,0.8342170715332031,84.51487808227539,0.022545913,37.74912643432617,1355,0.2,0.0003,0.29658203125,-0.008598097763024271,9.611343145370483,1796.341064453125,1000.0
456,273,559104,1225,0.14196006953716278,0.8766019344329834,62.74818630218506,0.024931433,28.30759620666504,1360,0.2,0.0003,0.25771484375,-0.013346991839352996,9.611524820327759,1796.341064453125,1000.0
455,274,561152,1231,0.14201849699020386,0.8804939389228821,73.15958442687989,0.015437222,36.20772171020508,1365,0.2,0.0003,0.2443359375,-0.012138973397668451,9.61020770072937,1791.8123779296875,1000.0
455,275,563200,1236,0.14201223850250244,0.9202061295509338,39.57112092971802,0.022754556,23.44919776916504,1370,0.2,0.0003,0.25986328125,-0.018552302074385806,9.603804922103881,1791.8123779296875,1000.0
455,276,565248,1240,0.14195603132247925,0.9242938756942749,23.981914234161376,0.021570882,11.405057907104492,1375,0.2,0.0003,0.23095703125,-0.013685014890506863,9.609921312332153,1791.8123779296875,1000.0
455,277,567296,1245,0.14190879464149475,0.9279031157493591,22.635641288757324,0.02339166,11.726828575134277,1380,0.2,0.0003,0.307421875,-0.005560887767933309,9.616277503967286,1791.8123779296875,1000.0
455,278,569344,1251,0.1419033408164978,0.9530320763587952,16.449899435043335,0.03275406,7.409392833709717,1385,0.2,0.0003,0.33779296875,-0.001663549116346985,9.620835638046264,1797.9263916015625,1000.0
454,279,571392,1256,0.14176179468631744,0.8713607788085938,38.65109519958496,0.029435921,18.14229965209961,1390,0.2,0.0003,0.31103515625,-0.012232013000175356,9.628271770477294,1797.9263916015625,1000.0
454,280,573440,1261,0.141679048538208,0.9024301767349243,24.896134185791016,0.030368857,11.371451377868652,1395,0.2,0.0003,0.32470703125,-0.015969501552172007,9.647372770309449,1797.9263916015625,1000.0
454,281,575488,1266,0.1415935754776001,0.8812673091888428,23.917612648010255,0.027215097,10.298998832702637,1400,0.2,0.0003,0.30927734375,-0.012875127012375743,9.654810333251953,1797.9263916015625,1000.0
453,282,577536,1272,0.14154985547065735,0.8892561197280884,19.729688549041747,0.0718363,8.854414939880371,1405,0.2,0.0003,0.44140625,-0.0033873924985527992,9.664792346954346,1804.705322265625,1000.0
453,283,579584,1276,0.1414680778980255,0.8463401198387146,26.48923044204712,0.044411555,13.650691032409668,1410,0.2,0.0003,0.39970703125,-0.006209374708123505,9.669673490524293,1804.705322265625,1000.0
453,284,581632,1281,0.14140209555625916,0.8384897708892822,29.73779935836792,0.029777171,12.953800201416016,1415,0.2,0.0003,0.34208984375,0.0026660446310415864,9.680467700958252,1804.705322265625,1000.0
453,285,583680,1286,0.14132660627365112,0.8933449983596802,22.19844255447388,0.025440492,10.468104362487793,1420,0.2,0.0003,0.29111328125,-0.00828727358020842,9.688174819946289,1804.705322265625,1000.0
452,286,585728,1293,0.14121991395950317,0.9025177955627441,22.265972328186034,0.03388477,11.442780494689941,1425,0.2,0.0003,0.31357421875,-0.009893445880152285,9.70023832321167,1828.8499755859375,1000.0
452,287,587776,1297,0.14122040569782257,0.6902594566345215,129.76138191223146,0.026850978,54.616085052490234,1430,0.2,0.0003,0.34716796875,0.004489760380238295,9.70862340927124,1828.8499755859375,1000.0
452,288,589824,1302,0.14123256504535675,0.7563169002532959,121.1109115600586,0.020879222,55.88086700439453,1435,0.2,0.0003,0.1978515625,-0.00724861251655966,9.70566463470459,1828.8499755859375,1000.0
452,289,591872,1307,0.14122965931892395,0.7880241870880127,117.97968635559081,0.023343494,53.35565185546875,1440,0.2,0.0003,0.1765625,-0.012817927077412606,9.706061840057373,1828.8499755859375,1000.0
452,290,593920,1313,0.141256183385849,0.7984302043914795,127.74076385498047,0.02092299,57.450294494628906,1445,0.2,0.0003,0.12626953125,-0.009791008732281625,9.704999256134034,1812.14697265625,1000.0
452,291,595968,1318,0.14126822352409363,0.9365549087524414,32.92911386489868,0.019555088,15.64902400970459,1450,0.2,0.0003,0.23798828125,-0.015671158907935023,9.701548528671264,1812.14697265625,1000.0
451,292,598016,1323,0.14125147461891174,0.9623732566833496,21.42913684844971,0.026106413,10.585471153259277,1455,0.2,0.0003,0.25283203125,-0.01785341806244105,9.702402067184448,1812.14697265625,1000.0
451,293,600064,1329,0.1412697732448578,0.9681391716003418,17.264860486984254,0.028149858,9.30111312866211,1460,0.2,0.0003,0.29189453125,-0.014529023226350546,9.702874851226806,1780.4951171875,1000.0
451,294,602112,1333,0.1413165032863617,0.9635800123214722,20.034476852416994,0.01741339,7.665731430053711,1465,0.2,0.0003,0.25947265625,-0.009051642334088682,9.698188495635986,1780.4951171875,1000.0
451,295,604160,1338,0.1413571685552597,0.8945438861846924,64.22707614898681,0.018293545,31.055381774902344,1470,0.2,0.0003,0.24228515625,-0.01309568239375949,9.69283323287964,1780.4951171875,1000.0
451,296,606208,1342,0.1413760632276535,0.9087642431259155,58.81807727813721,0.016939176,27.69291114807129,1475,0.2,0.0003,0.22314453125,-0.0154008565004915,9.688503503799438,1780.4951171875,1000.0
451,297,608256,1347,0.14138385653495789,0.9210375547409058,55.10482273101807,0.01757494,27.058029174804688,1480,0.2,0.0003,0.2896484375,-0.015798614593222737,9.686724090576172,1778.3114013671875,1000.0
451,298,610304,1352,0.1413094401359558,0.9284930229187012,48.12987384796143,0.023279028,24.531848907470703,1485,0.2,0.0003,0.27666015625,-0.019203961151652037,9.690841341018677,1778.3114013671875,1000.0
451,299,612352,1356,0.1412590593099594,0.9276005029678345,28.38548889160156,0.021040691,12.44165325164795,1490,0.2,0.0003,0.22490234375,-0.006230585498269647,9.700404739379882,1778.3114013671875,1000.0
451,300,614400,1360,0.1412188708782196,0.9416760206222534,23.174916744232178,0.025192037,10.793641090393066,1495,0.2,0.0003,0.2826171875,-0.008978310110978781,9.705487823486328,1778.3114013671875,1000.0
451,301,616448,1365,0.14111649990081787,0.9360299706459045,24.90381774902344,0.016225696,12.959654808044434,1500,0.2,0.0003,0.23310546875,-0.01569300445262343,9.71330451965332,1793.41748046875,1000.0
451,302,618496,1369,0.14097756147384644,0.8930937051773071,38.14956760406494,0.019266343,17.124914169311523,1505,0.2,0.0003,0.276171875,-0.011139210127294064,9.730469131469727,1793.41748046875,1000.0
451,303,620544,1373,0.14095439016819,0.9448625445365906,34.984501647949216,0.024193242,15.9428071975708,1510,0.2,0.0003,0.32978515625,-0.007227312680333853,9.742467308044434,1793.41748046875,1000.0
452,304,622592,1376,0.1408998966217041,0.9299213290214539,39.14784317016601,0.019270359,18.532054901123047,1515,0.2,0.0003,0.23486328125,-0.013532753009349108,9.744837141036987,1793.41748046875,1000.0
452,305,624640,1381,0.14073798060417175,0.9443812966346741,33.15023756027222,0.020317473,16.090269088745117,1520,0.2,0.0003,0.29052734375,-0.015622796630486846,9.758024072647094,1789.8065185546875,1000.0
452,306,626688,1386,0.14058399200439453,0.936072826385498,35.93221035003662,0.03416284,17.169227600097656,1525,0.2,0.0003,0.33525390625,-0.013279557647183537,9.779621887207032,1789.8065185546875,1000.0
452,307,628736,1390,0.14029012620449066,0.9032734632492065,37.289300727844235,0.055694655,18.24127960205078,1530,0.2,0.0003,0.4033203125,-0.0028738818829879163,9.804672861099244,1789.8065185546875,1000.0
452,308,630784,1394,0.14018221199512482,0.9461627006530762,21.167992305755615,0.08345689,10.051344871520996,1535,0.2,0.0003,0.5041015625,0.017807504790835083,9.835658836364747,1789.8065185546875,1000.0
452,309,632832,1399,0.1402388960123062,0.9371042847633362,25.158545970916748,0.055239085,12.258420944213867,1540,0.2,0.0003,0.472265625,0.0005562074016779661,9.837236070632935,1805.1312255859375,1000.0
452,310,634880,1403,0.14020612835884094,0.8940995931625366,41.88286170959473,0.038344096,20.42729949951172,1545,0.2,0.0003,0.38095703125,-0.0034799362299963834,9.83449068069458,1805.1312255859375,1000.0
452,311,636928,1407,0.14010192453861237,0.9181893467903137,25.702552127838135,0.024411235,11.566848754882812,1550,0.2,0.0003,0.31298828125,-0.00816600089892745,9.841835069656373,1805.1312255859375,1000.0
452,312,638976,1411,0.140042245388031,0.9411224126815796,17.270326948165895,0.024523333,7.8516011238098145,1555,0.2,0.0003,0.26298828125,-0.005033185076899827,9.854291248321534,1805.1312255859375,1000.0
452,313,641024,1416,0.14003722369670868,0.9300544857978821,21.396016120910645,0.021056842,10.577596664428711,1560,0.2,0.0003,0.312109375,-0.016673691943287848,9.857304096221924,1812.68505859375,1000.0
452,314,643072,1420,0.14010249078273773,0.953192412853241,26.536633014678955,0.025754835,12.894137382507324,1565,0.2,0.0003,0.34443359375,-0.009508469048887492,9.854707670211791,1812.68505859375,1000.0
452,315,645120,1424,0.14006352424621582,0.96560138463974,18.434187507629396,0.025477333,8.666240692138672,1570,0.2,0.0003,0.26591796875,-0.01646852695848793,9.850595951080322,1812.68505859375,1000.0
453,316,647168,1428,0.13998597860336304,0.9579828977584839,20.362462997436523,0.023180509,9.713213920593262,1575,0.2,0.0003,0.2869140625,-0.014666599594056607,9.860198783874512,1812.68505859375,1000.0
452,317,649216,1433,0.1399448662996292,0.9520062804222107,20.077448558807372,0.020512009,10.172289848327637,1580,0.2,0.0003,0.26767578125,-0.017399935331195594,9.867835235595702,1800.1455078125,1000.0
453,318,651264,1437,0.13989077508449554,0.7531230449676514,109.74082221984864,0.022399193,51.50620651245117,1585,0.2,0.0003,0.2400390625,-0.015014918823726475,9.873601150512695,1800.1455078125,1000.0
453,319,653312,1441,0.13986192643642426,0.6915203928947449,116.76740608215331,0.022138696,55.252010345458984,1590,0.2,0.0003,0.2755859375,-0.016216019191779195,9.879582834243774,1800.1455078125,1000.0
453,320,655360,1446,0.13983379304409027,0.7206998467445374,94.91460456848145,0.020351877,45.454505920410156,1595,0.2,0.0003,0.2525390625,-0.014661025069653989,9.882692861557008,1800.1455078125,1000.0
452,321,657408,1453,0.13984189927577972,0.6188612580299377,118.64507141113282,0.029983664,51.01968765258789,1600,0.2,0.0003,0.31640625,-0.006942693679593504,9.885509824752807,1778.7220458984375,1000.0
451,322,659456,1459,0.1398691087961197,0.7392357587814331,58.660254096984865,0.026097558,27.036466598510742,1605,0.2,0.0003,0.3333984375,-0.015357703226618469,9.881778335571289,1778.7220458984375,1000.0
451,323,661504,1465,0.1398628205060959,0.7555075883865356,23.96046361923218,0.028894972,10.600831031799316,1610,0.2,0.0003,0.2869140625,-0.01162891685962677,9.881296110153198,1778.7220458984375,1000.0
451,324,663552,1471,0.13983385264873505,0.7704813480377197,24.108109569549562,0.039001353,10.17740249633789,1615,0.2,0.0003,0.3203125,-0.003671033901628107,9.883518409729003,1778.7220458984375,1000.0
450,325,665600,1478,0.13981300592422485,0.7316956520080566,24.82744379043579,0.023005681,11.483388900756836,1620,0.2,0.0003,0.28251953125,-0.011858654767274856,9.887061548233032,1806.1590576171875,1000.0
449,326,667648,1484,0.13975079357624054,0.7605304718017578,41.228420448303225,0.027575545,19.630109786987305,1625,0.2,0.0003,0.3185546875,-0.015307427989318967,9.891384077072143,1806.1590576171875,1000.0
449,327,669696,1489,0.1397051364183426,0.888133704662323,23.726227474212646,0.023508698,9.895367622375488,1630,0.2,0.0003,0.2923828125,-0.013942366861738265,9.899626207351684,1806.1590576171875,1000.0
449,328,671744,1493,0.1396484524011612,0.8919841051101685,28.21181640625,0.015143672,12.70108413696289,1635,0.2,0.0003,0.3107421875,-0.008657012064941228,9.90517692565918,1806.1590576171875,1000.0
449,329,673792,1498,0.1396072655916214,0.9195735454559326,24.92864875793457,0.020370323,10.802145957946777,1640,0.2,0.0003,0.26494140625,-0.009783169021829963,9.912691020965577,1819.072998046875,1000.0
449,330,675840,1502,0.1395898461341858,0.9185616970062256,86.71890525817871,0.021813113,37.943294525146484,1645,0.2,0.0003,0.22861328125,-0.011629321472719311,9.915563821792603,1819.072998046875,1000.0
449,331,677888,1506,0.13957403600215912,0.9419727921485901,71.8254732131958,0.015719326,33.900875091552734,1650,0.2,0.0003,0.1732421875,-0.012462900578975677,9.918183326721191,1819.072998046875,1000.0
450,332,679936,1510,0.13959677517414093,0.935106635093689,96.0536895751953,0.020246923,43.677459716796875,1655,0.2,0.0003,0.22470703125,-0.016346365190111102,9.91798906326294,1819.072998046875,1000.0
449,333,681984,1515,0.13961142301559448,0.9438076615333557,95.97185478210449,0.022037711,50.069766998291016,1660,0.2,0.0003,0.22021484375,-0.01738570153247565,9.914666366577148,1826.2855224609375,1000.0
450,334,684032,1519,0.13959254324436188,0.9443508982658386,43.49816074371338,0.016151067,22.54949378967285,1665,0.2,0.0003,0.1775390625,-0.012666981620714068,9.91451849937439,1826.2855224609375,1000.0
450,335,686080,1523,0.13955281674861908,0.9502929449081421,31.37396240234375,0.02138364,12.458415031433105,1670,0.2,0.0003,0.18369140625,-0.015114014816936106,9.918586254119873,1826.2855224609375,1000.0
450,336,688128,1528,0.13951319456100464,0.9232418537139893,40.0304256439209,0.020635992,19.4019718170166,1675,0.2,0.0003,0.2298828125,-0.016280514013487846,9.923371982574462,1810.1551513671875,1000.0
449,337,690176,1534,0.139447882771492,0.9374719858169556,30.190185260772704,0.0169947,13.846816062927246,1680,0.2,0.0003,0.22470703125,-0.01590624146629125,9.930473709106446,1810.1551513671875,1000.0
449,338,692224,1540,0.13942378759384155,0.985927164554596,19.002554988861085,0.018262673,8.800365447998047,1685,0.2,0.0003,0.20615234375,-0.012240728177130223,9.937529277801513,1810.1551513671875,1000.0
448,339,694272,1547,0.13937178254127502,0.9890187382698059,12.565741109848023,0.022746246,4.904187202453613,1690,0.2,0.0003,0.28720703125,-0.009684113110415638,9.940213537216186,1810.1551513671875,1000.0
447,340,696320,1555,0.13929826021194458,0.9858932495117188,16.934574937820436,0.027210888,8.240679740905762,1695,0.2,0.0003,0.28701171875,-0.0046965018147602676,9.949268198013305,1855.25634765625,1000.0
447,341,698368,1561,0.13928884267807007,0.9745582342147827,27.99296016693115,0.019734176,13.71198558807373,1700,0.2,0.0003,0.2572265625,-0.0122874703258276,9.955482292175294,1855.25634765625,1000.0
446,342,700416,1566,0.13918378949165344,0.9820576310157776,15.149284744262696,0.025223099,6.402915000915527,1705,0.2,0.0003,0.2765625,-0.01769332862459123,9.960075998306275,1855.25634765625,1000.0
446,343,702464,1572,0.13909819722175598,0.9655435681343079,27.936988353729248,0.02313569,13.449569702148438,1710,0.2,0.0003,0.2654296875,-0.013870087475515902,9.976273822784425,1855.25634765625,1000.0
445,344,704512,1579,0.13905636966228485,0.9693203568458557,23.20079050064087,0.020059327,10.973470687866211,1715,0.2,0.0003,0.2705078125,-0.013771307514980435,9.982478189468384,1861.21923828125,1000.0
445,345,706560,1585,0.13906487822532654,0.9091721773147583,58.32762260437012,0.022862226,29.884765625,1720,0.2,0.0003,0.3302734375,-0.012809420842677355,9.98668556213379,1861.21923828125,1000.0
445,346,708608,1591,0.13910652697086334,0.8236324191093445,88.61062355041504,0.020679865,43.340179443359375,1725,0.2,0.0003,0.32939453125,-0.018209575023502112,9.982519960403442,1861.21923828125,1000.0
445,347,710656,1595,0.13909366726875305,0.7848416566848755,107.35447273254394,0.022717772,55.00710678100586,1730,0.2,0.0003,0.2529296875,-0.013562919432297349,9.979878807067871,1861.21923828125,1000.0
445,348,712704,1600,0.13906042277812958,0.8152381777763367,81.19653396606445,0.023001917,44.254791259765625,1735,0.2,0.0003,0.2759765625,-0.012627222610171884,9.984506034851075,1863.158935546875,1000.0
445,349,714752,1604,0.13908177614212036,0.7585046291351318,76.48944664001465,0.027369376,37.41596603393555,1740,0.2,0.0003,0.307421875,-0.016206827969290315,9.984496307373046,1863.158935546875,1000.0
445,350,716800,1608,0.13911420106887817,0.9026080965995789,24.607206535339355,0.022148225,11.268216133117676,1745,0.2,0.0003,0.26748046875,-0.014918544213287532,9.981373929977417,1863.158935546875,1000.0
445,351,718848,1613,0.13914547860622406,0.8456287980079651,39.542518043518065,0.025881419,17.355640411376953,1750,0.2,0.0003,0.31533203125,-0.01682544641662389,9.976948833465576,1863.158935546875,1000.0
445,352,720896,1619,0.1392495185136795,0.8502293825149536,42.987870407104495,0.02425637,22.04788589477539,1755,0.2,0.0003,0.29287109375,-0.013158579962328077,9.969943761825562,1880.0435791015625,1000.0
445,353,722944,1624,0.13924017548561096,0.822288990020752,60.48376808166504,0.024518162,25.262113571166992,1760,0.2,0.0003,0.30556640625,-0.01430923631414771,9.960210227966309,1880.0435791015625,1000.0
444,354,724992,1630,0.13910025358200073,0.8613518476486206,55.54094047546387,0.038053825,22.810440063476562,1765,0.2,0.0003,0.3001953125,-0.0123167542507872,9.971197605133057,1880.0435791015625,1000.0
444,355,727040,1636,0.1390375941991806,0.8786763548851013,37.34721450805664,0.038424924,16.816450119018555,1770,0.2,0.0003,0.40048828125,-0.007167363516055047,9.98653440475464,1880.0435791015625,1000.0
443,356,729088,1643,0.1390845626592636,0.8252716064453125,58.946769905090335,0.026014399,30.61606216430664,1775,0.2,0.0003,0.3306640625,-0.00894443083088845,9.986825275421143,1887.32373046875,1000.0
443,357,731136,1649,0.13913795351982117,0.8646931648254395,37.819116020202635,0.02707312,18.987499237060547,1780,0.2,0.0003,0.3259765625,-0.008936015563085676,9.979781150817871,1887.32373046875,1000.0
443,358,733184,1654,0.13917654752731323,0.919907808303833,21.31521883010864,0.022051778,9.821310043334961,1785,0.2,0.0003,0.26318359375,-0.012342572608031333,9.972913837432861,1887.32373046875,1000.0
442,359,735232,1660,0.13915131986141205,0.9015489816665649,24.733389472961427,0.02511075,12.932820320129395,1790,0.2,0.0003,0.26591796875,-0.010734641016460955,9.972415351867676,1887.32373046875,1000.0
442,360,737280,1667,0.13903334736824036,0.911374032497406,25.151468753814697,0.03579996,12.261899948120117,1795,0.2,0.0003,0.382421875,-0.014084053528495132,9.980496788024903,1865.0054931640625,1000.0
441,361,739328,1673,0.13899874687194824,0.7749419212341309,83.3226858139038,0.02700186,37.24287414550781,1800,0.2,0.0003,0.3171875,-0.01181027286220342,9.992803812026978,1865.0054931640625,1000.0
441,362,741376,1678,0.13897176086902618,0.7357437014579773,108.31756706237793,0.028910536,47.26371383666992,1805,0.2,0.0003,0.31884765625,-0.015639826469123364,9.995852136611939,1865.0054931640625,1000.0
441,363,743424,1683,0.1389743685722351,0.7364852428436279,100.32805671691895,0.023556322,48.396488189697266,1810,0.2,0.0003,0.298828125,-0.016665407177060842,9.996293449401856,1865.0054931640625,1000.0
441,364,745472,1687,0.13896211981773376,0.7052901983261108,90.05736465454102,0.030156257,43.18138122558594,1815,0.2,0.0003,0.31337890625,-0.017341550346463917,9.997071361541748,1848.31298828125,1000.0
441,365,747520,1691,0.1390477865934372,0.8696321249008179,37.516049003601076,0.0359902,17.44048500061035,1820,0.2,0.0003,0.41025390625,-0.012836251710541546,9.99446907043457,1848.31298828125,1000.0
442,366,749568,1695,0.13915519416332245,0.9382115602493286,20.555928421020507,0.03236768,9.315353393554688,1825,0.2,0.0003,0.30732421875,-0.009320784104056656,9.979007577896118,1848.31298828125,1000.0
442,367,751616,1699,0.13917922973632812,0.9513005018234253,14.74678144454956,0.03123972,6.980469703674316,1830,0.2,0.0003,0.328515625,-0.01302167852409184,9.969644451141358,1848.31298828125,1000.0
442,368,753664,1704,0.13912399113178253,0.9484075307846069,18.24918031692505,0.032163605,8.542679786682129,1835,0.2,0.0003,0.31337890625,-0.008072674670256675,9.972055578231812,1877.4134521484375,1000.0
442,369,755712,1708,0.13896985352039337,0.9213069677352905,31.790385150909422,0.037166625,14.450504302978516,1840,0.2,0.0003,0.3724609375,-0.018474037013947963,9.986938714981079,1877.4134521484375,1000.0
442,370,757760,1711,0.13886600732803345,0.948477029800415,22.408523273468017,0.037936784,10.132107734680176,1845,0.2,0.0003,0.355859375,-0.01340908536221832,10.00591344833374,1877.4134521484375,1000.0
442,371,759808,1715,0.13885362446308136,0.9609704613685608,18.96220932006836,0.044951834,8.567017555236816,1850,0.2,0.0003,0.3890625,-0.007479521119967103,10.013151216506959,1877.4134521484375,1000.0
442,372,761856,1721,0.13881418108940125,0.9430784583091736,26.77425479888916,0.033464335,11.844685554504395,1855,0.2,0.0003,0.47255859375,0.0029494790127500893,10.015749979019166,1873.48486328125,1000.0
442,373,763904,1725,0.1387900859117508,0.7752414345741272,78.32451248168945,0.04183691,33.073524475097656,1860,0.2,0.0003,0.419921875,0.008067250181920827,10.021813535690308,1873.48486328125,1000.0
442,374,765952,1730,0.13877756893634796,0.8617087602615356,46.25363674163818,0.0223932,22.30854034423828,1865,0.2,0.0003,0.2583984375,-0.008141464507207274,10.022342205047607,1873.48486328125,1000.0
442,375,768000,1735,0.13873615860939026,0.7866950035095215,66.01128330230713,0.02687686,32.198123931884766,1870,0.2,0.0003,0.31005859375,-0.012330101546831429,10.025596809387206,1844.9208984375,1000.0
442,376,770048,1739,0.1386873424053192,0.8107726573944092,62.7242847442627,0.036807653,28.98752212524414,1875,0.2,0.0003,0.321875,-0.013624098571017384,10.033007049560547,1844.9208984375,1000.0
442,377,772096,1744,0.13865618407726288,0.9141314625740051,32.531834316253665,0.027626418,16.12162971496582,1880,0.2,0.0003,0.312109375,-0.014228071202524006,10.037437772750854,1844.9208984375,1000.0
442,378,774144,1748,0.1386219561100006,0.9404282569885254,26.087299251556395,0.020393603,11.926658630371094,1885,0.2,0.0003,0.30166015625,-0.010770800977479667,10.04333953857422,1844.9208984375,1000.0
442,379,776192,1753,0.13854970037937164,0.9522677659988403,24.450252532958984,0.027476735,12.113635063171387,1890,0.2,0.0003,0.321484375,-0.016166224097833037,10.049340391159058,1817.14306640625,1000.0
442,380,778240,1757,0.1384056806564331,0.9481183290481567,31.67425470352173,0.017059602,14.52247142791748,1895,0.2,0.0003,0.251171875,-0.011504444247111677,10.062981653213502,1817.14306640625,1000.0
443,381,780288,1761,0.13831450045108795,0.948654294013977,22.50838212966919,0.044774976,10.762348175048828,1900,0.2,0.0003,0.3404296875,-0.009748071525245905,10.080591535568237,1817.14306640625,1000.0
443,382,782336,1764,0.13821519911289215,0.9489153027534485,23.713123893737794,0.03451262,12.2967529296875,1905,0.2,0.0003,0.37666015625,-0.010075640783179551,10.091882419586181,1817.14306640625,1000.0
443,383,784384,1769,0.13819152116775513,0.9544363021850586,23.373216533660887,0.028804276,10.135374069213867,1910,0.2,0.0003,0.35576171875,-0.006742128450423479,10.101535749435424,1842.6943359375,1000.0
443,384,786432,1773,0.13816531002521515,0.9296889901161194,40.19407653808594,0.02286717,20.335315704345703,1915,0.2,0.0003,0.25888671875,-0.012921334756538273,10.103573894500732,1842.6943359375,1000.0
443,385,788480,1777,0.13805390894412994,0.9178581237792969,31.263358211517335,0.016294103,14.603893280029297,1920,0.2,0.0003,0.1912109375,-0.012858925200998784,10.111189937591552,1842.6943359375,1000.0
443,386,790528,1781,0.13798671960830688,0.9401593804359436,24.82189884185791,0.026687369,12.825960159301758,1925,0.2,0.0003,0.283203125,-0.013153371750377119,10.126490926742553,1842.6943359375,1000.0
443,387,792576,1787,0.13795578479766846,0.924588680267334,30.46478099822998,0.021662291,13.437644004821777,1930,0.2,0.0003,0.2837890625,-0.016643486591055988,10.131319856643676,1846.11083984375,1000.0
443,388,794624,1791,0.13795898854732513,0.8540825247764587,62.56435222625733,0.016677039,24.72252082824707,1935,0.2,0.0003,0.24384765625,-0.012996816419763491,10.134750175476075,1846.11083984375,1000.0
443,389,796672,1795,0.13797318935394287,0.9490379095077515,32.51823453903198,0.024230864,14.924894332885742,1940,0.2,0.0003,0.26796875,-0.014433321869000792,10.132071685791015,1846.11083984375,1000.0
443,390,798720,1799,0.13793283700942993,0.9582693576812744,21.94272928237915,0.03203266,10.206768989562988,1945,0.2,0.0003,0.2912109375,-0.015244838735088705,10.133754062652589,1846.11083984375,1000.0
443,391,800768,1804,0.13785748183727264,0.9561731815338135,22.868747997283936,0.0488976,11.071211814880371,1950,0.2,0.0003,0.41015625,-0.009060464310459792,10.141155195236205,1841.0892333984375,1000.0
443,392,802816,1808,0.13787727057933807,0.875506579875946,64.34710311889648,0.023706544,27.994752883911133,1955,0.2,0.0003,0.37021484375,-0.013163153338246048,10.146141576766968,1841.0892333984375,1000.0
443,393,804864,1813,0.1378639191389084,0.812170147895813,99.44870109558106,0.024906084,45.93699645996094,1960,0.2,0.0003,0.29892578125,-0.015430108830332755,10.143961858749389,1841.0892333984375,1000.0
443,394,806912,1817,0.13786640763282776,0.7445160150527954,125.41226005554199,0.026603501,61.140586853027344,1965,0.2,0.0003,0.24560546875,-0.01412878769915551,10.146565437316895,1841.0892333984375,1000.0
443,395,808960,1823,0.13797777891159058,0.7856123447418213,96.79538764953614,0.02763175,43.844764709472656,1970,0.2,0.0003,0.30673828125,-0.018046666216105223,10.140384817123413,1831.6444091796875,1000.0
443,396,811008,1827,0.1379697322845459,0.8248423933982849,84.38162803649902,0.036989592,35.627010345458984,1975,0.2,0.0003,0.31171875,-0.010612516920082271,10.129158544540406,1831.6444091796875,1000.0
443,397,813056,1832,0.1379127949476242,0.8748595118522644,58.45550270080567,0.018499367,21.496238708496094,1980,0.2,0.0003,0.2873046875,-0.01347410602029413,10.1366370677948,1831.6444091796875,1000.0
443,398,815104,1836,0.1378631889820099,0.9208372235298157,55.426405906677246,0.025900228,20.774662017822266,1985,0.2,0.0003,0.3015625,-0.012957194354385138,10.143646955490112,1831.6444091796875,1000.0
443,399,817152,1842,0.13790647685527802,0.9566522240638733,37.50678310394287,0.023607882,14.372183799743652,1990,0.2,0.0003,0.2947265625,-0.009406362078152597,10.14464602470398,1798.8341064453125,1000.0
443,400,819200,1846,0.13793759047985077,0.9488816857337952,61.89978885650635,0.020718558,31.3820743560791,1995,0.2,0.0003,0.24169921875,-0.009029228403232992,10.138407993316651,1798.8341064453125,1000.0
443,401,821248,1851,0.13795889914035797,0.9529803991317749,50.882648658752444,0.016759304,27.1673641204834,2000,0.2,0.0003,0.1900390625,-0.012870429293252527,10.13538122177124,1798.8341064453125,1000.0
443,402,823296,1855,0.13794638216495514,0.9474737644195557,58.57981414794922,0.017204415,27.034032821655273,2005,0.2,0.0003,0.19296875,-0.016141893051099032,10.135069656372071,1798.8341064453125,1000.0
443,403,825344,1862,0.13797037303447723,0.9604910016059875,44.31302127838135,0.020976357,21.391517639160156,2010,0.2,0.0003,0.264453125,-0.012301261216634884,10.135035133361816,1808.6925048828125,1000.0
442,404,827392,1867,0.13795919716358185,0.9693235158920288,34.581862163543704,0.021809906,15.713786125183105,2015,0.2,0.0003,0.24404296875,-0.013529244402889162,10.133226299285889,1808.6925048828125,1000.0
442,405,829440,1873,0.13797064125537872,0.9767390489578247,24.297803020477296,0.020967016,10.377995491027832,2020,0.2,0.0003,0.2345703125,-0.00925255676265806,10.134476327896119,1808.6925048828125,1000.0
442,406,831488,1878,0.1379813849925995,0.9743720889091492,24.367040824890136,0.01825042,11.323576927185059,2025,0.2,0.0003,0.21806640625,-0.010637934203259647,10.132248687744141,1808.6925048828125,1000.0
442,407,833536,1885,0.13793280720710754,0.973412811756134,23.34119396209717,0.022920374,10.088062286376953,2030,0.2,0.0003,0.2759765625,-0.010976070957258343,10.134023904800415,1813.1651611328125,1000.0
442,408,835584,1890,0.13792845606803894,0.962631344795227,31.296327114105225,0.030351317,17.620180130004883,2035,0.2,0.0003,0.39814453125,-0.015005809348076582,10.139616203308105,1813.1651611328125,1000.0
442,409,837632,1894,0.137910857796669,0.9724419116973877,17.043940544128418,0.03409665,7.612622261047363,2040,0.2,0.0003,0.35234375,-0.015460183599498124,10.139964628219605,1813.1651611328125,1000.0
442,410,839680,1899,0.13779933750629425,0.9678576588630676,21.374749851226806,0.031593885,10.300463676452637,2045,0.2,0.0003,0.34150390625,-0.009673339012078942,10.149324083328247,1813.1651611328125,1000.0
441,411,841728,1905,0.13775691390037537,0.9841562509536743,9.950201988220215,0.04567595,4.795960426330566,2050,0.2,0.0003,0.3806640625,-0.010159161675255745,10.158401727676392,1798.9527587890625,1000.0
441,412,843776,1910,0.13778188824653625,0.9466840028762817,40.44126567840576,0.027076097,17.4252872467041,2055,0.2,0.0003,0.41064453125,-0.00021547027863562108,10.16303243637085,1798.9527587890625,1000.0
441,413,845824,1914,0.1377985030412674,0.9438570737838745,42.66436500549317,0.023592828,19.8593692779541,2060,0.2,0.0003,0.31259765625,-0.011338518018601463,10.158838605880737,1798.9527587890625,1000.0
441,414,847872,1919,0.1377951055765152,0.9422029256820679,42.918127822875974,0.01845639,19.747440338134766,2065,0.2,0.0003,0.277734375,-0.015353325475007295,10.158179140090942,1798.9527587890625,1000.0
441,415,849920,1924,0.13772892951965332,0.9542266130447388,36.057499980926515,0.029025065,15.648438453674316,2070,0.2,0.0003,0.27236328125,-0.009240945428609848,10.162951898574828,1806.7802734375,1000.0
441,416,851968,1928,0.13769233226776123,0.964142918586731,32.950178146362305,0.021832034,16.467500686645508,2075,0.2,0.0003,0.28369140625,-0.013071555190254002,10.170268535614014,1806.7802734375,1000.0
441,417,854016,1932,0.13768123090267181,0.9795756936073303,21.318047523498535,0.031355735,9.314103126525879,2080,0.2,0.0003,0.3076171875,-0.0054463776759803295,10.173379802703858,1806.7802734375,1000.0
441,418,856064,1937,0.13768820464611053,0.9853461384773254,14.847104454040528,0.01905772,7.319885730743408,2085,0.2,0.0003,0.2904296875,-0.010030711302533746,10.171919679641723,1811.5640869140625,1000.0
441,419,858112,1941,0.13767021894454956,0.9841182231903076,16.516178464889528,0.044097573,8.072121620178223,2090,0.2,0.0003,0.403515625,0.006800020230002701,10.172700786590577,1811.5640869140625,1000.0
441,420,860160,1946,0.13762328028678894,0.9337995052337646,19.90019807815552,0.027807998,9.511716842651367,2095,0.2,0.0003,0.2826171875,-0.00873104038182646,10.176459693908692,1811.5640869140625,1000.0
441,421,862208,1951,0.13759224116802216,0.9538030028343201,13.976447010040284,0.020003164,5.92066764831543,2100,0.2,0.0003,0.24150390625,-0.007579301076475531,10.182769632339477,1811.5640869140625,1000.0
441,422,864256,1957,0.137520432472229,0.9305211305618286,17.025189781188963,0.05502218,7.9782843589782715,2105,0.2,0.0003,0.31416015625,-0.003066687087994069,10.187694692611695,1835.926513671875,1000.0
441,423,866304,1960,0.13746289908885956,0.8927933573722839,26.92757377624512,0.034099843,12.453414916992188,2110,0.2,0.0003,0.41943359375,0.0011668082559481263,10.19818868637085,1835.926513671875,1000.0
441,424,868352,1964,0.13740314543247223,0.9610071778297424,12.245429039001465,0.03342342,5.24911642074585,2115,0.2,0.0003,0.3205078125,-0.006952814257238061,10.204733848571777,1835.926513671875,1000.0
442,425,870400,1968,0.13731785118579865,0.9481515288352966,16.046859407424925,0.043635935,8.139851570129395,2120,0.2,0.0003,0.466796875,0.004843160486780107,10.213608884811402,1835.926513671875,1000.0
441,426,872448,1974,0.1373327374458313,0.9546085596084595,12.5028564453125,0.026754111,5.616240501403809,2125,0.2,0.0003,0.29345703125,-0.015168859343975782,10.221388387680054,1852.22021484375,1000.0
442,427,874496,1978,0.13731566071510315,0.8817064762115479,36.969591808319095,0.027236618,16.403200149536133,2130,0.2,0.0003,0.30654296875,-0.01220201444812119,10.218038702011109,1852.22021484375,1000.0
442,428,876544,1982,0.13721805810928345,0.9223496913909912,28.638141059875487,0.024817072,13.823644638061523,2135,0.2,0.0003,0.28759765625,-0.014306618715636432,10.224878692626953,1852.22021484375,1000.0
442,429,878592,1986,0.13715684413909912,0.9433277249336243,20.223789596557616,0.050744794,9.717277526855469,2140,0.2,0.0003,0.38203125,-0.013384122750721872,10.236565923690796,1852.22021484375,1000.0
442,430,880640,1991,0.13712038099765778,0.9414078593254089,21.552548027038576,0.031694785,9.773748397827148,2145,0.2,0.0003,0.34619140625,-0.00903702424839139,10.241820669174194,1851.47607421875,1000.0
442,431,882688,1995,0.13710813224315643,0.8007292747497559,81.16256599426269,0.03600432,39.2037353515625,2150,0.2,0.0003,0.28916015625,-0.003620107122696936,10.24654574394226,1851.47607421875,1000.0
442,432,884736,1999,0.13710683584213257,0.796295702457428,86.08147735595703,0.029089922,35.19557189941406,2155,0.2,0.0003,0.25791015625,-0.007844639709219337,10.247782707214355,1851.47607421875,1000.0
442,433,886784,2003,0.1371610164642334,0.7652168273925781,81.8037353515625,0.022924682,35.823001861572266,2160,0.2,0.0003,0.2458984375,-0.00955787675920874,10.244532585144043,1851.47607421875,1000.0
442,434,888832,2008,0.13713142275810242,0.7901158332824707,67.8157865524292,0.029449115,34.36320114135742,2165,0.2,0.0003,0.2484375,-0.011694334726780654,10.240285634994507,1840.924560546875,1000.0
442,435,890880,2012,0.13709570467472076,0.6987698078155518,71.52052898406983,0.0428318,31.873517990112305,2170,0.2,0.0003,0.40654296875,-0.006238879263401031,10.248582029342652,1840.924560546875,1000.0
442,436,892928,2016,0.13703808188438416,0.8810409307479858,26.15383596420288,0.032851145,11.497745513916016,2175,0.2,0.0003,0.312109375,-0.0015571535099297763,10.25351505279541,1840.924560546875,1000.0
442,437,894976,2020,0.13699017465114594,0.8840745091438293,24.746451473236085,0.028432481,10.480441093444824,2180,0.2,0.0003,0.32294921875,-0.0021314808167517186,10.260182428359986,1840.924560546875,1000.0
442,438,897024,2025,0.1368841528892517,0.8602455854415894,31.656521606445313,0.025137244,15.664168357849121,2185,0.2,0.0003,0.3306640625,-0.004497081227600575,10.269679594039918,1862.361572265625,1000.0
443,439,899072,2029,0.1367974430322647,0.7432448863983154,104.01728515625,0.076499425,55.86763000488281,2190,0.2,0.0003,0.58857421875,0.05207444941624999,10.285239696502686,1862.361572265625,1000.0
443,440,901120,2033,0.13678748905658722,0.6327011585235596,164.04735641479493,0.018655986,73.7577133178711,2195,0.2,0.0003,0.3521484375,0.011630060302559286,10.28974757194519,1862.361572265625,1000.0
443,441,903168,2036,0.1367918848991394,0.6806718111038208,153.36704940795897,0.02630321,73.75479888916016,2200,0.2,0.0003,0.22333984375,-0.009955157549120486,10.290183448791504,1862.361572265625,1000.0
443,442,905216,2041,0.13677220046520233,0.7053026556968689,141.2284786224365,0.02132303,71.65189361572266,2205,0.2,0.0003,0.1947265625,-0.01099908675532788,10.290558195114135,1852.199951171875,1000.0
443,443,907264,2045,0.13671566545963287,0.8004323840141296,82.9057544708252,0.019184563,42.201988220214844,2210,0.2,0.0003,0.24091796875,-0.014231631415896118,10.295470476150513,1852.199951171875,1000.0
443,444,909312,2050,0.13667044043540955,0.9342081546783447,27.4302939414978,0.02613914,12.771963119506836,2215,0.2,0.0003,0.2244140625,-0.009535635320935399,10.303334856033326,1852.199951171875,1000.0
443,445,911360,2054,0.13665474951267242,0.9497827887535095,22.472938060760498,0.032535747,9.015424728393555,2220,0.2,0.0003,0.2744140625,-0.0036359878722578287,10.306877613067627,1852.199951171875,1000.0
443,446,913408,2060,0.13663676381111145,0.9637624025344849,17.478720903396606,0.02031264,6.743302345275879,2225,0.2,0.0003,0.23388671875,-0.00826547695323825,10.30866003036499,1849.8785400390625,1000.0
443,447,915456,2064,0.13661572337150574,0.8359850645065308,91.4417064666748,0.017195273,39.25916290283203,2230,0.2,0.0003,0.22646484375,-0.01448919081594795,10.311137151718139,1849.8785400390625,1000.0
443,448,917504,2068,0.13662774860858917,0.9132590889930725,50.60362949371338,0.021713994,23.557472229003906,2235,0.2,0.0003,0.2384765625,-0.011752077785786241,10.31287636756897,1849.8785400390625,1000.0
443,449,919552,2073,0.13666021823883057,0.895990252494812,63.88197002410889,0.023555934,32.35818862915039,2240,0.2,0.0003,0.32587890625,-0.014319864008575678,10.30894718170166,1849.8785400390625,1000.0
443,450,921600,2078,0.1367146372795105,0.9203904867172241,50.79096145629883,0.027893854,23.772085189819336,2245,0.2,0.0003,0.32880859375,-0.01636430125217885,10.302770185470582,1852.9786376953125,1000.0
443,451,923648,2082,0.13662952184677124,0.9523003697395325,32.761790084838864,0.024162715,16.359710693359375,2250,0.2,0.0003,0.32763671875,-0.013618483650498092,10.302760601043701,1852.9786376953125,1000.0
443,452,925696,2086,0.1366492062807083,0.9696857333183289,20.447313022613525,0.040292542,9.861372947692871,2255,0.2,0.0003,0.3662109375,-0.0052631610538810495,10.309930324554443,1852.9786376953125,1000.0
443,453,927744,2090,0.13666458427906036,0.9494833946228027,34.36875991821289,0.038148873,17.880586624145508,2260,0.2,0.0003,0.40625,-0.004854512703604996,10.3068021774292,1852.9786376953125,1000.0
443,454,929792,2095,0.13653017580509186,0.971131443977356,18.495588302612305,0.050327208,8.200328826904297,2265,0.2,0.0003,0.414453125,-0.010779811535030603,10.312175083160401,1843.3682861328125,1000.0
443,455,931840,2099,0.13643810153007507,0.9228581786155701,53.82463912963867,0.025392663,25.746749877929688,2270,0.2,0.0003,0.32236328125,-0.010746488906443119,10.329384422302246,1843.3682861328125,1000.0
444,456,933888,2103,0.13640359044075012,0.9542079567909241,33.358515071868894,0.023503872,16.490812301635742,2275,0.2,0.0003,0.2671875,-0.011048996984027327,10.337211847305298,1843.3682861328125,1000.0
444,457,935936,2107,0.13639572262763977,0.9667717814445496,22.386291694641113,0.044990033,10.557138442993164,2280,0.2,0.0003,0.3666015625,-0.01621700469404459,10.340468072891236,1843.3682861328125,1000.0
444,458,937984,2111,0.1363305300474167,0.9672808051109314,23.457735061645508,0.033691563,11.514237403869629,2285,0.2,0.0003,0.30537109375,-0.004467215342447162,10.343199968338013,1843.8795166015625,1000.0
444,459,940032,2116,0.13627102971076965,0.9004048705101013,61.97355155944824,0.020168647,29.18581199645996,2290,0.2,0.0003,0.35458984375,0.0026571692200377584,10.35410804748535,1843.8795166015625,1000.0
444,460,942080,2119,0.136244535446167,0.9308987855911255,42.98897933959961,0.021963006,18.918420791625977,2295,0.2,0.0003,0.25244140625,-0.01785567990737036,10.358164501190185,1843.8795166015625,1000.0
444,461,944128,2125,0.13623183965682983,0.9207724332809448,49.88571605682373,0.026138164,23.703027725219727,2300,0.2,0.0003,0.30703125,-0.014855399960651994,10.361539030075074,1841.8443603515625,1000.0
444,462,946176,2129,0.13618020713329315,0.9502220749855042,32.848397445678714,0.027216434,16.002593994140625,2305,0.2,0.0003,0.3564453125,-0.016204507811926304,10.365919542312621,1841.8443603515625,1000.0
444,463,948224,2133,0.13609395921230316,0.9483679533004761,28.5898850440979,0.024197014,13.422995567321777,2310,0.2,0.0003,0.224609375,-0.012153841718100012,10.373921203613282,1841.8443603515625,1000.0
444,464,950272,2137,0.13607200980186462,0.9507084488868713,25.65123281478882,0.026906217,11.879951477050781,2315,0.2,0.0003,0.283984375,-0.01213413905352354,10.383278846740723,1841.8443603515625,1000.0
444,465,952320,2143,0.13603143393993378,0.9660847783088684,16.818824434280394,0.021365497,6.997260093688965,2320,0.2,0.0003,0.28486328125,-0.012002267059870064,10.386370420455933,1844.3629150390625,1000.0
444,466,954368,2146,0.13600309193134308,0.9378514885902405,29.034516716003417,0.05418584,13.322468757629395,2325,0.2,0.0003,0.43974609375,0.0021508535370230674,10.392007112503052,1844.3629150390625,1000.0
444,467,956416,2150,0.13600514829158783,0.9062502384185791,20.683991622924804,0.034266412,10.074045181274414,2330,0.2,0.0003,0.34794921875,-0.009550688089802861,10.391839790344239,1844.3629150390625,1000.0
444,468,958464,2154,0.13598942756652832,0.9093945026397705,21.62940320968628,0.058345225,10.11645221710205,2335,0.2,0.0003,0.44638671875,-0.005118539347313345,10.393605518341065,1844.3629150390625,1000.0
444,469,960512,2160,0.13590016961097717,0.9093438982963562,20.749699115753174,0.025850344,8.300690650939941,2340,0.2,0.0003,0.32314453125,-0.01418970818631351,10.399132108688354,1825.9937744140625,1000.0
444,470,962560,2164,0.13577696681022644,0.9303170442581177,30.05673313140869,0.037133988,15.6077880859375,2345,0.2,0.0003,0.3283203125,-0.011551169585436583,10.41423454284668,1825.9937744140625,1000.0
444,471,964608,2169,0.13574621081352234,0.974402904510498,21.04133186340332,0.043810785,9.02562427520752,2350,0.2,0.0003,0.36904296875,0.004203406535089016,10.426971578598023,1825.9937744140625,1000.0
444,472,966656,2173,0.13570183515548706,0.9780287146568298,17.375205516815186,0.039247993,8.586984634399414,2355,0.2,0.0003,0.405859375,0.0023852911312133075,10.429841613769531,1825.9937744140625,1000.0
444,473,968704,2178,0.1356486827135086,0.9755122661590576,19.802542781829835,0.03317537,9.851238250732422,2360,0.2,0.0003,0.3583984375,-0.012245794059708714,10.437106466293335,1826.22998046875,1000.0
444,474,970752,2182,0.13559909164905548,0.947881817817688,43.3407787322998,0.019574909,21.46119499206543,2365,0.2,0.0003,0.29970703125,-0.013860142987687141,10.444224643707276,1826.22998046875,1000.0
444,475,972800,2186,0.13553474843502045,0.9494000673294067,39.69917640686035,0.02464617,19.19791603088379,2370,0.2,0.0003,0.30400390625,-0.014287431677803396,10.45144829750061,1826.22998046875,1000.0
445,476,974848,2190,0.13548366725444794,0.9735481142997742,19.743214225769044,0.044743083,9.941563606262207,2375,0.2,0.0003,0.37587890625,-0.00732049741782248,10.460755825042725,1826.22998046875,1000.0
444,477,976896,2195,0.1354229599237442,0.968124270439148,23.907548713684083,0.0237272,11.760438919067383,2380,0.2,0.0003,0.33447265625,-0.005416840652469545,10.46685061454773,1830.5888671875,1000.0
445,478,978944,2199,0.13538537919521332,0.9536178708076477,38.40405015945434,0.026182435,18.61069679260254,2385,0.2,0.0003,0.35791015625,-0.008729786821641028,10.47455415725708,1830.5888671875,1000.0
445,479,980992,2203,0.1352817416191101,0.9730591177940369,19.119115924835206,0.04753705,9.266032218933105,2390,0.2,0.0003,0.3765625,-0.01057708595180884,10.482392597198487,1830.5888671875,1000.0
445,480,983040,2208,0.13520266115665436,0.9683690071105957,20.88695936203003,0.054866258,9.890528678894043,2395,0.2,0.0003,0.37646484375,-0.0005956665612757206,10.494729900360108,1830.5888671875,1000.0
444,481,985088,2214,0.13514183461666107,0.9665465354919434,20.051779556274415,0.05215729,9.796025276184082,2400,0.2,0.0003,0.40654296875,-0.005853353417478502,10.504645347595215,1846.9451904296875,1000.0
444,482,987136,2218,0.13515131175518036,0.9283559322357178,32.42745723724365,0.03330055,14.548032760620117,2405,0.2,0.0003,0.35107421875,-0.01339721183758229,10.508598375320435,1846.9451904296875,1000.0
445,483,989184,2222,0.13505865633487701,0.9475241303443909,17.180295991897584,0.040883113,8.283476829528809,2410,0.2,0.0003,0.36904296875,-0.011293517530430109,10.510161924362183,1846.9451904296875,1000.0
445,484,991232,2226,0.13499900698661804,0.9444254040718079,19.14094944000244,0.03884762,9.4109468460083,2415,0.2,0.0003,0.378515625,-0.0037961594527587293,10.524042415618897,1846.9451904296875,1000.0
445,485,993280,2231,0.13486574590206146,0.9497511982917786,17.55526876449585,0.03915402,8.567618370056152,2420,0.2,0.0003,0.3671875,-0.012145778187550605,10.534972190856934,1844.90380859375,1000.0
445,486,995328,2236,0.13490545749664307,0.95612633228302,26.37852144241333,0.030536378,12.810399055480957,2425,0.2,0.0003,0.34345703125,-0.015675978292711078,10.545271921157838,1844.90380859375,1000.0
445,487,997376,2240,0.13492155075073242,0.9557979702949524,21.654519748687743,0.034775745,10.13426399230957,2430,0.2,0.0003,0.32197265625,-0.012248609459493309,10.53707513809204,1844.90380859375,1000.0
445,488,999424,2244,0.13490130007266998,0.9755011796951294,11.803968572616578,0.04053891,5.802735805511475,2435,0.2,0.0003,0.375390625,-0.011889128794427961,10.539602518081665,1844.90380859375,1000.0
445,489,1001472,2249,0.1349412053823471,0.9734102487564087,12.830749130249023,0.034645088,5.8936543464660645,2440,0.2,0.0003,0.3689453125,-0.006230571866035461,10.540264177322388,1867.8426513671875,1000.0
445,490,1003520,2254,0.1348494291305542,0.9557096362113953,27.956432628631593,0.03947226,13.400392532348633,2445,0.2,0.0003,0.351171875,-0.016646741377189755,10.540716552734375,1867.8426513671875,1000.0
445,491,1005568,2258,0.13471055030822754,0.9628034830093384,22.465971755981446,0.04958769,10.529397964477539,2450,0.2,0.0003,0.41103515625,-0.004679179773665965,10.557348442077636,1867.8426513671875,1000.0
445,492,1007616,2262,0.13461631536483765,0.9780818223953247,14.744796466827392,0.02761592,7.159865379333496,2455,0.2,0.0003,0.3986328125,7.303296588361264e-05,10.573068857192993,1867.8426513671875,1000.0
445,493,1009664,2267,0.1345621943473816,0.9826844334602356,12.607707071304322,0.025317557,5.512695789337158,2460,0.2,0.0003,0.29453125,-0.013110102456994354,10.582940483093262,1892.1697998046875,1000.0
445,494,1011712,2272,0.13453309237957,0.7704659700393677,110.5095775604248,0.028678603,55.894569396972656,2465,0.2,0.0003,0.32900390625,2.4529430083930494e-05,10.588101863861084,1892.1697998046875,1000.0
445,495,1013760,2277,0.13452579081058502,0.7182652950286865,84.42611274719238,0.019767791,38.7473030090332,2470,0.2,0.0003,0.242578125,-0.004569441999774426,10.58953037261963,1892.1697998046875,1000.0
445,496,1015808,2282,0.13450002670288086,0.70067298412323,97.57577095031738,0.022928499,48.511600494384766,2475,0.2,0.0003,0.209375,-0.013730852399021387,10.591919088363648,1892.1697998046875,1000.0
444,497,1017856,2288,0.13450630009174347,0.6882197856903076,88.7774772644043,0.01787612,46.249603271484375,2480,0.2,0.0003,0.18017578125,-0.015254949452355504,10.594202327728272,1879.71337890625,1000.0
444,498,1019904,2292,0.13448046147823334,0.7781023383140564,72.11135787963867,0.022495613,31.607603073120117,2485,0.2,0.0003,0.212109375,-0.013474028930068016,10.592437982559204,1879.71337890625,1000.0
444,499,1021952,2297,0.1344044953584671,0.8970393538475037,27.227531337738036,0.023363344,13.160762786865234,2490,0.2,0.0003,0.318359375,-0.012513934751041234,10.601400661468507,1879.71337890625,1000.0
444,500,1024000,2304,0.13431252539157867,0.868404746055603,33.787168216705325,0.026152022,16.448453903198242,2495,0.2,0.0003,0.3056640625,-0.008337776595726609,10.610768270492553,1897.46337890625,1000.0
443,501,1026048,2311,0.13425879180431366,0.844788670539856,39.228606605529784,0.03519863,18.767410278320312,2500,0.2,0.0003,0.33955078125,-0.010477758618071676,10.621825218200684,1897.46337890625,1000.0
443,502,1028096,2317,0.13424846529960632,0.5682427883148193,154.27111434936523,0.03815475,76.28729248046875,2505,0.2,0.0003,0.43212890625,0.012684043031185865,10.625999450683594,1897.46337890625,1000.0
443,503,1030144,2323,0.13427241146564484,0.5541083216667175,121.2328670501709,0.024665166,53.62043762207031,2510,0.2,0.0003,0.24833984375,-0.012999742617830634,10.62529697418213,1897.46337890625,1000.0
442,504,1032192,2331,0.13432878255844116,0.5568041801452637,96.07605667114258,0.021807471,42.94957733154297,2515,0.2,0.0003,0.2818359375,-0.01807112308451906,10.619874620437622,1875.422607421875,1000.0
442,505,1034240,2338,0.13430926203727722,0.4416818618774414,110.09671249389649,0.024965083,59.578636169433594,2520,0.2,0.0003,0.30458984375,-0.018331951391883195,10.615042734146119,1875.422607421875,1000.0
441,506,1036288,2344,0.1342799961566925,-0.3461432456970215,188.20092086791993,0.022544943,91.0880355834961,2525,0.2,0.0003,0.2443359375,-0.01068151940125972,10.620731496810913,1875.422607421875,1000.0
441,507,1038336,2350,0.13423241674900055,-0.4981200695037842,178.19210891723634,0.021031562,82.11715698242188,2530,0.2,0.0003,0.1828125,-0.01037974893115461,10.62477378845215,1875.422607421875,1000.0
441,508,1040384,2358,0.13413198292255402,-0.31594932079315186,120.07521514892578,0.04637503,53.701229095458984,2535,0.2,0.0003,0.33056640625,-0.01494813202880323,10.634479236602782,1866.7115478515625,1000.0
440,509,1042432,2364,0.13411186635494232,-0.04835689067840576,126.37865562438965,0.09452748,66.7907485961914,2540,0.2,0.0003,0.48916015625,0.009078531700652093,10.644208335876465,1866.7115478515625,1000.0
440,510,1044480,2371,0.13409928977489471,0.48722606897354126,46.664316749572755,0.058014736,16.723814010620117,2545,0.2,0.0003,0.5984375,0.059711683681234716,10.646639680862426,1866.7115478515625,1000.0
440,511,1046528,2377,0.13403254747390747,0.3538399934768677,39.51191492080689,0.036782835,13.584089279174805,2550,0.2,0.0003,0.45078125,0.015148057485930622,10.648232984542847,1866.7115478515625,1000.0
439,512,1048576,2385,0.13391202688217163,0.5384138822555542,21.364441394805908,0.04561784,6.639802932739258,2555,0.2,0.0003,0.3978515625,0.005314495484344661,10.66281795501709,1884.3544921875,1000.0
439,513,1050624,2391,0.1337876170873642,0.5940304398536682,39.90290203094482,0.055649012,21.140331268310547,2560,0.2,0.0003,0.35771484375,-0.009224877157248557,10.679397869110108,1884.3544921875,1000.0
439,514,1052672,2395,0.1337907463312149,0.4161531925201416,22.710576438903807,0.07238862,9.86093807220459,2565,0.2,0.0003,0.36884765625,-0.0015711745247244835,10.690253353118896,1884.3544921875,1000.0
439,515,1054720,2399,0.13388130068778992,0.13984084129333496,25.82183971405029,0.09417996,11.996939659118652,2570,0.2,0.0003,0.5015625,0.011041123617906124,10.68204836845398,1884.3544921875,1000.0
439,516,1056768,2404,0.13371427357196808,0.30131351947784424,17.4907084941864,0.1444754,9.221668243408203,2575,0.2,0.0003,0.57275390625,0.01135458208154887,10.683257722854615,1867.3699951171875,1000.0
439,517,1058816,2408,0.13352788984775543,0.22806227207183838,28.46062994003296,0.13662913,13.482172966003418,2580,0.2,0.0003,0.58701171875,0.023103347793221474,10.71245985031128,1867.3699951171875,1000.0
439,518,1060864,2413,0.13348263502120972,0.44017714262008667,30.32113389968872,0.054282382,11.07026195526123,2585,0.2,0.0003,0.57626953125,0.045179110020399094,10.727779817581176,1867.3699951171875,1000.0
439,519,1062912,2417,0.13345414400100708,0.7002949714660645,19.228900718688966,0.045241788,8.401435852050781,2590,0.2,0.0003,0.38671875,0.0030417274218052627,10.731909370422363,1867.3699951171875,1000.0
439,520,1064960,2422,0.13344082236289978,0.661132276058197,35.905055332183835,0.040630355,16.439252853393555,2595,0.2,0.0003,0.39765625,0.008287445647874847,10.735305833816529,1868.2427978515625,1000.0
439,521,1067008,2426,0.13343609869480133,0.82097327709198,28.597939491271973,0.027240377,13.521539688110352,2600,0.2,0.0003,0.26767578125,-0.009063567349221558,10.735853052139282,1868.2427978515625,1000.0
439,522,1069056,2430,0.13342712819576263,0.9006112813949585,30.35716619491577,0.018152753,10.32795524597168,2605,0.2,0.0003,0.19892578125,-0.004587764106690884,10.73636417388916,1868.2427978515625,1000.0
440,523,1071104,2434,0.13340350985527039,0.9385482668876648,19.39260263442993,0.020290695,8.7582368850708,2610,0.2,0.0003,0.1875,-0.010111848288215698,10.737618589401245,1868.2427978515625,1000.0
439,524,1073152,2439,0.1334170401096344,0.931930661201477,26.49128713607788,0.030585196,11.223045349121094,2615,0.2,0.0003,0.3662109375,0.002969078114256263,10.740937280654908,1882.78857421875,1000.0
440,525,1075200,2443,0.13339205086231232,0.846419632434845,51.458932876586914,0.021312136,27.186948776245117,2620,0.2,0.0003,0.23818359375,-0.012824736163020134,10.73919711112976,1882.78857421875,1000.0
440,526,1077248,2448,0.13334126770496368,0.7304093837738037,72.80953674316406,0.026927158,33.027462005615234,2625,0.2,0.0003,0.22685546875,-0.016394124273210763,10.745637464523316,1882.78857421875,1000.0
440,527,1079296,2452,0.1333099752664566,0.7804151177406311,65.77337684631348,0.022025162,34.53154754638672,2630,0.2,0.0003,0.2474609375,-0.017272937437519433,10.751238250732422,1882.78857421875,1000.0
440,528,1081344,2457,0.13327699899673462,0.7853682637214661,63.95294322967529,0.020579569,28.717866897583008,2635,0.2,0.0003,0.261328125,-0.01571818212978542,10.755688428878784,1866.0277099609375,1000.0
440,529,1083392,2461,0.13321474194526672,0.8255530595779419,39.34683341979981,0.025900783,21.624303817749023,2640,0.2,0.0003,0.2712890625,-0.020698690973222255,10.761944913864136,1866.0277099609375,1000.0
440,530,1085440,2465,0.13322845101356506,0.8778849244117737,27.87763442993164,0.027526539,11.982044219970703,2645,0.2,0.0003,0.2509765625,-0.012768531730398536,10.766812753677367,1866.0277099609375,1000.0
440,531,1087488,2470,0.13326305150985718,0.8975595235824585,24.24680700302124,0.03195394,10.452607154846191,2650,0.2,0.0003,0.26865234375,-0.01332676880992949,10.76283106803894,1866.0277099609375,1000.0
439,532,1089536,2477,0.1332123875617981,0.9149361252784729,21.95835189819336,0.017829958,10.687066078186035,2655,0.2,0.0003,0.2150390625,-0.01698970466386527,10.76243782043457,1868.487060546875,1000.0
439,533,1091584,2484,0.13317757844924927,0.8276782631874084,75.9940673828125,0.033775784,32.9034538269043,2660,0.2,0.0003,0.2697265625,-0.0010825902747455985,10.770506525039673,1868.487060546875,1000.0
439,534,1093632,2490,0.1331508755683899,0.8208996057510376,82.66945304870606,0.021691557,37.835533142089844,2665,0.2,0.0003,0.2126953125,-0.008575554320123047,10.772875308990479,1868.487060546875,1000.0
438,535,1095680,2496,0.133111834526062,0.8233373165130615,79.9217758178711,0.017171234,34.534400939941406,2670,0.2,0.0003,0.19755859375,-0.012302290578372777,10.778714561462403,1868.487060546875,1000.0
438,536,1097728,2504,0.13306201994419098,0.8252376317977905,62.760083770751955,0.01545579,26.454235076904297,2675,0.2,0.0003,0.1662109375,-0.011792915244586765,10.78369860649109,1832.0743408203125,1000.0
437,537,1099776,2511,0.13296638429164886,0.9388676285743713,26.67394027709961,0.021541523,13.490974426269531,2680,0.2,0.0003,0.28876953125,-0.014312133565545082,10.793504667282104,1832.0743408203125,1000.0
437,538,1101824,2517,0.13290482759475708,0.9657154083251953,18.955396747589113,0.02343624,8.931139945983887,2685,0.2,0.0003,0.25244140625,-0.012091801781207324,10.805007553100586,1832.0743408203125,1000.0
437,539,1103872,2523,0.1328786015510559,0.9511109590530396,27.550178909301756,0.019305428,13.125716209411621,2690,0.2,0.0003,0.2375,-0.015123606496490537,10.810471105575562,1832.0743408203125,1000.0
436,540,1105920,2531,0.13286089897155762,0.9637274742126465,21.116925048828126,0.017924005,10.444907188415527,2695,0.2,0.0003,0.24033203125,-0.01172525337897241,10.81301736831665,1838.580810546875,1000.0
436,541,1107968,2538,0.13285504281520844,0.8216964602470398,83.6189136505127,0.022258174,36.84260177612305,2700,0.2,0.0003,0.32666015625,0.003165490971878171,10.815424299240112,1838.580810546875,1000.0
436,542,1110016,2544,0.13285879790782928,0.8221691250801086,71.6011775970459,0.019973205,31.412700653076172,2705,0.2,0.0003,0.20263671875,-0.012643906776793301,10.81492371559143,1838.580810546875,1000.0
435,543,1112064,2552,0.13284029066562653,0.7865121960639954,70.95382614135742,0.015911538,32.40602493286133,2710,0.2,0.0003,0.16376953125,-0.012469401815906167,10.81517734527588,1819.522705078125,1000.0
435,544,1114112,2559,0.13281835615634918,0.7795203328132629,63.30748691558838,0.021467209,31.68647575378418,2715,0.2,0.0003,0.2078125,-0.016046761674806474,10.819169950485229,1819.522705078125,1000.0
435,545,1116160,2564,0.13276198506355286,0.7297909259796143,28.8791259765625,0.03624189,13.49395751953125,2720,0.2,0.0003,0.37060546875,-0.014668812276795506,10.823184251785278,1819.522705078125,1000.0
435,546,1118208,2569,0.13261204957962036,0.8358572721481323,16.537374114990236,0.041408516,7.020049571990967,2725,0.2,0.0003,0.46005859375,0.014326802059076726,10.837901592254639,1819.522705078125,1000.0
434,547,1120256,2575,0.13256633281707764,0.8121181130409241,16.892424869537354,0.03936871,7.178345203399658,2730,0.2,0.0003,0.416796875,-0.003561564814299345,10.852429723739624,1807.1055908203125,1000.0
434,548,1122304,2581,0.1326856166124344,0.7561285495758057,23.267586326599123,0.033522293,10.100105285644531,2735,0.2,0.0003,0.36181640625,-0.007603969168849289,10.849678421020508,1807.1055908203125,1000.0
434,549,1124352,2587,0.13276858627796173,0.8349984884262085,33.354053592681886,0.026808038,11.514892578125,2740,0.2,0.0003,0.388671875,0.012444817111827433,10.832719612121583,1807.1055908203125,1000.0
434,550,1126400,2593,0.13277651369571686,0.8626224994659424,29.72959327697754,0.014444737,10.133784294128418,2745,0.2,0.0003,0.18017578125,-0.00681089282152243,10.827139949798584,1807.1055908203125,1000.0
433,551,1128448,2601,0.13275153934955597,0.8755282163619995,30.50652894973755,0.020539418,11.769926071166992,2750,0.2,0.0003,0.13466796875,-0.009123399190139025,10.828220701217651,1830.1004638671875,1000.0
433,552,1130496,2607,0.1327708214521408,0.7482155561447144,78.40399971008301,0.019790111,51.40774917602539,2755,0.2,0.0003,0.2125,-0.015448889322578907,10.830411767959594,1830.1004638671875,1000.0
433,553,1132544,2613,0.1327996402978897,0.6788381338119507,87.28169174194336,0.024038697,39.533843994140625,2760,0.2,0.0003,0.2142578125,-0.011961280833929777,10.82563762664795,1830.1004638671875,1000.0
433,554,1134592,2619,0.13281351327896118,0.6352706551551819,94.56381072998047,0.01963569,44.698360443115234,2765,0.2,0.0003,0.22001953125,-0.009645742899738251,10.822935438156128,1830.1004638671875,1000.0
432,555,1136640,2627,0.1328083574771881,0.6478735208511353,70.78208332061767,0.033078335,28.562397003173828,2770,0.2,0.0003,0.24658203125,-0.01276616167742759,10.822669267654419,1844.2562255859375,1000.0
432,556,1138688,2633,0.13275930285453796,0.679409384727478,64.24047508239747,0.0377451,31.860376358032227,2775,0.2,0.0003,0.35244140625,-0.011571953294333071,10.825185966491699,1844.2562255859375,1000.0
432,557,1140736,2640,0.13269099593162537,0.8424169421195984,30.093547058105468,0.046241507,13.884847640991211,2780,0.2,0.0003,0.38037109375,0.0056502630701288584,10.833248472213745,1844.2562255859375,1000.0
431,558,1142784,2646,0.1327092945575714,0.8778032064437866,26.28245735168457,0.02577287,12.871423721313477,2785,0.2,0.0003,0.33701171875,-0.0020204953849315642,10.839417505264283,1844.2562255859375,1000.0
431,559,1144832,2653,0.1326921582221985,0.9152653217315674,20.313739776611328,0.034144253,10.180971145629883,2790,0.2,0.0003,0.3501953125,0.0002683599479496479,10.835973501205444,1848.45703125,1000.0
431,560,1146880,2658,0.1326705813407898,0.8977116942405701,24.49553985595703,0.026984407,12.072001457214355,2795,0.2,0.0003,0.29384765625,-0.008949424372985959,10.842330121994019,1848.45703125,1000.0
431,561,1148928,2663,0.1326349377632141,0.9183197021484375,19.845580673217775,0.029617783,7.068531036376953,2800,0.2,0.0003,0.3021484375,-0.0007171609904617071,10.84523377418518,1848.45703125,1000.0
431,562,1150976,2668,0.13263897597789764,0.9353686571121216,19.613779020309448,0.028417315,7.492822170257568,2805,0.2,0.0003,0.36845703125,0.0063699766760692,10.849672508239745,1848.45703125,1000.0
431,563,1153024,2673,0.1326892226934433,0.9291106462478638,24.523496055603026,0.020304963,10.308653831481934,2810,0.2,0.0003,0.27890625,-0.00695363855920732,10.844879055023194,1871.1011962890625,1000.0
431,564,1155072,2678,0.1327337771654129,0.9343236684799194,26.312493324279785,0.0222599,11.501120567321777,2815,0.2,0.0003,0.30224609375,-0.016030800971202554,10.839397716522218,1871.1011962890625,1000.0
431,565,1157120,2682,0.13267070055007935,0.9643757343292236,17.914386653900145,0.028587874,8.125249862670898,2820,0.2,0.0003,0.33095703125,-0.016952642938122153,10.839388799667358,1871.1011962890625,1000.0
431,566,1159168,2686,0.13260293006896973,0.966153085231781,18.78338556289673,0.035697043,8.86036205291748,2825,0.2,0.0003,0.34755859375,-0.010355411458294838,10.850220775604248,1871.1011962890625,1000.0
431,567,1161216,2691,0.13246600329875946,0.9768480062484741,13.722435522079468,0.040439144,6.896061897277832,2830,0.2,0.0003,0.3603515625,-0.018041620327858256,10.861377048492432,1887.0447998046875,1000.0
431,568,1163264,2695,0.1323828250169754,0.9349458813667297,33.060647869110106,0.02639149,14.914527893066406,2835,0.2,0.0003,0.3427734375,-0.01731145055964589,10.878475761413574,1887.0447998046875,1000.0
431,569,1165312,2701,0.13238069415092468,0.9653030633926392,14.459327840805054,0.027898682,6.960139274597168,2840,0.2,0.0003,0.27646484375,-0.01294180324766785,10.884550619125367,1887.0447998046875,1000.0
431,570,1167360,2707,0.13239742815494537,0.9608217477798462,14.313067150115966,0.025849242,6.454648494720459,2845,0.2,0.0003,0.31826171875,-0.01702917693182826,10.882414054870605,1887.0447998046875,1000.0
430,571,1169408,2715,0.13230539858341217,0.9634357690811157,14.427788734436035,0.038355183,5.797933101654053,2850,0.2,0.0003,0.389453125,-0.009174411557614804,10.885487461090088,1876.8421630859375,1000.0
430,572,1171456,2721,0.13224786520004272,0.8040133714675903,97.60139198303223,0.024607457,45.90045166015625,2855,0.2,0.0003,0.34580078125,0.002576080639846623,10.898453712463379,1876.8421630859375,1000.0
430,573,1173504,2725,0.1322406530380249,0.7842987775802612,92.97570114135742,0.017503886,41.365604400634766,2860,0.2,0.0003,0.19296875,-0.010602637007832528,10.901335525512696,1876.8421630859375,1000.0
430,574,1175552,2728,0.13224494457244873,0.803600549697876,85.39320297241211,0.018519618,41.90023422241211,2865,0.2,0.0003,0.18427734375,-0.014761277614161373,10.901689291000366,1876.8421630859375,1000.0
430,575,1177600,2735,0.13223010301589966,0.7121409177780151,92.04861831665039,0.021346055,41.422367095947266,2870,0.2,0.0003,0.155859375,-0.012482496467418969,10.901669454574584,1857.2969970703125,1000.0
430,576,1179648,2739,0.13223549723625183,0.8296794891357422,42.145663833618165,0.026038162,21.658809661865234,2875,0.2,0.0003,0.296484375,-0.01829969105310738,10.902854681015015,1857.2969970703125,1000.0
430,577,1181696,2743,0.13224440813064575,0.9233435392379761,19.66492166519165,0.03293708,7.382286548614502,2880,0.2,0.0003,0.29091796875,-0.005887598427943885,10.901640510559082,1857.2969970703125,1000.0
430,578,1183744,2747,0.13226093351840973,0.9389804005622864,19.14720959663391,0.02811596,8.17989730834961,2885,0.2,0.0003,0.24228515625,-0.00849735103547573,10.900657749176025,1857.2969970703125,1000.0
430,579,1185792,2752,0.13226526975631714,0.9411791563034058,21.164752435684203,0.025016371,9.96059799194336,2890,0.2,0.0003,0.2068359375,-0.012878320342861117,10.897541999816895,1853.1611328125,1000.0
430,580,1187840,2756,0.13227421045303345,0.887422502040863,18.249026155471803,0.025752489,9.121927261352539,2895,0.2,0.0003,0.23134765625,-0.01513595605501905,10.898032236099244,1853.1611328125,1000.0
430,581,1189888,2760,0.13229162991046906,0.9127764105796814,12.499945068359375,0.03341108,5.394358158111572,2900,0.2,0.0003,0.30166015625,-0.007815613318234682,10.89582929611206,1853.1611328125,1000.0
431,582,1191936,2765,0.13224464654922485,0.9353892207145691,10.474451446533203,0.018885884,4.675086498260498,2905,0.2,0.0003,0.26083984375,-0.006383390957489609,10.897127914428712,1853.1611328125,1000.0
430,583,1193984,2770,0.1322174370288849,0.9169195890426636,11.780303764343262,0.041084066,5.5756425857543945,2910,0.2,0.0003,0.3125,-0.005286092520691454,10.904764986038208,1872.18017578125,1000.0
431,584,1196032,2775,0.13222149014472961,0.7329702377319336,107.73922233581543,0.023543969,51.11103057861328,2915,0.2,0.0003,0.37333984375,-0.0021345749497413634,10.904843378067017,1872.18017578125,1000.0
431,585,1198080,2779,0.13220106065273285,0.8330460786819458,60.046742820739745,0.02274878,26.139455795288086,2920,0.2,0.0003,0.2302734375,-0.01463248182553798,10.906143379211425,1872.18017578125,1000.0
430,586,1200128,2785,0.13214030861854553,0.7433151006698608,79.27536888122559,0.03162838,34.85097885131836,2925,0.2,0.0003,0.35078125,-0.014646646298933775,10.911011266708375,1872.24169921875,1000.0
430,587,1202176,2789,0.13211072981357574,0.740189790725708,62.03676643371582,0.039638706,26.400461196899414,2930,0.2,0.0003,0.33408203125,-0.012136118626222015,10.918247079849243,1872.24169921875,1000.0
430,588,1204224,2794,0.13208921253681183,0.9177420735359192,13.930129861831665,0.045213737,5.933323383331299,2935,0.2,0.0003,0.3958984375,-0.012665973883122206,10.922062063217163,1872.24169921875,1000.0
430,589,1206272,2799,0.13206805288791656,0.8816095590591431,24.177974796295167,0.037722647,11.37452220916748,2940,0.2,0.0003,0.43828125,6.129995454102754e-05,10.9258638381958,1872.24169921875,1000.0
430,590,1208320,2805,0.13206830620765686,0.9269261956214905,17.184892702102662,0.035379317,6.884790420532227,2945,0.2,0.0003,0.3560546875,-0.012917992135044187,10.928372669219971,1882.2066650390625,1000.0
430,591,1210368,2810,0.13209205865859985,0.9263745546340942,21.08379554748535,0.030628838,10.371204376220703,2950,0.2,0.0003,0.3224609375,-0.012555512366816401,10.926509380340576,1882.2066650390625,1000.0
430,592,1212416,2814,0.13208116590976715,0.9486914277076721,21.740627193450926,0.022166267,9.288446426391602,2955,0.2,0.0003,0.2890625,-0.014254820439964533,10.924482297897338,1882.2066650390625,1000.0
430,593,1214464,2820,0.13204115629196167,0.9474130272865295,23.5978946685791,0.019203994,9.32387638092041,2960,0.2,0.0003,0.270703125,-0.010243227452156134,10.927363967895507,1882.2066650390625,1000.0
430,594,1216512,2827,0.1320553421974182,0.9552275538444519,23.94574089050293,0.02120559,11.454848289489746,2965,0.2,0.0003,0.3009765625,-0.014132412266917527,10.93150782585144,1894.0726318359375,1000.0
430,595,1218560,2833,0.1320926398038864,0.9467755556106567,33.94287977218628,0.029201658,15.427953720092773,2970,0.2,0.0003,0.3029296875,-0.013274481450207532,10.926480054855347,1894.0726318359375,1000.0
430,596,1220608,2838,0.13198865950107574,0.9851409792900085,10.783080863952637,0.026974881,5.003765106201172,2975,0.2,0.0003,0.27109375,-0.013754522916860879,10.929106092453003,1894.0726318359375,1000.0
430,597,1222656,2842,0.1319275051355362,0.9868864417076111,10.213337850570678,0.022824787,4.600614547729492,2980,0.2,0.0003,0.32880859375,-0.003966252028476447,10.944100666046143,1894.0726318359375,1000.0
429,598,1224704,2849,0.13178430497646332,0.983367919921875,12.889852380752563,0.024173234,5.722280502319336,2985,0.2,0.0003,0.3517578125,-0.010822467342950403,10.954958629608154,1893.1624755859375,1000.0
429,599,1226752,2853,0.1317140758037567,0.9228359460830688,67.61849994659424,0.027284946,29.37091064453125,2990,0.2,0.0003,0.29228515625,-0.010530341078992932,10.973110389709472,1893.1624755859375,1000.0
429,600,1228800,2858,0.13170702755451202,0.9017518758773804,129.3030113220215,0.01097496,58.1523323059082,2995,0.2,0.0003,0.13681640625,-0.006994635937735439,10.976743412017822,1893.1624755859375,1000.0
429,601,1230848,2863,0.13169728219509125,0.9175412058830261,131.72126731872558,0.019570632,65.4917984008789,3000,0.2,0.0003,0.11875,-0.009815183840692044,10.977742052078247,1893.1624755859375,1000.0
429,602,1232896,2869,0.1316969096660614,0.9321858882904053,120.19432487487794,0.018769674,52.378807067871094,3005,0.2,0.0003,0.12998046875,-0.015118029568111525,10.978634643554688,1883.466552734375,1000.0
429,603,1234944,2874,0.131698876619339,0.9315216541290283,94.4482349395752,0.021052446,46.74241638183594,3010,0.2,0.0003,0.21474609375,-0.013267686683684587,10.978621006011963,1883.466552734375,1000.0
429,604,1236992,2879,0.13168057799339294,0.9670335650444031,23.872379779815674,0.014641591,10.936614036560059,3015,0.2,0.0003,0.1419921875,-0.010873381211422384,10.978501272201537,1883.466552734375,1000.0
429,605,1239040,2883,0.13164161145687103,0.9724239706993103,18.115234994888304,0.021710549,7.490510940551758,3020,0.2,0.0003,0.18955078125,-0.011852320586331188,10.983772659301758,1883.466552734375,1000.0
429,606,1241088,2888,0.13159404695034027,0.9709283113479614,18.01819372177124,0.019482069,7.477664947509766,3025,0.2,0.0003,0.2599609375,-0.014689675043337047,10.989333486557006,1885.744384765625,1000.0
429,607,1243136,2893,0.13155332207679749,0.9732679128646851,26.269457817077637,0.018814275,12.809141159057617,3030,0.2,0.0003,0.22998046875,-0.015854034479707478,10.995622158050537,1885.744384765625,1000.0
429,608,1245184,2897,0.13155044615268707,0.9897503852844238,14.829745721817016,0.035772946,5.570061683654785,3035,0.2,0.0003,0.262109375,-0.00470754832495004,10.999247598648072,1885.744384765625,1000.0
429,609,1247232,2902,0.13154874742031097,0.9902658462524414,15.949789428710938,0.028290775,5.684884548187256,3040,0.2,0.0003,0.3267578125,0.0008350474061444401,10.998394012451172,1885.744384765625,1000.0
429,610,1249280,2908,0.13154949247837067,0.9895261526107788,14.615278816223144,0.03650386,5.724198341369629,3045,0.2,0.0003,0.40849609375,0.00929215014912188,11.000726413726806,1899.5916748046875,1000.0
429,611,1251328,2913,0.1315777748823166,0.9679534435272217,34.91071863174439,0.037808806,16.66136360168457,3050,0.2,0.0003,0.41142578125,0.001926025957800448,10.997082853317261,1899.5916748046875,1000.0
429,612,1253376,2918,0.13157041370868683,0.9812818765640259,16.99429020881653,0.018840656,6.15212345123291,3055,0.2,0.0003,0.228125,-0.014358457922935487,10.996051597595216,1899.5916748046875,1000.0
429,613,1255424,2923,0.13153761625289917,0.989918053150177,10.759600067138672,0.027065128,4.767757415771484,3060,0.2,0.0003,0.28466796875,-0.019856530474498868,10.998445796966553,1899.5916748046875,1000.0
429,614,1257472,2930,0.13155125081539154,0.9910005927085876,11.085006856918335,0.028745841,4.6264848709106445,3065,0.2,0.0003,0.28408203125,-0.012879127997439354,11.001243019104004,1896.31884765625,1000.0
429,615,1259520,2935,0.13159435987472534,0.9199109077453613,89.6093189239502,0.044727672,42.24580001831055,3070,0.2,0.0003,0.44453125,0.0033656413899734615,10.996990633010864,1896.31884765625,1000.0
429,616,1261568,2940,0.13160207867622375,0.894626796245575,94.4292999267578,0.025875911,42.35045623779297,3075,0.2,0.0003,0.2056640625,-0.01287974597653374,10.992695999145507,1896.31884765625,1000.0
429,617,1263616,2945,0.131614550948143,0.8837753534317017,104.77038459777832,0.024214545,48.81512451171875,3080,0.2,0.0003,0.19794921875,-0.015057899337261916,10.992481231689453,1896.31884765625,1000.0
428,618,1265664,2951,0.13160791993141174,0.8888307809829712,97.13827514648438,0.020344362,53.97352600097656,3085,0.2,0.0003,0.206640625,-0.01494573769159615,10.991475534439086,1872.399658203125,1000.0
428,619,1267712,2956,0.1315850019454956,0.9486912488937378,33.545924758911134,0.0407123,17.70712661743164,3090,0.2,0.0003,0.33681640625,-0.012269289675168693,10.993344783782959,1872.399658203125,1000.0
428,620,1269760,2961,0.13155673444271088,0.9794677495956421,15.15365571975708,0.019215507,7.005563735961914,3095,0.2,0.0003,0.2244140625,-0.010642335645388811,10.997050857543945,1872.399658203125,1000.0
428,621,1271808,2965,0.1315230280160904,0.9676195979118347,20.386867427825926,0.01896362,10.468910217285156,3100,0.2,0.0003,0.20029296875,-0.01092927206773311,11.001484203338624,1872.399658203125,1000.0
428,622,1273856,2971,0.1314847618341446,0.9830530881881714,11.145965003967286,0.025753193,4.463044166564941,3105,0.2,0.0003,0.30146484375,-0.007003037096001208,11.006092357635499,1903.5389404296875,1000.0
428,623,1275904,2976,0.13145700097084045,0.9193021059036255,63.82646808624268,0.032656297,29.271591186523438,3110,0.2,0.0003,0.29208984375,-0.00016781463054940104,11.011013603210449,1903.5389404296875,1000.0
428,624,1277952,2981,0.13146580755710602,0.9513494968414307,34.66218214035034,0.023839083,15.78559684753418,3115,0.2,0.0003,0.2759765625,-0.014305970608256757,11.013127326965332,1903.5389404296875,1000.0
428,625,1280000,2987,0.13143430650234222,0.9440362453460693,42.60560646057129,0.02119426,22.449636459350586,3120,0.2,0.0003,0.30732421875,-0.01610068854643032,11.014039182662964,1900.3218994140625,1000.0
428,626,1282048,2991,0.13138724863529205,0.9416002631187439,42.9321647644043,0.02211127,20.315439224243164,3125,0.2,0.0003,0.26083984375,-0.01516482823062688,11.019628143310547,1900.3218994140625,1000.0
428,627,1284096,2996,0.1313493251800537,0.9636750817298889,40.13433303833008,0.018217241,18.875871658325195,3130,0.2,0.0003,0.2193359375,-0.014562936732545495,11.026750230789185,1900.3218994140625,1000.0
428,628,1286144,3000,0.13130562007427216,0.9683506488800049,36.016999340057374,0.031194419,14.904986381530762,3135,0.2,0.0003,0.28447265625,-0.010338001768104732,11.030813074111938,1900.3218994140625,1000.0
428,629,1288192,3005,0.13128583133220673,0.9759059548377991,27.683702278137208,0.021890162,13.942926406860352,3140,0.2,0.0003,0.24990234375,-0.010495453351177275,11.035835981369019,1896.2425537109375,1000.0
428,630,1290240,3009,0.13135872781276703,0.961803138256073,49.111344718933104,0.025193788,26.512685775756836,3145,0.2,0.0003,0.29736328125,-0.017131949355825783,11.032757806777955,1896.2425537109375,1000.0
428,631,1292288,3013,0.13140873610973358,0.9361136555671692,86.16789398193359,0.024370164,37.674251556396484,3150,0.2,0.0003,0.25869140625,-0.01885882569476962,11.02216658592224,1896.2425537109375,1000.0
428,632,1294336,3017,0.13135749101638794,0.9311797618865967,77.67982330322266,0.025360446,41.06269836425781,3155,0.2,0.0003,0.29814453125,-0.012312025157734751,11.022363185882568,1896.2425537109375,1000.0
428,633,1296384,3023,0.13134923577308655,0.8987261056900024,94.8936092376709,0.027679114,44.38304901123047,3160,0.2,0.0003,0.36748046875,-0.013855717587284743,11.029593420028686,1875.197509765625,1000.0
428,634,1298432,3027,0.1313985139131546,0.880630373954773,96.30195083618165,0.021937557,46.22127914428711,3165,0.2,0.0003,0.27216796875,-0.01657624510116875,11.024939155578613,1875.197509765625,1000.0
428,635,1300480,3031,0.13135996460914612,0.9708920121192932,17.968338394165038,0.03173459,9.036330223083496,3170,0.2,0.0003,0.3033203125,-0.014091100357472897,11.022496318817138,1875.197509765625,1000.0
428,636,1302528,3036,0.13123179972171783,0.9693387150764465,20.0445837020874,0.039920803,9.649752616882324,3175,0.2,0.0003,0.39091796875,0.0022202190244570374,11.034077262878418,1875.197509765625,1000.0
428,637,1304576,3043,0.1311722844839096,0.9771517515182495,14.93923602104187,0.043671567,7.528505325317383,3180,0.2,0.0003,0.4033203125,-0.00864332759520039,11.049250650405884,1908.378173828125,1000.0
428,638,1306624,3048,0.1310897320508957,0.9459586143493652,33.982355976104735,0.034233876,16.30101203918457,3185,0.2,0.0003,0.3890625,-0.010066163423471153,11.057662010192871,1908.378173828125,1000.0
428,639,1308672,3054,0.13103513419628143,0.9731922745704651,18.956267309188842,0.036030103,7.235860824584961,3190,0.2,0.0003,0.39482421875,0.004547095613088459,11.067171955108643,1908.378173828125,1000.0
428,640,1310720,3059,0.13101884722709656,0.9733026027679443,15.413468170166016,0.045370504,5.760991096496582,3195,0.2,0.0003,0.3681640625,-0.0012428740039467812,11.072799587249756,1908.378173828125,1000.0
427,641,1312768,3067,0.13100184500217438,0.970626950263977,18.37109479904175,0.029926829,7.6696858406066895,3200,0.2,0.0003,0.343359375,-0.0017182094510644675,11.073972034454346,1940.1207275390625,1000.0
427,642,1314816,3073,0.13098718225955963,0.9172073602676392,66.33977947235107,0.026418317,30.783050537109375,3205,0.2,0.0003,0.31591796875,-0.013917792763095349,11.077068710327149,1940.1207275390625,1000.0
427,643,1316864,3078,0.1309822052717209,0.8540231585502625,139.07282562255858,0.025977872,61.72649383544922,3210,0.2,0.0003,0.2048828125,-0.011134348053019494,11.077998065948487,1940.1207275390625,1000.0
427,644,1318912,3082,0.13097167015075684,0.8942757844924927,109.27012557983399,0.019196061,50.498008728027344,3215,0.2,0.0003,0.162890625,-0.012327969667967408,11.079126071929931,1940.1207275390625,1000.0
427,645,1320960,3087,0.13097283244132996,0.8900144696235657,122.43679161071778,0.020904135,62.737449645996094,3220,0.2,0.0003,0.15048828125,-0.011321585415862501,11.079880666732787,1914.68359375,1000.0
427,646,1323008,3092,0.1309407651424408,0.9386826157569885,76.14960689544678,0.017626472,39.37941360473633,3225,0.2,0.0003,0.19619140625,-0.014960577059537173,11.080772161483765,1914.68359375,1000.0
427,647,1325056,3096,0.13086967170238495,0.8764856457710266,15.480865573883056,0.029430015,7.206661701202393,3230,0.2,0.0003,0.266015625,-0.017635835357941686,11.088496160507201,1914.68359375,1000.0
428,648,1327104,3100,0.1308455616235733,0.8688633441925049,17.40584945678711,0.038076647,8.119755744934082,3235,0.2,0.0003,0.3892578125,-0.0034137452486902474,11.096448230743409,1914.68359375,1000.0
427,649,1329152,3106,0.13078555464744568,0.8662692904472351,16.46971297264099,0.042389613,7.075793743133545,3240,0.2,0.0003,0.359375,-0.003421056654769927,11.100721168518067,1942.52490234375,1000.0
427,650,1331200,3111,0.13076576590538025,0.9277640581130981,85.50629920959473,0.031475373,35.72776412963867,3245,0.2,0.0003,0.31826171875,0.0061130308313295245,11.107049036026002,1942.52490234375,1000.0
427,651,1333248,3115,0.130745992064476,0.8972971439361572,100.91909141540528,0.020845015,52.59914779663086,3250,0.2,0.0003,0.17412109375,-0.01092339273309335,11.108322095870971,1942.52490234375,1000.0
428,652,1335296,3119,0.13073255121707916,0.9162782430648804,80.50220565795898,0.014765186,38.727779388427734,3255,0.2,0.0003,0.14375,-0.014765487005934119,11.111820220947266,1942.52490234375,1000.0
428,653,1337344,3124,0.13072709739208221,0.9100332260131836,91.90735893249511,0.019281067,44.1932373046875,3260,0.2,0.0003,0.1595703125,-0.012255773326614872,11.112786102294923,1935.8291015625,1000.0
427,654,1339392,3129,0.1307065188884735,0.9356279969215393,57.45594730377197,0.01963137,28.989639282226562,3265,0.2,0.0003,0.23359375,-0.02174128780607134,11.114320039749146,1935.8291015625,1000.0
428,655,1341440,3134,0.13070513308048248,0.9262120723724365,16.990793180465698,0.020212505,8.426294326782227,3270,0.2,0.0003,0.2609375,-0.009332545497454704,11.116822052001954,1935.8291015625,1000.0
428,656,1343488,3138,0.1306835114955902,0.8986769914627075,16.203125619888304,0.03169798,7.125133037567139,3275,0.2,0.0003,0.30966796875,-0.013621401996351779,11.117231416702271,1935.8291015625,1000.0
428,657,1345536,3143,0.13066700100898743,0.9558298587799072,11.487030220031738,0.03824029,4.751429557800293,3280,0.2,0.0003,0.3455078125,0.005046060564927757,11.121448421478272,1946.3448486328125,1000.0
428,658,1347584,3147,0.130650594830513,0.9631853103637695,49.89266948699951,0.029522236,24.23171043395996,3285,0.2,0.0003,0.33828125,-0.015265505574643613,11.123574495315552,1946.3448486328125,1000.0
428,659,1349632,3151,0.13065414130687714,0.9361156225204468,62.27211685180664,0.018567538,31.62680435180664,3290,0.2,0.0003,0.22353515625,-0.017449098546057938,11.124639654159546,1946.3448486328125,1000.0
428,660,1351680,3155,0.130620539188385,0.950555145740509,51.36584758758545,0.01914141,24.78208351135254,3295,0.2,0.0003,0.2234375,-0.018367400811985134,11.126023054122925,1946.3448486328125,1000.0
428,661,1353728,3161,0.13058166205883026,0.9412519335746765,56.038940238952634,0.019908678,24.444637298583984,3300,0.2,0.0003,0.2724609375,-0.015342012862674892,11.13139533996582,1927.3114013671875,1000.0
428,662,1355776,3165,0.13056720793247223,0.9578052163124084,62.88515205383301,0.021691397,27.390718460083008,3305,0.2,0.0003,0.15791015625,-0.013652060052845628,11.134903860092162,1927.3114013671875,1000.0
428,663,1357824,3170,0.130594402551651,0.9691422581672668,48.401444625854495,0.020219915,19.354103088378906,3310,0.2,0.0003,0.2419921875,-0.013776460022199899,11.134503173828126,1927.3114013671875,1000.0
428,664,1359872,3175,0.13063091039657593,0.9697517156600952,52.40327606201172,0.019366348,24.49675750732422,3315,0.2,0.0003,0.24111328125,-0.011908914800733328,11.129127645492554,1927.3114013671875,1000.0
428,665,1361920,3180,0.13060955703258514,0.9688262939453125,57.57248229980469,0.020783227,27.47698211669922,3320,0.2,0.0003,0.26416015625,-0.01863698186352849,11.127768659591675,1928.9754638671875,1000.0
428,666,1363968,3185,0.13056574761867523,0.966616690158844,44.61442642211914,0.018105034,18.986099243164062,3325,0.2,0.0003,0.2068359375,-0.016430921154096723,11.131955814361572,1928.9754638671875,1000.0
428,667,1366016,3189,0.13051220774650574,0.9791193008422852,17.880587768554687,0.01804296,5.934194564819336,3330,0.2,0.0003,0.20869140625,-0.011477956036105751,11.137874031066895,1928.9754638671875,1000.0
427,668,1368064,3198,0.13045985996723175,0.9820723533630371,16.85986270904541,0.02916621,7.7258477210998535,3335,0.2,0.0003,0.291796875,-0.010622820840217173,11.14563546180725,1928.9324951171875,1000.0
427,669,1370112,3202,0.13044817745685577,0.9853008389472961,13.421271371841431,0.030314768,5.641763210296631,3340,0.2,0.0003,0.25380859375,-0.011747486074455082,11.150814580917359,1928.9324951171875,1000.0
427,670,1372160,3206,0.13042622804641724,0.9477466344833374,29.41271162033081,0.02002076,12.908079147338867,3345,0.2,0.0003,0.26005859375,-0.017487996071577073,11.15208888053894,1928.9324951171875,1000.0
427,671,1374208,3210,0.1304137110710144,0.9684183597564697,17.751985788345337,0.024360748,8.659711837768555,3350,0.2,0.0003,0.27421875,-0.01904314279090613,11.154250192642213,1928.9324951171875,1000.0
427,672,1376256,3216,0.13040602207183838,0.9801704287528992,11.969879531860352,0.033079498,5.276098728179932,3355,0.2,0.0003,0.31748046875,-0.013876148499548435,11.15608983039856,1923.9471435546875,1000.0
427,673,1378304,3220,0.13043071329593658,0.9448356628417969,30.856111907958983,0.03925769,16.566146850585938,3360,0.2,0.0003,0.50830078125,0.021838051406666635,11.156010580062866,1923.9471435546875,1000.0
427,674,1380352,3225,0.1304156482219696,0.8424492478370667,97.70877609252929,0.043764956,46.9668083190918,3365,0.2,0.0003,0.362109375,0.009067095234058797,11.155225229263305,1923.9471435546875,1000.0
427,675,1382400,3229,0.1304083615541458,0.8557677268981934,93.65730781555176,0.027530266,43.03971862792969,3370,0.2,0.0003,0.3603515625,0.006941814115270973,11.156538343429565,1923.9471435546875,1000.0
427,676,1384448,3235,0.13043250143527985,0.8746336698532104,83.68377151489258,0.018169368,40.92395782470703,3375,0.2,0.0003,0.1880859375,-0.013995271408930421,11.156788158416749,1907.7303466796875,1000.0
427,677,1386496,3239,0.13044361770153046,0.8939943313598633,80.09234313964843,0.023876678,38.929325103759766,3380,0.2,0.0003,0.22197265625,-0.011088508344255388,11.152955389022827,1907.7303466796875,1000.0
428,678,1388544,3243,0.13041502237319946,0.9790971279144287,16.695752334594726,0.021882078,7.496030330657959,3385,0.2,0.0003,0.23671875,-0.017030176566913725,11.15388207435608,1907.7303466796875,1000.0
428,679,1390592,3248,0.13035106658935547,0.9816787242889404,15.71186375617981,0.038358673,7.459117412567139,3390,0.2,0.0003,0.37080078125,-0.009825076488777996,11.160373544692993,1907.7303466796875,1000.0
428,680,1392640,3253,0.13032221794128418,0.9679283499717712,24.74828577041626,0.030502452,11.947778701782227,3395,0.2,0.0003,0.32607421875,-0.015773768164217473,11.166784572601319,1898.9920654296875,1000.0
428,681,1394688,3258,0.13028264045715332,0.9084478616714478,60.0235782623291,0.030992968,33.64271926879883,3400,0.2,0.0003,0.33330078125,-0.013999094953760505,11.17226767539978,1898.9920654296875,1000.0
428,682,1396736,3263,0.13027560710906982,0.8303818702697754,53.15932846069336,0.025901297,24.39057731628418,3405,0.2,0.0003,0.27607421875,-0.016752089909277856,11.176372718811034,1898.9920654296875,1000.0
428,683,1398784,3267,0.1302339732646942,0.8221978545188904,47.99889240264893,0.020251155,23.435997009277344,3410,0.2,0.0003,0.25849609375,-0.01325890771113336,11.178839254379273,1898.9920654296875,1000.0
427,684,1400832,3273,0.1302284300327301,0.7419320940971375,56.81575222015381,0.024893701,22.89667320251465,3415,0.2,0.0003,0.303515625,-0.016455551143735647,11.184575366973878,1909.32470703125,1000.0
428,685,1402880,3277,0.1302621215581894,0.8329493403434753,48.002899742126466,0.03047788,22.97664451599121,3420,0.2,0.0003,0.28388671875,-0.011978659860324115,11.18211350440979,1909.32470703125,1000.0
427,686,1404928,3282,0.1303003430366516,0.9333855509757996,21.98482475280762,0.059995223,10.853918075561523,3425,0.2,0.0003,0.3916015625,-0.009150823764503001,11.176691913604737,1909.32470703125,1000.0
427,687,1406976,3288,0.1303142011165619,0.9385292530059814,17.66967158317566,0.05453469,8.567743301391602,3430,0.2,0.0003,0.45966796875,-0.0030991801293566825,11.172137260437012,1909.32470703125,1000.0
427,688,1409024,3294,0.1301373541355133,0.961130678653717,11.584084129333496,0.10310753,5.305365085601807,3435,0.2,0.0003,0.526953125,0.008174758264794945,11.183998107910156,1883.0804443359375,1000.0
427,689,1411072,3298,0.1300095170736313,0.8754181861877441,38.82377262115479,0.07406576,21.30316925048828,3440,0.2,0.0003,0.5443359375,0.025591966416686773,11.205020523071289,1883.0804443359375,1000.0
427,690,1413120,3303,0.12985560297966003,0.9530337452888489,12.027791070938111,0.058954187,5.8550944328308105,3445,0.2,0.0003,0.4353515625,-0.013290867477189749,11.224365139007569,1883.0804443359375,1000.0
427,691,1415168,3307,0.12975378334522247,0.9546480774879456,13.424618339538574,0.043864697,5.260231971740723,3450,0.2,0.0003,0.39482421875,-0.009987169736996293,11.242051362991333,1883.0804443359375,1000.0
427,692,1417216,3313,0.12979251146316528,0.9555145502090454,14.665786075592042,0.041765954,7.16832971572876,3455,0.2,0.0003,0.42919921875,-0.007961273635737598,11.247993850708008,1862.3798828125,1000.0
427,693,1419264,3317,0.12979748845100403,0.8646226525306702,75.50492095947266,0.06251716,38.502079010009766,3460,0.2,0.0003,0.56513671875,0.028207660280168058,11.241873121261596,1862.3798828125,1000.0
427,694,1421312,3322,0.12985090911388397,0.8575453162193298,105.11210060119629,0.025069427,43.290802001953125,3465,0.2,0.0003,0.32822265625,-0.01362880973611027,11.241653060913086,1862.3798828125,1000.0
427,695,1423360,3327,0.12994270026683807,0.8904725313186646,95.6833652496338,0.020640302,45.854305267333984,3470,0.2,0.0003,0.26435546875,-0.0148944107349962,11.229407596588135,1862.3798828125,1000.0
427,696,1425408,3332,0.1299917995929718,0.9066551923751831,100.86936492919922,0.023100665,48.771324157714844,3475,0.2,0.0003,0.2408203125,-0.017250217823311688,11.219294118881226,1876.2794189453125,1000.0
427,697,1427456,3336,0.12993550300598145,0.9603725075721741,55.878537559509276,0.024782535,27.88558578491211,3480,0.2,0.0003,0.2755859375,-0.01897492215503007,11.21850905418396,1876.2794189453125,1000.0
427,698,1429504,3340,0.12989109754562378,0.9892416000366211,21.1574049949646,0.02212526,8.336406707763672,3485,0.2,0.0003,0.2048828125,-0.012211536930408329,11.228295040130615,1876.2794189453125,1000.0
427,699,1431552,3344,0.12983407080173492,0.991874635219574,12.768410253524781,0.032640785,6.210102081298828,3490,0.2,0.0003,0.2888671875,-0.011739274929277599,11.234111022949218,1876.2794189453125,1000.0
427,700,1433600,3350,0.129769966006279,0.9906538724899292,12.668555784225465,0.023475558,5.947928428649902,3495,0.2,0.0003,0.2798828125,-0.007770972023718059,11.243168544769286,1873.3193359375,1000.0
428,701,1435648,3354,0.1297677457332611,0.7896931767463684,203.15075225830077,0.023633398,86.61005401611328,3500,0.2,0.0003,0.30146484375,-0.002565188007429242,11.249470710754395,1873.3193359375,1000.0
428,702,1437696,3358,0.12975338101387024,0.7586831450462341,181.55163650512696,0.015027102,77.78456115722656,3505,0.2,0.0003,0.1412109375,-0.01358030498959124,11.249150609970092,1873.3193359375,1000.0
428,703,1439744,3362,0.12976230680942535,0.7851287722587585,152.1401382446289,0.018443966,68.62676239013672,3510,0.2,0.0003,0.1791015625,-0.008440429239999502,11.251225996017457,1873.3193359375,1000.0
428,704,1441792,3367,0.12978948652744293,0.7911572456359863,145.33468704223634,0.01750008,66.40631103515625,3515,0.2,0.0003,0.16767578125,-0.009467782150022686,11.247693634033203,1846.1151123046875,1000.0
428,705,1443840,3372,0.1297634243965149,0.9316713809967041,40.25012035369873,0.022885552,18.023880004882812,3520,0.2,0.0003,0.24921875,-0.013753818545956165,11.246534252166748,1846.1151123046875,1000.0
428,706,1445888,3376,0.12970545887947083,0.9802854061126709,16.705987548828126,0.039826266,5.846160888671875,3525,0.2,0.0003,0.27275390625,-0.005699624167755246,11.253095293045044,1846.1151123046875,1000.0
428,707,1447936,3381,0.12970700860023499,0.9792941212654114,15.368494129180908,0.06912728,6.153683662414551,3530,0.2,0.0003,0.4984375,0.028160566464066505,11.259270429611206,1846.1151123046875,1000.0
428,708,1449984,3386,0.12969692051410675,0.980242133140564,16.089088201522827,0.030930469,6.394956111907959,3535,0.2,0.0003,0.34873046875,0.005022676521912217,11.257210206985473,1835.6270751953125,1000.0
428,709,1452032,3390,0.1296846568584442,0.878653347492218,30.896918296813965,0.025418025,14.062874794006348,3540,0.2,0.0003,0.2955078125,-0.01066709600854665,11.260551500320435,1835.6270751953125,1000.0
428,710,1454080,3394,0.1295621395111084,0.9143471121788025,18.569930171966554,0.033008985,8.422170639038086,3545,0.2,0.0003,0.34677734375,-0.006525343796238303,11.268320322036743,1835.6270751953125,1000.0
428,711,1456128,3400,0.1294676810503006,0.9428657293319702,11.617688465118409,0.03531681,5.399729251861572,3550,0.2,0.0003,0.37705078125,-0.007796009141020477,11.287239789962769,1860.6884765625,1000.0
428,712,1458176,3404,0.12933608889579773,0.89423006772995,17.93722505569458,0.043579422,7.460425853729248,3555,0.2,0.0003,0.40283203125,-0.008258924051187933,11.30026421546936,1860.6884765625,1000.0
428,713,1460224,3408,0.12929123640060425,0.8848056793212891,28.88201551437378,0.04548929,12.560702323913574,3560,0.2,0.0003,0.4119140625,-0.0028660719865001736,11.314577865600587,1860.6884765625,1000.0
428,714,1462272,3412,0.12920832633972168,0.9314427971839905,20.137322521209718,0.04524008,8.048402786254883,3565,0.2,0.0003,0.4373046875,0.01316259487066418,11.318779039382935,1860.6884765625,1000.0
428,715,1464320,3417,0.129203200340271,0.9494172930717468,18.67826247215271,0.046336047,7.290308475494385,3570,0.2,0.0003,0.40625,0.012902790098451078,11.32780900001526,1883.9112548828125,1000.0
428,716,1466368,3421,0.12922920286655426,0.922819972038269,36.78101320266724,0.035193294,20.273468017578125,3575,0.2,0.0003,0.3953125,-0.007603506650775671,11.323234033584594,1883.9112548828125,1000.0
428,717,1468416,3425,0.12922722101211548,0.9116979241371155,55.52986526489258,0.025948154,27.465974807739258,3580,0.2,0.0003,0.2921875,-0.014559514028951526,11.323834800720215,1883.9112548828125,1000.0
428,718,1470464,3429,0.12921243906021118,0.9297718405723572,49.29695777893066,0.027555868,21.72482681274414,3585,0.2,0.0003,0.3337890625,-0.01616678312420845,11.32473521232605,1883.9112548828125,1000.0
428,719,1472512,3435,0.1291886270046234,0.9433926939964294,45.01338539123535,0.028729655,20.327537536621094,3590,0.2,0.0003,0.32275390625,-0.019624138553626835,11.327611112594605,1863.806396484375,1000.0
428,720,1474560,3439,0.12922403216362,0.9460079073905945,56.64380531311035,0.020067368,29.161575317382812,3595,0.2,0.0003,0.27685546875,-0.016450871468987317,11.326659107208252,1863.806396484375,1000.0
428,721,1476608,3443,0.129226952791214,0.9764814376831055,23.368992042541503,0.020537611,9.680100440979004,3600,0.2,0.0003,0.222265625,-0.010621738620102406,11.321681594848632,1863.806396484375,1000.0
428,722,1478656,3447,0.12919411063194275,0.9796493649482727,18.493231964111327,0.018067911,7.881993770599365,3605,0.2,0.0003,0.22744140625,-0.01049464409588836,11.324376344680786,1863.806396484375,1000.0
428,723,1480704,3452,0.12913301587104797,0.9755294322967529,17.387201404571535,0.028510492,6.888515949249268,3610,0.2,0.0003,0.24521484375,-0.014029002538882196,11.330768632888795,1898.225830078125,1000.0
428,724,1482752,3456,0.12909749150276184,0.9678770303726196,22.14860305786133,0.044410452,9.195816040039062,3615,0.2,0.0003,0.376953125,-0.01407473343424499,11.338407850265503,1898.225830078125,1000.0
429,725,1484800,3461,0.12897241115570068,0.9450514316558838,17.694712448120118,0.06989422,6.883532524108887,3620,0.2,0.0003,0.437109375,-0.002581168431788683,11.346334838867188,1898.225830078125,1000.0
429,726,1486848,3465,0.12890352308750153,0.9523259401321411,16.06812267303467,0.05519561,6.821969509124756,3625,0.2,0.0003,0.49833984375,0.008065544487908482,11.366281652450562,1898.225830078125,1000.0
429,727,1488896,3470,0.1287805587053299,0.9604499340057373,15.05338740348816,0.048085168,7.296945095062256,3630,0.2,0.0003,0.46796875,0.004545663215685636,11.373597145080566,1929.748779296875,1000.0
429,728,1490944,3474,0.12868426740169525,0.8029036521911621,94.30348663330078,0.03090583,37.60898208618164,3635,0.2,0.0003,0.40537109375,-0.004548484878614545,11.395178937911988,1929.748779296875,1000.0
429,729,1492992,3478,0.12868231534957886,0.7612838745117188,94.17310791015625,0.03048427,39.411949157714844,3640,0.2,0.0003,0.30966796875,-0.006352654378861189,11.400022268295288,1929.748779296875,1000.0
429,730,1495040,3482,0.1286875605583191,0.7474905252456665,88.73405990600585,0.026065774,40.595863342285156,3645,0.2,0.0003,0.25615234375,-0.002382446371484548,11.400081825256347,1929.748779296875,1000.0
429,731,1497088,3488,0.12870028614997864,0.6691774725914001,102.55888862609864,0.024257503,46.98463821411133,3650,0.2,0.0003,0.2599609375,-0.00901390885701403,11.398445177078248,1936.5003662109375,1000.0
429,732,1499136,3492,0.12867721915245056,0.8089271783828735,64.35932579040528,0.025075018,27.295530319213867,3655,0.2,0.0003,0.23857421875,-0.010771410795859993,11.398919343948364,1936.5003662109375,1000.0
429,733,1501184,3496,0.12859900295734406,0.9316204786300659,22.382988262176514,0.03376557,10.758541107177734,3660,0.2,0.0003,0.3359375,-0.01313296346925199,11.405306196212768,1936.5003662109375,1000.0
429,734,1503232,3500,0.12862664461135864,0.9543760418891907,14.769478225708008,0.06125933,6.748289108276367,3665,0.2,0.0003,0.427734375,-0.008084606530610472,11.411618614196778,1936.5003662109375,1000.0
429,735,1505280,3506,0.12861265242099762,0.9462979435920715,22.131433486938477,0.03493313,11.778889656066895,3670,0.2,0.0003,0.3587890625,-0.011396728968247772,11.407179737091065,1931.1612548828125,1000.0
429,736,1507328,3510,0.12853874266147614,0.7841074466705322,56.518684005737306,0.03622758,29.048206329345703,3675,0.2,0.0003,0.354296875,-0.01070048080291599,11.414355516433716,1931.1612548828125,1000.0
429,737,1509376,3514,0.12846557796001434,0.6152843236923218,40.27739238739014,0.04154226,18.217485427856445,3680,0.2,0.0003,0.355078125,-0.01688412493094802,11.427145290374757,1931.1612548828125,1000.0
429,738,1511424,3518,0.12837187945842743,0.46253448724746704,41.012987518310545,0.064646795,19.812854766845703,3685,0.2,0.0003,0.42919921875,-0.00972967732232064,11.435571432113647,1931.1612548828125,1000.0
429,739,1513472,3523,0.1282166838645935,0.2252233624458313,36.373734855651854,0.07566328,15.488432884216309,3690,0.2,0.0003,0.51015625,0.004100508266128599,11.452598381042481,1939.2305908203125,1000.0
429,740,1515520,3528,0.1284249871969223,0.5111191272735596,36.48036394119263,0.08357422,15.97817611694336,3695,0.2,0.0003,0.51640625,-0.0019648643909022214,11.453917932510375,1939.2305908203125,1000.0
429,741,1517568,3532,0.1285056173801422,0.7353123426437378,17.406038427352904,0.09048696,7.349008560180664,3700,0.2,0.0003,0.483984375,-0.004517566948197782,11.427628898620606,1939.2305908203125,1000.0
429,742,1519616,3536,0.128574401140213,0.8084853291511536,22.387646198272705,0.047185633,8.425939559936523,3705,0.2,0.0003,0.47724609375,0.015473856497555971,11.420021677017212,1939.2305908203125,1000.0
429,743,1521664,3541,0.12863987684249878,0.801302433013916,25.258373260498047,0.031180087,11.283323287963867,3710,0.2,0.0003,0.35693359375,-0.012349271471612156,11.409012031555175,1966.132080078125,1000.0
429,744,1523712,3545,0.12863782048225403,0.8858884572982788,25.1416597366333,0.03957138,11.304648399353027,3715,0.2,0.0003,0.37236328125,-0.019215688202530147,11.404742956161499,1966.132080078125,1000.0
429,745,1525760,3549,0.1286005973815918,0.9341573715209961,13.432855653762818,0.05440725,5.84226131439209,3720,0.2,0.0003,0.37080078125,0.00352924563921988,11.40766487121582,1966.132080078125,1000.0
429,746,1527808,3554,0.1285913586616516,0.9271679520606995,13.756653213500977,0.06221781,6.519392490386963,3725,0.2,0.0003,0.431640625,-0.008306101313792169,11.411443901062011,1966.132080078125,1000.0
429,747,1529856,3559,0.12849895656108856,0.9106600880622864,15.24027681350708,0.070270136,8.16565990447998,3730,0.2,0.0003,0.43037109375,-0.0010868732118979097,11.418239831924438,1973.4312744140625,1000.0
429,748,1531904,3563,0.12852251529693604,0.9304072856903076,24.45702772140503,0.04841937,11.133081436157227,3735,0.2,0.0003,0.4716796875,0.004278382495976984,11.425513410568238,1973.4312744140625,1000.0
429,749,1533952,3567,0.12848487496376038,0.9589660167694092,17.398948431015015,0.04789827,7.449934959411621,3740,0.2,0.0003,0.42822265625,0.0019779352005571127,11.424924230575561,1973.4312744140625,1000.0
429,750,1536000,3572,0.12841646373271942,0.9750815629959106,12.871122932434082,0.04340204,4.804380893707275,3745,0.2,0.0003,0.36875,-0.0004083109321072698,11.433958339691163,2007.234375,1000.0
430,751,1538048,3576,0.12841567397117615,0.96868497133255,19.484650754928587,0.03240592,7.812548637390137,3750,0.2,0.0003,0.33623046875,-0.011144124181009829,11.440134143829345,2007.234375,1000.0
430,752,1540096,3580,0.12844648957252502,0.7035211324691772,106.53337936401367,0.02731933,47.99026870727539,3755,0.2,0.0003,0.3380859375,0.0011905453633517028,11.436701583862305,2007.234375,1000.0
430,753,1542144,3584,0.128400981426239,0.7161484956741333,75.79683456420898,0.02694342,37.66497039794922,3760,0.2,0.0003,0.2654296875,-0.019823618791997434,11.437079000473023,2007.234375,1000.0
430,754,1544192,3590,0.1284051537513733,0.7163288593292236,68.75961532592774,0.033013858,34.13201904296875,3765,0.2,0.0003,0.32490234375,-0.014423432224430145,11.44256238937378,2030.2734375,1000.0
430,755,1546240,3594,0.1283288151025772,0.6485360860824585,76.82623443603515,0.03979068,36.286094665527344,3770,0.2,0.0003,0.35908203125,-0.006061408971436322,11.44395809173584,2030.2734375,1000.0
430,756,1548288,3599,0.128290593624115,0.25142186880111694,92.11304550170898,0.027419722,39.002723693847656,3775,0.2,0.0003,0.38359375,0.01038031408097595,11.45522198677063,2030.2734375,1000.0
430,757,1550336,3603,0.12823691964149475,0.2972292900085449,71.07088966369629,0.029187053,32.67384719848633,3780,0.2,0.0003,0.2419921875,-0.012973421346396207,11.459330701828003,2030.2734375,1000.0
430,758,1552384,3608,0.1281898319721222,0.11337924003601074,69.09125328063965,0.027183298,31.084646224975586,3785,0.2,0.0003,0.2876953125,-0.009659157344140112,11.467284107208252,2010.6265869140625,1000.0
430,759,1554432,3613,0.128184974193573,0.5124891996383667,61.938284683227536,0.023971759,29.6761417388916,3790,0.2,0.0003,0.2037109375,-0.013727676821872592,11.471799993515015,2010.6265869140625,1000.0
430,760,1556480,3617,0.12815560400485992,0.8711864948272705,33.55164728164673,0.024995971,8.909952163696289,3795,0.2,0.0003,0.29248046875,-0.014870925387367607,11.472498750686645,2010.6265869140625,1000.0
430,761,1558528,3621,0.12817130982875824,0.9091864228248596,22.70380644798279,0.03154362,6.722124099731445,3800,0.2,0.0003,0.325,-0.01859627398662269,11.47542724609375,2010.6265869140625,1000.0
430,762,1560576,3626,0.12818779051303864,0.9347377419471741,22.92283148765564,0.023963712,8.64742660522461,3805,0.2,0.0003,0.29501953125,-0.01454254804411903,11.4724365234375,2002.48876953125,1000.0
430,763,1562624,3630,0.12811142206192017,0.9237532615661621,36.82354469299317,0.026255626,15.72741413116455,3810,0.2,0.0003,0.29111328125,-0.015802053967490792,11.47563624382019,2002.48876953125,1000.0
430,764,1564672,3634,0.12806443870067596,0.9665670394897461,16.806833934783935,0.025180453,6.798857688903809,3815,0.2,0.0003,0.2677734375,-0.010394621826708316,11.48630199432373,2002.48876953125,1000.0
430,765,1566720,3638,0.128061905503273,0.9517520070075989,21.081425952911378,0.041802134,10.189705848693848,3820,0.2,0.0003,0.32021484375,-0.011380597343668341,11.490778064727783,2002.48876953125,1000.0
430,766,1568768,3643,0.12802687287330627,0.9511277079582214,23.765675830841065,0.03993556,10.317427635192871,3825,0.2,0.0003,0.3314453125,-0.005783327296376229,11.490512418746949,2007.975830078125,1000.0
430,767,1570816,3648,0.12802031636238098,0.9195281267166138,40.16743631362915,0.035079386,19.725631713867188,3830,0.2,0.0003,0.41435546875,-0.00850624784361571,11.496878528594971,2007.975830078125,1000.0
430,768,1572864,3652,0.12803620100021362,0.9216669201850891,30.117575550079344,0.025026469,14.643686294555664,3835,0.2,0.0003,0.24814453125,-0.019693943904712796,11.494212198257447,2007.975830078125,1000.0
430,769,1574912,3657,0.12797652184963226,0.9081978797912598,32.90428199768066,0.037677757,16.249210357666016,3840,0.2,0.0003,0.35458984375,-0.01669587423093617,11.496909141540527,2007.975830078125,1000.0
430,770,1576960,3662,0.12796710431575775,0.8898634910583496,36.84903755187988,0.031939663,18.21954917907715,3845,0.2,0.0003,0.3099609375,-0.013774404255673289,11.504027080535888,2016.63623046875,1000.0
430,771,1579008,3666,0.12798742949962616,0.8176991939544678,66.04535713195801,0.019717379,35.5793342590332,3850,0.2,0.0003,0.30634765625,-0.011047582817263901,11.503407430648803,2016.63623046875,1000.0
430,772,1581056,3670,0.1279965490102768,0.8586809039115906,57.3548999786377,0.018930838,27.995302200317383,3855,0.2,0.0003,0.208984375,-0.013557525887154042,11.500482177734375,2016.63623046875,1000.0
430,773,1583104,3674,0.12801387906074524,0.8862090110778809,48.392959403991696,0.02268845,24.958486557006836,3860,0.2,0.0003,0.29287109375,-0.014865671680308879,11.499328470230102,2016.63623046875,1000.0
430,774,1585152,3680,0.1279979795217514,0.8956713676452637,47.41225051879883,0.016127916,24.47208595275879,3865,0.2,0.0003,0.22109375,-0.015388495719525963,11.498445844650268,1988.6802978515625,1000.0
430,775,1587200,3684,0.12801675498485565,0.936064600944519,34.49867458343506,0.022993997,18.064128875732422,3870,0.2,0.0003,0.2541015625,-0.015564898215234279,11.498814010620118,1988.6802978515625,1000.0
430,776,1589248,3688,0.12802939116954803,0.9807097911834717,14.137496328353881,0.020051999,6.05708122253418,3875,0.2,0.0003,0.21728515625,-0.010726323793642223,11.495544290542602,1988.6802978515625,1000.0
430,777,1591296,3692,0.127998486161232,0.9783971309661865,12.84112343788147,0.025899693,5.4761810302734375,3880,0.2,0.0003,0.283984375,-0.012860814575105906,11.497084474563598,1988.6802978515625,1000.0
430,778,1593344,3697,0.1279248595237732,0.9800453186035156,12.45188112258911,0.023215488,5.528020858764648,3885,0.2,0.0003,0.27255859375,-0.013542470964603126,11.503640031814575,1990.336669921875,1000.0
431,779,1595392,3701,0.12788082659244537,0.9462271928787231,29.5723219871521,0.038349453,12.649091720581055,3890,0.2,0.0003,0.37060546875,-0.01719228329602629,11.514987564086914,1990.336669921875,1000.0
431,780,1597440,3706,0.12791292369365692,0.9706394672393799,14.400590991973877,0.037647747,4.802279472351074,3895,0.2,0.0003,0.33505859375,-0.001079733611550182,11.516580200195312,1990.336669921875,1000.0
431,781,1599488,3710,0.12798386812210083,0.9640836715698242,15.838685560226441,0.032154053,7.087869644165039,3900,0.2,0.0003,0.3451171875,0.00026023673126474023,11.50837321281433,1990.336669921875,1000.0
430,782,1601536,3715,0.12806400656700134,0.9713592529296875,11.171406507492065,0.057432808,5.0462493896484375,3905,0.2,0.0003,0.4734375,0.011384884198196232,11.496145725250244,2015.1759033203125,1000.0
431,783,1603584,3720,0.1280728131532669,0.8157449960708618,121.1044319152832,0.050139073,48.76951599121094,3910,0.2,0.0003,0.49755859375,0.028973532910458743,11.490307331085205,2015.1759033203125,1000.0
431,784,1605632,3724,0.12805090844631195,0.8725036978721619,105.29981689453125,0.015024143,44.9762077331543,3915,0.2,0.0003,0.21923828125,0.0051836209604516625,11.49158329963684,2015.1759033203125,1000.0
431,785,1607680,3728,0.12801067531108856,0.8887902498245239,105.51265983581543,0.019258965,48.39059066772461,3920,0.2,0.0003,0.1654296875,-0.005940518202260136,11.495758819580079,2015.1759033203125,1000.0
431,786,1609728,3733,0.12798835337162018,0.9085301160812378,95.83898010253907,0.02900425,44.210479736328125,3925,0.2,0.0003,0.1443359375,-0.011374886496923864,11.500855731964112,2001.161865234375,1000.0
431,787,1611776,3737,0.12795096635818481,0.9581712484359741,38.111864471435545,0.016390417,17.24323081970215,3930,0.2,0.0003,0.17294921875,-0.015923079452477396,11.504388856887818,2001.161865234375,1000.0
431,788,1613824,3742,0.12793049216270447,0.9840713739395142,17.733849906921385,0.015063363,7.462513446807861,3935,0.2,0.0003,0.149609375,-0.01290682153776288,11.509166383743286,2001.161865234375,1000.0
431,789,1615872,3746,0.1279187798500061,0.9816821217536926,18.725356531143188,0.016362611,7.358932971954346,3940,0.2,0.0003,0.16044921875,-0.014675886230543255,11.511109113693237,2001.161865234375,1000.0
431,790,1617920,3751,0.1279016137123108,0.9778084754943848,19.210500240325928,0.02135776,9.369163513183594,3945,0.2,0.0003,0.21845703125,-0.013332154776435345,11.512875699996949,2005.0289306640625,1000.0
431,791,1619968,3755,0.1278492659330368,0.9192344546318054,50.48970947265625,0.022996299,24.494110107421875,3950,0.2,0.0003,0.22578125,-0.015419190935790538,11.516941452026368,2005.0289306640625,1000.0
431,792,1622016,3759,0.1277434527873993,0.9486050605773926,34.17027006149292,0.018706042,17.673004150390625,3955,0.2,0.0003,0.2373046875,-0.012778642983175815,11.528129863739014,2005.0289306640625,1000.0
431,793,1624064,3765,0.12764376401901245,0.9525925517082214,32.90994739532471,0.016865516,15.497651100158691,3960,0.2,0.0003,0.2431640625,-0.01594764469191432,11.54339017868042,1988.5982666015625,1000.0
431,794,1626112,3769,0.12756536900997162,0.9567719101905823,30.768229389190672,0.01908632,13.322237968444824,3965,0.2,0.0003,0.22529296875,-0.013846272090449929,11.554371738433838,1988.5982666015625,1000.0
431,795,1628160,3773,0.12758854031562805,0.9216700792312622,38.22571563720703,0.02097034,17.26546859741211,3970,0.2,0.0003,0.23056640625,-0.014367345499340444,11.561694622039795,1988.5982666015625,1000.0
431,796,1630208,3777,0.1275736689567566,0.9260100722312927,31.30027027130127,0.026670426,12.47507381439209,3975,0.2,0.0003,0.3408203125,-0.01058419542387128,11.557373237609863,1988.5982666015625,1000.0
431,797,1632256,3783,0.1275353580713272,0.9220964312553406,31.988619899749757,0.042471338,17.70051383972168,3980,0.2,0.0003,0.409765625,-0.0034182136412709953,11.564713287353516,1975.7794189453125,1000.0
431,798,1634304,3787,0.12749287486076355,0.916569709777832,40.650698280334474,0.03918469,18.899168014526367,3985,0.2,0.0003,0.3576171875,-0.008839280763640999,11.567786931991577,1975.7794189453125,1000.0
431,799,1636352,3791,0.12748983502388,0.9585809707641602,16.603183126449586,0.032310084,8.034096717834473,3990,0.2,0.0003,0.33642578125,-0.009652183623984456,11.572073793411255,1975.7794189453125,1000.0
431,800,1638400,3795,0.1274861991405487,0.9553613066673279,18.735454273223876,0.037416693,9.575392723083496,3995,0.2,0.0003,0.3427734375,-0.012575211655348539,11.569960498809815,1975.7794189453125,1000.0
431,801,1640448,3800,0.12743626534938812,0.9633193016052246,15.04043107032776,0.02846087,7.20514440536499,4000,0.2,0.0003,0.31474609375,-0.01570021971128881,11.57377848625183,1943.7529296875,1000.0
431,802,1642496,3804,0.12743760645389557,0.925128698348999,32.773278617858885,0.030955702,16.47089195251465,4005,0.2,0.0003,0.35185546875,-0.012241227156482636,11.579185009002686,1943.7529296875,1000.0
431,803,1644544,3808,0.12744228541851044,0.9653260111808777,19.73598403930664,0.041759744,9.418532371520996,4010,0.2,0.0003,0.37197265625,-0.005856529017910362,11.57799563407898,1943.7529296875,1000.0
431,804,1646592,3812,0.12743526697158813,0.9702885746955872,16.15279369354248,0.023127826,7.443356037139893,4015,0.2,0.0003,0.2921875,-0.012603782210499048,11.57855772972107,1943.7529296875,1000.0
431,805,1648640,3817,0.12741810083389282,0.9772765636444092,11.551284456253052,0.032915354,5.522497653961182,4020,0.2,0.0003,0.3021484375,-0.014464737731032073,11.580606698989868,1971.45361328125,1000.0
431,806,1650688,3822,0.12743331491947174,0.8960440754890442,43.88055629730225,0.03417253,20.040870666503906,4025,0.2,0.0003,0.3212890625,-0.01238312030909583,11.581151628494263,1971.45361328125,1000.0
431,807,1652736,3826,0.1274348944425583,0.9430668950080872,14.876321983337402,0.039550424,6.5520853996276855,4030,0.2,0.0003,0.3431640625,-0.014526801602914929,11.578594970703126,1971.45361328125,1000.0
431,808,1654784,3831,0.12745966017246246,0.9350282549858093,16.23807716369629,0.058909148,7.554571151733398,4035,0.2,0.0003,0.40732421875,-0.00966198843671009,11.578066682815551,1971.45361328125,1000.0
431,809,1656832,3836,0.12739211320877075,0.943962812423706,15.779261875152589,0.07270828,8.007065773010254,4040,0.2,0.0003,0.43955078125,-0.001965456479229033,11.577295780181885,1989.344970703125,1000.0
431,810,1658880,3840,0.12730614840984344,0.8966728448867798,31.351074504852296,0.03919697,15.58939266204834,4045,0.2,0.0003,0.42001953125,-0.0017794122104533017,11.591981554031372,1989.344970703125,1000.0
432,811,1660928,3844,0.12727995216846466,0.9392797946929932,18.143326711654662,0.04083876,8.793498039245605,4050,0.2,0.0003,0.39111328125,0.0008503546356223524,11.59774694442749,1989.344970703125,1000.0
432,812,1662976,3848,0.12727142870426178,0.9477173686027527,18.198134469985963,0.024077043,8.26718807220459,4055,0.2,0.0003,0.31259765625,-0.008988323993980885,11.599720573425293,1989.344970703125,1000.0
432,813,1665024,3854,0.12727254629135132,0.9321650266647339,21.024505043029784,0.027019516,9.670313835144043,4060,0.2,0.0003,0.28916015625,-0.011228460352867842,11.601617670059204,2001.1051025390625,1000.0
432,814,1667072,3858,0.1272554248571396,0.9355255365371704,29.71831684112549,0.026072878,13.746194839477539,4065,0.2,0.0003,0.29921875,-0.00749593460932374,11.601783180236817,2001.1051025390625,1000.0
432,815,1669120,3862,0.1272241473197937,0.9678950905799866,14.70445384979248,0.023030955,6.002120018005371,4070,0.2,0.0003,0.2509765625,-0.016543121309950948,11.606315994262696,2001.1051025390625,1000.0
432,816,1671168,3866,0.12723545730113983,0.9694961905479431,16.454509210586547,0.02732588,7.534889221191406,4075,0.2,0.0003,0.2642578125,-0.01455951516982168,11.607574701309204,2001.1051025390625,1000.0
432,817,1673216,3871,0.12725475430488586,0.9802680611610413,11.737258529663086,0.04182201,5.725378513336182,4080,0.2,0.0003,0.372265625,-0.0163832004647702,11.605542755126953,2006.1422119140625,1000.0
432,818,1675264,3875,0.1272493302822113,0.9512738585472107,33.10867948532105,0.024159813,16.54076385498047,4085,0.2,0.0003,0.2638671875,-0.017450154840480535,11.605424547195435,2006.1422119140625,1000.0
432,819,1677312,3879,0.12713797390460968,0.9728524088859558,15.229798460006714,0.03526767,6.456103801727295,4090,0.2,0.0003,0.296484375,-0.020736690727062523,11.611590814590453,2006.1422119140625,1000.0
432,820,1679360,3884,0.12704794108867645,0.9697644114494324,17.647790670394897,0.031170491,9.022850036621094,4095,0.2,0.0003,0.35634765625,-0.009945321432314812,11.628972864151,2006.1422119140625,1000.0
432,821,1681408,3889,0.12700290977954865,0.9630414247512817,19.313057136535644,0.036365584,8.941274642944336,4100,0.2,0.0003,0.36005859375,-0.013536693598143756,11.637550592422485,2033.266845703125,1000.0
432,822,1683456,3893,0.12698790431022644,0.8683488965034485,56.74141292572021,0.024195379,28.416580200195312,4105,0.2,0.0003,0.265625,-0.010001761396415532,11.640956926345826,2033.266845703125,1000.0
432,823,1685504,3897,0.12694571912288666,0.9014431834220886,33.573602294921876,0.019472351,15.1484375,4110,0.2,0.0003,0.2564453125,-0.014123621745966375,11.644767618179321,2033.266845703125,1000.0
432,824,1687552,3901,0.12690919637680054,0.9274546504020691,25.053022480010988,0.021339957,12.236937522888184,4115,0.2,0.0003,0.25390625,-0.014436602196656167,11.651275968551635,2033.266845703125,1000.0
432,825,1689600,3907,0.1269112229347229,0.9292661547660828,26.996052742004395,0.022599347,12.836746215820312,4120,0.2,0.0003,0.29677734375,-0.009852915583178402,11.653498077392578,2022.928466796875,1000.0
432,826,1691648,3911,0.1269993633031845,0.7931581735610962,101.03549880981446,0.027835116,54.749759674072266,4125,0.2,0.0003,0.27578125,-0.01793615863425657,11.648113918304443,2022.928466796875,1000.0
432,827,1693696,3916,0.12702418863773346,0.8354471921920776,71.41006698608399,0.034587312,36.47523880004883,4130,0.2,0.0003,0.31025390625,-0.013462391472421587,11.63734974861145,2022.928466796875,1000.0
432,828,1695744,3921,0.12699678540229797,0.8176484107971191,69.50611152648926,0.028259592,34.87238311767578,4135,0.2,0.0003,0.3056640625,-0.015936932456679643,11.638668012619018,2022.928466796875,1000.0
432,829,1697792,3926,0.1270895153284073,0.7810680270195007,73.61866283416748,0.04856057,33.65884017944336,4140,0.2,0.0003,0.38271484375,-0.011325540929101407,11.635422229766846,2028.64111328125,1000.0
432,830,1699840,3930,0.12705211341381073,0.9714670777320862,22.543489074707033,0.027860044,11.120499610900879,4145,0.2,0.0003,0.336328125,-0.009788275021128357,11.62714672088623,2028.64111328125,1000.0
432,831,1701888,3935,0.12707215547561646,0.9816417694091797,14.571971797943116,0.035471987,7.627781391143799,4150,0.2,0.0003,0.331640625,-0.015656819753348827,11.632642602920532,2028.64111328125,1000.0
432,832,1703936,3939,0.12710124254226685,0.9800103306770325,15.488638496398925,0.04070252,8.251799583435059,4155,0.2,0.0003,0.32470703125,-0.011100689368322491,11.62693486213684,2028.64111328125,1000.0
432,833,1705984,3944,0.1270163357257843,0.9841893911361694,12.090230798721313,0.03790299,5.703860759735107,4160,0.2,0.0003,0.32763671875,-0.010113473678939045,11.630343294143676,2039.2454833984375,1000.0
432,834,1708032,3949,0.12696461379528046,0.8610494136810303,87.01842498779297,0.021217775,49.864253997802734,4165,0.2,0.0003,0.31435546875,-0.009031639876775443,11.641441822052002,2039.2454833984375,1000.0
432,835,1710080,3953,0.12694087624549866,0.8576603531837463,83.790970993042,0.032737024,37.84086227416992,4170,0.2,0.0003,0.26630859375,-0.013509517582133413,11.646046447753907,2039.2454833984375,1000.0
432,836,1712128,3958,0.12694822251796722,0.8322033882141113,95.05089530944824,0.032403905,49.5717887878418,4175,0.2,0.0003,0.2142578125,-0.011736194929108023,11.648192310333252,2011.4337158203125,1000.0
432,837,1714176,3962,0.12697528302669525,0.8542019128799438,78.93447761535644,0.039120857,38.00749588012695,4180,0.2,0.0003,0.29951171875,-0.008003602980170398,11.644860172271729,2011.4337158203125,1000.0
432,838,1716224,3966,0.12690703570842743,0.8968598246574402,33.00333518981934,0.024128815,14.156194686889648,4185,0.2,0.0003,0.2828125,-0.01770332348532975,11.645658206939697,2011.4337158203125,1000.0
432,839,1718272,3970,0.12683719396591187,0.9406888484954834,20.219171619415285,0.027616262,9.798683166503906,4190,0.2,0.0003,0.28046875,-0.011912547471001744,11.657695055007935,2011.4337158203125,1000.0
432,840,1720320,3976,0.1268077790737152,0.9286961555480957,24.789236736297607,0.04880598,12.311165809631348,4195,0.2,0.0003,0.3857421875,-0.014591751294210554,11.663137292861938,2014.95458984375,1000.0
432,841,1722368,3980,0.12675876915454865,0.9170515537261963,33.22177972793579,0.02990491,16.700712203979492,4200,0.2,0.0003,0.31689453125,-0.014329366700258106,11.668960285186767,2014.95458984375,1000.0
432,842,1724416,3984,0.12671443819999695,0.9841903448104858,11.803987836837768,0.026819283,5.027251720428467,4205,0.2,0.0003,0.3181640625,-0.0076702342368662356,11.675991535186768,2014.95458984375,1000.0
432,843,1726464,3988,0.12669028341770172,0.9845625162124634,8.662518405914307,0.05067988,4.061180114746094,4210,0.2,0.0003,0.33759765625,-0.0063197079580277205,11.68171467781067,2014.95458984375,1000.0
432,844,1728512,3994,0.12660722434520721,0.9831321239471436,9.785035657882691,0.033921547,4.0333991050720215,4215,0.2,0.0003,0.3125,-0.0030821535736322405,11.685985612869263,2015.055419921875,1000.0
432,845,1730560,3998,0.12667375802993774,0.9593280553817749,22.380705165863038,0.041591827,10.852055549621582,4220,0.2,0.0003,0.40732421875,-0.013110393006354571,11.69331111907959,2015.055419921875,1000.0
432,846,1732608,4002,0.12678958475589752,0.8224934339523315,19.533192539215086,0.050845318,9.607688903808594,4225,0.2,0.0003,0.37841796875,-0.01334103336557746,11.677244663238525,2015.055419921875,1000.0
432,847,1734656,4007,0.12674467265605927,0.7849825024604797,23.580157566070557,0.07661206,10.44420051574707,4230,0.2,0.0003,0.5060546875,0.007528602052479983,11.672463846206664,2015.055419921875,1000.0
432,848,1736704,4012,0.12670056521892548,0.8524699211120605,17.965844535827635,0.048924927,8.192096710205078,4235,0.2,0.0003,0.51904296875,0.026869368413463234,11.67739372253418,2033.03759765625,1000.0
432,849,1738752,4016,0.1267075091600418,0.8652482032775879,32.69590921401978,0.042071965,16.07025909423828,4240,0.2,0.0003,0.3908203125,-0.011170865315943957,11.680826091766358,2033.03759765625,1000.0
432,850,1740800,4020,0.12668628990650177,0.9346361756324768,26.08387632369995,0.036179394,13.420164108276367,4245,0.2,0.0003,0.3970703125,-0.0035215034848079087,11.680350542068481,2033.03759765625,1000.0
433,851,1742848,4024,0.1265811324119568,0.9473657011985779,20.51273069381714,0.032018423,9.73366641998291,4250,0.2,0.0003,0.30751953125,-0.012192183127626776,11.689231014251709,2033.03759765625,1000.0
432,852,1744896,4030,0.12657204270362854,0.9498334527015686,18.755636596679686,0.04932134,9.157438278198242,4255,0.2,0.0003,0.4091796875,-0.010482166276779026,11.700773906707763,2057.38671875,1000.0
433,853,1746944,4034,0.12659211456775665,0.9505624175071716,26.41143617630005,0.056786038,13.204429626464844,4260,0.2,0.0003,0.4740234375,-0.002111247484572232,11.695553636550903,2057.38671875,1000.0
433,854,1748992,4038,0.12660011649131775,0.9775362610816956,13.984548139572144,0.056967247,6.125983715057373,4265,0.2,0.0003,0.39892578125,-0.009598895907402039,11.69667911529541,2057.38671875,1000.0
433,855,1751040,4042,0.1264544129371643,0.983165979385376,12.705851316452026,0.07528981,6.210467338562012,4270,0.2,0.0003,0.4462890625,-0.007931697461754084,11.702544832229615,2057.38671875,1000.0
433,856,1753088,4047,0.1264173537492752,0.9888312816619873,8.624801015853881,0.055058923,3.5841450691223145,4275,0.2,0.0003,0.39765625,-0.013098894676659256,11.724127721786498,2060.038818359375,1000.0
433,857,1755136,4052,0.1264236569404602,0.9807502031326294,18.609611797332764,0.0500267,7.786084175109863,4280,0.2,0.0003,0.4265625,0.0006604083580896258,11.722028350830078,2060.038818359375,1000.0
433,858,1757184,4056,0.12634652853012085,0.9749932885169983,24.081215572357177,0.025404919,10.545706748962402,4285,0.2,0.0003,0.32529296875,-0.0098871860653162,11.727102422714234,2060.038818359375,1000.0
433,859,1759232,4060,0.12630078196525574,0.9789451956748962,21.204674816131593,0.0243083,11.267085075378418,4290,0.2,0.0003,0.2650390625,-0.01797137364046648,11.736927890777588,2060.038818359375,1000.0
433,860,1761280,4065,0.12631985545158386,0.9797173142433167,21.655682945251463,0.037046902,10.274559020996094,4295,0.2,0.0003,0.33896484375,-0.013766582240350544,11.739146089553833,2028.3941650390625,1000.0
433,861,1763328,4069,0.12637042999267578,0.9739149212837219,26.43034496307373,0.036130264,11.692164421081543,4300,0.2,0.0003,0.40244140625,-0.009650106099434197,11.733635663986206,2028.3941650390625,1000.0
433,862,1765376,4073,0.1263551115989685,0.9822251796722412,10.778609037399292,0.032407485,4.896400451660156,4305,0.2,0.0003,0.33037109375,-0.013211074704304337,11.730419254302978,2028.3941650390625,1000.0
433,863,1767424,4077,0.12633517384529114,0.9830315709114075,10.59743766784668,0.032779146,4.8776750564575195,4310,0.2,0.0003,0.33994140625,-0.012167108966968954,11.733556699752807,2028.3941650390625,1000.0
433,864,1769472,4083,0.12639467418193817,0.9867117404937744,8.39575936794281,0.04611629,3.992720365524292,4315,0.2,0.0003,0.3765625,-0.014936545444652439,11.732281923294067,2029.660888671875,1000.0
433,865,1771520,4087,0.12637951970100403,0.959772527217865,27.55828161239624,0.029299075,10.631444931030273,4320,0.2,0.0003,0.3328125,-0.014004831400234253,11.726553440093994,2029.660888671875,1000.0
433,866,1773568,4091,0.12624366581439972,0.9782583117485046,13.435774660110473,0.032032143,6.297791957855225,4325,0.2,0.0003,0.333203125,-0.013885666104033589,11.73734245300293,2029.660888671875,1000.0
433,867,1775616,4095,0.12616965174674988,0.9716306328773499,14.61277232170105,0.0469547,6.5057759284973145,4330,0.2,0.0003,0.36259765625,-0.01771566541865468,11.75456485748291,2029.660888671875,1000.0
433,868,1777664,4100,0.12624312937259674,0.9669725298881531,15.24545521736145,0.059208196,7.270458221435547,4335,0.2,0.0003,0.445703125,-0.007075812993571162,11.754335594177245,2037.1383056640625,1000.0
433,869,1779712,4104,0.12627050280570984,0.9553080797195435,20.490753364562988,0.036629647,9.024345397949219,4340,0.2,0.0003,0.40654296875,-0.006682981527410448,11.745131778717042,2037.1383056640625,1000.0
433,870,1781760,4108,0.12619522213935852,0.9773554801940918,8.074294424057006,0.027732171,3.26659893989563,4345,0.2,0.0003,0.305859375,-0.010328381718136371,11.749967241287232,2037.1383056640625,1000.0
433,871,1783808,4113,0.12612788379192352,0.9716763496398926,10.53491277694702,0.03723243,4.830636978149414,4350,0.2,0.0003,0.315625,-0.011475979769602417,11.762569522857666,2037.1383056640625,1000.0
433,872,1785856,4118,0.12612542510032654,0.9626059532165527,11.400005102157593,0.03929504,5.192606449127197,4355,0.2,0.0003,0.383203125,-0.013713722908869385,11.766583108901978,2056.819091796875,1000.0
433,873,1787904,4123,0.12612459063529968,0.45520496368408203,132.1457893371582,0.0555636,68.59980010986328,4360,0.2,0.0003,0.5296875,0.031568391725886616,11.76913800239563,2056.819091796875,1000.0
433,874,1789952,4127,0.12610222399234772,0.5847139954566956,82.2394027709961,0.02363674,37.99876022338867,4365,0.2,0.0003,0.24462890625,-0.009832582506351172,11.769209337234496,2056.819091796875,1000.0
433,875,1792000,4133,0.12605266273021698,0.4907858371734619,75.00004158020019,0.020527098,31.877904891967773,4370,0.2,0.0003,0.22353515625,-0.008896553283557295,11.774642133712769,2023.7012939453125,1000.0
433,876,1794048,4137,0.12603093683719635,0.4210388660430908,76.03888969421386,0.025393285,34.66196060180664,4375,0.2,0.0003,0.24111328125,-0.014006538619287311,11.780378818511963,2023.7012939453125,1000.0
433,877,1796096,4141,0.1259121149778366,0.7648369073867798,32.65077390670776,0.033646595,13.092584609985352,4380,0.2,0.0003,0.3048828125,-0.01869877070421353,11.78763313293457,2023.7012939453125,1000.0
433,878,1798144,4145,0.125832661986351,0.8985083103179932,15.380291938781738,0.034557298,5.964808464050293,4385,0.2,0.0003,0.401953125,-0.006140841986052692,11.804675674438476,2023.7012939453125,1000.0
433,879,1800192,4151,0.1257871687412262,0.9262863993644714,17.770088291168214,0.029436586,6.055038928985596,4390,0.2,0.0003,0.33173828125,-0.0005789454560726881,11.811221361160278,2034.0504150390625,1000.0
433,880,1802240,4155,0.12574441730976105,0.9132718443870544,22.8223237991333,0.033399183,10.218947410583496,4395,0.2,0.0003,0.35859375,-0.015936503186821938,11.81990122795105,2034.0504150390625,1000.0
433,881,1804288,4159,0.12571045756340027,0.9457780718803406,18.17771711349487,0.029776108,7.871387958526611,4400,0.2,0.0003,0.33544921875,-0.013567552249878646,11.824181461334229,2034.0504150390625,1000.0
433,882,1806336,4163,0.12559658288955688,0.9577019214630127,15.169313383102416,0.036919102,6.540982246398926,4405,0.2,0.0003,0.47470703125,0.007962997863069176,11.83529772758484,2034.0504150390625,1000.0
433,883,1808384,4168,0.125576913356781,0.9643422961235046,15.464455032348633,0.04548928,6.5614776611328125,4410,0.2,0.0003,0.426953125,0.0018592557869851589,11.84631118774414,2050.838134765625,1000.0
433,884,1810432,4172,0.12557785212993622,0.9131242632865906,47.29441471099854,0.026208997,23.843137741088867,4415,0.2,0.0003,0.29306640625,-0.012511121749412268,11.847194957733155,2050.838134765625,1000.0
433,885,1812480,4176,0.12559883296489716,0.7886581420898438,73.73600463867187,0.016563006,33.811058044433594,4420,0.2,0.0003,0.20517578125,-0.012996304378611967,11.847192335128785,2050.838134765625,1000.0
433,886,1814528,4181,0.12559404969215393,0.7591628432273865,72.01191368103028,0.016386168,33.84084701538086,4425,0.2,0.0003,0.18046875,-0.014566501043736935,11.84508719444275,2050.838134765625,1000.0
433,887,1816576,4186,0.12553523480892181,0.8111283779144287,53.647332191467285,0.02174639,23.565723419189453,4430,0.2,0.0003,0.22529296875,-0.016982412862125783,11.849619960784912,2029.737548828125,1000.0
434,888,1818624,4190,0.1255224347114563,0.8005933165550232,60.89753456115723,0.01903876,30.1909236907959,4435,0.2,0.0003,0.28994140625,-0.0152130464091897,11.856101274490356,2029.737548828125,1000.0
434,889,1820672,4194,0.12545715272426605,0.9454326629638672,25.503880500793457,0.031635668,10.112756729125977,4440,0.2,0.0003,0.25673828125,-0.0064140393165871504,11.858634233474731,2029.737548828125,1000.0
434,890,1822720,4198,0.12538956105709076,0.9477928876876831,21.78198347091675,0.01899832,8.49544620513916,4445,0.2,0.0003,0.26416015625,-0.011165414145216346,11.870632743835449,2029.737548828125,1000.0
434,891,1824768,4203,0.1254062056541443,0.9605686664581299,19.358538913726807,0.03796751,8.395533561706543,4450,0.2,0.0003,0.3146484375,-0.0034396986477077006,11.875370979309082,2034.98583984375,1000.0
434,892,1826816,4207,0.12532876431941986,0.940754234790802,34.7551155090332,0.03919041,16.859451293945312,4455,0.2,0.0003,0.33935546875,-0.011968216625973582,11.874841403961181,2034.98583984375,1000.0
434,893,1828864,4211,0.12529295682907104,0.9763914346694946,15.008678770065307,0.053480096,6.166214466094971,4460,0.2,0.0003,0.36416015625,-0.01046554723288864,11.8874662399292,2034.98583984375,1000.0
434,894,1830912,4216,0.12530498206615448,0.9742957353591919,19.122740459442138,0.053204186,9.250717163085938,4465,0.2,0.0003,0.40166015625,-0.012302693026140333,11.88665542602539,2034.98583984375,1000.0
434,895,1832960,4221,0.12523792684078217,0.9809092283248901,14.906199502944947,0.037812296,6.697656631469727,4470,0.2,0.0003,0.4005859375,-0.010555796220432966,11.888636922836303,2025.10302734375,1000.0
434,896,1835008,4225,0.12509717047214508,0.9509488344192505,33.98562288284302,0.04247386,13.095200538635254,4475,0.2,0.0003,0.37021484375,-0.014384904038161039,11.904587888717652,2025.10302734375,1000.0
434,897,1837056,4229,0.12500785291194916,0.956148624420166,20.65805892944336,0.024232913,9.967638969421387,4480,0.2,0.0003,0.2857421875,-0.010819741361774503,11.921749877929688,2025.10302734375,1000.0
434,898,1839104,4233,0.12505298852920532,0.9595608115196228,17.517700910568237,0.020548292,8.254277229309082,4485,0.2,0.0003,0.28203125,-0.007616231357678771,11.92617974281311,2025.10302734375,1000.0
434,899,1841152,4239,0.1250499188899994,0.9504198431968689,23.93168697357178,0.035799615,9.934822082519531,4490,0.2,0.0003,0.3169921875,-0.018273348489310594,11.92054295539856,2030.884033203125,1000.0
434,900,1843200,4244,0.12499001622200012,0.9196168184280396,64.45700778961182,0.029951274,26.311626434326172,4495,0.2,0.0003,0.32080078125,-0.008618202339857817,11.924920558929443,2030.884033203125,1000.0
434,901,1845248,4248,0.12495900690555573,0.9049534201622009,78.08560161590576,0.018782675,35.08491897583008,4500,0.2,0.0003,0.22470703125,-0.012486746860668063,11.933448839187623,2030.884033203125,1000.0
434,902,1847296,4252,0.12496694177389145,0.9151225686073303,80.2129508972168,0.023573825,32.482765197753906,4505,0.2,0.0003,0.21943359375,-0.013229077192954719,11.934815406799316,2030.884033203125,1000.0
434,903,1849344,4258,0.1249718964099884,0.9169624447822571,86.94891929626465,0.023135046,40.56840896606445,4510,0.2,0.0003,0.213671875,-0.01699999310076237,11.93308629989624,2002.723876953125,1000.0
434,904,1851392,4262,0.12498319149017334,0.8992801308631897,98.47633247375488,0.023658229,43.696170806884766,4515,0.2,0.0003,0.23857421875,-0.018534222152084112,11.93287796974182,2002.723876953125,1000.0
434,905,1853440,4266,0.12498778849840164,0.9380120635032654,44.422892570495605,0.017301675,18.550622940063477,4520,0.2,0.0003,0.2326171875,-0.016865964559838176,11.931085062026977,2002.723876953125,1000.0
434,906,1855488,4270,0.12498659640550613,0.9088785648345947,48.28649482727051,0.024607498,19.197025299072266,4525,0.2,0.0003,0.3091796875,-0.018702926172409207,11.93092451095581,2002.723876953125,1000.0
434,907,1857536,4276,0.1249050423502922,0.9180615544319153,38.719668579101565,0.03401716,17.80827522277832,4530,0.2,0.0003,0.3498046875,-0.016566275060176848,11.936306858062744,1990.97900390625,1000.0
434,908,1859584,4280,0.1248723641037941,0.9659143686294556,25.488294506072997,0.028508106,11.047327995300293,4535,0.2,0.0003,0.30888671875,-0.01904293259140104,11.946289253234863,1990.97900390625,1000.0
434,909,1861632,4284,0.12485713511705399,0.9843621850013733,13.02073278427124,0.0334068,7.115622043609619,4540,0.2,0.0003,0.36552734375,-0.007429996551945805,11.949960136413575,1990.97900390625,1000.0
434,910,1863680,4288,0.12483133375644684,0.9818916320800781,15.67582392692566,0.027661495,7.883898735046387,4545,0.2,0.0003,0.335546875,-0.018994812620803714,11.952884674072266,1990.97900390625,1000.0
434,911,1865728,4293,0.1247929036617279,0.9837807416915894,13.790906429290771,0.024872666,6.215090751647949,4550,0.2,0.0003,0.23984375,-0.017432325036497786,11.957256269454955,1984.837158203125,1000.0
434,912,1867776,4297,0.12470030784606934,0.9597501754760742,31.769829082489014,0.024742318,17.96484375,4555,0.2,0.0003,0.2880859375,-0.014413727447390556,11.967601442337036,1984.837158203125,1000.0
434,913,1869824,4301,0.1245909035205841,0.977204442024231,18.301042461395262,0.027846018,8.93617057800293,4560,0.2,0.0003,0.290234375,-0.01825567283667624,11.9819730758667,1984.837158203125,1000.0
434,914,1871872,4305,0.12450394034385681,0.9758753776550293,20.282274150848387,0.03409378,9.523456573486328,4565,0.2,0.0003,0.32587890625,-0.018087511393241586,11.997311544418334,1984.837158203125,1000.0
434,915,1873920,4311,0.12443677335977554,0.9816278219223022,15.399466609954834,0.028211823,7.62923002243042,4570,0.2,0.0003,0.28359375,-0.02141908654011786,12.007367849349976,1967.48974609375,1000.0
434,916,1875968,4315,0.12439613789319992,0.8705949783325195,31.34922561645508,0.03690355,14.848105430603027,4575,0.2,0.0003,0.33818359375,-0.015379337430931627,12.015378189086913,1967.48974609375,1000.0
434,917,1878016,4319,0.12420647591352463,0.9043822288513184,17.94935417175293,0.026662074,7.8441057205200195,4580,0.2,0.0003,0.25654296875,-0.015639076801016928,12.027390718460083,1967.48974609375,1000.0
434,918,1880064,4325,0.12407604604959488,0.9399345517158508,9.760567092895508,0.0397184,4.7788004875183105,4585,0.2,0.0003,0.3482421875,-0.005173990176990629,12.057762384414673,1965.908447265625,1000.0
434,919,1882112,4329,0.12406671047210693,0.8980374932289124,17.8094162940979,0.043556966,8.698373794555664,4590,0.2,0.0003,0.40927734375,-0.013585733505897224,12.06679539680481,1965.908447265625,1000.0
434,920,1884160,4333,0.12402444332838058,0.9522767663002014,26.222804164886476,0.02147542,11.800524711608887,4595,0.2,0.0003,0.35205078125,-0.00701802708208561,12.068671321868896,1965.908447265625,1000.0
434,921,1886208,4337,0.12391249090433121,0.9696224331855774,17.08900394439697,0.035349004,7.468871116638184,4600,0.2,0.0003,0.348046875,-0.012187354313209654,12.081076622009277,1965.908447265625,1000.0
434,922,1888256,4342,0.12382969260215759,0.980094313621521,12.50774884223938,0.028309848,5.158527374267578,4605,0.2,0.0003,0.31298828125,-0.015278779994696378,12.096516609191895,1974.740478515625,1000.0
434,923,1890304,4347,0.12375655770301819,0.9469470977783203,33.96073713302612,0.028135743,17.208759307861328,4610,0.2,0.0003,0.3298828125,-0.012720273272134364,12.107049608230591,1974.740478515625,1000.0
434,924,1892352,4351,0.12368623167276382,0.32721245288848877,52.287008666992186,0.030917596,27.349609375,4615,0.2,0.0003,0.2876953125,-0.013663954462390392,12.117647266387939,1974.740478515625,1000.0
434,925,1894400,4355,0.12363427132368088,0.32450205087661743,48.49184627532959,0.041798312,22.25597381591797,4620,0.2,0.0003,0.34580078125,-0.01273153864312917,12.127702713012695,1974.740478515625,1000.0
434,926,1896448,4360,0.12366309762001038,0.28175848722457886,42.530252075195314,0.059285134,18.91228485107422,4625,0.2,0.0003,0.494140625,0.00048605832271277907,12.130839395523072,1984.8184814453125,1000.0
434,927,1898496,4364,0.12367905676364899,0.720745325088501,44.494524002075195,0.046109367,21.256040573120117,4630,0.2,0.0003,0.393359375,-0.00429302875418216,12.123847723007202,1984.8184814453125,1000.0
435,928,1900544,4368,0.12361153215169907,0.9345508813858032,13.541297817230225,0.03817256,6.15940523147583,4635,0.2,0.0003,0.38662109375,-0.008942432818002999,12.128863763809203,1984.8184814453125,1000.0
435,929,1902592,4372,0.12346717715263367,0.9501366019248962,9.467905616760254,0.024383683,4.243227005004883,4640,0.2,0.0003,0.2712890625,-0.011065552767831832,12.142253303527832,1984.8184814453125,1000.0
434,930,1904640,4379,0.12344871461391449,0.9499000906944275,8.94018907546997,0.057626773,4.283796310424805,4645,0.2,0.0003,0.44501953125,-0.0037570745218545197,12.159950637817383,1986.5155029296875,1000.0
435,931,1906688,4383,0.12347589433193207,0.8952490091323853,24.686812496185304,0.050509732,12.836848258972168,4650,0.2,0.0003,0.4953125,0.009188161930069327,12.156530523300171,1986.5155029296875,1000.0
435,932,1908736,4387,0.1233898401260376,0.9160982370376587,22.025160121917725,0.024389984,10.162453651428223,4655,0.2,0.0003,0.2828125,-0.012943584192544221,12.160424280166627,1986.5155029296875,1000.0
435,933,1910784,4391,0.12340278178453445,0.923993706703186,19.658709049224854,0.036848404,8.664060592651367,4660,0.2,0.0003,0.3287109375,-0.008109426987357438,12.169870138168335,1986.5155029296875,1000.0
435,934,1912832,4396,0.12339244782924652,0.9200712442398071,20.492680168151857,0.029413274,9.01240348815918,4665,0.2,0.0003,0.32119140625,-0.009627848863601685,12.165270853042603,1965.1142578125,1000.0
435,935,1914880,4400,0.12330882996320724,0.9127212762832642,29.81312961578369,0.05586095,14.572985649108887,4670,0.2,0.0003,0.45205078125,-0.0046187339583411815,12.173155403137207,1965.1142578125,1000.0
435,936,1916928,4404,0.12326996773481369,0.8714957237243652,22.6030029296875,0.032223236,9.36789608001709,4675,0.2,0.0003,0.355859375,-0.006842959742061794,12.182742309570312,1965.1142578125,1000.0
435,937,1918976,4408,0.12318367511034012,0.8740368485450745,16.991445446014403,0.051340975,7.4331955909729,4680,0.2,0.0003,0.4169921875,-0.0035777131095528604,12.190984058380128,1965.1142578125,1000.0
435,938,1921024,4413,0.12307573854923248,0.8519028425216675,22.088419246673585,0.04860519,10.521018028259277,4685,0.2,0.0003,0.415234375,-0.0015216933563351632,12.206125020980835,1999.9073486328125,1000.0
435,939,1923072,4417,0.12297817319631577,0.9403362274169922,20.773270034790038,0.049131587,9.937000274658203,4690,0.2,0.0003,0.4240234375,-0.0035849508130922914,12.219856023788452,1999.9073486328125,1000.0
435,940,1925120,4421,0.1229475736618042,0.9575209021568298,13.065930938720703,0.041994423,5.725539207458496,4695,0.2,0.0003,0.48037109375,0.015855301218107343,12.230766010284423,1999.9073486328125,1000.0
435,941,1927168,4426,0.12290157377719879,0.9415431618690491,14.798516368865966,0.027266793,7.287601470947266,4700,0.2,0.0003,0.33134765625,-0.013702824525535107,12.233707857131957,1999.9073486328125,1000.0
435,942,1929216,4431,0.12277110666036606,0.9379580616950989,16.912457704544067,0.044477556,8.895200729370117,4705,0.2,0.0003,0.34658203125,-0.010809108545072377,12.24757080078125,2006.9462890625,1000.0
435,943,1931264,4435,0.12276360392570496,0.8291769027709961,32.815310096740724,0.024935698,15.420510292053223,4710,0.2,0.0003,0.32744140625,-0.00671969837276265,12.260488939285278,2006.9462890625,1000.0
435,944,1933312,4439,0.12275883555412292,0.9009420871734619,13.112415313720703,0.039724175,5.988273620605469,4715,0.2,0.0003,0.32763671875,-0.014515510643832386,12.2594584941864,2006.9462890625,1000.0
435,945,1935360,4444,0.12264470010995865,0.8999136686325073,12.154929590225219,0.0629658,5.633094310760498,4720,0.2,0.0003,0.46611328125,-0.00539002069272101,12.267566537857055,2006.9462890625,1000.0
435,946,1937408,4449,0.12255270034074783,0.9007326364517212,11.295239114761353,0.07919045,5.52424955368042,4725,0.2,0.0003,0.44697265625,-0.004328407731372863,12.285232591629029,1989.670166015625,1000.0
435,947,1939456,4453,0.12250667065382004,0.6745637655258179,45.64030017852783,0.037449554,19.151050567626953,4730,0.2,0.0003,0.37001953125,-0.009718900651205332,12.29471287727356,1989.670166015625,1000.0
435,948,1941504,4458,0.12251489609479904,0.6194444894790649,50.6048547744751,0.041867003,29.048545837402344,4735,0.2,0.0003,0.42041015625,-0.013606529217213392,12.299382448196411,1989.670166015625,1000.0
435,949,1943552,4463,0.12250444293022156,0.6836532950401306,32.21897087097168,0.06867334,16.123794555664062,4740,0.2,0.0003,0.44326171875,-0.009380078595131635,12.30012617111206,1989.670166015625,1000.0
435,950,1945600,4468,0.1225445419549942,0.6864594221115112,42.63215084075928,0.0804673,19.114587783813477,4745,0.2,0.0003,0.50390625,-0.0014169036294333637,12.298991823196411,2009.0523681640625,1000.0
435,951,1947648,4472,0.12254217267036438,0.8052544593811035,32.85927944183349,0.037597902,12.939122200012207,4750,0.2,0.0003,0.41025390625,-0.011182058369740844,12.295242357254029,2009.0523681640625,1000.0
435,952,1949696,4476,0.1225346028804779,0.9319670796394348,12.66829800605774,0.0326451,4.967304706573486,4755,0.2,0.0003,0.344921875,-0.010859216446988285,12.296596479415893,2009.0523681640625,1000.0
435,953,1951744,4480,0.12254108488559723,0.9428322315216064,12.913532876968384,0.05144976,4.954651355743408,4760,0.2,0.0003,0.40419921875,-0.007318939361721277,12.297343730926514,2009.0523681640625,1000.0
435,954,1953792,4486,0.12248978018760681,0.9669153690338135,10.455513143539429,0.05040454,4.2342529296875,4765,0.2,0.0003,0.40087890625,-0.003789590112864971,12.2971848487854,2018.5592041015625,1000.0
435,955,1955840,4490,0.12241002172231674,0.9249809384346008,29.0947021484375,0.029222183,12.675264358520508,4770,0.2,0.0003,0.30400390625,-0.007974910410121083,12.307010269165039,2018.5592041015625,1000.0
435,956,1957888,4494,0.12227969616651535,0.9716384410858154,10.067932748794556,0.038994297,5.0282487869262695,4775,0.2,0.0003,0.340625,-0.013509972393512726,12.322424459457398,2018.5592041015625,1000.0
435,957,1959936,4498,0.12221899628639221,0.9593178629875183,14.374193239212037,0.033741232,6.269461631774902,4780,0.2,0.0003,0.36787109375,-0.012489930726587772,12.337557744979858,2018.5592041015625,1000.0
435,958,1961984,4504,0.122157521545887,0.9584669470787048,14.302780389785767,0.032325216,7.715396404266357,4785,0.2,0.0003,0.354296875,-0.009233472985215485,12.347771978378296,2016.03662109375,1000.0
435,959,1964032,4508,0.12210190296173096,0.9266055226325989,16.496098709106445,0.032225154,7.958192348480225,4790,0.2,0.0003,0.37294921875,-0.0069526750827208165,12.355990552902222,2016.03662109375,1000.0
435,960,1966080,4513,0.12200179696083069,0.9602770209312439,10.61494584083557,0.026049541,4.933010101318359,4795,0.2,0.0003,0.336328125,-0.011071750288829207,12.368629598617554,2016.03662109375,1000.0
435,961,1968128,4518,0.12192349880933762,0.9636975526809692,10.046396970748901,0.019132357,4.29271936416626,4800,0.2,0.0003,0.21552734375,-0.01496408887906,12.382400369644165,2029.70703125,1000.0
435,962,1970176,4522,0.12182304263114929,0.9381600022315979,16.953778791427613,0.028689897,7.043657302856445,4805,0.2,0.0003,0.3095703125,-0.013188962172716857,12.396772432327271,2029.70703125,1000.0
435,963,1972224,4526,0.12170590460300446,0.940569281578064,19.478140306472778,0.034734096,7.422611713409424,4810,0.2,0.0003,0.3310546875,-0.018344006058759986,12.412423515319825,2029.70703125,1000.0
435,964,1974272,4530,0.12151999026536942,0.9568990468978882,15.898451566696167,0.041605443,6.325551509857178,4815,0.2,0.0003,0.3328125,-0.0178491382393986,12.435430002212524,2029.70703125,1000.0
435,965,1976320,4536,0.12139393389225006,0.9686340689659119,12.694292116165162,0.050440837,5.444407939910889,4820,0.2,0.0003,0.39404296875,-0.011744012334384024,12.461040258407593,2054.884765625,1000.0
435,966,1978368,4540,0.12131432443857193,0.9292726516723633,37.001716995239256,0.065280974,17.489809036254883,4825,0.2,0.0003,0.444140625,-0.002388021012302488,12.474903631210328,2054.884765625,1000.0
435,967,1980416,4544,0.12123522162437439,0.9309197664260864,28.104294967651366,0.026304089,12.70545768737793,4830,0.2,0.0003,0.3029296875,-0.012253275280818344,12.485791683197021,2054.884765625,1000.0
435,968,1982464,4548,0.12114029377698898,0.9453874826431274,23.86939001083374,0.024330968,10.640884399414062,4835,0.2,0.0003,0.27978515625,-0.010364777268841862,12.499485874176026,2054.884765625,1000.0
435,969,1984512,4554,0.12109129875898361,0.9611150622367859,15.460784482955933,0.051862456,6.8960771560668945,4840,0.2,0.0003,0.38486328125,-0.016280144569464028,12.511910915374756,2061.533203125,1000.0
435,970,1986560,4558,0.12116128951311111,0.8907045722007751,35.97416667938232,0.03412667,18.364120483398438,4845,0.2,0.0003,0.3703125,-0.012426447228062899,12.512316179275512,2061.533203125,1000.0
435,971,1988608,4562,0.12122122198343277,0.7857286930084229,43.15932388305664,0.020979747,16.153947830200195,4850,0.2,0.0003,0.3029296875,-0.01642454988323152,12.499272632598878,2061.533203125,1000.0
435,972,1990656,4566,0.12118974328041077,0.7970952391624451,40.141707038879396,0.038811848,17.644424438476562,4855,0.2,0.0003,0.3859375,-0.012769103469327091,12.497178745269775,2061.533203125,1000.0
435,973,1992704,4572,0.12118356674909592,0.8397512435913086,34.34426031112671,0.027769588,17.55447769165039,4860,0.2,0.0003,0.33271484375,-0.011423469218425453,12.502288341522217,2050.11279296875,1000.0
435,974,1994752,4577,0.12120992690324783,0.8213822245597839,38.80848388671875,0.027144961,17.467775344848633,4865,0.2,0.0003,0.2513671875,-0.016704518115147948,12.500911617279053,2050.11279296875,1000.0
435,975,1996800,4582,0.12122832238674164,0.8895918726921082,16.31126217842102,0.033040263,7.681997299194336,4870,0.2,0.0003,0.33701171875,-0.013478689058683813,12.496924638748169,2050.11279296875,1000.0
435,976,1998848,4586,0.121174655854702,0.8622642755508423,18.843869972229005,0.038810275,8.818493843078613,4875,0.2,0.0003,0.3966796875,-0.007707010000012815,12.499607372283936,2050.11279296875,1000.0
435,977,2000896,4591,0.12107900530099869,0.8631904125213623,19.188956451416015,0.039221145,9.279512405395508,4880,0.2,0.0003,0.383984375,-0.006064315477851778,12.512750911712647,2073.287353515625,1000.0
435,978,2002944,4595,0.12101781368255615,0.924083411693573,21.808302688598634,0.054001182,11.036938667297363,4885,0.2,0.0003,0.3939453125,-0.012127977854106575,12.525133275985718,2073.287353515625,1000.0
435,979,2004992,4599,0.1209217831492424,0.9625900983810425,9.85670576095581,0.023854565,4.698751926422119,4890,0.2,0.0003,0.27734375,-0.013801007706206292,12.536636114120483,2073.287353515625,1000.0
435,980,2007040,4603,0.12085822224617004,0.935735285282135,16.34248266220093,0.03653036,8.217462539672852,4895,0.2,0.0003,0.38994140625,-0.012743750226218254,12.551932382583619,2073.287353515625,1000.0
435,981,2009088,4609,0.12078908830881119,0.9456281065940857,15.153891277313232,0.028441845,8.22663688659668,4900,0.2,0.0003,0.326171875,-0.012625924800522626,12.56020975112915,2082.688720703125,1000.0
435,982,2011136,4613,0.1207660585641861,0.8599411845207214,47.70299472808838,0.022805547,25.21659278869629,4905,0.2,0.0003,0.2822265625,-0.009972711210139096,12.570280981063842,2082.688720703125,1000.0
436,983,2013184,4617,0.12075262516736984,0.8571685552597046,51.244374656677245,0.022927722,22.771766662597656,4910,0.2,0.0003,0.267578125,-0.020584910229081287,12.572354745864867,2082.688720703125,1000.0
436,984,2015232,4621,0.12078327685594559,0.8688802719116211,48.1311897277832,0.021797858,27.781679153442383,4915,0.2,0.0003,0.28701171875,-0.016892611305229364,12.571178817749024,2082.688720703125,1000.0
436,985,2017280,4626,0.12074986845254898,0.835017204284668,57.58538951873779,0.023057733,28.678340911865234,4920,0.2,0.0003,0.25966796875,-0.015818108152598143,12.569573736190796,2087.666015625,1000.0
436,986,2019328,4630,0.1207057386636734,0.9139929413795471,32.27228937149048,0.021229608,15.58362865447998,4925,0.2,0.0003,0.25751953125,-0.017344694281928242,12.57579140663147,2087.666015625,1000.0
436,987,2021376,4634,0.12068817019462585,0.9578433632850647,14.589012479782104,0.02267885,5.918867111206055,4930,0.2,0.0003,0.30498046875,-0.011095958179794252,12.581144189834594,2087.666015625,1000.0
436,988,2023424,4638,0.12061076611280441,0.9601642489433289,15.873775053024293,0.030415468,6.026761531829834,4935,0.2,0.0003,0.32333984375,-0.011966211767867208,12.585155820846557,2087.666015625,1000.0
436,989,2025472,4644,0.12049060314893723,0.9756483435630798,11.796700859069825,0.042117402,5.629374980926514,4940,0.2,0.0003,0.32265625,-0.010072446148842572,12.602593469619752,2076.6982421875,1000.0
436,990,2027520,4648,0.120459645986557,0.9663853049278259,23.75343246459961,0.025088135,11.564464569091797,4945,0.2,0.0003,0.33212890625,-0.013726750295609236,12.614482975006103,2076.6982421875,1000.0
436,991,2029568,4652,0.12046270817518234,0.9829245805740356,13.195326709747315,0.024863414,5.23586893081665,4950,0.2,0.0003,0.27880859375,-0.007312561408616603,12.615168190002441,2076.6982421875,1000.0
436,992,2031616,4656,0.12045706808567047,0.9691978693008423,20.45158815383911,0.022543661,8.430045127868652,4955,0.2,0.0003,0.24697265625,-0.015673230797983707,12.615732192993164,2076.6982421875,1000.0
436,993,2033664,4662,0.120433010160923,0.9588137269020081,17.810634422302247,0.024774872,7.776617050170898,4960,0.2,0.0003,0.31591796875,-0.015361104137264192,12.61685266494751,2087.93115234375,1000.0
436,994,2035712,4667,0.12042126059532166,0.8064795732498169,87.00680999755859,0.027939055,37.03615951538086,4965,0.2,0.0003,0.30732421875,-0.012926224642433226,12.620545053482056,2087.93115234375,1000.0
436,995,2037760,4671,0.12035442888736725,0.850064754486084,44.696689414978025,0.027395835,19.742597579956055,4970,0.2,0.0003,0.2880859375,-0.019646756374277173,12.624546337127686,2087.93115234375,1000.0
436,996,2039808,4676,0.12031601369380951,0.6748040914535522,62.124697875976565,0.028357998,23.715974807739258,4975,0.2,0.0003,0.32998046875,-0.018751178681850434,12.633681869506836,2087.93115234375,1000.0
436,997,2041856,4681,0.12033915519714355,0.6085351705551147,55.30781860351563,0.032224104,26.1309757232666,4980,0.2,0.0003,0.30693359375,-0.02052141239400953,12.635230016708373,2083.45751953125,1000.0
436,998,2043904,4685,0.12036588788032532,-0.014458537101745605,118.03545227050782,0.020893438,57.31022262573242,4985,0.2,0.0003,0.247265625,-0.01111410150770098,12.629868030548096,2083.45751953125,1000.0
436,999,2045952,4689,0.12028224021196365,-0.1938697099685669,64.4169111251831,0.06826535,32.979000091552734,4990,0.2,0.0003,0.4046875,-0.008122416608966888,12.633697271347046,2083.45751953125,1000.0
436,1000,2048000,4695,0.12019019573926926,-0.16069412231445312,76.40996932983398,0.09648971,39.16291046142578,4995,0.2,0.0003,0.5326171875,0.003729949635453522,12.65090560913086,2067.24169921875,1000.0
436,1001,2050048,4699,0.12025729566812515,-0.10504090785980225,73.88085384368897,0.16185002,33.34666442871094,5000,0.2,0.0003,0.6314453125,0.02206583556253463,12.659334087371827,2067.24169921875,1000.0
436,1002,2052096,4703,0.12033408135175705,0.3754400610923767,29.249921131134034,0.053079844,12.874760627746582,5005,0.2,0.0003,0.55693359375,0.023934452977846375,12.64179368019104,2067.24169921875,1000.0
436,1003,2054144,4707,0.1203179731965065,0.5953194499015808,22.093104743957518,0.04174796,8.780264854431152,5010,0.2,0.0003,0.34013671875,-0.010134558286517858,12.639081048965455,2067.24169921875,1000.0
436,1004,2056192,4713,0.12027532607316971,0.7313758134841919,21.74247579574585,0.035558816,8.748149871826172,5015,0.2,0.0003,0.35322265625,-0.006445642095059156,12.64338583946228,2067.0537109375,1000.0
436,1005,2058240,4717,0.12028062343597412,0.7964950799942017,23.34623079299927,0.0416831,11.562321662902832,5020,0.2,0.0003,0.3572265625,-0.010968341858824716,12.649289894104005,2067.0537109375,1000.0
436,1006,2060288,4721,0.1203010082244873,0.6456769704818726,47.19593887329101,0.042823732,22.47907066345215,5025,0.2,0.0003,0.39873046875,-0.013188346358947455,12.646966409683227,2067.0537109375,1000.0
436,1007,2062336,4727,0.12027081847190857,0.6343518495559692,58.47542152404785,0.031219603,30.326013565063477,5030,0.2,0.0003,0.3462890625,-0.017112014081794767,12.646529150009155,2067.0537109375,1000.0
436,1008,2064384,4733,0.1202612966299057,0.6150979995727539,50.32802333831787,0.053566035,23.464719772338867,5035,0.2,0.0003,0.38486328125,-0.015900140278972685,12.651666307449341,2073.7880859375,1000.0
436,1009,2066432,4737,0.12028513848781586,0.6487226486206055,46.88097305297852,0.07086028,20.988033294677734,5040,0.2,0.0003,0.4791015625,-0.004100702493451536,12.649740219116211,2073.7880859375,1000.0
436,1010,2068480,4741,0.12028472870588303,0.8782943487167358,16.758536958694457,0.036069,5.648170471191406,5045,0.2,0.0003,0.35048828125,-0.01256008653435856,12.644296073913575,2073.7880859375,1000.0
436,1011,2070528,4745,0.12018607556819916,0.9033064246177673,17.324199771881105,0.02620427,7.5947465896606445,5050,0.2,0.0003,0.31669921875,-0.00794368856586516,12.651139736175537,2073.7880859375,1000.0
436,1012,2072576,4750,0.12008851021528244,0.8813005685806274,21.47315893173218,0.029162752,8.181001663208008,5055,0.2,0.0003,0.3224609375,-0.006495120795443654,12.666410160064697,2058.51806640625,1000.0
436,1013,2074624,4754,0.1199621632695198,0.8860712647438049,21.229947662353517,0.056097977,8.206942558288574,5060,0.2,0.0003,0.41103515625,-0.010017410176806152,12.680177450180054,2058.51806640625,1000.0
436,1014,2076672,4758,0.119785375893116,0.9371973276138306,17.46709623336792,0.034704234,5.950323104858398,5065,0.2,0.0003,0.37900390625,-0.0062855298514477905,12.701960039138793,2058.51806640625,1000.0
436,1015,2078720,4763,0.11970581114292145,0.9464191198348999,13.83130898475647,0.0431925,6.275588512420654,5070,0.2,0.0003,0.39541015625,-0.005372830701526254,12.723459386825562,2058.51806640625,1000.0
436,1016,2080768,4768,0.11963898688554764,0.9520573019981384,14.01070957183838,0.05682457,5.19504976272583,5075,0.2,0.0003,0.42685546875,-0.00875688144005835,12.73106861114502,2058.646240234375,1000.0
436,1017,2082816,4772,0.11963152885437012,0.8975762128829956,28.32518653869629,0.05477332,14.392691612243652,5080,0.2,0.0003,0.440234375,-0.004851744300685823,12.736780738830566,2058.646240234375,1000.0
436,1018,2084864,4777,0.11960499733686447,0.8992486596107483,20.99897928237915,0.022342335,8.707151412963867,5085,0.2,0.0003,0.2876953125,-0.007960873667616396,12.737208604812622,2058.646240234375,1000.0
436,1019,2086912,4781,0.11959856003522873,0.8846814632415771,21.54554624557495,0.033073574,8.745199203491211,5090,0.2,0.0003,0.30947265625,-0.015525233664084226,12.740517711639404,2058.646240234375,1000.0
436,1020,2088960,4786,0.11954021453857422,0.9297851920127869,14.553189039230347,0.031557344,5.857555866241455,5095,0.2,0.0003,0.346875,-0.004887374537065625,12.744145727157592,2080.265869140625,1000.0
436,1021,2091008,4790,0.1195276603102684,0.9434937834739685,19.491674995422365,0.034756158,9.692184448242188,5100,0.2,0.0003,0.31748046875,-0.012134007550776005,12.751654291152954,2080.265869140625,1000.0
436,1022,2093056,4794,0.11949507147073746,0.9769505858421326,13.091302728652954,0.03570486,5.462341785430908,5105,0.2,0.0003,0.3220703125,-0.016308533144183457,12.75183367729187,2080.265869140625,1000.0
436,1023,2095104,4798,0.11944244801998138,0.9745644927024841,13.955185651779175,0.043527134,6.643067836761475,5110,0.2,0.0003,0.35078125,-0.010825090203434229,12.758730268478393,2080.265869140625,1000.0
436,1024,2097152,4803,0.11941763758659363,0.9763892889022827,14.030754995346069,0.04231473,6.522756576538086,5115,0.2,0.0003,0.3958984375,-0.010842474829405545,12.76475772857666,2079.23291015625,1000.0
436,1025,2099200,4807,0.11945566534996033,0.8691672086715698,65.75139007568359,0.027959347,32.34210968017578,5120,0.2,0.0003,0.31923828125,-0.007843700982630254,12.76466064453125,2079.23291015625,1000.0
436,1026,2101248,4812,0.119498610496521,0.7869551777839661,58.65780868530273,0.024587572,30.16565704345703,5125,0.2,0.0003,0.26025390625,-0.017996647069230674,12.757474899291992,2079.23291015625,1000.0
436,1027,2103296,4816,0.11947577446699142,0.7622585296630859,59.18421821594238,0.022098938,27.325101852416992,5130,0.2,0.0003,0.26669921875,-0.012794124404899776,12.753585720062256,2079.23291015625,1000.0
436,1028,2105344,4822,0.1194782555103302,0.795815646648407,48.91522750854492,0.028625114,24.662607192993164,5135,0.2,0.0003,0.303125,-0.01719222713727504,12.757685613632201,2059.2275390625,1000.0
436,1029,2107392,4826,0.11947628110647202,0.803510308265686,32.02659606933594,0.03504272,13.835819244384766,5140,0.2,0.0003,0.31376953125,-0.013589269900694489,12.754910564422607,2059.2275390625,1000.0
436,1030,2109440,4831,0.11944026499986649,0.9256082773208618,8.092680072784423,0.03251894,4.097018718719482,5145,0.2,0.0003,0.35732421875,-0.009480312978848816,12.757815504074097,2059.2275390625,1000.0
436,1031,2111488,4835,0.11942389607429504,0.90728759765625,9.523559427261352,0.06535362,4.585597038269043,5150,0.2,0.0003,0.44619140625,0.003728314652107656,12.762399387359618,2059.2275390625,1000.0
436,1032,2113536,4840,0.11939671635627747,0.9041793346405029,8.761706209182739,0.056939982,4.004913806915283,5155,0.2,0.0003,0.387890625,-0.01417906314600259,12.764671182632446,2071.635986328125,1000.0
436,1033,2115584,4845,0.1193748190999031,0.9262486100196838,17.92838296890259,0.031853467,7.06107759475708,5160,0.2,0.0003,0.3607421875,-0.010926265874877572,12.769150543212891,2071.635986328125,1000.0
436,1034,2117632,4850,0.11939549446105957,0.9582005739212036,12.151813650131226,0.02705155,6.2763261795043945,5165,0.2,0.0003,0.28251953125,-0.01360861249268055,12.76955828666687,2071.635986328125,1000.0
436,1035,2119680,4854,0.11937255412340164,0.9467103481292725,14.858117866516114,0.02528102,7.384181022644043,5170,0.2,0.0003,0.27412109375,-0.017615804565139115,12.768877315521241,2071.635986328125,1000.0
436,1036,2121728,4859,0.11931807547807693,0.9392664432525635,15.296317672729492,0.02660577,7.823015213012695,5175,0.2,0.0003,0.294140625,-0.01638901822734624,12.776047420501708,2072.541259765625,1000.0
436,1037,2123776,4863,0.11931315064430237,0.9174515604972839,28.616310596466064,0.026323456,13.135709762573242,5180,0.2,0.0003,0.363671875,-0.009455009270459414,12.781853485107423,2072.541259765625,1000.0
436,1038,2125824,4867,0.11923512071371078,0.9621118307113647,14.734497022628783,0.03121565,7.228468418121338,5185,0.2,0.0003,0.32080078125,-0.013435693248175085,12.784354209899902,2072.541259765625,1000.0
436,1039,2127872,4872,0.11917320638895035,0.9681857228279114,12.47898759841919,0.03249976,6.307918548583984,5190,0.2,0.0003,0.275,-0.014730917604174465,12.798085117340088,2072.541259765625,1000.0
436,1040,2129920,4877,0.11915385723114014,0.9585872888565063,15.741838312149047,0.022004092,7.793056011199951,5195,0.2,0.0003,0.26015625,-0.014656500704586507,12.804576635360718,2071.64794921875,1000.0
436,1041,2131968,4881,0.11916947364807129,0.9134288430213928,22.00105228424072,0.019384492,10.151360511779785,5200,0.2,0.0003,0.22236328125,-0.01119964283425361,12.804939365386963,2071.64794921875,1000.0
436,1042,2134016,4885,0.11915062367916107,0.9366471767425537,16.677764701843262,0.017711919,7.591974258422852,5205,0.2,0.0003,0.24111328125,-0.015906688757240772,12.805167531967163,2071.64794921875,1000.0
436,1043,2136064,4890,0.11911623924970627,0.9363997578620911,19.536902904510498,0.020242034,11.051109313964844,5210,0.2,0.0003,0.26103515625,-0.01601921005640179,12.809323406219482,2082.53173828125,1000.0
436,1044,2138112,4894,0.11908899247646332,0.9598539471626282,13.54741735458374,0.03436091,6.011071681976318,5215,0.2,0.0003,0.303515625,-0.015041549562010915,12.814422178268433,2082.53173828125,1000.0
436,1045,2140160,4898,0.11908241361379623,0.9406749606132507,18.284493970870972,0.025095848,8.741475105285645,5220,0.2,0.0003,0.3150390625,-0.013040723092854024,12.81761212348938,2082.53173828125,1000.0
436,1046,2142208,4903,0.11902855336666107,0.9550845623016357,15.800096225738525,0.02883309,7.4073100090026855,5225,0.2,0.0003,0.3095703125,-0.015722476225346328,12.820223951339722,2082.53173828125,1000.0
436,1047,2144256,4908,0.11895064264535904,0.9571889042854309,14.387170267105102,0.033059552,6.707287311553955,5230,0.2,0.0003,0.271875,-0.012966693833004684,12.830883884429932,2103.68359375,1000.0
436,1048,2146304,4912,0.1188526526093483,0.9230473637580872,26.072947692871093,0.038350213,12.641995429992676,5235,0.2,0.0003,0.373046875,-0.013251006370410323,12.844246864318848,2103.68359375,1000.0
436,1049,2148352,4916,0.11881595104932785,0.9609088897705078,17.497447443008422,0.03259872,8.1432466506958,5240,0.2,0.0003,0.35439453125,-0.022383642080239952,12.855926895141602,2103.68359375,1000.0
437,1050,2150400,4920,0.11877487599849701,0.9718940258026123,14.787418603897095,0.026669785,7.470317363739014,5245,0.2,0.0003,0.31220703125,-0.01661234931088984,12.860522937774657,2103.68359375,1000.0
436,1051,2152448,4926,0.11875449120998383,0.976589560508728,13.047080707550048,0.038958818,6.138025283813477,5250,0.2,0.0003,0.32255859375,-0.019290566723793746,12.867306280136109,2113.62451171875,1000.0
437,1052,2154496,4930,0.11865946650505066,0.9660438895225525,20.45205674171448,0.02945391,9.50864315032959,5255,0.2,0.0003,0.35009765625,-0.01414136930834502,12.874585628509521,2113.62451171875,1000.0
437,1053,2156544,4934,0.1186656653881073,0.974780261516571,15.907250928878785,0.038336836,7.848851203918457,5260,0.2,0.0003,0.33525390625,-0.011673780716955661,12.884035873413087,2113.62451171875,1000.0
437,1054,2158592,4938,0.11864002794027328,0.983168363571167,10.179283237457275,0.027974289,5.049066066741943,5265,0.2,0.0003,0.3298828125,-0.017914541764184833,12.884553909301758,2113.62451171875,1000.0
437,1055,2160640,4943,0.11852535605430603,0.9722774624824524,16.966598653793334,0.025208516,7.640949726104736,5270,0.2,0.0003,0.3171875,-0.012102427356876434,12.894057893753052,2123.33935546875,1000.0
437,1056,2162688,4947,0.11840840429067612,0.8959664702415466,51.12546443939209,0.03783625,19.875967025756836,5275,0.2,0.0003,0.34169921875,-0.011685472843237222,12.91396861076355,2123.33935546875,1000.0
437,1057,2164736,4951,0.11834601312875748,0.6577862501144409,66.38929920196533,0.018967407,28.17572021484375,5280,0.2,0.0003,0.2208984375,-0.012966681865509599,12.92837963104248,2123.33935546875,1000.0
437,1058,2166784,4955,0.11835458874702454,0.6138837933540344,80.53067970275879,0.017937366,39.77030563354492,5285,0.2,0.0003,0.19072265625,-0.0138154533226043,12.933422374725343,2123.33935546875,1000.0
437,1059,2168832,4960,0.11838262528181076,0.6815032958984375,53.24333744049072,0.022576803,24.35698127746582,5290,0.2,0.0003,0.2619140625,-0.017068423540331425,12.930296754837036,2113.755859375,1000.0
437,1060,2170880,4964,0.11838611960411072,0.7635589838027954,45.52843017578125,0.025291964,20.980260848999023,5295,0.2,0.0003,0.2544921875,-0.01111549106426537,12.927507734298706,2113.755859375,1000.0
437,1061,2172928,4969,0.11838176846504211,0.9263796806335449,14.807690334320068,0.023626793,6.5586838722229,5300,0.2,0.0003,0.26123046875,-0.011579747148789465,12.927321290969848,2113.755859375,1000.0
437,1062,2174976,4973,0.11841998994350433,0.9162859320640564,15.005193281173707,0.04211954,6.965815544128418,5305,0.2,0.0003,0.38994140625,-0.003230848675593734,12.92569899559021,2113.755859375,1000.0
437,1063,2177024,4978,0.1184777170419693,0.9137751460075378,13.567180681228638,0.04389026,6.822904109954834,5310,0.2,0.0003,0.44248046875,0.010200300859287382,12.91690182685852,2120.67822265625,1000.0
437,1064,2179072,4982,0.11849603056907654,0.7934050559997559,38.030969047546385,0.06565577,17.183584213256836,5315,0.2,0.0003,0.4748046875,0.013453831430524588,12.910638570785522,2120.67822265625,1000.0
437,1065,2181120,4986,0.11847013980150223,0.8070498704910278,31.09235906600952,0.029379997,15.308176040649414,5320,0.2,0.0003,0.33671875,-0.010430929902940988,12.91067876815796,2120.67822265625,1000.0
437,1066,2183168,4990,0.11837247759103775,0.8288922905921936,31.671037578582762,0.046491154,15.656376838684082,5325,0.2,0.0003,0.40048828125,-0.00422588421497494,12.918511009216308,2120.67822265625,1000.0
437,1067,2185216,4996,0.11825593560934067,0.8608202338218689,27.58844385147095,0.04798004,13.8646879196167,5330,0.2,0.0003,0.40009765625,-0.006158384424634278,12.935079526901244,2117.356689453125,1000.0
437,1068,2187264,5001,0.11819640547037125,0.8541945219039917,26.143998527526854,0.030000977,12.261825561523438,5335,0.2,0.0003,0.3568359375,-0.015036867745220662,12.949446153640746,2117.356689453125,1000.0
437,1069,2189312,5006,0.11810493469238281,0.9467208385467529,11.318495893478394,0.028424744,4.686949729919434,5340,0.2,0.0003,0.335546875,-0.0023729909677058457,12.959296131134034,2117.356689453125,1000.0
437,1070,2191360,5010,0.11803077161312103,0.9568309187889099,9.494701528549195,0.016869081,3.709017753601074,5345,0.2,0.0003,0.2658203125,-0.009384454390965403,12.97445034980774,2117.356689453125,1000.0
437,1071,2193408,5015,0.11795110255479813,0.9442930221557617,10.62053713798523,0.02111763,4.891119480133057,5350,0.2,0.0003,0.25615234375,-0.013512213842477649,12.984514236450195,2120.233642578125,1000.0
437,1072,2195456,5020,0.11794812232255936,0.9377980828285217,25.549961185455324,0.026710268,11.606821060180664,5355,0.2,0.0003,0.3189453125,-0.00603285696124658,12.993134784698487,2120.233642578125,1000.0
437,1073,2197504,5024,0.11796630918979645,0.9496646523475647,24.836488914489745,0.02180259,11.497526168823242,5360,0.2,0.0003,0.28125,-0.01117996412795037,12.989404344558716,2120.233642578125,1000.0
437,1074,2199552,5028,0.11796049028635025,0.9655274152755737,17.350679874420166,0.029450214,7.854800701141357,5365,0.2,0.0003,0.26064453125,-0.018147606495767833,12.988973617553711,2120.233642578125,1000.0
437,1075,2201600,5033,0.11790113896131516,0.9598718881607056,20.67715530395508,0.035857785,8.457340240478516,5370,0.2,0.0003,0.304296875,-0.017467321921139957,12.992958307266235,2106.111572265625,1000.0
437,1076,2203648,5038,0.11786270141601562,0.9040793776512146,29.163290882110594,0.039469074,13.740715980529785,5375,0.2,0.0003,0.3484375,-0.0016526940860785543,13.001293897628784,2106.111572265625,1000.0
437,1077,2205696,5042,0.11787455528974533,0.8649345636367798,20.41994972229004,0.041868426,9.968619346618652,5380,0.2,0.0003,0.3265625,-0.01105900527909398,13.002195119857788,2106.111572265625,1000.0
437,1078,2207744,5046,0.11788288503885269,0.8503320217132568,21.12262144088745,0.028232262,10.108381271362305,5385,0.2,0.0003,0.34912109375,-0.009353221603669226,13.000725841522216,2106.111572265625,1000.0
437,1079,2209792,5051,0.11793788522481918,0.8541308641433716,23.243697261810304,0.02931245,11.541064262390137,5390,0.2,0.0003,0.391015625,-0.010487335990183056,12.996461486816406,2125.226806640625,1000.0
437,1080,2211840,5055,0.11794136464595795,0.9613000750541687,24.507037258148195,0.029047541,13.230484962463379,5395,0.2,0.0003,0.294921875,-0.019725095573812725,12.991303443908691,2125.226806640625,1000.0
437,1081,2213888,5059,0.11791270226240158,0.9567263126373291,20.49279842376709,0.029826265,8.684703826904297,5400,0.2,0.0003,0.283984375,-0.01902949925279245,12.994447803497314,2125.226806640625,1000.0
437,1082,2215936,5064,0.11791903525590897,0.9680567383766174,13.601246356964111,0.021385625,6.3412322998046875,5405,0.2,0.0003,0.28115234375,-0.0119521529879421,12.997434902191163,2125.226806640625,1000.0
437,1083,2217984,5070,0.11791365593671799,0.9567400813102722,15.551256895065308,0.030136278,6.910727024078369,5410,0.2,0.0003,0.351171875,-0.016305923904292287,12.996326780319214,2107.9921875,1000.0
437,1084,2220032,5074,0.11787346750497818,0.740803062915802,35.33988437652588,0.030105297,15.838264465332031,5415,0.2,0.0003,0.3421875,-0.014342806534841657,12.999373960494996,2107.9921875,1000.0
437,1085,2222080,5078,0.11791639775037766,0.8612139225006104,14.061889219284058,0.039370805,6.54215145111084,5420,0.2,0.0003,0.36376953125,-0.011816097889095545,13.000794553756714,2107.9921875,1000.0
437,1086,2224128,5084,0.11790923029184341,0.8674421310424805,11.465572881698609,0.03256707,6.018805027008057,5425,0.2,0.0003,0.33564453125,-0.02020842027850449,12.996078729629517,2117.02490234375,1000.0
437,1087,2226176,5088,0.11785127222537994,0.8245965242385864,17.31615595817566,0.052933678,8.80538558959961,5430,0.2,0.0003,0.39638671875,-0.011470308993011713,13.002655220031738,2117.02490234375,1000.0
437,1088,2228224,5092,0.117818683385849,0.933999240398407,18.677788734436035,0.053957894,7.4588165283203125,5435,0.2,0.0003,0.434375,0.020773780019953846,13.009895753860473,2117.02490234375,1000.0
437,1089,2230272,5096,0.11776968836784363,0.9511837363243103,13.659293460845948,0.027983923,6.189645290374756,5440,0.2,0.0003,0.2509765625,-0.005978701286949217,13.01505160331726,2117.02490234375,1000.0
437,1090,2232320,5102,0.11773475259542465,0.9426288604736328,18.19435124397278,0.050909843,7.362041473388672,5445,0.2,0.0003,0.422265625,0.008929088548757135,13.023248481750489,2101.241455078125,1000.0
437,1091,2234368,5106,0.1177264079451561,0.9443087577819824,22.05947275161743,0.036528453,11.711272239685059,5450,0.2,0.0003,0.3814453125,-0.003558942093513906,13.025276803970337,2101.241455078125,1000.0
437,1092,2236416,5110,0.11766690760850906,0.9673543572425842,15.87144193649292,0.022228913,5.572075843811035,5455,0.2,0.0003,0.25029296875,-0.014573430293239653,13.030004405975342,2101.241455078125,1000.0
437,1093,2238464,5115,0.11762523651123047,0.980190634727478,11.080079412460327,0.03300168,5.108366966247559,5460,0.2,0.0003,0.358203125,-0.014397470001131295,13.03884024620056,2101.241455078125,1000.0
437,1094,2240512,5121,0.11757012456655502,0.9782517552375793,14.174870824813842,0.035337046,5.882823467254639,5465,0.2,0.0003,0.30634765625,-0.009154875995591283,13.04617600440979,2109.70703125,1000.0
437,1095,2242560,5125,0.11755258589982986,0.9401466250419617,34.71732006072998,0.032653533,17.189739227294922,5470,0.2,0.0003,0.35478515625,-0.016073679039254784,13.053823614120484,2109.70703125,1000.0
437,1096,2244608,5129,0.11755445599555969,0.7900983095169067,82.42356376647949,0.016036505,40.69267654418945,5475,0.2,0.0003,0.18203125,-0.01075716649647802,13.053878164291381,2109.70703125,1000.0
437,1097,2246656,5133,0.11757072061300278,0.8315636515617371,70.44908695220947,0.015816059,37.18806838989258,5480,0.2,0.0003,0.15029296875,-0.009208095032954588,13.053901529312133,2109.70703125,1000.0
437,1098,2248704,5138,0.11760245263576508,0.8527033925056458,65.56891860961915,0.015822375,33.3462028503418,5485,0.2,0.0003,0.18388671875,-0.012546852743253113,13.050062322616578,2091.819580078125,1000.0
437,1099,2250752,5143,0.11763153970241547,0.9170091152191162,46.858415603637695,0.019558016,21.754072189331055,5490,0.2,0.0003,0.23623046875,-0.019786819955334066,13.045230102539062,2091.819580078125,1000.0
437,1100,2252800,5147,0.11762356758117676,0.9617778062820435,31.13024959564209,0.016882092,13.686774253845215,5495,0.2,0.0003,0.26806640625,-0.019983047083951534,13.042790699005128,2091.819580078125,1000.0
437,1101,2254848,5151,0.11759286373853683,0.9617211818695068,32.047931575775145,0.032069825,13.653030395507812,5500,0.2,0.0003,0.29638671875,-0.011498921178281307,13.047052097320556,2091.819580078125,1000.0
437,1102,2256896,5156,0.11759638786315918,0.959802508354187,34.03346500396729,0.02627306,15.704075813293457,5505,0.2,0.0003,0.26923828125,-0.014795866422355175,13.04916958808899,2087.7841796875,1000.0
437,1103,2258944,5160,0.11762848496437073,0.9669027924537659,24.577904415130615,0.025217546,12.520193099975586,5510,0.2,0.0003,0.27607421875,-0.020291823148727416,13.046198987960816,2087.7841796875,1000.0
437,1104,2260992,5164,0.1176578477025032,0.9791776537895203,10.33311152458191,0.019475248,4.825009822845459,5515,0.2,0.0003,0.19892578125,-0.013829110749065876,13.041296863555909,2087.7841796875,1000.0
437,1105,2263040,5169,0.11766251176595688,0.9767953157424927,11.80030632019043,0.017787438,5.244319438934326,5520,0.2,0.0003,0.27734375,-0.00851688995026052,13.038371467590332,2087.7841796875,1000.0
437,1106,2265088,5174,0.11765822768211365,0.9780137538909912,10.746019887924195,0.023010407,4.652780055999756,5525,0.2,0.0003,0.256640625,-0.014022186043439433,13.039471769332886,2074.43212890625,1000.0
437,1107,2267136,5178,0.11766830086708069,0.9489266276359558,28.03932657241821,0.030835059,13.945711135864258,5530,0.2,0.0003,0.3103515625,-0.014243188261752948,13.03946361541748,2074.43212890625,1000.0
437,1108,2269184,5182,0.1176011711359024,0.9571735262870789,20.900549793243407,0.023125568,9.826828956604004,5535,0.2,0.0003,0.2673828125,-0.013688648701645434,13.042874002456665,2074.43212890625,1000.0
437,1109,2271232,5186,0.11754395067691803,0.9711077213287354,13.22436466217041,0.032397643,6.143363952636719,5540,0.2,0.0003,0.32373046875,-0.015175971994176507,13.05480990409851,2074.43212890625,1000.0
437,1110,2273280,5192,0.11759723722934723,0.9694175720214844,15.129429149627686,0.026699618,6.790511608123779,5545,0.2,0.0003,0.33896484375,-0.01251588916638866,13.056417560577392,2072.44580078125,1000.0
437,1111,2275328,5196,0.11759410798549652,0.978881299495697,17.643821048736573,0.033196367,8.596083641052246,5550,0.2,0.0003,0.34775390625,-0.015130440960638225,13.048904705047608,2072.44580078125,1000.0
437,1112,2277376,5201,0.11759813874959946,0.9858945608139038,13.13476824760437,0.03163579,6.003289699554443,5555,0.2,0.0003,0.2818359375,-0.01860136791365221,13.05183973312378,2072.44580078125,1000.0
437,1113,2279424,5205,0.1176154613494873,0.9863958358764648,12.002785539627075,0.061390333,5.422572135925293,5560,0.2,0.0003,0.4509765625,-0.002591841481626034,13.05093011856079,2072.44580078125,1000.0
437,1114,2281472,5210,0.11764950305223465,0.9847123622894287,12.444352626800537,0.047831364,5.363913536071777,5565,0.2,0.0003,0.431640625,-0.004102031211368739,13.046183156967164,2066.787353515625,1000.0
437,1115,2283520,5214,0.11764058470726013,0.9587640762329102,19.98839225769043,0.03855714,8.956438064575195,5570,0.2,0.0003,0.36162109375,-0.0109512286959216,13.041907167434692,2066.787353515625,1000.0
437,1116,2285568,5218,0.11762253195047379,0.9583709239959717,12.022306776046753,0.06591253,5.428316593170166,5575,0.2,0.0003,0.4146484375,0.0192308075260371,13.046639919281006,2066.787353515625,1000.0
438,1117,2287616,5222,0.11764805763959885,0.9436410665512085,14.715008974075317,0.040678754,7.689355373382568,5580,0.2,0.0003,0.3818359375,-0.006772303860634566,13.046761083602906,2066.787353515625,1000.0
437,1118,2289664,5227,0.11768613755702972,0.9576177000999451,12.097099161148071,0.04805098,5.3524885177612305,5585,0.2,0.0003,0.33046875,-0.0020060128066688777,13.042872047424316,2078.4658203125,1000.0
437,1119,2291712,5232,0.11769645661115646,0.8776625394821167,56.23590145111084,0.03567675,26.473186492919922,5590,0.2,0.0003,0.34794921875,-0.0003937178058549762,13.039358377456665,2078.4658203125,1000.0
437,1120,2293760,5236,0.11773747950792313,0.9132497906684875,30.753620624542236,0.033638258,15.320441246032715,5595,0.2,0.0003,0.3345703125,-0.017987140698824077,13.037182378768922,2078.4658203125,1000.0
438,1121,2295808,5241,0.11779528111219406,0.800820529460907,64.42962684631348,0.027588002,26.32384490966797,5600,0.2,0.0003,0.33271484375,-0.010126319993287326,13.027058649063111,2078.4658203125,1000.0
437,1122,2297856,5246,0.11774296313524246,0.7835595607757568,52.33011608123779,0.030222017,21.26542091369629,5605,0.2,0.0003,0.348828125,-0.016704377892892808,13.024875354766845,2077.710205078125,1000.0
438,1123,2299904,5250,0.11768105626106262,0.9023318290710449,26.420611476898195,0.03333198,12.173237800598145,5610,0.2,0.0003,0.41005859375,0.0035023885779082776,13.036117315292358,2077.710205078125,1000.0
438,1124,2301952,5254,0.11763425916433334,0.9588839411735535,10.213752937316894,0.043106295,4.579196453094482,5615,0.2,0.0003,0.3794921875,-0.010214069369249046,13.044700574874877,2077.710205078125,1000.0
438,1125,2304000,5259,0.117629274725914,0.9484980702400208,16.34310622215271,0.033573415,7.948627948760986,5620,0.2,0.0003,0.3853515625,-0.003946696757338941,13.047924947738647,2072.705322265625,1000.0
438,1126,2306048,5263,0.11757779121398926,0.943768322467804,20.203372764587403,0.0227852,9.659757614135742,5625,0.2,0.0003,0.2978515625,-0.013194722589105368,13.052363014221191,2072.705322265625,1000.0
438,1127,2308096,5268,0.11744356155395508,0.9454849362373352,14.034278678894044,0.04393493,7.113819122314453,5630,0.2,0.0003,0.359765625,-0.01748944572173059,13.066017007827758,2072.705322265625,1000.0
438,1128,2310144,5272,0.11737605929374695,0.9625137448310852,10.49367356300354,0.041154057,5.118088722229004,5635,0.2,0.0003,0.3630859375,-0.007221134519204498,13.084230852127074,2072.705322265625,1000.0
438,1129,2312192,5277,0.11741682887077332,0.9614092111587524,9.665015745162965,0.04231988,4.745433330535889,5640,0.2,0.0003,0.39189453125,0.006978663569316268,13.085236978530883,2078.3544921875,1000.0
438,1130,2314240,5281,0.11739463359117508,0.9574491381645203,11.278086090087891,0.04015359,5.128475666046143,5645,0.2,0.0003,0.3865234375,-0.010864054993726313,13.08249478340149,2078.3544921875,1000.0
438,1131,2316288,5285,0.11734052747488022,0.94684237241745,15.752989768981934,0.032786418,7.647737979888916,5650,0.2,0.0003,0.3517578125,-0.011789323017001151,13.091900157928468,2078.3544921875,1000.0
438,1132,2318336,5289,0.11732964962720871,0.9474132061004639,14.349636030197143,0.04338262,7.204312324523926,5655,0.2,0.0003,0.40185546875,-0.010045915143564343,13.096084833145142,2078.3544921875,1000.0
438,1133,2320384,5295,0.11724939942359924,0.947909414768219,14.047476291656494,0.027957007,6.909053802490234,5660,0.2,0.0003,0.34443359375,-0.010923409857787192,13.100289821624756,2075.466552734375,1000.0
438,1134,2322432,5299,0.11720413714647293,0.8892277479171753,25.08956022262573,0.03868445,8.673540115356445,5665,0.2,0.0003,0.36826171875,-0.014974051504395902,13.113512229919433,2075.466552734375,1000.0
438,1135,2324480,5303,0.11724940687417984,0.9346683621406555,21.4433874130249,0.04274795,9.63723373413086,5670,0.2,0.0003,0.35166015625,-0.017403384461067616,13.112462520599365,2075.466552734375,1000.0
438,1136,2326528,5307,0.11730489134788513,0.9485711455345154,16.715558767318726,0.059727162,7.543555736541748,5675,0.2,0.0003,0.38056640625,-0.007426436175592244,13.106287622451783,2075.466552734375,1000.0
438,1137,2328576,5312,0.11726871132850647,0.9551206231117249,16.020475816726684,0.06060335,7.631356716156006,5680,0.2,0.0003,0.43447265625,-0.008324995648581534,13.105348253250122,2087.197265625,1000.0
438,1138,2330624,5317,0.11725832521915436,0.9440258741378784,29.193549060821532,0.032956008,13.469290733337402,5685,0.2,0.0003,0.3841796875,-0.007946234988048672,13.110929536819459,2087.197265625,1000.0
438,1139,2332672,5322,0.11726479977369308,0.92485111951828,50.08304443359375,0.023152858,22.67841339111328,5690,0.2,0.0003,0.2671875,-0.015325921820476651,13.111130905151366,2087.197265625,1000.0
438,1140,2334720,5326,0.11728424578905106,0.9468920826911926,38.66902618408203,0.029901551,18.738645553588867,5695,0.2,0.0003,0.35380859375,-0.014017662522383035,13.109084224700927,2087.197265625,1000.0
438,1141,2336768,5332,0.11728809773921967,0.948140561580658,44.165219116210935,0.02550053,20.860309600830078,5700,0.2,0.0003,0.31396484375,-0.018846328509971498,13.107678174972534,2088.031494140625,1000.0
438,1142,2338816,5336,0.11728832125663757,0.9515045285224915,38.77669486999512,0.026407659,21.106170654296875,5705,0.2,0.0003,0.29755859375,-0.01928083647508174,13.107728672027587,2088.031494140625,1000.0
438,1143,2340864,5340,0.11721035093069077,0.9724636077880859,19.184782218933105,0.020016138,8.495497703552246,5710,0.2,0.0003,0.24208984375,-0.015097269765101373,13.111809587478637,2088.031494140625,1000.0
438,1144,2342912,5344,0.11720213294029236,0.9773350358009338,14.418223905563355,0.030490777,6.278719425201416,5715,0.2,0.0003,0.2787109375,-0.016000887472182514,13.12234582901001,2088.031494140625,1000.0
438,1145,2344960,5350,0.11720801889896393,0.9755313992500305,16.589530897140502,0.02529218,7.934353828430176,5720,0.2,0.0003,0.30048828125,-0.00965944747440517,13.121767950057983,2086.040771484375,1000.0
438,1146,2347008,5354,0.11718502640724182,0.9677087068557739,19.874760150909424,0.03570611,9.117642402648926,5725,0.2,0.0003,0.30595703125,-0.013862028485164046,13.12368302345276,2086.040771484375,1000.0
438,1147,2349056,5358,0.11718050390481949,0.9689154028892517,17.471658325195314,0.031309173,8.831901550292969,5730,0.2,0.0003,0.31328125,-0.010062521998770535,13.126230239868164,2086.040771484375,1000.0
438,1148,2351104,5362,0.1171414852142334,0.9778239727020264,11.74868631362915,0.030858513,5.219742774963379,5735,0.2,0.0003,0.3361328125,-0.014841463090851903,13.128609657287598,2086.040771484375,1000.0
438,1149,2353152,5368,0.11713038384914398,0.978131115436554,11.194877099990844,0.036048733,5.459754943847656,5740,0.2,0.0003,0.3478515625,-0.005074653611518443,13.134643316268921,2109.634521484375,1000.0
438,1150,2355200,5373,0.11712899804115295,0.8874139785766602,76.78199729919433,0.03087597,36.01175308227539,5745,0.2,0.0003,0.3017578125,-0.0036374205490574242,13.134851551055908,2109.634521484375,1000.0
438,1151,2357248,5377,0.11710044741630554,0.9004899263381958,78.44865169525147,0.011449248,32.900054931640625,5750,0.2,0.0003,0.1814453125,-0.0017259046202525497,13.137458419799804,2109.634521484375,1000.0
438,1152,2359296,5381,0.1170794814825058,0.8753387928009033,67.9110065460205,0.02170055,28.34031105041504,5755,0.2,0.0003,0.14921875,-0.01109166505630128,13.141974687576294,2109.634521484375,1000.0
438,1153,2361344,5387,0.11709233373403549,0.8593097925186157,71.70954837799073,0.028591085,32.735435485839844,5760,0.2,0.0003,0.267578125,0.0011221167806070298,13.14285831451416,2076.968505859375,1000.0
438,1154,2363392,5391,0.11711486428976059,0.8963900208473206,47.72700710296631,0.017998528,23.528047561645508,5765,0.2,0.0003,0.22451171875,-0.020767373393755405,13.140396690368652,2076.968505859375,1000.0
438,1155,2365440,5395,0.11710868775844574,0.9750877618789673,16.187439107894896,0.027227607,5.603087902069092,5770,0.2,0.0003,0.20849609375,-0.00958873243071139,13.13871717453003,2076.968505859375,1000.0
438,1156,2367488,5399,0.11708654463291168,0.9810206890106201,13.976523542404175,0.09033592,4.898562431335449,5775,0.2,0.0003,0.39326171875,0.014577202845248393,13.142104291915894,2076.968505859375,1000.0
438,1157,2369536,5405,0.11708325892686844,0.9692986011505127,21.556462621688844,0.03476228,8.208820343017578,5780,0.2,0.0003,0.4943359375,0.026919133542105556,13.143762969970703,2110.77099609375,1000.0
438,1158,2371584,5409,0.11711197346448898,0.9633787870407104,19.072818756103516,0.029645953,8.86626148223877,5785,0.2,0.0003,0.30107421875,-0.01402750874403864,13.142055463790893,2110.77099609375,1000.0
438,1159,2373632,5413,0.11709300428628922,0.9711030125617981,14.831108045578002,0.044274688,6.649600028991699,5790,0.2,0.0003,0.3888671875,-0.009225855162367225,13.141482877731324,2110.77099609375,1000.0
438,1160,2375680,5417,0.1170593872666359,0.9754313230514526,13.303049516677856,0.042721175,6.210725784301758,5795,0.2,0.0003,0.39521484375,-0.00994727925863117,13.14705958366394,2110.77099609375,1000.0
438,1161,2377728,5422,0.11701871454715729,0.9656113982200623,17.40627145767212,0.04911171,8.55057430267334,5800,0.2,0.0003,0.40576171875,-0.0019990296568721533,13.152213430404663,2113.055908203125,1000.0
438,1162,2379776,5427,0.11705099046230316,0.9432400465011597,17.495558118820192,0.0418792,9.200156211853027,5805,0.2,0.0003,0.3666015625,-0.006197165767662227,13.154710292816162,2113.055908203125,1000.0
438,1163,2381824,5432,0.11704985052347183,0.9491013288497925,15.037471914291382,0.042442013,6.7298903465271,5810,0.2,0.0003,0.32666015625,-0.0008296434534713626,13.15040831565857,2113.055908203125,1000.0
438,1164,2383872,5436,0.11703191697597504,0.9518364667892456,15.044378185272217,0.033166952,7.174986362457275,5815,0.2,0.0003,0.3935546875,-0.006319610029458999,13.154380893707275,2113.055908203125,1000.0
438,1165,2385920,5442,0.11688178032636642,0.9526140689849854,14.973444318771362,0.056267157,6.808934688568115,5820,0.2,0.0003,0.37734375,-0.004748880281113088,13.165471267700195,2103.188232421875,1000.0
438,1166,2387968,5446,0.11683022975921631,0.8348787426948547,60.62891311645508,0.026839564,25.40335464477539,5825,0.2,0.0003,0.352734375,0.005251996172592044,13.186258792877197,2103.188232421875,1000.0
438,1167,2390016,5450,0.11686468124389648,0.865333616733551,47.10603141784668,0.022042315,24.146778106689453,5830,0.2,0.0003,0.25673828125,-0.012574718496762217,13.186705732345581,2103.188232421875,1000.0
438,1168,2392064,5455,0.11687156558036804,0.846882164478302,54.35917453765869,0.027180905,24.980663299560547,5835,0.2,0.0003,0.25693359375,-0.015360801294445992,13.1818922996521,2081.44580078125,1000.0
438,1169,2394112,5459,0.11681798100471497,0.8322267532348633,55.12010250091553,0.02300066,22.46824073791504,5840,0.2,0.0003,0.28017578125,-0.01656736694276333,13.18597707748413,2081.44580078125,1000.0
438,1170,2396160,5464,0.11677869409322739,0.8436799049377441,61.42171726226807,0.02529988,30.09369468688965,5845,0.2,0.0003,0.23662109375,-0.011717794451396913,13.194673252105712,2081.44580078125,1000.0
438,1171,2398208,5468,0.11674503237009048,0.8448376655578613,69.67436752319335,0.02061687,31.907066345214844,5850,0.2,0.0003,0.24951171875,-0.0030394485918805005,13.199512672424316,2081.44580078125,1000.0
438,1172,2400256,5473,0.11677099764347076,0.8842620253562927,50.402473068237306,0.028403848,23.00263214111328,5855,0.2,0.0003,0.29599609375,-0.013159559294581413,13.20203275680542,2076.23193359375,1000.0
438,1173,2402304,5477,0.11679390072822571,0.8828607201576233,55.31605072021485,0.029569998,27.959318161010742,5860,0.2,0.0003,0.30791015625,-0.012714271759614348,13.197209358215332,2076.23193359375,1000.0
438,1174,2404352,5481,0.11680715531110764,0.967951774597168,13.820369958877563,0.036173493,6.036099910736084,5865,0.2,0.0003,0.28369140625,-0.004399029130581766,13.195146083831787,2076.23193359375,1000.0
438,1175,2406400,5486,0.11678069084882736,0.9582834243774414,15.732754707336426,0.04383234,7.924045562744141,5870,0.2,0.0003,0.39248046875,-0.009832195821218193,13.196531438827515,2076.23193359375,1000.0
438,1176,2408448,5491,0.11675185710191727,0.9660454392433167,12.476041173934936,0.031194743,5.977398872375488,5875,0.2,0.0003,0.30947265625,-0.009949044091627002,13.201915836334228,2073.511962890625,1000.0
438,1177,2410496,5495,0.1167021319270134,0.9649840593338013,11.639527750015258,0.058420353,5.521142959594727,5880,0.2,0.0003,0.46923828125,-0.010829735302831978,13.209709024429321,2073.511962890625,1000.0
438,1178,2412544,5500,0.11666382849216461,0.9749816060066223,11.155453968048096,0.028722119,4.56716775894165,5885,0.2,0.0003,0.38671875,0.005310385953634977,13.214203119277954,2073.511962890625,1000.0
438,1179,2414592,5504,0.11666592955589294,0.9357256293296814,23.94111557006836,0.026811648,11.987588882446289,5890,0.2,0.0003,0.26787109375,-0.017701529746409504,13.21955327987671,2073.511962890625,1000.0
438,1180,2416640,5509,0.11662370711565018,0.9574360847473145,15.042021751403809,0.028256776,7.174160003662109,5895,0.2,0.0003,0.30693359375,-0.016865353169851004,13.220280122756957,2083.412353515625,1000.0
438,1181,2418688,5514,0.1165952980518341,0.9458417892456055,17.211040925979614,0.06436215,8.367852210998535,5900,0.2,0.0003,0.44033203125,-0.009658477478660643,13.22847776412964,2083.412353515625,1000.0
438,1182,2420736,5518,0.11660533398389816,0.9294511675834656,17.09734101295471,0.03336225,7.418839454650879,5905,0.2,0.0003,0.38486328125,-0.00898103853687644,13.22832431793213,2083.412353515625,1000.0
438,1183,2422784,5522,0.11658767610788345,0.9215365648269653,19.723995304107667,0.033666413,8.802968978881836,5910,0.2,0.0003,0.34091796875,-0.009723987616598605,13.228757905960084,2083.412353515625,1000.0
438,1184,2424832,5527,0.1165771633386612,0.9458896517753601,13.179490089416504,0.03944417,6.346151351928711,5915,0.2,0.0003,0.35517578125,-0.013269224087707698,13.231028938293457,2082.066650390625,1000.0
438,1185,2426880,5531,0.11651669442653656,0.9147648811340332,18.52882604598999,0.04871153,8.846627235412598,5920,0.2,0.0003,0.39716796875,-0.005727560911327601,13.236072158813476,2082.066650390625,1000.0
438,1186,2428928,5536,0.11643633246421814,0.9066665768623352,17.482589769363404,0.02620542,8.318461418151855,5925,0.2,0.0003,0.321484375,-0.005192507547326386,13.247638607025147,2082.066650390625,1000.0
438,1187,2430976,5540,0.11636044085025787,0.9387047290802002,11.623751258850097,0.026915545,5.6336445808410645,5930,0.2,0.0003,0.32451171875,-0.011536690639331937,13.26097550392151,2082.066650390625,1000.0
438,1188,2433024,5546,0.116334468126297,0.9283099174499512,15.458985567092896,0.028616764,6.395598411560059,5935,0.2,0.0003,0.3228515625,-0.011732403817586601,13.269703388214111,2062.650634765625,1000.0
438,1189,2435072,5550,0.11632725596427917,0.9183149933815002,27.499197959899902,0.027805805,13.426836967468262,5940,0.2,0.0003,0.366796875,-0.012078090547583997,13.272633266448974,2062.650634765625,1000.0
438,1190,2437120,5554,0.1163252741098404,0.8869644403457642,22.49727096557617,0.04226286,10.348648071289062,5945,0.2,0.0003,0.3767578125,-0.013116817944683135,13.272836685180664,2062.650634765625,1000.0
438,1191,2439168,5558,0.11634368449449539,0.9047185778617859,19.132359790802003,0.04510117,9.512764930725098,5950,0.2,0.0003,0.40078125,-0.006246121623553336,13.272227668762207,2062.650634765625,1000.0
438,1192,2441216,5564,0.11630617082118988,0.8868055939674377,23.861798572540284,0.045430552,12.355619430541992,5955,0.2,0.0003,0.397265625,-0.007371583580970764,13.27043833732605,2093.294677734375,1000.0
438,1193,2443264,5568,0.11615701764822006,0.9533552527427673,24.916627407073975,0.055921804,10.909431457519531,5960,0.2,0.0003,0.37734375,-0.010449663500185124,13.286091184616089,2093.294677734375,1000.0
438,1194,2445312,5572,0.11604825407266617,0.9622939825057983,20.38467502593994,0.022585195,9.563766479492188,5965,0.2,0.0003,0.29580078125,-0.005619233869947493,13.30692253112793,2093.294677734375,1000.0
438,1195,2447360,5576,0.11603274941444397,0.9672824144363403,17.360409259796143,0.03482551,8.093907356262207,5970,0.2,0.0003,0.37275390625,-0.004246014088857919,13.31732907295227,2093.294677734375,1000.0
438,1196,2449408,5582,0.11610816419124603,0.9601625204086304,21.410093688964842,0.039543457,10.490172386169434,5975,0.2,0.0003,0.3841796875,-0.011925495602190495,13.312801837921143,2085.5498046875,1000.0
438,1197,2451456,5586,0.11615133285522461,0.9205728769302368,44.575016784667966,0.028173303,19.76765251159668,5980,0.2,0.0003,0.36923828125,-0.005962665984407067,13.300662469863891,2085.5498046875,1000.0
438,1198,2453504,5591,0.11608155816793442,0.9389873743057251,30.821292018890382,0.022728238,14.092279434204102,5985,0.2,0.0003,0.294140625,-0.019948244700208305,13.30210976600647,2085.5498046875,1000.0
438,1199,2455552,5595,0.11608478426933289,0.9509153366088867,26.539462661743165,0.029293733,11.129773139953613,5990,0.2,0.0003,0.3232421875,-0.01732896383618936,13.311746644973756,2085.5498046875,1000.0
438,1200,2457600,5600,0.11602238565683365,0.9529458284378052,24.937954902648926,0.036650684,10.567488670349121,5995,0.2,0.0003,0.35078125,-0.012519237131346016,13.31183180809021,2090.127197265625,1000.0
438,1201,2459648,5604,0.11598578095436096,0.9679744839668274,20.743797969818115,0.027723476,9.415992736816406,6000,0.2,0.0003,0.3599609375,-0.008510083332657814,13.323900604248047,2090.127197265625,1000.0
438,1202,2461696,5608,0.11596100777387619,0.9695221185684204,16.707683420181276,0.024424748,8.189615249633789,6005,0.2,0.0003,0.26513671875,-0.011293510254472495,13.32677526473999,2090.127197265625,1000.0
438,1203,2463744,5612,0.11594908684492111,0.9577175974845886,19.427258586883546,0.021009348,8.482711791992188,6010,0.2,0.0003,0.27607421875,-0.012751902779564261,13.332066822052003,2090.127197265625,1000.0
438,1204,2465792,5617,0.11593601107597351,0.963291347026825,16.804451847076415,0.05695982,7.81430721282959,6015,0.2,0.0003,0.39052734375,-0.0072087653796188535,13.33262495994568,2109.086669921875,1000.0
438,1205,2467840,5621,0.11595496535301208,0.8678447008132935,48.52510223388672,0.03718872,22.5251522064209,6020,0.2,0.0003,0.3662109375,-0.014636675559449941,13.334472942352296,2109.086669921875,1000.0
439,1206,2469888,5626,0.1159181296825409,0.8695502877235413,37.025223922729495,0.039079893,16.954973220825195,6025,0.2,0.0003,0.340625,-0.010733557259663939,13.331896114349366,2109.086669921875,1000.0
439,1207,2471936,5630,0.11576040834188461,0.8568719029426575,32.76394329071045,0.03333546,15.189107894897461,6030,0.2,0.0003,0.32373046875,-0.016642239736393095,13.346686410903931,2109.086669921875,1000.0
438,1208,2473984,5635,0.1156969740986824,0.8045511245727539,35.488061141967776,0.025221556,16.59841537475586,6035,0.2,0.0003,0.3025390625,-0.01885904192458838,13.365560245513915,2092.852294921875,1000.0
439,1209,2476032,5640,0.11568927764892578,0.9321186542510986,17.093827629089354,0.042209636,7.486426830291748,6040,0.2,0.0003,0.3830078125,-0.008801290683913976,13.37145800590515,2092.852294921875,1000.0
439,1210,2478080,5644,0.11562702059745789,0.963947057723999,9.385904097557068,0.051013637,4.014100074768066,6045,0.2,0.0003,0.36767578125,-0.005149480060208589,13.374741554260254,2092.852294921875,1000.0
439,1211,2480128,5649,0.11562751233577728,0.9603806734085083,10.312480688095093,0.042375304,4.685642242431641,6050,0.2,0.0003,0.38134765625,-0.01054029301740229,13.383181047439574,2090.338623046875,1000.0
439,1212,2482176,5653,0.11556286364793777,0.9395489692687988,16.07982144355774,0.032282617,8.144220352172852,6055,0.2,0.0003,0.340625,-0.01650170811917633,13.384130430221557,2090.338623046875,1000.0
439,1213,2484224,5657,0.11554397642612457,0.36197125911712646,87.74018783569336,0.025842115,41.42503356933594,6060,0.2,0.0003,0.30966796875,-0.007866647979244589,13.395659732818604,2090.338623046875,1000.0
439,1214,2486272,5661,0.11557735502719879,0.670965313911438,34.299198913574216,0.023151003,16.84764289855957,6065,0.2,0.0003,0.2576171875,-0.012876975117251277,13.393220853805541,2090.338623046875,1000.0
439,1215,2488320,5666,0.11555933952331543,0.30840545892715454,51.475345611572266,0.04119043,23.07619285583496,6070,0.2,0.0003,0.408984375,-0.005995958880521357,13.390231037139893,2086.954833984375,1000.0
439,1216,2490368,5670,0.11552468687295914,0.2667219638824463,44.18036327362061,0.040572025,17.894506454467773,6075,0.2,0.0003,0.39375,-0.011636930657550693,13.397089529037476,2086.954833984375,1000.0
439,1217,2492416,5674,0.11549602448940277,0.788107693195343,18.115560054779053,0.046732098,7.690333843231201,6080,0.2,0.0003,0.4005859375,-0.003950285958126187,13.400937938690186,2086.954833984375,1000.0
439,1218,2494464,5678,0.11543916165828705,0.8492250442504883,13.907370948791504,0.046675712,6.322481632232666,6085,0.2,0.0003,0.46015625,-0.0012217175215482711,13.411565113067628,2086.954833984375,1000.0
439,1219,2496512,5684,0.11545160412788391,0.847175121307373,18.337348699569702,0.04501297,7.484708309173584,6090,0.2,0.0003,0.38642578125,-0.010065235942602158,13.41609468460083,2073.75146484375,1000.0
439,1220,2498560,5689,0.11549607664346695,0.8644635081291199,18.234521913528443,0.05164421,8.537095069885254,6095,0.2,0.0003,0.4109375,-0.010353965673130006,13.412106466293334,2073.75146484375,1000.0
439,1221,2500608,5694,0.11543966829776764,0.8113658428192139,36.39457845687866,0.025282504,18.381465911865234,6100,0.2,0.0003,0.2953125,-0.0066010993206873534,13.41064887046814,2073.75146484375,1000.0
439,1222,2502656,5698,0.11540085822343826,0.8691716194152832,27.82236852645874,0.04269723,13.37842082977295,6105,0.2,0.0003,0.3046875,-0.01724863814888522,13.422328329086303,2073.75146484375,1000.0
439,1223,2504704,5704,0.11546916514635086,0.8976708650588989,25.426905632019043,0.025753755,11.567353248596191,6110,0.2,0.0003,0.3412109375,-0.012736532615963369,13.420671319961547,2079.00244140625,1000.0
439,1224,2506752,5708,0.11546802520751953,0.8779557943344116,40.668239212036134,0.036014087,20.52884864807129,6115,0.2,0.0003,0.35107421875,-0.008422963216435164,13.413365697860717,2079.00244140625,1000.0
439,1225,2508800,5712,0.11546676605939865,0.8371184468269348,68.02051868438721,0.03818762,34.308326721191406,6120,0.2,0.0003,0.28681640625,-0.005422320519573987,13.415424633026124,2079.00244140625,1000.0
439,1226,2510848,5716,0.11547461152076721,0.8722038269042969,53.87872753143311,0.022856843,27.589794158935547,6125,0.2,0.0003,0.26162109375,-0.008928849769290537,13.413850259780883,2079.00244140625,1000.0
439,1227,2512896,5722,0.11544878035783768,0.8532717227935791,63.4708610534668,0.024436284,28.624704360961914,6130,0.2,0.0003,0.28876953125,-0.010112367849797011,13.415841436386108,2047.60107421875,1000.0
439,1228,2514944,5726,0.11544019728899002,0.8686699867248535,69.37781715393066,0.02179546,36.57004928588867,6135,0.2,0.0003,0.2287109375,-0.009285175602417439,13.418815660476685,2047.60107421875,1000.0
439,1229,2516992,5730,0.1153913214802742,0.859410285949707,80.39192504882813,0.035233185,33.493648529052734,6140,0.2,0.0003,0.3599609375,-0.012442271807231009,13.42266902923584,2047.60107421875,1000.0
439,1230,2519040,5734,0.11534930765628815,0.9088377952575684,61.70010051727295,0.029640825,28.098087310791016,6145,0.2,0.0003,0.31748046875,-0.013211954128928482,13.430600595474242,2047.60107421875,1000.0
439,1231,2521088,5739,0.1153545007109642,0.9171124696731567,74.74234294891357,0.028627401,32.04803466796875,6150,0.2,0.0003,0.30244140625,-0.016648805770091712,13.432107496261597,2054.920166015625,1000.0
439,1232,2523136,5743,0.11539258062839508,0.9374266862869263,65.38700141906739,0.03357795,35.20985794067383,6155,0.2,0.0003,0.3671875,-0.009759717108681797,13.428064393997193,2054.920166015625,1000.0
439,1233,2525184,5748,0.11543623358011246,0.9346705079078674,70.9858242034912,0.022838283,32.41582107543945,6160,0.2,0.0003,0.27265625,-0.011972059728577733,13.421180200576782,2054.920166015625,1000.0
439,1234,2527232,5752,0.11548013240098953,0.9403547644615173,69.66336650848389,0.028161952,28.56664276123047,6165,0.2,0.0003,0.3201171875,-0.016845192899927496,13.41471619606018,2054.920166015625,1000.0
439,1235,2529280,5757,0.11549295485019684,0.9540751576423645,55.049123001098636,0.025907341,27.610095977783203,6170,0.2,0.0003,0.28330078125,-0.01894079800695181,13.40783987045288,2041.100341796875,1000.0
439,1236,2531328,5761,0.11550639569759369,0.9646713733673096,33.26906862258911,0.03955932,15.109149932861328,6175,0.2,0.0003,0.307421875,-0.01510755168274045,13.407218599319458,2041.100341796875,1000.0
439,1237,2533376,5766,0.11544476449489594,0.9594639539718628,19.489737606048585,0.027122013,9.158666610717773,6180,0.2,0.0003,0.30078125,-0.015046413196250797,13.408034944534302,2041.100341796875,1000.0
439,1238,2535424,5770,0.11537782102823257,0.938094437122345,23.665385150909422,0.023590628,10.810548782348633,6185,0.2,0.0003,0.26943359375,-0.005070731323212385,13.419443941116333,2041.100341796875,1000.0
439,1239,2537472,5775,0.11542209982872009,0.937533974647522,22.281773567199707,0.04125731,10.644786834716797,6190,0.2,0.0003,0.3501953125,-0.015742008888628332,13.422545623779296,2045.4493408203125,1000.0
439,1240,2539520,5780,0.11548491567373276,0.9810362458229065,19.93356533050537,0.033916097,9.894670486450195,6195,0.2,0.0003,0.34990234375,-0.017050234670750796,13.411277580261231,2045.4493408203125,1000.0
439,1241,2541568,5784,0.1154252141714096,0.9788988828659058,21.01481122970581,0.0408787,10.392670631408691,6200,0.2,0.0003,0.35703125,-0.015595539240166545,13.410520458221436,2045.4493408203125,1000.0
439,1242,2543616,5788,0.11541937291622162,0.9849667549133301,15.478837394714356,0.03270094,7.035584449768066,6205,0.2,0.0003,0.31103515625,-0.020754176564514636,13.419423294067382,2045.4493408203125,1000.0
439,1243,2545664,5793,0.11542627215385437,0.9914036393165588,8.705358076095582,0.030150156,4.358877658843994,6210,0.2,0.0003,0.31787109375,-0.01503506873268634,13.419415473937988,2028.7579345703125,1000.0
439,1244,2547712,5797,0.11542900651693344,0.9432085752487183,23.101548671722412,0.030508049,12.118701934814453,6215,0.2,0.0003,0.35537109375,-0.010229414654895663,13.419085931777953,2028.7579345703125,1000.0
439,1245,2549760,5801,0.1154344379901886,0.9433272480964661,14.24278130531311,0.030169569,6.893859386444092,6220,0.2,0.0003,0.36474609375,-0.016849357867613435,13.418384027481078,2028.7579345703125,1000.0
439,1246,2551808,5806,0.115425705909729,0.940937340259552,12.420006561279298,0.03162082,5.587100505828857,6225,0.2,0.0003,0.3208984375,-0.013214405463077127,13.417134094238282,2028.7579345703125,1000.0
439,1247,2553856,5811,0.1154055967926979,0.9417567253112793,10.853002309799194,0.03284955,4.3232741355896,6230,0.2,0.0003,0.29521484375,-0.012853675952646882,13.421338987350463,2026.9315185546875,1000.0
439,1248,2555904,5816,0.11535937339067459,0.9771896004676819,16.649667692184448,0.03546544,8.109415054321289,6235,0.2,0.0003,0.348828125,-0.01613295639399439,13.42714352607727,2026.9315185546875,1000.0
439,1249,2557952,5820,0.11530081182718277,0.9822942018508911,15.719779872894287,0.03447082,6.738429069519043,6240,0.2,0.0003,0.34609375,-0.013932542898692191,13.436072397232056,2026.9315185546875,1000.0
439,1250,2560000,5825,0.11519571393728256,0.9820995330810547,17.70892996788025,0.048020847,8.8234224319458,6245,0.2,0.0003,0.376171875,-0.008856155956164003,13.446213674545287,2017.993896484375,1000.0
439,1251,2562048,5830,0.11509151011705399,0.9863258004188538,14.036943197250366,0.046239853,6.772166728973389,6250,0.2,0.0003,0.41767578125,-0.009490087709855289,13.464439725875854,2017.993896484375,1000.0
439,1252,2564096,5834,0.1150660365819931,0.9512038230895996,26.7102689743042,0.02845537,12.332097053527832,6255,0.2,0.0003,0.34248046875,0.0027929869247600436,13.475679922103883,2017.993896484375,1000.0
439,1253,2566144,5838,0.11503222584724426,0.972159206867218,15.419048833847047,0.035018496,7.381497859954834,6260,0.2,0.0003,0.30166015625,-0.012858417187817394,13.479880809783936,2017.993896484375,1000.0
439,1254,2568192,5843,0.11499401926994324,0.9604596495628357,23.51308250427246,0.02029837,11.023465156555176,6265,0.2,0.0003,0.28671875,-0.00788301050197333,13.486555051803588,2003.29150390625,1000.0
439,1255,2570240,5847,0.11501828581094742,0.973900556564331,15.519566774368286,0.029728288,7.413869380950928,6270,0.2,0.0003,0.30400390625,-0.015134634589776397,13.490246534347534,2003.29150390625,1000.0
439,1256,2572288,5851,0.11499224603176117,0.964859127998352,22.50449161529541,0.04085891,9.637063026428223,6275,0.2,0.0003,0.27177734375,-0.014831575541757047,13.487430143356324,2003.29150390625,1000.0
439,1257,2574336,5856,0.11497177183628082,0.9586420059204102,20.469687461853027,0.025648337,8.529813766479492,6280,0.2,0.0003,0.295703125,-0.013346171705052257,13.49464979171753,2003.29150390625,1000.0
439,1258,2576384,5861,0.11490119993686676,0.9399259686470032,24.022544288635252,0.029801503,10.307647705078125,6285,0.2,0.0003,0.33017578125,-0.012750309007242323,13.500622320175172,2003.6729736328125,1000.0
439,1259,2578432,5865,0.11480939388275146,0.8925182819366455,46.81117210388184,0.031653732,27.235410690307617,6290,0.2,0.0003,0.35341796875,-0.016658304014708848,13.514580774307252,2003.6729736328125,1000.0
439,1260,2580480,5869,0.1147795021533966,0.8561955690383911,91.08534355163575,0.033515606,39.625938415527344,6295,0.2,0.0003,0.34453125,-0.004045829421374947,13.52496132850647,2003.6729736328125,1000.0
439,1261,2582528,5873,0.11477454751729965,0.9093632698059082,60.2380292892456,0.03558231,27.968841552734375,6300,0.2,0.0003,0.304296875,-0.011031421856023372,13.5279531955719,2003.6729736328125,1000.0
439,1262,2584576,5878,0.11479108780622482,0.9036960601806641,79.52667274475098,0.02680372,40.96689224243164,6305,0.2,0.0003,0.26044921875,-0.012527713971212506,13.5278826713562,1998.8856201171875,1000.0
439,1263,2586624,5882,0.11478805541992188,0.922147274017334,64.64001483917237,0.017564662,31.609167098999023,6310,0.2,0.0003,0.2052734375,-0.014588875812478364,13.52587661743164,1998.8856201171875,1000.0
439,1264,2588672,5886,0.11469164490699768,0.9406899213790894,24.332188034057616,0.025323506,8.91009521484375,6315,0.2,0.0003,0.2654296875,-0.01695906068198383,13.532895946502686,1998.8856201171875,1000.0
439,1265,2590720,5891,0.11460653692483902,0.9107619524002075,31.50120668411255,0.04116723,12.781355857849121,6320,0.2,0.0003,0.3314453125,-0.012472720828372984,13.551026439666748,1998.8856201171875,1000.0
439,1266,2592768,5897,0.1145150363445282,0.9198063611984253,25.44723958969116,0.0441512,12.156597137451172,6325,0.2,0.0003,0.3763671875,-0.004600194515660405,13.561229705810547,1995.8790283203125,1000.0
439,1267,2594816,5902,0.11443626880645752,0.9218350052833557,18.843036317825316,0.059060723,8.315457344055176,6330,0.2,0.0003,0.45,0.002049135393463075,13.576589107513428,1995.8790283203125,1000.0
439,1268,2596864,5906,0.11458974331617355,0.948865532875061,9.083108186721802,0.12361326,3.97579288482666,6335,0.2,0.0003,0.469921875,0.015896760998293756,13.573569822311402,1995.8790283203125,1000.0
439,1269,2598912,5910,0.11472637206315994,0.9189360737800598,16.888836431503297,0.059857264,7.921444892883301,6340,0.2,0.0003,0.57607421875,0.02832189204636961,13.544919967651367,1995.8790283203125,1000.0
439,1270,2600960,5915,0.11473342776298523,0.9127194285392761,13.385395812988282,0.051616803,6.137643337249756,6345,0.2,0.0003,0.4173828125,-0.008644649328198284,13.536339282989502,1999.06591796875,1000.0
439,1271,2603008,5920,0.11471126973628998,0.9474998712539673,11.702083206176757,0.042789027,5.131308078765869,6350,0.2,0.0003,0.4525390625,-0.0007527412846684456,13.541236972808838,1999.06591796875,1000.0
439,1272,2605056,5924,0.11466889828443527,0.9417605996131897,12.305815267562867,0.039407033,5.161581039428711,6355,0.2,0.0003,0.373828125,-0.0027447313477750868,13.546990966796875,1999.06591796875,1000.0
439,1273,2607104,5928,0.11461617052555084,0.9592814445495605,10.630297136306762,0.04223631,4.419950485229492,6360,0.2,0.0003,0.3693359375,-0.0011861569131724537,13.554730224609376,1999.06591796875,1000.0
439,1274,2609152,5934,0.11455415189266205,0.9677460193634033,10.04885766506195,0.038188,3.907728672027588,6365,0.2,0.0003,0.3373046875,-0.004850249597802758,13.563567161560059,2015.9146728515625,1000.0
439,1275,2611200,5938,0.11454962193965912,0.7401688098907471,105.17038497924804,0.10363419,52.852752685546875,6370,0.2,0.0003,0.62392578125,0.03285910098347813,13.569810771942139,2015.9146728515625,1000.0
439,1276,2613248,5942,0.11456513404846191,0.38393598794937134,101.49999198913574,0.024409438,44.63161849975586,6375,0.2,0.0003,0.3162109375,-0.006418937782291323,13.566828203201293,2015.9146728515625,1000.0
439,1277,2615296,5946,0.11456754803657532,0.38747602701187134,87.28426971435547,0.031813383,40.18913269042969,6380,0.2,0.0003,0.3220703125,-0.01300196717493236,13.566438055038452,2015.9146728515625,1000.0
439,1278,2617344,5951,0.11457453668117523,0.3252566456794739,71.65475559234619,0.0299922,37.43938064575195,6385,0.2,0.0003,0.3244140625,-0.012777827749960124,13.565004253387452,2000.6719970703125,1000.0
439,1279,2619392,5956,0.11455132067203522,0.37738335132598877,83.3816162109375,0.037092574,40.76785659790039,6390,0.2,0.0003,0.4232421875,0.0004361712373793125,13.564745140075683,2000.6719970703125,1000.0
439,1280,2621440,5960,0.11444464325904846,0.4770333170890808,67.61519870758056,0.023372494,33.5443115234375,6395,0.2,0.0003,0.30205078125,-0.015854004258289933,13.572502374649048,2000.6719970703125,1000.0
439,1281,2623488,5965,0.11441883444786072,0.5409060716629028,61.899213790893555,0.037049174,34.53859329223633,6400,0.2,0.0003,0.3904296875,-0.017117520654574038,13.585149145126342,2000.6719970703125,1000.0
439,1282,2625536,5970,0.11446571350097656,0.621070146560669,55.25332813262939,0.051120266,30.44916343688965,6405,0.2,0.0003,0.3935546875,-0.005338568123988807,13.580883979797363,2003.3583984375,1000.0
439,1283,2627584,5975,0.11452552676200867,0.9071692228317261,29.741460227966307,0.06060353,14.06309986114502,6410,0.2,0.0003,0.4291015625,-0.013527794345282017,13.573585748672485,2003.3583984375,1000.0
439,1284,2629632,5979,0.11458805203437805,0.9648063778877258,13.70137391090393,0.045791067,6.170976161956787,6415,0.2,0.0003,0.37958984375,-0.006250532995909453,13.56543698310852,2003.3583984375,1000.0
439,1285,2631680,5983,0.11451327800750732,0.9557563066482544,17.344386196136476,0.05164137,7.751696586608887,6420,0.2,0.0003,0.433203125,-0.01080635329708457,13.56403408050537,2003.3583984375,1000.0
439,1286,2633728,5989,0.11446548998355865,0.9713093042373657,11.889311075210571,0.040083606,6.045221328735352,6425,0.2,0.0003,0.36220703125,-0.00865423153154552,13.57726583480835,2016.02734375,1000.0
439,1287,2635776,5993,0.11449602246284485,0.9003130197525024,29.537434005737303,0.053570755,15.322683334350586,6430,0.2,0.0003,0.47666015625,-0.0062447165371850135,13.57649564743042,2016.02734375,1000.0
439,1288,2637824,5997,0.11452290415763855,0.9399930238723755,18.633213663101195,0.039291568,7.5983686447143555,6435,0.2,0.0003,0.4873046875,0.020435569901019336,13.572994565963745,2016.02734375,1000.0
439,1289,2639872,6001,0.11448446661233902,0.9497826099395752,15.907746648788452,0.032144763,7.907588005065918,6440,0.2,0.0003,0.3103515625,-0.00951027194969356,13.57289400100708,2016.02734375,1000.0
439,1290,2641920,6006,0.11444666981697083,0.9334522485733032,24.047156238555907,0.028021945,12.293886184692383,6445,0.2,0.0003,0.29912109375,-0.011037236743140966,13.58075795173645,2010.118408203125,1000.0
439,1291,2643968,6010,0.11441877484321594,0.7448329925537109,91.62731094360352,0.04381756,42.68930435180664,6450,0.2,0.0003,0.4779296875,0.03324158772593364,13.586103153228759,2010.118408203125,1000.0
439,1292,2646016,6015,0.1143515408039093,0.758689284324646,73.58228645324706,0.030069876,37.65966033935547,6455,0.2,0.0003,0.26025390625,-0.010066003608517348,13.592011165618896,2010.118408203125,1000.0
439,1293,2648064,6020,0.1143268495798111,0.7154011130332947,92.04295349121094,0.03448039,42.28506851196289,6460,0.2,0.0003,0.364453125,0.008682537917047739,13.601879978179932,2018.182373046875,1000.0
439,1294,2650112,6024,0.11432518064975739,0.7401941418647766,78.43655242919922,0.027885877,38.001277923583984,6465,0.2,0.0003,0.3365234375,-0.0024641043273732066,13.602166748046875,2018.182373046875,1000.0
439,1295,2652160,6029,0.11431879550218582,0.6624909043312073,111.66957015991211,0.026103862,53.7313117980957,6470,0.2,0.0003,0.33095703125,-0.018002025387249886,13.603859519958496,2018.182373046875,1000.0
439,1296,2654208,6033,0.1143265962600708,0.7557040452957153,90.07564239501953,0.029333755,44.70692443847656,6475,0.2,0.0003,0.28447265625,-0.017148654197808356,13.603328752517701,2018.182373046875,1000.0
439,1297,2656256,6039,0.11431952565908432,0.7700551748275757,103.04099769592285,0.037107274,47.63123321533203,6480,0.2,0.0003,0.32880859375,-0.017885120445862414,13.603074407577514,2009.2105712890625,1000.0
439,1298,2658304,6043,0.11430782824754715,0.8567445874214172,80.850537109375,0.026423216,37.381961822509766,6485,0.2,0.0003,0.3361328125,-0.014875135337933897,13.604349279403687,2009.2105712890625,1000.0
439,1299,2660352,6048,0.11427446454763412,0.9810436367988586,16.735907745361327,0.022306541,7.0680999755859375,6490,0.2,0.0003,0.19716796875,-0.01522871816996485,13.607451343536377,2009.2105712890625,1000.0
439,1300,2662400,6052,0.11424072831869125,0.9801023602485657,11.98739800453186,0.028610412,5.501320838928223,6495,0.2,0.0003,0.30419921875,-0.01644604685716331,13.613778924942016,2009.2105712890625,1000.0
439,1301,2664448,6057,0.11427506804466248,0.9844217896461487,12.453902387619019,0.021689275,5.627930641174316,6500,0.2,0.0003,0.3044921875,-0.0036975629976950587,13.614584350585938,2019.6851806640625,1000.0
439,1302,2666496,6061,0.11427079141139984,0.9576849937438965,31.184483528137207,0.03378549,13.257794380187988,6505,0.2,0.0003,0.358203125,-0.012297276291064918,13.60981559753418,2019.6851806640625,1000.0
439,1303,2668544,6065,0.11423195898532867,0.9290065169334412,66.23970565795898,0.048460297,31.34796905517578,6510,0.2,0.0003,0.3361328125,0.001878413767553866,13.613977766036987,2019.6851806640625,1000.0
439,1304,2670592,6069,0.11421145498752594,0.9209955930709839,75.58077468872071,0.021124784,35.926483154296875,6515,0.2,0.0003,0.27734375,-0.0031717988196760414,13.6195858001709,2019.6851806640625,1000.0
439,1305,2672640,6075,0.11416367441415787,0.9242281317710876,74.78999481201171,0.026419112,36.188968658447266,6520,0.2,0.0003,0.2767578125,-0.009628381743095816,13.623634958267212,2004.07763671875,1000.0
439,1306,2674688,6079,0.1141262874007225,0.9093167781829834,100.93405723571777,0.027619688,44.77118682861328,6525,0.2,0.0003,0.27646484375,-0.007134818704798818,13.632844400405883,2004.07763671875,1000.0
439,1307,2676736,6083,0.11412130296230316,0.9315341114997864,86.67444534301758,0.020735875,38.64812469482422,6530,0.2,0.0003,0.25087890625,-0.014901928458129987,13.635485506057739,2004.07763671875,1000.0
440,1308,2678784,6087,0.11415502429008484,0.9390449523925781,90.36499633789063,0.02858726,39.70063018798828,6535,0.2,0.0003,0.26640625,-0.018764548539184033,13.633575105667115,2004.07763671875,1000.0
439,1309,2680832,6093,0.11413005739450455,0.9495909214019775,89.02963256835938,0.022858104,41.67164993286133,6540,0.2,0.0003,0.24580078125,-0.014837620593607426,13.630411005020141,1996.9931640625,1000.0
439,1310,2682880,6097,0.11409451067447662,0.9656392335891724,58.854810905456546,0.020270295,24.570480346679688,6545,0.2,0.0003,0.252734375,-0.01906231731409207,13.636444091796875,1996.9931640625,1000.0
440,1311,2684928,6101,0.11409404873847961,0.9677447080612183,32.97251634597778,0.017199956,9.987513542175293,6550,0.2,0.0003,0.19912109375,-0.011858527769800276,13.639619493484497,1996.9931640625,1000.0
440,1312,2686976,6106,0.11411658674478531,0.9641719460487366,28.520043659210206,0.023912689,11.391157150268555,6555,0.2,0.0003,0.229296875,-0.008833923831116409,13.637618970870971,1996.9931640625,1000.0
439,1313,2689024,6111,0.11417247354984283,0.9363428950309753,42.01703300476074,0.024310898,17.79612159729004,6560,0.2,0.0003,0.2849609375,-0.012294289143756031,13.632229566574097,2032.1026611328125,1000.0
440,1314,2691072,6116,0.11420391499996185,0.9458190202713013,37.42902059555054,0.0329202,16.69869041442871,6565,0.2,0.0003,0.3396484375,-0.016582810250110925,13.624018907546997,2032.1026611328125,1000.0
440,1315,2693120,6120,0.11423810571432114,0.9836110472679138,12.853536939620971,0.023511495,5.471742630004883,6570,0.2,0.0003,0.2599609375,-0.014837398519739508,13.620593452453614,2032.1026611328125,1000.0
440,1316,2695168,6124,0.11423730850219727,0.9789705276489258,14.840081024169923,0.039315946,6.155125141143799,6575,0.2,0.0003,0.3634765625,-0.00786048008594662,13.617471313476562,2032.1026611328125,1000.0
440,1317,2697216,6129,0.11417823284864426,0.9727009534835815,16.860161685943602,0.046863385,7.786592483520508,6580,0.2,0.0003,0.4025390625,0.00396325794281438,13.623455572128297,2031.603271484375,1000.0
440,1318,2699264,6133,0.11413124203681946,0.9710763692855835,14.220394945144653,0.032698072,6.397921562194824,6585,0.2,0.0003,0.343359375,-0.00685930183972232,13.632542514801026,2031.603271484375,1000.0
440,1319,2701312,6138,0.11405955255031586,0.9668256044387817,12.352597713470459,0.03127259,5.891167640686035,6590,0.2,0.0003,0.3462890625,-0.011053547798655926,13.64079761505127,2031.603271484375,1000.0
440,1320,2703360,6142,0.11398456990718842,0.9737741351127625,9.633411312103272,0.029878411,4.714797496795654,6595,0.2,0.0003,0.36982421875,-0.00877738413400948,13.653661012649536,2031.603271484375,1000.0
440,1321,2705408,6147,0.11395231634378433,0.9404675960540771,17.12393465042114,0.035669975,7.5043134689331055,6600,0.2,0.0003,0.34033203125,-0.011341448687016965,13.662550926208496,2036.6136474609375,1000.0
440,1322,2707456,6151,0.1139398142695427,0.9357954859733582,40.431503486633304,0.039234288,16.979284286499023,6605,0.2,0.0003,0.42119140625,-0.0011333320057019592,13.667254781723022,2036.6136474609375,1000.0
440,1323,2709504,6156,0.11395473033189774,0.9691424369812012,25.69212579727173,0.033069097,10.320770263671875,6610,0.2,0.0003,0.32587890625,-0.010845591640099883,13.667860221862792,2036.6136474609375,1000.0
440,1324,2711552,6161,0.11393635720014572,0.9691192507743835,29.851564502716066,0.030793006,13.561980247497559,6615,0.2,0.0003,0.3267578125,-0.0070500681118574,13.666346454620362,2036.6136474609375,1000.0
439,1325,2713600,6167,0.11392198503017426,0.9716163873672485,32.340796661376956,0.03289773,13.75313663482666,6620,0.2,0.0003,0.35634765625,-0.01214342915918678,13.670704889297486,2045.0987548828125,1000.0
440,1326,2715648,6171,0.11392267793416977,0.9762399792671204,25.820581245422364,0.03601164,12.36485481262207,6625,0.2,0.0003,0.34853515625,-0.009814462182112038,13.67204303741455,2045.0987548828125,1000.0
440,1327,2717696,6175,0.11390896886587143,0.9848967790603638,16.80734076499939,0.029200139,7.308502674102783,6630,0.2,0.0003,0.37041015625,0.0007565273437649012,13.671828889846802,2045.0987548828125,1000.0
440,1328,2719744,6179,0.11390280723571777,0.9899454116821289,11.518673849105834,0.04530283,4.984550476074219,6635,0.2,0.0003,0.40205078125,4.8941001296043396e-05,13.674771213531494,2045.0987548828125,1000.0
440,1329,2721792,6185,0.11391961574554443,0.9867270588874817,13.197657203674316,0.027857674,5.828788757324219,6640,0.2,0.0003,0.32705078125,-0.008244222309440375,13.673297834396362,2044.10107421875,1000.0
440,1330,2723840,6189,0.11392246186733246,0.9615106582641602,28.03170680999756,0.050255958,11.094207763671875,6645,0.2,0.0003,0.35615234375,-0.011075387534219772,13.672821998596191,2044.10107421875,1000.0
440,1331,2725888,6193,0.11389841139316559,0.9783919453620911,15.070237731933593,0.03508512,7.129110336303711,6650,0.2,0.0003,0.40439453125,-0.0018843765603378416,13.675477695465087,2044.10107421875,1000.0
440,1332,2727936,6197,0.11389919370412827,0.9740520715713501,17.307568407058717,0.033876605,7.867249488830566,6655,0.2,0.0003,0.395703125,-6.546815857291221e-05,13.679475402832031,2044.10107421875,1000.0
440,1333,2729984,6203,0.1139262393116951,0.9791276454925537,12.826253604888915,0.041229565,5.6223464012146,6660,0.2,0.0003,0.32666015625,-0.009449716203380375,13.678577661514282,2049.946533203125,1000.0
440,1334,2732032,6207,0.11396011710166931,0.9649114012718201,22.586110877990723,0.046106227,11.700066566467285,6665,0.2,0.0003,0.4263671875,-0.0023713116301223637,13.672816610336303,2049.946533203125,1000.0
440,1335,2734080,6211,0.114003024995327,0.9804672598838806,12.433677530288696,0.094628654,5.881046772003174,6670,0.2,0.0003,0.44921875,0.0012854030705057085,13.666796207427979,2049.946533203125,1000.0
440,1336,2736128,6216,0.11409199237823486,0.9706315398216248,18.770139980316163,0.06453895,10.014036178588867,6675,0.2,0.0003,0.4796875,-0.0044518482172861695,13.658232736587525,2037.7520751953125,1000.0
440,1337,2738176,6221,0.11410854756832123,0.9593442678451538,24.10458059310913,0.05523493,11.742441177368164,6680,0.2,0.0003,0.44638671875,-0.009056926029734314,13.646358442306518,2037.7520751953125,1000.0
440,1338,2740224,6225,0.11408858746290207,0.6795246601104736,118.60520858764649,0.038333207,48.001258850097656,6685,0.2,0.0003,0.4453125,0.014406130160205066,13.649847745895386,2037.7520751953125,1000.0
440,1339,2742272,6229,0.11408916115760803,0.633382260799408,103.19783248901368,0.02794403,44.653751373291016,6690,0.2,0.0003,0.29697265625,-0.0057211016770452264,13.649702739715575,2037.7520751953125,1000.0
440,1340,2744320,6235,0.1140492632985115,0.5425277948379517,109.29787826538086,0.01825812,48.33124542236328,6695,0.2,0.0003,0.2587890625,-0.011170922126621009,13.65171947479248,2031.34765625,1000.0
440,1341,2746368,6239,0.11398536711931229,0.5030059814453125,88.02766418457031,0.02550935,36.3966064453125,6700,0.2,0.0003,0.243359375,-0.011040018545463682,13.65938606262207,2031.34765625,1000.0
440,1342,2748416,6243,0.11396324634552002,0.8190666437149048,14.708700799942017,0.03401667,5.649576663970947,6705,0.2,0.0003,0.3263671875,-0.0036637089448049664,13.668271589279176,2031.34765625,1000.0
440,1343,2750464,6247,0.11398451775312424,0.7266766428947449,24.291641902923583,0.045580782,11.844954490661621,6710,0.2,0.0003,0.40966796875,0.005214666412211954,13.66630687713623,2031.34765625,1000.0
440,1344,2752512,6252,0.11399547010660172,0.7713996767997742,20.410118103027344,0.061967738,9.659012794494629,6715,0.2,0.0003,0.38447265625,-0.0020454876124858857,13.665979385375977,2031.2232666015625,1000.0
440,1345,2754560,6256,0.11397123336791992,0.7487262487411499,35.34849710464478,0.05100236,17.03176498413086,6720,0.2,0.0003,0.4341796875,-0.006514208053704351,13.667856407165527,2031.2232666015625,1000.0
440,1346,2756608,6260,0.11397833377122879,0.7906251549720764,33.94966020584106,0.028649488,16.7873477935791,6725,0.2,0.0003,0.375390625,0.0010617476655170321,13.669728183746338,2031.2232666015625,1000.0
440,1347,2758656,6264,0.11400430649518967,0.8061158061027527,37.3721284866333,0.04120539,16.171432495117188,6730,0.2,0.0003,0.36650390625,0.00819849343970418,13.666845273971557,2031.2232666015625,1000.0
440,1348,2760704,6269,0.11402085423469543,0.8360705375671387,34.14731922149658,0.02127273,15.906460762023926,6735,0.2,0.0003,0.278125,-0.00656622500391677,13.663272953033447,2028.07861328125,1000.0
440,1349,2762752,6273,0.11405544728040695,0.8835940957069397,24.376630973815917,0.028035555,11.582904815673828,6740,0.2,0.0003,0.2876953125,-0.012602196750231087,13.65974988937378,2028.07861328125,1000.0
440,1350,2764800,6277,0.11401384323835373,0.9370003938674927,9.716682052612304,0.07347985,4.9329142570495605,6745,0.2,0.0003,0.425390625,-0.0012184641556814313,13.657989835739135,2028.07861328125,1000.0
440,1351,2766848,6281,0.11391719430685043,0.917165994644165,12.382004356384277,0.072278745,5.657230377197266,6750,0.2,0.0003,0.51494140625,0.002632940362673253,13.671843004226684,2028.07861328125,1000.0
440,1352,2768896,6287,0.11368069052696228,0.936908483505249,9.305531072616578,0.057184435,4.784447193145752,6755,0.2,0.0003,0.45,-0.0008933256845921278,13.696584177017211,2034.3126220703125,1000.0
440,1353,2770944,6292,0.11370101571083069,0.8679133653640747,23.394486808776854,0.044860967,9.823906898498535,6760,0.2,0.0003,0.4171875,-0.0059155398979783055,13.71933741569519,2034.3126220703125,1000.0
440,1354,2772992,6296,0.11372409760951996,0.750074565410614,38.74499435424805,0.05143159,18.651782989501953,6765,0.2,0.0003,0.43515625,0.0018042634939774871,13.711554956436157,2034.3126220703125,1000.0
440,1355,2775040,6300,0.11358286440372467,0.6332300901412964,43.45565776824951,0.05249203,19.969654083251953,6770,0.2,0.0003,0.4603515625,-0.002185534674208611,13.718538856506347,2034.3126220703125,1000.0
440,1356,2777088,6306,0.11352205276489258,0.7507384419441223,27.16595239639282,0.08674362,12.937009811401367,6775,0.2,0.0003,0.4822265625,-0.00611631934880279,13.74032678604126,2044.306396484375,1000.0
440,1357,2779136,6310,0.11350778490304947,0.5529863834381104,47.10963535308838,0.049189676,23.081594467163086,6780,0.2,0.0003,0.410546875,0.002776444028131664,13.746109867095948,2044.306396484375,1000.0
440,1358,2781184,6314,0.11349562555551529,0.3108293414115906,47.25605945587158,0.031641144,22.762008666992188,6785,0.2,0.0003,0.38828125,-0.0024413487641140818,13.749315690994262,2044.306396484375,1000.0
440,1359,2783232,6319,0.11351030319929123,0.19741690158843994,57.48419075012207,0.038403854,29.327409744262695,6790,0.2,0.0003,0.41591796875,0.0030505668837577105,13.749335241317748,2044.306396484375,1000.0
440,1360,2785280,6324,0.11349780112504959,0.25426310300827026,39.93007698059082,0.042641826,20.074010848999023,6795,0.2,0.0003,0.38642578125,-0.0030887973494827746,13.746809911727905,2001.1170654296875,1000.0
440,1361,2787328,6328,0.11348024755716324,0.16296327114105225,86.84284591674805,0.034997683,44.57898712158203,6800,0.2,0.0003,0.3833984375,-0.0015583484899252653,13.749787521362304,2001.1170654296875,1000.0
440,1362,2789376,6332,0.11345914006233215,0.23016226291656494,89.16288681030274,0.064432584,46.208526611328125,6805,0.2,0.0003,0.43017578125,0.002157730283215642,13.75280213356018,2001.1170654296875,1000.0
440,1363,2791424,6336,0.1133861169219017,0.15678566694259644,80.05152206420898,0.06834083,37.57807540893555,6810,0.2,0.0003,0.4134765625,-0.009504046756774187,13.756785202026368,2001.1170654296875,1000.0
440,1364,2793472,6342,0.1134059950709343,0.23592567443847656,68.67124691009522,0.108489454,34.71968460083008,6815,0.2,0.0003,0.53623046875,0.006403215881437063,13.7686137676239,1976.616455078125,1000.0
440,1365,2795520,6346,0.11348112672567368,0.5397899746894836,44.45065860748291,0.06359875,19.708036422729492,6820,0.2,0.0003,0.50947265625,0.015976357040926814,13.758605194091796,1976.616455078125,1000.0
440,1366,2797568,6351,0.11350923031568527,0.8063062429428101,25.484783172607422,0.05884371,10.706199645996094,6825,0.2,0.0003,0.48955078125,0.02555399197153747,13.748751640319824,1976.616455078125,1000.0
440,1367,2799616,6355,0.1134563535451889,0.8228997588157654,31.419127464294434,0.04695192,14.0376615524292,6830,0.2,0.0003,0.33681640625,-0.004999243491329253,13.748695945739746,1976.616455078125,1000.0
440,1368,2801664,6361,0.11339309811592102,0.8779276609420776,26.251177501678466,0.034485944,9.986964225769043,6835,0.2,0.0003,0.26962890625,-0.009473602671641856,13.760801458358765,1981.2901611328125,1000.0
440,1369,2803712,6365,0.11334238946437836,0.8940017223358154,29.606857299804688,0.04247178,12.278051376342773,6840,0.2,0.0003,0.3673828125,-0.0034926047548651694,13.768927383422852,1981.2901611328125,1000.0
440,1370,2805760,6369,0.11333171278238297,0.9412126541137695,23.392671394348145,0.05772073,7.721282958984375,6845,0.2,0.0003,0.377734375,0.010146276862360536,13.775684547424316,1981.2901611328125,1000.0
440,1371,2807808,6373,0.11330720037221909,0.9529956579208374,19.165816831588746,0.039128605,6.732237339019775,6850,0.2,0.0003,0.25126953125,-0.0064078452880494295,13.776303243637084,1981.2901611328125,1000.0
440,1372,2809856,6379,0.11327847838401794,0.9568549990653992,20.695996952056884,0.03518496,8.002237319946289,6855,0.2,0.0003,0.27890625,-0.009134104056283832,13.78263840675354,1986.870361328125,1000.0
440,1373,2811904,6383,0.11330156773328781,0.8604346513748169,58.345595359802246,0.022354104,24.058326721191406,6860,0.2,0.0003,0.308203125,-0.01040413319133222,13.78315896987915,1986.870361328125,1000.0
440,1374,2813952,6387,0.11328927427530289,0.8725509643554688,48.892063522338866,0.032624267,23.661794662475586,6865,0.2,0.0003,0.3076171875,-0.012983912788331508,13.780641078948975,1986.870361328125,1000.0
440,1375,2816000,6392,0.1132597103714943,0.8697056770324707,52.435256004333496,0.02640948,26.17249870300293,6870,0.2,0.0003,0.2890625,-0.01012053267331794,13.78451166152954,1987.247314453125,1000.0
440,1376,2818048,6397,0.11322428286075592,0.8949723243713379,44.075627136230466,0.02317651,21.444679260253906,6875,0.2,0.0003,0.30654296875,-0.006344330892898142,13.790557527542115,1987.247314453125,1000.0
440,1377,2820096,6402,0.11325785517692566,0.9277970790863037,24.245831966400146,0.049959093,10.355045318603516,6880,0.2,0.0003,0.37587890625,-0.01747780586592853,13.792584037780761,1987.247314453125,1000.0
440,1378,2822144,6406,0.1133754625916481,0.9443896412849426,19.98427324295044,0.061189875,9.618989944458008,6885,0.2,0.0003,0.43974609375,0.004172740550711751,13.780704879760743,1987.247314453125,1000.0
440,1379,2824192,6412,0.1134009063243866,0.9443153738975525,18.669413566589355,0.0737622,9.066841125488281,6890,0.2,0.0003,0.4626953125,0.0012394752353429793,13.769431114196777,1999.4705810546875,1000.0
440,1380,2826240,6416,0.11342986673116684,0.9291725754737854,24.00696668624878,0.08409589,12.000835418701172,6895,0.2,0.0003,0.5267578125,0.011889068107120693,13.768226909637452,1999.4705810546875,1000.0
440,1381,2828288,6421,0.1134054958820343,0.9493354558944702,20.419095706939697,0.06355998,9.901385307312012,6900,0.2,0.0003,0.43974609375,-0.0041800340404734015,13.76717472076416,1999.4705810546875,1000.0
440,1382,2830336,6426,0.11337542533874512,0.9607846140861511,14.4409508228302,0.042509884,7.082095623016357,6905,0.2,0.0003,0.34423828125,-0.010569286835379898,13.774240303039551,1999.4705810546875,1000.0
440,1383,2832384,6431,0.11323925852775574,0.9644578695297241,13.646299791336059,0.06394832,7.077221393585205,6910,0.2,0.0003,0.4703125,0.0009472607169300317,13.784930515289307,1984.87451171875,1000.0
440,1384,2834432,6435,0.11312784254550934,0.9273862242698669,25.239992809295654,0.049928844,13.830363273620605,6915,0.2,0.0003,0.4125,-0.012585868348833174,13.807359218597412,1984.87451171875,1000.0
440,1385,2836480,6439,0.11305347084999084,0.6724331974983215,50.22610015869141,0.04042654,24.639286041259766,6920,0.2,0.0003,0.35986328125,-0.014252995446440764,13.82079882621765,1984.87451171875,1000.0
440,1386,2838528,6444,0.11300529539585114,0.6938685178756714,47.93185882568359,0.03154749,24.67388916015625,6925,0.2,0.0003,0.3580078125,-0.0030122027965262532,13.829273319244384,1984.87451171875,1000.0
440,1387,2840576,6449,0.11300991475582123,0.6433790922164917,52.863531494140624,0.027654238,25.613910675048828,6930,0.2,0.0003,0.366796875,-0.009153169358614831,13.833574581146241,2015.0770263671875,1000.0
440,1388,2842624,6453,0.11305432766675949,0.8695098161697388,36.758043479919436,0.051829353,17.217731475830078,6935,0.2,0.0003,0.4181640625,-0.005468381987884641,13.828340864181518,2015.0770263671875,1000.0
440,1389,2844672,6457,0.11309312283992767,0.9068396687507629,15.304502582550048,0.039152883,6.410228252410889,6940,0.2,0.0003,0.37060546875,-0.003061929118121043,13.821623182296753,2015.0770263671875,1000.0
440,1390,2846720,6461,0.11305970698595047,0.9254509210586548,11.784641456604003,0.07574421,5.62763786315918,6945,0.2,0.0003,0.51611328125,0.0014155196258798242,13.817694807052613,2015.0770263671875,1000.0
440,1391,2848768,6467,0.11300100386142731,0.908015251159668,13.15810422897339,0.07393047,5.5381669998168945,6950,0.2,0.0003,0.513671875,0.01646950510330498,13.826650094985961,2002.22607421875,1000.0
440,1392,2850816,6471,0.11293445527553558,0.8575676679611206,27.10770893096924,0.067444734,14.573307991027832,6955,0.2,0.0003,0.511328125,-0.002665671333670616,13.83625054359436,2002.22607421875,1000.0
440,1393,2852864,6475,0.11304111033678055,0.9210747480392456,13.896246099472046,0.065858975,6.107998847961426,6960,0.2,0.0003,0.467578125,0.008364090207032859,13.836734199523926,2002.22607421875,1000.0
440,1394,2854912,6479,0.11300797015428543,0.9256007671356201,16.272068452835082,0.04841487,6.870907306671143,6965,0.2,0.0003,0.4259765625,-0.005413207085803151,13.823028230667115,2002.22607421875,1000.0
440,1395,2856960,6485,0.11296073347330093,0.9107710123062134,23.378440570831298,0.04179106,10.492321968078613,6970,0.2,0.0003,0.3931640625,-0.0033109177835285663,13.832101821899414,2016.81689453125,1000.0
440,1396,2859008,6490,0.11293493211269379,0.9048490524291992,25.739254188537597,0.066860884,12.336599349975586,6975,0.2,0.0003,0.4869140625,0.0021254339488223197,13.837536478042603,2016.81689453125,1000.0
440,1397,2861056,6494,0.11300679296255112,0.9205007553100586,19.092770862579346,0.05269509,8.556419372558594,6980,0.2,0.0003,0.42841796875,-0.003686461364850402,13.835914850234985,2016.81689453125,1000.0
440,1398,2863104,6498,0.11301282048225403,0.8750433325767517,25.49838056564331,0.045239497,11.727561950683594,6985,0.2,0.0003,0.44228515625,-0.009215770778246224,13.829750680923462,2016.81689453125,1000.0
440,1399,2865152,6503,0.11297847330570221,0.8018441796302795,35.57992706298828,0.05624765,17.196073532104492,6990,0.2,0.0003,0.3931640625,-0.010979855246841908,13.834559631347656,2034.442138671875,1000.0
440,1400,2867200,6508,0.11303269863128662,0.8523224592208862,22.0069561958313,0.060677417,10.327101707458496,6995,0.2,0.0003,0.43759765625,-0.008092056028544903,13.834937572479248,2034.442138671875,1000.0
440,1401,2869248,6512,0.11308158934116364,0.9272706508636475,11.676374053955078,0.073327124,4.549631118774414,7000,0.2,0.0003,0.52119140625,0.03766636827494949,13.826859951019287,2034.442138671875,1000.0
440,1402,2871296,6516,0.11304189264774323,0.9146274328231812,14.254567956924438,0.036262237,6.721256256103516,7005,0.2,0.0003,0.4615234375,0.016460958356037735,13.824486637115479,2034.442138671875,1000.0
440,1403,2873344,6521,0.11301113665103912,0.8874572515487671,17.547289848327637,0.061218504,8.758977890014648,7010,0.2,0.0003,0.44482421875,-0.006791432132013142,13.831388759613038,2067.9443359375,1000.0
440,1404,2875392,6525,0.11301836371421814,0.7775219082832336,100.22905158996582,0.030830257,40.9751091003418,7015,0.2,0.0003,0.43173828125,0.006148922897409648,13.83323631286621,2067.9443359375,1000.0
440,1405,2877440,6529,0.11302174627780914,0.8232558369636536,93.50691871643066,0.018572034,39.57003402709961,7020,0.2,0.0003,0.2330078125,-0.00840672329068184,13.831736612319947,2067.9443359375,1000.0
440,1406,2879488,6534,0.11303656548261642,0.8538628220558167,103.90115203857422,0.020655774,49.01411056518555,7025,0.2,0.0003,0.22197265625,-0.007852173107676209,13.831951189041138,2067.9443359375,1000.0
440,1407,2881536,6539,0.11304950714111328,0.8959287405014038,91.0095371246338,0.02665124,37.226680755615234,7030,0.2,0.0003,0.2439453125,-0.0039063933538272975,13.828672885894775,2053.261962890625,1000.0
440,1408,2883584,6544,0.11305662989616394,0.9083641171455383,40.640506744384766,0.0237962,16.167530059814453,7035,0.2,0.0003,0.259375,-0.01827867440879345,13.82721824645996,2053.261962890625,1000.0
440,1409,2885632,6548,0.11301401257514954,0.9083475470542908,23.716304111480714,0.024658194,8.273621559143066,7040,0.2,0.0003,0.2673828125,-0.017247144365683198,13.828618001937866,2053.261962890625,1000.0
440,1410,2887680,6553,0.112908735871315,0.932141900062561,14.93372392654419,0.023000445,6.715951919555664,7045,0.2,0.0003,0.3005859375,-0.008301529078744352,13.83910641670227,2053.261962890625,1000.0
440,1411,2889728,6558,0.11287348717451096,0.9345015287399292,15.414417123794555,0.043059506,7.673154830932617,7050,0.2,0.0003,0.3609375,-0.012345863156951964,13.853937864303589,2076.60302734375,1000.0
440,1412,2891776,6563,0.11288850754499435,0.8627450466156006,43.98494453430176,0.02579043,19.25519561767578,7055,0.2,0.0003,0.29033203125,-0.015889456635341047,13.85480637550354,2076.60302734375,1000.0
440,1413,2893824,6567,0.11286483705043793,0.8380961418151855,58.62518482208252,0.02225711,24.88299560546875,7060,0.2,0.0003,0.25888671875,-0.013415174372494221,13.854305076599122,2076.60302734375,1000.0
440,1414,2895872,6571,0.11286994814872742,0.8540827035903931,66.29722232818604,0.027086774,31.810699462890625,7065,0.2,0.0003,0.29404296875,-0.018185308517422526,13.858393001556397,2076.60302734375,1000.0
440,1415,2897920,6577,0.11280907690525055,0.890018105506897,48.881941413879396,0.03431843,25.1719913482666,7070,0.2,0.0003,0.33125,-0.01950838987249881,13.85973768234253,2071.426513671875,1000.0
440,1416,2899968,6581,0.1127573773264885,0.9131376147270203,25.32874059677124,0.02174668,11.3436861038208,7075,0.2,0.0003,0.26845703125,-0.018648290494456887,13.870730638504028,2071.426513671875,1000.0
440,1417,2902016,6585,0.11273343116044998,0.9467753171920776,15.064243745803832,0.02363168,6.753639221191406,7080,0.2,0.0003,0.29697265625,-0.012615749961696565,13.876389265060425,2071.426513671875,1000.0
440,1418,2904064,6590,0.1127016544342041,0.9268550276756287,18.904983139038087,0.02401147,8.491212844848633,7085,0.2,0.0003,0.30888671875,-0.007375251082703471,13.881088542938233,2078.467041015625,1000.0
440,1419,2906112,6594,0.11269601434469223,0.9595161080360413,11.637307119369506,0.0289089,5.410125255584717,7090,0.2,0.0003,0.3015625,-0.012745811743661762,13.88463807106018,2078.467041015625,1000.0
440,1420,2908160,6598,0.11270321905612946,0.9394602179527283,41.2124526977539,0.04903329,18.934574127197266,7095,0.2,0.0003,0.37373046875,-0.014630757574923336,13.886015892028809,2078.467041015625,1000.0
440,1421,2910208,6603,0.11260310560464859,0.9482195377349854,29.78934211730957,0.053496823,15.06633186340332,7100,0.2,0.0003,0.35927734375,-0.011005997657775879,13.894132089614867,2078.467041015625,1000.0
440,1422,2912256,6608,0.11258198320865631,0.9328429698944092,34.53387746810913,0.04893937,13.405340194702148,7105,0.2,0.0003,0.44716796875,-0.010619750653859228,13.907955169677734,2073.312744140625,1000.0
440,1423,2914304,6612,0.11264106631278992,0.9398072957992554,29.606930923461913,0.058831573,14.269882202148438,7110,0.2,0.0003,0.40869140625,-0.00694695224519819,13.901953125,2073.312744140625,1000.0
440,1424,2916352,6616,0.11265630275011063,0.9615582823753357,13.296716785430908,0.030522717,5.317694187164307,7115,0.2,0.0003,0.40107421875,0.004133398667909205,13.895019006729125,2073.312744140625,1000.0
440,1425,2918400,6621,0.11262541264295578,0.9724143743515015,12.459274196624756,0.022072503,4.846982479095459,7120,0.2,0.0003,0.2693359375,-0.0077862325357273224,13.895930290222168,2073.312744140625,1000.0
440,1426,2920448,6627,0.11260514706373215,0.9564782381057739,15.671409511566162,0.03517686,7.028283596038818,7125,0.2,0.0003,0.3107421875,-0.012629211321473122,13.90134596824646,2089.48193359375,1000.0
440,1427,2922496,6631,0.11254528164863586,0.9273531436920166,25.889820289611816,0.050983377,10.696908950805664,7130,0.2,0.0003,0.37294921875,-0.011061363737098873,13.907673788070678,2089.48193359375,1000.0
440,1428,2924544,6635,0.11249683797359467,0.9693070650100708,14.805340766906738,0.038812682,6.668455600738525,7135,0.2,0.0003,0.3837890625,-0.0024589245906099675,13.921281480789185,2089.48193359375,1000.0
440,1429,2926592,6639,0.11249274760484695,0.9825212359428406,9.476644253730774,0.027702171,3.4024338722229004,7140,0.2,0.0003,0.3134765625,-0.012731684744358063,13.92631402015686,2089.48193359375,1000.0
440,1430,2928640,6645,0.1124480590224266,0.9784427285194397,9.973707580566407,0.034168564,4.200142860412598,7145,0.2,0.0003,0.34765625,-0.008818283956497908,13.93165364265442,2102.309326171875,1000.0
440,1431,2930688,6650,0.11240576207637787,0.9253098368644714,27.925422859191894,0.062054306,10.867971420288086,7150,0.2,0.0003,0.38984375,-0.014096529851667584,13.94002332687378,2102.309326171875,1000.0
440,1432,2932736,6654,0.1123250424861908,0.8652531504631042,29.023323726654052,0.043750685,11.837015151977539,7155,0.2,0.0003,0.39453125,0.0018994675250723959,13.948433113098144,2102.309326171875,1000.0
440,1433,2934784,6659,0.11229060590267181,0.9009691476821899,22.04452257156372,0.090309076,10.026976585388184,7160,0.2,0.0003,0.5447265625,0.008553037000820041,13.960242414474488,2102.309326171875,1000.0
440,1434,2936832,6665,0.11229356378316879,0.8677327632904053,30.665391731262208,0.08007303,14.754944801330566,7165,0.2,0.0003,0.5583984375,0.01937899992335588,13.962801551818847,2117.482421875,1000.0
440,1435,2938880,6669,0.11227309703826904,0.9569416046142578,17.44855833053589,0.052312423,8.263618469238281,7170,0.2,0.0003,0.42900390625,0.002009229583200067,13.960993719100951,2117.482421875,1000.0
440,1436,2940928,6673,0.11227253824472427,0.9718570113182068,15.153523063659668,0.036071252,6.646210193634033,7175,0.2,0.0003,0.38603515625,-0.006331619177944958,13.962638187408448,2117.482421875,1000.0
440,1437,2942976,6678,0.11227630078792572,0.9777726531028748,12.679740858078002,0.04603136,5.662159442901611,7180,0.2,0.0003,0.40146484375,-0.013906782458070666,13.963100814819336,2117.482421875,1000.0
440,1438,2945024,6683,0.11221393197774887,0.982936441898346,11.633653593063354,0.035503954,4.880716800689697,7185,0.2,0.0003,0.34765625,-0.019007404032163323,13.968308591842652,2120.3935546875,1000.0
440,1439,2947072,6688,0.11218158155679703,0.9507555961608887,34.89250297546387,0.029102685,17.335771560668945,7190,0.2,0.0003,0.3435546875,-0.005719249765388667,13.976679182052612,2120.3935546875,1000.0
440,1440,2949120,6692,0.11217784881591797,0.9257567524909973,53.04467658996582,0.017750131,25.193180084228516,7195,0.2,0.0003,0.222265625,-0.007820387021638453,13.978817224502563,2120.3935546875,1000.0
440,1441,2951168,6696,0.1121557280421257,0.9370189905166626,46.48848743438721,0.01871451,23.53672218322754,7200,0.2,0.0003,0.201953125,-0.013967359997332096,13.979638624191285,2120.3935546875,1000.0
440,1442,2953216,6701,0.11214503645896912,0.9309718012809753,50.30855731964111,0.015400428,22.14850616455078,7205,0.2,0.0003,0.18212890625,-0.012647998391184957,13.98344292640686,2103.501708984375,1000.0
440,1443,2955264,6706,0.11213758587837219,0.9418697357177734,31.685484600067138,0.025487788,14.402549743652344,7210,0.2,0.0003,0.26484375,-0.017066725227050484,13.984096431732178,2103.501708984375,1000.0
440,1444,2957312,6711,0.11214237660169601,0.9729990363121033,14.008610153198243,0.02211089,6.625794887542725,7215,0.2,0.0003,0.2728515625,-0.010647670412436128,13.984516429901124,2103.501708984375,1000.0
440,1445,2959360,6715,0.1121428832411766,0.9749423265457153,13.63557710647583,0.01918363,5.825503826141357,7220,0.2,0.0003,0.21279296875,-0.011242794874124228,13.984082078933715,2103.501708984375,1000.0
440,1446,2961408,6720,0.11215785145759583,0.9699446558952332,15.810443830490112,0.016916439,7.771579265594482,7225,0.2,0.0003,0.23994140625,-0.010395745828282088,13.983559513092041,2092.735107421875,1000.0
440,1447,2963456,6724,0.11216582357883453,0.8793231248855591,46.05622882843018,0.027718272,23.304533004760742,7230,0.2,0.0003,0.35439453125,-0.017662632511928678,13.982900953292846,2092.735107421875,1000.0
440,1448,2965504,6728,0.11219745129346848,0.6876533031463623,53.05878601074219,0.021878261,27.321847915649414,7235,0.2,0.0003,0.27568359375,-0.014699518540874123,13.981582498550415,2092.735107421875,1000.0
440,1449,2967552,6732,0.1122194156050682,0.5303023457527161,69.74499568939208,0.048079737,31.02113914489746,7240,0.2,0.0003,0.33896484375,-0.013166314968839288,13.976542520523072,2092.735107421875,1000.0
440,1450,2969600,6738,0.11221965402364731,0.4366494417190552,62.656327629089354,0.03213009,31.704097747802734,7245,0.2,0.0003,0.3490234375,-0.0125345544423908,13.978465175628662,2090.747314453125,1000.0
440,1451,2971648,6742,0.11222328245639801,0.8105601072311401,77.3042646408081,0.0232706,31.656917572021484,7250,0.2,0.0003,0.227734375,-0.009966333385091276,13.976974439620971,2090.747314453125,1000.0
440,1452,2973696,6747,0.11220983415842056,0.8135941028594971,96.99142074584961,0.019913713,48.58115768432617,7255,0.2,0.0003,0.18857421875,-0.013887942535802722,13.977259206771851,2090.747314453125,1000.0
440,1453,2975744,6752,0.11221647262573242,0.8536704778671265,86.52641639709472,0.018919148,41.27531814575195,7260,0.2,0.0003,0.166015625,-0.013669621362350882,13.978726005554199,2090.747314453125,1000.0
440,1454,2977792,6757,0.1122315302491188,0.8788541555404663,85.21069259643555,0.023193395,33.07270431518555,7265,0.2,0.0003,0.19873046875,-0.014359793928451835,13.976144218444825,2073.20068359375,1000.0
440,1455,2979840,6762,0.11221665889024734,0.9518334269523621,33.5481125831604,0.024342751,15.121243476867676,7270,0.2,0.0003,0.27333984375,-0.022125816671177745,13.975716400146485,2073.20068359375,1000.0
440,1456,2981888,6766,0.11211512982845306,0.9779245853424072,18.296019649505617,0.026543504,7.920656204223633,7275,0.2,0.0003,0.25537109375,-0.019429237651638686,13.98377275466919,2073.20068359375,1000.0
440,1457,2983936,6770,0.11202708631753922,0.9716598391532898,22.40828514099121,0.027530182,10.725339889526367,7280,0.2,0.0003,0.31455078125,-0.015902088675647973,14.001222944259643,2073.20068359375,1000.0
440,1458,2985984,6775,0.11200719326734543,0.9802587032318115,17.34630455970764,0.032402985,7.978928089141846,7285,0.2,0.0003,0.38017578125,-0.0014495153096504509,14.011511945724488,2077.558349609375,1000.0
440,1459,2988032,6780,0.11197105050086975,0.8864917755126953,41.91818389892578,0.019617986,19.938486099243164,7290,0.2,0.0003,0.2669921875,-0.017361838044598697,14.013718175888062,2077.558349609375,1000.0
440,1460,2990080,6784,0.11196298152208328,0.898403525352478,26.297554302215577,0.030200534,10.67059326171875,7295,0.2,0.0003,0.30595703125,-0.0219438781728968,14.020410585403443,2077.558349609375,1000.0
440,1461,2992128,6789,0.11197344213724136,0.8788997530937195,27.420084953308105,0.032322202,11.854107856750488,7300,0.2,0.0003,0.32294921875,-0.015321296080946923,14.021358013153076,2078.85546875,1000.0
440,1462,2994176,6793,0.11199944466352463,0.875275194644928,29.097945308685304,0.033619013,12.061450004577637,7305,0.2,0.0003,0.3431640625,-0.008027805550955235,14.021865749359131,2078.85546875,1000.0
440,1463,2996224,6797,0.11201924830675125,-0.19377648830413818,69.14831886291503,0.03648135,31.36338996887207,7310,0.2,0.0003,0.36630859375,-0.008772575878538191,14.01733660697937,2078.85546875,1000.0
440,1464,2998272,6802,0.11192851513624191,-0.08321082592010498,44.40915699005127,0.086108804,22.960838317871094,7315,0.2,0.0003,0.5078125,0.008700222452171147,14.02325701713562,2078.85546875,1000.0
440,1465,3000320,6807,0.11181756854057312,-0.17819559574127197,51.45795612335205,0.07349604,23.2059326171875,7320,0.2,0.0003,0.48154296875,0.005468856799416244,14.037677717208862,2072.958251953125,1000.0
440,1466,3002368,6811,0.11177962273359299,-0.17487084865570068,70.8803861618042,0.050034873,32.75228500366211,7325,0.2,0.0003,0.49404296875,0.0196430885232985,14.052091693878173,2072.958251953125,1000.0
440,1467,3004416,6816,0.11193148046731949,0.1696070432662964,22.57002010345459,0.07536105,11.068436622619629,7330,0.2,0.0003,0.44990234375,0.005285910167731345,14.050128746032716,2072.958251953125,1000.0
440,1468,3006464,6820,0.11195116490125656,0.2543025016784668,14.73142695426941,0.098065004,7.17570161819458,7335,0.2,0.0003,0.57265625,0.026652450836263598,14.026567363739014,2072.958251953125,1000.0
440,1469,3008512,6826,0.11172250658273697,0.07902276515960693,18.531856632232667,0.101053596,8.192255973815918,7340,0.2,0.0003,0.482421875,0.005993041989859194,14.045574378967284,2082.6259765625,1000.0
440,1470,3010560,6830,0.11148190498352051,0.2462674379348755,26.819016551971437,0.089637846,13.459614753723145,7345,0.2,0.0003,0.55615234375,0.0013418588321655988,14.088893795013428,2082.6259765625,1000.0
440,1471,3012608,6834,0.11142763495445251,0.6453847885131836,19.345939064025877,0.057326734,8.241321563720703,7350,0.2,0.0003,0.47373046875,0.004519213549792766,14.114982223510742,2082.6259765625,1000.0
440,1472,3014656,6839,0.11134709417819977,0.7379328012466431,18.506250047683714,0.049652975,8.811189651489258,7355,0.2,0.0003,0.458203125,-0.0010442095343023538,14.121928215026855,2082.6259765625,1000.0
440,1473,3016704,6844,0.1114739179611206,0.8136266469955444,19.01605315208435,0.06835792,7.372530460357666,7360,0.2,0.0003,0.42783203125,-0.005574905662797391,14.124728059768676,2075.685302734375,1000.0
440,1474,3018752,6848,0.11154958605766296,0.7398314476013184,45.67747859954834,0.028405193,20.510379791259766,7365,0.2,0.0003,0.42607421875,0.005004983313847333,14.10276141166687,2075.685302734375,1000.0
440,1475,3020800,6852,0.11154033243656158,0.703944981098175,61.92257843017578,0.02357997,30.956424713134766,7370,0.2,0.0003,0.272265625,-0.01223197600338608,14.100003814697265,2075.685302734375,1000.0
440,1476,3022848,6857,0.11153429001569748,0.7582273483276367,53.23439102172851,0.022354016,25.227882385253906,7375,0.2,0.0003,0.2228515625,-0.00455798776820302,14.10208568572998,2075.685302734375,1000.0
440,1477,3024896,6862,0.1115139052271843,0.7532699704170227,57.59626350402832,0.017654967,27.19404411315918,7380,0.2,0.0003,0.1859375,-0.012405465089250356,14.102231502532959,2058.21630859375,1000.0
440,1478,3026944,6866,0.11149284243583679,0.7578306198120117,47.09250774383545,0.029988885,25.32131576538086,7385,0.2,0.0003,0.2830078125,-0.017209644691320136,14.106038856506348,2058.21630859375,1000.0
440,1479,3028992,6871,0.11153820902109146,0.9140322804450989,12.050235891342163,0.03095273,4.554087162017822,7390,0.2,0.0003,0.293359375,-0.009569602413102984,14.105905389785766,2058.21630859375,1000.0
440,1480,3031040,6876,0.11153098940849304,0.9234595894813538,11.629517650604248,0.029761499,4.859989166259766,7395,0.2,0.0003,0.31201171875,-0.010661734384484589,14.102425384521485,2058.21630859375,1000.0
440,1481,3033088,6881,0.11144072562456131,0.9382015466690063,9.813023996353149,0.03270621,3.9438247680664062,7400,0.2,0.0003,0.31943359375,-0.010818391875363886,14.112362670898438,2048.65966796875,1000.0
440,1482,3035136,6885,0.1114366427063942,0.8714032173156738,21.14838352203369,0.058124498,8.753949165344238,7405,0.2,0.0003,0.41689453125,-0.00970464302226901,14.124970054626464,2048.65966796875,1000.0
440,1483,3037184,6890,0.11154459416866302,0.8560298681259155,14.047112894058227,0.06944597,6.605251789093018,7410,0.2,0.0003,0.45615234375,-0.0014084509457461536,14.118311166763306,2048.65966796875,1000.0
440,1484,3039232,6894,0.11163633316755295,0.8205724954605103,20.638698196411134,0.040121354,10.128692626953125,7415,0.2,0.0003,0.41015625,-0.008921807026490569,14.100254440307618,2048.65966796875,1000.0
440,1485,3041280,6899,0.11156782507896423,0.8302530646324158,20.576121425628664,0.059676647,11.069490432739258,7420,0.2,0.0003,0.45478515625,-0.012315649236552418,14.100077867507935,2052.629150390625,1000.0
440,1486,3043328,6903,0.11156190931797028,0.6802383661270142,103.56814460754394,0.033625863,50.36858367919922,7425,0.2,0.0003,0.446484375,0.01956272211391479,14.109154319763183,2052.629150390625,1000.0
440,1487,3045376,6907,0.11157456040382385,0.7756945490837097,92.62200660705567,0.017896991,41.906288146972656,7430,0.2,0.0003,0.1876953125,-0.005657585803419352,14.107652711868287,2052.629150390625,1000.0
440,1488,3047424,6911,0.11158650368452072,0.8137962222099304,91.01928634643555,0.018075636,45.32508850097656,7435,0.2,0.0003,0.1466796875,-0.010735580581240356,14.105852222442627,2052.629150390625,1000.0
440,1489,3049472,6917,0.11161858588457108,0.8364062309265137,89.31300621032715,0.022471365,39.53471755981445,7440,0.2,0.0003,0.1591796875,-0.012718911678530277,14.103083658218384,2029.7470703125,1000.0
440,1490,3051520,6921,0.1116422563791275,0.846293032169342,64.96232032775879,0.014450189,31.349870681762695,7445,0.2,0.0003,0.13955078125,-0.00735365659929812,14.09709815979004,2029.7470703125,1000.0
440,1491,3053568,6925,0.11162658780813217,0.8638561964035034,46.68993644714355,0.019654948,21.259206771850586,7450,0.2,0.0003,0.21142578125,-0.016085899772588164,14.097385454177857,2029.7470703125,1000.0
440,1492,3055616,6929,0.11163030564785004,0.8960159420967102,36.67468414306641,0.02552895,16.839263916015625,7455,0.2,0.0003,0.2294921875,-0.0117624037200585,14.098995208740234,2029.7470703125,1000.0
440,1493,3057664,6934,0.11162596195936203,0.9012017250061035,41.63837604522705,0.01967584,20.11942481994629,7460,0.2,0.0003,0.2154296875,-0.011498500662855803,14.09851632118225,2023.6075439453125,1000.0
440,1494,3059712,6939,0.11164756864309311,0.9367386698722839,49.632744026184085,0.01931082,22.74151039123535,7465,0.2,0.0003,0.24208984375,-0.020474693877622484,14.098004961013794,2023.6075439453125,1000.0
440,1495,3061760,6943,0.11168524622917175,0.9565327167510986,40.14137153625488,0.01946051,19.189823150634766,7470,0.2,0.0003,0.2181640625,-0.018446634965948762,14.093218803405762,2023.6075439453125,1000.0
440,1496,3063808,6949,0.11166843771934509,0.9550475478172302,42.38486175537109,0.027170703,18.777339935302734,7475,0.2,0.0003,0.287109375,-0.017865481693297623,14.090187406539917,2023.6075439453125,1000.0
440,1497,3065856,6954,0.11165842413902283,0.9552736282348633,44.51117286682129,0.022575589,22.394786834716797,7480,0.2,0.0003,0.273828125,-0.01852888138964772,14.093670749664307,2033.65673828125,1000.0
440,1498,3067904,6959,0.11163507401943207,0.9604686498641968,27.337012100219727,0.021611163,12.820443153381348,7485,0.2,0.0003,0.28935546875,-0.006023114488925785,14.096718072891235,2033.65673828125,1000.0
440,1499,3069952,6963,0.11162629723548889,0.9595380425453186,24.412339305877687,0.019681176,11.583474159240723,7490,0.2,0.0003,0.200390625,-0.012296386761590838,14.098930931091308,2033.65673828125,1000.0
440,1500,3072000,6968,0.1116345077753067,0.9659450054168701,18.61161937713623,0.016423102,9.04183292388916,7495,0.2,0.0003,0.1955078125,-0.015070320293307304,14.099135065078736,2043.4437255859375,1000.0
440,1501,3074048,6972,0.1116604432463646,0.9490557909011841,27.348585414886475,0.018287905,11.521127700805664,7500,0.2,0.0003,0.20947265625,-0.012430682382546365,14.097222900390625,2043.4437255859375,1000.0
440,1502,3076096,6977,0.11165687441825867,0.8808960914611816,68.81183261871338,0.019219741,28.270732879638672,7505,0.2,0.0003,0.22548828125,-0.013907387189101427,14.095139598846435,2043.4437255859375,1000.0
440,1503,3078144,6981,0.11165250837802887,0.8549844026565552,64.8374080657959,0.019763345,26.231201171875,7510,0.2,0.0003,0.227734375,-0.016524745943024756,14.097073316574097,2043.4437255859375,1000.0
440,1504,3080192,6986,0.1116044819355011,0.7728935480117798,82.43274326324463,0.018218491,32.035152435302734,7515,0.2,0.0003,0.187109375,-0.01643860191106796,14.099515247344971,2015.46826171875,1000.0
440,1505,3082240,6991,0.11163178831338882,0.7733423113822937,57.27190933227539,0.026878666,21.504362106323242,7520,0.2,0.0003,0.24775390625,-0.01777085745707154,14.103807640075683,2015.46826171875,1000.0
440,1506,3084288,6995,0.11162944883108139,0.9229185581207275,22.27430477142334,0.019292986,9.193492889404297,7525,0.2,0.0003,0.2267578125,-0.008558234549127519,14.099278450012207,2015.46826171875,1000.0
440,1507,3086336,6999,0.11158020049333572,0.9416388273239136,15.85579719543457,0.022351366,5.2531585693359375,7530,0.2,0.0003,0.22470703125,-0.00830281435046345,14.104760360717773,2015.46826171875,1000.0
440,1508,3088384,7004,0.11156746000051498,0.9458935856819153,10.742775917053223,0.021442594,4.154269218444824,7535,0.2,0.0003,0.2310546875,-0.011698728520423174,14.111125326156616,2036.0062255859375,1000.0
440,1509,3090432,7009,0.11151573061943054,0.8376277685165405,31.547676277160644,0.03838992,14.963297843933105,7540,0.2,0.0003,0.3318359375,-0.017432566510979085,14.115766620635986,2036.0062255859375,1000.0
440,1510,3092480,7014,0.11140190064907074,0.9204146862030029,17.706696701049804,0.035029523,8.104486465454102,7545,0.2,0.0003,0.33427734375,-0.015745337517000735,14.13030276298523,2036.0062255859375,1000.0
440,1511,3094528,7018,0.11128880083560944,0.9274668097496033,15.965116214752197,0.055413105,8.187665939331055,7550,0.2,0.0003,0.40625,-0.009165111440233886,14.151610851287842,2036.0062255859375,1000.0
440,1512,3096576,7025,0.11120147258043289,0.9496143460273743,11.513183784484863,0.055193678,5.996314525604248,7555,0.2,0.0003,0.378515625,-0.007901226333342493,14.165596151351929,2041.505615234375,1000.0
440,1513,3098624,7029,0.11122797429561615,0.9040002226829529,25.21433048248291,0.03901691,12.114018440246582,7560,0.2,0.0003,0.40693359375,-0.01115922660101205,14.173530578613281,2041.505615234375,1000.0
440,1514,3100672,7033,0.11119946092367172,0.9495539665222168,18.91360001564026,0.032943394,7.170694828033447,7565,0.2,0.0003,0.310546875,-0.012644275650382042,14.170632219314575,2041.505615234375,1000.0
440,1515,3102720,7037,0.11116048693656921,0.9652633666992188,13.729248142242431,0.039496724,5.931934356689453,7570,0.2,0.0003,0.331640625,-0.003094416204839945,14.178845977783203,2041.505615234375,1000.0
440,1516,3104768,7043,0.1111847534775734,0.9675454497337341,12.818102931976318,0.033109162,5.055172443389893,7575,0.2,0.0003,0.40537109375,-0.004126714449375868,14.181152725219727,2040.5894775390625,1000.0
440,1517,3106816,7047,0.11117014288902283,0.9287432432174683,25.194330978393555,0.04628835,11.709368705749512,7580,0.2,0.0003,0.42529296875,-0.007328918436542153,14.181390619277954,2040.5894775390625,1000.0
440,1518,3108864,7051,0.11115679144859314,0.9192274212837219,26.403929233551025,0.041845463,14.18721866607666,7585,0.2,0.0003,0.375,-0.005596530414186418,14.185642051696778,2040.5894775390625,1000.0
440,1519,3110912,7056,0.11124764382839203,0.9458784461021423,18.843954467773436,0.056183126,9.376289367675781,7590,0.2,0.0003,0.42392578125,-0.006315084686502814,14.181118631362915,2040.5894775390625,1000.0
440,1520,3112960,7062,0.11128892004489899,0.9576706886291504,16.40736327171326,0.043949515,7.043556213378906,7595,0.2,0.0003,0.3873046875,-0.009855557838454843,14.169779109954835,2045.46826171875,1000.0
440,1521,3115008,7066,0.11124847829341888,0.9588136672973633,21.207047080993654,0.04390166,9.378173828125,7600,0.2,0.0003,0.40498046875,-0.004189602751284838,14.1739098072052,2045.46826171875,1000.0
440,1522,3117056,7070,0.11116259545087814,0.9247829914093018,31.665908336639404,0.027501563,13.696117401123047,7605,0.2,0.0003,0.29072265625,-0.01021480611525476,14.182921886444092,2045.46826171875,1000.0
440,1523,3119104,7074,0.11109916865825653,0.9294048547744751,30.434038734436037,0.025948416,15.833916664123535,7610,0.2,0.0003,0.2875,-0.01681479748804122,14.197951078414917,2045.46826171875,1000.0
440,1524,3121152,7080,0.11111215502023697,0.8982930183410645,38.12429838180542,0.026876504,19.39422607421875,7615,0.2,0.0003,0.321484375,-0.015247558383271098,14.203409147262573,2047.98779296875,1000.0
440,1525,3123200,7085,0.11114844679832458,0.940422534942627,22.57045202255249,0.048109252,11.207533836364746,7620,0.2,0.0003,0.3712890625,-0.014074406796135008,14.199512052536011,2047.98779296875,1000.0
440,1526,3125248,7089,0.1111629530787468,0.9537733197212219,18.138613605499266,0.03870602,8.61757755279541,7625,0.2,0.0003,0.340234375,-0.007810334651730954,14.19608669281006,2047.98779296875,1000.0
440,1527,3127296,7093,0.11111316084861755,0.968358039855957,12.473394012451172,0.038714223,5.649091720581055,7630,0.2,0.0003,0.375390625,-0.006343858782202005,14.197939586639404,2047.98779296875,1000.0
440,1528,3129344,7098,0.11109771579504013,0.9678347706794739,13.839404010772705,0.041098002,6.269834041595459,7635,0.2,0.0003,0.3734375,-0.0017698480980470777,14.205498838424683,2061.72998046875,1000.0
440,1529,3131392,7102,0.11109025031328201,0.9372236132621765,18.224418449401856,0.045457624,9.39870548248291,7640,0.2,0.0003,0.39443359375,-0.012337627913802862,14.205264949798584,2061.72998046875,1000.0
440,1530,3133440,7106,0.11109653115272522,0.9435994625091553,10.25985836982727,0.03141067,4.650407314300537,7645,0.2,0.0003,0.312109375,-0.011714126588776708,14.207103300094605,2061.72998046875,1000.0
440,1531,3135488,7111,0.11109557002782822,0.915350079536438,13.282244682312012,0.06317307,6.0251336097717285,7650,0.2,0.0003,0.356640625,0.007824859977699817,14.206942415237426,2061.72998046875,1000.0
440,1532,3137536,7116,0.1111440658569336,0.8940044045448303,16.06144185066223,0.037201766,8.202033996582031,7655,0.2,0.0003,0.46484375,-0.002199391135945916,14.20248007774353,2066.492431640625,1000.0
440,1533,3139584,7120,0.11108294874429703,0.850464403629303,29.70838451385498,0.030646723,16.215665817260742,7660,0.2,0.0003,0.2998046875,-0.013900165702216328,14.201048660278321,2066.492431640625,1000.0
440,1534,3141632,7124,0.11100821942090988,0.8950586915016174,22.11797857284546,0.04362151,11.608630180358887,7665,0.2,0.0003,0.35458984375,-0.009818112873472274,14.216763591766357,2066.492431640625,1000.0
440,1535,3143680,7128,0.11108788847923279,0.8974938988685608,21.941350555419923,0.046648856,10.722976684570312,7670,0.2,0.0003,0.40634765625,-0.015568657568655908,14.219404220581055,2066.492431640625,1000.0
440,1536,3145728,7133,0.11110137403011322,0.9583075046539307,9.195273208618165,0.054351054,4.677247524261475,7675,0.2,0.0003,0.4306640625,-0.007992649730294944,14.206966066360474,2062.83203125,1000.0
440,1537,3147776,7138,0.11103744059801102,0.941673755645752,14.601394653320312,0.047128458,6.392581462860107,7680,0.2,0.0003,0.39873046875,-0.009306839504279196,14.21650824546814,2062.83203125,1000.0
441,1538,3149824,7142,0.11089491099119186,0.9757304191589355,6.249308252334595,0.040983837,2.9419867992401123,7685,0.2,0.0003,0.356640625,-0.0005820033373311162,14.228153419494628,2062.83203125,1000.0
441,1539,3151872,7146,0.11082788556814194,0.9663540124893188,7.776371479034424,0.047755778,3.796725034713745,7690,0.2,0.0003,0.4328125,0.004589177784509957,14.251456594467163,2062.83203125,1000.0
440,1540,3153920,7151,0.11090175807476044,0.9595282077789307,9.866872787475586,0.076544344,4.975509166717529,7695,0.2,0.0003,0.454296875,0.00028295726515352725,14.25071964263916,2106.407958984375,1000.0
441,1541,3155968,7155,0.1109454408288002,0.6873390674591064,82.57723808288574,0.04276332,35.07895278930664,7700,0.2,0.0003,0.44140625,0.005950176017358899,14.240114688873291,2106.407958984375,1000.0
441,1542,3158016,7159,0.11095477640628815,0.7406811118125916,71.49089031219482,0.034379005,34.215972900390625,7705,0.2,0.0003,0.3638671875,-0.008340051351115107,14.2359778881073,2106.407958984375,1000.0
441,1543,3160064,7165,0.1109519675374031,0.7898017168045044,57.553450202941896,0.028964205,25.674646377563477,7710,0.2,0.0003,0.30673828125,-0.011198123171925544,14.236344623565675,2103.89599609375,1000.0
441,1544,3162112,7169,0.11091876029968262,0.8048984408378601,73.0223014831543,0.020449013,39.02961730957031,7715,0.2,0.0003,0.22236328125,-0.015473539242520928,14.23797402381897,2103.89599609375,1000.0
441,1545,3164160,7173,0.11088842898607254,0.9118166565895081,55.09280891418457,0.026528312,24.1848087310791,7720,0.2,0.0003,0.26083984375,-0.014570799143984913,14.245052051544189,2103.89599609375,1000.0
441,1546,3166208,7177,0.11091145873069763,0.9189131855964661,45.19919490814209,0.022173086,21.60403823852539,7725,0.2,0.0003,0.24501953125,-0.014719894959125669,14.245941925048829,2103.89599609375,1000.0
441,1547,3168256,7183,0.11090613901615143,0.928860068321228,41.84554443359375,0.030360375,21.306224822998047,7730,0.2,0.0003,0.3224609375,-0.011572318454273044,14.24227147102356,2079.41650390625,1000.0
441,1548,3170304,7187,0.11088641732931137,0.8890553712844849,66.02198009490967,0.016911872,29.221181869506836,7735,0.2,0.0003,0.21796875,-0.014400677767116576,14.24485387802124,2079.41650390625,1000.0
441,1549,3172352,7191,0.11087951064109802,0.838242769241333,109.04124488830567,0.021598253,53.791404724121094,7740,0.2,0.0003,0.234375,-0.01604146643076092,14.247641944885254,2079.41650390625,1000.0
441,1550,3174400,7195,0.11086708307266235,0.8617819547653198,96.37174491882324,0.017469035,49.29628372192383,7745,0.2,0.0003,0.177734375,-0.015020598564296961,14.249013566970826,2079.41650390625,1000.0
441,1551,3176448,7200,0.11086384207010269,0.8868905901908875,82.14407768249512,0.021370783,39.23617172241211,7750,0.2,0.0003,0.25048828125,-0.01742414857726544,14.25118703842163,2070.695068359375,1000.0
441,1552,3178496,7204,0.11085842549800873,0.841941237449646,119.30924568176269,0.0162156,56.833038330078125,7755,0.2,0.0003,0.192578125,-0.013095923676155507,14.251467323303222,2070.695068359375,1000.0
441,1553,3180544,7209,0.11083399504423141,0.911038339138031,32.807077980041505,0.021094088,15.386648178100586,7760,0.2,0.0003,0.177734375,-0.014315448689740152,14.253723335266113,2070.695068359375,1000.0
441,1554,3182592,7214,0.110844187438488,0.8782886266708374,38.30894527435303,0.020608714,16.541040420532227,7765,0.2,0.0003,0.220703125,-0.01563410428352654,14.256844806671143,2070.695068359375,1000.0
441,1555,3184640,7220,0.11083647608757019,0.869865357875824,38.93657665252685,0.02312836,20.290746688842773,7770,0.2,0.0003,0.26767578125,-0.017927999008679762,14.254159784317016,2068.420654296875,1000.0
441,1556,3186688,7224,0.11078581213951111,0.845486581325531,36.06984462738037,0.025256366,17.548114776611328,7775,0.2,0.0003,0.28291015625,-0.012181784957647324,14.259752416610718,2068.420654296875,1000.0
441,1557,3188736,7228,0.11075616627931595,0.949506402015686,16.5736204624176,0.028262496,7.161673069000244,7780,0.2,0.0003,0.29443359375,-0.013467664597555995,14.269250679016114,2068.420654296875,1000.0
441,1558,3190784,7232,0.1107960194349289,0.9500083923339844,15.997190046310426,0.024569282,6.580511093139648,7785,0.2,0.0003,0.284765625,-0.01337620688136667,14.269100999832153,2068.420654296875,1000.0
441,1559,3192832,7238,0.1108134314417839,0.9447683095932007,17.831638622283936,0.033084475,7.944814205169678,7790,0.2,0.0003,0.3849609375,0.00546673375647515,14.260236406326294,2070.07958984375,1000.0
441,1560,3194880,7242,0.11076940596103668,0.9472381472587585,15.508011198043823,0.032773837,8.328817367553711,7795,0.2,0.0003,0.33232421875,-0.011363135045394301,14.265248250961303,2070.07958984375,1000.0
441,1561,3196928,7246,0.11068768054246902,0.9457268714904785,14.138220357894898,0.062447857,7.0287981033325195,7800,0.2,0.0003,0.3791015625,-0.0031084011774510146,14.275829172134399,2070.07958984375,1000.0
441,1562,3198976,7250,0.11064419150352478,0.9612510204315186,9.921256017684936,0.037465148,4.72918701171875,7805,0.2,0.0003,0.36171875,-0.007955104834400118,14.287593746185303,2070.07958984375,1000.0
441,1563,3201024,7255,0.11057785153388977,0.9675723910331726,8.678107380867004,0.036619466,4.431845664978027,7810,0.2,0.0003,0.37626953125,-0.0073833869537338614,14.295809125900268,2064.983642578125,1000.0
441,1564,3203072,7259,0.11058081686496735,0.7071579694747925,76.48120784759521,0.025016237,34.9061164855957,7815,0.2,0.0003,0.34638671875,-0.009396083909086883,14.303457546234132,2064.983642578125,1000.0
441,1565,3205120,7264,0.11056727170944214,0.699059247970581,76.30358390808105,0.028182436,37.577423095703125,7820,0.2,0.0003,0.28076171875,-0.0135797964874655,14.302069997787475,2064.983642578125,1000.0
441,1566,3207168,7268,0.11057669669389725,0.5887700319290161,81.12001037597656,0.028269326,37.895748138427734,7825,0.2,0.0003,0.29697265625,-0.016513842763379215,14.30404167175293,2064.983642578125,1000.0
441,1567,3209216,7273,0.11056269705295563,0.5450750589370728,79.48007011413574,0.02950423,37.39690017700195,7830,0.2,0.0003,0.283203125,-0.010392519272863865,14.303194904327393,2042.72607421875,1000.0
441,1568,3211264,7277,0.11057747900485992,0.643293023109436,55.832406997680664,0.047357902,26.335487365722656,7835,0.2,0.0003,0.38564453125,-0.01337715603876859,14.308123636245728,2042.72607421875,1000.0
441,1569,3213312,7282,0.11062069982290268,0.8133410215377808,28.294713306427003,0.058251802,12.52880573272705,7840,0.2,0.0003,0.41796875,-0.007846484333276749,14.30320086479187,2042.72607421875,1000.0
441,1570,3215360,7286,0.11068855971097946,0.843789279460907,28.445810794830322,0.062673934,13.354795455932617,7845,0.2,0.0003,0.45634765625,0.0017427267273887991,14.292536735534668,2042.72607421875,1000.0
441,1571,3217408,7291,0.11066365242004395,0.8900125026702881,21.812161350250243,0.06679949,11.446011543273926,7850,0.2,0.0003,0.4349609375,-0.0072557002305984495,14.285316801071167,2040.39306640625,1000.0
441,1572,3219456,7295,0.11067270487546921,0.7215760946273804,54.97826251983643,0.035996005,31.03338050842285,7855,0.2,0.0003,0.410546875,-0.0049885153537616135,14.289675045013428,2040.39306640625,1000.0
441,1573,3221504,7300,0.1106797605752945,0.6368621587753296,72.28851833343506,0.028798051,36.470523834228516,7860,0.2,0.0003,0.3421875,-0.016164526529610156,14.285491514205933,2040.39306640625,1000.0
441,1574,3223552,7304,0.11069517582654953,0.69857257604599,49.88309803009033,0.052846927,24.96289825439453,7865,0.2,0.0003,0.3986328125,-0.015750231803394854,14.284112548828125,2040.39306640625,1000.0
441,1575,3225600,7309,0.11072605103254318,0.7332364916801453,45.966874313354495,0.028713943,23.762039184570312,7870,0.2,0.0003,0.31767578125,-0.011507750186137856,14.27938871383667,2023.209228515625,1000.0
441,1576,3227648,7314,0.11074617505073547,0.8372108936309814,31.584250259399415,0.029187983,15.475751876831055,7875,0.2,0.0003,0.3044921875,-0.01413116194307804,14.274182844161988,2023.209228515625,1000.0
441,1577,3229696,7318,0.1107167899608612,0.9091868996620178,19.055570888519288,0.028516058,8.794739723205566,7880,0.2,0.0003,0.2794921875,-0.007791363052092493,14.274495840072632,2023.209228515625,1000.0
441,1578,3231744,7323,0.11072688549757004,0.9071247577667236,17.05253324508667,0.028426902,8.657913208007812,7885,0.2,0.0003,0.31845703125,-0.011437962227500976,14.278613758087157,2023.209228515625,1000.0
441,1579,3233792,7329,0.11069954931735992,0.9115409255027771,16.315153789520263,0.027363423,7.5086541175842285,7890,0.2,0.0003,0.321875,-0.012203923310153186,14.277952098846436,2019.0958251953125,1000.0
441,1580,3235840,7334,0.1106799989938736,0.736575186252594,56.084222602844235,0.026022341,23.068336486816406,7895,0.2,0.0003,0.3478515625,-0.008851996436715127,14.283054494857788,2019.0958251953125,1000.0
441,1581,3237888,7338,0.110634446144104,0.846642017364502,30.700538539886473,0.038971584,14.726583480834961,7900,0.2,0.0003,0.37568359375,-0.004476727545261383,14.288045597076415,2019.0958251953125,1000.0
441,1582,3239936,7342,0.11061418801546097,0.8395893573760986,32.938537406921384,0.036018785,17.68059730529785,7905,0.2,0.0003,0.3341796875,-0.015966089349240063,14.294935464859009,2019.0958251953125,1000.0
441,1583,3241984,7348,0.11058833450078964,0.827970027923584,33.347132396698,0.051126212,17.76961898803711,7910,0.2,0.0003,0.39248046875,-0.0044362623244524006,14.295592975616454,1990.5433349609375,1000.0
441,1584,3244032,7352,0.11054403334856033,0.4832559823989868,101.02926101684571,0.03778799,49.279151916503906,7915,0.2,0.0003,0.37880859375,-0.004553320491686464,14.300445365905762,1990.5433349609375,1000.0
441,1585,3246080,7357,0.11049339175224304,0.624374270439148,61.671204566955566,0.046697795,28.025676727294922,7920,0.2,0.0003,0.3876953125,-0.011800577095709742,14.308184814453124,1990.5433349609375,1000.0
441,1586,3248128,7362,0.1104133203625679,0.6687929630279541,63.60989494323731,0.03183494,30.18315887451172,7925,0.2,0.0003,0.351171875,-0.014142585918307304,14.319258737564088,1976.0216064453125,1000.0
441,1587,3250176,7367,0.11040649563074112,0.6045979261398315,70.4546012878418,0.04290393,32.68569564819336,7930,0.2,0.0003,0.36630859375,-0.014039177354425192,14.3266610622406,1976.0216064453125,1000.0
441,1588,3252224,7371,0.11036285012960434,0.7955241203308105,31.744559288024902,0.030625746,11.423164367675781,7935,0.2,0.0003,0.3193359375,-0.00636885087005794,14.327500820159912,1976.0216064453125,1000.0
441,1589,3254272,7375,0.11030476540327072,0.8019235134124756,26.60819091796875,0.034978744,11.50776195526123,7940,0.2,0.0003,0.3537109375,-0.0017987128114327789,14.338087797164917,1976.0216064453125,1000.0
441,1590,3256320,7381,0.11030735075473785,0.8001365065574646,29.359597587585448,0.036493804,12.653783798217773,7945,0.2,0.0003,0.32880859375,-0.0014400286483578384,14.344585752487182,1987.3695068359375,1000.0
441,1591,3258368,7385,0.11029329895973206,0.7512117028236389,28.949592876434327,0.037352476,12.864720344543457,7950,0.2,0.0003,0.3779296875,-0.004867078957613557,14.342989110946656,1987.3695068359375,1000.0
441,1592,3260416,7390,0.11016552895307541,0.5450126528739929,17.03897681236267,0.09646593,8.076620101928711,7955,0.2,0.0003,0.48173828125,0.0023992838570848106,14.355535078048707,1987.3695068359375,1000.0
441,1593,3262464,7394,0.11019846796989441,0.41791343688964844,12.427442979812621,0.08974486,6.010697841644287,7960,0.2,0.0003,0.5130859375,0.0067983204266056415,14.36636266708374,1987.3695068359375,1000.0
441,1594,3264512,7399,0.11025463789701462,0.4414418339729309,16.403900480270387,0.12997404,7.816336154937744,7965,0.2,0.0003,0.5787109375,0.013174679584335536,14.354881954193115,1997.48876953125,1000.0
441,1595,3266560,7403,0.11010655760765076,0.7129631042480469,16.256371355056764,0.076538876,7.856113433837891,7970,0.2,0.0003,0.50732421875,-0.002933367993682623,14.367232847213746,1997.48876953125,1000.0
441,1596,3268608,7408,0.11004479229450226,0.9232291579246521,10.77687611579895,0.050834488,3.9935684204101562,7975,0.2,0.0003,0.43056640625,0.0032713596359826625,14.388788557052612,1997.48876953125,1000.0
441,1597,3270656,7412,0.1100638285279274,0.8869889378547668,15.648397636413574,0.05847727,5.918130397796631,7980,0.2,0.0003,0.40185546875,-0.014905889646615832,14.392815017700196,1997.48876953125,1000.0
441,1598,3272704,7418,0.11007863283157349,0.928034782409668,14.455698108673095,0.034256343,5.86961555480957,7985,0.2,0.0003,0.3673828125,0.0016454362543299795,14.389613485336303,2041.149169921875,1000.0
441,1599,3274752,7422,0.11007562279701233,0.8667739629745483,19.023618459701538,0.051405434,9.440356254577637,7990,0.2,0.0003,0.438671875,-0.0071464140433818105,14.38869481086731,2041.149169921875,1000.0
441,1600,3276800,7426,0.1100076362490654,0.8538997173309326,18.029608631134032,0.04862965,8.313406944274902,7995,0.2,0.0003,0.39462890625,-0.0018164480570703745,14.395056867599488,2041.149169921875,1000.0
441,1601,3278848,7431,0.10994355380535126,0.8519265055656433,22.0409854888916,0.036654044,10.78859806060791,8000,0.2,0.0003,0.36328125,-0.003386774705722928,14.40842432975769,2041.149169921875,1000.0
441,1602,3280896,7436,0.10992017388343811,0.8721045255661011,20.874193382263183,0.017681736,8.931367874145508,8005,0.2,0.0003,0.23681640625,-0.01220731029752642,14.416088962554932,2045.264404296875,1000.0
441,1603,3282944,7440,0.10991782695055008,0.8659653067588806,21.800060558319093,0.034887996,10.985628128051758,8010,0.2,0.0003,0.32294921875,-0.00822816058062017,14.420372009277344,2045.264404296875,1000.0
441,1604,3284992,7445,0.10990342497825623,0.9085515737533569,14.43457088470459,0.029691016,6.0133490562438965,8015,0.2,0.0003,0.305078125,-0.010216368944384158,14.42286524772644,2045.264404296875,1000.0
441,1605,3287040,7449,0.10986904054880142,0.918569803237915,14.630861139297485,0.023177454,6.661118507385254,8020,0.2,0.0003,0.286328125,-0.01098181593697518,14.427037572860717,2045.264404296875,1000.0
441,1606,3289088,7455,0.10985979437828064,0.9009498357772827,22.89105577468872,0.024282979,9.9935941696167,8025,0.2,0.0003,0.284765625,-0.010136466170661152,14.432492303848267,2041.2425537109375,1000.0
441,1607,3291136,7459,0.1098463237285614,0.8731561899185181,23.52678394317627,0.031506523,11.370565414428711,8030,0.2,0.0003,0.348828125,-0.023023472120985388,14.434183073043823,2041.2425537109375,1000.0
441,1608,3293184,7463,0.10977744311094284,0.21723324060440063,48.3013219833374,0.03412468,20.683860778808594,8035,0.2,0.0003,0.31640625,-0.012167530111037194,14.440475559234619,2041.2425537109375,1000.0
441,1609,3295232,7468,0.10977949947118759,0.1976231336593628,45.22672939300537,0.027494043,21.540197372436523,8040,0.2,0.0003,0.31845703125,-0.008879810967482627,14.448506116867065,2041.2425537109375,1000.0
441,1610,3297280,7473,0.1097751185297966,0.08234989643096924,38.88777027130127,0.034808822,17.931310653686523,8045,0.2,0.0003,0.33291015625,-0.014630282064899802,14.446942806243896,2032.5615234375,1000.0
441,1611,3299328,7477,0.1098126471042633,0.6654754877090454,28.153362464904784,0.05054387,13.32481575012207,8050,0.2,0.0003,0.43759765625,0.001595367002300918,14.448059225082398,2032.5615234375,1000.0
441,1612,3301376,7482,0.10975459963083267,0.6918303966522217,31.308386611938477,0.061204843,14.919180870056152,8055,0.2,0.0003,0.428515625,-0.011878531170077622,14.450549268722535,2032.5615234375,1000.0
441,1613,3303424,7487,0.10979444533586502,0.6515663266181946,36.0154333114624,0.045172825,18.188730239868164,8060,0.2,0.0003,0.38193359375,-0.012688284122850746,14.45655436515808,2032.5615234375,1000.0
441,1614,3305472,7492,0.1098308265209198,0.6030073761940002,46.50844020843506,0.058822803,24.61281394958496,8065,0.2,0.0003,0.436328125,-0.01258414108888246,14.44924292564392,2044.0938720703125,1000.0
441,1615,3307520,7497,0.10982789844274521,0.6593036651611328,35.57664413452149,0.039357953,17.63234519958496,8070,0.2,0.0003,0.40419921875,-0.009141532180365175,14.45010404586792,2044.0938720703125,1000.0
441,1616,3309568,7501,0.10981614887714386,0.7624980211257935,22.455907821655273,0.03886636,10.150833129882812,8075,0.2,0.0003,0.3236328125,-0.011733887379523366,14.452608108520508,2044.0938720703125,1000.0
441,1617,3311616,7506,0.10979637503623962,0.8082678318023682,21.30738983154297,0.04181373,9.000231742858887,8080,0.2,0.0003,0.38828125,-0.008511502773035317,14.455261993408204,2044.0938720703125,1000.0
441,1618,3313664,7511,0.10969971120357513,0.8299241065979004,19.86649646759033,0.043049753,8.829760551452637,8085,0.2,0.0003,0.37119140625,-0.010930699331220239,14.463864994049072,2059.29931640625,1000.0
441,1619,3315712,7516,0.10964884608983994,0.8904752135276794,22.500159072875977,0.02723954,11.109725952148438,8090,0.2,0.0003,0.358984375,0.0004467461491003633,14.479673528671265,2059.29931640625,1000.0
441,1620,3317760,7520,0.10963688790798187,0.937706470489502,15.787772083282471,0.02784609,7.494991302490234,8095,0.2,0.0003,0.3501953125,-0.010746999597176909,14.483627557754517,2059.29931640625,1000.0
441,1621,3319808,7525,0.10958806425333023,0.91240394115448,25.08206253051758,0.026977293,10.553947448730469,8100,0.2,0.0003,0.32255859375,-0.013179189199581743,14.489304161071777,2059.29931640625,1000.0
441,1622,3321856,7530,0.10958386212587357,0.935718297958374,20.65167303085327,0.02296513,8.227885246276855,8105,0.2,0.0003,0.2806640625,-0.01859532268717885,14.4956139087677,2075.359130859375,1000.0
441,1623,3323904,7534,0.1095774695277214,0.7347180843353271,83.00169296264649,0.023013294,41.114898681640625,8110,0.2,0.0003,0.23642578125,-0.010354208829812705,14.496002197265625,2075.359130859375,1000.0
441,1624,3325952,7538,0.10957024246454239,0.7876116037368774,69.12398586273193,0.022141974,35.113182067871094,8115,0.2,0.0003,0.15302734375,-0.01255396157503128,14.497676420211793,2075.359130859375,1000.0
441,1625,3328000,7544,0.10956636816263199,0.7986786365509033,66.06349201202393,0.022293843,31.065671920776367,8120,0.2,0.0003,0.1595703125,-0.013832139782607555,14.498661088943482,2052.922119140625,1000.0
441,1626,3330048,7548,0.10954470187425613,0.8137092590332031,67.18669834136963,0.02398516,34.34184646606445,8125,0.2,0.0003,0.1904296875,-0.011654764832928776,14.50058913230896,2052.922119140625,1000.0
441,1627,3332096,7552,0.10947123914957047,0.9240216612815857,17.843138217926025,0.030212814,8.959609031677246,8130,0.2,0.0003,0.24794921875,-0.014731964864768087,14.507988214492798,2052.922119140625,1000.0
441,1628,3334144,7557,0.10937852412462234,0.9198633432388306,21.159957122802734,0.026312169,9.862064361572266,8135,0.2,0.0003,0.29189453125,-0.010605432325974107,14.52413306236267,2052.922119140625,1000.0
441,1629,3336192,7562,0.10933366417884827,0.919005811214447,22.115849685668945,0.019461703,11.127827644348145,8140,0.2,0.0003,0.259765625,-0.013360203430056571,14.53665657043457,2061.5732421875,1000.0
441,1630,3338240,7566,0.10924676805734634,0.9224572777748108,19.7726131439209,0.027462676,9.948467254638672,8145,0.2,0.0003,0.246484375,-0.018247116985730828,14.543894577026368,2061.5732421875,1000.0
441,1631,3340288,7570,0.10919595509767532,0.860460102558136,58.74552822113037,0.018372104,24.40218734741211,8150,0.2,0.0003,0.220703125,-0.01588777811266482,14.558647012710571,2061.5732421875,1000.0
441,1632,3342336,7575,0.1091337502002716,0.874547004699707,54.93786735534668,0.019952344,23.53456687927246,8155,0.2,0.0003,0.2236328125,-0.018438180210068822,14.565425157546997,2061.5732421875,1000.0
441,1633,3344384,7580,0.10910395532846451,0.9126437902450562,48.01110553741455,0.016954862,20.98914337158203,8160,0.2,0.0003,0.26494140625,-0.016098184674046934,14.575088262557983,2086.201904296875,1000.0
441,1634,3346432,7584,0.10909940302371979,0.9136701226234436,58.720617866516115,0.01658751,27.426301956176758,8165,0.2,0.0003,0.20849609375,-0.016113516024779527,14.576287651062012,2086.201904296875,1000.0
441,1635,3348480,7589,0.10907752811908722,0.7773957252502441,46.6561222076416,0.013876231,17.601558685302734,8170,0.2,0.0003,0.1919921875,-0.020448761899024247,14.579216527938843,2086.201904296875,1000.0
441,1636,3350528,7593,0.10904078930616379,0.7481286525726318,37.933594417572024,0.021014586,15.114794731140137,8175,0.2,0.0003,0.25263671875,-0.01702644876204431,14.583329391479491,2086.201904296875,1000.0
441,1637,3352576,7599,0.10901758074760437,0.6279743909835815,41.89033918380737,0.021060644,15.923285484313965,8180,0.2,0.0003,0.23759765625,-0.010545986564829945,14.589025640487671,2058.580078125,1000.0
441,1638,3354624,7603,0.10895608365535736,0.6771280765533447,45.013000869750975,0.01792757,20.543928146362305,8185,0.2,0.0003,0.23359375,-0.016423157951794564,14.594790935516357,2058.580078125,1000.0
441,1639,3356672,7607,0.10888618230819702,0.8641075491905212,42.572380447387694,0.024587778,18.38092041015625,8190,0.2,0.0003,0.2158203125,-0.015032753185369074,14.606755113601684,2058.580078125,1000.0
441,1640,3358720,7612,0.10886255651712418,0.860214352607727,45.312754249572755,0.022981374,24.089448928833008,8195,0.2,0.0003,0.26455078125,-0.01977051196154207,14.613735914230347,2058.580078125,1000.0
441,1641,3360768,7617,0.10876394808292389,0.8836910724639893,48.49397239685059,0.033264108,24.042455673217773,8200,0.2,0.0003,0.2998046875,-0.016232420573942363,14.621602487564086,2047.87548828125,1000.0
441,1642,3362816,7622,0.10870641469955444,0.8755415678024292,55.534638023376466,0.026293747,27.548994064331055,8205,0.2,0.0003,0.330859375,-0.01937673647189513,14.637001180648804,2047.87548828125,1000.0
441,1643,3364864,7626,0.10868702083826065,0.8794580101966858,48.01894359588623,0.02699645,20.697755813598633,8210,0.2,0.0003,0.2794921875,-0.016138011193834245,14.644247913360596,2047.87548828125,1000.0
441,1644,3366912,7630,0.10863474011421204,0.8401933312416077,52.38217258453369,0.034587312,25.45615577697754,8215,0.2,0.0003,0.32958984375,-0.018857969762757422,14.648749399185181,2047.87548828125,1000.0
441,1645,3368960,7636,0.10858197510242462,0.8189886808395386,51.07141799926758,0.03812597,23.822999954223633,8220,0.2,0.0003,0.38076171875,-0.018741184612736106,14.659208631515503,2026.4139404296875,1000.0
441,1646,3371008,7640,0.10858103632926941,0.8152906894683838,39.78585586547852,0.034141164,18.898759841918945,8225,0.2,0.0003,0.31796875,-0.021146217873319984,14.664416360855103,2026.4139404296875,1000.0
441,1647,3373056,7644,0.10859397798776627,0.8767005205154419,21.112392044067384,0.036223356,8.615653038024902,8230,0.2,0.0003,0.26708984375,-0.002894517336972058,14.661776161193847,2026.4139404296875,1000.0
441,1648,3375104,7649,0.10857579857110977,0.7937745451927185,32.73493642807007,0.03283487,17.122774124145508,8235,0.2,0.0003,0.2720703125,-0.002329460415057838,14.660494947433472,2026.4139404296875,1000.0
441,1649,3377152,7655,0.10853174328804016,0.8643027544021606,20.074521923065184,0.032587104,8.699398040771484,8240,0.2,0.0003,0.25439453125,-0.013289884245023132,14.66534161567688,2035.241455078125,1000.0
441,1650,3379200,7659,0.10845405608415604,0.7230533361434937,51.59396877288818,0.040966596,26.575435638427734,8245,0.2,0.0003,0.44541015625,0.0012730608461424709,14.676318836212157,2035.241455078125,1000.0
441,1651,3381248,7663,0.10841619968414307,0.3808666467666626,90.03655281066895,0.023869101,42.5646858215332,8250,0.2,0.0003,0.2927734375,-0.0067752930102869865,14.686340093612671,2035.241455078125,1000.0
441,1652,3383296,7668,0.10842875391244888,0.5590009689331055,72.22304649353028,0.032751083,33.88660430908203,8255,0.2,0.0003,0.26376953125,-0.013572063366882502,14.688771438598632,2035.241455078125,1000.0
441,1653,3385344,7674,0.10846845805644989,0.5029404163360596,63.1732759475708,0.02821065,30.61653709411621,8260,0.2,0.0003,0.283203125,-0.015791614423505962,14.684264087677002,2016.6151123046875,1000.0
441,1654,3387392,7679,0.10848566889762878,0.3636387586593628,157.60054626464844,0.019983932,65.82225036621094,8265,0.2,0.0003,0.2994140625,-0.0030665362952277063,14.6790292263031,2016.6151123046875,1000.0
441,1655,3389440,7683,0.10848953574895859,0.41544002294540405,166.92045974731445,0.021275815,80.73116302490234,8270,0.2,0.0003,0.22373046875,-0.0137958301929757,14.677840566635131,2016.6151123046875,1000.0
441,1656,3391488,7688,0.10847871750593185,0.4430807828903198,175.17181167602538,0.020552611,83.49807739257812,8275,0.2,0.0003,0.177734375,-0.0106675528222695,14.677141904830933,2016.6151123046875,1000.0
441,1657,3393536,7693,0.10845476388931274,0.561351478099823,149.5545394897461,0.018060781,64.49066162109375,8280,0.2,0.0003,0.183984375,-0.01846202779561281,14.68002691268921,1980.982177734375,1000.0
441,1658,3395584,7698,0.10844754427671432,0.7391457557678223,65.96115684509277,0.022166094,30.632265090942383,8285,0.2,0.0003,0.23369140625,-0.01732096148189157,14.683196306228638,1980.982177734375,1000.0
441,1659,3397632,7702,0.10843195766210556,0.7942730188369751,39.134773349761964,0.022825785,15.110536575317383,8290,0.2,0.0003,0.1736328125,-0.010622804914601148,14.683732318878175,1980.982177734375,1000.0
441,1660,3399680,7706,0.10841851681470871,0.8693225383758545,31.91534490585327,0.0149203455,10.768871307373047,8295,0.2,0.0003,0.13759765625,-0.01204510999377817,14.687614059448242,1980.982177734375,1000.0
441,1661,3401728,7712,0.1084025576710701,0.8515702486038208,26.25347023010254,0.022034988,12.126640319824219,8300,0.2,0.0003,0.20517578125,-0.018588842684403063,14.689173412322997,2000.1260986328125,1000.0
441,1662,3403776,7716,0.10836055129766464,0.773310661315918,31.421367645263672,0.040871195,13.488448143005371,8305,0.2,0.0003,0.29755859375,-0.008145992853678763,14.694825458526612,2000.1260986328125,1000.0
441,1663,3405824,7721,0.10833302140235901,0.7880196571350098,28.338612174987794,0.040669214,11.207749366760254,8310,0.2,0.0003,0.32451171875,0.0019812104059383274,14.702686452865601,2000.1260986328125,1000.0
441,1664,3407872,7725,0.10838188976049423,0.49468618631362915,62.52990016937256,0.0376995,26.818357467651367,8315,0.2,0.0003,0.45615234375,0.010358605650253594,14.703134346008301,2000.1260986328125,1000.0
441,1665,3409920,7731,0.10837198048830032,0.6020393371582031,40.16254863739014,0.025705906,16.998746871948242,8320,0.2,0.0003,0.2357421875,-0.010931676963809877,14.695463180541992,2003.14892578125,1000.0
441,1666,3411968,7735,0.10833941400051117,0.544623076915741,45.3081771850586,0.0382678,17.425296783447266,8325,0.2,0.0003,0.325,-0.01894215396605432,14.702945899963378,2003.14892578125,1000.0
441,1667,3414016,7739,0.10837063193321228,0.28848952054977417,45.95731830596924,0.049842045,22.72270393371582,8330,0.2,0.0003,0.3607421875,-0.015741166262887418,14.702877283096313,2003.14892578125,1000.0
441,1668,3416064,7746,0.1084573045372963,0.27993595600128174,50.602831268310545,0.098349564,26.220733642578125,8335,0.2,0.0003,0.505078125,-0.0015297676203772427,14.694851636886597,2000.9013671875,1000.0
441,1669,3418112,7750,0.10852429270744324,0.12754672765731812,45.59582748413086,0.09906606,24.37273406982422,8340,0.2,0.0003,0.51728515625,-0.0036667403997853397,14.681970167160035,2000.9013671875,1000.0
441,1670,3420160,7754,0.10838361829519272,-0.057784080505371094,56.3623743057251,0.08088795,26.931140899658203,8345,0.2,0.0003,0.52802734375,0.004265458055306226,14.68861985206604,2000.9013671875,1000.0
441,1671,3422208,7759,0.10806894302368164,0.06953418254852295,30.764725017547608,0.14482802,15.095882415771484,8350,0.2,0.0003,0.58486328125,0.01652390023227781,14.730558967590332,2000.9013671875,1000.0
441,1672,3424256,7764,0.10808930546045303,0.04787415266036987,28.146547889709474,0.10475005,13.087545394897461,8355,0.2,0.0003,0.5578125,0.015427279565483332,14.762121629714965,2001.3365478515625,1000.0
441,1673,3426304,7769,0.10826782137155533,0.22209864854812622,41.51926765441895,0.06323911,20.75636863708496,8360,0.2,0.0003,0.51181640625,-0.0017672769958153368,14.736414241790772,2001.3365478515625,1000.0
441,1674,3428352,7773,0.10836026072502136,0.5481685400009155,34.25179357528687,0.070745684,14.798611640930176,8365,0.2,0.0003,0.47041015625,0.022326700668781996,14.708928775787353,2001.3365478515625,1000.0
441,1675,3430400,7777,0.10836843401193619,0.64061439037323,35.567667198181155,0.05667086,18.797496795654297,8370,0.2,0.0003,0.4376953125,0.012591234617866575,14.700474643707276,2001.3365478515625,1000.0
440,1676,3432448,7783,0.10837852954864502,0.6013659238815308,52.497348594665525,0.054802567,24.868101119995117,8375,0.2,0.0003,0.4587890625,0.01673361377324909,14.700879287719726,2009.2464599609375,1000.0
440,1677,3434496,7788,0.10839707404375076,0.6153194904327393,45.967251205444335,0.029906034,21.13086700439453,8380,0.2,0.0003,0.30771484375,-0.014546484965831042,14.699426746368408,2009.2464599609375,1000.0
440,1678,3436544,7793,0.10839894413948059,0.738828182220459,29.38914051055908,0.05302268,14.099839210510254,8385,0.2,0.0003,0.4115234375,-0.005236518659512512,14.697419595718383,2009.2464599609375,1000.0
440,1679,3438592,7797,0.10841521620750427,0.7475559711456299,30.68441457748413,0.046101235,15.23641586303711,8390,0.2,0.0003,0.43828125,-0.005471639847382903,14.696726751327514,2009.2464599609375,1000.0
440,1680,3440640,7803,0.10843777656555176,0.776154637336731,30.767851257324217,0.06221122,14.85228443145752,8395,0.2,0.0003,0.44609375,0.0025830648839473723,14.693159580230713,2017.0411376953125,1000.0
440,1681,3442688,7807,0.10842517018318176,0.8169363737106323,24.249942970275878,0.048868753,11.801752090454102,8400,0.2,0.0003,0.39130859375,-0.010351856215856969,14.693025255203247,2017.0411376953125,1000.0
440,1682,3444736,7812,0.10843109339475632,0.8879218101501465,22.489025783538818,0.030989846,9.317535400390625,8405,0.2,0.0003,0.34560546875,-0.0054168268281500785,14.692253255844117,2017.0411376953125,1000.0
440,1683,3446784,7816,0.10845687985420227,0.8898355960845947,21.199468040466307,0.037853844,9.161730766296387,8410,0.2,0.0003,0.41474609375,0.0031141350977122785,14.69171667098999,2017.0411376953125,1000.0
440,1684,3448832,7822,0.1084592416882515,0.9252046346664429,16.79840669631958,0.028554238,7.05873966217041,8415,0.2,0.0003,0.31796875,-0.0043310560286045074,14.687621068954467,2019.9573974609375,1000.0
440,1685,3450880,7826,0.10844815522432327,0.8862994313240051,24.292909336090087,0.042265106,12.901784896850586,8420,0.2,0.0003,0.3970703125,-0.013751363032497466,14.691272878646851,2019.9573974609375,1000.0
440,1686,3452928,7831,0.10840559005737305,0.8919200301170349,29.439424324035645,0.038866527,13.938125610351562,8425,0.2,0.0003,0.43359375,-0.006493930239230394,14.694605350494385,2019.9573974609375,1000.0
440,1687,3454976,7835,0.10832850635051727,0.9271314144134521,21.27378339767456,0.0475742,10.738237380981445,8430,0.2,0.0003,0.4064453125,-0.013256330019794404,14.70529465675354,2019.9573974609375,1000.0
440,1688,3457024,7842,0.10833191126585007,0.9493822455406189,16.619350051879884,0.046485916,7.861416816711426,8435,0.2,0.0003,0.38955078125,-0.009729713620617985,14.712285900115967,2028.7894287109375,1000.0
440,1689,3459072,7846,0.10832753032445908,0.8919143676757812,36.815038204193115,0.037922196,16.83283042907715,8440,0.2,0.0003,0.4078125,-0.003311667841626331,14.709570360183715,2028.7894287109375,1000.0
440,1690,3461120,7850,0.10832159966230392,0.9242148399353027,22.827703857421874,0.048860524,11.216194152832031,8445,0.2,0.0003,0.32158203125,-0.008839070610702039,14.710943984985352,2028.7894287109375,1000.0
440,1691,3463168,7855,0.10829335451126099,0.9312766790390015,18.29117136001587,0.034916542,9.252379417419434,8450,0.2,0.0003,0.39658203125,0.0001618067384697497,14.710343885421754,2028.7894287109375,1000.0
440,1692,3465216,7860,0.10827232897281647,0.9129186272621155,24.260679531097413,0.02434343,12.931741714477539,8455,0.2,0.0003,0.3421875,-0.009395960392430425,14.713851165771484,2050.33740234375,1000.0
440,1693,3467264,7864,0.10826973617076874,0.8468623757362366,43.160024642944336,0.026545929,21.85283851623535,8460,0.2,0.0003,0.28134765625,-0.015624294709414243,14.715055751800538,2050.33740234375,1000.0
440,1694,3469312,7869,0.10828103870153427,0.8495172262191772,49.20173606872559,0.016929941,21.747591018676758,8465,0.2,0.0003,0.216796875,-0.016711035184562205,14.715754318237305,2050.33740234375,1000.0
440,1695,3471360,7873,0.10822047293186188,0.8652029037475586,38.88008785247803,0.019657321,17.045900344848633,8470,0.2,0.0003,0.2611328125,-0.015558880125172436,14.718075370788574,2050.33740234375,1000.0
440,1696,3473408,7879,0.10817857086658478,0.8946155905723572,32.42385025024414,0.031259704,14.294825553894043,8475,0.2,0.0003,0.340625,-0.015032852813601495,14.730119705200195,2051.399169921875,1000.0
440,1697,3475456,7884,0.10818570107221603,0.9351128935813904,25.25131959915161,0.030022293,11.7224760055542,8480,0.2,0.0003,0.33466796875,-0.011227208655327559,14.73415274620056,2051.399169921875,1000.0
440,1698,3477504,7888,0.10823064297437668,0.9399539232254028,26.19185276031494,0.025913162,12.900994300842285,8485,0.2,0.0003,0.2689453125,-0.009902015677653253,14.731834220886231,2051.399169921875,1000.0
440,1699,3479552,7892,0.10817783325910568,0.9546616673469543,19.789230823516846,0.022888642,9.58983039855957,8490,0.2,0.0003,0.301953125,-0.01779934228397906,14.730493640899658,2051.399169921875,1000.0
440,1700,3481600,7898,0.10811033099889755,0.9424651861190796,27.012700176239015,0.019881815,12.830341339111328,8495,0.2,0.0003,0.2611328125,-0.016482488811016084,14.7418683052063,2045.8804931640625,1000.0
440,1701,3483648,7902,0.1080813929438591,0.8755341172218323,50.182830810546875,0.01881622,26.85919952392578,8500,0.2,0.0003,0.2328125,-0.009530923119746149,14.750227546691894,2045.8804931640625,1000.0
440,1702,3485696,7906,0.10806969553232193,0.8547341227531433,59.80245800018311,0.024449995,31.002206802368164,8505,0.2,0.0003,0.22626953125,-0.01196932455059141,14.754041290283203,2045.8804931640625,1000.0
440,1703,3487744,7911,0.10805733501911163,0.8732937574386597,52.592525482177734,0.01982344,28.76689338684082,8510,0.2,0.0003,0.2296875,-0.013472552504390478,14.75636134147644,2045.8804931640625,1000.0
440,1704,3489792,7916,0.10808506608009338,0.8748250007629395,49.31157665252685,0.02349871,26.62602996826172,8515,0.2,0.0003,0.26572265625,-0.01369789419695735,14.755109310150146,2044.9683837890625,1000.0
440,1705,3491840,7920,0.10810165852308273,0.8836686015129089,53.60431098937988,0.015898837,28.317380905151367,8520,0.2,0.0003,0.2025390625,-0.014339793066028506,14.749069929122925,2044.9683837890625,1000.0
440,1706,3493888,7925,0.10810412466526031,0.8716911673545837,65.69619579315186,0.018872788,33.59274673461914,8525,0.2,0.0003,0.2091796875,-0.014083555107936263,14.747719955444335,2044.9683837890625,1000.0
440,1707,3495936,7929,0.10809218138456345,0.8836747407913208,65.24045543670654,0.017404735,29.946638107299805,8530,0.2,0.0003,0.2119140625,-0.019234311813488603,14.747411298751832,2044.9683837890625,1000.0
440,1708,3497984,7935,0.10806722939014435,0.9048250317573547,52.90950984954834,0.015983673,25.40121841430664,8535,0.2,0.0003,0.18720703125,-0.017159911175258457,14.750993919372558,2063.7705078125,1000.0
440,1709,3500032,7939,0.10803385823965073,0.9418436288833618,26.134265518188478,0.01438581,10.208608627319336,8540,0.2,0.0003,0.2138671875,-0.013282498717308045,14.755146074295045,2063.7705078125,1000.0
440,1710,3502080,7944,0.10799223929643631,0.9524902105331421,19.295069217681885,0.020976612,8.434290885925293,8545,0.2,0.0003,0.280078125,-0.010188475309405476,14.76196813583374,2063.7705078125,1000.0
440,1711,3504128,7949,0.10796335339546204,0.9638565182685852,15.847206306457519,0.023554958,7.7286529541015625,8550,0.2,0.0003,0.27119140625,-0.01573306929785758,14.769402408599854,2047.7918701171875,1000.0
440,1712,3506176,7954,0.10793132334947586,0.9365940690040588,21.477610397338868,0.022492375,10.136789321899414,8555,0.2,0.0003,0.2701171875,-0.01741885868832469,14.773688459396363,2047.7918701171875,1000.0
440,1713,3508224,7958,0.10786066204309464,0.8802295923233032,52.89547214508057,0.021958258,24.550575256347656,8560,0.2,0.0003,0.28125,-0.01027808825019747,14.782549953460693,2047.7918701171875,1000.0
440,1714,3510272,7963,0.10781645029783249,0.8559666275978088,59.16675243377686,0.023856925,29.85594367980957,8565,0.2,0.0003,0.24619140625,-0.012241142988204955,14.793035793304444,2047.7918701171875,1000.0
440,1715,3512320,7970,0.10779424756765366,0.8374913930892944,50.08025550842285,0.022815954,22.466751098632812,8570,0.2,0.0003,0.22724609375,-0.011387826467398554,14.795666837692261,2045.80615234375,1000.0
440,1716,3514368,7974,0.10779748857021332,0.8522430062294006,46.73465423583984,0.033936992,21.66999053955078,8575,0.2,0.0003,0.2794921875,-0.01376780290156603,14.79880142211914,2045.80615234375,1000.0
440,1717,3516416,7978,0.10777946561574936,0.9622882008552551,16.965721893310548,0.02321951,6.309966564178467,8580,0.2,0.0003,0.2876953125,-0.013056297996081411,14.799189281463622,2045.80615234375,1000.0
440,1718,3518464,7983,0.10770813375711441,0.9655797481536865,17.71533646583557,0.028102433,5.84706974029541,8585,0.2,0.0003,0.3,-0.008038531057536602,14.804232931137085,2045.80615234375,1000.0
440,1719,3520512,7989,0.10767938196659088,0.9605491757392883,20.358005857467653,0.026748043,6.308434963226318,8590,0.2,0.0003,0.2802734375,-0.01862395997159183,14.814733123779297,2058.014892578125,1000.0
440,1720,3522560,7993,0.10763360559940338,0.9545949101448059,24.124965286254884,0.024539338,10.146891593933105,8595,0.2,0.0003,0.3017578125,-0.014235476753674448,14.81708641052246,2058.014892578125,1000.0
440,1721,3524608,7998,0.10759124159812927,0.8747308850288391,15.344580030441284,0.033393756,6.216152667999268,8600,0.2,0.0003,0.3236328125,-0.01517012449912727,14.82574815750122,2058.014892578125,1000.0
440,1722,3526656,8002,0.1075606718659401,0.899551510810852,16.079701614379882,0.027341653,7.690256118774414,8605,0.2,0.0003,0.31298828125,-0.015614247368648648,14.832199382781983,2058.014892578125,1000.0
440,1723,3528704,8008,0.10747173428535461,0.8874137997627258,14.377220726013183,0.038939048,7.137922763824463,8610,0.2,0.0003,0.37177734375,-0.011403032031375914,14.842461347579956,2066.50634765625,1000.0
440,1724,3530752,8013,0.10745649039745331,0.8527221083641052,35.809697818756106,0.039915614,16.89698600769043,8615,0.2,0.0003,0.38017578125,-0.006857268093153834,14.85270552635193,2066.50634765625,1000.0
440,1725,3532800,8017,0.10749319195747375,0.9149826765060425,33.142751121520995,0.041719735,15.662611961364746,8620,0.2,0.0003,0.32099609375,-0.01131597813218832,14.85147533416748,2066.50634765625,1000.0
440,1726,3534848,8021,0.1075323224067688,0.8885350823402405,46.073686599731445,0.033999868,24.2388916015625,8625,0.2,0.0003,0.32626953125,-0.010060079640243202,14.844128799438476,2066.50634765625,1000.0
440,1727,3536896,8027,0.10752961039543152,0.8421072959899902,65.5936149597168,0.02605017,32.38142013549805,8630,0.2,0.0003,0.3044921875,-0.008978869242127985,14.840401554107666,2060.13330078125,1000.0
440,1728,3538944,8031,0.10755150020122528,0.8322618007659912,61.04024753570557,0.027366195,32.29849624633789,8635,0.2,0.0003,0.27099609375,-0.016347153042443097,14.838956594467163,2060.13330078125,1000.0
440,1729,3540992,8036,0.1075454130768776,0.8028901815414429,53.38769092559814,0.030735817,25.779233932495117,8640,0.2,0.0003,0.28359375,-0.013061375683173537,14.836562204360963,2060.13330078125,1000.0
440,1730,3543040,8040,0.10759249329566956,0.7736168503761292,58.44323310852051,0.051808514,30.756839752197266,8645,0.2,0.0003,0.37734375,-0.013082256307825446,14.835294342041015,2060.13330078125,1000.0
440,1731,3545088,8046,0.10763058066368103,0.7556024789810181,63.37471179962158,0.028068636,28.954145431518555,8650,0.2,0.0003,0.32587890625,-0.01584108518436551,14.82708125114441,2068.635986328125,1000.0
440,1732,3547136,8050,0.10761840641498566,0.821355402469635,48.18307380676269,0.045626026,25.97574806213379,8655,0.2,0.0003,0.39306640625,-0.013898772420361638,14.824459457397461,2068.635986328125,1000.0
440,1733,3549184,8055,0.10760161280632019,0.8804177045822144,36.977600288391116,0.031336594,18.12430763244629,8660,0.2,0.0003,0.333203125,-0.016912402352318168,14.82961039543152,2068.635986328125,1000.0
440,1734,3551232,8059,0.10756568610668182,0.9119677543640137,27.467444896697998,0.035833757,12.760794639587402,8665,0.2,0.0003,0.32470703125,-0.01759489985415712,14.832544326782227,2068.635986328125,1000.0
440,1735,3553280,8064,0.10750359296798706,0.8648681640625,41.13707733154297,0.03871262,20.967185974121094,8670,0.2,0.0003,0.44072265625,-0.017041281529236584,14.840720748901367,2058.63671875,1000.0
440,1736,3555328,8069,0.10743515193462372,0.8948119878768921,20.634202575683595,0.06549865,10.677168846130371,8675,0.2,0.0003,0.44267578125,-0.00875814373139292,14.852990579605102,2058.63671875,1000.0
440,1737,3557376,8074,0.10738307237625122,0.9247772097587585,10.81146821975708,0.056858305,4.904788017272949,8680,0.2,0.0003,0.44658203125,0.004445962759200483,14.865494346618652,2058.63671875,1000.0
440,1738,3559424,8078,0.10735499113798141,0.9431175589561462,9.215084457397461,0.041072097,4.089024543762207,8685,0.2,0.0003,0.3162109375,-0.009582337480969727,14.872866916656495,2058.63671875,1000.0
440,1739,3561472,8084,0.10729251801967621,0.9132740497589111,10.733189296722411,0.05107087,4.645878791809082,8690,0.2,0.0003,0.46591796875,-0.0012489747256040572,14.880346488952636,2055.186767578125,1000.0
440,1740,3563520,8088,0.10723202675580978,0.8403539657592773,30.771684455871583,0.0479986,16.41829490661621,8695,0.2,0.0003,0.4189453125,-0.008669741870835423,14.889363050460815,2055.186767578125,1000.0
440,1741,3565568,8092,0.10724896937608719,0.8728296160697937,26.049721717834473,0.03635184,12.584090232849121,8700,0.2,0.0003,0.36240234375,-0.010829503112472594,14.89498167037964,2055.186767578125,1000.0
440,1742,3567616,8097,0.10724976658821106,0.8775803446769714,25.650642776489256,0.055327483,12.876872062683105,8705,0.2,0.0003,0.42041015625,-0.013058818224817515,14.890939426422118,2055.186767578125,1000.0
440,1743,3569664,8102,0.10718342661857605,0.9015597701072693,22.125691509246828,0.05102704,10.857863426208496,8710,0.2,0.0003,0.40576171875,-0.011235260334797204,14.89430284500122,2065.961669921875,1000.0
440,1744,3571712,8107,0.10715209692716599,0.931610107421875,22.50283670425415,0.035101436,11.441630363464355,8715,0.2,0.0003,0.372265625,-0.011477492074482143,14.901930332183838,2065.961669921875,1000.0
440,1745,3573760,8111,0.10718265920877457,0.9434345364570618,19.711179351806642,0.039642435,9.25031852722168,8720,0.2,0.0003,0.38486328125,-0.013813070440664887,14.904552507400513,2065.961669921875,1000.0
440,1746,3575808,8116,0.10719844698905945,0.9527149796485901,17.42369465827942,0.04707226,7.541940212249756,8725,0.2,0.0003,0.36787109375,-0.01035627769306302,14.8992253780365,2065.961669921875,1000.0
440,1747,3577856,8121,0.10718515515327454,0.954882025718689,18.362043952941896,0.04231873,7.8790130615234375,8730,0.2,0.0003,0.3474609375,-0.012119269440881908,14.899584579467774,2087.46728515625,1000.0
440,1748,3579904,8126,0.10716530680656433,0.9047070145606995,39.39902572631836,0.028360724,18.980295181274414,8735,0.2,0.0003,0.3009765625,-0.02061094401869923,14.900986337661744,2087.46728515625,1000.0
440,1749,3581952,8130,0.10716905444860458,0.9094877243041992,24.820944690704344,0.03531289,13.267127990722656,8740,0.2,0.0003,0.288671875,-0.02046574791893363,14.902486896514892,2087.46728515625,1000.0
440,1750,3584000,8136,0.10715535283088684,0.9068958163261414,25.195559978485107,0.051551215,11.540407180786133,8745,0.2,0.0003,0.4025390625,-0.009101255517452955,14.900768661499024,2100.242919921875,1000.0
440,1751,3586048,8140,0.10704822838306427,0.9206664562225342,18.307497024536133,0.059975695,8.987120628356934,8750,0.2,0.0003,0.444921875,-0.010183372208848596,14.912635803222656,2100.242919921875,1000.0
440,1752,3588096,8145,0.10700201988220215,0.3254178762435913,25.896831512451172,0.050684173,11.701292037963867,8755,0.2,0.0003,0.46416015625,0.014883071254007518,14.925610971450805,2100.242919921875,1000.0
440,1753,3590144,8149,0.10694240033626556,0.3440423011779785,20.37895441055298,0.047692098,9.383703231811523,8760,0.2,0.0003,0.3794921875,-0.0024622897850349545,14.932754039764404,2100.242919921875,1000.0
440,1754,3592192,8155,0.10693337768316269,0.3436352014541626,17.636913681030272,0.06958008,8.326358795166016,8765,0.2,0.0003,0.4470703125,-0.0013512015109881758,14.942729616165161,2147.512939453125,1000.0
440,1755,3594240,8159,0.10693124681711197,0.7202483415603638,17.726923847198485,0.047312804,6.724015235900879,8770,0.2,0.0003,0.40009765625,-0.010655813966877759,14.944971561431885,2147.512939453125,1000.0
440,1756,3596288,8163,0.10691199451684952,0.9116974472999573,20.12126488685608,0.03192289,8.602975845336914,8775,0.2,0.0003,0.45439453125,0.021552307810634375,14.947171020507813,2147.512939453125,1000.0
440,1757,3598336,8168,0.10690217465162277,0.9370105862617493,18.964820289611815,0.018807828,7.481982707977295,8780,0.2,0.0003,0.215234375,-0.008529465092578903,14.948876285552979,2147.512939453125,1000.0
440,1758,3600384,8173,0.10689589381217957,0.9526955485343933,17.848365688323973,0.025801715,7.944741249084473,8785,0.2,0.0003,0.2162109375,-0.009330483619123697,14.951517152786256,2156.03369140625,1000.0
440,1759,3602432,8178,0.10688856989145279,0.951147198677063,21.68100986480713,0.024403853,9.976588249206543,8790,0.2,0.0003,0.24033203125,-0.010821849736385048,14.952846765518188,2156.03369140625,1000.0
440,1760,3604480,8182,0.10686257481575012,0.8895742893218994,9.09460391998291,0.10574994,4.6948561668396,8795,0.2,0.0003,0.50751953125,0.00019169944571331143,14.956849718093872,2156.03369140625,1000.0
440,1761,3606528,8186,0.10692773759365082,0.8291284441947937,18.484586334228517,0.050770726,8.175463676452637,8800,0.2,0.0003,0.4337890625,-0.0033970041200518607,14.954134511947633,2156.03369140625,1000.0
440,1762,3608576,8192,0.10692504048347473,0.9015247225761414,12.09555549621582,0.04346381,5.7343363761901855,8805,0.2,0.0003,0.36748046875,-0.015110768284648657,14.949118423461915,2160.753662109375,1000.0
440,1763,3610624,8196,0.10691764950752258,0.8730950951576233,24.89431438446045,0.02815793,9.057828903198242,8810,0.2,0.0003,0.33291015625,-0.014462367026135325,14.951647996902466,2160.753662109375,1000.0
440,1764,3612672,8201,0.10686217248439789,0.8496555089950562,33.17973518371582,0.023101132,14.192129135131836,8815,0.2,0.0003,0.26455078125,-0.013779625250026583,14.956044721603394,2160.753662109375,1000.0
440,1765,3614720,8206,0.10686516016721725,0.828254759311676,39.49096164703369,0.038262833,18.45670509338379,8820,0.2,0.0003,0.3072265625,-0.014254078618250787,14.961986446380616,2160.753662109375,1000.0
440,1766,3616768,8212,0.10687913745641708,0.7286027669906616,52.45868854522705,0.028019482,25.28476333618164,8825,0.2,0.0003,0.30146484375,-0.011349902977235616,14.958700466156007,2157.713134765625,1000.0
440,1767,3618816,8216,0.10688335448503494,0.7160771489143372,86.03127250671386,0.02187131,38.72926712036133,8830,0.2,0.0003,0.22900390625,-0.013395124883390962,14.95805983543396,2157.713134765625,1000.0
440,1768,3620864,8220,0.10688208043575287,0.7837235927581787,106.53895072937011,0.02883685,54.32753372192383,8835,0.2,0.0003,0.2658203125,-0.005884711118414998,14.957356452941895,2157.713134765625,1000.0
440,1769,3622912,8225,0.10689287632703781,0.806537389755249,116.39484596252441,0.01984736,47.64827346801758,8840,0.2,0.0003,0.15732421875,-0.01325979249086231,14.95743112564087,2157.713134765625,1000.0
440,1770,3624960,8231,0.10688480734825134,0.830384373664856,123.45623207092285,0.019206924,54.8486328125,8845,0.2,0.0003,0.1537109375,-0.015846516052260996,14.956822299957276,2158.857421875,1000.0
440,1771,3627008,8235,0.10687975585460663,0.9090719819068909,75.25787506103515,0.024467116,36.57749938964844,8850,0.2,0.0003,0.26572265625,-0.021368669671937825,14.959047651290893,2158.857421875,1000.0
440,1772,3629056,8240,0.10682375729084015,0.9681814908981323,19.6256911277771,0.02040598,9.576420783996582,8855,0.2,0.0003,0.2259765625,-0.015753040020354093,14.96347393989563,2158.857421875,1000.0
440,1773,3631104,8245,0.10678864270448685,0.9730408191680908,19.00755567550659,0.022646751,9.865686416625977,8860,0.2,0.0003,0.29658203125,-0.015562916407361627,14.973650121688843,2158.857421875,1000.0
440,1774,3633152,8251,0.10680631548166275,0.9724482297897339,19.110796642303466,0.02527522,9.47408390045166,8865,0.2,0.0003,0.29638671875,-0.016612477926537396,14.974803686141968,2148.462890625,1000.0
440,1775,3635200,8255,0.10680872201919556,0.9504289627075195,40.559475898742676,0.019090516,21.040075302124023,8870,0.2,0.0003,0.25947265625,-0.01160032746847719,14.97072730064392,2148.462890625,1000.0
440,1776,3637248,8259,0.1067865714430809,0.9436349868774414,53.71944103240967,0.023733921,26.029918670654297,8875,0.2,0.0003,0.2533203125,-0.016821948112919927,14.973396015167236,2148.462890625,1000.0
440,1777,3639296,8264,0.10674990713596344,0.9432582855224609,54.0630744934082,0.020418566,25.51508331298828,8880,0.2,0.0003,0.26982421875,-0.01742170602083206,14.979554224014283,2148.462890625,1000.0
440,1778,3641344,8269,0.10677270591259003,0.9453530311584473,53.11918907165527,0.025559902,26.46858024597168,8885,0.2,0.0003,0.31669921875,-0.01567175358068198,14.982384538650512,2146.248291015625,1000.0
440,1779,3643392,8274,0.10674646496772766,0.896990954875946,69.35344562530517,0.028079957,30.604690551757812,8890,0.2,0.0003,0.32744140625,-0.021452464628964663,14.982059383392334,2146.248291015625,1000.0
440,1780,3645440,8278,0.10673635452985764,0.8551375865936279,66.18326740264892,0.028426513,28.959293365478516,8895,0.2,0.0003,0.2671875,-0.01395937497727573,14.987358951568604,2146.248291015625,1000.0
440,1781,3647488,8283,0.1067327931523323,0.8793424367904663,55.3482442855835,0.024364188,27.03653335571289,8900,0.2,0.0003,0.26767578125,-0.01252637046854943,14.987944269180298,2146.248291015625,1000.0
440,1782,3649536,8288,0.10669368505477905,0.8435813188552856,63.6980785369873,0.028806634,31.392784118652344,8905,0.2,0.0003,0.2904296875,-0.01724451200570911,14.991256999969483,2150.885986328125,1000.0
440,1783,3651584,8293,0.1066911518573761,0.9312896728515625,28.89761447906494,0.019608555,14.348281860351562,8910,0.2,0.0003,0.25625,-0.017619736562483012,14.995560455322266,2150.885986328125,1000.0
440,1784,3653632,8297,0.1067073866724968,0.9481289982795715,21.156351470947264,0.030217988,11.00006103515625,8915,0.2,0.0003,0.26162109375,-0.0187154307262972,14.994855260848999,2150.885986328125,1000.0
440,1785,3655680,8302,0.10672852396965027,0.942717969417572,20.32663526535034,0.018711962,10.336148262023926,8920,0.2,0.0003,0.2958984375,-0.008054621145129203,14.991288805007935,2150.885986328125,1000.0
440,1786,3657728,8307,0.1067177802324295,0.9483634829521179,18.587420082092287,0.040010147,9.412627220153809,8925,0.2,0.0003,0.3119140625,-0.015703584527364,14.990639972686768,2154.144287109375,1000.0
440,1787,3659776,8312,0.10665585845708847,0.9244210720062256,19.27077922821045,0.032594297,9.187609672546387,8930,0.2,0.0003,0.35615234375,-0.012204610928893089,14.998776865005492,2154.144287109375,1000.0
440,1788,3661824,8316,0.10659097135066986,0.9427441358566284,12.53629503250122,0.03559154,5.283332824707031,8935,0.2,0.0003,0.31689453125,-0.013786752347368748,15.00887942314148,2154.144287109375,1000.0
440,1789,3663872,8320,0.10656186938285828,0.9495489597320557,11.527443981170654,0.036046624,4.562880039215088,8940,0.2,0.0003,0.36015625,-0.0007946585537865758,15.016218328475953,2154.144287109375,1000.0
440,1790,3665920,8327,0.10653053969144821,0.9460186958312988,11.851185941696167,0.042395134,5.13831090927124,8945,0.2,0.0003,0.444140625,-0.005771242699120193,15.019101428985596,2159.779052734375,1000.0
440,1791,3667968,8332,0.10645486414432526,0.8163021802902222,16.931354904174803,0.033864427,8.049790382385254,8950,0.2,0.0003,0.4091796875,-0.002407186955679208,15.030311965942383,2159.779052734375,1000.0
440,1792,3670016,8337,0.1064721867442131,0.8032265901565552,15.356580352783203,0.065452784,7.642268180847168,8955,0.2,0.0003,0.45146484375,-0.0011254126206040383,15.037567043304444,2159.779052734375,1000.0
440,1793,3672064,8343,0.1064586415886879,0.8627930879592896,11.8457022190094,0.05227934,5.75039005279541,8960,0.2,0.0003,0.41572265625,-0.004653344629332423,15.03425440788269,2184.1435546875,1000.0
440,1794,3674112,8347,0.10641372203826904,0.8965338468551636,12.353687381744384,0.06503501,6.505033016204834,8965,0.2,0.0003,0.46376953125,-0.006961227348074317,15.041812229156495,2184.1435546875,1000.0
440,1795,3676160,8352,0.10640423744916916,0.9423794746398926,75.03984928131104,0.14124684,32.870704650878906,8970,0.2,0.0003,0.63671875,0.08289834468159825,15.046370887756348,2184.1435546875,1000.0
440,1796,3678208,8356,0.10640463978052139,0.9369373917579651,96.21751747131347,0.016457655,41.32164001464844,8975,0.2,0.0003,0.2392578125,-0.003760447562672198,15.047231101989746,2184.1435546875,1000.0
440,1797,3680256,8362,0.10636929422616959,0.9504833817481995,65.47695484161378,0.018898083,26.050628662109375,8980,0.2,0.0003,0.16787109375,-0.016528165340423583,15.04920678138733,2151.3701171875,1000.0
440,1798,3682304,8366,0.10633941739797592,0.956011176109314,60.16322498321533,0.021670047,26.853788375854492,8985,0.2,0.0003,0.21904296875,-0.016260634930222295,15.056906270980836,2151.3701171875,1000.0
440,1799,3684352,8371,0.10633014142513275,0.9430060982704163,59.033662986755374,0.021252261,25.77947235107422,8990,0.2,0.0003,0.20029296875,-0.00985896066413261,15.06045150756836,2151.3701171875,1000.0
440,1800,3686400,8375,0.1063021719455719,0.9439021348953247,45.92118949890137,0.015775245,19.93287467956543,8995,0.2,0.0003,0.1798828125,-0.013496764027513564,15.063492250442504,2151.3701171875,1000.0
440,1801,3688448,8381,0.10626855492591858,0.9484075307846069,39.44128570556641,0.022155622,17.01788330078125,9000,0.2,0.0003,0.20927734375,-0.009836477995850145,15.070543241500854,2138.025146484375,1000.0
440,1802,3690496,8385,0.10624902695417404,0.9333194494247437,38.86809139251709,0.019627402,18.162748336791992,9005,0.2,0.0003,0.24482421875,-0.014860222465358675,15.074092054367066,2138.025146484375,1000.0
440,1803,3692544,8389,0.1061747595667839,0.8783729672431946,15.739952230453492,0.04911728,6.523138046264648,9010,0.2,0.0003,0.3298828125,-0.00781918918946758,15.081609344482422,2138.025146484375,1000.0
440,1804,3694592,8395,0.1061253696680069,0.8412795662879944,18.405162143707276,0.036006458,8.6205472946167,9015,0.2,0.0003,0.32734375,-0.01602547017391771,15.092169761657715,2138.025146484375,1000.0
439,1805,3696640,8401,0.10611672699451447,0.8524426817893982,17.095201444625854,0.06140624,7.403773784637451,9020,0.2,0.0003,0.46484375,0.011449550394900143,15.101669788360596,2141.663818359375,1000.0
440,1806,3698688,8406,0.10613282024860382,0.8062767386436462,68.99390048980713,0.034962017,36.82773971557617,9025,0.2,0.0003,0.3759765625,-0.01085880477912724,15.10200891494751,2141.663818359375,1000.0
440,1807,3700736,8410,0.10614057630300522,0.8388649821281433,121.45281448364258,0.020036142,57.05958557128906,9030,0.2,0.0003,0.2486328125,-0.005429050070233643,15.101166772842408,2141.663818359375,1000.0
440,1808,3702784,8415,0.10613473504781723,0.8681074976921082,124.7743709564209,0.014342515,60.913482666015625,9035,0.2,0.0003,0.118359375,-0.01082293821964413,15.101167106628418,2141.663818359375,1000.0
439,1809,3704832,8420,0.10615160316228867,0.8945521116256714,106.615767288208,0.018203601,49.98089599609375,9040,0.2,0.0003,0.13095703125,-0.011310604470781981,15.10098819732666,2100.512451171875,1000.0
439,1810,3706880,8425,0.10614430904388428,0.8847668766975403,109.31936264038086,0.023055598,50.90332794189453,9045,0.2,0.0003,0.2513671875,-0.012606346514075994,15.09907569885254,2100.512451171875,1000.0
439,1811,3708928,8430,0.10608521848917007,0.9082952737808228,40.59067611694336,0.02039045,19.706525802612305,9050,0.2,0.0003,0.21318359375,-0.015796279045753182,15.104576635360718,2100.512451171875,1000.0
439,1812,3710976,8434,0.1060279831290245,0.9336626529693604,31.246671199798584,0.022620253,16.34416389465332,9055,0.2,0.0003,0.3126953125,-0.013056585611775518,15.114901113510133,2100.512451171875,1000.0
439,1813,3713024,8440,0.10600698739290237,0.9360040426254272,30.419535446166993,0.023113862,14.54918098449707,9060,0.2,0.0003,0.278515625,-0.01123822785448283,15.121516704559326,2083.675048828125,1000.0
439,1814,3715072,8444,0.1059158593416214,0.940177321434021,24.32539806365967,0.04521121,12.17406940460205,9065,0.2,0.0003,0.31533203125,-0.00952825676649809,15.128656339645385,2083.675048828125,1000.0
439,1815,3717120,8449,0.10582954436540604,0.9635443091392517,15.787616872787476,0.033079624,6.878709316253662,9070,0.2,0.0003,0.34111328125,-0.01868508579209447,15.146027088165283,2083.675048828125,1000.0
439,1816,3719168,8454,0.10572503507137299,0.9716392159461975,13.458354616165161,0.029492501,6.037229537963867,9075,0.2,0.0003,0.3298828125,-0.01159305926412344,15.164302396774293,2083.675048828125,1000.0
439,1817,3721216,8460,0.10563956201076508,0.9790788888931274,11.42125244140625,0.034506448,4.986090183258057,9080,0.2,0.0003,0.31748046875,-0.010755539406090975,15.18166217803955,2088.15869140625,1000.0
439,1818,3723264,8465,0.1056043803691864,0.9039177298545837,29.758321380615236,0.03455414,12.635741233825684,9085,0.2,0.0003,0.33486328125,-0.016635107761248945,15.190817975997925,2088.15869140625,1000.0
439,1819,3725312,8469,0.10556144267320633,0.9359626770019531,9.567811489105225,0.052176684,4.059139728546143,9090,0.2,0.0003,0.3314453125,-0.007168082450516522,15.194994258880616,2088.15869140625,1000.0
439,1820,3727360,8474,0.10554292798042297,0.9097940921783447,11.084279251098632,0.06636022,5.027312755584717,9095,0.2,0.0003,0.46572265625,0.014623587834648788,15.203045082092284,2088.15869140625,1000.0
439,1821,3729408,8479,0.10552271455526352,0.9343224763870239,7.151878809928894,0.19995344,3.3413467407226562,9100,0.2,0.0003,0.55859375,0.04144146589096635,15.204226875305176,2113.9130859375,1000.0
439,1822,3731456,8484,0.10556425154209137,0.8332129716873169,65.23569984436035,0.034629483,34.38438034057617,9105,0.2,0.0003,0.33974609375,-0.011506941542029381,15.205148553848266,2113.9130859375,1000.0
439,1823,3733504,8488,0.10557345300912857,0.8552061319351196,59.836861038208006,0.053354234,35.14828872680664,9110,0.2,0.0003,0.3716796875,-0.015502772852778434,15.198476696014405,2113.9130859375,1000.0
439,1824,3735552,8493,0.10554521530866623,0.867117166519165,51.05041217803955,0.043511808,27.15532684326172,9115,0.2,0.0003,0.37216796875,-0.0064400472212582825,15.202319860458374,2113.9130859375,1000.0
439,1825,3737600,8498,0.10551119595766068,0.8671916723251343,53.10120677947998,0.050468717,24.57440948486328,9120,0.2,0.0003,0.4056640625,-0.008492920687422157,15.20767240524292,2128.805419921875,1000.0
439,1826,3739648,8503,0.1054716482758522,0.7959336042404175,52.655212211608884,0.02917341,23.842021942138672,9125,0.2,0.0003,0.33740234375,-0.004380032676272095,15.21246976852417,2128.805419921875,1000.0
439,1827,3741696,8507,0.10541437566280365,0.6436396837234497,43.42316904067993,0.037732594,15.683038711547852,9130,0.2,0.0003,0.36328125,-0.012100583594292402,15.220032787322998,2128.805419921875,1000.0
439,1828,3743744,8512,0.10543066263198853,0.45556867122650146,42.98457546234131,0.03212004,18.31671142578125,9135,0.2,0.0003,0.32509765625,-0.017697033658623695,15.226647329330444,2128.805419921875,1000.0
439,1829,3745792,8518,0.10540299862623215,0.005308687686920166,47.37422275543213,0.027267698,19.382658004760742,9140,0.2,0.0003,0.3255859375,-0.021164439618587494,15.226057958602905,2098.06494140625,1000.0
439,1830,3747840,8522,0.1053735688328743,0.8024130463600159,29.81422643661499,0.03621406,11.51440143585205,9145,0.2,0.0003,0.369921875,-0.011451798328198492,15.234852170944214,2098.06494140625,1000.0
439,1831,3749888,8527,0.10535388439893723,0.8449063301086426,24.720149421691893,0.042985335,6.674018859863281,9150,0.2,0.0003,0.36162109375,-0.014923580770846457,15.238174343109131,2098.06494140625,1000.0
439,1832,3751936,8531,0.10538206249475479,0.8946543335914612,22.908651781082153,0.027348101,8.018299102783203,9155,0.2,0.0003,0.33369140625,-0.012410373520106077,15.24016809463501,2098.06494140625,1000.0
439,1833,3753984,8537,0.10537179559469223,0.9152657389640808,19.995213508605957,0.036923926,6.878390312194824,9160,0.2,0.0003,0.36669921875,-0.01840738714672625,15.236955451965333,2109.9951171875,1000.0
439,1834,3756032,8542,0.10528320074081421,0.9275569319725037,19.585674571990968,0.04607227,7.742060661315918,9165,0.2,0.0003,0.346875,-0.016582215041853487,15.246161127090454,2109.9951171875,1000.0
439,1835,3758080,8547,0.10519181191921234,0.9648021459579468,11.375812911987305,0.04948754,4.518423557281494,9170,0.2,0.0003,0.401953125,-0.010803976841270924,15.260983800888061,2109.9951171875,1000.0
439,1836,3760128,8552,0.10517677664756775,0.9721002578735352,9.44936649799347,0.07627689,4.350593090057373,9175,0.2,0.0003,0.4728515625,0.0032084092032164334,15.271177387237548,2099.822509765625,1000.0
439,1837,3762176,8557,0.10517367720603943,0.9674695730209351,13.332164287567139,0.059095692,6.396087646484375,9180,0.2,0.0003,0.38271484375,-0.007282469657366164,15.268660545349121,2099.822509765625,1000.0
439,1838,3764224,8561,0.10514561831951141,0.97264164686203,17.200734615325928,0.022550337,7.909401893615723,9185,0.2,0.0003,0.288671875,-0.013232789479661732,15.270534992218018,2099.822509765625,1000.0
439,1839,3766272,8566,0.1051715686917305,0.9652092456817627,21.97355422973633,0.028503291,9.550396919250488,9190,0.2,0.0003,0.2849609375,-0.01546133509837091,15.271813917160035,2099.822509765625,1000.0
439,1840,3768320,8572,0.1051565632224083,0.9761457443237305,15.692193937301635,0.026674008,7.014064788818359,9195,0.2,0.0003,0.25986328125,-0.01632310135755688,15.267412328720093,2084.226806640625,1000.0
439,1841,3770368,8576,0.10509753972291946,0.9724080562591553,16.16166572570801,0.032495603,7.697653293609619,9200,0.2,0.0003,0.29130859375,-0.014178606501081959,15.274848556518554,2084.226806640625,1000.0
439,1842,3772416,8581,0.1050429418683052,0.952394962310791,14.731956291198731,0.029418495,6.460433483123779,9205,0.2,0.0003,0.40234375,-0.0008399168524192646,15.283761644363404,2084.226806640625,1000.0
439,1843,3774464,8585,0.10501495748758316,0.9558366537094116,13.642441368103027,0.037367567,6.908729553222656,9210,0.2,0.0003,0.3611328125,-0.014850059989839792,15.290541791915894,2084.226806640625,1000.0
439,1844,3776512,8592,0.10502469539642334,0.9644137620925903,12.802867126464843,0.027914116,5.4633870124816895,9215,0.2,0.0003,0.30166015625,-0.017156029026955365,15.292710971832275,2079.418212890625,1000.0
439,1845,3778560,8596,0.10508120805025101,0.931393027305603,21.71131811141968,0.029219113,9.607321739196777,9220,0.2,0.0003,0.32763671875,-0.015408724104054273,15.288636445999146,2079.418212890625,1000.0
439,1846,3780608,8600,0.10504390299320221,0.9717086553573608,9.226164102554321,0.025284695,4.273202896118164,9225,0.2,0.0003,0.3013671875,-0.018126029847189785,15.282512140274047,2079.418212890625,1000.0
439,1847,3782656,8605,0.10501224547624588,0.9607034921646118,13.150744438171387,0.038856704,5.218515396118164,9230,0.2,0.0003,0.349609375,-0.0105229910928756,15.292671394348144,2079.418212890625,1000.0
439,1848,3784704,8610,0.10495904088020325,0.9645322561264038,13.255950212478638,0.035866044,7.324130058288574,9235,0.2,0.0003,0.3720703125,-0.012112423474900425,15.298982191085816,2124.87060546875,1000.0
439,1849,3786752,8615,0.1049564778804779,0.9403376579284668,22.38584566116333,0.026761001,9.159697532653809,9240,0.2,0.0003,0.31484375,-0.01669592401012778,15.306906795501709,2124.87060546875,1000.0
439,1850,3788800,8619,0.1049300879240036,0.9362566471099854,21.265722370147706,0.03721785,9.613677024841309,9245,0.2,0.0003,0.30263671875,-0.014947308553382754,15.30792875289917,2124.87060546875,1000.0
439,1851,3790848,8623,0.10491012036800385,0.9168757200241089,26.30730094909668,0.023003973,12.574213027954102,9250,0.2,0.0003,0.301953125,-0.012511910195462406,15.313734674453736,2124.87060546875,1000.0
439,1852,3792896,8630,0.10485079139471054,0.9248479008674622,18.54419641494751,0.032791153,8.202702522277832,9255,0.2,0.0003,0.3484375,-0.007365288026630878,15.319032907485962,2120.27587890625,1000.0
439,1853,3794944,8634,0.10482116788625717,0.688732922077179,61.75559787750244,0.0311038,26.664670944213867,9260,0.2,0.0003,0.2998046875,-0.011184083344414831,15.329440927505493,2120.27587890625,1000.0
439,1854,3796992,8639,0.104819655418396,-0.07285809516906738,78.38826484680176,0.030258274,34.916622161865234,9265,0.2,0.0003,0.2806640625,-0.006450789049267769,15.330620813369752,2120.27587890625,1000.0
439,1855,3799040,8643,0.10479506105184555,-0.33370864391326904,84.7771427154541,0.029407667,40.21253204345703,9270,0.2,0.0003,0.26767578125,-0.006459954986348748,15.332744979858399,2120.27587890625,1000.0
439,1856,3801088,8649,0.10475414246320724,-0.25979936122894287,63.02342224121094,0.03693377,33.045555114746094,9275,0.2,0.0003,0.29814453125,-0.012838596117217094,15.338786363601685,2111.799560546875,1000.0
439,1857,3803136,8654,0.10468932241201401,0.8374808430671692,36.75328693389893,0.040559866,18.227998733520508,9280,0.2,0.0003,0.3861328125,-0.009774765465408564,15.349863624572754,2111.799560546875,1000.0
439,1858,3805184,8659,0.10471100360155106,0.9427395462989807,19.501998949050904,0.03022403,8.577312469482422,9285,0.2,0.0003,0.33095703125,-0.008996348339132964,15.35620837211609,2111.799560546875,1000.0
439,1859,3807232,8664,0.10471490025520325,0.9343671798706055,21.693992042541502,0.084620856,9.9517240524292,9290,0.2,0.0003,0.4591796875,0.012871061742771417,15.353560161590575,2111.799560546875,1000.0
439,1860,3809280,8670,0.10468044877052307,0.9380452036857605,21.2275071144104,0.031035597,9.145499229431152,9295,0.2,0.0003,0.45771484375,0.00789347521495074,15.357349920272828,2137.30859375,1000.0
439,1861,3811328,8674,0.10457872599363327,0.9033732414245605,33.68106098175049,0.047847383,17.096006393432617,9300,0.2,0.0003,0.38017578125,-0.007067513046786189,15.367439317703248,2137.30859375,1000.0
439,1862,3813376,8679,0.10455863177776337,0.9126586318016052,32.66031608581543,0.027722418,15.742521286010742,9305,0.2,0.0003,0.32099609375,-0.011644729261752218,15.381681108474732,2137.30859375,1000.0
439,1863,3815424,8683,0.10455867648124695,0.9242995381355286,30.096150970458986,0.036053427,13.766952514648438,9310,0.2,0.0003,0.2970703125,-0.01373540163040161,15.381189489364624,2137.30859375,1000.0
439,1864,3817472,8689,0.10453029721975327,0.9330008029937744,28.171108627319335,0.032851808,13.312135696411133,9315,0.2,0.0003,0.3330078125,-0.012487724353559316,15.383752822875977,2113.404541015625,1000.0
439,1865,3819520,8694,0.10454809665679932,0.9347954392433167,17.965182733535766,0.043630682,9.66409683227539,9320,0.2,0.0003,0.376953125,-0.008559252414852381,15.388942861557007,2113.404541015625,1000.0
439,1866,3821568,8698,0.1045423075556755,0.9315201044082642,10.35821075439453,0.04671451,4.698764324188232,9325,0.2,0.0003,0.35087890625,-0.0050077866297215225,15.390858936309815,2113.404541015625,1000.0
439,1867,3823616,8703,0.10442392528057098,0.9197620749473572,10.143320512771606,0.058614463,4.497211933135986,9330,0.2,0.0003,0.39091796875,0.0005181499989703297,15.400431728363037,2113.404541015625,1000.0
439,1868,3825664,8708,0.10430159419775009,0.9034132361412048,11.932227849960327,0.06730247,6.237645626068115,9335,0.2,0.0003,0.50869140625,0.006390444200951606,15.425598430633546,2119.3994140625,1000.0
439,1869,3827712,8713,0.10429617017507553,0.9448755979537964,15.365834760665894,0.050287776,7.113502025604248,9340,0.2,0.0003,0.40107421875,-0.0004952240036800504,15.434356832504273,2119.3994140625,1000.0
439,1870,3829760,8717,0.10421483218669891,0.9452322125434875,16.96211075782776,0.053309847,7.944710731506348,9345,0.2,0.0003,0.434765625,-0.0055427543818950655,15.441129064559936,2119.3994140625,1000.0
439,1871,3831808,8722,0.10417784005403519,0.9478024244308472,17.360936164855957,0.05888168,8.033293724060059,9350,0.2,0.0003,0.43212890625,-0.007450486603192985,15.45343108177185,2119.3994140625,1000.0
439,1872,3833856,8727,0.10419487953186035,0.9514396786689758,17.252049732208253,0.036849722,8.14173698425293,9355,0.2,0.0003,0.37470703125,-0.006940228608436882,15.455059003829955,2136.444091796875,1000.0
439,1873,3835904,8732,0.10420134663581848,0.8719092607498169,41.94028453826904,0.063250825,19.75968360900879,9360,0.2,0.0003,0.41962890625,0.012331114592961967,15.449803495407105,2136.444091796875,1000.0
439,1874,3837952,8737,0.10415054857730865,0.9000722169876099,32.63860607147217,0.025273228,16.034772872924805,9365,0.2,0.0003,0.33857421875,-0.008189015788957477,15.453070211410523,2136.444091796875,1000.0
439,1875,3840000,8742,0.10410862416028976,0.9188365340232849,30.006310749053956,0.017995736,15.319195747375488,9370,0.2,0.0003,0.2212890625,-0.012691066414117814,15.463024806976318,2132.152587890625,1000.0
439,1876,3842048,8746,0.10410595685243607,0.9164461493492126,37.53557586669922,0.02090219,16.1831111907959,9375,0.2,0.0003,0.271875,-0.012466259405482561,15.467958116531372,2132.152587890625,1000.0
439,1877,3844096,8751,0.10414999723434448,0.9546731114387512,18.829149627685545,0.017169176,8.43566608428955,9380,0.2,0.0003,0.2515625,-0.014868787000887096,15.464802265167236,2132.152587890625,1000.0
439,1878,3846144,8755,0.10414360463619232,0.9372347593307495,21.716139793395996,0.028899945,10.111328125,9385,0.2,0.0003,0.29072265625,-0.01638604886829853,15.460598945617676,2132.152587890625,1000.0
439,1879,3848192,8761,0.10407370328903198,0.9581372737884521,15.140602588653564,0.056621145,7.570563793182373,9390,0.2,0.0003,0.39130859375,-0.012277219095267355,15.470414924621583,2141.21337890625,1000.0
439,1880,3850240,8765,0.10401225090026855,0.8939700722694397,33.16116895675659,0.034479745,13.99616527557373,9395,0.2,0.0003,0.3697265625,-0.011730317585170269,15.481301021575927,2141.21337890625,1000.0
439,1881,3852288,8770,0.10391160100698471,0.9590333700180054,18.382353496551513,0.033202205,8.564002990722656,9400,0.2,0.0003,0.32353515625,-0.015143594797700643,15.49376711845398,2141.21337890625,1000.0
439,1882,3854336,8774,0.10387958586215973,0.9571046233177185,20.30179042816162,0.036014143,9.694746971130371,9405,0.2,0.0003,0.39482421875,-0.010168777615763246,15.506716203689574,2141.21337890625,1000.0
439,1883,3856384,8780,0.10389009118080139,0.9756070375442505,13.835872793197632,0.043594584,6.690898895263672,9410,0.2,0.0003,0.33466796875,-0.011686392896808683,15.508234119415283,2139.478515625,1000.0
439,1884,3858432,8784,0.10391233116388321,0.9697346091270447,19.17387685775757,0.027921945,9.01109790802002,9415,0.2,0.0003,0.39287109375,0.006268849852494896,15.506154346466065,2139.478515625,1000.0
439,1885,3860480,8789,0.10390624403953552,0.9707772731781006,13.169219493865967,0.028270543,6.208221435546875,9420,0.2,0.0003,0.2861328125,-0.0122387376264669,15.504945755004883,2139.478515625,1000.0
439,1886,3862528,8793,0.1039300262928009,0.9747163653373718,12.644792509078979,0.019731587,5.1159868240356445,9425,0.2,0.0003,0.29111328125,-0.010295198508538305,15.502217626571655,2139.478515625,1000.0
439,1887,3864576,8799,0.1038680374622345,0.9789232015609741,10.4815110206604,0.030503629,4.539215564727783,9430,0.2,0.0003,0.294921875,-0.01827624486759305,15.504966545104981,2127.632080078125,1000.0
439,1888,3866624,8803,0.103788822889328,0.9724940061569214,21.374840211868285,0.021776352,12.226305961608887,9435,0.2,0.0003,0.2966796875,-0.016697515081614257,15.517796230316161,2127.632080078125,1000.0
439,1889,3868672,8808,0.10373649001121521,0.9902257919311523,10.566496467590332,0.033522565,4.924505233764648,9440,0.2,0.0003,0.312109375,-0.0058255132753401995,15.528763580322266,2127.632080078125,1000.0
439,1890,3870720,8813,0.1037706658244133,0.9895331263542175,11.015303373336792,0.06701252,4.930700302124023,9445,0.2,0.0003,0.425,0.0018462364561855793,15.532799768447877,2127.632080078125,1000.0
439,1891,3872768,8818,0.10385087132453918,0.9918698072433472,7.559177350997925,0.047398143,3.402815341949463,9450,0.2,0.0003,0.42890625,-0.004979395004920661,15.522766017913819,2147.8828125,1000.0
439,1892,3874816,8823,0.10389677435159683,0.9706769585609436,22.459624004364013,0.028513737,10.452523231506348,9455,0.2,0.0003,0.3396484375,-0.015250315377488732,15.5111873626709,2147.8828125,1000.0
439,1893,3876864,8827,0.10386990010738373,0.9658323526382446,21.706765747070314,0.037395068,11.287670135498047,9460,0.2,0.0003,0.34091796875,-0.017063180450350046,15.508542919158936,2147.8828125,1000.0
439,1894,3878912,8832,0.1038542240858078,0.9525293707847595,22.85138874053955,0.030336771,9.496116638183594,9465,0.2,0.0003,0.2921875,-0.016046860243659467,15.51421046257019,2147.8828125,1000.0
439,1895,3880960,8837,0.10385346412658691,0.9457898736000061,25.242118072509765,0.038042042,11.63585376739502,9470,0.2,0.0003,0.337890625,-0.015332923381356523,15.516797542572021,2132.482666015625,1000.0
439,1896,3883008,8842,0.10381539165973663,0.9553451538085938,18.5068359375,0.040337015,9.598494529724121,9475,0.2,0.0003,0.32626953125,-0.011659263004548847,15.519618368148803,2132.482666015625,1000.0
439,1897,3885056,8846,0.10382337123155594,0.9191773533821106,28.538430881500243,0.027744226,13.497490882873535,9480,0.2,0.0003,0.3076171875,-0.01459254203364253,15.523654413223266,2132.482666015625,1000.0
439,1898,3887104,8851,0.10382010042667389,0.9477522373199463,18.488808727264406,0.02894536,9.389521598815918,9485,0.2,0.0003,0.275390625,-0.01232295687077567,15.51926393508911,2132.482666015625,1000.0
439,1899,3889152,8856,0.10380343347787857,0.9376266002655029,26.62501745223999,0.028687123,12.012709617614746,9490,0.2,0.0003,0.343359375,-0.006307462905533611,15.523005437850951,2143.107421875,1000.0
439,1900,3891200,8861,0.10379108786582947,0.9516069293022156,20.425053310394286,0.023008894,9.857983589172363,9495,0.2,0.0003,0.3568359375,-0.004309118445962668,15.527007055282592,2143.107421875,1000.0
439,1901,3893248,8866,0.10377231240272522,0.971440315246582,8.965472936630249,0.05055169,3.933452606201172,9500,0.2,0.0003,0.355859375,-0.004919398669153452,15.529460144042968,2143.107421875,1000.0
439,1902,3895296,8871,0.10377064347267151,0.9496463537216187,12.980933427810669,0.018481046,6.7523016929626465,9505,0.2,0.0003,0.2361328125,-0.01163226410280913,15.532827186584473,2143.107421875,1000.0
439,1903,3897344,8877,0.10375797748565674,0.8958792686462402,20.96355390548706,0.02431428,10.399426460266113,9510,0.2,0.0003,0.3150390625,-0.011434206872945652,15.533970975875855,2154.17822265625,1000.0
439,1904,3899392,8881,0.10375870764255524,0.8317099213600159,23.88856439590454,0.026804304,11.600059509277344,9515,0.2,0.0003,0.29931640625,-0.013723527849651872,15.53708724975586,2154.17822265625,1000.0
439,1905,3901440,8885,0.1036543920636177,0.8523889183998108,14.446927642822265,0.03668961,6.110674858093262,9520,0.2,0.0003,0.3669921875,-0.011282695597037673,15.543355989456177,2154.17822265625,1000.0
439,1906,3903488,8890,0.10358887165784836,0.7911417484283447,17.72210474014282,0.048317514,8.839471817016602,9525,0.2,0.0003,0.4533203125,-0.0036347020883113145,15.562214612960815,2154.17822265625,1000.0
438,1907,3905536,8896,0.10362504422664642,0.5998660326004028,27.37266664505005,0.04332996,12.437433242797852,9530,0.2,0.0003,0.40185546875,-0.013088610535487533,15.563473796844482,2152.96240234375,1000.0
438,1908,3907584,8901,0.10366585850715637,0.8942129611968994,20.202167224884032,0.05020191,9.681807518005371,9535,0.2,0.0003,0.4439453125,0.0016162736224941908,15.556661796569824,2152.96240234375,1000.0
439,1909,3909632,8905,0.10370755940675735,0.9318557381629944,16.29137864112854,0.060293976,8.126307487487793,9540,0.2,0.0003,0.4763671875,0.012727256887592376,15.55490493774414,2152.96240234375,1000.0
439,1910,3911680,8910,0.10372089594602585,0.9436649084091187,14.512921810150146,0.04675073,6.741654872894287,9545,0.2,0.0003,0.44169921875,-0.0017309032147750259,15.552175045013428,2152.96240234375,1000.0
438,1911,3913728,8915,0.10366877168416977,0.9530526995658875,12.41850757598877,0.05155162,6.184269905090332,9550,0.2,0.0003,0.35341796875,-0.010004846146330237,15.557228326797485,2156.68359375,1000.0
438,1912,3915776,8920,0.1036994457244873,0.9195053577423096,24.52755832672119,0.057276167,11.946276664733887,9555,0.2,0.0003,0.49521484375,0.0015843847068026662,15.563964653015137,2156.68359375,1000.0
438,1913,3917824,8924,0.1036970466375351,0.9261959195137024,21.344690990447997,0.0606393,10.803834915161133,9560,0.2,0.0003,0.44052734375,-0.004040127340704203,15.56150155067444,2156.68359375,1000.0
438,1914,3919872,8929,0.10366957634687424,0.934328556060791,19.865240955352782,0.051159486,9.14699935913086,9565,0.2,0.0003,0.40849609375,-0.01377404173836112,15.564663982391357,2156.68359375,1000.0
438,1915,3921920,8935,0.10362759977579117,0.9378649592399597,19.981348609924318,0.041463412,9.310466766357422,9570,0.2,0.0003,0.369921875,-0.007724381517618895,15.57186598777771,2155.87646484375,1000.0
438,1916,3923968,8939,0.10360652208328247,0.9611444473266602,13.109993839263916,0.032526504,6.872889041900635,9575,0.2,0.0003,0.32958984375,-0.0066764366813004015,15.578189611434937,2155.87646484375,1000.0
438,1917,3926016,8943,0.10357338190078735,0.9616348743438721,13.598346090316772,0.034491815,5.750269889831543,9580,0.2,0.0003,0.3650390625,0.002612400194630027,15.584268474578858,2155.87646484375,1000.0
438,1918,3928064,8949,0.10345128178596497,0.9560431838035583,11.961056900024413,0.03627698,6.486118316650391,9585,0.2,0.0003,0.38076171875,-0.007529766112565994,15.597714376449584,2142.6650390625,1000.0
438,1919,3930112,8953,0.10340766608715057,0.9467244744300842,13.58422327041626,0.03227775,7.246538162231445,9590,0.2,0.0003,0.3142578125,-0.008749872143380345,15.615183544158935,2142.6650390625,1000.0
438,1920,3932160,8958,0.1033577248454094,0.9400649666786194,19.844289779663086,0.03717868,8.992753028869629,9595,0.2,0.0003,0.31201171875,-0.01940122661180794,15.620696449279786,2142.6650390625,1000.0
438,1921,3934208,8962,0.10339507460594177,0.9595588445663452,13.91199016571045,0.052669626,6.439835548400879,9600,0.2,0.0003,0.36884765625,-0.01922600024845451,15.623858118057251,2142.6650390625,1000.0
438,1922,3936256,8968,0.10339374840259552,0.95841383934021,17.905859613418578,0.037293926,8.270148277282715,9605,0.2,0.0003,0.34638671875,-0.012368810176849366,15.620727396011352,2163.7529296875,1000.0
438,1923,3938304,8972,0.10335007309913635,0.9440868496894836,23.674742889404296,0.04443097,10.234793663024902,9610,0.2,0.0003,0.3830078125,-0.011871653771959246,15.624161720275879,2163.7529296875,1000.0
438,1924,3940352,8977,0.10331978648900986,0.868627667427063,41.41530590057373,0.025311137,18.833799362182617,9615,0.2,0.0003,0.26123046875,-0.011224710731767118,15.630224180221557,2163.7529296875,1000.0
438,1925,3942400,8981,0.10328271985054016,0.8819579482078552,35.52538423538208,0.023806388,15.114490509033203,9620,0.2,0.0003,0.234765625,-0.01141647684853524,15.635764598846436,2163.7529296875,1000.0
438,1926,3944448,8987,0.10325749963521957,0.8798975944519043,43.87485237121582,0.020100437,19.291269302368164,9625,0.2,0.0003,0.2736328125,-0.0037349706748500467,15.64144229888916,2158.178466796875,1000.0
438,1927,3946496,8992,0.10324069857597351,0.9092947840690613,30.408743572235107,0.024382383,16.92408561706543,9630,0.2,0.0003,0.24052734375,-0.016456000035395844,15.64524598121643,2158.178466796875,1000.0
438,1928,3948544,8996,0.10323725640773773,0.9811787605285645,12.936718535423278,0.032642975,3.2783098220825195,9635,0.2,0.0003,0.2767578125,-0.0019206495257094503,15.64743881225586,2158.178466796875,1000.0
438,1929,3950592,9000,0.103207066655159,0.9831083416938782,12.12448000907898,0.069625735,4.2149977684021,9640,0.2,0.0003,0.4486328125,0.023662514111492783,15.649187660217285,2158.178466796875,1000.0
438,1930,3952640,9006,0.10319292545318604,0.9759383201599121,10.13056378364563,0.028630054,4.746538162231445,9645,0.2,0.0003,0.2677734375,-0.020761934434995057,15.656708717346191,2182.708740234375,1000.0
438,1931,3954688,9010,0.1032472550868988,0.9330301880836487,26.30954532623291,0.037572384,11.479805946350098,9650,0.2,0.0003,0.39912109375,-0.00996617772616446,15.65372052192688,2182.708740234375,1000.0
438,1932,3956736,9015,0.10333797335624695,0.8676390051841736,35.278676700592044,0.05129045,15.876290321350098,9655,0.2,0.0003,0.409765625,-0.009182622097432614,15.63985013961792,2182.708740234375,1000.0
438,1933,3958784,9019,0.10339535772800446,0.8069738149642944,46.65645179748535,0.056427762,20.715925216674805,9660,0.2,0.0003,0.4234375,0.007912632403895259,15.626210784912109,2182.708740234375,1000.0
438,1934,3960832,9025,0.10334576666355133,0.8018490672111511,44.35863742828369,0.04640807,16.787546157836914,9665,0.2,0.0003,0.41669921875,-0.00697388022672385,15.626945447921752,2183.315185546875,1000.0
438,1935,3962880,9029,0.1033453643321991,0.8261932134628296,37.382539939880374,0.045053862,17.48179817199707,9670,0.2,0.0003,0.39970703125,-0.01162590014282614,15.633513975143433,2183.315185546875,1000.0
438,1936,3964928,9033,0.10338976979255676,0.9433894157409668,12.721881628036499,0.040519066,5.629780292510986,9675,0.2,0.0003,0.39580078125,-0.003818289679475129,15.632727718353271,2183.315185546875,1000.0
438,1937,3966976,9038,0.10342814773321152,0.9404575228691101,14.271942043304444,0.048085406,7.207521915435791,9680,0.2,0.0003,0.439453125,-0.009581039554905146,15.628401279449463,2183.315185546875,1000.0
438,1938,3969024,9043,0.10335122793912888,0.9456028938293457,12.267472791671754,0.079553664,6.01729154586792,9685,0.2,0.0003,0.51435546875,0.003037187154404819,15.633192586898804,2182.89306640625,1000.0
438,1939,3971072,9049,0.10338351130485535,0.95210200548172,11.949150037765502,0.046700217,6.351508617401123,9690,0.2,0.0003,0.441796875,-0.007992329960688948,15.63841290473938,2182.89306640625,1000.0
438,1940,3973120,9054,0.10344982147216797,0.9416417479515076,15.217292308807373,0.07051885,7.266476631164551,9695,0.2,0.0003,0.48173828125,-0.005268557043746114,15.629786920547485,2182.89306640625,1000.0
438,1941,3975168,9058,0.10349351912736893,0.9351104497909546,14.887504625320435,0.057293743,6.930673122406006,9700,0.2,0.0003,0.44521484375,-0.008598070364678278,15.624143981933594,2182.89306640625,1000.0
438,1942,3977216,9065,0.10347079485654831,0.9500783681869507,13.87440047264099,0.05343786,7.0177812576293945,9705,0.2,0.0003,0.4091796875,-0.011819761502556503,15.62002453804016,2171.13916015625,1000.0
438,1943,3979264,9070,0.10346097499132156,0.7674664258956909,48.621111679077146,0.042342626,24.331645965576172,9710,0.2,0.0003,0.41328125,-0.005062001547776163,15.625402450561523,2171.13916015625,1000.0
438,1944,3981312,9074,0.10342609137296677,0.516817569732666,53.053798294067384,0.038644493,23.673465728759766,9715,0.2,0.0003,0.32919921875,-0.0077988652279600505,15.629515886306763,2171.13916015625,1000.0
438,1945,3983360,9079,0.10343138128519058,0.5649978518486023,47.19942569732666,0.03764047,21.265403747558594,9720,0.2,0.0003,0.3630859375,-0.0026261740596964954,15.634057426452637,2171.13916015625,1000.0
438,1946,3985408,9085,0.10341547429561615,0.6086193323135376,46.23014831542969,0.02589777,22.353788375854492,9725,0.2,0.0003,0.29794921875,-0.010864304238930344,15.63421664237976,2173.88525390625,1000.0
438,1947,3987456,9090,0.10343163460493088,0.8776425719261169,41.32886848449707,0.03147286,18.78226089477539,9730,0.2,0.0003,0.3369140625,-0.013504028227180243,15.634014701843261,2173.88525390625,1000.0
438,1948,3989504,9094,0.10349664837121964,0.9630212187767029,16.55333819389343,0.03748242,6.661711692810059,9735,0.2,0.0003,0.310546875,-0.01469261793536134,15.627835369110107,2173.88525390625,1000.0
438,1949,3991552,9099,0.10350997000932693,0.9640005826950073,18.11584391593933,0.03679259,7.399444580078125,9740,0.2,0.0003,0.36611328125,-0.01665611839853227,15.620578908920288,2173.88525390625,1000.0
438,1950,3993600,9105,0.10354007035493851,0.948678195476532,31.751427555084227,0.026139703,15.895462989807129,9745,0.2,0.0003,0.3208984375,-0.008105525269638748,15.617950630187988,2176.310791015625,1000.0
438,1951,3995648,9109,0.10358073562383652,0.9188410043716431,59.46376037597656,0.019053854,27.354572296142578,9750,0.2,0.0003,0.2111328125,-0.014316394366323948,15.613149070739746,2176.310791015625,1000.0
438,1952,3997696,9113,0.10362939536571503,0.9232298731803894,60.37098007202148,0.034724545,25.985719680786133,9755,0.2,0.0003,0.35263671875,-0.003134458581916988,15.605400943756104,2176.310791015625,1000.0
438,1953,3999744,9118,0.10353809595108032,0.9429579377174377,42.71576900482178,0.024769746,19.729055404663086,9760,0.2,0.0003,0.31416015625,-0.012956453813239932,15.606314039230346,2176.310791015625,1000.0
438,1954,4001792,9123,0.1034492552280426,0.9276022911071777,56.861758613586424,0.030029578,29.075925827026367,9765,0.2,0.0003,0.33203125,-0.007722794520668685,15.625183868408204,2168.02099609375,1000.0
438,1955,4003840,9128,0.10344868153333664,0.924363911151886,31.898105335235595,0.033477172,14.797054290771484,9770,0.2,0.0003,0.308984375,-0.015552694397047161,15.634291887283325,2168.02099609375,1000.0
438,1956,4005888,9132,0.10344517230987549,0.925940990447998,22.59770736694336,0.021504669,12.222676277160645,9775,0.2,0.0003,0.2919921875,-0.012649263627827168,15.63464970588684,2168.02099609375,1000.0
438,1957,4007936,9137,0.10336071252822876,0.9540553092956543,15.649483394622802,0.032090966,7.5972900390625,9780,0.2,0.0003,0.27421875,-0.008468186855316162,15.641492080688476,2168.02099609375,1000.0
438,1958,4009984,9142,0.10327121615409851,0.9641020894050598,12.02840428352356,0.03106691,5.9239678382873535,9785,0.2,0.0003,0.34951171875,-0.0050245207268744705,15.659309673309327,2169.7099609375,1000.0
438,1959,4012032,9147,0.10326145589351654,0.8536638021469116,29.51402997970581,0.026829377,14.500205993652344,9790,0.2,0.0003,0.32548828125,-0.016836039000190796,15.668188190460205,2169.7099609375,1000.0
438,1960,4014080,9151,0.10329936444759369,0.8899263739585876,16.184007501602174,0.024955178,7.868871212005615,9795,0.2,0.0003,0.26669921875,-0.017935550736729054,15.666017627716064,2169.7099609375,1000.0
438,1961,4016128,9157,0.10325335711240768,0.8883958458900452,16.145896100997923,0.027162345,8.529465675354004,9800,0.2,0.0003,0.298828125,-0.017097060289233922,15.665353059768677,2176.22802734375,1000.0
438,1962,4018176,9161,0.1031971275806427,0.882739782333374,21.90302791595459,0.029136764,11.822420120239258,9805,0.2,0.0003,0.29267578125,-0.014265669044107199,15.676184272766113,2176.22802734375,1000.0
438,1963,4020224,9166,0.10318367928266525,0.8972731232643127,70.70393409729004,0.041066326,33.690574645996094,9810,0.2,0.0003,0.4205078125,-0.0042979896068573,15.68214693069458,2176.22802734375,1000.0
438,1964,4022272,9171,0.10320008546113968,0.9130248427391052,66.65869884490967,0.02587001,28.617109298706055,9815,0.2,0.0003,0.27919921875,-0.01361855516443029,15.68143925666809,2176.22802734375,1000.0
438,1965,4024320,9178,0.10320903360843658,0.9395262598991394,52.765068244934085,0.017447762,21.792598724365234,9820,0.2,0.0003,0.27939453125,-0.01657311897724867,15.678112077713013,2169.346923828125,1000.0
438,1966,4026368,9183,0.10319404304027557,0.9417439103126526,57.03490142822265,0.024593417,26.182209014892578,9825,0.2,0.0003,0.24248046875,-0.016433093999512493,15.679018259048462,2169.346923828125,1000.0
438,1967,4028416,9188,0.10315508395433426,0.9386377334594727,37.43729114532471,0.036494605,17.314292907714844,9830,0.2,0.0003,0.34111328125,-0.018905566417379303,15.683863925933839,2169.346923828125,1000.0
438,1968,4030464,9192,0.103086918592453,0.9198575615882874,39.83627128601074,0.03843484,18.939138412475586,9835,0.2,0.0003,0.3349609375,-0.014075440866872669,15.69336667060852,2169.346923828125,1000.0
438,1969,4032512,9199,0.10304448008537292,0.9027428030967712,41.5389627456665,0.045157056,20.997276306152344,9840,0.2,0.0003,0.38994140625,-0.008230457897298038,15.706198406219482,2167.04541015625,1000.0
438,1970,4034560,9203,0.10304626822471619,0.8571119904518127,43.23337287902832,0.04771743,20.29799461364746,9845,0.2,0.0003,0.39755859375,-0.01540176486596465,15.710729932785034,2167.04541015625,1000.0
438,1971,4036608,9207,0.10293927788734436,0.8417572975158691,24.94434518814087,0.052628282,10.549918174743652,9850,0.2,0.0003,0.40224609375,-0.005617282376624644,15.719695138931275,2167.04541015625,1000.0
438,1972,4038656,9212,0.10286223888397217,0.9304243922233582,11.214733362197876,0.03279936,3.870760679244995,9855,0.2,0.0003,0.33486328125,-0.010415544337593018,15.737607860565186,2167.04541015625,1000.0
438,1973,4040704,9217,0.10280296206474304,0.9260482788085938,12.343223476409912,0.04065358,4.535942077636719,9860,0.2,0.0003,0.43818359375,-0.003484545974060893,15.74912142753601,2162.28759765625,1000.0
438,1974,4042752,9222,0.10282748192548752,0.9517922401428223,14.06156554222107,0.040605947,6.7925004959106445,9865,0.2,0.0003,0.438671875,0.004828467196784913,15.751329565048218,2162.28759765625,1000.0
438,1975,4044800,9227,0.10281188786029816,0.9730256795883179,12.424847173690797,0.03657305,5.620816707611084,9870,0.2,0.0003,0.4015625,0.00027712020091712474,15.749795198440552,2162.28759765625,1000.0
438,1976,4046848,9231,0.10283049941062927,0.9414830803871155,24.001855850219727,0.038067818,10.599517822265625,9875,0.2,0.0003,0.42490234375,-0.007389280525967479,15.750668811798096,2162.28759765625,1000.0
438,1977,4048896,9237,0.10282611101865768,0.9606564044952393,13.803291368484498,0.038900774,6.936650276184082,9880,0.2,0.0003,0.3517578125,-0.009432603616733103,15.747139120101929,2175.24755859375,1000.0
438,1978,4050944,9242,0.10270875692367554,0.898857057094574,28.30537176132202,0.055749733,13.527511596679688,9885,0.2,0.0003,0.4740234375,-0.005590667412616312,15.757018423080444,2175.24755859375,1000.0
438,1979,4052992,9247,0.10266035050153732,0.9290009140968323,15.081696796417237,0.05621504,7.414345741271973,9890,0.2,0.0003,0.41748046875,-0.011277158558368684,15.77218837738037,2175.24755859375,1000.0
438,1980,4055040,9251,0.10263141989707947,0.9480317831039429,11.499566507339477,0.04260166,5.102685928344727,9895,0.2,0.0003,0.4095703125,-0.007148148398846388,15.779987287521362,2175.24755859375,1000.0
438,1981,4057088,9258,0.10266212373971939,0.9516563415527344,12.046065616607667,0.06493656,5.833986282348633,9900,0.2,0.0003,0.44423828125,-0.004925768834073097,15.784469985961914,2173.334716796875,1000.0
438,1982,4059136,9263,0.10269877314567566,0.9066901206970215,46.43009605407715,0.029889712,19.7694091796875,9905,0.2,0.0003,0.41220703125,0.002614721632562578,15.77772946357727,2173.334716796875,1000.0
438,1983,4061184,9267,0.10265915840864182,0.8465679287910461,47.3980167388916,0.03336168,19.98663330078125,9910,0.2,0.0003,0.313671875,-0.020379684679210187,15.776318407058715,2173.334716796875,1000.0
438,1984,4063232,9272,0.10260461270809174,0.8038453459739685,40.30979671478271,0.025734805,13.979662895202637,9915,0.2,0.0003,0.29111328125,-0.011103134509176016,15.785868263244629,2173.334716796875,1000.0
438,1985,4065280,9277,0.10262859612703323,0.7934331893920898,30.88250598907471,0.03014433,13.433473587036133,9920,0.2,0.0003,0.3482421875,-0.017178363958373667,15.788464164733886,2157.662109375,1000.0
438,1986,4067328,9282,0.10262094438076019,0.7569983601570129,32.111901473999026,0.042203076,15.761043548583984,9925,0.2,0.0003,0.395703125,-0.0150060941465199,15.784501314163208,2157.662109375,1000.0
438,1987,4069376,9287,0.10257665067911148,0.8745262026786804,13.598267459869385,0.03201909,5.675531387329102,9930,0.2,0.0003,0.34306640625,-0.001445428328588605,15.789696407318115,2157.662109375,1000.0
438,1988,4071424,9291,0.10257047414779663,0.8638615012168884,14.686270380020142,0.049932018,6.442315101623535,9935,0.2,0.0003,0.4380859375,-0.001981791958678514,15.79525032043457,2157.662109375,1000.0
438,1989,4073472,9297,0.10258859395980835,0.9186962842941284,11.29088659286499,0.040662866,4.439499378204346,9940,0.2,0.0003,0.49521484375,0.023975004930980502,15.792415761947632,2162.16748046875,1000.0
438,1990,4075520,9301,0.10260532796382904,0.7736825346946716,27.0651611328125,0.048211515,12.369802474975586,9945,0.2,0.0003,0.42509765625,-0.01044536423869431,15.78954381942749,2162.16748046875,1000.0
438,1991,4077568,9306,0.10256551206111908,0.5837554931640625,37.03437795639038,0.06631085,18.48304557800293,9950,0.2,0.0003,0.4693359375,0.009627005807124079,15.792980623245239,2162.16748046875,1000.0
438,1992,4079616,9310,0.10257512331008911,0.5470366477966309,29.717994689941406,0.066762134,13.35246753692627,9955,0.2,0.0003,0.43642578125,-0.008251510094851255,15.801021528244018,2162.16748046875,1000.0
438,1993,4081664,9316,0.10262014716863632,0.6249249577522278,18.020379877090456,0.0870307,8.448691368103027,9960,0.2,0.0003,0.4638671875,-0.009588693710975349,15.79565200805664,2156.65380859375,1000.0
438,1994,4083712,9321,0.10266131162643433,0.4231148958206177,88.29061775207519,0.064758345,39.13166046142578,9965,0.2,0.0003,0.540625,0.03372685523936525,15.791395950317384,2156.65380859375,1000.0
438,1995,4085760,9325,0.10269397497177124,0.4766492247581482,81.21682395935059,0.036157407,34.65040969848633,9970,0.2,0.0003,0.29541015625,-0.008234249777160585,15.783456945419312,2156.65380859375,1000.0
438,1996,4087808,9330,0.10267423093318939,0.5605114102363586,71.75140533447265,0.041288093,35.73527526855469,9975,0.2,0.0003,0.29423828125,-0.00981984317768365,15.782197904586791,2156.65380859375,1000.0
438,1997,4089856,9335,0.10259857773780823,0.5388022661209106,79.71000709533692,0.042973634,38.45143127441406,9980,0.2,0.0003,0.4076171875,0.00039779148064553735,15.790551900863647,2145.01953125,1000.0
438,1998,4091904,9340,0.10257742553949356,0.6185764074325562,38.40064811706543,0.0513969,18.619714736938477,9985,0.2,0.0003,0.37548828125,-0.013769506243988872,15.800479125976562,2145.01953125,1000.0
438,1999,4093952,9344,0.10259076952934265,0.649331271648407,36.85181636810303,0.03797304,17.970338821411133,9990,0.2,0.0003,0.3798828125,0.0039022078737616537,15.799199962615967,2145.01953125,1000.0
438,2000,4096000,9350,0.10259049385786057,0.6132134795188904,43.73177833557129,0.02764906,18.725475311279297,9995,0.2,0.0003,0.2669921875,-0.01224948288872838,15.799129915237426,2146.550537109375,1000.0
438,2001,4098048,9354,0.10260049998760223,0.5981228351593018,44.17200984954834,0.03475796,20.861358642578125,10000,0.2,0.0003,0.29208984375,-0.011873046774417162,15.799240064620971,2146.550537109375,1000.0
438,2002,4100096,9358,0.10263001918792725,0.48325401544570923,78.8513313293457,0.04812163,34.40299606323242,10005,0.2,0.0003,0.4296875,0.011186923645436764,15.791654920578003,2146.550537109375,1000.0
438,2003,4102144,9363,0.10266441851854324,0.6044284105300903,67.47943801879883,0.04717128,32.309574127197266,10010,0.2,0.0003,0.3173828125,-0.005739959771744907,15.787033939361573,2146.550537109375,1000.0
438,2004,4104192,9368,0.10266762971878052,0.6120019555091858,49.17848205566406,0.048035316,24.986087799072266,10015,0.2,0.0003,0.31923828125,-0.010179972555488349,15.780915260314941,2136.6064453125,1000.0
438,2005,4106240,9373,0.10262290388345718,0.6414051651954651,45.69130039215088,0.033410557,23.46595001220703,10020,0.2,0.0003,0.35849609375,-0.007536455686204135,15.784141492843627,2136.6064453125,1000.0
438,2006,4108288,9377,0.10256008803844452,0.84815913438797,24.26145648956299,0.035786904,9.656269073486328,10025,0.2,0.0003,0.35908203125,-0.011332967388443648,15.797201490402221,2136.6064453125,1000.0
438,2007,4110336,9382,0.10254743695259094,0.8967497944831848,20.05467834472656,0.03966997,7.546656608581543,10030,0.2,0.0003,0.45849609375,0.01197915740776807,15.80663890838623,2136.6064453125,1000.0
438,2008,4112384,9387,0.10249895602464676,0.9062443375587463,20.563499164581298,0.030832138,9.26203441619873,10035,0.2,0.0003,0.2962890625,-0.012910512136295437,15.808356714248657,2140.867431640625,1000.0
438,2009,4114432,9392,0.1025313064455986,0.9207266569137573,20.969007778167725,0.048851594,9.464983940124512,10040,0.2,0.0003,0.36416015625,-0.014232586976140738,15.814011430740356,2140.867431640625,1000.0
438,2010,4116480,9396,0.10258817672729492,0.955550491809845,14.58547396659851,0.05594527,6.655112266540527,10045,0.2,0.0003,0.4591796875,-0.008768349164165556,15.803362035751343,2140.867431640625,1000.0
438,2011,4118528,9401,0.10259363055229187,0.9492956399917603,18.87691984176636,0.05033563,9.468927383422852,10050,0.2,0.0003,0.37529296875,-0.008810527948662638,15.799564552307128,2140.867431640625,1000.0
438,2012,4120576,9407,0.10250011831521988,0.9541115164756775,16.603158950805664,0.03704179,6.913599491119385,10055,0.2,0.0003,0.3806640625,-0.013379464705940336,15.808901691436768,2148.970458984375,1000.0
438,2013,4122624,9412,0.10246970504522324,0.9245215654373169,32.856021881103516,0.032065295,16.747970581054688,10060,0.2,0.0003,0.3435546875,-0.014345822564791888,15.821759366989136,2148.970458984375,1000.0
437,2014,4124672,9417,0.10248897224664688,0.9267968535423279,29.17625484466553,0.022540573,11.508343696594238,10065,0.2,0.0003,0.25654296875,-0.015506440389435739,15.822014760971069,2148.970458984375,1000.0
438,2015,4126720,9421,0.1025097519159317,0.9522663354873657,22.144108772277832,0.023290224,8.656800270080566,10070,0.2,0.0003,0.29912109375,-0.010571653419174255,15.818212127685547,2148.970458984375,1000.0
437,2016,4128768,9427,0.10250355303287506,0.956526517868042,27.177348613739014,0.02414284,10.231672286987305,10075,0.2,0.0003,0.29619140625,-0.007846351293846966,15.815872955322266,2122.5849609375,1000.0
437,2017,4130816,9431,0.10251697152853012,0.9655591249465942,26.3222695350647,0.03976208,12.153047561645508,10080,0.2,0.0003,0.3375,-0.018218660086859018,15.816365671157836,2122.5849609375,1000.0
437,2018,4132864,9436,0.10249852389097214,0.9853863716125488,13.712108612060547,0.023871336,5.955596923828125,10085,0.2,0.0003,0.253125,-0.011849617096595466,15.816612100601196,2122.5849609375,1000.0
437,2019,4134912,9441,0.10246247053146362,0.9827216267585754,14.459013271331788,0.029813332,6.381437301635742,10090,0.2,0.0003,0.27607421875,-0.013285681628622115,15.822371530532838,2122.5849609375,1000.0
437,2020,4136960,9446,0.10242943465709686,0.9823582172393799,13.243864440917969,0.035291113,6.470252513885498,10095,0.2,0.0003,0.35869140625,-0.008379828254692256,15.828714323043823,2131.952880859375,1000.0
437,2021,4139008,9450,0.10241251438856125,0.9262993335723877,53.73468227386475,0.029235277,25.010175704956055,10100,0.2,0.0003,0.36630859375,-0.00783437214558944,15.836262273788453,2131.952880859375,1000.0
437,2022,4141056,9455,0.10241957753896713,0.9261174201965332,43.99354248046875,0.02928054,20.79768180847168,10105,0.2,0.0003,0.30625,-0.013931519398465753,15.836495065689087,2131.952880859375,1000.0
437,2023,4143104,9459,0.10243255645036697,0.8869969248771667,63.12198543548584,0.032025788,30.628833770751953,10110,0.2,0.0003,0.2921875,-0.018387224664911626,15.835177659988403,2131.952880859375,1000.0
437,2024,4145152,9465,0.10242646187543869,0.886474609375,60.55140380859375,0.04304147,27.85580062866211,10115,0.2,0.0003,0.320703125,-0.015077519253827632,15.834372282028198,2115.82763671875,1000.0
437,2025,4147200,9469,0.10239790380001068,0.8987864255905151,42.17685775756836,0.03139568,18.872512817382812,10120,0.2,0.0003,0.31201171875,-0.01848021640907973,15.837438106536865,2115.82763671875,1000.0
437,2026,4149248,9473,0.10239079594612122,0.9108322262763977,29.551361274719238,0.030590298,12.610764503479004,10125,0.2,0.0003,0.36279296875,-0.01608343336265534,15.841344165802003,2115.82763671875,1000.0
437,2027,4151296,9478,0.10237665474414825,0.947876513004303,17.741842842102052,0.03916979,8.430296897888184,10130,0.2,0.0003,0.3818359375,-0.01522445804439485,15.841789245605469,2115.82763671875,1000.0
437,2028,4153344,9483,0.10232840478420258,0.9521008133888245,18.945794200897218,0.031446572,8.889598846435547,10135,0.2,0.0003,0.3498046875,-0.017776559479534625,15.847054862976075,2106.7197265625,1000.0
437,2029,4155392,9488,0.10226736962795258,0.8610947132110596,51.92149639129639,0.03834275,25.335657119750977,10140,0.2,0.0003,0.3642578125,-0.01238839781144634,15.857045316696167,2106.7197265625,1000.0
437,2030,4157440,9492,0.10222317278385162,0.8442815542221069,43.59739093780517,0.04988642,19.85723876953125,10145,0.2,0.0003,0.33427734375,-0.016017078305594623,15.8637686252594,2106.7197265625,1000.0
437,2031,4159488,9497,0.10219940543174744,0.8168046474456787,45.493713188171384,0.03391153,21.131977081298828,10150,0.2,0.0003,0.35205078125,-0.012284516775980591,15.870429849624633,2106.7197265625,1000.0
437,2032,4161536,9502,0.10217571258544922,0.7798384428024292,45.03278560638428,0.054801114,21.176820755004883,10155,0.2,0.0003,0.45498046875,-0.011134048434905707,15.8720862865448,2089.2294921875,1000.0
437,2033,4163584,9507,0.10209760069847107,0.8938050866127014,33.34505205154419,0.040368017,16.621776580810547,10160,0.2,0.0003,0.35595703125,-0.01463215674739331,15.882308006286621,2089.2294921875,1000.0
437,2034,4165632,9511,0.10206034779548645,0.9552175402641296,14.402043390274049,0.06829757,6.062626361846924,10165,0.2,0.0003,0.46513671875,-0.01211130798328668,15.895879888534546,2089.2294921875,1000.0
437,2035,4167680,9516,0.10210751742124557,0.9516928791999817,18.935747146606445,0.07653725,8.458101272583008,10170,0.2,0.0003,0.5138671875,0.015739582292735577,15.895911121368409,2089.2294921875,1000.0
437,2036,4169728,9521,0.10210300981998444,0.9596862196922302,18.404493522644042,0.057991557,8.778732299804688,10175,0.2,0.0003,0.455078125,-0.008021256234496833,15.891632318496704,2098.2998046875,1000.0
437,2037,4171776,9526,0.10211417078971863,0.8312849998474121,90.99333419799805,0.040849663,45.82636260986328,10180,0.2,0.0003,0.44130859375,0.014601316500920803,15.896706438064575,2098.2998046875,1000.0
437,2038,4173824,9531,0.10211960226297379,0.825554609298706,102.5524772644043,0.01937807,48.81952667236328,10185,0.2,0.0003,0.252734375,-0.0005496862810105086,15.893830966949462,2098.2998046875,1000.0
437,2039,4175872,9535,0.10210555046796799,0.8443721532821655,93.0096435546875,0.014801286,43.84834289550781,10190,0.2,0.0003,0.14326171875,-0.01722795618698001,15.895762157440185,2098.2998046875,1000.0
437,2040,4177920,9541,0.10208112001419067,0.8572620153427124,89.6515007019043,0.023518752,44.41218566894531,10195,0.2,0.0003,0.17392578125,-0.01492611861322075,15.898691177368164,2070.203857421875,1000.0
437,2041,4179968,9545,0.10206247866153717,0.8124817609786987,71.4171646118164,0.025351087,30.839500427246094,10200,0.2,0.0003,0.28359375,-0.015572335198521614,15.903254127502441,2070.203857421875,1000.0
437,2042,4182016,9549,0.10206207633018494,0.8616675734519958,50.61533164978027,0.019364458,24.778152465820312,10205,0.2,0.0003,0.225,-0.014249070594087244,15.903786659240723,2070.203857421875,1000.0
437,2043,4184064,9555,0.1020527109503746,0.8519448637962341,47.428298759460446,0.0403161,23.75065040588379,10210,0.2,0.0003,0.35341796875,-0.010508539853617549,15.904522514343261,2074.36181640625,1000.0
437,2044,4186112,9560,0.10201160609722137,0.8602980971336365,46.4762825012207,0.029567514,22.723838806152344,10215,0.2,0.0003,0.31298828125,-0.017439518612809478,15.907795667648315,2074.36181640625,1000.0
437,2045,4188160,9564,0.10196691751480103,0.9554347991943359,16.509760093688964,0.026313737,7.527218341827393,10220,0.2,0.0003,0.3666015625,-0.004313066089525819,15.917750453948974,2074.36181640625,1000.0
437,2046,4190208,9569,0.10195478796958923,0.9580363035202026,16.33569965362549,0.031832896,6.898103713989258,10225,0.2,0.0003,0.31142578125,-0.011646464467048645,15.922776174545287,2074.36181640625,1000.0
437,2047,4192256,9575,0.10192441940307617,0.9624764323234558,13.100627088546753,0.023303939,5.956598281860352,10230,0.2,0.0003,0.26552734375,-0.012451985524967313,15.925268363952636,2070.386474609375,1000.0
437,2048,4194304,9580,0.10190059244632721,0.9292744398117065,22.96307239532471,0.041569676,10.309886932373047,10235,0.2,0.0003,0.414453125,-0.00414356078254059,15.931888866424561,2070.386474609375,1000.0
437,2049,4196352,9585,0.1018354669213295,0.9440896511077881,13.07218885421753,0.033793677,5.339169502258301,10240,0.2,0.0003,0.36533203125,-0.00990279894322157,15.938688945770263,2070.386474609375,1000.0
437,2050,4198400,9589,0.10176118463277817,0.9558961391448975,10.617089223861694,0.06861413,4.430323123931885,10245,0.2,0.0003,0.4986328125,0.01663281152723357,15.954439067840577,2070.386474609375,1000.0
437,2051,4200448,9596,0.10170219838619232,0.9484124183654785,14.140393161773682,0.039960276,6.198359966278076,10250,0.2,0.0003,0.41689453125,0.0030349985230714084,15.965020084381104,2086.4638671875,1000.0
437,2052,4202496,9600,0.1016203984618187,0.9630757570266724,10.69545783996582,0.04835807,4.888000011444092,10255,0.2,0.0003,0.4044921875,-0.008753288816660643,15.982211256027222,2086.4638671875,1000.0
437,2053,4204544,9605,0.10156531631946564,0.9609828591346741,12.362958812713623,0.03842756,4.298283576965332,10260,0.2,0.0003,0.34140625,0.0020112675265409052,15.996670246124268,2086.4638671875,1000.0
437,2054,4206592,9609,0.1015392318367958,0.9647830724716187,10.217378854751587,0.045714587,4.5733842849731445,10265,0.2,0.0003,0.4,0.010497932019643486,16.006149101257325,2086.4638671875,1000.0
437,2055,4208640,9615,0.1015063002705574,0.9637671709060669,9.788833594322204,0.048117094,3.7817718982696533,10270,0.2,0.0003,0.43369140625,0.01010356186889112,16.010086441040038,2112.436767578125,1000.0
437,2056,4210688,9619,0.10151571780443192,0.9199647903442383,20.854199123382568,0.048300922,9.721274375915527,10275,0.2,0.0003,0.35322265625,-0.01654512411914766,16.014463043212892,2112.436767578125,1000.0
437,2057,4212736,9624,0.10148448497056961,0.9032553434371948,36.269899463653566,0.035867974,16.408777236938477,10280,0.2,0.0003,0.34501953125,-0.007242436707019806,16.015633201599123,2112.436767578125,1000.0
437,2058,4214784,9628,0.10143396258354187,0.8942790627479553,47.27044467926025,0.03681936,21.293970108032227,10285,0.2,0.0003,0.34912109375,-0.008211036608554424,16.023154735565186,2112.436767578125,1000.0
437,2059,4216832,9634,0.10140781849622726,0.956545352935791,21.26642827987671,0.04666758,10.35495376586914,10290,0.2,0.0003,0.40029296875,-0.008310956158675253,16.031523323059083,2121.251220703125,1000.0
437,2060,4218880,9639,0.10143239796161652,0.9064218997955322,56.05622787475586,0.023571167,26.60051155090332,10295,0.2,0.0003,0.2849609375,-0.008559778914786875,16.029710006713866,2121.251220703125,1000.0
437,2061,4220928,9643,0.10145674645900726,0.9068892002105713,56.735540580749515,0.031146657,28.804346084594727,10300,0.2,0.0003,0.26025390625,-0.010946556320413947,16.024786376953124,2121.251220703125,1000.0
437,2062,4222976,9648,0.10148276388645172,0.9156962633132935,57.45085983276367,0.024234034,25.855012893676758,10305,0.2,0.0003,0.1705078125,-0.01129728222731501,16.02135124206543,2121.251220703125,1000.0
437,2063,4225024,9653,0.10149376094341278,0.9305294156074524,55.653456115722655,0.02278455,23.95877456665039,10310,0.2,0.0003,0.2384765625,-0.0182425175094977,16.017481517791747,2113.124755859375,1000.0
437,2064,4227072,9658,0.10149966925382614,0.9646055698394775,39.54380283355713,0.018811654,16.58109474182129,10315,0.2,0.0003,0.22890625,-0.021127155679278076,16.016475868225097,2113.124755859375,1000.0
437,2065,4229120,9662,0.10150814056396484,0.9838458299636841,19.042433166503905,0.023216221,8.604363441467285,10320,0.2,0.0003,0.27880859375,-0.01217260891571641,16.015664768218993,2113.124755859375,1000.0
437,2066,4231168,9667,0.10147234797477722,0.9864053130149841,17.81877999305725,0.02011062,7.5431318283081055,10325,0.2,0.0003,0.19443359375,-0.013973595225252211,16.015856742858887,2113.124755859375,1000.0
437,2067,4233216,9672,0.10145536810159683,0.9860184192657471,18.791102600097656,0.018343959,8.794416427612305,10330,0.2,0.0003,0.21572265625,-0.01839923094958067,16.02229986190796,2122.79150390625,1000.0
437,2068,4235264,9677,0.10143674910068512,0.9850142598152161,15.207537603378295,0.029265411,6.355241775512695,10335,0.2,0.0003,0.3103515625,-0.018454233394004406,16.023613071441652,2122.79150390625,1000.0
437,2069,4237312,9681,0.10139304399490356,0.9901108145713806,10.192194080352783,0.024072813,4.372396945953369,10340,0.2,0.0003,0.2943359375,-0.01274209562689066,16.026964569091795,2122.79150390625,1000.0
437,2070,4239360,9686,0.10134528577327728,0.9901552200317383,9.150656485557557,0.023611426,3.6834187507629395,10345,0.2,0.0003,0.26572265625,-0.01286631308030337,16.037484073638915,2122.79150390625,1000.0
437,2071,4241408,9691,0.10133130103349686,0.9894989728927612,8.599472165107727,0.04809318,3.867227077484131,10350,0.2,0.0003,0.32109375,-0.011428021942265332,16.044065284729005,2143.709716796875,1000.0
437,2072,4243456,9696,0.10134504735469818,0.9661112427711487,48.17044334411621,0.028162723,23.8211727142334,10355,0.2,0.0003,0.2845703125,-0.009634315199218691,16.045520973205566,2143.709716796875,1000.0
437,2073,4245504,9701,0.10136563330888748,0.9811917543411255,31.488294219970705,0.028743355,13.983688354492188,10360,0.2,0.0003,0.30771484375,-0.012727684318087995,16.044611549377443,2143.709716796875,1000.0
437,2074,4247552,9706,0.10137202590703964,0.9825088381767273,29.975262928009034,0.04024248,13.816701889038086,10365,0.2,0.0003,0.36083984375,-0.012319223280064762,16.041632461547852,2143.709716796875,1000.0
437,2075,4249600,9712,0.10130517929792404,0.9761337041854858,36.42722511291504,0.037709236,17.71714210510254,10370,0.2,0.0003,0.3396484375,-0.01699734590947628,16.04517412185669,2129.61865234375,1000.0
437,2076,4251648,9717,0.10123015940189362,0.9739525318145752,18.330143880844116,0.042858817,8.271580696105957,10375,0.2,0.0003,0.32998046875,-0.00876869164640084,16.060255432128905,2129.61865234375,1000.0
437,2077,4253696,9722,0.10116934031248093,0.9553170800209045,19.60300455093384,0.028777882,9.297162055969238,10380,0.2,0.0003,0.33349609375,-0.010338118486106395,16.072540378570558,2129.61865234375,1000.0
437,2078,4255744,9728,0.10111837089061737,0.9640680551528931,14.799036264419556,0.025074042,6.316649913787842,10385,0.2,0.0003,0.32998046875,-0.011395282903686165,16.083068561553954,2129.61865234375,1000.0
437,2079,4257792,9734,0.10108104348182678,0.9592686891555786,13.80654239654541,0.025278658,5.7202582359313965,10390,0.2,0.0003,0.27060546875,-0.014645491051487625,16.091421127319336,2148.133544921875,1000.0
437,2080,4259840,9739,0.10104671865701675,0.8391577005386353,100.18478507995606,0.026895868,56.99246597290039,10395,0.2,0.0003,0.32099609375,-0.009927281411364675,16.097783279418945,2148.133544921875,1000.0
437,2081,4261888,9743,0.10102517157793045,0.8494959473609924,90.63690795898438,0.021444632,47.21797561645508,10400,0.2,0.0003,0.250390625,-0.015965368784964084,16.10328016281128,2148.133544921875,1000.0
437,2082,4263936,9747,0.10102647542953491,0.8725672364234924,75.54839820861817,0.022642348,35.37258529663086,10405,0.2,0.0003,0.259375,-0.019858118379488587,16.10679636001587,2148.133544921875,1000.0
437,2083,4265984,9754,0.10104876756668091,0.859630286693573,87.692138671875,0.021105582,47.80342483520508,10410,0.2,0.0003,0.22568359375,-0.01944246150087565,16.1054780960083,2154.335693359375,1000.0
437,2084,4268032,9758,0.10103359818458557,0.9672836661338806,25.78370895385742,0.03641736,12.859280586242676,10415,0.2,0.0003,0.34345703125,-0.02038304675370455,16.10301465988159,2154.335693359375,1000.0
437,2085,4270080,9763,0.10095172375440598,0.980424165725708,13.197979211807251,0.048187166,5.493931770324707,10420,0.2,0.0003,0.3505859375,-0.013349532755091787,16.112691783905028,2154.335693359375,1000.0
437,2086,4272128,9768,0.10088749974966049,0.973908543586731,18.9391619682312,0.05838551,9.150500297546387,10425,0.2,0.0003,0.5203125,0.005918529885821045,16.13258113861084,2173.765869140625,1000.0
437,2087,4274176,9773,0.10085208714008331,0.9751647114753723,17.68320918083191,0.07446795,9.51650333404541,10430,0.2,0.0003,0.42744140625,-0.007271306368056685,16.140412998199462,2173.765869140625,1000.0
437,2088,4276224,9777,0.10081680864095688,0.9423501491546631,34.53167676925659,0.032523476,15.126091003417969,10435,0.2,0.0003,0.36015625,-0.00839623361825943,16.147541809082032,2173.765869140625,1000.0
437,2089,4278272,9782,0.10084692388772964,0.9604321718215942,25.334791278839113,0.035241168,10.906318664550781,10440,0.2,0.0003,0.38271484375,-0.013929387903772295,16.14995918273926,2173.765869140625,1000.0
437,2090,4280320,9787,0.1008584201335907,0.9611561894416809,26.320441055297852,0.05034763,13.345824241638184,10445,0.2,0.0003,0.39736328125,-0.0075297757051885125,16.146380710601807,2183.869384765625,1000.0
437,2091,4282368,9792,0.10089217126369476,0.9586035013198853,27.40505428314209,0.038396798,12.143424987792969,10450,0.2,0.0003,0.40068359375,-0.006216996884904802,16.144016361236574,2183.869384765625,1000.0
437,2092,4284416,9796,0.10090533643960953,0.9464830160140991,15.454861259460449,0.02939342,6.746452331542969,10455,0.2,0.0003,0.36875,0.00721640158444643,16.138707160949707,2183.869384765625,1000.0
437,2093,4286464,9801,0.1009245216846466,0.9508993625640869,13.470908975601196,0.02843808,6.047646999359131,10460,0.2,0.0003,0.25654296875,-0.010462439991533757,16.13636875152588,2183.869384765625,1000.0
437,2094,4288512,9806,0.1009342223405838,0.9579374194145203,9.211971306800843,0.033691313,3.9293406009674072,10465,0.2,0.0003,0.31005859375,-0.00805954443057999,16.131186771392823,2180.062744140625,1000.0
437,2095,4290560,9811,0.10088059306144714,0.9333223104476929,24.13666114807129,0.030442946,11.532885551452637,10470,0.2,0.0003,0.34150390625,-0.012288672523573041,16.13492708206177,2180.062744140625,1000.0
437,2096,4292608,9815,0.10082320123910904,0.9822601079940796,13.168339920043945,0.04778925,5.861837387084961,10475,0.2,0.0003,0.37080078125,-0.017409953125752508,16.147055053710936,2180.062744140625,1000.0
437,2097,4294656,9819,0.10070633143186569,0.9789723753929138,15.173307704925538,0.050829228,7.301003456115723,10480,0.2,0.0003,0.38095703125,-0.007866832753643393,16.162408351898193,2180.062744140625,1000.0
437,2098,4296704,9825,0.10064671188592911,0.9767599701881409,15.840576362609863,0.054698423,7.1077494621276855,10485,0.2,0.0003,0.41787109375,-0.008161240839399397,16.181818771362305,2186.005126953125,1000.0
437,2099,4298752,9830,0.1006300151348114,0.9692069292068481,17.843202781677245,0.08053107,8.394433975219727,10490,0.2,0.0003,0.5365234375,0.005601610615849495,16.190941333770752,2186.005126953125,1000.0
437,2100,4300800,9834,0.10066041350364685,0.9631214737892151,8.788331270217896,0.04525189,4.030200481414795,10495,0.2,0.0003,0.36552734375,0.003192969341762364,16.191338729858398,2186.005126953125,1000.0
437,2101,4302848,9838,0.10065687447786331,0.9629130959510803,8.677212190628051,0.048494864,3.9828755855560303,10500,0.2,0.0003,0.4228515625,-0.006348372576758266,16.188046836853026,2186.005126953125,1000.0
437,2102,4304896,9844,0.10054560005664825,0.9629254341125488,8.476851916313171,0.041493185,4.746885776519775,10505,0.2,0.0003,0.36240234375,-0.01364786927588284,16.196589756011964,2185.062255859375,1000.0
437,2103,4306944,9848,0.10043427348136902,0.9380748867988586,17.953421211242677,0.045968402,9.90761661529541,10510,0.2,0.0003,0.37470703125,-0.00868421362247318,16.218327713012695,2185.062255859375,1000.0
437,2104,4308992,9853,0.1004052385687828,0.9607632160186768,16.77077474594116,0.039631184,7.665816783905029,10515,0.2,0.0003,0.35419921875,-0.013496682164259255,16.231106185913085,2185.062255859375,1000.0
437,2105,4311040,9857,0.10042199492454529,0.9560092687606812,18.390204906463623,0.042522,9.093523979187012,10520,0.2,0.0003,0.3875,-0.009086102340370416,16.234315395355225,2185.062255859375,1000.0
437,2106,4313088,9863,0.1004071906208992,0.9645408391952515,15.156325626373292,0.03808333,6.648935317993164,10525,0.2,0.0003,0.31201171875,-0.013316382141783833,16.23488130569458,2180.89697265625,1000.0
437,2107,4315136,9867,0.10037129372358322,0.9221840500831604,26.769085311889647,0.020627216,13.286420822143555,10530,0.2,0.0003,0.23603515625,-0.012509436276741327,16.240612411499022,2180.89697265625,1000.0
437,2108,4317184,9871,0.10031488537788391,0.8865594267845154,16.877851581573488,0.020378206,7.597027778625488,10535,0.2,0.0003,0.27109375,-0.016070005088113248,16.249931621551514,2180.89697265625,1000.0
437,2109,4319232,9876,0.10026918351650238,0.8974165320396423,16.035276937484742,0.03282684,7.813241958618164,10540,0.2,0.0003,0.31220703125,-0.010153517336584627,16.261130332946777,2180.89697265625,1000.0
437,2110,4321280,9881,0.1001913920044899,0.9329503774642944,12.146870183944703,0.037646305,5.975139141082764,10545,0.2,0.0003,0.37216796875,-0.019022581656463443,16.27038688659668,2180.526611328125,1000.0
437,2111,4323328,9886,0.10015259683132172,0.871519923210144,50.94734935760498,0.024180565,27.62685203552246,10550,0.2,0.0003,0.26826171875,-0.010674886964261531,16.28521614074707,2180.526611328125,1000.0
437,2112,4325376,9890,0.10016748309135437,0.880084753036499,52.78599090576172,0.03177538,25.023122787475586,10555,0.2,0.0003,0.315234375,-0.016992220643442125,16.28922567367554,2180.526611328125,1000.0
437,2113,4327424,9895,0.10017751157283783,0.8869051933288574,49.22084789276123,0.0271875,21.85845947265625,10560,0.2,0.0003,0.296875,-0.015687329857610167,16.28676481246948,2180.526611328125,1000.0
437,2114,4329472,9901,0.10018634796142578,0.8877925872802734,54.572724151611325,0.030481495,25.869184494018555,10565,0.2,0.0003,0.27431640625,-0.0178094913600944,16.286487770080566,2177.29248046875,1000.0
437,2115,4331520,9906,0.10018514841794968,0.9099488854408264,28.527875900268555,0.035772324,14.655808448791504,10570,0.2,0.0003,0.4048828125,-0.014830816304311156,16.286607360839845,2177.29248046875,1000.0
437,2116,4333568,9910,0.1002241000533104,0.921395480632782,13.901769733428955,0.02607499,7.435528755187988,10575,0.2,0.0003,0.31591796875,-0.012530174502171577,16.284282398223876,2177.29248046875,1000.0
437,2117,4335616,9915,0.10018163919448853,0.930167019367218,12.634207105636596,0.035352424,6.181410312652588,10580,0.2,0.0003,0.32255859375,-0.010515773389488458,16.280750846862794,2177.29248046875,1000.0
437,2118,4337664,9920,0.10011231899261475,0.8930113315582275,20.916783809661865,0.051445857,9.157381057739258,10585,0.2,0.0003,0.4046875,-0.0033578114351257684,16.290132808685303,2194.597412109375,1000.0
437,2119,4339712,9924,0.10007672756910324,0.9042404890060425,37.07967967987061,0.048032507,23.235078811645508,10590,0.2,0.0003,0.437109375,-0.014639773475937545,16.301136779785157,2194.597412109375,1000.0
437,2120,4341760,9929,0.10005667805671692,0.9557293653488159,17.6463369846344,0.045713212,8.521206855773926,10595,0.2,0.0003,0.37509765625,-0.015536020346917211,16.306150341033934,2194.597412109375,1000.0
437,2121,4343808,9933,0.10002924501895905,0.9627929329872131,16.985986995697022,0.048981316,7.821861743927002,10600,0.2,0.0003,0.33955078125,-0.0032041829428635536,16.311366271972656,2194.597412109375,1000.0
437,2122,4345856,9939,0.09996209293603897,0.9509595036506653,21.099841594696045,0.034774337,9.385688781738281,10605,0.2,0.0003,0.32646484375,-0.01182898988481611,16.31769428253174,2186.246337890625,1000.0
437,2123,4347904,9943,0.09990394115447998,0.8976284265518188,61.66609935760498,0.089611605,24.35214614868164,10610,0.2,0.0003,0.54599609375,0.040605385962408036,16.33106346130371,2186.246337890625,1000.0
437,2124,4349952,9949,0.09991257637739182,0.929918110370636,39.5392632484436,0.031437702,15.453028678894043,10615,0.2,0.0003,0.3345703125,-0.004985687765292823,16.3349570274353,2186.246337890625,1000.0
437,2125,4352000,9955,0.09992685914039612,0.9029428362846375,47.18125228881836,0.038289405,19.672260284423828,10620,0.2,0.0003,0.3291015625,-0.0024052384542301297,16.331281661987305,2174.136474609375,1000.0
437,2126,4354048,9960,0.0999448224902153,0.9137850999832153,36.51269979476929,0.029822705,14.646330833435059,10625,0.2,0.0003,0.301171875,-0.002702356385998428,16.328932094573975,2174.136474609375,1000.0
437,2127,4356096,9965,0.09996150434017181,0.7354723215103149,90.9053840637207,0.025143962,42.60108184814453,10630,0.2,0.0003,0.3025390625,0.0031423739972524347,16.324398040771484,2174.136474609375,1000.0
437,2128,4358144,9970,0.09997811168432236,0.8047016859054565,54.57392959594726,0.031346668,26.58179473876953,10635,0.2,0.0003,0.26962890625,-0.02058292964939028,16.323565101623537,2174.136474609375,1000.0
437,2129,4360192,9976,0.09999208897352219,0.7905024290084839,56.57572078704834,0.03442364,28.414758682250977,10640,0.2,0.0003,0.3509765625,-0.007244925177656114,16.31922435760498,2163.51611328125,1000.0
437,2130,4362240,9981,0.10002025961875916,0.8014169335365295,56.17427082061768,0.026231088,26.414691925048828,10645,0.2,0.0003,0.27890625,-0.01152724961284548,16.31774730682373,2163.51611328125,1000.0
437,2131,4364288,9986,0.10000492632389069,0.8586873412132263,28.14861841201782,0.03491701,13.453482627868652,10650,0.2,0.0003,0.294921875,-0.011954125040210784,16.314429569244385,2163.51611328125,1000.0
436,2132,4366336,9992,0.09997886419296265,0.8318744897842407,30.981119251251222,0.04054122,15.869816780090332,10655,0.2,0.0003,0.3494140625,-0.00231067935237661,16.317048645019533,2163.51611328125,1000.0
436,2133,4368384,9998,0.09994515776634216,0.8731473088264465,25.795321559906007,0.04911179,11.34775447845459,10660,0.2,0.0003,0.45205078125,0.0001389763318002224,16.322479915618896,2163.555419921875,1000.0
436,2134,4370432,10002,0.09988394379615784,0.8671872019767761,43.0881326675415,0.04919544,21.365644454956055,10665,0.2,0.0003,0.383203125,-0.015436411439441144,16.33049907684326,2163.555419921875,1000.0
436,2135,4372480,10007,0.09981902688741684,0.8484489321708679,64.9983564376831,0.035624698,24.00674819946289,10670,0.2,0.0003,0.36611328125,-0.006584035116247833,16.34037208557129,2163.555419921875,1000.0
436,2136,4374528,10012,0.09984277933835983,0.8406673669815063,72.70205173492431,0.050504982,34.809852600097656,10675,0.2,0.0003,0.42734375,-0.011935501976404339,16.34383029937744,2163.555419921875,1000.0
436,2137,4376576,10019,0.09990248084068298,0.8529729843139648,75.08719444274902,0.04592631,35.419315338134766,10680,0.2,0.0003,0.39111328125,-0.014590420294553041,16.334764385223387,2158.388427734375,1000.0
436,2138,4378624,10023,0.09995114803314209,0.7987310886383057,101.77581939697265,0.032155376,47.68321990966797,10685,0.2,0.0003,0.3427734375,-0.01303942718077451,16.324484062194824,2158.388427734375,1000.0
436,2139,4380672,10028,0.09996548295021057,0.6367594003677368,121.06918640136719,0.02676032,51.54087448120117,10690,0.2,0.0003,0.23955078125,-0.0154801539843902,16.316177749633788,2158.388427734375,1000.0
436,2140,4382720,10032,0.09992814064025879,0.557648241519928,124.11798706054688,0.024483707,55.935665130615234,10695,0.2,0.0003,0.2330078125,-0.017407036549411715,16.31871089935303,2158.388427734375,1000.0
436,2141,4384768,10039,0.09990613162517548,0.44820767641067505,121.15090370178223,0.047160517,60.59477233886719,10700,0.2,0.0003,0.42177734375,-0.006869516568258405,16.329952907562255,2149.5693359375,1000.0
436,2142,4386816,10043,0.09991782903671265,0.48982661962509155,91.42905349731446,0.035838462,43.37046813964844,10705,0.2,0.0003,0.32724609375,-0.017775195511057974,16.33040246963501,2149.5693359375,1000.0
436,2143,4388864,10047,0.09987761080265045,0.7856471538543701,34.89102954864502,0.06550722,16.319316864013672,10710,0.2,0.0003,0.38330078125,-0.008954697521403432,16.333437347412108,2149.5693359375,1000.0
436,2144,4390912,10052,0.09981375187635422,0.7699215412139893,35.78568935394287,0.07700984,17.64116096496582,10715,0.2,0.0003,0.4712890625,-0.005926136497873813,16.343024158477782,2149.5693359375,1000.0
436,2145,4392960,10058,0.09985073655843735,0.7904560565948486,38.147633743286136,0.084057465,16.579845428466797,10720,0.2,0.0003,0.522265625,0.0069576302543282505,16.351424980163575,2138.63427734375,1000.0
436,2146,4395008,10062,0.0999508798122406,0.8213049173355103,41.04196681976318,0.079241574,19.443445205688477,10725,0.2,0.0003,0.49638671875,0.006620699306949973,16.341848850250244,2138.63427734375,1000.0
436,2147,4397056,10066,0.09999414533376694,0.8683804273605347,35.54930076599121,0.04970951,15.555171966552734,10730,0.2,0.0003,0.41396484375,0.006122407631482929,16.325523567199706,2138.63427734375,1000.0
436,2148,4399104,10071,0.0999385192990303,0.8913671970367432,27.519565486907958,0.06658703,12.104731559753418,10735,0.2,0.0003,0.43134765625,-0.0015914354007691145,16.327798461914064,2138.63427734375,1000.0
436,2149,4401152,10076,0.09984347969293594,0.9022027254104614,25.256973361968996,0.075838916,12.667122840881348,10740,0.2,0.0003,0.48701171875,0.002258320525288582,16.34294185638428,2114.277099609375,1000.0
436,2150,4403200,10081,0.09985482692718506,0.8395280838012695,40.68756294250488,0.08543837,18.828153610229492,10745,0.2,0.0003,0.563671875,0.006588845560327172,16.352809524536134,2114.277099609375,1000.0
436,2151,4405248,10085,0.09992817789316177,0.7631398439407349,56.93399448394776,0.033700272,28.19274139404297,10750,0.2,0.0003,0.3869140625,-0.006884840922430158,16.347157096862794,2114.277099609375,1000.0
436,2152,4407296,10091,0.09997577220201492,0.7535094022750854,59.62057456970215,0.0575144,28.586149215698242,10755,0.2,0.0003,0.425,-0.009327727340860292,16.33469114303589,2114.277099609375,1000.0
436,2153,4409344,10097,0.10000096261501312,0.7185864448547363,63.70851764678955,0.06382272,30.00059700012207,10760,0.2,0.0003,0.49306640625,0.010589878412429244,16.32505054473877,2114.04248046875,1000.0
436,2154,4411392,10103,0.10002409666776657,0.7958182692527771,36.33359746932983,0.08343297,18.897502899169922,10765,0.2,0.0003,0.4998046875,-0.009514173422940076,16.32226152420044,2114.04248046875,1000.0
436,2155,4413440,10108,0.10005863755941391,0.869672417640686,20.4353590965271,0.04993993,8.787477493286133,10770,0.2,0.0003,0.40849609375,-0.00022054818109609186,16.31760654449463,2114.04248046875,1000.0
436,2156,4415488,10112,0.10007628798484802,0.9230830669403076,13.263494825363159,0.037271794,5.493220806121826,10775,0.2,0.0003,0.371875,-0.005479041463695466,16.315186023712158,2114.04248046875,1000.0
436,2157,4417536,10118,0.10013671964406967,0.9228036403656006,12.552100419998169,0.03820396,5.292969226837158,10780,0.2,0.0003,0.3833984375,-0.005784156545996666,16.311156368255617,2115.11962890625,1000.0
436,2158,4419584,10122,0.10004227608442307,0.9583956599235535,12.295118808746338,0.06054974,5.777994155883789,10785,0.2,0.0003,0.473046875,-0.002180708129890263,16.308828926086427,2115.11962890625,1000.0
436,2159,4421632,10127,0.09994924068450928,0.965460479259491,11.76754870414734,0.05096139,4.638168811798096,10790,0.2,0.0003,0.41787109375,-0.005731653445400298,16.331033515930176,2115.11962890625,1000.0
436,2160,4423680,10131,0.09991545230150223,0.9764088988304138,9.41083071231842,0.05438242,4.6156792640686035,10795,0.2,0.0003,0.45732421875,-0.003376123798079789,16.344012641906737,2115.11962890625,1000.0
436,2161,4425728,10137,0.09986557066440582,0.9806836843490601,9.125100874900818,0.03316671,3.353494882583618,10800,0.2,0.0003,0.3353515625,-0.013023918215185403,16.35211811065674,2126.988037109375,1000.0
436,2162,4427776,10141,0.0998474583029747,0.9559199213981628,15.135572528839111,0.0781453,7.17386531829834,10805,0.2,0.0003,0.45546875,-0.00859765000641346,16.35749969482422,2126.988037109375,1000.0
436,2163,4429824,10146,0.09980286657810211,0.9402007460594177,15.513397455215454,0.043652534,7.095786094665527,10810,0.2,0.0003,0.33994140625,-0.012151913228444755,16.36115436553955,2126.988037109375,1000.0
436,2164,4431872,10150,0.09977744519710541,0.940912663936615,13.626263046264649,0.05172119,6.09520959854126,10815,0.2,0.0003,0.429296875,-0.009902130742557348,16.368664169311522,2126.988037109375,1000.0
436,2165,4433920,10156,0.09972450882196426,0.9507968425750732,11.298745393753052,0.059499092,4.7234344482421875,10820,0.2,0.0003,0.40205078125,-0.010727139608934521,16.374162673950195,2110.921875,1000.0
436,2166,4435968,10160,0.0997234582901001,0.8359040021896362,55.46321754455566,0.06074918,26.56560516357422,10825,0.2,0.0003,0.49189453125,0.019803507532924414,16.383489894866944,2110.921875,1000.0
436,2167,4438016,10164,0.09975273162126541,0.8445056676864624,61.24817008972168,0.034539193,28.814544677734375,10830,0.2,0.0003,0.39326171875,-0.014822315657511353,16.378333854675294,2110.921875,1000.0
436,2168,4440064,10170,0.09975308924913406,0.8842357397079468,53.11367282867432,0.038011067,22.221786499023438,10835,0.2,0.0003,0.3490234375,-0.0077838224824517965,16.37565412521362,2101.42724609375,1000.0
436,2169,4442112,10174,0.09973135590553284,0.8817621469497681,64.44951305389404,0.04587777,24.07491683959961,10840,0.2,0.0003,0.395703125,-0.018910071975551546,16.379997348785402,2101.42724609375,1000.0
436,2170,4444160,10179,0.09970211982727051,0.950592577457428,25.947498416900636,0.039431218,11.017437934875488,10845,0.2,0.0003,0.33046875,-0.010055477602872998,16.384453773498535,2101.42724609375,1000.0
436,2171,4446208,10183,0.09968660771846771,0.974643886089325,15.009810256958009,0.035921182,6.438853740692139,10850,0.2,0.0003,0.34345703125,-0.006144970399327576,16.388608551025392,2101.42724609375,1000.0
436,2172,4448256,10189,0.09967488795518875,0.9722620248794556,16.323679065704347,0.025472198,7.371950626373291,10855,0.2,0.0003,0.26181640625,-0.011956260306760669,16.39266757965088,2120.260498046875,1000.0
436,2173,4450304,10193,0.09970156103372574,0.9632376432418823,21.732408142089845,0.033023126,9.860939979553223,10860,0.2,0.0003,0.433984375,-0.005046433594543487,16.39278335571289,2120.260498046875,1000.0
436,2174,4452352,10198,0.09968362748622894,0.9488210082054138,17.450582218170165,0.034439288,6.961956977844238,10865,0.2,0.0003,0.32626953125,-0.014529853255953639,16.3907039642334,2120.260498046875,1000.0
436,2175,4454400,10202,0.09961722046136856,0.9081554412841797,25.0661883354187,0.07299483,10.951492309570312,10870,0.2,0.0003,0.46044921875,0.004560247366316617,16.39829502105713,2120.260498046875,1000.0
436,2176,4456448,10208,0.09966690093278885,0.8993673920631409,21.95714387893677,0.038920507,10.322285652160645,10875,0.2,0.0003,0.37607421875,-0.009186624828726054,16.400566482543944,2147.7607421875,1000.0
436,2177,4458496,10214,0.0996839702129364,0.8943812847137451,23.667648315429688,0.049732555,12.040359497070312,10880,0.2,0.0003,0.4201171875,-0.005389440176077187,16.394965648651123,2147.7607421875,1000.0
436,2178,4460544,10219,0.0996185690164566,0.9546968340873718,11.028908824920654,0.039321423,4.487880706787109,10885,0.2,0.0003,0.34482421875,-0.017459305888041853,16.40055046081543,2147.7607421875,1000.0
436,2179,4462592,10225,0.09962926059961319,0.9462910294532776,10.326118612289429,0.07006929,4.671579837799072,10890,0.2,0.0003,0.4732421875,-0.008160850242711603,16.4092716217041,2147.7607421875,1000.0
436,2180,4464640,10231,0.0996372327208519,0.9520270824432373,10.120423555374146,0.072347514,5.0767974853515625,10895,0.2,0.0003,0.499609375,-0.003184698743280023,16.405029487609863,2143.971923828125,1000.0
436,2181,4466688,10236,0.099580317735672,0.8989406228065491,20.15344696044922,0.05323569,8.679405212402344,10900,0.2,0.0003,0.427734375,-0.0006531068123877048,16.408603286743165,2143.971923828125,1000.0
436,2182,4468736,10241,0.09948993474245071,0.9467391967773438,11.267813348770142,0.11037762,5.827822685241699,10905,0.2,0.0003,0.48076171875,-0.002265428646933287,16.425370979309083,2143.971923828125,1000.0
436,2183,4470784,10246,0.09952089190483093,0.9331421256065369,14.535003280639648,0.08573814,6.6195831298828125,10910,0.2,0.0003,0.50380859375,-0.005051059206016362,16.430896472930907,2143.971923828125,1000.0
436,2184,4472832,10253,0.0994647890329361,0.9232582449913025,15.192594146728515,0.06437901,6.332124710083008,10915,0.2,0.0003,0.49697265625,-0.00581912649795413,16.434219646453858,2146.370361328125,1000.0
436,2185,4474880,10258,0.09949419647455215,0.9128882884979248,14.753688049316406,0.05995051,7.224747180938721,10920,0.2,0.0003,0.46279296875,-0.007612772961147129,16.439199256896973,2146.370361328125,1000.0
436,2186,4476928,10263,0.09946958720684052,0.9258280992507935,13.799072408676148,0.05032433,6.257030487060547,10925,0.2,0.0003,0.397265625,0.0011141062015667558,16.438584327697754,2146.370361328125,1000.0
436,2187,4478976,10269,0.09941323846578598,0.9529595971107483,7.7682026624679565,0.05974646,3.15531325340271,10930,0.2,0.0003,0.3810546875,-0.005835867091082037,16.447713947296144,2146.370361328125,1000.0
436,2188,4481024,10275,0.09943095594644547,0.9200854301452637,12.524927663803101,0.045525223,5.636507511138916,10935,0.2,0.0003,0.46689453125,0.005322634428739548,16.4533371925354,2154.8916015625,1000.0
436,2189,4483072,10280,0.09943976998329163,0.8903971314430237,31.312657833099365,0.03954531,14.593123435974121,10940,0.2,0.0003,0.4439453125,0.0004910921212285757,16.445046043395998,2154.8916015625,1000.0
436,2190,4485120,10285,0.0994439423084259,0.9244030117988586,30.772207927703857,0.034693863,11.765064239501953,10945,0.2,0.0003,0.36953125,-0.006847908697091043,16.445967197418213,2154.8916015625,1000.0
436,2191,4487168,10290,0.09943345189094543,0.9422277212142944,31.111353492736818,0.027490528,12.797465324401855,10950,0.2,0.0003,0.325,-0.008881020045373588,16.44499111175537,2154.8916015625,1000.0
435,2192,4489216,10297,0.09943217039108276,0.9632992148399353,25.568038558959962,0.023754228,11.365307807922363,10955,0.2,0.0003,0.3037109375,-0.013750609918497502,16.447136211395264,2162.917236328125,1000.0
435,2193,4491264,10301,0.09943059086799622,0.9018188714981079,66.22718601226806,0.025023567,31.060874938964844,10960,0.2,0.0003,0.30126953125,-0.01546673767734319,16.447199726104735,2162.917236328125,1000.0
435,2194,4493312,10306,0.0994243398308754,0.8514871597290039,51.01883106231689,0.027543291,21.765621185302734,10965,0.2,0.0003,0.28671875,-0.017462123930454255,16.448241424560546,2162.917236328125,1000.0
435,2195,4495360,10311,0.09941237419843674,0.8200345635414124,51.02891025543213,0.023962544,22.684219360351562,10970,0.2,0.0003,0.2751953125,-0.013636859250254929,16.45056858062744,2162.917236328125,1000.0
435,2196,4497408,10317,0.09936536103487015,0.7602683901786804,58.40666942596435,0.041205753,23.01837921142578,10975,0.2,0.0003,0.3748046875,-0.010430663148872555,16.452950096130373,2159.361328125,1000.0
435,2197,4499456,10322,0.09932219237089157,0.8867018222808838,35.45040149688721,0.04204415,16.749584197998047,10980,0.2,0.0003,0.34775390625,-0.010070476867258548,16.459543991088868,2159.361328125,1000.0
435,2198,4501504,10327,0.09933106601238251,0.9536510705947876,13.856283617019653,0.03651025,5.448782920837402,10985,0.2,0.0003,0.3615234375,-0.01198762864805758,16.461468315124513,2159.361328125,1000.0
435,2199,4503552,10331,0.09931222349405289,0.9722046256065369,9.226573395729066,0.04156522,4.127307415008545,10990,0.2,0.0003,0.39267578125,-0.00721598188392818,16.46053295135498,2159.361328125,1000.0
435,2200,4505600,10337,0.0992794930934906,0.9774677753448486,8.532722759246827,0.032113254,3.708219528198242,10995,0.2,0.0003,0.33896484375,-0.013435982074588538,16.465993213653565,2168.00732421875,1000.0
435,2201,4507648,10342,0.09925983101129532,0.9082770943641663,23.271412944793703,0.07189813,11.07290267944336,11000,0.2,0.0003,0.4298828125,-0.010723116155713797,16.471066761016846,2168.00732421875,1000.0
435,2202,4509696,10346,0.09923170506954193,0.9086706638336182,16.749816036224367,0.047302015,6.437060356140137,11005,0.2,0.0003,0.4189453125,0.000990591972367838,16.47615165710449,2168.00732421875,1000.0
435,2203,4511744,10351,0.09922228008508682,0.916649341583252,15.438447856903077,0.049638078,6.808943271636963,11010,0.2,0.0003,0.47822265625,-0.005574864032678306,16.480557918548584,2168.00732421875,1000.0
435,2204,4513792,10357,0.09923747181892395,0.9406101703643799,14.437524890899658,0.040500965,6.744387626647949,11015,0.2,0.0003,0.34306640625,-0.005114931287243963,16.480180072784425,2186.926025390625,1000.0
435,2205,4515840,10361,0.09923196583986282,0.9664179682731628,14.00212607383728,0.038497318,6.3951897621154785,11020,0.2,0.0003,0.376953125,-0.009423644747585058,16.47761974334717,2186.926025390625,1000.0
435,2206,4517888,10366,0.09916295856237411,0.979975700378418,9.015351176261902,0.041395586,3.75555419921875,11025,0.2,0.0003,0.41103515625,-0.013985545630566776,16.48409547805786,2186.926025390625,1000.0
435,2207,4519936,10372,0.0990455225110054,0.9831382632255554,7.6847299337387085,0.05412526,3.5275955200195312,11030,0.2,0.0003,0.38828125,-0.011499977135099471,16.502841758728028,2186.926025390625,1000.0
435,2208,4521984,10378,0.09898531436920166,0.9818013310432434,8.957255220413208,0.042429186,4.383115291595459,11035,0.2,0.0003,0.3708984375,-0.0031427158508449795,16.520487594604493,2186.505859375,1000.0
435,2209,4524032,10383,0.09891924262046814,0.9548179507255554,22.131870841979982,0.057434805,8.79943561553955,11040,0.2,0.0003,0.3443359375,-0.011851630755700171,16.53089532852173,2186.505859375,1000.0
435,2210,4526080,10388,0.09887634962797165,0.97601717710495,11.140161228179931,0.027150998,4.867474555969238,11045,0.2,0.0003,0.3130859375,-0.0039988805307075385,16.541154003143312,2186.505859375,1000.0
435,2211,4528128,10394,0.09882546961307526,0.9722256660461426,12.228987693786621,0.038395546,6.264817237854004,11050,0.2,0.0003,0.36982421875,-0.007425951363984495,16.551088047027587,2188.632080078125,1000.0
435,2212,4530176,10399,0.09878366440534592,0.9661929607391357,14.581665468215942,0.030068107,7.046955108642578,11055,0.2,0.0003,0.3294921875,-0.016106736124493183,16.561858081817626,2188.632080078125,1000.0
435,2213,4532224,10403,0.09877898544073105,0.8981448411941528,41.696472549438475,0.025265727,17.520183563232422,11060,0.2,0.0003,0.3369140625,-0.009260781318880617,16.56706075668335,2188.632080078125,1000.0
435,2214,4534272,10408,0.09877738356590271,0.9150693416595459,33.56596879959106,0.044198886,15.568416595458984,11065,0.2,0.0003,0.3677734375,-0.01507213992299512,16.567570304870607,2188.632080078125,1000.0
435,2215,4536320,10413,0.09874872863292694,0.9162530899047852,34.521402740478514,0.030970216,14.397486686706543,11070,0.2,0.0003,0.37265625,-0.008623647270724177,16.568271160125732,2195.075927734375,1000.0
435,2216,4538368,10418,0.09868860989809036,0.9246736764907837,33.65592861175537,0.024556734,17.4066162109375,11075,0.2,0.0003,0.26884765625,-0.01501647992990911,16.577317333221437,2195.075927734375,1000.0
435,2217,4540416,10423,0.09857681393623352,0.9815191030502319,9.559655547142029,0.03870058,4.4663238525390625,11080,0.2,0.0003,0.30126953125,-0.01380920335650444,16.591098499298095,2195.075927734375,1000.0
435,2218,4542464,10427,0.09848403185606003,0.9762802720069885,11.535210418701173,0.022068465,5.6204142570495605,11085,0.2,0.0003,0.2474609375,-0.017033690633252264,16.610964679718016,2195.075927734375,1000.0
435,2219,4544512,10433,0.09839297086000443,0.9798644185066223,9.94358549118042,0.06262334,5.237477779388428,11090,0.2,0.0003,0.4083984375,-0.003733117796946317,16.62595863342285,2181.882568359375,1000.0
435,2220,4546560,10437,0.09832113981246948,0.973322868347168,14.668782949447632,0.039570328,7.476722240447998,11095,0.2,0.0003,0.3794921875,-0.016949873045086862,16.641706275939942,2181.882568359375,1000.0
435,2221,4548608,10441,0.09826444089412689,0.9853286147117615,9.679923820495606,0.042271588,4.285810470581055,11100,0.2,0.0003,0.32724609375,-0.01433838102966547,16.653832626342773,2181.882568359375,1000.0
435,2222,4550656,10446,0.09825866669416428,0.9867017269134521,8.290890169143676,0.02543344,3.500729560852051,11105,0.2,0.0003,0.28515625,-0.01073713150108233,16.66400737762451,2181.882568359375,1000.0
435,2223,4552704,10451,0.09823576360940933,0.9885743856430054,7.794785046577454,0.038621552,3.230952024459839,11110,0.2,0.0003,0.3515625,-0.013308121799491346,16.666490840911866,2191.5869140625,1000.0
435,2224,4554752,10456,0.09824536740779877,0.9780174493789673,13.243016910552978,0.04952473,5.723620414733887,11115,0.2,0.0003,0.36416015625,-0.020962450467050076,16.673750019073488,2191.5869140625,1000.0
435,2225,4556800,10460,0.09822535514831543,0.9704869389533997,13.993634939193726,0.046556756,7.141810417175293,11120,0.2,0.0003,0.40517578125,-0.008982334495522082,16.67569923400879,2191.5869140625,1000.0
435,2226,4558848,10465,0.09822871536016464,0.9805721044540405,8.934693789482116,0.058091108,4.118834495544434,11125,0.2,0.0003,0.378125,-0.003818537062034011,16.682108879089355,2191.5869140625,1000.0
435,2227,4560896,10471,0.09818494319915771,0.9752079844474792,11.482325553894043,0.0432577,5.355127334594727,11130,0.2,0.0003,0.39599609375,-0.009238813642878086,16.68724660873413,2187.07568359375,1000.0
435,2228,4562944,10475,0.09813088923692703,0.9694268703460693,13.94171781539917,0.041835964,6.644547939300537,11135,0.2,0.0003,0.35244140625,-0.011709643830545246,16.70201358795166,2187.07568359375,1000.0
435,2229,4564992,10479,0.09808000177145004,0.9772673845291138,11.428721237182618,0.043786116,5.224197864532471,11140,0.2,0.0003,0.40234375,-0.007666061096824705,16.711492443084715,2187.07568359375,1000.0
435,2230,4567040,10484,0.09800395369529724,0.9790012836456299,10.530811595916749,0.04495871,5.483469486236572,11145,0.2,0.0003,0.378125,-0.014701094035990537,16.720189094543457,2187.07568359375,1000.0
435,2231,4569088,10490,0.09791756421327591,0.9603109359741211,19.90093050003052,0.027998552,9.85008430480957,11150,0.2,0.0003,0.2900390625,-0.007240340032149106,16.735535144805908,2198.395263671875,1000.0
435,2232,4571136,10494,0.09786936640739441,0.9550745487213135,17.721475982666014,0.03195416,7.685861110687256,11155,0.2,0.0003,0.3349609375,-0.01485367170535028,16.747882461547853,2198.395263671875,1000.0
435,2233,4573184,10499,0.09781588613986969,0.9636765718460083,10.41548547744751,0.03094637,5.169557571411133,11160,0.2,0.0003,0.3470703125,-0.014970979792997241,16.758034324645998,2198.395263671875,1000.0
435,2234,4575232,10503,0.09776618331670761,0.9637494683265686,10.948427486419678,0.038420632,5.530594825744629,11165,0.2,0.0003,0.3451171875,-0.014573713741265237,16.76630268096924,2198.395263671875,1000.0
435,2235,4577280,10509,0.09771119058132172,0.9700890779495239,8.92224133014679,0.071965724,4.294639587402344,11170,0.2,0.0003,0.43974609375,-0.002867764001712203,16.774040126800536,2192.751220703125,1000.0
435,2236,4579328,10513,0.09763727337121964,0.9748204350471497,13.165138816833496,0.038019847,5.7312445640563965,11175,0.2,0.0003,0.40498046875,-0.011167145008221269,16.783513832092286,2192.751220703125,1000.0
435,2237,4581376,10518,0.09758784621953964,0.9755474328994751,15.25587306022644,0.046489205,6.541362762451172,11180,0.2,0.0003,0.34384765625,-0.015485998569056391,16.798763465881347,2192.751220703125,1000.0
435,2238,4583424,10522,0.09755165129899979,0.986770749092102,9.710746574401856,0.03749428,4.6063055992126465,11185,0.2,0.0003,0.3732421875,-0.0033531218534335492,16.807231998443605,2192.751220703125,1000.0
435,2239,4585472,10528,0.09753918647766113,0.9840062856674194,11.986371660232544,0.037990823,5.491196632385254,11190,0.2,0.0003,0.41552734375,-0.006066946289502084,16.812346839904784,2202.765869140625,1000.0
435,2240,4587520,10532,0.09755238145589828,0.939633846282959,43.658589935302736,0.03464189,20.14777183532715,11195,0.2,0.0003,0.387890625,-0.016174643812701107,16.812432384490968,2202.765869140625,1000.0
435,2241,4589568,10536,0.09753820300102234,0.9216330051422119,42.76017417907715,0.02861508,21.550186157226562,11200,0.2,0.0003,0.2982421875,-0.015436246152967214,16.810447883605956,2202.765869140625,1000.0
435,2242,4591616,10541,0.09747479110956192,0.9104533195495605,48.89547424316406,0.030002406,27.043310165405273,11205,0.2,0.0003,0.33408203125,-0.014778182376176119,16.816827869415285,2202.765869140625,1000.0
435,2243,4593664,10547,0.09743323922157288,0.9095389246940613,56.58731117248535,0.02261367,26.243820190429688,11210,0.2,0.0003,0.26015625,-0.01698765206383541,16.828324031829833,2200.731201171875,1000.0
435,2244,4595712,10551,0.09743061661720276,0.9035162925720215,88.23789825439454,0.027672747,41.66212844848633,11215,0.2,0.0003,0.33095703125,-0.0036873460514470933,16.833630752563476,2200.731201171875,1000.0
435,2245,4597760,10556,0.09743108600378036,0.9089228510856628,70.0506649017334,0.019537099,30.225263595581055,11220,0.2,0.0003,0.228125,-0.011789409222546964,16.833040237426758,2200.731201171875,1000.0
435,2246,4599808,10560,0.09740617871284485,0.886093020439148,78.01962738037109,0.026392989,32.83503341674805,11225,0.2,0.0003,0.29677734375,-0.0063341990113258365,16.834989166259767,2200.731201171875,1000.0
435,2247,4601856,10566,0.09738397598266602,0.8908514380455017,66.44252586364746,0.033556826,30.778465270996094,11230,0.2,0.0003,0.33017578125,-0.010689295770134777,16.84060745239258,2183.203369140625,1000.0
435,2248,4603904,10570,0.09738233685493469,0.9277066588401794,19.64926447868347,0.039371803,9.964203834533691,11235,0.2,0.0003,0.37568359375,-0.010470019595231861,16.845077896118163,2183.203369140625,1000.0
435,2249,4605952,10575,0.09735779464244843,0.9524600505828857,8.94662504196167,0.047169812,3.400202751159668,11240,0.2,0.0003,0.3513671875,-0.007952346559613943,16.846926593780516,2183.203369140625,1000.0
435,2250,4608000,10580,0.09737979620695114,0.9441583752632141,9.261814856529236,0.0495531,4.078291416168213,11245,0.2,0.0003,0.44912109375,0.007992081134580076,16.849149894714355,2184.3525390625,1000.0
435,2251,4610048,10585,0.09735742211341858,0.9289399981498718,10.49148006439209,0.059353348,4.9460129737854,11250,0.2,0.0003,0.4822265625,0.00926564836408943,16.844450283050538,2184.3525390625,1000.0
435,2252,4612096,10589,0.09731903672218323,0.8938876390457153,29.324209690093994,0.037338447,11.244900703430176,11255,0.2,0.0003,0.46015625,0.012773948861286044,16.853425788879395,2184.3525390625,1000.0
435,2253,4614144,10594,0.09732294082641602,0.9193389415740967,25.0265775680542,0.026839543,10.066622734069824,11260,0.2,0.0003,0.2787109375,-0.008435780485160648,16.856154441833496,2184.3525390625,1000.0
435,2254,4616192,10600,0.09735503792762756,0.9433122873306274,24.140599060058594,0.032633137,9.566200256347656,11265,0.2,0.0003,0.32666015625,-0.011071845528203995,16.84990711212158,2186.75634765625,1000.0
435,2255,4618240,10604,0.09735267609357834,0.9582643508911133,24.249817657470704,0.045599993,10.205621719360352,11270,0.2,0.0003,0.3720703125,-0.010825936053879558,16.846364974975586,2186.75634765625,1000.0
435,2256,4620288,10609,0.09740887582302094,0.9067435264587402,55.748760032653806,0.032944303,26.601438522338867,11275,0.2,0.0003,0.36923828125,-0.014458454214036465,16.843269443511964,2186.75634765625,1000.0
435,2257,4622336,10614,0.09744072705507278,0.9261044263839722,50.853155517578124,0.022741787,21.868680953979492,11280,0.2,0.0003,0.324609375,-0.01520569493295625,16.833613204956055,2186.75634765625,1000.0
435,2258,4624384,10620,0.09742871671915054,0.9370753765106201,49.063528823852536,0.022300705,23.54445457458496,11285,0.2,0.0003,0.27763671875,-0.016797014232724904,16.832420349121094,2159.317626953125,1000.0
435,2259,4626432,10624,0.09742695093154907,0.9500139951705933,45.65628089904785,0.030622713,23.113611221313477,11290,0.2,0.0003,0.266796875,-0.015393959474749863,16.832836818695068,2159.317626953125,1000.0
435,2260,4628480,10629,0.09739211201667786,0.983549177646637,13.27384419441223,0.04295718,6.073734760284424,11295,0.2,0.0003,0.27822265625,-0.01662694988772273,16.83469533920288,2159.317626953125,1000.0
435,2261,4630528,10633,0.0973595380783081,0.9881815910339355,8.561480021476745,0.031413995,3.826087236404419,11300,0.2,0.0003,0.30224609375,-0.014009877643547951,16.841927433013915,2159.317626953125,1000.0
435,2262,4632576,10639,0.09727127850055695,0.9851000308990479,11.089095067977905,0.038320363,5.233062744140625,11305,0.2,0.0003,0.35166015625,-0.01303657729877159,16.85448474884033,2173.381103515625,1000.0
435,2263,4634624,10644,0.09722009301185608,0.9672348499298096,30.15651388168335,0.039882813,17.85414695739746,11310,0.2,0.0003,0.33984375,-0.010155701218172908,16.870648097991943,2173.381103515625,1000.0
435,2264,4636672,10648,0.09720912575721741,0.9539501070976257,51.30177822113037,0.025331644,23.310476303100586,11315,0.2,0.0003,0.2822265625,-0.015464042243547738,16.87723274230957,2173.381103515625,1000.0
435,2265,4638720,10652,0.09721967577934265,0.951615571975708,58.65664482116699,0.023957975,29.118932723999023,11320,0.2,0.0003,0.22138671875,-0.0179960171750281,16.87790699005127,2173.381103515625,1000.0
435,2266,4640768,10658,0.09721043705940247,0.9588422179222107,52.93703632354736,0.0252638,25.82453155517578,11325,0.2,0.0003,0.2623046875,-0.016146758943796156,16.876425552368165,2150.357421875,1000.0
435,2267,4642816,10662,0.09719189256429672,0.9652685523033142,44.84131622314453,0.029353112,21.096494674682617,11330,0.2,0.0003,0.23330078125,-0.018467724416404964,16.877284145355226,2150.357421875,1000.0
435,2268,4644864,10667,0.09716951102018356,0.994181752204895,11.295498824119568,0.02065548,3.398961305618286,11335,0.2,0.0003,0.1857421875,-0.011839317460544407,16.880599784851075,2150.357421875,1000.0
435,2269,4646912,10671,0.09715548157691956,0.9934922456741333,8.979112768173218,0.019106623,2.8779008388519287,11340,0.2,0.0003,0.22109375,-0.014140719617716967,16.884129524230957,2150.357421875,1000.0
435,2270,4648960,10677,0.09713291376829147,0.9910914301872253,10.964818477630615,0.018395863,4.7556304931640625,11345,0.2,0.0003,0.30966796875,-0.0018421237356960774,16.887555408477784,2162.81884765625,1000.0
435,2271,4651008,10682,0.09709061682224274,0.968207061290741,20.219880485534667,0.031607255,9.427227020263672,11350,0.2,0.0003,0.298046875,-0.015528972307220102,16.89335889816284,2162.81884765625,1000.0
435,2272,4653056,10686,0.0970197319984436,0.9622170925140381,9.73066987991333,0.032697584,4.547475337982178,11355,0.2,0.0003,0.34140625,-0.017467671469785274,16.904043674468994,2162.81884765625,1000.0
435,2273,4655104,10691,0.09695234149694443,0.9376914501190186,16.19841594696045,0.045846082,7.661411285400391,11360,0.2,0.0003,0.4408203125,-0.00030441671842709186,16.919002532958984,2162.81884765625,1000.0
435,2274,4657152,10696,0.0969754308462143,0.9582482576370239,10.917893075942994,0.038622625,5.186043739318848,11365,0.2,0.0003,0.37763671875,-0.004783205932471901,16.925170421600342,2169.013671875,1000.0
435,2275,4659200,10701,0.09697045385837555,0.9674451351165771,21.268345642089844,0.031279255,8.56151008605957,11370,0.2,0.0003,0.320703125,-0.00515577329788357,16.92189817428589,2169.013671875,1000.0
435,2276,4661248,10705,0.09692960977554321,0.9893521070480347,9.260546684265137,0.02908044,4.357433319091797,11375,0.2,0.0003,0.3576171875,-0.009257806884124874,16.92737760543823,2169.013671875,1000.0
435,2277,4663296,10709,0.09688159823417664,0.9890322685241699,10.105153322219849,0.033904962,5.20768404006958,11380,0.2,0.0003,0.33408203125,-0.015551707101985812,16.934583377838134,2169.013671875,1000.0
435,2278,4665344,10715,0.0968506708741188,0.9879235625267029,11.690470838546753,0.024934433,6.040028095245361,11385,0.2,0.0003,0.28427734375,-0.011906746751628816,16.940201663970946,2169.220458984375,1000.0
435,2279,4667392,10719,0.09678906202316284,0.9824387431144714,19.08151044845581,0.033923194,8.965357780456543,11390,0.2,0.0003,0.342578125,-0.011751563043799252,16.946115684509277,2169.220458984375,1000.0
435,2280,4669440,10724,0.09679023921489716,0.9880407452583313,11.192255926132201,0.022247767,4.838181495666504,11395,0.2,0.0003,0.25107421875,-0.01167506049387157,16.952779960632324,2169.220458984375,1000.0
435,2281,4671488,10728,0.09681597352027893,0.9840975999832153,13.666710042953492,0.045660313,6.754437446594238,11400,0.2,0.0003,0.3447265625,-0.0014919625129550696,16.949963092803955,2169.220458984375,1000.0
435,2282,4673536,10734,0.09681177884340286,0.9873985052108765,11.365161895751953,0.027794003,5.1352081298828125,11405,0.2,0.0003,0.3416015625,-0.0010743478080257774,16.94911136627197,2170.90673828125,1000.0
435,2283,4675584,10738,0.09679345041513443,0.8958969116210938,57.10437908172607,0.038095184,25.289335250854492,11410,0.2,0.0003,0.3353515625,-0.013214046065695585,16.95262517929077,2170.90673828125,1000.0
435,2284,4677632,10743,0.09678355604410172,0.8066326379776001,61.58679599761963,0.029244015,26.975515365600586,11415,0.2,0.0003,0.284765625,-0.014369740313850344,16.95551643371582,2170.90673828125,1000.0
435,2285,4679680,10747,0.09683224558830261,0.7981775403022766,55.333307075500485,0.034842506,25.125871658325195,11420,0.2,0.0003,0.35908203125,-0.012270894995890558,16.953881454467773,2170.90673828125,1000.0
435,2286,4681728,10753,0.09686817973852158,0.776977002620697,54.582776832580564,0.0667655,24.163837432861328,11425,0.2,0.0003,0.3962890625,-0.0016190392430871724,16.94702730178833,2162.399658203125,1000.0
435,2287,4683776,10757,0.09688606858253479,0.9521984457969666,21.36026449203491,0.04296413,10.702982902526855,11430,0.2,0.0003,0.4349609375,-0.0015031206188723446,16.94181594848633,2162.399658203125,1000.0
435,2288,4685824,10761,0.09684935212135315,0.9608217477798462,16.904472398757935,0.049192376,8.413674354553223,11435,0.2,0.0003,0.35078125,-0.009963176981545984,16.945084381103516,2162.399658203125,1000.0
435,2289,4687872,10766,0.09676734358072281,0.935248851776123,26.44567279815674,0.03522415,13.173722267150879,11440,0.2,0.0003,0.32958984375,-0.013634922518394887,16.95418863296509,2162.399658203125,1000.0
435,2290,4689920,10772,0.09671750664710999,0.94503253698349,21.596932315826415,0.06685902,9.91558837890625,11445,0.2,0.0003,0.4189453125,-0.006276022410020232,16.968608951568605,2177.36474609375,1000.0
435,2291,4691968,10777,0.09678289294242859,0.9167482256889343,22.40241937637329,0.05744164,9.267353057861328,11450,0.2,0.0003,0.43037109375,-0.005519139184616506,16.96927480697632,2177.36474609375,1000.0
435,2292,4694016,10782,0.09681317955255508,0.9524268507957458,13.889536046981812,0.069920756,6.2358503341674805,11455,0.2,0.0003,0.44541015625,-0.0025338168488815427,16.95363187789917,2177.36474609375,1000.0
435,2293,4696064,10788,0.09674747288227081,0.9609173536300659,12.78329348564148,0.051825717,5.873504638671875,11460,0.2,0.0003,0.4185546875,-0.001753027830272913,16.956595134735107,2183.5810546875,1000.0
435,2294,4698112,10793,0.09668855369091034,0.9658136367797852,13.12196888923645,0.08291681,6.214250564575195,11465,0.2,0.0003,0.51611328125,-0.006297347554937005,16.969407939910887,2183.5810546875,1000.0
435,2295,4700160,10797,0.09657520055770874,0.9520400762557983,12.448233032226563,0.06168378,6.162267684936523,11470,0.2,0.0003,0.40966796875,-0.00738800477120094,16.98517837524414,2183.5810546875,1000.0
435,2296,4702208,10802,0.0964948982000351,0.9525460600852966,15.04885516166687,0.040696055,6.57148551940918,11475,0.2,0.0003,0.3845703125,-0.010870709642767906,17.0082200050354,2183.5810546875,1000.0
435,2297,4704256,10808,0.09651389718055725,0.969109296798706,12.01446475982666,0.070430845,5.4330925941467285,11480,0.2,0.0003,0.44365234375,-0.009726025070995093,17.014154529571535,2191.242919921875,1000.0
435,2298,4706304,10813,0.09655790776014328,0.9481083154678345,24.653497314453126,0.04495924,13.904886245727539,11485,0.2,0.0003,0.48955078125,0.01151266556698829,17.005227947235106,2191.242919921875,1000.0
435,2299,4708352,10818,0.09656223654747009,0.9123907685279846,62.74166049957275,0.031446524,23.879186630249023,11490,0.2,0.0003,0.38408203125,0.016007051058113574,16.99920129776001,2191.242919921875,1000.0
435,2300,4710400,10823,0.09655558317899704,0.9308476448059082,65.31100311279297,0.015304591,25.99248695373535,11495,0.2,0.0003,0.15166015625,-0.008453241677489131,17.000568675994874,2191.242919921875,1000.0
435,2301,4712448,10829,0.09656020998954773,0.9481914639472961,58.14195041656494,0.016567465,24.73612403869629,11500,0.2,0.0003,0.1140625,-0.012651936279144137,17.00188102722168,2181.968017578125,1000.0
435,2302,4714496,10834,0.09655194729566574,0.9525126814842224,62.311632347106936,0.01708096,30.112075805664062,11505,0.2,0.0003,0.14736328125,-0.011475039483048021,17.001407051086424,2181.968017578125,1000.0
435,2303,4716544,10839,0.09652794152498245,0.9657737612724304,36.03941984176636,0.020478988,14.739960670471191,11510,0.2,0.0003,0.2173828125,-0.016561684478074313,17.006064796447752,2181.968017578125,1000.0
435,2304,4718592,10844,0.09648767113685608,0.9561582803726196,40.377638244628905,0.023837725,17.533655166625977,11515,0.2,0.0003,0.3009765625,-0.013404221029486508,17.010744285583495,2181.968017578125,1000.0
435,2305,4720640,10851,0.0964849665760994,0.9508138298988342,39.12226753234863,0.029947685,17.543718338012695,11520,0.2,0.0003,0.3154296875,-0.008193529956042767,17.016824626922606,2190.233154296875,1000.0
435,2306,4722688,10856,0.09650785475969315,0.9621903896331787,31.95135564804077,0.028216869,16.509483337402344,11525,0.2,0.0003,0.30791015625,-0.009301189077086746,17.014331245422362,2190.233154296875,1000.0
435,2307,4724736,10860,0.09649129211902618,0.9835101366043091,14.605669593811035,0.03334263,5.947543621063232,11530,0.2,0.0003,0.32255859375,-0.006597745302133262,17.01072473526001,2190.233154296875,1000.0
435,2308,4726784,10865,0.09646430611610413,0.9842302203178406,13.535197591781616,0.035165418,6.021774768829346,11535,0.2,0.0003,0.3033203125,-0.006825517490506172,17.0163254737854,2190.233154296875,1000.0
434,2309,4728832,10871,0.09642785787582397,0.9819837212562561,14.242521238327026,0.02662421,6.677000045776367,11540,0.2,0.0003,0.29775390625,-0.013924862048588693,17.021601486206055,2194.213134765625,1000.0
434,2310,4730880,10876,0.09640050679445267,0.9583293199539185,22.410771083831786,0.055765882,11.746182441711426,11545,0.2,0.0003,0.37333984375,-0.010989966918714345,17.030127334594727,2194.213134765625,1000.0
434,2311,4732928,10881,0.09636944532394409,0.9516103267669678,11.983230638504029,0.059710532,5.787769317626953,11550,0.2,0.0003,0.40185546875,-0.009473568748217077,17.0364426612854,2194.213134765625,1000.0
434,2312,4734976,10885,0.09639284759759903,0.9297478795051575,14.055053901672363,0.12575279,6.283316612243652,11555,0.2,0.0003,0.59765625,0.011032116669230162,17.043587303161623,2194.213134765625,1000.0
434,2313,4737024,10891,0.09642141312360764,0.9152405858039856,15.155019760131836,0.11179966,7.681313991546631,11560,0.2,0.0003,0.56259765625,0.012257504742592573,17.034528732299805,2218.515380859375,1000.0
434,2314,4739072,10895,0.09641317278146744,0.8718096017837524,24.917323970794676,0.06401365,11.016663551330566,11565,0.2,0.0003,0.45771484375,0.008425480267032982,17.031659030914305,2218.515380859375,1000.0
434,2315,4741120,10900,0.09632899612188339,0.9487151503562927,9.91818470954895,0.07672565,5.848516941070557,11570,0.2,0.0003,0.50166015625,0.011446085828356444,17.039976978302,2218.515380859375,1000.0
434,2316,4743168,10904,0.09625951945781708,0.8873028755187988,25.57147150039673,0.04573354,11.63988208770752,11575,0.2,0.0003,0.44248046875,-0.004981344565749168,17.053623962402344,2218.515380859375,1000.0
434,2317,4745216,10912,0.09618238359689713,0.9127076268196106,18.823981046676636,0.07440707,7.763791084289551,11580,0.2,0.0003,0.4568359375,-0.004848037863848731,17.0647385597229,2220.630859375,1000.0
434,2318,4747264,10916,0.09623345732688904,0.9134564995765686,26.495227527618407,0.06438511,13.1641845703125,11585,0.2,0.0003,0.504296875,-0.0015074728988111019,17.069712924957276,2220.630859375,1000.0
434,2319,4749312,10921,0.09625813364982605,0.9465392827987671,16.086888599395753,0.062075827,7.574881076812744,11590,0.2,0.0003,0.43984375,0.01024030081462115,17.062374877929688,2220.630859375,1000.0
434,2320,4751360,10925,0.09621787071228027,0.9624048471450806,10.029564714431762,0.044521187,4.050460338592529,11595,0.2,0.0003,0.441796875,0.006073044950608164,17.06465082168579,2220.630859375,1000.0
434,2321,4753408,10931,0.09623083472251892,0.9083887934684753,22.917925930023195,0.06687546,11.955984115600586,11600,0.2,0.0003,0.48310546875,0.003564930334687233,17.069118690490722,2225.72509765625,1000.0
434,2322,4755456,10935,0.09620892256498337,0.946201741695404,14.28704891204834,0.062281474,7.354212760925293,11605,0.2,0.0003,0.474609375,-0.011618658783845603,17.06557168960571,2225.72509765625,1000.0
434,2323,4757504,10940,0.09613072872161865,0.9697760343551636,7.137883615493775,0.052812174,3.213334321975708,11610,0.2,0.0003,0.3859375,-0.013277351902797819,17.07708501815796,2225.72509765625,1000.0
434,2324,4759552,10944,0.09607916325330734,0.9740886688232422,7.937959170341491,0.0539916,3.44502592086792,11615,0.2,0.0003,0.45283203125,0.002389429439790547,17.08918743133545,2225.72509765625,1000.0
434,2325,4761600,10950,0.09609288722276688,0.9774703979492188,7.486028170585632,0.05627232,3.5710554122924805,11620,0.2,0.0003,0.449609375,-0.009044055338017642,17.092307090759277,2219.164306640625,1000.0
434,2326,4763648,10954,0.09609489142894745,0.6809234023094177,96.39658813476562,0.06823493,43.23986053466797,11625,0.2,0.0003,0.50595703125,0.030416298750787975,17.090841865539552,2219.164306640625,1000.0
434,2327,4765696,10958,0.0961151272058487,0.46702849864959717,86.47152366638184,0.022767875,29.537994384765625,11630,0.2,0.0003,0.285546875,-0.004267509654164314,17.09047727584839,2219.164306640625,1000.0
434,2328,4767744,10963,0.09613047540187836,0.34772711992263794,75.70712299346924,0.01841226,29.61372947692871,11635,0.2,0.0003,0.2353515625,-0.008643288421444595,17.086728382110596,2219.164306640625,1000.0
434,2329,4769792,10968,0.09611984342336655,0.16568022966384888,63.329012107849124,0.018652,22.371339797973633,11640,0.2,0.0003,0.1728515625,-0.01202351450920105,17.08604907989502,2201.97509765625,1000.0
434,2330,4771840,10973,0.09604673087596893,0.7022531628608704,34.88089761734009,0.060869604,16.43071937561035,11645,0.2,0.0003,0.38212890625,-0.011817623174283653,17.093527793884277,2201.97509765625,1000.0
434,2331,4773888,10977,0.09602794051170349,0.820128858089447,17.146931648254395,0.05015284,7.479484558105469,11650,0.2,0.0003,0.4693359375,-0.0012523892801254988,17.10742645263672,2201.97509765625,1000.0
434,2332,4775936,10982,0.09604772925376892,0.7835545539855957,25.75600347518921,0.056671172,11.260295867919922,11655,0.2,0.0003,0.4560546875,-0.007615207927301526,17.10358953475952,2201.97509765625,1000.0
434,2333,4777984,10987,0.09599481523036957,0.8376140594482422,22.933520889282228,0.06289661,10.380955696105957,11660,0.2,0.0003,0.4302734375,-0.004340290208347142,17.10786485671997,2206.36181640625,1000.0
434,2334,4780032,10992,0.09596893191337585,0.6939980983734131,84.34805755615234,0.12584911,44.90597152709961,11665,0.2,0.0003,0.64658203125,0.05044561971444637,17.11715202331543,2206.36181640625,1000.0
434,2335,4782080,10996,0.09597184509038925,0.7553173303604126,73.50506420135498,0.03857495,34.4658203125,11670,0.2,0.0003,0.38642578125,-0.005109479569364339,17.118751430511473,2206.36181640625,1000.0
434,2336,4784128,11002,0.09597799181938171,0.768208920955658,87.13843612670898,0.025759425,36.098731994628906,11675,0.2,0.0003,0.2822265625,-0.010903674678411334,17.118186473846436,2193.47314453125,1000.0
434,2337,4786176,11007,0.09601391851902008,0.8207656145095825,71.26955375671386,0.028772635,34.504695892333984,11680,0.2,0.0003,0.29306640625,-0.016775369923561812,17.11576747894287,2193.47314453125,1000.0
434,2338,4788224,11011,0.09599384665489197,0.9662158489227295,18.39494309425354,0.025518429,5.695901870727539,11685,0.2,0.0003,0.26376953125,-0.010668214899487794,17.113091278076173,2193.47314453125,1000.0
434,2339,4790272,11016,0.09594957530498505,0.9759048819541931,13.877578926086425,0.030738985,4.338032245635986,11690,0.2,0.0003,0.299609375,-0.00848872842034325,17.12170543670654,2193.47314453125,1000.0
434,2340,4792320,11022,0.0959603562951088,0.9755470752716064,16.18314661979675,0.029442452,4.862213611602783,11695,0.2,0.0003,0.35302734375,-0.0011661653174087406,17.123635482788085,2199.2744140625,1000.0
434,2341,4794368,11026,0.09595244377851486,0.9654776453971863,18.89727840423584,0.04316883,7.997033596038818,11700,0.2,0.0003,0.39013671875,-0.009045100049115717,17.12140817642212,2199.2744140625,1000.0
434,2342,4796416,11030,0.09594842046499252,0.9699139595031738,10.412245655059815,0.036577016,4.3780198097229,11705,0.2,0.0003,0.34921875,-0.003448786516673863,17.126631927490234,2199.2744140625,1000.0
434,2343,4798464,11035,0.09591053426265717,0.9566162824630737,16.408295154571533,0.04447088,7.5420026779174805,11710,0.2,0.0003,0.38681640625,-0.005089975730516017,17.132507133483887,2199.2744140625,1000.0
434,2344,4800512,11040,0.0958658903837204,0.9654147028923035,11.247813510894776,0.040610377,4.549222946166992,11715,0.2,0.0003,0.392578125,-0.008987035066820682,17.14360237121582,2201.33056640625,1000.0
434,2345,4802560,11045,0.09583881497383118,0.8750072717666626,42.490671443939206,0.031104118,22.024921417236328,11720,0.2,0.0003,0.353515625,-0.013199983397498727,17.149013805389405,2201.33056640625,1000.0
434,2346,4804608,11049,0.0957770049571991,0.5435547232627869,36.2798770904541,0.059915185,18.17047882080078,11725,0.2,0.0003,0.400390625,-0.009894585143774748,17.156128883361816,2201.33056640625,1000.0
434,2347,4806656,11054,0.09579963237047195,0.4907757043838501,44.78390026092529,0.064257994,21.637222290039062,11730,0.2,0.0003,0.4990234375,0.008678448898717762,17.163410949707032,2201.33056640625,1000.0
434,2348,4808704,11060,0.0959305390715599,0.4380994439125061,53.809171485900876,0.08877305,23.715486526489258,11735,0.2,0.0003,0.53720703125,0.004197339224629104,17.14339075088501,2209.48583984375,1000.0
434,2349,4810752,11064,0.09595171362161636,0.8558886051177979,42.45453853607178,0.04555439,23.206857681274414,11740,0.2,0.0003,0.41513671875,-0.0021122552454471586,17.12666234970093,2209.48583984375,1000.0
434,2350,4812800,11069,0.09592145681381226,0.980103075504303,8.896188497543335,0.050151825,3.9309864044189453,11745,0.2,0.0003,0.39619140625,-0.007776955212466419,17.129781913757324,2209.48583984375,1000.0
434,2351,4814848,11073,0.095847487449646,0.9844534993171692,8.354865455627442,0.047294926,3.2837612628936768,11750,0.2,0.0003,0.38193359375,-0.009393160836771131,17.14068775177002,2209.48583984375,1000.0
434,2352,4816896,11079,0.09583262354135513,0.9789422154426575,10.252780628204345,0.048599325,4.721168041229248,11755,0.2,0.0003,0.47373046875,0.006412189407274127,17.149225425720214,2232.656494140625,1000.0
434,2353,4818944,11083,0.0958847850561142,0.9656174182891846,18.742709350585937,0.067108974,8.785218238830566,11760,0.2,0.0003,0.46279296875,-0.012434539059177041,17.14235725402832,2232.656494140625,1000.0
434,2354,4820992,11088,0.09588506072759628,0.9782512187957764,11.386313915252686,0.05920105,5.102234840393066,11765,0.2,0.0003,0.44111328125,-0.001592908939346671,17.137673950195314,2232.656494140625,1000.0
434,2355,4823040,11092,0.09592094272375107,0.9866234660148621,7.8977323293685915,0.04613076,3.6813199520111084,11770,0.2,0.0003,0.4013671875,0.0016762723214924335,17.138087844848634,2232.656494140625,1000.0
434,2356,4825088,11098,0.09585914760828018,0.98216313123703,9.837876749038696,0.08678279,4.686751365661621,11775,0.2,0.0003,0.493359375,-0.0055610515177249905,17.13665027618408,2236.46826171875,1000.0
434,2357,4827136,11102,0.09569861739873886,0.9672499895095825,14.974296283721923,0.068609476,6.828014850616455,11780,0.2,0.0003,0.4400390625,-0.005232068034820259,17.158906650543212,2236.46826171875,1000.0
434,2358,4829184,11107,0.09567298740148544,0.9753010272979736,9.724471712112427,0.0559479,4.344803810119629,11785,0.2,0.0003,0.43525390625,0.0059097919845953585,17.18021869659424,2236.46826171875,1000.0
434,2359,4831232,11111,0.09571041911840439,0.9746991991996765,9.954321908950806,0.042917773,4.729656219482422,11790,0.2,0.0003,0.40185546875,-0.009692917740903795,17.176223373413087,2236.46826171875,1000.0
434,2360,4833280,11117,0.09575063735246658,0.9546204805374146,14.63971996307373,0.064817995,7.032718181610107,11795,0.2,0.0003,0.44296875,-0.0019500101683661343,17.16769895553589,2248.605224609375,1000.0
434,2361,4835328,11122,0.09579041600227356,0.9649655818939209,15.020698547363281,0.0582385,7.831207752227783,11800,0.2,0.0003,0.42412109375,-0.005929492507129907,17.15691213607788,2248.605224609375,1000.0
434,2362,4837376,11126,0.09585125744342804,0.9757612347602844,9.892020463943481,0.08674649,4.466471195220947,11805,0.2,0.0003,0.4919921875,-0.001859377301298082,17.148850631713866,2248.605224609375,1000.0
434,2363,4839424,11131,0.09581569582223892,0.9717541337013245,12.577486658096314,0.08242952,5.614892959594727,11810,0.2,0.0003,0.51298828125,-0.00605396528262645,17.142172050476074,2248.605224609375,1000.0
434,2364,4841472,11136,0.09585079550743103,0.9783593416213989,10.247089672088624,0.08197391,5.299376964569092,11815,0.2,0.0003,0.52158203125,0.001843839674256742,17.14689168930054,2248.18212890625,1000.0
434,2365,4843520,11141,0.09589008241891861,0.9677796959877014,18.512237071990967,0.07612061,8.703343391418457,11820,0.2,0.0003,0.46494140625,-0.008326921961270273,17.141303634643556,2248.18212890625,1000.0
434,2366,4845568,11146,0.09582725912332535,0.979434609413147,12.059857654571534,0.050496366,5.85205078125,11825,0.2,0.0003,0.42646484375,-0.0074678613222204145,17.1405237197876,2248.18212890625,1000.0
434,2367,4847616,11151,0.09578592330217361,0.970539927482605,14.930161380767823,0.042922582,6.729934215545654,11830,0.2,0.0003,0.426953125,-0.011537739454070106,17.154299163818358,2248.18212890625,1000.0
434,2368,4849664,11157,0.09572389721870422,0.9472064971923828,27.982991409301757,0.06741902,13.317177772521973,11835,0.2,0.0003,0.46240234375,-0.01009087369311601,17.162508392333983,2240.818603515625,1000.0
434,2369,4851712,11161,0.0956488624215126,0.9547730088233948,22.050529575347902,0.051014513,9.732474327087402,11840,0.2,0.0003,0.38974609375,-0.0005310219479724765,17.17910232543945,2240.818603515625,1000.0
434,2370,4853760,11166,0.09555480629205704,0.9722989201545715,13.104484415054321,0.055558775,6.212019443511963,11845,0.2,0.0003,0.40380859375,-0.007038462965283543,17.191882610321045,2240.818603515625,1000.0
434,2371,4855808,11170,0.09548723697662354,0.9783598780632019,11.62335820198059,0.062361516,5.83850622177124,11850,0.2,0.0003,0.44404296875,-0.011244705924764276,17.206326293945313,2240.818603515625,1000.0
434,2372,4857856,11176,0.09548020362854004,0.9815202951431274,11.136546087265014,0.057461143,4.690507411956787,11855,0.2,0.0003,0.41015625,-0.007931002567056566,17.21135663986206,2248.463623046875,1000.0
434,2373,4859904,11180,0.0954752117395401,0.9463697671890259,20.52600736618042,0.030366924,8.93464183807373,11860,0.2,0.0003,0.3392578125,-0.008464652672410011,17.21388521194458,2248.463623046875,1000.0
434,2374,4861952,11185,0.09546130895614624,0.9777174592018127,8.306358647346496,0.047299795,3.9582486152648926,11865,0.2,0.0003,0.35,-0.0013449930120259523,17.21544189453125,2248.463623046875,1000.0
434,2375,4864000,11190,0.09539908170700073,0.9480435252189636,16.988649463653566,0.05047554,8.987831115722656,11870,0.2,0.0003,0.42216796875,-0.008053808705881238,17.223211002349853,2269.65869140625,1000.0
434,2376,4866048,11195,0.09540604054927826,0.980312168598175,6.221447253227234,0.04936305,2.7981815338134766,11875,0.2,0.0003,0.4244140625,-0.003151883836835623,17.229683113098144,2269.65869140625,1000.0
434,2377,4868096,11200,0.09539744257926941,0.7701705694198608,74.54713897705078,0.18730384,34.58137893676758,11880,0.2,0.0003,0.66923828125,0.07512453123927117,17.229360103607178,2269.65869140625,1000.0
434,2378,4870144,11205,0.09539679437875748,0.8301447629928589,62.778028297424314,0.048983146,28.859249114990234,11885,0.2,0.0003,0.3501953125,0.0010766186285763979,17.229704189300538,2269.65869140625,1000.0
434,2379,4872192,11210,0.0954037681221962,0.8418117165565491,66.76076107025146,0.020816907,32.00632858276367,11890,0.2,0.0003,0.23818359375,-0.010830765403807164,17.22902908325195,2284.803955078125,1000.0
434,2380,4874240,11215,0.09543538838624954,0.8716896176338196,62.71166362762451,0.021302447,30.498929977416992,11895,0.2,0.0003,0.21748046875,-0.017056174448225648,17.226192283630372,2284.803955078125,1000.0
434,2381,4876288,11219,0.0954686626791954,0.9912088513374329,7.565549850463867,0.04245795,3.586758852005005,11900,0.2,0.0003,0.3169921875,-0.016986230248585345,17.220092678070067,2284.803955078125,1000.0
434,2382,4878336,11224,0.0954817458987236,0.9899373650550842,8.614582800865174,0.04666984,4.198304176330566,11905,0.2,0.0003,0.38935546875,-0.01102405849378556,17.217761039733887,2284.803955078125,1000.0
434,2383,4880384,11230,0.09548389911651611,0.993817150592804,6.894068741798401,0.03398542,2.5276293754577637,11910,0.2,0.0003,0.30751953125,-0.012480084539856762,17.219060802459715,2301.3076171875,1000.0
434,2384,4882432,11234,0.09548079967498779,0.9630294442176819,35.35885372161865,0.05931576,20.763465881347656,11915,0.2,0.0003,0.49658203125,0.009859027154743672,17.221424865722657,2301.3076171875,1000.0
434,2385,4884480,11239,0.09549261629581451,0.9289011359214783,66.70357608795166,0.015976904,25.967689514160156,11920,0.2,0.0003,0.235546875,-0.007414608378894627,17.220898246765138,2301.3076171875,1000.0
434,2386,4886528,11243,0.09549304842948914,0.9340605735778809,72.13434963226318,0.01994326,31.370616912841797,11925,0.2,0.0003,0.19130859375,-0.01228725976543501,17.21927785873413,2301.3076171875,1000.0
434,2387,4888576,11249,0.09552682936191559,0.9534572958946228,62.32477970123291,0.015442987,29.939010620117188,11930,0.2,0.0003,0.15048828125,-0.01002923670457676,17.217655086517333,2287.84130859375,1000.0
434,2388,4890624,11253,0.09556341171264648,0.9483790397644043,68.74506397247315,0.01983035,33.28432083129883,11935,0.2,0.0003,0.21015625,-0.01410692511126399,17.20994453430176,2287.84130859375,1000.0
434,2389,4892672,11258,0.09558418393135071,0.8983848094940186,67.53470439910889,0.022452187,34.24996566772461,11940,0.2,0.0003,0.20068359375,-0.01615171870216727,17.20537586212158,2287.84130859375,1000.0
434,2390,4894720,11262,0.09562995284795761,0.8863058090209961,65.19942054748535,0.01984229,25.992639541625977,11945,0.2,0.0003,0.25361328125,-0.015688191493973137,17.199276161193847,2287.84130859375,1000.0
434,2391,4896768,11269,0.09567564725875854,0.8942936658859253,57.943189811706546,0.024621537,29.179752349853516,11950,0.2,0.0003,0.2345703125,-0.014066915633156896,17.190331268310548,2285.67431640625,1000.0
434,2392,4898816,11273,0.09565044194459915,0.9303693771362305,43.850202560424805,0.023672283,18.94007110595703,11955,0.2,0.0003,0.30205078125,-0.020563126914203166,17.187282371520997,2285.67431640625,1000.0
434,2393,4900864,11278,0.0956076830625534,0.9695366621017456,20.660542964935303,0.028417232,9.79379653930664,11960,0.2,0.0003,0.309765625,-0.013879470378742553,17.1921667098999,2285.67431640625,1000.0
434,2394,4902912,11282,0.09560143947601318,0.978549599647522,12.990610265731812,0.048197884,5.554543495178223,11965,0.2,0.0003,0.3990234375,0.003310399688780308,17.196642684936524,2285.67431640625,1000.0
434,2395,4904960,11289,0.09558151662349701,0.9550223350524902,21.552327346801757,0.037457906,10.557467460632324,11970,0.2,0.0003,0.4583984375,-0.0023152515757828953,17.199859142303467,2289.558349609375,1000.0
434,2396,4907008,11293,0.09563758969306946,0.9465181231498718,23.48902835845947,0.034438923,11.696462631225586,11975,0.2,0.0003,0.39130859375,-0.016251509822905064,17.198767280578615,2289.558349609375,1000.0
434,2397,4909056,11298,0.09563473612070084,0.9824669361114502,8.248493266105651,0.037877522,3.3655827045440674,11980,0.2,0.0003,0.36884765625,-0.008413964719511568,17.190161609649657,2289.558349609375,1000.0
434,2398,4911104,11303,0.09559053182601929,0.9773914813995361,10.685679817199707,0.037788108,4.967617988586426,11985,0.2,0.0003,0.3189453125,-0.010537377651780843,17.19744987487793,2289.558349609375,1000.0
434,2399,4913152,11308,0.09558523446321487,0.9830603003501892,8.001039147377014,0.044034153,3.833655834197998,11990,0.2,0.0003,0.41572265625,-0.0011461608577519656,17.19955759048462,2282.0625,1000.0
434,2400,4915200,11312,0.09556935727596283,0.9692088961601257,14.494662666320801,0.05728287,7.72908353805542,11995,0.2,0.0003,0.44619140625,-0.012053627637214959,17.202444076538086,2282.0625,1000.0
434,2401,4917248,11317,0.09558071941137314,0.9845679402351379,9.063711237907409,0.033444617,3.7969870567321777,12000,0.2,0.0003,0.44404296875,0.006062306324020028,17.203050518035887,2282.0625,1000.0
434,2402,4919296,11321,0.09558812528848648,0.9846488833427429,8.316979551315308,0.07862871,3.703266143798828,12005,0.2,0.0003,0.42470703125,0.005808822729159146,17.203266906738282,2282.0625,1000.0
434,2403,4921344,11327,0.09551399201154709,0.9765638709068298,11.472839832305908,0.036872268,5.890799522399902,12010,0.2,0.0003,0.4060546875,-0.010333357448689639,17.20821762084961,2300.014404296875,1000.0
434,2404,4923392,11332,0.09547420591115952,0.8668007850646973,48.10745697021484,0.036351733,19.661312103271484,12015,0.2,0.0003,0.387109375,-0.005230875394772738,17.22265977859497,2300.014404296875,1000.0
434,2405,4925440,11336,0.09545013308525085,0.8284762501716614,41.0899263381958,0.03978326,17.59742546081543,12020,0.2,0.0003,0.29482421875,-0.011704878811724485,17.226523399353027,2300.014404296875,1000.0
434,2406,4927488,11341,0.09545803815126419,0.7131510972976685,51.31171855926514,0.034205303,22.237552642822266,12025,0.2,0.0003,0.33564453125,-0.006180819449946284,17.228025054931642,2300.014404296875,1000.0
434,2407,4929536,11346,0.09552296996116638,0.7491415739059448,38.7206636428833,0.046259888,18.37481117248535,12030,0.2,0.0003,0.383203125,-0.01146388256456703,17.22185859680176,2285.26611328125,1000.0
434,2408,4931584,11351,0.0955357626080513,0.8960584402084351,19.191465044021605,0.059642944,9.865041732788086,12035,0.2,0.0003,0.4521484375,-0.005886544531676918,17.212569618225096,2285.26611328125,1000.0
434,2409,4933632,11355,0.09554209560155869,0.9407232999801636,13.122961807250977,0.05920557,4.510189056396484,12040,0.2,0.0003,0.50302734375,0.008832919620908796,17.211673545837403,2285.26611328125,1000.0
434,2410,4935680,11360,0.09550054371356964,0.9531246423721313,10.836899852752685,0.06483793,4.765951633453369,12045,0.2,0.0003,0.4646484375,-0.005128563288599253,17.214769649505616,2285.26611328125,1000.0
434,2411,4937728,11365,0.09544359892606735,0.9723761081695557,8.399212050437928,0.060008757,3.048164129257202,12050,0.2,0.0003,0.46123046875,0.004245866648852825,17.223148155212403,2287.552001953125,1000.0
434,2412,4939776,11370,0.09540435671806335,0.8619289398193359,64.21085529327392,0.07978446,32.44552993774414,12055,0.2,0.0003,0.521875,0.021953352773562074,17.234235191345213,2287.552001953125,1000.0
434,2413,4941824,11375,0.09545491635799408,0.8927976489067078,37.47426671981812,0.027409185,15.368221282958984,12060,0.2,0.0003,0.3333984375,-0.005410224571824074,17.237107467651366,2287.552001953125,1000.0
434,2414,4943872,11379,0.09546621888875961,0.8664061427116394,42.21432514190674,0.037257094,21.83647346496582,12065,0.2,0.0003,0.33671875,-0.008423046348616481,17.227828121185304,2287.552001953125,1000.0
434,2415,4945920,11385,0.09541116654872894,0.7831440567970276,63.59010963439941,0.032180786,27.09330177307129,12070,0.2,0.0003,0.31845703125,-0.010494508082047105,17.232098865509034,2267.431396484375,1000.0
434,2416,4947968,11390,0.09536562860012054,0.9185687303543091,18.412295436859132,0.047956675,9.42308235168457,12075,0.2,0.0003,0.35390625,-0.014781985094305127,17.24244451522827,2267.431396484375,1000.0
434,2417,4950016,11394,0.09525254368782043,0.9503504037857056,9.580926418304443,0.056140456,4.040990352630615,12080,0.2,0.0003,0.4138671875,-0.007917628600262105,17.255886268615722,2267.431396484375,1000.0
434,2418,4952064,11400,0.09522031247615814,0.9611328840255737,7.174687838554382,0.06812847,2.969682216644287,12085,0.2,0.0003,0.4287109375,-0.0043614997761324045,17.271150398254395,2253.5107421875,1000.0
434,2419,4954112,11405,0.0952182486653328,0.960776150226593,7.593127918243408,0.10142718,3.6639621257781982,12090,0.2,0.0003,0.51220703125,0.0057059329003095625,17.278949546813966,2253.5107421875,1000.0
434,2420,4956160,11409,0.09513619542121887,0.9475239515304565,14.639088010787964,0.060438864,6.278547286987305,12095,0.2,0.0003,0.42744140625,-0.009530369529966266,17.286125278472902,2253.5107421875,1000.0
434,2421,4958208,11414,0.09512945264577866,0.9609314203262329,11.516740465164185,0.1100979,5.622809886932373,12100,0.2,0.0003,0.4810546875,-0.001570695190457627,17.299646186828614,2253.5107421875,1000.0
434,2422,4960256,11420,0.09510484337806702,0.9500731229782104,17.912087631225585,0.07652463,8.798150062561035,12105,0.2,0.0003,0.4990234375,0.006792821874842048,17.30300817489624,2248.608642578125,1000.0
434,2423,4962304,11425,0.09504613280296326,0.9433212876319885,19.794609928131102,0.08686742,10.1003999710083,12110,0.2,0.0003,0.49814453125,-0.00359878009185195,17.31265821456909,2248.608642578125,1000.0
434,2424,4964352,11430,0.09497524052858353,0.9385409951210022,8.223741388320922,0.076121256,3.652761220932007,12115,0.2,0.0003,0.48193359375,0.0009237660211510957,17.323779773712157,2248.608642578125,1000.0
434,2425,4966400,11434,0.09488407522439957,0.9378984570503235,11.154843521118163,0.071475,4.39046049118042,12120,0.2,0.0003,0.47509765625,-0.004432954825460911,17.3406063079834,2248.608642578125,1000.0
434,2426,4968448,11440,0.09481614083051682,0.9624508619308472,8.38679542541504,0.06226141,3.9570536613464355,12125,0.2,0.0003,0.48369140625,-0.0024094233755022287,17.357859802246093,2245.84814453125,1000.0
434,2427,4970496,11444,0.09480809420347214,0.946424126625061,17.00946946144104,0.066323504,7.714655876159668,12130,0.2,0.0003,0.50107421875,-0.00037876616697758437,17.36728162765503,2245.84814453125,1000.0
434,2428,4972544,11449,0.09481646120548248,0.9747464656829834,9.008419013023376,0.025020853,3.828333854675293,12135,0.2,0.0003,0.2791015625,-0.008630446571623906,17.365832710266112,2245.84814453125,1000.0
434,2429,4974592,11453,0.0948382019996643,0.9844233989715576,8.02099277973175,0.016289279,3.193554401397705,12140,0.2,0.0003,0.21787109375,-0.014458117383765057,17.363991355895998,2245.84814453125,1000.0
434,2430,4976640,11459,0.09480534493923187,0.9842674732208252,5.913521385192871,0.021055693,2.531914234161377,12145,0.2,0.0003,0.2359375,-0.015385541558498517,17.365845584869383,2272.5341796875,1000.0
434,2431,4978688,11464,0.09477957338094711,0.9248732328414917,21.374468517303466,0.031229733,12.69805908203125,12150,0.2,0.0003,0.33330078125,-0.016952316439710558,17.374014472961427,2272.5341796875,1000.0
434,2432,4980736,11468,0.09477443993091583,0.9442030787467957,9.34317238330841,0.030235492,3.7311294078826904,12155,0.2,0.0003,0.290234375,-0.013130153249949216,17.376673221588135,2272.5341796875,1000.0
434,2433,4982784,11473,0.09472569823265076,0.9623934626579285,7.09199550151825,0.031720277,2.564274311065674,12160,0.2,0.0003,0.29931640625,-0.013491083920234815,17.380184268951417,2272.5341796875,1000.0
434,2434,4984832,11478,0.09471595287322998,0.9704247117042542,6.848396897315979,0.044750042,3.029825210571289,12165,0.2,0.0003,0.385546875,-0.01093921521678567,17.38983678817749,2284.90234375,1000.0
434,2435,4986880,11483,0.09471898525953293,0.9558191299438477,18.941345024108887,0.029304162,7.898552417755127,12170,0.2,0.0003,0.36396484375,-0.003768036118708551,17.391829681396484,2284.90234375,1000.0
434,2436,4988928,11487,0.09469715505838394,0.976885974407196,9.06171715259552,0.040271882,3.812739372253418,12175,0.2,0.0003,0.2720703125,-0.013344135438092052,17.394293880462648,2284.90234375,1000.0
434,2437,4990976,11492,0.09472566097974777,0.9659100770950317,11.767925119400024,0.035197467,4.922842502593994,12180,0.2,0.0003,0.3283203125,-0.009258658473845572,17.396825790405273,2284.90234375,1000.0
434,2438,4993024,11497,0.09474916756153107,0.9465660452842712,14.63203854560852,0.053542543,5.519304275512695,12185,0.2,0.0003,0.4244140625,-0.013456998905166984,17.391903591156005,2270.6416015625,1000.0
434,2439,4995072,11502,0.09473972022533417,0.936004102230072,17.77855863571167,0.039053924,8.050277709960938,12190,0.2,0.0003,0.39287109375,-0.014610938797704875,17.392259693145753,2270.6416015625,1000.0
434,2440,4997120,11506,0.09470594674348831,0.9742607474327087,9.284705424308777,0.031337924,3.4214437007904053,12195,0.2,0.0003,0.34501953125,-0.009293081681244075,17.395000553131105,2270.6416015625,1000.0
434,2441,4999168,11511,0.09468555450439453,0.9718851447105408,7.705983567237854,0.056753144,3.497465133666992,12200,0.2,0.0003,0.4091796875,-0.01227113560307771,17.401693725585936,2270.6416015625,1000.0
434,2442,5001216,11517,0.09466637670993805,0.9753267168998718,8.591174149513245,0.02766475,3.573887348175049,12205,0.2,0.0003,0.33994140625,-0.01051170052960515,17.402464962005617,2292.87890625,1000.0
434,2443,5003264,11521,0.09466800093650818,0.9196651577949524,30.142036151885986,0.043481857,15.243487358093262,12210,0.2,0.0003,0.39375,-0.013731772918254137,17.403254795074464,2292.87890625,1000.0
434,2444,5005312,11525,0.09467615187168121,0.9796411991119385,8.900547242164611,0.044231262,3.777975082397461,12215,0.2,0.0003,0.34150390625,-0.013320306455716491,17.400200939178468,2292.87890625,1000.0
434,2445,5007360,11530,0.09454585611820221,0.9743152856826782,11.363044023513794,0.07171822,5.2148823738098145,12220,0.2,0.0003,0.4890625,-0.0027482898090966045,17.41129674911499,2292.87890625,1000.0
434,2446,5009408,11536,0.0944802537560463,0.9839096069335938,7.950549697875976,0.065842815,3.7312519550323486,12225,0.2,0.0003,0.45419921875,0.0010610314668156207,17.433388805389406,2303.2626953125,1000.0
434,2447,5011456,11540,0.0944768488407135,0.9076639413833618,43.59952793121338,0.026938334,22.359790802001953,12230,0.2,0.0003,0.383984375,0.011124620249029249,17.435559940338134,2303.2626953125,1000.0
434,2448,5013504,11545,0.09445434808731079,0.892300546169281,37.53779888153076,0.02376715,17.72454261779785,12235,0.2,0.0003,0.24931640625,-0.015213872725144028,17.43662452697754,2303.2626953125,1000.0
