time/time_elapsed,time/total_timesteps,time/fps,time/iterations,train/entropy_loss,train/loss,train/explained_variance,train/learning_rate,train/approx_kl,train/std,train/n_updates,train/policy_gradient_loss,train/clip_fraction,train/clip_range,train/value_loss,rollout/ep_rew_mean,rollout/ep_len_mean,eval/en_iyi_adim,eval/skor
4,4096,971,1,,,,,,,,,,,,,,,
6,8192,1363,2,28.3823184967041,25.894941329956055,0.9641019701957703,0.0001,0.014162622,0.0500035434961319,4550,-0.0049810397089459,0.2015625,0.2,70.35319204330445,,,,
7,12288,1576,3,28.37909870147705,18.33243179321289,0.971288800239563,0.0001,0.017762825,0.0500166229903698,4555,-0.009317690067109651,0.141796875,0.2,58.048140335083005,,,,
12,16384,1319,4,28.37515859603882,17.777833938598633,0.9747638702392578,0.0001,0.019336836,0.05001869052648544,4560,-0.012592297291848808,0.22421875,0.2,51.25104780197144,2097.92529296875,1000.0,,
14,20480,1441,5,28.37528762817383,17.427589416503906,0.9805082678794861,0.0001,0.01908167,0.05002341419458389,4565,-0.009587885346263647,0.205078125,0.2,42.9973484992981,2097.92529296875,1000.0,,
16,24576,1531,6,28.373256874084472,65.70191192626953,0.9184716939926147,0.0001,0.014712861,0.05002610385417938,4570,-0.008258562258561142,0.174365234375,0.2,153.45338459014891,2097.92529296875,1000.0,,
17,28672,1604,7,28.37306342124939,17.24894905090332,0.9624377489089966,0.0001,0.018646732,0.05002513900399208,4575,-0.01218553934013471,0.176904296875,0.2,53.68267269134522,2097.92529296875,1000.0,,
21,32768,1505,8,28.3742796421051,20.471527099609375,0.9607797861099243,0.0001,0.018066017,0.05001836270093918,4580,-0.009610902110580355,0.202978515625,0.2,55.28044919967651,2104.384521484375,1000.0,,
23,36864,1552,9,28.373546028137206,24.168001174926758,0.964095413684845,0.0001,0.021911222,0.05003315210342407,4585,-0.01230015695327893,0.229638671875,0.2,54.89957160949707,2104.384521484375,1000.0,,
25,40960,1599,10,28.369022607803345,54.74163818359375,0.9003620743751526,0.0001,0.016465986,0.05003836378455162,4590,-0.009354324173182249,0.18193359375,0.2,132.38487129211427,2104.384521484375,1000.0,,
27,45056,1639,11,28.367415285110475,38.9746208190918,0.9394798874855042,0.0001,0.020823535,0.05004771426320076,4595,-0.013406543538440018,0.208251953125,0.2,87.7876594543457,2104.384521484375,1000.0,,
31,49152,1578,12,28.363253164291383,19.488475799560547,0.9613274931907654,0.0001,0.021490868,0.050059713423252106,4600,-0.009054986858973279,0.20029296875,0.2,57.6986289024353,2028.1947021484375,1000.0,,
33,53248,1606,13,28.36062788963318,23.837854385375977,0.9618493914604187,0.0001,0.019883381,0.050058260560035706,4605,-0.011179256986360997,0.245654296875,0.2,58.963533115386966,2028.1947021484375,1000.0,,
34,57344,1638,14,28.360078620910645,17.558284759521484,0.9447566270828247,0.0001,0.013543456,0.05007066950201988,4610,-0.009899972501443699,0.17353515625,0.2,59.453078746795654,2028.1947021484375,1000.0,,
36,61440,1670,15,28.35648865699768,16.31435775756836,0.960252046585083,0.0001,0.0178664,0.05006922408938408,4615,-0.012325417972169817,0.189111328125,0.2,50.095815372467044,2028.1947021484375,1000.0,,
41,65536,1595,16,28.356952667236328,11.578452110290527,0.9678237438201904,0.0001,0.018292902,0.05007795989513397,4620,-0.012807338422862812,0.194287109375,0.2,39.95944223403931,2040.441162109375,1000.0,,
43,69632,1614,17,28.353762197494508,16.06939125061035,0.9745392203330994,0.0001,0.025001105,0.05008093640208244,4625,-0.011223939791671,0.2451171875,0.2,38.81995759010315,2040.441162109375,1000.0,,
44,73728,1642,18,28.35444293022156,45.9302978515625,0.9145398736000061,0.0001,0.014588367,0.050071556121110916,4630,-0.005241154518444091,0.21240234375,0.2,120.17185096740722,2040.441162109375,1000.0,,
46,77824,1667,19,28.35894751548767,30.640668869018555,0.93212890625,0.0001,0.016384859,0.05006073787808418,4635,-0.011918199888896197,0.15751953125,0.2,94.75555868148804,2040.441162109375,1000.0,,
51,81920,1605,20,28.362575721740722,23.796384811401367,0.9578778743743896,0.0001,0.016892027,0.05004890263080597,4640,-0.011177849827799947,0.18408203125,0.2,63.27119827270508,2053.0556640625,1000.0,,
52,86016,1629,21,28.364785146713256,31.707168579101562,0.9587942957878113,0.0001,0.019094244,0.0500517264008522,4645,-0.015031182067468762,0.206982421875,0.2,69.86139173507691,2053.0556640625,1000.0,,
54,90112,1651,22,28.363527822494508,42.89482879638672,0.9270042777061462,0.0001,0.019106224,0.050054214894771576,4650,-0.01147529378067702,0.213232421875,0.2,103.77745761871338,2053.0556640625,1000.0,,
56,94208,1671,23,28.363618516921996,23.97251319885254,0.9648908972740173,0.0001,0.017826013,0.05005117505788803,4655,-0.009380305872764439,0.17705078125,0.2,53.7453631401062,2053.0556640625,1000.0,,
60,98304,1620,24,28.365295314788817,18.992700576782227,0.9719310402870178,0.0001,0.020805653,0.05004672706127167,4660,-0.008731841295957565,0.217333984375,0.2,45.5810266494751,2078.376220703125,1000.0,,
62,102400,1640,25,28.365395641326906,27.60304832458496,0.9557893872261047,0.0001,0.017588694,0.05004745349287987,4665,-0.008217770501505583,0.215869140625,0.2,78.34629526138306,2078.376220703125,1000.0,,
64,106496,1658,26,28.36614842414856,47.333919525146484,0.9121910333633423,0.0001,0.012911636,0.05004389211535454,4670,-0.010519093042239547,0.138037109375,0.2,137.9478515625,2078.376220703125,1000.0,,
65,110592,1676,27,28.36733407974243,45.54921340942383,0.9460605382919312,0.0001,0.012959511,0.05004331097006798,4675,-0.009485206112731247,0.11552734375,0.2,111.43508911132812,2078.376220703125,1000.0,,
70,114688,1632,28,28.365553855895996,17.47446060180664,0.9731601476669312,0.0001,0.018066399,0.05004986748099327,4680,-0.012819324887823313,0.201025390625,0.2,46.422381496429445,2030.0584716796875,1000.0,,
72,118784,1649,29,28.364832210540772,17.16025733947754,0.9677575826644897,0.0001,0.024214564,0.05005096644163132,4685,-0.006974929303396493,0.23212890625,0.2,45.03003845214844,2030.0584716796875,1000.0,,
73,122880,1665,30,28.364009618759155,11.972851753234863,0.9713658690452576,0.0001,0.019244011,0.050047218799591064,4690,-0.004294153879163787,0.255517578125,0.2,33.67700715065003,2030.0584716796875,1000.0,,
75,126976,1680,31,28.366446018218994,13.082910537719727,0.9774957299232483,0.0001,0.02334119,0.05004707723855972,4695,-0.005798953276826069,0.2392578125,0.2,32.56873259544373,2030.0584716796875,1000.0,,
79,131072,1650,32,28.365168380737305,13.109939575195312,0.9677857756614685,0.0001,0.023425516,0.050055429339408875,4700,-0.006156226331950165,0.253466796875,0.2,30.492703008651734,2012.0367431640625,1000.0,,
81,135168,1664,33,28.361222982406616,36.068519592285156,0.9427483677864075,0.0001,0.014527915,0.05006425082683563,4705,-0.0074793302686885,0.198486328125,0.2,90.04691505432129,2012.0367431640625,1000.0,,
82,139264,1677,34,28.35775294303894,21.719045639038086,0.9665518999099731,0.0001,0.018457148,0.0500795878469944,4710,-0.01040249054785818,0.179296875,0.2,59.84325008392334,2012.0367431640625,1000.0,,
84,143360,1690,35,28.356820487976073,19.10080909729004,0.977374255657196,0.0001,0.01985244,0.05005447939038277,4715,-0.009514389769174158,0.214404296875,0.2,44.89412317276001,2012.0367431640625,1000.0,,
88,147456,1658,36,28.36589608192444,18.72372817993164,0.9768292307853699,0.0001,0.019656202,0.05004437267780304,4720,-0.011290503421332688,0.21474609375,0.2,49.23331508636475,1998.8238525390625,1000.0,,
90,151552,1670,37,28.369615030288696,23.531827926635742,0.9602940678596497,0.0001,0.02122298,0.05002693459391594,4725,-0.013189458986744285,0.25302734375,0.2,51.70300998687744,1998.8238525390625,1000.0,,
92,155648,1683,38,28.37879114151001,11.070511817932129,0.957880437374115,0.0001,0.018733408,0.04999241977930069,4730,-0.0098566475789994,0.212890625,0.2,30.247015523910523,1998.8238525390625,1000.0,,
94,159744,1692,39,28.387116281609785,12.827333450317383,0.9634320735931396,0.0001,0.028329035,0.04998718574643135,4733,-0.0035413898233520357,0.20240542763157895,0.2,29.839853688290244,2002.54541015625,999.83,,
97,163840,1672,40,28.387216091156006,58.061744689941406,0.8942151069641113,0.0001,0.022602316,0.04998693987727165,4738,-0.01260368999792263,0.224609375,0.2,106.02918672561646,2055.22021484375,999.83,,
99,167936,1683,41,28.387297773361205,58.0604362487793,0.8521871566772461,0.0001,0.0104806945,0.04998989403247833,4743,-0.006139821570832283,0.093603515625,0.2,149.93985748291016,2055.22021484375,999.83,,
101,172032,1694,42,28.38452649116516,44.11478042602539,0.8749688863754272,0.0001,0.01174079,0.05000247061252594,4748,-0.012885217915754765,0.099169921875,0.2,130.56146411895753,2055.22021484375,999.83,,
105,176128,1672,43,28.381389141082764,32.93958282470703,0.8923367261886597,0.0001,0.013985597,0.0500020757317543,4753,-0.013924418622627855,0.1232421875,0.2,107.26181335449219,2005.93603515625,999.83,,
107,180224,1678,44,28.384275245666505,24.784265518188477,0.9359784126281738,0.0001,0.016122185,0.049989428371191025,4758,-0.015492711443221197,0.15390625,0.2,72.05939350128173,2005.93603515625,999.83,,
109,184320,1688,45,28.386504125595092,34.29781723022461,0.9254400730133057,0.0001,0.014649792,0.04999328404664993,4763,-0.01123250780510716,0.138916015625,0.2,88.37744235992432,2005.93603515625,999.83,,
111,188416,1697,46,28.38479881286621,37.38719940185547,0.9270736575126648,0.0001,0.015460195,0.04999251663684845,4768,-0.009713324171025306,0.15986328125,0.2,87.75610427856445,2005.93603515625,999.83,,
115,192512,1673,47,28.386410808563234,25.02233123779297,0.960026204586029,0.0001,0.016292976,0.04998885095119476,4773,-0.013803421109332702,0.195654296875,0.2,59.6399600982666,1994.375,999.83,,
116,196608,1681,48,28.387287378311157,21.334991455078125,0.9639370441436768,0.0001,0.019993361,0.04998265579342842,4778,-0.010352324129780755,0.22138671875,0.2,52.83845615386963,1994.375,999.83,,
118,200704,1690,49,28.388773679733276,27.920270919799805,0.9692910313606262,0.0001,0.017883277,0.049987487494945526,4783,-0.012399798532715067,0.188720703125,0.2,67.46201782226562,1994.375,999.83,,
120,204800,1698,50,28.388206195831298,14.092909812927246,0.9816344976425171,0.0001,0.015559227,0.049976326525211334,4788,-0.010998010355979203,0.1646484375,0.2,38.58618474006653,1994.375,999.83,,
124,208896,1678,51,28.395810890197755,13.340742111206055,0.9800573587417603,0.0001,0.019447034,0.049946971237659454,4793,-0.010989059694111347,0.19296875,0.2,40.47744479179382,2027.09814453125,999.83,,
126,212992,1683,52,28.407203006744385,17.98007583618164,0.9816697835922241,0.0001,0.022046402,0.0499144047498703,4798,-0.01259313676855527,0.251708984375,0.2,42.49498596191406,2027.09814453125,999.83,,
128,217088,1691,53,28.41718969345093,41.214962005615234,0.927909255027771,0.0001,0.019422177,0.049898337572813034,4803,-0.013364521981566213,0.19521484375,0.2,114.58737316131592,2027.09814453125,999.83,,
130,221184,1699,54,28.419220876693725,34.74172592163086,0.9632039666175842,0.0001,0.01901842,0.0499027781188488,4808,-0.008525411109440028,0.187548828125,0.2,72.23621778488159,2027.09814453125,999.83,,
134,225280,1676,55,28.4182249546051,29.395374298095703,0.9714082479476929,0.0001,0.024412226,0.04989685118198395,4813,-0.009105132753029465,0.2625,0.2,67.33217830657959,2038.76611328125,999.83,,
136,229376,1684,56,28.42026710510254,31.061237335205078,0.9658088684082031,0.0001,0.021007413,0.049898095428943634,4818,-0.008328743313904851,0.286376953125,0.2,68.15125741958619,2038.76611328125,999.83,,
137,233472,1692,57,28.41994857788086,33.52507019042969,0.9396924376487732,0.0001,0.018471725,0.04989505186676979,4823,-0.010102656343951822,0.217578125,0.2,86.9012580871582,2038.76611328125,999.83,,
139,237568,1700,58,28.421309661865234,29.929712295532227,0.9546979665756226,0.0001,0.02122457,0.049888793379068375,4828,-0.010258527740370482,0.21533203125,0.2,77.69989614486694,2038.76611328125,999.83,,
143,241664,1683,59,28.423469495773315,46.84811019897461,0.953092098236084,0.0001,0.023271982,0.04988834634423256,4833,-0.009411666926462203,0.225537109375,0.2,90.87282104492188,2058.78564453125,999.83,,
145,245760,1691,60,28.424721968801396,43.73582458496094,0.9630957841873169,0.0001,0.028804412,0.049875855445861816,4836,-0.005148604904350482,0.19397615131578946,0.2,85.90601830733449,2058.78564453125,999.83,,
147,249856,1699,61,28.430565738677977,38.56920623779297,0.9446229934692383,0.0001,0.0160195,0.049864064902067184,4841,-0.009347707242704928,0.176513671875,0.2,110.97091617584229,2058.78564453125,999.83,,
172,253952,1473,62,28.43007173538208,19.963804244995117,0.9712053537368774,0.0001,0.0197441,0.04987575113773346,4846,-0.01499461247585714,0.216357421875,0.2,54.63602409362793,2058.78564453125,999.83,250000,2.6787525696557566
178,258048,1448,63,28.42716999053955,16.342153549194336,0.977010190486908,0.0001,0.01928566,0.049871280789375305,4851,-0.00843144643586129,0.21259765625,0.2,45.36953620910644,2017.9229736328125,1000.0,,
180,262144,1456,64,28.436072158813477,40.511531829833984,0.9573404788970947,0.0001,0.01770128,0.04982933774590492,4856,-0.00791853740811348,0.213671875,0.2,80.61698732376098,2017.9229736328125,1000.0,,
181,266240,1463,65,28.4482084274292,54.052146911621094,0.9081349968910217,0.0001,0.016704079,0.049812689423561096,4861,-0.013403365448175464,0.170263671875,0.2,118.6280164718628,2017.9229736328125,1000.0,,
183,270336,1470,66,28.450686073303224,23.716882705688477,0.958318829536438,0.0001,0.020504054,0.049815014004707336,4866,-0.01454940646653995,0.21416015625,0.2,64.64897623062134,2017.9229736328125,1000.0,,
187,274432,1464,67,28.449408054351807,20.57684326171875,0.9555095434188843,0.0001,0.01888907,0.04981418699026108,4871,-0.008134375733789057,0.207958984375,0.2,53.141442966461184,1956.7835693359375,1000.0,,
189,278528,1472,68,28.452054977416992,36.395050048828125,0.9472166299819946,0.0001,0.017694782,0.04980175197124481,4876,-0.012495065486291423,0.21171875,0.2,87.60045795440674,1956.7835693359375,1000.0,,
190,282624,1479,69,28.458461475372314,34.35533905029297,0.9497177004814148,0.0001,0.014789523,0.049774885177612305,4881,-0.009479584457585588,0.154052734375,0.2,87.21290969848633,1956.7835693359375,1000.0,,
192,286720,1487,70,28.466105937957764,25.131824493408203,0.9643004536628723,0.0001,0.015408585,0.049765534698963165,4886,-0.014049021684331819,0.183544921875,0.2,65.24402122497558,1956.7835693359375,1000.0,,
196,290816,1477,71,28.46902632713318,24.922914505004883,0.9627853631973267,0.0001,0.01672722,0.049757447093725204,4891,-0.012493567541241646,0.158203125,0.2,65.20790519714356,1977.04833984375,1000.0,,
198,294912,1484,72,28.46971697807312,19.93855857849121,0.9678131341934204,0.0001,0.01977785,0.04976525157690048,4896,-0.011397352087078616,0.2052734375,0.2,49.363911151885986,1977.04833984375,1000.0,,
200,299008,1491,73,28.468261432647704,33.545982360839844,0.9426735043525696,0.0001,0.015614618,0.04975740611553192,4901,-0.008016593143111095,0.210546875,0.2,84.83403720855713,1977.04833984375,1000.0,,
202,303104,1498,74,28.471766090393068,13.285367965698242,0.975132405757904,0.0001,0.018209647,0.04975295811891556,4906,-0.008191991795320064,0.16455078125,0.2,38.51333794593811,1977.04833984375,1000.0,,
206,307200,1489,75,28.472477912902832,11.290321350097656,0.9779132604598999,0.0001,0.019835379,0.04974985122680664,4911,-0.00921519307885319,0.20908203125,0.2,32.04087896347046,1965.5975341796875,1000.0,,
208,311296,1496,76,28.475232982635497,32.62263107299805,0.9220197796821594,0.0001,0.018535182,0.049739450216293335,4916,-0.008661472040694207,0.257958984375,0.2,85.28352394104004,1965.5975341796875,1000.0,,
209,315392,1502,77,28.47667007446289,32.107967376708984,0.8915715217590332,0.0001,0.016986314,0.04974215850234032,4921,-0.009450687805656343,0.188427734375,0.2,87.19127388000489,1965.5975341796875,1000.0,,
211,319488,1509,78,28.47689986228943,25.758882522583008,0.9093511700630188,0.0001,0.015867313,0.04973281919956207,4926,-0.009872298897244036,0.163134765625,0.2,65.8209994316101,1965.5975341796875,1000.0,,
215,323584,1500,79,28.482174921035767,23.391984939575195,0.9162333011627197,0.0001,0.019959591,0.04971690475940704,4931,-0.010099078965140507,0.222900390625,0.2,66.61140117645263,1986.2332763671875,1000.0,,
217,327680,1506,80,28.485696172714235,42.47927474975586,0.9229049682617188,0.0001,0.014040215,0.049714598804712296,4936,-0.006193813472054899,0.172802734375,0.2,108.32459869384766,1986.2332763671875,1000.0,,
219,331776,1512,81,28.485542964935302,32.53740310668945,0.942394495010376,0.0001,0.013883412,0.049715083092451096,4941,-0.009943651658250018,0.123388671875,0.2,89.0283148765564,1986.2332763671875,1000.0,,
221,335872,1517,82,28.487105798721313,27.63951873779297,0.9554911851882935,0.0001,0.014773333,0.04970846697688103,4946,-0.010462924028979614,0.151171875,0.2,77.11765251159667,1970.6683349609375,1000.0,,
224,339968,1512,83,28.48889331817627,24.755081176757812,0.9625965356826782,0.0001,0.018447187,0.0497039332985878,4951,-0.01399080969276838,0.177587890625,0.2,70.67835474014282,1926.2822265625,1000.0,,
226,344064,1518,84,28.489794969558716,41.58867263793945,0.946899950504303,0.0001,0.014774865,0.04970366135239601,4956,-0.012464529997669161,0.158349609375,0.2,120.44781112670898,1926.2822265625,1000.0,,
228,348160,1523,85,28.488556814193725,26.012598037719727,0.9639718532562256,0.0001,0.015715007,0.04971225559711456,4961,-0.010332958394428715,0.1546875,0.2,87.27416696548462,1926.2822265625,1000.0,,
232,352256,1515,86,28.48806700706482,15.811873435974121,0.9786732196807861,0.0001,0.015076704,0.04969990998506546,4966,-0.011476816178765148,0.162109375,0.2,53.563869094848634,1942.736572265625,1000.0,,
234,356352,1518,87,28.493540620803834,20.387758255004883,0.9777823686599731,0.0001,0.018761892,0.049689002335071564,4971,-0.012016841873992235,0.22734375,0.2,52.057740211486816,1942.736572265625,1000.0,,
236,360448,1524,88,28.49750943183899,23.134248733520508,0.9482018947601318,0.0001,0.020614643,0.04967695102095604,4976,-0.008093500428367406,0.20419921875,0.2,57.52952661514282,1942.736572265625,1000.0,,
238,364544,1530,89,28.499028491973878,13.283171653747559,0.9720601439476013,0.0001,0.022622507,0.049688201397657394,4981,-0.006802049221005291,0.2458984375,0.2,31.223222064971925,1942.736572265625,1000.0,,
241,368640,1524,90,28.49211835861206,9.724014282226562,0.9751418232917786,0.0001,0.023067193,0.049710266292095184,4986,-0.005462993832770735,0.259228515625,0.2,27.42189316749573,2002.9315185546875,1000.0,,
243,372736,1528,91,28.491700839996337,14.707427024841309,0.9747199416160583,0.0001,0.02452517,0.049676597118377686,4991,-0.009253715653903783,0.266259765625,0.2,32.75300693511963,1996.6337890625,992.6,,
245,376832,1534,92,28.503888463974,141.72314453125,0.8540823459625244,0.0001,0.019334584,0.04965943098068237,4996,-0.009696592285763472,0.254638671875,0.2,251.1677074432373,1996.6337890625,992.6,,
247,380928,1539,93,28.50666389465332,43.0932731628418,0.9519898891448975,0.0001,0.018183354,0.0496615432202816,5001,-0.013116618897765876,0.19306640625,0.2,91.8327247619629,1996.6337890625,992.6,,
251,385024,1533,94,28.50383858680725,20.73390769958496,0.9745903611183167,0.0001,0.019404978,0.049670491367578506,5006,-0.01176316156052053,0.192578125,0.2,48.891740036010745,1974.4002685546875,992.09,,
253,389120,1536,95,28.503278398513793,91.08438873291016,0.9351446628570557,0.0001,0.018712888,0.049660857766866684,5011,-0.009950172144453973,0.202880859375,0.2,144.3346242904663,1975.833740234375,984.54,,
255,393216,1541,96,28.50637822151184,128.47317504882812,0.8818661570549011,0.0001,0.014316938,0.049660030752420425,5016,-0.01074297926388681,0.1419921875,0.2,294.68462085723877,1975.833740234375,984.54,,
256,397312,1546,97,28.505325603485108,22.078475952148438,0.9653996825218201,0.0001,0.01762498,0.04966442659497261,5021,-0.01177771050715819,0.145458984375,0.2,70.21981439590454,1975.833740234375,984.54,,
261,401408,1537,98,28.504324436187744,15.390032768249512,0.9707104563713074,0.0001,0.01700886,0.04966295138001442,5026,-0.009612985362764448,0.172314453125,0.2,51.691337776184085,1951.731689453125,984.54,,
263,405504,1540,99,28.506664562225343,25.896352767944336,0.9684116840362549,0.0001,0.01950681,0.04965653643012047,5031,-0.01235163122182712,0.232568359375,0.2,69.55762691497803,1939.4559326171875,984.54,,
264,409600,1545,100,28.507630014419554,57.80496597290039,0.9034592509269714,0.0001,0.0091978535,0.0496550053358078,5036,-0.003933264256920666,0.173291015625,0.2,165.21489906311035,1939.4559326171875,984.54,,
266,413696,1550,101,28.507346296310423,60.52165603637695,0.9080634117126465,0.0001,0.012343921,0.04965928941965103,5041,-0.009527136950055137,0.099609375,0.2,149.60567359924318,1939.4559326171875,984.54,,
270,417792,1543,102,28.506586933135985,40.62173080444336,0.9310638904571533,0.0001,0.01131364,0.049653392285108566,5046,-0.010677657416090369,0.121484375,0.2,120.10254402160645,1933.9378662109375,984.54,,
272,421888,1547,103,28.51107773780823,31.2458553314209,0.9513498544692993,0.0001,0.019525632,0.0496392659842968,5051,-0.013214939570752903,0.195654296875,0.2,77.37040119171142,1920.2125244140625,984.54,,
274,425984,1551,104,28.516015911102294,40.940887451171875,0.9365313053131104,0.0001,0.019322846,0.04962813854217529,5056,-0.010740108729805797,0.21201171875,0.2,90.33821258544921,1920.2125244140625,984.54,,
276,430080,1556,105,28.521976137161253,11.678540229797363,0.9803028702735901,0.0001,0.022511661,0.04959383234381676,5061,-0.009098931477637962,0.23642578125,0.2,32.70991144180298,1920.2125244140625,984.54,,
279,434176,1550,106,28.533896568493965,7.325008869171143,0.984331488609314,0.0001,0.025257783,0.0495782308280468,5066,-0.006275954674212978,0.2822015224358974,0.2,25.048698351933407,1941.560302734375,984.54,,
282,438272,1554,107,28.53643407821655,17.90935707092285,0.978073000907898,0.0001,0.024450745,0.04957766830921173,5069,-0.003570427419617772,0.23134765625,0.2,38.001205635070804,1971.494384765625,984.54,,
283,442368,1558,108,28.5356406211853,18.143033981323242,0.9682607054710388,0.0001,0.017670512,0.0495762936770916,5074,-0.007809418853139505,0.209375,0.2,45.36748671531677,1971.494384765625,984.54,,
285,446464,1563,109,28.538320779800415,18.90514373779297,0.9672641754150391,0.0001,0.017646153,0.04956836253404617,5079,-0.010925478581339122,0.18115234375,0.2,47.999471473693845,1971.494384765625,984.54,,
289,450560,1556,110,28.54125509262085,19.674449920654297,0.9689813256263733,0.0001,0.019934472,0.049555983394384384,5084,-0.009013009548652917,0.204150390625,0.2,48.50528516769409,1965.4046630859375,984.54,,
291,454656,1558,111,28.544717168807985,18.83753776550293,0.9643397927284241,0.0001,0.018050503,0.04955507069826126,5089,-0.009552563814213499,0.209912109375,0.2,49.9604076385498,1957.6162109375,984.54,,
293,458752,1563,112,28.543741035461426,21.66860008239746,0.9651675820350647,0.0001,0.016309015,0.04955954849720001,5094,-0.011469570139888674,0.187841796875,0.2,54.8626522064209,1957.6162109375,984.54,,
295,462848,1567,113,28.5455322265625,16.503538131713867,0.9749400615692139,0.0001,0.015500419,0.04953707382082939,5099,-0.008696894414606504,0.1791015625,0.2,44.98869566917419,1957.6162109375,984.54,,
300,466944,1556,114,28.554194498062134,17.277259826660156,0.9671285152435303,0.0001,0.01792188,0.04952554777264595,5104,-0.01269556195475161,0.181982421875,0.2,48.735988235473634,1932.87451171875,984.54,,
302,471040,1559,115,28.556332635879517,25.716650009155273,0.9592570066452026,0.0001,0.020274408,0.049518123269081116,5109,-0.009773935447447002,0.20888671875,0.2,59.636224555969235,1921.30908203125,984.54,,
303,475136,1563,116,28.56034460067749,17.509206771850586,0.9670616984367371,0.0001,0.019931462,0.04950694367289543,5114,-0.007745190861169249,0.21015625,0.2,42.65317463874817,1921.30908203125,984.54,,
305,479232,1566,117,28.564458322525024,19.26317024230957,0.9681236147880554,0.0001,0.020966327,0.04949483647942543,5119,-0.012211567891063169,0.24443359375,0.2,46.37189583778381,1926.655029296875,984.54,,
309,483328,1563,118,28.56989493370056,17.48038673400879,0.9728691577911377,0.0001,0.018608142,0.04947587475180626,5124,-0.011587962147314102,0.192822265625,0.2,43.99579825401306,1938.114501953125,992.45,,
311,487424,1565,119,28.576374340057374,33.75822830200195,0.9167216420173645,0.0001,0.01651894,0.049459755420684814,5129,-0.00991199614945799,0.185400390625,0.2,87.029301071167,1927.9156494140625,992.45,,
313,491520,1569,120,28.58188638687134,26.34925079345703,0.9291273951530457,0.0001,0.018528566,0.04944445192813873,5134,-0.0090747069043573,0.18525390625,0.2,70.66859073638916,1927.9156494140625,992.45,,
315,495616,1572,121,28.585814332962038,41.63727951049805,0.9007179141044617,0.0001,0.016577318,0.049441512674093246,5139,-0.00953014190599788,0.17880859375,0.2,98.00465965270996,1928.3677978515625,992.45,,
318,499712,1568,122,28.58632674217224,36.44749450683594,0.8895154595375061,0.0001,0.013292188,0.049439068883657455,5144,-0.010367766450508497,0.169873046875,0.2,108.16223049163818,1962.7247314453125,1000.0,,
342,503808,1472,123,28.5848126411438,24.738353729248047,0.967575192451477,0.0001,0.017137416,0.049455683678388596,5149,-0.012021154066314921,0.171533203125,0.2,63.30169525146484,1945.927490234375,1000.0,250000,2.5493104273859384
343,507904,1477,124,28.581972455978395,18.97547721862793,0.9625493884086609,0.0001,0.02256788,0.0494418740272522,5154,-0.01293226690031588,0.21875,0.2,62.71535596847534,1945.927490234375,1000.0,,
347,512000,1474,125,28.58981318473816,12.849608421325684,0.978294312953949,0.0001,0.02446965,0.049422040581703186,5159,-0.009451146301580593,0.23330078125,0.2,36.84808034896851,1978.1878662109375,1000.0,,
349,516096,1476,126,28.59575907389323,12.503083229064941,0.9805144667625427,0.0001,0.024363477,0.04940781369805336,5164,-0.0076640903030355005,0.2880608974358974,0.2,32.03613090515137,1963.7342529296875,1000.0,,
351,520192,1480,127,28.60046606063843,16.275571823120117,0.9571806788444519,0.0001,0.019686913,0.049392085522413254,5169,-0.008115171862300485,0.224755859375,0.2,42.57558059692383,1962.3978271484375,1000.0,,
353,524288,1484,128,28.605028200149537,36.331199645996094,0.9188187718391418,0.0001,0.015181908,0.04939073696732521,5174,-0.010442302393494174,0.197265625,0.2,96.74099197387696,1962.3978271484375,1000.0,,
356,528384,1481,129,28.60107054710388,19.61486053466797,0.9391525983810425,0.0001,0.016834415,0.04941858723759651,5179,-0.013224511031876319,0.177197265625,0.2,62.50054941177368,1994.0875244140625,1000.0,,
358,532480,1483,130,28.591792154312134,29.96371841430664,0.938209056854248,0.0001,0.019382406,0.049427494406700134,5184,-0.010164484911365434,0.20107421875,0.2,71.46164054870606,1965.1322021484375,1000.0,,
360,536576,1487,131,28.59089822769165,27.426437377929688,0.9631725549697876,0.0001,0.020809263,0.04943133890628815,5189,-0.011222688399720937,0.210888671875,0.2,61.30383472442627,1965.1322021484375,1000.0,,
362,540672,1490,132,28.589830017089845,14.224761009216309,0.9785194993019104,0.0001,0.020504339,0.04942835867404938,5194,-0.010333032405469567,0.1955078125,0.2,39.176572275161746,1965.1322021484375,1000.0,,
366,544768,1484,133,28.59380989074707,18.338886260986328,0.9777615070343018,0.0001,0.022842595,0.049404874444007874,5199,-0.010240873519796878,0.26103515625,0.2,43.986679553985596,2010.462646484375,1000.0,,
369,548864,1486,134,28.597664213180543,20.326169967651367,0.9779130220413208,0.0001,0.0214069,0.0494212731719017,5204,-0.0058693670260254295,0.225244140625,0.2,46.86388826370239,2004.802978515625,1000.0,,
371,552960,1490,135,28.591945266723634,48.26369094848633,0.9413579702377319,0.0001,0.015215608,0.04942236468195915,5209,-0.0070514339313376695,0.224267578125,0.2,124.41711750030518,2004.802978515625,1000.0,,
372,557056,1493,136,28.593245887756346,49.564788818359375,0.939178466796875,0.0001,0.016596965,0.0494249165058136,5214,-0.013112915586680174,0.1716796875,0.2,119.88548736572265,2004.802978515625,1000.0,,
376,561152,1489,137,28.593107175827026,26.7358455657959,0.9556629061698914,0.0001,0.017123558,0.049413248896598816,5219,-0.009397461684420705,0.17763671875,0.2,75.45318632125854,1994.2093505859375,1000.0,,
378,565248,1492,138,28.596258306503294,33.15730285644531,0.951103687286377,0.0001,0.017588083,0.0494161956012249,5224,-0.0142377597396262,0.200341796875,0.2,80.13206729888915,1974.55517578125,1000.0,,
380,569344,1496,139,28.594565010070802,32.59049606323242,0.9418778419494629,0.0001,0.013588315,0.049419503659009933,5229,-0.012196822592522949,0.125341796875,0.2,96.78919296264648,1974.55517578125,1000.0,,
382,573440,1499,140,28.593494033813478,25.16562271118164,0.9602057933807373,0.0001,0.013315435,0.04942307993769646,5234,-0.012107387138530611,0.142236328125,0.2,72.92774896621704,1974.55517578125,1000.0,,
386,577536,1496,141,28.59073405265808,23.942968368530273,0.9691991806030273,0.0001,0.017013002,0.04943561926484108,5239,-0.013292259152512998,0.166650390625,0.2,70.63735246658325,1956.715576171875,1000.0,,
388,581632,1498,142,28.586886358261108,38.33422088623047,0.9538537859916687,0.0001,0.018998588,0.04944176599383354,5244,-0.013186506531201302,0.229150390625,0.2,87.68261013031005,1956.5244140625,1000.0,,
389,585728,1502,143,28.586252164840698,52.32501220703125,0.8603639006614685,0.0001,0.014407961,0.04943981021642685,5249,-0.01160426129354164,0.141064453125,0.2,143.84580268859864,1956.5244140625,1000.0,,
391,589824,1505,144,28.589751052856446,38.770530700683594,0.9041017293930054,0.0001,0.014885794,0.04941829293966293,5254,-0.013274935143999755,0.160205078125,0.2,105.27949237823486,1956.5244140625,1000.0,,
396,593920,1498,145,28.5965696811676,38.05802917480469,0.9105340838432312,0.0001,0.016909072,0.04941079765558243,5259,-0.00955697363242507,0.149560546875,0.2,93.55950374603272,1917.0238037109375,1000.0,,
398,598016,1501,146,28.596389961242675,41.408721923828125,0.9223587512969971,0.0001,0.013577176,0.04941900074481964,5264,-0.008324122801423074,0.149267578125,0.2,98.33631343841553,1911.4122314453125,1000.0,,
400,602112,1504,147,28.59476466178894,18.849262237548828,0.9676721692085266,0.0001,0.019144537,0.04941405728459358,5269,-0.012587990291649476,0.1986328125,0.2,49.090039825439455,1911.4122314453125,1000.0,,
401,606208,1508,148,28.597419118881227,14.89798641204834,0.973701536655426,0.0001,0.017554913,0.049407921731472015,5274,-0.009204078209586441,0.18349609375,0.2,43.56752138137817,1911.4122314453125,1000.0,,
405,610304,1504,149,28.600327682495116,13.69939136505127,0.9786838293075562,0.0001,0.021834094,0.049399398267269135,5279,-0.008700703515205532,0.2431640625,0.2,37.148250102996826,1931.460205078125,1000.0,,
407,614400,1507,150,28.601607084274292,31.242719650268555,0.9645382761955261,0.0001,0.015915453,0.0493999645113945,5280,0.004534011415671557,0.20361328125,0.2,66.74929285049438,1938.4300537109375,1000.0,,
409,618496,1510,151,28.602034711837767,34.5070686340332,0.945154070854187,0.0001,0.011004174,0.04939646273851395,5285,-0.009215752521413378,0.10859375,0.2,95.42834644317627,1938.4300537109375,1000.0,,
411,622592,1514,152,28.604836082458498,32.830039978027344,0.9571250081062317,0.0001,0.015712503,0.04938329756259918,5290,-0.011291221249848604,0.172607421875,0.2,104.38637561798096,1938.4300537109375,1000.0,,
415,626688,1507,153,28.60811333656311,20.015869140625,0.97005295753479,0.0001,0.019242609,0.049380216747522354,5295,-0.006916327230283059,0.186962890625,0.2,50.64734487533569,1896.9493408203125,1000.0,,
417,630784,1509,154,28.609055376052858,33.80065155029297,0.9417960047721863,0.0001,0.015671011,0.04937542974948883,5300,-0.009281557076610625,0.2330078125,0.2,89.26214141845703,1889.8988037109375,1000.0,,
419,634880,1513,155,28.61326131820679,39.4798469543457,0.91839200258255,0.0001,0.013071761,0.049357857555150986,5305,-0.010215115029131994,0.142041015625,0.2,108.20922889709473,1889.8988037109375,1000.0,,
421,638976,1516,156,28.620488691329957,38.330814361572266,0.9224778413772583,0.0001,0.014323245,0.049337491393089294,5310,-0.014623794530052692,0.159228515625,0.2,105.65669784545898,1889.8988037109375,1000.0,,
424,643072,1513,157,28.625603866577148,34.87577438354492,0.9278660416603088,0.0001,0.015480766,0.04933390021324158,5315,-0.013295258395373821,0.182177734375,0.2,101.60343685150147,1872.2373046875,1000.0,,
427,647168,1515,158,28.625792217254638,42.00959777832031,0.9371902942657471,0.0001,0.01763397,0.04933403804898262,5320,-0.016264704475179314,0.20830078125,0.2,105.05661602020264,1877.205810546875,1000.0,,
428,651264,1518,159,28.6254611492157,44.06840133666992,0.9380654096603394,0.0001,0.015710793,0.04933415353298187,5325,-0.011816231079865246,0.17158203125,0.2,115.03116397857666,1877.205810546875,1000.0,,
430,655360,1520,160,28.626736879348755,26.96918296813965,0.95679771900177,0.0001,0.014984854,0.04932338371872902,5330,-0.009572932840092108,0.145849609375,0.2,83.39891405105591,1866.4263916015625,1000.0,,
434,659456,1517,161,28.63139615058899,23.133691787719727,0.9550243020057678,0.0001,0.017348543,0.049311563372612,5335,-0.009195721929427237,0.181201171875,0.2,63.49282350540161,1905.7784423828125,1000.0,,
436,663552,1520,162,28.633730030059816,57.06710433959961,0.9082297682762146,0.0001,0.015409106,0.04931227117776871,5340,-0.010083527234382928,0.1900390625,0.2,149.68524799346923,1902.5291748046875,1000.0,,
438,667648,1523,163,28.63389582633972,62.72627258300781,0.8744157552719116,0.0001,0.011944471,0.04930804669857025,5345,-0.011591519101057202,0.112646484375,0.2,168.60050601959227,1902.5291748046875,1000.0,,
440,671744,1525,164,28.636142110824586,18.98920249938965,0.9641439318656921,0.0001,0.017376719,0.04930266737937927,5350,-0.013195121790340636,0.20146484375,0.2,56.606657314300534,1906.0369873046875,1000.0,,
443,675840,1522,165,28.63676252365112,11.27056884765625,0.9697826504707336,0.0001,0.02071646,0.04929791018366814,5355,-0.00975423640338704,0.235986328125,0.2,41.90131821632385,1967.72705078125,1000.0,,
446,679936,1524,166,28.64168510437012,19.71690559387207,0.961750864982605,0.0001,0.020943325,0.04927980899810791,5360,-0.009201266220770776,0.24677734375,0.2,54.665602684020996,1941.7646484375,1000.0,,
447,684032,1527,167,28.648136043548583,24.198301315307617,0.9660571217536926,0.0001,0.01714415,0.049264613538980484,5365,-0.012044825742486864,0.20048828125,0.2,53.23080816268921,1941.7646484375,1000.0,,
451,688128,1523,168,28.656732749938964,18.9757022857666,0.9712312817573547,0.0001,0.017841563,0.04922511428594589,5370,-0.00934540365706198,0.185595703125,0.2,46.83123245239258,1960.4649658203125,1000.0,,
454,692224,1524,169,28.668889045715332,17.781635284423828,0.9724975824356079,0.0001,0.020422187,0.04921596497297287,5375,-0.007619424600852654,0.217333984375,0.2,38.76695647239685,1960.7633056640625,1000.0,,
455,696320,1527,170,28.668379253811306,32.83068084716797,0.9280049204826355,0.0001,0.034240033,0.04921717941761017,5377,0.0096383446879271,0.18467881944444445,0.2,71.55325486924913,1960.7633056640625,1000.0,,
457,700416,1530,171,28.670911264419555,17.56052589416504,0.9490928649902344,0.0001,0.014722719,0.04919405281543732,5382,-0.008045221614884213,0.1328125,0.2,46.763744831085205,1960.7633056640625,1000.0,,
461,704512,1526,172,28.678441190719603,13.174646377563477,0.9544240236282349,0.0001,0.019294571,0.049190208315849304,5387,-0.005404208501568064,0.2333984375,0.2,41.41205043792725,1978.104736328125,1000.0,,
463,708608,1528,173,28.677754497528078,16.29296112060547,0.954750120639801,0.0001,0.020060936,0.049190860241651535,5392,-0.010659743979340419,0.22607421875,0.2,40.07187585830688,1990.737548828125,1000.0,,
465,712704,1531,174,28.678958940505982,48.07133483886719,0.9042856693267822,0.0001,0.013890909,0.04918228089809418,5397,-0.01085642200196162,0.1990234375,0.2,135.17639789581298,1990.737548828125,1000.0,,
467,716800,1534,175,28.680964136123656,38.27178192138672,0.937282145023346,0.0001,0.011800615,0.04918568581342697,5402,-0.010109540721168741,0.123046875,0.2,121.20555210113525,1990.737548828125,1000.0,,
470,720896,1530,176,28.679357290267944,52.184688568115234,0.9198140501976013,0.0001,0.012975142,0.04918495938181877,5407,-0.012465145793976262,0.1357421875,0.2,136.40646800994872,2007.4801025390625,1000.0,,
473,724992,1532,177,28.68083987236023,41.54448318481445,0.9423419237136841,0.0001,0.016619224,0.04917992278933525,5412,-0.015514906332828104,0.1833984375,0.2,98.78901958465576,1985.3734130859375,1000.0,,
474,729088,1535,178,28.680713844299316,42.3341064453125,0.9258871078491211,0.0001,0.015686426,0.04919096454977989,5417,-0.011069994544959627,0.139013671875,0.2,114.13929386138916,1985.3734130859375,1000.0,,
476,733184,1538,179,28.67600221633911,22.527742385864258,0.9685817956924438,0.0001,0.019069819,0.049200933426618576,5422,-0.012017947528511286,0.19423828125,0.2,56.85951614379883,1985.3734130859375,1000.0,,
480,737280,1534,180,28.672878408432005,15.375761985778809,0.9786706566810608,0.0001,0.018915877,0.04920819774270058,5427,-0.01025755945884157,0.22685546875,0.2,41.55975527763367,2005.470458984375,1000.0,,
482,741376,1536,181,28.67091616877803,21.892492294311523,0.9753066301345825,0.0001,0.029360255,0.04921010509133339,5431,-0.010484452048937479,0.2634548611111111,0.2,53.421695709228516,1997.1456298828125,1000.0,,
484,745472,1539,182,28.670648860931397,47.06205749511719,0.9184718132019043,0.0001,0.016933754,0.04921405017375946,5436,-0.011208847461966797,0.2216796875,0.2,129.99849643707276,1997.1456298828125,1000.0,,
486,749568,1542,183,28.671430921554567,45.89228439331055,0.9226157069206238,0.0001,0.014841031,0.049195945262908936,5441,-0.011840384115930646,0.144091796875,0.2,118.76755065917969,1997.1456298828125,1000.0,,
510,753664,1474,184,28.67700834274292,45.942020416259766,0.9352099299430847,0.0001,0.0168029,0.04919816553592682,5446,-0.013412055803928524,0.18759765625,0.2,113.72181053161621,1970.0860595703125,1000.0,250000,2.5320412786830118
513,757760,1476,185,28.674766874313356,43.976600646972656,0.9369572997093201,0.0001,0.020336699,0.049199167639017105,5451,-0.014336062630172819,0.2224609375,0.2,103.53929996490479,1963.81689453125,1000.0,,
515,761856,1478,186,28.67566843032837,14.85962963104248,0.9564444422721863,0.0001,0.018254261,0.049194350838661194,5456,-0.010316916077863425,0.185888671875,0.2,49.055008220672605,1963.81689453125,1000.0,,
517,765952,1481,187,28.677177095413207,15.007293701171875,0.9655894041061401,0.0001,0.018788807,0.04918813332915306,5461,-0.009049136540852487,0.207568359375,0.2,45.37363839149475,1963.81689453125,1000.0,,
521,770048,1476,188,28.679564332962038,13.644485473632812,0.9722501635551453,0.0001,0.022665612,0.04918646439909935,5466,-0.010682340164203196,0.2400390625,0.2,39.16801257133484,2012.0408935546875,1000.0,,
523,774144,1477,189,28.67877705891927,20.067367553710938,0.97232985496521,0.0001,0.022691542,0.049193575978279114,5470,-0.006631577163244839,0.22800925925925927,0.2,52.456575323034215,1996.143310546875,1000.0,,
525,778240,1480,190,28.677029180526734,19.179004669189453,0.9591415524482727,0.0001,0.021072209,0.04918159171938896,5475,-0.006689867825480178,0.201318359375,0.2,57.01848392486572,1996.143310546875,1000.0,,
527,782336,1482,191,28.684632396698,21.137107849121094,0.9636566042900085,0.0001,0.022504361,0.049165502190589905,5480,-0.008907743386225775,0.239794921875,0.2,58.261406326293944,1996.143310546875,1000.0,,
531,786432,1479,192,28.686976957321168,18.67983055114746,0.9695823192596436,0.0001,0.025095068,0.049168508499860764,5485,-0.012840901214804034,0.26513671875,0.2,47.977361583709715,2039.0323486328125,1000.0,,
533,790528,1481,193,28.688728094100952,20.44866943359375,0.9710384011268616,0.0001,0.01642715,0.04914463311433792,5490,-0.008718798321206122,0.241259765625,0.2,54.458381748199464,2031.673095703125,1000.0,,
535,794624,1483,194,28.6975727558136,24.192880630493164,0.9658792018890381,0.0001,0.017546628,0.049138039350509644,5495,-0.010678640112746506,0.197802734375,0.2,72.14904088974,2031.673095703125,1000.0,,
537,798720,1485,195,28.696520614624024,30.36745834350586,0.9487051367759705,0.0001,0.01524321,0.049140509217977524,5500,-0.010325533372815698,0.142333984375,0.2,89.55273761749268,2031.673095703125,1000.0,,
542,802816,1480,196,28.69712076187134,19.057281494140625,0.972383439540863,0.0001,0.018830147,0.049135949462652206,5505,-0.011227901000529528,0.173388671875,0.2,43.59132604598999,2016.40234375,1000.0,,
544,806912,1481,197,28.698400497436523,22.800310134887695,0.9632143974304199,0.0001,0.016916236,0.04913521185517311,5510,-0.008791797247249633,0.17939453125,0.2,64.77309474945068,2007.955322265625,1000.0,,
546,811008,1483,198,28.699718761444093,19.883455276489258,0.9721307754516602,0.0001,0.017914802,0.04912574961781502,5515,-0.010796758282231167,0.21103515625,0.2,50.536130809783934,2007.955322265625,1000.0,,
548,815104,1485,199,28.704169034957886,14.776911735534668,0.9763054847717285,0.0001,0.01771616,0.04910992830991745,5520,-0.011063516908325254,0.19912109375,0.2,45.611697578430174,2007.955322265625,1000.0,,
552,819200,1482,200,28.70914731025696,16.89845085144043,0.9806546568870544,0.0001,0.020298129,0.049105286598205566,5525,-0.008412142825545744,0.222509765625,0.2,46.28162317276001,1982.942626953125,1000.0,,
555,823296,1483,201,28.709501838684083,42.98802185058594,0.9566770792007446,0.0001,0.017611891,0.04910155013203621,5530,-0.01153516269987449,0.223974609375,0.2,96.33836975097657,1969.0184326171875,1000.0,,
557,827392,1484,202,28.712167978286743,55.56575393676758,0.9335756301879883,0.0001,0.014824274,0.049089472740888596,5535,-0.012547028786502778,0.1587890625,0.2,141.42609157562256,1969.0184326171875,1000.0,,
559,831488,1485,203,28.716323852539062,56.44832992553711,0.9463111162185669,0.0001,0.015296007,0.04908260330557823,5540,-0.013493209902662784,0.154638671875,0.2,134.07427635192872,1970.82080078125,1000.0,,
563,835584,1483,204,28.71845998764038,48.29032897949219,0.9626635313034058,0.0001,0.017150145,0.049076952040195465,5545,-0.010795274726115167,0.165380859375,0.2,110.47523212432861,1987.98779296875,1000.0,,
565,839680,1485,205,28.72032208442688,27.90005874633789,0.9654973149299622,0.0001,0.019465696,0.049068499356508255,5550,-0.011791790102142841,0.22431640625,0.2,66.45507020950318,1984.3050537109375,1000.0,,
567,843776,1487,206,28.724795436859132,19.11036491394043,0.9664438962936401,0.0001,0.015470127,0.049061279743909836,5555,-0.008288321626605467,0.186328125,0.2,52.990699768066406,1984.3050537109375,1000.0,,
569,847872,1489,207,28.725480175018312,20.12997817993164,0.958046019077301,0.0001,0.018253768,0.049058299511671066,5560,-0.010023299409658648,0.196826171875,0.2,62.10110607147217,1975.778564453125,1000.0,,
573,851968,1486,208,28.728353786468507,22.531938552856445,0.9574925899505615,0.0001,0.016313266,0.04904872551560402,5565,-0.010139124491252005,0.177685546875,0.2,63.57242860794067,2035.65966796875,1000.0,,
575,856064,1488,209,28.73230609893799,32.031089782714844,0.9379115700721741,0.0001,0.019283617,0.04903452843427658,5570,-0.014271527709206566,0.211328125,0.2,86.70936679840088,2034.66650390625,1000.0,,
576,860160,1490,210,28.73626379966736,34.37651824951172,0.9286714792251587,0.0001,0.019024234,0.049032893031835556,5575,-0.009017166681587696,0.193505859375,0.2,103.29464950561524,2034.66650390625,1000.0,,
580,864256,1488,211,28.735901641845704,41.48744201660156,0.9108974933624268,0.0001,0.01636369,0.049031391739845276,5580,-0.014053093118127436,0.178515625,0.2,128.52287464141847,2026.62939453125,998.99,,
582,868352,1490,212,28.737719583511353,86.79508209228516,0.8988279700279236,0.0001,0.01869065,0.04902137815952301,5585,-0.013278272841125727,0.15595703125,0.2,176.55502700805664,1996.21923828125,998.99,,
584,872448,1492,213,28.74128975868225,63.53850555419922,0.9008580446243286,0.0001,0.016688379,0.04901864752173424,5590,-0.013334663963178173,0.146142578125,0.2,146.4958734512329,1996.21923828125,998.99,,
586,876544,1494,214,28.74087381362915,21.54363441467285,0.9610119462013245,0.0001,0.025520945,0.049018725752830505,5595,-0.0072935945936478674,0.20751953125,0.2,56.651252841949464,1996.21923828125,998.99,,
589,880640,1493,215,28.74358874873111,16.874675750732422,0.9727248549461365,0.0001,0.028479187,0.048998959362506866,5600,-0.007322746200339967,0.2998046875,0.2,45.29855055558054,2037.0556640625,998.99,,
592,884736,1493,216,28.750381422042846,19.571043014526367,0.9686018228530884,0.0001,0.022299033,0.04899517074227333,5605,-0.008054081123555079,0.2689453125,0.2,53.468538761138916,2008.973876953125,998.99,,
594,888832,1495,217,28.75129008293152,17.206804275512695,0.9729805588722229,0.0001,0.016903255,0.04898246005177498,5610,-0.004832381434971467,0.20888671875,0.2,54.76785144805908,2008.973876953125,998.99,,
596,892928,1498,218,28.75640802383423,25.932880401611328,0.9649077653884888,0.0001,0.018456075,0.04897795245051384,5615,-0.008444331865757704,0.220751953125,0.2,73.3309687614441,2008.973876953125,998.99,,
599,897024,1495,219,28.758266496658326,24.201087951660156,0.9724977612495422,0.0001,0.01776807,0.04896463453769684,5620,-0.008798499213298783,0.209814453125,0.2,63.313824558258055,2015.88916015625,998.99,,
602,901120,1496,220,28.763036584854127,26.74166488647461,0.9727491736412048,0.0001,0.022820892,0.04895554482936859,5625,-0.009786327488836833,0.249755859375,0.2,63.399427223205564,2008.4993896484375,998.99,,
603,905216,1498,221,28.76717848777771,36.58740997314453,0.9544618129730225,0.0001,0.016362835,0.048935260623693466,5630,-0.005438984115608036,0.2154296875,0.2,93.968922996521,2008.4993896484375,998.99,,
605,909312,1501,222,28.77291593551636,24.355567932128906,0.9747763276100159,0.0001,0.021182042,0.04893834888935089,5635,-0.00869755238527432,0.206982421875,0.2,63.71450538635254,2008.4993896484375,998.99,,
609,913408,1498,223,28.768897809480364,21.16151237487793,0.9758370518684387,0.0001,0.024252295,0.04894734174013138,5640,-0.005921598101083778,0.2632606907894737,0.2,62.17160064295719,2032.18408203125,998.99,,
611,917504,1500,224,28.768281650543212,23.862112045288086,0.9770216345787048,0.0001,0.024597155,0.04894144833087921,5645,-0.00820879201637581,0.247509765625,0.2,56.1285041809082,2014.4793701171875,998.99,,
613,921600,1502,225,28.769962381433558,13.68275260925293,0.9883327484130859,0.0001,0.028521493,0.04893963038921356,5649,-0.006671139315046646,0.25600405092592593,0.2,31.866606606377495,2014.4793701171875,998.99,,
615,925696,1504,226,28.7721075625033,10.729740142822266,0.9874532222747803,0.0001,0.025126189,0.04893174767494202,5654,-0.004398524553540188,0.2596072635135135,0.2,33.01025091635214,2014.4793701171875,998.99,,
618,929792,1502,227,28.77021131515503,11.591198921203613,0.9878462553024292,0.0001,0.0225773,0.04895847663283348,5659,-0.005990029912209138,0.25390625,0.2,29.096680402755737,2044.4163818359375,998.99,,
621,933888,1503,228,28.76199899870774,18.63141441345215,0.981566309928894,0.0001,0.027028654,0.04896529018878937,5663,-0.005579120222607563,0.27794989224137934,0.2,45.71302729639514,2041.55712890625,998.99,,
622,937984,1505,229,28.764682388305665,24.87046241760254,0.9625049829483032,0.0001,0.022552898,0.04893879219889641,5668,-0.010421016797772608,0.223486328125,0.2,62.597261619567874,2041.55712890625,998.99,,
624,942080,1507,230,28.775258445739745,42.46479034423828,0.9236192107200623,0.0001,0.01623382,0.04892052337527275,5673,-0.007655756449094042,0.203466796875,0.2,108.88734741210938,2041.55712890625,998.99,,
628,946176,1505,231,28.779573059082033,37.462276458740234,0.9293693900108337,0.0001,0.018326225,0.04891040921211243,5678,-0.012536531698424369,0.19306640625,0.2,99.09604415893554,2049.994384765625,998.99,,
630,950272,1506,232,28.783904552459717,25.258956909179688,0.9521338939666748,0.0001,0.021666575,0.04889608919620514,5683,-0.014414192782714963,0.22861328125,0.2,67.1045470237732,2024.711669921875,998.99,,
632,954368,1508,233,28.78907427787781,27.247804641723633,0.9275423884391785,0.0001,0.016121726,0.04888371005654335,5688,-0.009805163776036352,0.16279296875,0.2,81.24653396606445,2024.711669921875,998.99,,
634,958464,1510,234,28.792732524871827,42.7719612121582,0.9052916765213013,0.0001,0.013062795,0.048875682055950165,5693,-0.00886670445324853,0.14375,0.2,109.94209232330323,2021.448486328125,998.99,,
638,962560,1508,235,28.794359016418458,39.3924674987793,0.9216673374176025,0.0001,0.018130787,0.04887877032160759,5698,-0.012321260734461248,0.169677734375,0.2,99.60333061218262,2016.2091064453125,1000.0,,
640,966656,1509,236,28.793374633789064,37.75082778930664,0.940283477306366,0.0001,0.020013727,0.04887774959206581,5703,-0.011708825296955183,0.202734375,0.2,83.46810264587403,1999.658447265625,1000.0,,
642,970752,1511,237,28.793738317489623,49.55712127685547,0.9341259002685547,0.0001,0.01622108,0.04887847229838371,5708,-0.00847080467210617,0.1712890625,0.2,104.420574760437,1999.658447265625,1000.0,,
644,974848,1513,238,28.794904804229738,18.758949279785156,0.9702407121658325,0.0001,0.018275283,0.04886801540851593,5713,-0.01138739831512794,0.174560546875,0.2,47.8008526802063,1990.544677734375,1000.0,,
647,978944,1511,239,28.79935212135315,12.468914031982422,0.9801986217498779,0.0001,0.022038843,0.04885657876729965,5718,-0.008108574955258518,0.24345703125,0.2,31.80471272468567,2001.6776123046875,1000.0,,
649,983040,1513,240,28.802652740478514,19.753732681274414,0.9762866497039795,0.0001,0.0228457,0.048852451145648956,5723,-0.011593626905232668,0.248779296875,0.2,48.169959259033206,2002.782958984375,1000.0,,
651,987136,1515,241,28.80319619178772,62.90180587768555,0.9567012190818787,0.0001,0.013317274,0.04885202646255493,5724,0.013652370136696845,0.162109375,0.2,128.69049263000488,2002.782958984375,1000.0,,
653,991232,1516,242,28.805105352401732,28.605321884155273,0.9635459184646606,0.0001,0.015515385,0.04883851110935211,5729,-0.013037910690763965,0.144970703125,0.2,80.15645771026611,1976.3104248046875,1000.0,,
656,995328,1516,243,28.812179040908813,22.27628517150879,0.9678570032119751,0.0001,0.015983623,0.048811428248882294,5734,-0.01025740402401425,0.15849609375,0.2,65.33087682723999,1991.5589599609375,1000.0,,
658,999424,1517,244,28.820068025588988,36.55109405517578,0.9643155336380005,0.0001,0.019804986,0.04881281778216362,5739,-0.010453572706319391,0.24404296875,0.2,89.20784168243408,1986.258544921875,1000.0,,
681,1003520,1471,245,28.817751836776733,36.56598663330078,0.9622592926025391,0.0001,0.017225318,0.04880936071276665,5744,-0.005712843703804538,0.220361328125,0.2,80.53523769378663,1986.258544921875,1000.0,250000,2.548032962069702
684,1007616,1472,246,28.820935821533205,30.222517013549805,0.9665891528129578,0.0001,0.022054795,0.04879942536354065,5749,-0.00976661368040368,0.2296875,0.2,70.99019298553466,1979.9541015625,1000.0,,
688,1011712,1470,247,28.825410461425783,26.84669303894043,0.9684311151504517,0.0001,0.022872848,0.048780981451272964,5754,-0.009215707803377882,0.257080078125,0.2,65.48791055679321,2043.9061279296875,1000.0,,
690,1015808,1471,248,28.83181734085083,45.40380096435547,0.9251528382301331,0.0001,0.012678413,0.048768024891614914,5759,-0.008449137408751995,0.19814453125,0.2,109.15610179901122,2033.01953125,1000.0,,
692,1019904,1473,249,28.835212182998657,44.28916549682617,0.9116688966751099,0.0001,0.017805303,0.04876595363020897,5764,-0.014243375265505166,0.1990234375,0.2,111.73416786193847,2033.01953125,1000.0,,
695,1024000,1472,250,28.83627610206604,33.34700012207031,0.9439405202865601,0.0001,0.019237999,0.048755355179309845,5769,-0.014567326370161027,0.20419921875,0.2,81.57632837295532,1979.7679443359375,999.16,,
697,1028096,1473,251,28.841248321533204,40.75093460083008,0.9356365203857422,0.0001,0.019768741,0.048744309693574905,5774,-0.015282804984599352,0.21953125,0.2,112.07809391021729,1991.0684814453125,999.16,,
699,1032192,1474,252,28.843914031982422,25.156049728393555,0.9597949981689453,0.0001,0.022547772,0.04874107614159584,5779,-0.015251181146595627,0.201708984375,0.2,63.670036697387694,1991.0965576171875,999.16,,
701,1036288,1476,253,28.844080209732056,36.44403076171875,0.946639895439148,0.0001,0.019809186,0.04874078929424286,5784,-0.010011383064556867,0.1962890625,0.2,82.40869150161743,1991.0965576171875,999.16,,
705,1040384,1475,254,28.846025800704957,24.72550392150879,0.962116539478302,0.0001,0.022023823,0.04872875660657883,5789,-0.01132988849421963,0.229296875,0.2,65.81968793869018,2018.93115234375,999.16,,
707,1044480,1476,255,28.84850508371989,14.545342445373535,0.9799716472625732,0.0001,0.024239628,0.048731133341789246,5793,-0.008176313728714983,0.2294921875,0.2,38.32992534637451,2008.795166015625,999.16,,
709,1048576,1478,256,28.84763946533203,37.546974182128906,0.9413264989852905,0.0001,0.017616548,0.04873312637209892,5798,-0.010087825066875666,0.214453125,0.2,92.99162464141845,2008.795166015625,999.16,,
710,1052672,1480,257,28.846732139587402,36.27690505981445,0.9472094774246216,0.0001,0.015607621,0.04873509332537651,5803,-0.010180516715627164,0.16962890625,0.2,92.22441368103027,2008.795166015625,999.16,,
714,1056768,1478,258,28.845841455459595,36.9337272644043,0.9427803754806519,0.0001,0.0145652145,0.04873984307050705,5808,-0.009751774882897735,0.14365234375,0.2,99.98042716979981,2002.959716796875,999.16,,
717,1060864,1479,259,28.843295097351074,37.882171630859375,0.9581136703491211,0.0001,0.014658493,0.048744406551122665,5813,-0.011000478122150525,0.16064453125,0.2,95.25651760101319,1966.98388671875,999.16,,
718,1064960,1481,260,28.841818475723265,36.86677551269531,0.9445337057113647,0.0001,0.01744782,0.04874979332089424,5818,-0.011488428385928274,0.1677734375,0.2,108.3504539489746,1966.98388671875,999.16,,
720,1069056,1482,261,28.840551805496215,29.692039489746094,0.9684769511222839,0.0001,0.017310316,0.04874712601304054,5823,-0.011261171399382874,0.17080078125,0.2,75.6646315574646,1950.4287109375,999.16,,
724,1073152,1481,262,28.842679262161255,18.60120391845703,0.9735046625137329,0.0001,0.013483267,0.048744022846221924,5828,-0.011708411958534271,0.181201171875,0.2,64.62272682189942,1983.6976318359375,999.16,,
726,1077248,1482,263,28.843882465362547,23.809173583984375,0.9723081588745117,0.0001,0.018189702,0.04873349145054817,5833,-0.012483489071018993,0.18486328125,0.2,56.181989669799805,1968.5302734375,999.16,,
728,1081344,1483,264,28.84739465713501,26.741413116455078,0.962189257144928,0.0001,0.020253263,0.04873513802886009,5838,-0.010618304007221014,0.20673828125,0.2,71.67797183990479,1968.5302734375,999.16,,
730,1085440,1485,265,28.846245670318602,20.025840759277344,0.9662954211235046,0.0001,0.019967772,0.04873354732990265,5843,-0.014625214808620512,0.2298828125,0.2,54.197410106658936,1963.7852783203125,999.16,,
734,1089536,1483,266,28.844619750976562,20.26746368408203,0.9707122445106506,0.0001,0.022552658,0.04875170812010765,5848,-0.011923707358073443,0.258203125,0.2,47.50593910217285,1978.612548828125,999.16,,
736,1093632,1485,267,28.840189838409422,27.55001449584961,0.9669181108474731,0.0001,0.017912911,0.04874686896800995,5853,-0.007917316595558077,0.248681640625,0.2,60.45787057876587,1985.2237548828125,999.16,,
738,1097728,1486,268,28.840865182876588,14.906049728393555,0.9754602313041687,0.0001,0.018671382,0.04876036196947098,5858,-0.010026043595280499,0.22373046875,0.2,43.97949533462524,1985.2237548828125,999.16,,
740,1101824,1488,269,28.83515634536743,25.902729034423828,0.9627095460891724,0.0001,0.018237796,0.04877065494656563,5863,-0.008912396896630526,0.231298828125,0.2,76.60493450164795,1982.458251953125,999.16,,
743,1105920,1486,270,28.833487543566473,16.653470993041992,0.983801007270813,0.0001,0.027750487,0.048767898231744766,5867,-0.007117045625787357,0.22117456896551724,0.2,37.50841502485604,2019.9005126953125,999.16,,
745,1110016,1488,271,28.836678504943848,16.19904899597168,0.976901113986969,0.0001,0.02142432,0.04875161126255989,5872,-0.007445494551211596,0.255029296875,0.2,44.53630771636963,2009.1214599609375,999.16,,
747,1114112,1489,272,28.842039012908934,24.019866943359375,0.9293951988220215,0.0001,0.021106541,0.048748139292001724,5877,-0.011444707127520815,0.241943359375,0.2,70.08692541122437,2009.1214599609375,999.16,,
749,1118208,1491,273,28.8421058177948,11.838521003723145,0.9696434736251831,0.0001,0.017331375,0.048740971833467484,5882,-0.008142406767001375,0.180908203125,0.2,34.75186538696289,2002.501220703125,999.16,,
753,1122304,1489,274,28.84637632369995,9.649788856506348,0.9798241853713989,0.0001,0.020595714,0.048729702830314636,5887,-0.005203202890697867,0.2611328125,0.2,27.215765523910523,2080.875244140625,1000.0,,
755,1126400,1490,275,28.849921941757202,15.701688766479492,0.963319718837738,0.0001,0.019352423,0.04872223734855652,5892,-0.007524656248278916,0.233447265625,0.2,47.836216402053836,2091.4541015625,1000.0,,
757,1130496,1492,276,28.85231680870056,14.553443908691406,0.9700833559036255,0.0001,0.023703258,0.04871443286538124,5897,-0.00774937606183812,0.262841796875,0.2,40.040569972991946,2091.4541015625,1000.0,,
759,1134592,1494,277,28.85632367134094,11.52710247039795,0.9712066650390625,0.0001,0.02096494,0.04870060831308365,5902,-0.009757049253676087,0.241015625,0.2,37.51461958885193,2083.06201171875,1000.0,,
763,1138688,1492,278,28.86178970336914,14.386055946350098,0.9743528962135315,0.0001,0.019713754,0.04868752509355545,5907,-0.007729642564663663,0.203271484375,0.2,37.56456322669983,2104.7060546875,1000.0,,
765,1142784,1493,279,28.86511116027832,30.642940521240234,0.9582301378250122,0.0001,0.01946041,0.048680923879146576,5912,-0.010944997088517993,0.222705078125,0.2,75.18999519348145,2095.35302734375,1000.0,,
767,1146880,1495,280,28.86683259010315,36.971622467041016,0.9519346356391907,0.0001,0.016751967,0.048680953681468964,5917,-0.012547065946273505,0.17412109375,0.2,90.64552097320556,2095.35302734375,1000.0,,
769,1150976,1496,281,28.866229009628295,47.882728576660156,0.9452402591705322,0.0001,0.014475135,0.048683326691389084,5922,-0.010788669931935146,0.1783203125,0.2,119.55936050415039,2085.727783203125,1000.0,,
772,1155072,1494,282,28.86763005256653,41.264869689941406,0.9557654857635498,0.0001,0.017252274,0.04866856709122658,5927,-0.010156281100353225,0.1671875,0.2,104.54385299682617,2100.377197265625,1000.0,,
774,1159168,1495,283,28.872038507461546,68.78856658935547,0.9290239214897156,0.0001,0.016966987,0.04867003485560417,5932,-0.011718492885120214,0.197119140625,0.2,137.87600154876708,2089.50927734375,1000.0,,
776,1163264,1497,284,28.869627714157104,44.333133697509766,0.9332861304283142,0.0001,0.018358022,0.04867371916770935,5937,-0.011297920084325596,0.175732421875,0.2,114.35716514587402,2089.50927734375,1000.0,,
778,1167360,1498,285,28.869460582733154,42.53533172607422,0.9469133019447327,0.0001,0.018611819,0.04867321252822876,5942,-0.012517201132141054,0.215185546875,0.2,101.14608688354492,2094.581298828125,1000.0,,
782,1171456,1496,286,28.868588590621947,18.98483657836914,0.9644083380699158,0.0001,0.014537212,0.048679038882255554,5947,-0.010318918351549656,0.172802734375,0.2,53.83238067626953,2115.524169921875,1000.0,,
784,1175552,1498,287,28.866880416870117,88.48152923583984,0.9307358860969543,0.0001,0.02589833,0.04868057742714882,5949,0.0024873597780242563,0.17109375,0.2,194.32188873291017,2093.968994140625,1000.0,,
786,1179648,1499,288,28.867416429519654,72.343994140625,0.9353078007698059,0.0001,0.0139595345,0.04867406189441681,5954,-0.011017259967047721,0.1296875,0.2,175.20742835998536,2093.968994140625,1000.0,,
788,1183744,1500,289,28.87198886871338,24.52454948425293,0.9703375697135925,0.0001,0.015181838,0.04865693300962448,5959,-0.01021869052783586,0.166357421875,0.2,64.94716310501099,2057.6787109375,1000.0,,
792,1187840,1499,290,28.87510027885437,24.73023796081543,0.9741964936256409,0.0001,0.017474286,0.04866388067603111,5964,-0.010909442615229636,0.194775390625,0.2,64.3254264831543,2073.468994140625,1000.0,,
794,1191936,1500,291,28.872429688771565,99.70143127441406,0.8555930256843567,0.0001,0.026815403,0.048665016889572144,5966,0.0022717655325929322,0.19173177083333334,0.2,227.18141428629556,2062.75830078125,1000.0,,
795,1196032,1502,292,28.871334648132326,35.641510009765625,0.9195355176925659,0.0001,0.01577467,0.04867161810398102,5971,-0.014209752398892305,0.1515625,0.2,101.34912910461426,2062.75830078125,1000.0,,
799,1200128,1501,293,28.87065997123718,26.180648803710938,0.9466521143913269,0.0001,0.01526181,0.0486612468957901,5976,-0.012516467174282297,0.181103515625,0.2,72.00535573959351,1981.1240234375,1000.0,,
801,1204224,1501,294,28.875178337097168,42.953189849853516,0.930336594581604,0.0001,0.016581187,0.04865618050098419,5981,-0.009794484375743196,0.19736328125,0.2,85.88689584732056,1992.95068359375,1000.0,,
803,1208320,1503,295,28.87403507232666,32.75735092163086,0.9526098370552063,0.0001,0.018819818,0.04866870492696762,5986,-0.010585277283098549,0.2015625,0.2,72.27981739044189,1992.95068359375,1000.0,,
805,1212416,1505,296,28.867649650573732,17.361948013305664,0.9765632152557373,0.0001,0.023109782,0.04868844896554947,5991,-0.011616355401929467,0.21318359375,0.2,43.63376441001892,1992.95068359375,1000.0,,
809,1216512,1502,297,28.86225833892822,22.762718200683594,0.967069685459137,0.0001,0.021245912,0.048696208745241165,5996,-0.010057026310823858,0.26005859375,0.2,63.15596675872803,2006.732666015625,1000.0,,
812,1220608,1502,298,28.86012969017029,19.688568115234375,0.973795473575592,0.0001,0.018560775,0.04869958758354187,6001,-0.008282425743527711,0.219873046875,0.2,46.30565242767334,1992.872802734375,1000.0,,
813,1224704,1504,299,28.860025215148926,87.0601577758789,0.8713638186454773,0.0001,0.012899349,0.04869668558239937,6006,-0.007967910158913582,0.16943359375,0.2,201.96393928527831,1992.872802734375,1000.0,,
815,1228800,1505,300,28.86303844451904,77.05608367919922,0.8882351517677307,0.0001,0.013811989,0.048680391162633896,6011,-0.010813665366731584,0.13408203125,0.2,179.37876663208007,1985.5640869140625,1000.0,,
819,1232896,1504,301,28.868075323104858,45.36725616455078,0.9235666990280151,0.0001,0.017181883,0.04867707937955856,6016,-0.011497446289286017,0.192919921875,0.2,127.53593425750732,1912.2203369140625,1000.0,,
822,1236992,1504,302,28.866982841491698,45.35685348510742,0.9557366371154785,0.0001,0.018580493,0.04868611320853233,6021,-0.012487616535509005,0.193896484375,0.2,107.09217987060546,1900.189208984375,1000.0,,
823,1241088,1506,303,28.86469440460205,39.35005569458008,0.9525943398475647,0.0001,0.013974816,0.0486840084195137,6026,-0.009382955636829138,0.14482421875,0.2,109.39598197937012,1900.189208984375,1000.0,,
825,1245184,1507,304,28.86685266494751,43.01813507080078,0.9506091475486755,0.0001,0.015232738,0.04867814481258392,6031,-0.012137422908563168,0.15791015625,0.2,127.89952602386475,1882.4686279296875,1000.0,,
829,1249280,1506,305,28.869724607467653,46.77194595336914,0.9450089931488037,0.0001,0.014264153,0.04866454750299454,6036,-0.009889317693887279,0.145263671875,0.2,128.53285579681398,1896.4749755859375,1000.0,,
853,1253376,1469,306,28.87387671470642,42.26249313354492,0.9287689924240112,0.0001,0.015526118,0.048662200570106506,6041,-0.013877983519341797,0.174560546875,0.2,131.59238834381102,1866.44384765625,1000.0,250000,2.5386098498171115
855,1257472,1470,307,28.873832416534423,34.335330963134766,0.9304919838905334,0.0001,0.015059326,0.04865679517388344,6046,-0.010284106625476852,0.155419921875,0.2,92.73845720291138,1844.661865234375,997.61,,
856,1261568,1472,308,28.87751450538635,50.20020294189453,0.9392275810241699,0.0001,0.020389374,0.048646729439496994,6051,-0.012470219854731113,0.205859375,0.2,108.09979190826417,1844.661865234375,997.61,,
860,1265664,1470,309,28.879807901382446,15.632302284240723,0.9781872630119324,0.0001,0.020549834,0.04864624887704849,6056,-0.011956720403395594,0.212158203125,0.2,44.27178902626038,1869.5115966796875,997.61,,
862,1269760,1471,310,28.88025689125061,34.772823333740234,0.9674828052520752,0.0001,0.019506086,0.048639535903930664,6061,-0.01163345417007804,0.23662109375,0.2,76.57458887100219,1875.7750244140625,997.61,,
864,1273856,1472,311,28.882539319992066,25.018800735473633,0.9703808426856995,0.0001,0.017768458,0.04863834008574486,6066,-0.010137229453539476,0.168798828125,0.2,66.95466947555542,1861.954833984375,997.61,,
866,1277952,1474,312,28.883451557159425,35.3486442565918,0.9602211713790894,0.0001,0.016256131,0.04863099008798599,6071,-0.013141100201755762,0.161083984375,0.2,98.64076519012451,1861.954833984375,997.61,,
870,1282048,1473,313,28.887948846817018,25.952394485473633,0.9690843820571899,0.0001,0.017384363,0.04861389473080635,6076,-0.011722115240991116,0.17529296875,0.2,64.82110557556152,1848.68017578125,997.61,,
872,1286144,1474,314,28.894749689102174,29.529767990112305,0.9467512965202332,0.0001,0.018905092,0.048596613109111786,6081,-0.012616319180233404,0.196484375,0.2,88.08165473937989,1836.8656005859375,997.61,,
874,1290240,1475,315,28.89984745979309,44.64198303222656,0.8916851282119751,0.0001,0.014081716,0.048589568585157394,6086,-0.009642073221039027,0.131689453125,0.2,121.78351192474365,1824.883544921875,997.61,,
876,1294336,1476,316,28.902408409118653,27.30854606628418,0.9378869533538818,0.0001,0.01641894,0.04857686907052994,6091,-0.01237536835251376,0.146435546875,0.2,73.03909063339233,1824.883544921875,997.61,,
880,1298432,1475,317,28.908159255981445,17.82071304321289,0.9580186009407043,0.0001,0.019082896,0.04855889081954956,6096,-0.010483197361463682,0.17294921875,0.2,48.95229625701904,1874.2454833984375,997.61,,
882,1302528,1476,318,28.91573739051819,30.724124908447266,0.9493069052696228,0.0001,0.020263359,0.048541683703660965,6101,-0.010454247833695262,0.249267578125,0.2,75.70622758865356,1861.7607421875,997.61,,
884,1306624,1477,319,28.919588804244995,33.17809295654297,0.9499121904373169,0.0001,0.01739616,0.048535674810409546,6106,-0.009715401125140488,0.230029296875,0.2,82.24186458587647,1859.130126953125,997.61,,
886,1310720,1479,320,28.922711992263793,32.56660079956055,0.9589782357215881,0.0001,0.018170577,0.048526644706726074,6111,-0.008748954837210476,0.22607421875,0.2,76.21965427398682,1859.130126953125,997.61,,
889,1314816,1477,321,28.923469448089598,24.151718139648438,0.9703723192214966,0.0001,0.018820722,0.04853208735585213,6116,-0.006243811245076359,0.214111328125,0.2,58.8774130821228,1839.780517578125,997.61,,
891,1318912,1478,322,28.920588541030884,23.912494659423828,0.9757517576217651,0.0001,0.020998603,0.04854246601462364,6121,-0.009715053864056244,0.2306640625,0.2,58.5053129196167,1838.4083251953125,997.61,,
893,1323008,1480,323,28.917312383651733,43.60945510864258,0.9634523987770081,0.0001,0.012837989,0.04854489862918854,6126,-0.006113520311191678,0.22861328125,0.2,110.77756309509277,1829.71533203125,997.61,,
895,1327104,1481,324,28.91684284210205,39.13075256347656,0.9716640710830688,0.0001,0.017015189,0.048548925668001175,6131,-0.009714257693849504,0.158642578125,0.2,97.74212627410888,1829.71533203125,997.61,,
900,1331200,1478,325,28.91494936943054,31.545137405395508,0.9779841303825378,0.0001,0.017848944,0.04855199530720711,6136,-0.013321136380545795,0.177294921875,0.2,79.50287065505981,1888.5367431640625,997.61,,
902,1335296,1479,326,28.916558980941772,36.589561462402344,0.959554135799408,0.0001,0.017438628,0.048535481095314026,6141,-0.011464947467902675,0.179345703125,0.2,85.25005855560303,1865.133544921875,997.61,,
904,1339392,1480,327,28.921983814239503,39.88551330566406,0.9091875553131104,0.0001,0.018027462,0.048527058213949203,6146,-0.009341473923996091,0.16591796875,0.2,102.42331256866456,1865.0318603515625,997.61,,
906,1343488,1481,328,28.925388526916503,57.05052185058594,0.8763752579689026,0.0001,0.017131474,0.04851307347416878,6151,-0.011690863053081558,0.170654296875,0.2,127.11586017608643,1875.01806640625,997.61,,
910,1347584,1480,329,28.930721235275268,44.742698669433594,0.8813151717185974,0.0001,0.015834266,0.04850565642118454,6156,-0.010873851645737887,0.161181640625,0.2,108.38084049224854,1907.1212158203125,997.61,,
912,1351680,1481,330,28.93224391937256,51.7247428894043,0.8522244691848755,0.0001,0.014216481,0.04850069060921669,6161,-0.010205380956176669,0.142236328125,0.2,144.9894992828369,1889.026123046875,997.61,,
914,1355776,1482,331,28.93449249267578,31.77813720703125,0.9106531739234924,0.0001,0.017403144,0.048494137823581696,6166,-0.012796557403635233,0.1591796875,0.2,90.34120349884033,1875.6561279296875,997.61,,
916,1359872,1483,332,28.937654733657837,22.60367774963379,0.9328060746192932,0.0001,0.018083427,0.04848423972725868,6171,-0.009225713100749999,0.165869140625,0.2,62.84929628372193,1894.7659912109375,997.61,,
920,1363968,1482,333,28.941511726379396,21.149648666381836,0.930627167224884,0.0001,0.019955797,0.04846993088722229,6176,-0.009331530996132643,0.205322265625,0.2,56.08693256378174,1941.7974853515625,1000.0,,
922,1368064,1483,334,28.949097681045533,23.403362274169922,0.9373100996017456,0.0001,0.019589981,0.04844377934932709,6181,-0.010082697810139507,0.2021484375,0.2,62.615905380249025,1929.6890869140625,1000.0,,
924,1372160,1484,335,28.956481790542604,37.230899810791016,0.9013336896896362,0.0001,0.01833469,0.048438768833875656,6186,-0.009574117604643106,0.1966796875,0.2,99.58419837951661,1926.4710693359375,1000.0,,
927,1376256,1483,336,28.956880235671996,44.57477569580078,0.8949604630470276,0.0001,0.01887501,0.04843800514936447,6191,-0.010455940128304064,0.18173828125,0.2,112.69398097991943,2012.51318359375,1000.0,,
929,1380352,1484,337,28.955198287963867,35.76886749267578,0.9167723059654236,0.0001,0.022818733,0.0484456904232502,6196,-0.01315350151853636,0.254248046875,0.2,102.92795314788819,1994.7774658203125,1000.0,,
931,1384448,1485,338,28.95474009513855,58.19873046875,0.9112248420715332,0.0001,0.0188512,0.04844238981604576,6201,-0.010270082415081561,0.200390625,0.2,140.44767990112305,1994.7774658203125,1000.0,,
933,1388544,1487,339,28.95907497406006,20.115354537963867,0.9637939929962158,0.0001,0.02075098,0.04841604456305504,6206,-0.011159053270239383,0.200830078125,0.2,60.72849044799805,1991.7113037109375,1000.0,,
936,1392640,1486,340,28.969454288482666,17.540884017944336,0.9638757705688477,0.0001,0.019346796,0.04839609935879707,6211,-0.008755482756532729,0.239599609375,0.2,53.060470771789554,2043.5318603515625,1000.0,,
939,1396736,1487,341,28.974231004714966,17.86526870727539,0.9706312417984009,0.0001,0.02539878,0.04838939011096954,6216,-0.011261143605224788,0.279541015625,0.2,48.091051769256595,2038.9937744140625,1000.0,,
941,1400832,1488,342,28.977545261383057,37.567649841308594,0.9256483316421509,0.0001,0.019691713,0.048371460288763046,6221,-0.006090173806296661,0.244482421875,0.2,102.54402694702148,2038.9937744140625,1000.0,,
943,1404928,1489,343,28.980338764190673,45.151283264160156,0.8983218669891357,0.0001,0.01948169,0.04838889464735985,6226,-0.007090241968398914,0.210986328125,0.2,104.75388050079346,2031.643798828125,1000.0,,
946,1409024,1489,344,28.971997030850115,29.292064666748047,0.9431027770042419,0.0001,0.024674814,0.048402782529592514,6230,-0.006835625828083219,0.21417025862068967,0.2,70.54617730502424,2013.43212890625,1000.0,,
948,1413120,1490,345,28.971321296691894,22.78726577758789,0.9442790746688843,0.0001,0.02064871,0.04838724434375763,6235,-0.009296159620862453,0.240234375,0.2,56.98122110366821,2002.509033203125,1000.0,,
950,1417216,1491,346,28.979748821258546,22.925128936767578,0.9106875061988831,0.0001,0.01848308,0.04836854711174965,6240,-0.008312108850805088,0.22255859375,0.2,72.34085912704468,2012.4532470703125,1000.0,,
952,1421312,1492,347,28.983843564987183,17.548866271972656,0.9625265598297119,0.0001,0.021817727,0.04836638271808624,6245,-0.008924861648119986,0.207861328125,0.2,44.35714855194092,2012.4532470703125,1000.0,,
955,1425408,1491,348,28.98322229385376,12.132765769958496,0.9704083204269409,0.0001,0.019767467,0.04836737737059593,6250,-0.005991704110056162,0.23720703125,0.2,39.90675950050354,2014.513916015625,1000.0,,
957,1429504,1492,349,28.97867283821106,18.005441665649414,0.9672146439552307,0.0001,0.024583738,0.04840073734521866,6255,-0.007335312187206,0.281298828125,0.2,46.223707008361814,2014.2613525390625,1000.0,,
959,1433600,1493,350,28.96856141090393,42.50662612915039,0.9182710647583008,0.0001,0.011649296,0.048412784934043884,6260,-0.007456880173413083,0.170654296875,0.2,120.39913635253906,1984.0718994140625,1000.0,,
961,1437696,1494,351,28.964759063720702,33.40800094604492,0.9426672458648682,0.0001,0.017523317,0.0484289675951004,6265,-0.012916420598048716,0.16826171875,0.2,92.092822265625,1984.0718994140625,1000.0,,
965,1441792,1493,352,28.960255813598632,34.51105499267578,0.9379648566246033,0.0001,0.018760165,0.048427123576402664,6270,-0.010369397542672232,0.216748046875,0.2,81.61562881469726,1977.07080078125,1000.0,,
967,1445888,1494,353,28.961990356445312,21.56629753112793,0.9700219631195068,0.0001,0.023721682,0.04842619225382805,6275,-0.009405065674143724,0.23482572115384615,0.2,51.264502500876404,1980.43798828125,1000.0,,
969,1449984,1495,354,28.963005117467933,20.416833877563477,0.9730150699615479,0.0001,0.025884634,0.048418931663036346,6280,-0.00828073769052689,0.23168285472972974,0.2,47.480780060226856,1966.1954345703125,1000.0,,
971,1454080,1496,355,28.965082263946535,40.853759765625,0.9368172883987427,0.0001,0.01597085,0.04841841757297516,6285,-0.010683717601932586,0.21123046875,0.2,116.67032451629639,1966.1954345703125,1000.0,,
975,1458176,1495,356,28.964944791793823,25.799257278442383,0.950091540813446,0.0001,0.019294195,0.048419151455163956,6290,-0.013554775982629507,0.178173828125,0.2,89.40091381072997,2005.8209228515625,1000.0,,
977,1462272,1496,357,28.962663698196412,36.99186706542969,0.9397478699684143,0.0001,0.017505195,0.048429809510707855,6295,-0.009925941133406013,0.1642578125,0.2,111.4744041442871,1979.342529296875,1000.0,,
979,1466368,1497,358,28.960291385650635,34.4223518371582,0.9573500156402588,0.0001,0.020360652,0.048428524285554886,6300,-0.010192011203616857,0.21533203125,0.2,86.84116230010986,1969.6396484375,1000.0,,
981,1470464,1498,359,28.960987520217895,26.443967819213867,0.9649649858474731,0.0001,0.019666724,0.04842990264296532,6305,-0.00962882227031514,0.20703125,0.2,75.60004396438599,1969.6396484375,1000.0,,
984,1474560,1497,360,28.96180248260498,15.526603698730469,0.9801997542381287,0.0001,0.021086982,0.04841851070523262,6310,-0.00658735076431185,0.2328125,0.2,42.05259504318237,2032.0802001953125,1000.0,,
986,1478656,1498,361,28.965561866760254,66.67961883544922,0.9645571112632751,0.0001,0.014395569,0.048415254801511765,6311,0.007501691618623833,0.173828125,0.2,130.31541697184244,2029.6229248046875,1000.0,,
988,1482752,1499,362,28.96841812133789,52.6021728515625,0.9506257772445679,0.0001,0.014541786,0.04840339720249176,6316,-0.009758010518271475,0.174169921875,0.2,158.66720447540283,2013.5037841796875,1000.0,,
990,1486848,1500,363,28.97233624458313,28.32474708557129,0.9726265668869019,0.0001,0.014407011,0.04839437082409859,6321,-0.008812824502820149,0.149462890625,0.2,87.69203567504883,2013.5037841796875,1000.0,,
994,1490944,1499,364,28.97906451225281,22.94476318359375,0.9818389415740967,0.0001,0.021528943,0.048359207808971405,6326,-0.008678275783313438,0.2341796875,0.2,63.097822952270505,2027.5196533203125,1000.0,,
996,1495040,1500,365,28.98980031013489,26.182815551757812,0.9744866490364075,0.0001,0.01912884,0.04834667965769768,6331,-0.009868674643803388,0.22607421875,0.2,65.14896602630616,1999.8427734375,1000.0,,
998,1499136,1501,366,28.992497205734253,28.926780700683594,0.940700888633728,0.0001,0.019068085,0.048344455659389496,6336,-0.00897304991958663,0.20419921875,0.2,81.73074989318847,1989.965576171875,1000.0,,
1021,1503232,1471,367,28.99401135444641,34.93667984008789,0.9208824038505554,0.0001,0.02110013,0.0483320914208889,6341,-0.011522201617481187,0.20205078125,0.2,89.86922340393066,1996.1729736328125,1000.0,250000,2.62903567374019
1025,1507328,1470,368,28.997882747650145,39.31503677368164,0.8962202668190002,0.0001,0.019979276,0.048330169171094894,6346,-0.012713049398735165,0.230810546875,0.2,102.85951137542725,2026.8677978515625,1000.0,,
1027,1511424,1470,369,28.99810996055603,45.091644287109375,0.9121230840682983,0.0001,0.01685016,0.04832668602466583,6351,-0.015105699223931878,0.187109375,0.2,132.03926029205323,1999.2861328125,1000.0,,
1029,1515520,1472,370,28.998227500915526,29.629602432250977,0.9389165639877319,0.0001,0.018434357,0.04833636060357094,6356,-0.01182314385077916,0.187646484375,0.2,86.32955884933472,1993.6895751953125,1000.0,,
1031,1519616,1473,371,28.996808958053588,20.812725067138672,0.9627196788787842,0.0001,0.018195983,0.048323120921850204,6361,-0.008784582337830216,0.198388671875,0.2,51.615629291534425,1979.8465576171875,1000.0,,
1035,1523712,1472,372,29.006105804443358,10.857793807983398,0.9807440042495728,0.0001,0.023568777,0.04828757792711258,6366,-0.006701051391428336,0.264111328125,0.2,30.168059873580933,2022.540283203125,1000.0,,
1037,1527808,1473,373,29.018420934677124,34.299320220947266,0.9393689632415771,0.0001,0.017014597,0.048265229910612106,6371,-0.008404590230202302,0.234375,0.2,96.84853687286378,2023.6925048828125,1000.0,,
1039,1531904,1474,374,29.02404131889343,38.567840576171875,0.9302207231521606,0.0001,0.01707885,0.04825521633028984,6376,-0.012975864901090973,0.1546875,0.2,121.62512550354003,2018.6923828125,1000.0,,
1042,1536000,1473,375,29.028793621063233,37.927127838134766,0.9414790868759155,0.0001,0.019124739,0.04823991283774376,6381,-0.013038313272409141,0.178271484375,0.2,109.91825428009034,2067.044921875,1000.0,,
1044,1540096,1474,376,29.033291053771972,38.52733612060547,0.9530043005943298,0.0001,0.017760184,0.04823089763522148,6386,-0.01239764736383222,0.181201171875,0.2,96.26665391921998,2075.307861328125,1000.0,,
1046,1544192,1475,377,29.036058282852174,48.53851318359375,0.9287523627281189,0.0001,0.016468529,0.04822658747434616,6391,-0.01097509030951187,0.172998046875,0.2,125.80762310028076,2056.43994140625,1000.0,,
1048,1548288,1476,378,29.037838315963747,29.130922317504883,0.9374241828918457,0.0001,0.018991305,0.048221807926893234,6396,-0.011766206647735089,0.181591796875,0.2,98.76669855117798,2055.589599609375,1000.0,,
1052,1552384,1475,379,29.039629220962524,24.867084503173828,0.9641798138618469,0.0001,0.018817006,0.04821355640888214,6401,-0.010920801991596818,0.198486328125,0.2,66.42028894424439,2069.656005859375,1000.0,,
1054,1556480,1476,380,29.04385051727295,25.638591766357422,0.9612737894058228,0.0001,0.022270273,0.048199865967035294,6406,-0.014022720395587385,0.247021484375,0.2,76.78735809326172,2046.76025390625,1000.0,,
1056,1560576,1477,381,29.04717011451721,34.10148620605469,0.8989437818527222,0.0001,0.01685536,0.04819648340344429,6411,-0.011328339017927647,0.18486328125,0.2,101.82761440277099,2046.76025390625,1000.0,,
1058,1564672,1478,382,29.04796166419983,47.6702766418457,0.8856971859931946,0.0001,0.014740019,0.048200592398643494,6416,-0.011876797952572815,0.158203125,0.2,118.6044361114502,2030.5140380859375,1000.0,,
1061,1568768,1477,383,29.045183897018433,39.133052825927734,0.8931097388267517,0.0001,0.015218563,0.048206061124801636,6421,-0.01127205090597272,0.159521484375,0.2,103.48953189849854,2029.0960693359375,1000.0,,
1063,1572864,1478,384,29.044014835357665,39.28786087036133,0.9046444892883301,0.0001,0.018755957,0.04820704460144043,6426,-0.013441946124657989,0.208935546875,0.2,97.39865798950196,1989.4515380859375,1000.0,,
1065,1576960,1479,385,29.044424486160278,55.88961410522461,0.8792868256568909,0.0001,0.016893435,0.04820141941308975,6431,-0.010894998215371742,0.1890625,0.2,140.57440013885497,1971.1103515625,1000.0,,
1067,1581056,1480,386,29.046689891815184,41.97172927856445,0.9029353857040405,0.0001,0.017160524,0.04819658771157265,6436,-0.009617760789114981,0.189306640625,0.2,114.4504940032959,1971.1103515625,1000.0,,
1071,1585152,1479,387,29.04965748786926,31.438922882080078,0.935375452041626,0.0001,0.020196442,0.048181548714637756,6441,-0.010635123477550223,0.198974609375,0.2,93.20921659469604,1982.3251953125,1000.0,,
1073,1589248,1480,388,29.05626049041748,45.109771728515625,0.9418560266494751,0.0001,0.02154258,0.048167623579502106,6446,-0.011043658654671162,0.239501953125,0.2,88.0983549118042,1969.7606201171875,1000.0,,
1075,1593344,1481,389,29.06000394821167,24.082021713256836,0.9539889097213745,0.0001,0.017983431,0.04816175997257233,6451,-0.007841877808095888,0.232275390625,0.2,78.41464548110962,1959.0228271484375,1000.0,,
1077,1597440,1482,390,29.06049814224243,51.08823776245117,0.9279223084449768,0.0001,0.012729492,0.04816441237926483,6456,-0.006858502572868019,0.150341796875,0.2,140.11332263946534,1959.0228271484375,1000.0,,
1080,1601536,1481,391,29.05965886116028,50.298545837402344,0.9456331729888916,0.0001,0.015387617,0.04816773161292076,6461,-0.010468700353521853,0.14375,0.2,136.1878204345703,1959.655517578125,1000.0,,
1083,1605632,1482,392,29.061037921905516,55.25187683105469,0.92926025390625,0.0001,0.015246089,0.04815056920051575,6466,-0.009646352002164349,0.14609375,0.2,144.0406328201294,1929.36328125,1000.0,,
1085,1609728,1483,393,29.06596941947937,38.36246871948242,0.8661004304885864,0.0001,0.017274737,0.048153869807720184,6471,-0.009798608781420626,0.173779296875,0.2,102.84254398345948,1915.3157958984375,1000.0,,
1087,1613824,1484,394,29.06349911689758,41.953792572021484,0.8313574194908142,0.0001,0.01892762,0.04815365746617317,6476,-0.011708755639847367,0.176171875,0.2,103.45003986358643,1915.3157958984375,1000.0,,
1090,1617920,1483,395,29.068309116363526,21.320518493652344,0.8487761616706848,0.0001,0.017619452,0.04812484234571457,6481,-0.011096202459884807,0.2169921875,0.2,57.519580364227295,1889.28662109375,1000.0,,
1092,1622016,1484,396,29.077849531173705,29.286270141601562,0.916498064994812,0.0001,0.01758945,0.0481131449341774,6486,-0.008215727930655703,0.2212890625,0.2,70.18667039871215,1879.888427734375,1000.0,,
1094,1626112,1485,397,29.078524255752562,25.223663330078125,0.9570038318634033,0.0001,0.019572586,0.04812097176909447,6491,-0.009572770120576024,0.22548828125,0.2,65.33755912780762,1871.083251953125,1000.0,,
1096,1630208,1486,398,29.078324127197266,22.263309478759766,0.964512825012207,0.0001,0.022524774,0.04810065031051636,6496,-0.006839608063455671,0.2330078125,0.2,57.16297645568848,1871.083251953125,1000.0,,
1101,1634304,1484,399,29.085239955357142,37.08361053466797,0.9571331143379211,0.0001,0.01369411,0.048095572739839554,6497,0.006708384890641485,0.17466517857142858,0.2,82.13666207449776,1880.4912109375,1000.0,,
1103,1638400,1485,400,29.0845205783844,33.525447845458984,0.9587600231170654,0.0001,0.024563748,0.04811171814799309,6502,-0.007708443776937202,0.256396484375,0.2,84.66031703948974,1881.11474609375,1000.0,,
1105,1642496,1486,401,29.07919611249651,37.884944915771484,0.9677374362945557,0.0001,0.01605877,0.04811622202396393,6503,0.006676717195659876,0.20228794642857142,0.2,82.55104718889508,1866.454833984375,1000.0,,
1106,1646592,1487,402,29.076037454605103,15.178317070007324,0.9739735126495361,0.0001,0.017998423,0.04812788590788841,6508,-0.008127312152646482,0.18134765625,0.2,46.3559974193573,1866.454833984375,1000.0,,
1110,1650688,1486,403,29.07655520439148,14.793319702148438,0.974605917930603,0.0001,0.020450972,0.04810987785458565,6513,-0.007030618045246228,0.22880859375,0.2,41.649022054672244,1877.853759765625,1000.0,,
1112,1654784,1487,404,29.08449206352234,29.30876922607422,0.9465732574462891,0.0001,0.02483502,0.04809138551354408,6518,-0.008778259891550988,0.26025390625,0.2,72.45336694717408,1869.9490966796875,1000.0,,
1114,1658880,1488,405,29.090006732940672,54.41808319091797,0.8723427057266235,0.0001,0.01480923,0.04808266833424568,6523,-0.009289135312428698,0.17890625,0.2,146.17465286254884,1854.2003173828125,1000.0,,
1116,1662976,1489,406,29.090902757644653,85.13162994384766,0.8437570333480835,0.0001,0.017513074,0.04808560758829117,6528,-0.016464366752188653,0.19326171875,0.2,199.8370506286621,1854.2003173828125,1000.0,,
1119,1667072,1488,407,29.090735816955565,48.15900421142578,0.9093952775001526,0.0001,0.02103627,0.048082225024700165,6533,-0.013404771941713989,0.2162109375,0.2,112.81391639709473,1877.7750244140625,1000.0,,
1122,1671168,1489,408,29.09281964302063,43.68421936035156,0.9187079668045044,0.0001,0.02093954,0.04807506129145622,6538,-0.0102025575353764,0.2359375,0.2,111.48924198150635,1833.0194091796875,1000.0,,
1124,1675264,1490,409,29.09621043205261,32.98380661010742,0.9374325275421143,0.0001,0.019930083,0.048060983419418335,6543,-0.014183126820717007,0.22568359375,0.2,82.98074321746826,1833.5262451171875,1000.0,,
1126,1679360,1491,410,29.10105743408203,24.786279678344727,0.9436690211296082,0.0001,0.020955432,0.04805360734462738,6548,-0.0105504687060602,0.221630859375,0.2,85.933464717865,1817.6890869140625,1000.0,,
1129,1683456,1490,411,29.103800821304322,21.250883102416992,0.9608252644538879,0.0001,0.021461759,0.04804040491580963,6553,-0.011773019388783723,0.27041015625,0.2,55.3150993347168,1859.8218994140625,1000.0,,
1131,1687552,1491,412,29.108927154541014,21.651626586914062,0.958550214767456,0.0001,0.02037488,0.04803654924035072,6558,-0.01008722692495212,0.226416015625,0.2,60.21412515640259,1850.1973876953125,1000.0,,
1133,1691648,1492,413,29.10910153388977,17.89413070678711,0.9534814953804016,0.0001,0.022948816,0.04803578928112984,6563,-0.013002105185296386,0.245458984375,0.2,60.31708478927612,1847.411865234375,1000.0,,
1135,1695744,1493,414,29.110787520537507,18.613157272338867,0.9757839441299438,0.0001,0.027138676,0.04802430793642998,6568,-0.007914621968174705,0.28478673986486486,0.2,40.86945090422759,1841.0020751953125,1000.0,,
1139,1699840,1492,415,29.11842288970947,12.355340003967285,0.9771353602409363,0.0001,0.022532333,0.04799221456050873,6573,-0.0041141634486848485,0.261279296875,0.2,36.74888467788696,1871.739990234375,1000.0,,
1141,1703936,1493,416,29.131178522109984,20.519832611083984,0.9454540014266968,0.0001,0.019729393,0.04796411469578743,6578,-0.009614472615066916,0.269970703125,0.2,66.78435106277466,1850.4022216796875,1000.0,,
1143,1708032,1494,417,29.13839988708496,21.58357810974121,0.9499204754829407,0.0001,0.020029558,0.04795379936695099,6583,-0.010295010718982667,0.203076171875,0.2,59.08836183547974,1828.505126953125,1000.0,,
1146,1712128,1493,418,29.138117647171022,25.593652725219727,0.9381293654441833,0.0001,0.01888635,0.04797060787677765,6588,-0.008067259076051414,0.229638671875,0.2,66.1369836807251,1917.367919921875,1000.0,,
1149,1716224,1493,419,29.13192335764567,29.753578186035156,0.9362449645996094,0.0001,0.02514094,0.04797300323843956,6593,-0.01093955481580148,0.2331271701388889,0.2,65.8975010977851,1902.94970703125,1000.0,,
1150,1720320,1494,420,29.135624361038207,22.498374938964844,0.9271523356437683,0.0001,0.020390075,0.047953929752111435,6598,-0.007478216080926359,0.219482421875,0.2,59.682224655151366,1902.94970703125,1000.0,,
1152,1724416,1495,421,29.140723943710327,16.275447845458984,0.9540085196495056,0.0001,0.021570925,0.0479581356048584,6603,-0.006873798975721002,0.23740234375,0.2,41.19731273651123,1901.1988525390625,1000.0,,
1156,1728512,1494,422,29.136620712280273,13.488629341125488,0.9392779469490051,0.0001,0.023967393,0.04795782268047333,6608,-0.00393848471576348,0.278515625,0.2,39.12786450386047,1899.1558837890625,1000.0,,
1158,1732608,1495,423,29.13897164662679,24.04779815673828,0.9373389482498169,0.0001,0.015096385,0.047954995185136795,6609,0.013872300740331411,0.1787109375,0.2,51.42542966206869,1887.3740234375,1000.0,,
1160,1736704,1496,424,29.139773511886595,20.296260833740234,0.949586033821106,0.0001,0.020358255,0.047958653420209885,6614,-0.01235562574584037,0.20888671875,0.2,58.622558975219725,1887.3740234375,1000.0,,
1162,1740800,1497,425,29.1392783164978,20.77130699157715,0.9579729437828064,0.0001,0.023813773,0.04794244468212128,6619,-0.007281414314638824,0.220703125,0.2,49.6664740562439,1876.61767578125,1000.0,,
1165,1744896,1496,426,29.14631667137146,13.456136703491211,0.9780179262161255,0.0001,0.020257942,0.047935210168361664,6624,-0.008511862577870488,0.251171875,0.2,39.50114679336548,1893.8153076171875,1000.0,,
1167,1748992,1497,427,29.146924686431884,21.80424690246582,0.9676220417022705,0.0001,0.017976817,0.04793791100382805,6629,-0.013380985142430291,0.221240234375,0.2,68.04108972549439,1900.311767578125,1000.0,,
1191,1753088,1471,428,29.144737815856935,53.11739730834961,0.9457036256790161,0.0001,0.01354509,0.04794659838080406,6634,-0.008193058834876865,0.114111328125,0.2,138.31898174285888,1886.0107421875,1000.0,250000,2.5371919414153536
1193,1757184,1472,429,29.141516637802123,40.46642303466797,0.9507042169570923,0.0001,0.013341541,0.047952502965927124,6639,-0.010115133773069829,0.111181640625,0.2,121.99264144897461,1886.0107421875,1000.0,,
1197,1761280,1470,430,29.14101858139038,39.69886016845703,0.9565894603729248,0.0001,0.015811503,0.04794637858867645,6644,-0.01034801360219717,0.14423828125,0.2,110.06670799255372,1909.6943359375,1000.0,,
1199,1765376,1471,431,29.14427638053894,29.358776092529297,0.9694036245346069,0.0001,0.017663388,0.04793689772486687,6649,-0.01228609464596957,0.173388671875,0.2,77.48397092819214,1894.18115234375,1000.0,,
1201,1769472,1472,432,29.147732305526734,28.59166145324707,0.9509947896003723,0.0001,0.015247636,0.047926947474479675,6654,-0.00825217985548079,0.1669921875,0.2,85.02620973587037,1889.9962158203125,1000.0,,
1203,1773568,1473,433,29.151241970062255,15.359150886535645,0.9850491881370544,0.0001,0.019513803,0.04792159050703049,6659,-0.008873218600638211,0.16640625,0.2,42.08504796028137,1889.9962158203125,1000.0,,
1207,1777664,1472,434,29.15224394798279,14.43728256225586,0.9833787083625793,0.0001,0.021280177,0.0479193739593029,6664,-0.007606078824028373,0.233447265625,0.2,36.038340139389035,1955.5679931640625,1000.0,,
1209,1781760,1473,435,29.15362696647644,17.70574378967285,0.9848427176475525,0.0001,0.023876064,0.04791277274489403,6669,-0.0076145444822032,0.23779296875,0.2,41.96522159576416,1978.9013671875,1000.0,,
1211,1785856,1474,436,29.158463764190675,12.712416648864746,0.9799482226371765,0.0001,0.022833684,0.047886066138744354,6674,-0.008488697605207563,0.24794921875,0.2,35.6075382232666,1960.2493896484375,1000.0,,
1213,1789952,1475,437,29.165352487564085,10.725892066955566,0.9723918437957764,0.0001,0.022135647,0.047892287373542786,6679,-0.0027333531877957286,0.2599609375,0.2,31.660452222824098,1960.2493896484375,1000.0,,
1217,1794048,1473,438,29.163157749176026,12.482619285583496,0.9664822816848755,0.0001,0.024401285,0.04788551107048988,6684,-0.006847645650850609,0.257275390625,0.2,36.721910667419436,1996.1011962890625,1000.0,,
1219,1798144,1474,439,29.167130756378175,23.022008895874023,0.9734333157539368,0.0001,0.027340125,0.04787774384021759,6687,-0.0021671850117854774,0.2755859375,0.2,52.90522022247315,2001.2064208984375,1000.0,,
1221,1802240,1475,440,29.173903547014508,17.108325958251953,0.9805557131767273,0.0001,0.030297302,0.04785160720348358,6692,-0.005256008649510997,0.28404017857142855,0.2,39.91748711722238,1993.344482421875,1000.0,,
1223,1806336,1476,441,29.179214811325075,15.368943214416504,0.9779846668243408,0.0001,0.019132417,0.047854065895080566,6697,-0.004095591575605795,0.253125,0.2,42.47071995735168,1993.344482421875,1000.0,,
1226,1810432,1476,442,29.175518226623534,10.786273002624512,0.9847318530082703,0.0001,0.024838405,0.04786916449666023,6702,-0.0033166328677907584,0.246142578125,0.2,29.449354267120363,2068.21435546875,1000.0,,
1228,1814528,1476,443,29.17141227722168,40.82600021362305,0.9554545879364014,0.0001,0.016184967,0.04787309467792511,6703,0.008797635138034821,0.1953125,0.2,97.30394897460937,2056.52587890625,1000.0,,
1230,1818624,1477,444,29.169647428724502,78.16990661621094,0.8907798528671265,0.0001,0.0325884,0.047877952456474304,6705,0.005218405509367585,0.1974826388888889,0.2,174.82682291666666,2060.129150390625,1000.0,,
1232,1822720,1479,445,29.169033813476563,34.88196563720703,0.9407773613929749,0.0001,0.014501919,0.04787247255444527,6710,-0.011195966164814308,0.130859375,0.2,98.27390899658204,2060.129150390625,1000.0,,
1236,1826816,1477,446,29.17277522087097,17.0971736907959,0.9699693322181702,0.0001,0.020362277,0.04786001518368721,6715,-0.012066461198264733,0.18564453125,0.2,55.14933099746704,2067.990966796875,1000.0,,
1238,1830912,1478,447,29.179430627822875,32.47107696533203,0.9701052308082581,0.0001,0.0188571,0.047839924693107605,6720,-0.012446485878899693,0.2123046875,0.2,77.03120307922363,2064.9970703125,1000.0,,
1240,1835008,1479,448,29.184388589859008,23.786518096923828,0.9633989930152893,0.0001,0.021005483,0.04783547297120094,6725,-0.010843976616160943,0.2478515625,0.2,63.95644235610962,2049.920654296875,1000.0,,
1242,1839104,1480,449,29.18772945404053,33.18360900878906,0.9612836241722107,0.0001,0.016037634,0.04781607910990715,6730,-0.008845859963912517,0.18173828125,0.2,90.89818468093873,2049.920654296875,1000.0,,
1245,1843200,1479,450,29.19563822746277,35.984161376953125,0.9561148881912231,0.0001,0.01580846,0.04779939725995064,6735,-0.011329882487189025,0.200830078125,0.2,108.49848651885986,2102.10888671875,1000.0,,
1247,1847296,1480,451,29.200838565826416,29.115371704101562,0.9664728045463562,0.0001,0.016715314,0.04778681695461273,6740,-0.0116906090057455,0.186669921875,0.2,86.18433303833008,2102.1787109375,1000.0,,
1249,1851392,1481,452,29.205111360549928,34.71116256713867,0.9642174243927002,0.0001,0.016940251,0.047778110951185226,6745,-0.01121306058485061,0.17255859375,0.2,81.88109664916992,2078.28564453125,1000.0,,
1251,1855488,1482,453,29.208321475982665,29.85464096069336,0.96048504114151,0.0001,0.015555992,0.04776788130402565,6750,-0.008057877665851264,0.16181640625,0.2,73.39626750946044,2069.678955078125,1000.0,,
1255,1859584,1481,454,29.21180100440979,19.169347763061523,0.9678318500518799,0.0001,0.020162623,0.047763362526893616,6755,-0.01049349464592524,0.218896484375,0.2,50.1521183013916,2098.6259765625,1000.0,,
1257,1863680,1482,455,29.21382761001587,15.821036338806152,0.9791564345359802,0.0001,0.019265313,0.04774995520710945,6760,-0.007923396717524156,0.22578125,0.2,43.65584001541138,2090.954833984375,1000.0,,
1259,1867776,1483,456,29.21991362571716,27.30365753173828,0.9628642797470093,0.0001,0.019604685,0.04773677513003349,6765,-0.008964493480743841,0.224755859375,0.2,79.48706274032592,2097.737548828125,1000.0,,
1261,1871872,1484,457,29.22162938117981,25.543048858642578,0.9660488367080688,0.0001,0.019648967,0.047745101153850555,6770,-0.012389225198421627,0.199365234375,0.2,78.31141948699951,2082.666259765625,1000.0,,
1264,1875968,1483,458,29.218906545639037,27.24166488647461,0.9660904407501221,0.0001,0.019583851,0.047744154930114746,6775,-0.011539248749613762,0.1931640625,0.2,69.14913921356201,2139.277099609375,1000.0,,
1266,1880064,1484,459,29.221993446350098,32.72282028198242,0.9371013045310974,0.0001,0.01753971,0.047729868441820145,6780,-0.012480233196401968,0.1921875,0.2,87.64364585876464,2124.235595703125,1000.0,,
1268,1884160,1484,460,29.226167297363283,14.47707748413086,0.9578317999839783,0.0001,0.019452158,0.047723304480314255,6785,-0.0098074825538788,0.182861328125,0.2,42.859441614151,2120.011474609375,1000.0,,
1272,1888256,1484,461,29.229679584503174,11.437254905700684,0.9718446731567383,0.0001,0.02564561,0.04771334305405617,6790,-0.006828889934695326,0.28544921875,0.2,32.62638654708862,2129.7822265625,1000.0,,
1274,1892352,1484,462,29.234443855285644,16.271766662597656,0.9697077870368958,0.0001,0.022502106,0.04768919199705124,6795,-0.009525211132131516,0.269775390625,0.2,37.3137713432312,2110.01708984375,1000.0,,
1276,1896448,1485,463,29.243182849884032,25.040966033935547,0.9501622319221497,0.0001,0.015856883,0.04768000543117523,6800,-0.007469158107414842,0.208056640625,0.2,70.02902526855469,2110.01708984375,1000.0,,
1278,1900544,1486,464,29.24210891723633,60.92964553833008,0.9052903056144714,0.0001,0.018582039,0.047694187611341476,6805,-0.012174476054497063,0.245654296875,0.2,162.5342761993408,2098.962890625,1000.0,,
1282,1904640,1485,465,29.237120342254638,24.904199600219727,0.9683831334114075,0.0001,0.019465476,0.04770183190703392,6810,-0.012806822475977243,0.202294921875,0.2,65.1225061416626,2076.6484375,1000.0,,
1284,1908736,1486,466,29.237076187133788,31.48038101196289,0.9537954330444336,0.0001,0.018605188,0.04769376292824745,6815,-0.012636017857585103,0.2095703125,0.2,89.69246816635132,2082.184326171875,1000.0,,
1286,1912832,1487,467,29.239409589767455,38.5627555847168,0.9448836445808411,0.0001,0.014833906,0.047696541994810104,6820,-0.01088233306654729,0.1455078125,0.2,111.62382259368897,2082.184326171875,1000.0,,
1288,1916928,1488,468,29.237790012359618,46.45630645751953,0.9436269402503967,0.0001,0.015123492,0.047698017209768295,6825,-0.01061491653090343,0.15751953125,0.2,123.62526473999023,2061.359130859375,1000.0,,
1291,1921024,1487,469,29.2357458114624,37.843589782714844,0.9439289569854736,0.0001,0.0196443,0.04770961031317711,6830,-0.014456156187225132,0.1951171875,0.2,109.02707138061524,2060.402099609375,1000.0,,
1294,1925120,1487,470,29.22983193397522,33.27753448486328,0.9552034735679626,0.0001,0.023696529,0.047730784863233566,6835,-0.012640079774428159,0.248583984375,0.2,87.95164775848389,2061.53271484375,1000.0,,
1296,1929216,1488,471,29.222591495513917,24.93585968017578,0.9595107436180115,0.0001,0.017851794,0.04774441197514534,6840,-0.010208889842033386,0.195361328125,0.2,72.25934467315673,2050.159423828125,1000.0,,
1298,1933312,1489,472,29.219221448898317,42.126434326171875,0.9439284801483154,0.0001,0.015923101,0.047748129814863205,6845,-0.01079279020195827,0.1837890625,0.2,119.48733310699463,2050.159423828125,1000.0,,
1301,1937408,1488,473,29.21657786369324,22.68499755859375,0.9725052714347839,0.0001,0.019974813,0.0477653332054615,6850,-0.0114302147179842,0.19580078125,0.2,67.18366413116455,2030.70458984375,1000.0,,
1304,1941504,1488,474,29.210084390640258,18.40645980834961,0.9810147881507874,0.0001,0.02289689,0.04776934161782265,6855,-0.009883850760525092,0.233447265625,0.2,48.10260457992554,2030.276611328125,1000.0,,
1306,1945600,1489,475,29.20922212600708,12.804598808288574,0.9821790456771851,0.0001,0.021203188,0.04777909815311432,6860,-0.003519072418566793,0.249365234375,0.2,36.07465415000915,2016.4208984375,1000.0,,
1307,1949696,1490,476,29.20641956329346,16.19811248779297,0.9776161909103394,0.0001,0.01925736,0.04778340831398964,6865,-0.00878037687507458,0.235693359375,0.2,38.38843660354614,2016.4208984375,1000.0,,
1311,1953792,1489,477,29.204739809036255,25.63156509399414,0.9578908681869507,0.0001,0.014254436,0.04778614267706871,6870,-0.0029079518164508043,0.213134765625,0.2,84.06260757446289,2055.38330078125,1000.0,,
1313,1957888,1490,478,29.206039333343504,38.48383712768555,0.9526758790016174,0.0001,0.018620927,0.047774363309144974,6875,-0.015748069051187485,0.210009765625,0.2,113.23519744873047,2043.77734375,1000.0,,
1315,1961984,1491,479,29.209827756881715,69.65851593017578,0.9297305345535278,0.0001,0.011817073,0.04777117073535919,6880,-0.00972850425168872,0.11943359375,0.2,182.49091300964355,2004.4007568359375,1000.0,,
1317,1966080,1492,480,29.210239267349245,35.235137939453125,0.9503079652786255,0.0001,0.021038938,0.047770336270332336,6885,-0.013205422996543347,0.201171875,0.2,100.8055212020874,2004.4007568359375,1000.0,,
1320,1970176,1491,481,29.208878135681154,29.887723922729492,0.949539303779602,0.0001,0.01873297,0.047780923545360565,6890,-0.009698807343374938,0.19765625,0.2,77.76684312820434,2014.60302734375,1000.0,,
1323,1974272,1492,482,29.206733608245848,29.89261245727539,0.9666742086410522,0.0001,0.01856071,0.047778453677892685,6895,-0.012348226946778595,0.211083984375,0.2,68.53825206756592,2004.627197265625,1000.0,,
1325,1978368,1492,483,29.208603048324584,31.240882873535156,0.9582679271697998,0.0001,0.017652474,0.04777000844478607,6900,-0.011414044734556228,0.2181640625,0.2,92.66668033599854,2000.6912841796875,1000.0,,
1326,1982464,1493,484,29.210172176361084,18.283302307128906,0.9815165996551514,0.0001,0.020532386,0.04777814447879791,6905,-0.009436611042474397,0.195947265625,0.2,49.0345682144165,2000.6912841796875,1000.0,,
1330,1986560,1493,485,29.20589199066162,14.279980659484863,0.9748067259788513,0.0001,0.019125458,0.047781456261873245,6910,-0.011422474589198827,0.220556640625,0.2,54.000576400756835,2035.069091796875,1000.0,,
1332,1990656,1493,486,29.20586576461792,34.459686279296875,0.9573597311973572,0.0001,0.021200817,0.04778096452355385,6915,-0.008760114602046088,0.2166015625,0.2,93.86607971191407,2031.963134765625,1000.0,,
1334,1994752,1494,487,29.204017782211302,57.77204132080078,0.9295656681060791,0.0001,0.015930766,0.04779650270938873,6920,-0.010950796876568348,0.192626953125,0.2,123.0967803955078,2006.82958984375,1000.0,,
1336,1998848,1495,488,29.197943115234374,44.89058303833008,0.9169703125953674,0.0001,0.016079951,0.04780606925487518,6925,-0.012931860773824156,0.143994140625,0.2,119.6086296081543,2006.82958984375,1000.0,,
1361,2002944,1471,489,29.196622705459596,36.84986114501953,0.9216287732124329,0.0001,0.01767632,0.04780350625514984,6930,-0.012153594545088709,0.16279296875,0.2,91.85993347167968,2021.86181640625,1000.0,250000,2.4612247285689386
