time/fps,time/time_elapsed,time/iterations,time/total_timesteps,train/n_updates,train/policy_gradient_loss,train/value_loss,train/approx_kl,train/std,train/loss,train/explained_variance,train/clip_fraction,train/clip_range,train/learning_rate,train/entropy_loss,rollout/ep_len_mean,rollout/ep_rew_mean,eval/skor,eval/en_iyi_adim
1193,3,1,4096,,,,,,,,,,,,,,,
1579,5,2,8192,2750,-0.01055132395704277,114.19647312164307,0.01836517,0.05000375211238861,47.85682678222656,0.9547778964042664,0.190380859375,0.2,0.0001,28.382543277740478,,,,
1775,6,3,12288,2755,-0.008847300425986759,81.2231514930725,0.020327978,0.05000140890479088,27.474010467529297,0.9706272482872009,0.19501953125,0.2,0.0001,28.38047218322754,,,,
1549,10,4,16384,2760,-0.01140185302356258,75.9828556060791,0.021908993,0.04999644681811333,28.44327735900879,0.9763633608818054,0.2548828125,0.2,0.0001,28.38291115760803,1000.0,2265.81591796875,,
1612,12,5,20480,2765,-0.005145899084163829,64.17448225021363,0.022054488,0.049991969019174576,24.239253997802734,0.9765258431434631,0.21611328125,0.2,0.0001,28.384312391281128,1000.0,2265.81591796875,,
1698,14,6,24576,2770,-0.0056231104885227975,84.76522998809814,0.019180335,0.049994129687547684,38.11273193359375,0.9424319863319397,0.25693359375,0.2,0.0001,28.385086584091187,1000.0,2265.81591796875,,
1766,16,7,28672,2775,-0.008462302025873215,64.14087409973145,0.020906294,0.049989908933639526,22.372312545776367,0.9612213373184204,0.212451171875,0.2,0.0001,28.38471450805664,1000.0,2265.81591796875,,
1587,20,8,32768,2780,-0.004796875616011676,64.36803941726684,0.02266992,0.04998252913355827,25.46939468383789,0.9710991978645325,0.25341796875,0.2,0.0001,28.38766493797302,1000.0,2251.05810546875,,
1638,22,9,36864,2785,-0.00643885099561885,54.541082572937015,0.023725456,0.049977339804172516,23.936738967895508,0.9733697175979614,0.27109375,0.2,0.0001,28.38936686515808,1000.0,2251.05810546875,,
1694,24,10,40960,2786,0.007005344411092145,162.66630336216517,0.015947456,0.049977634102106094,70.53841400146484,0.9167066812515259,0.19810267857142858,0.2,0.0001,28.39050347464425,1000.0,2251.05810546875,,
1735,25,11,45056,2791,-0.012537563242949546,151.2281810760498,0.02177581,0.049976423382759094,74.07100677490234,0.920831561088562,0.23271484375,0.2,0.0001,28.390319538116454,1000.0,2251.05810546875,,
1655,29,12,49152,2796,-0.010970359045313672,68.92408876419067,0.02048624,0.04997296631336212,27.235193252563477,0.9650192260742188,0.252294921875,0.2,0.0001,28.39144620895386,1000.0,2130.708740234375,,
1675,31,13,53248,2801,-0.00891078773420304,65.16344289779663,0.022377543,0.04998096078634262,22.74431800842285,0.966677188873291,0.25439453125,0.2,0.0001,28.391383361816406,1000.0,2130.708740234375,,
1708,33,14,57344,2806,-0.0076334658660925925,56.60103349685669,0.01669849,0.04998139664530754,17.271282196044922,0.9614367485046387,0.1958984375,0.2,0.0001,28.38881826400757,1000.0,2130.708740234375,,
1738,35,15,61440,2811,-0.009250015334691853,57.78717231750488,0.018870201,0.04998299106955528,23.194347381591797,0.9688629508018494,0.221875,0.2,0.0001,28.388938999176027,1000.0,2130.708740234375,,
1676,39,16,65536,2816,-0.007018592878011987,51.142125606536865,0.017734692,0.049994081258773804,14.426763534545898,0.9758105278015137,0.212255859375,0.2,0.0001,28.386874437332153,1000.0,2136.045654296875,,
1700,40,17,69632,2821,-0.012924501375528053,47.71545515060425,0.022530526,0.04998098313808441,19.605510711669922,0.9763625860214233,0.26513671875,0.2,0.0001,28.385973119735716,1000.0,2136.045654296875,,
1726,42,18,73728,2826,-0.006124637799803168,93.8842788696289,0.016059842,0.04996238648891449,36.0202522277832,0.9509088397026062,0.24287109375,0.2,0.0001,28.392419242858885,1000.0,2136.045654296875,,
1749,44,19,77824,2831,-0.007584493051399477,77.54660034179688,0.017345823,0.04994623363018036,34.31986999511719,0.9623104333877563,0.162841796875,0.2,0.0001,28.399018335342408,1000.0,2136.045654296875,,
1682,48,20,81920,2836,-0.010195562365697696,59.49216251373291,0.019984622,0.04992875084280968,21.814260482788086,0.9744055271148682,0.2158203125,0.2,0.0001,28.40483193397522,1000.0,2156.248779296875,,
1704,50,21,86016,2841,-0.01334525691345334,65.88993911743164,0.021289177,0.04994113743305206,34.09421157836914,0.9710878133773804,0.271533203125,0.2,0.0001,28.40690851211548,1000.0,2156.248779296875,,
1725,52,22,90112,2846,-0.011177280120318756,76.06694965362549,0.019275386,0.0499345138669014,28.056594848632812,0.9552938938140869,0.21328125,0.2,0.0001,28.40411024093628,1000.0,2156.248779296875,,
1744,54,23,94208,2851,-0.010110700054792688,57.687966442108156,0.02106402,0.049939461052417755,22.268356323242188,0.9689038395881653,0.1984375,0.2,0.0001,28.40601501464844,1000.0,2156.248779296875,,
1688,58,24,98304,2856,-0.007251523132435977,38.502574348449706,0.022119727,0.04994141310453415,14.377096176147461,0.9792090058326721,0.219873046875,0.2,0.0001,28.404502439498902,1000.0,2194.843017578125,,
1706,60,25,102400,2861,-0.003377959196222946,110.43828582763672,0.016171772,0.04993532598018646,51.37672424316406,0.9490573406219482,0.248388671875,0.2,0.0001,28.404486322402953,1000.0,2194.843017578125,,
1723,61,26,106496,2866,-0.01007801031228155,186.58893394470215,0.0148903,0.04992815479636192,55.365543365478516,0.9064691066741943,0.154052734375,0.2,0.0001,28.407661962509156,1000.0,2194.843017578125,,
1740,63,27,110592,2871,-0.010431176592828707,136.53774166107178,0.014007124,0.049930181354284286,54.35267639160156,0.9398260712623596,0.1548828125,0.2,0.0001,28.408314323425294,1000.0,2194.843017578125,,
1704,67,28,114688,2876,-0.011017885385081172,51.51341714859009,0.019820565,0.04993048310279846,19.859636306762695,0.9772919416427612,0.1912109375,0.2,0.0001,28.407507467269898,1000.0,2142.9609375,,
1719,69,29,118784,2881,-0.010654148255707697,54.01703586578369,0.022827648,0.049959197640419006,22.05147933959961,0.9716851711273193,0.2541015625,0.2,0.0001,28.404010915756224,1000.0,2142.9609375,,
1733,70,30,122880,2886,-0.006982204271480441,39.88758563995361,0.019796697,0.04996483027935028,15.459158897399902,0.9758318662643433,0.233056640625,0.2,0.0001,28.395388221740724,1000.0,2142.9609375,,
1747,72,31,126976,2891,-0.007867560407612472,37.65469341278076,0.022686679,0.04996921867132187,16.055891036987305,0.9801496267318726,0.23955078125,0.2,0.0001,28.39515118598938,1000.0,2142.9609375,,
1716,76,32,131072,2896,-0.006980234166258014,35.171924877166745,0.026384007,0.049964938312768936,16.023719787597656,0.9768948554992676,0.280419921875,0.2,0.0001,28.39464936256409,1000.0,2114.491455078125,,
1727,78,33,135168,2901,-0.008393926930148154,85.322314453125,0.015597985,0.0499662347137928,36.5453987121582,0.9562477469444275,0.197607421875,0.2,0.0001,28.395446825027467,1000.0,2114.491455078125,,
1731,80,34,139264,2906,-0.008721394871827215,62.09374952316284,0.016811015,0.04997934773564339,23.17246437072754,0.9735265374183655,0.175341796875,0.2,0.0001,28.393275117874147,1000.0,2114.491455078125,,
1736,82,35,143360,2911,-0.01016139603452757,47.2830171585083,0.018026419,0.04996292293071747,18.064659118652344,0.9812941551208496,0.2193359375,0.2,0.0001,28.391352081298827,1000.0,2114.491455078125,,
1693,87,36,147456,2916,-0.009979441564064473,55.71464958190918,0.016925083,0.049939170479774475,20.59916114807129,0.9790520668029785,0.218603515625,0.2,0.0001,28.400879526138304,1000.0,2103.077392578125,,
1703,88,37,151552,2921,-0.008400204754434527,52.177758598327635,0.020517347,0.049924466758966446,24.362478256225586,0.9629732966423035,0.248583984375,0.2,0.0001,28.40716094970703,1000.0,2103.077392578125,,
1713,90,38,155648,2926,-0.01055514790932648,38.81563320159912,0.023153994,0.04989644140005112,14.98807144165039,0.9596680402755737,0.235888671875,0.2,0.0001,28.414471769332884,1000.0,2103.077392578125,,
1724,92,39,159744,2931,-0.008908365736715496,26.11629295349121,0.021514157,0.049897968769073486,9.318290710449219,0.9743660688400269,0.20537109375,0.2,0.0001,28.421225452423094,1000.0,2103.077392578125,,
1693,96,40,163840,2936,-0.00920108302962035,31.86200695037842,0.019872643,0.049884550273418427,13.930237770080566,0.9696963429450989,0.203662109375,0.2,0.0001,28.42116250991821,1000.0,2175.379638671875,,
1703,98,41,167936,2941,-0.004560286074411124,230.14695625305177,0.010016896,0.049882739782333374,96.59100341796875,0.8557465672492981,0.10703125,0.2,0.0001,28.42561478614807,1000.0,2175.379638671875,,
1714,100,42,172032,2946,-0.009599657054059208,179.65970458984376,0.010792555,0.049889158457517624,69.68543243408203,0.8915578722953796,0.06591796875,0.2,0.0001,28.42431950569153,1000.0,2175.379638671875,,
1698,103,43,176128,2951,-0.010668404086027294,126.7102674484253,0.010847415,0.04988868534564972,38.642032623291016,0.9214319586753845,0.09404296875,0.2,0.0001,28.42279734611511,1000.0,2070.90673828125,,
1703,105,44,180224,2956,-0.010446818941272796,120.8264066696167,0.011084735,0.049878332763910294,42.36585235595703,0.9306482672691345,0.094677734375,0.2,0.0001,28.424735736846923,1000.0,2070.90673828125,,
1713,107,45,184320,2961,-0.012848359521012754,158.76732578277588,0.011735107,0.049873217940330505,62.4742431640625,0.8799169063568115,0.121484375,0.2,0.0001,28.42820100784302,1000.0,2070.90673828125,,
1723,109,46,188416,2966,-0.012335443135816604,83.521311378479,0.012911193,0.04986942186951637,35.634422302246094,0.9408039450645447,0.118310546875,0.2,0.0001,28.42930941581726,1000.0,2070.90673828125,,
1708,112,47,192512,2971,-0.011639743932755664,58.63168268203735,0.016231686,0.04986204952001572,24.04766082763672,0.9598549008369446,0.168994140625,0.2,0.0001,28.431362438201905,1000.0,2057.499267578125,,
1714,114,48,196608,2976,-0.009415839839493855,49.05498504638672,0.016891904,0.04985547438263893,21.802345275878906,0.9704306125640869,0.18271484375,0.2,0.0001,28.43389105796814,1000.0,2057.499267578125,,
1723,116,49,200704,2981,-0.010084361862391233,78.62221918106079,0.019531906,0.04985867440700531,30.307085037231445,0.9724932909011841,0.232080078125,0.2,0.0001,28.434825468063355,1000.0,2057.499267578125,,
1732,118,50,204800,2986,-0.008535529475193471,41.005975580215456,0.015711887,0.049850888550281525,14.02978801727295,0.9879265427589417,0.1607421875,0.2,0.0001,28.434805059432982,1000.0,2057.499267578125,,
1714,121,51,208896,2991,-0.006776048272149638,38.556890678405765,0.016181745,0.049818165600299835,12.93136215209961,0.9863830208778381,0.17333984375,0.2,0.0001,28.44132504463196,1000.0,2090.279052734375,,
1720,123,52,212992,2996,-0.009900992107577621,46.27913241386413,0.018871795,0.04978618770837784,20.233213424682617,0.9824295043945312,0.211279296875,0.2,0.0001,28.454106664657594,1000.0,2090.279052734375,,
1728,125,53,217088,3001,-0.005978369869990274,121.0667516708374,0.014502276,0.04977472499012947,46.164634704589844,0.9004982113838196,0.18876953125,0.2,0.0001,28.463015508651733,1000.0,2090.279052734375,,
1736,127,54,221184,3006,-0.010474118893034757,105.81301422119141,0.016880823,0.0497695654630661,43.389312744140625,0.9296427965164185,0.156298828125,0.2,0.0001,28.465484523773192,1000.0,2090.279052734375,,
1716,131,55,225280,3011,-0.012976359284948558,90.33169670104981,0.021068625,0.04975496977567673,43.741390228271484,0.957038938999176,0.19296875,0.2,0.0001,28.468263721466066,1000.0,2092.228515625,,
1724,132,56,229376,3016,-0.010043177910847589,89.9468225479126,0.01898999,0.04975307360291481,39.15359115600586,0.9568672776222229,0.236376953125,0.2,0.0001,28.472648048400877,1000.0,2092.228515625,,
1732,134,57,233472,3021,-0.011023095133714378,109.53369731903076,0.016013566,0.04975636675953865,50.62023162841797,0.933307945728302,0.178662109375,0.2,0.0001,28.471814250946046,1000.0,2092.228515625,,
1739,136,58,237568,3026,-0.011190355068538337,111.62717056274414,0.020305924,0.04975391924381256,51.3721923828125,0.9412764310836792,0.227099609375,0.2,0.0001,28.47100043296814,1000.0,2092.228515625,,
1718,140,59,241664,3031,-0.010494823945919052,87.51473445892334,0.02343794,0.049753427505493164,46.09656524658203,0.9566918611526489,0.225341796875,0.2,0.0001,28.472529315948485,1000.0,2112.255615234375,,
1724,142,60,245760,3036,-0.009891945257550105,96.44886913299561,0.022341399,0.049719490110874176,49.609195709228516,0.9576754570007324,0.271044921875,0.2,0.0001,28.47746076583862,1000.0,2112.255615234375,,
1731,144,61,249856,3041,-0.009485869409400039,95.58845348358155,0.015547644,0.0497114397585392,31.010717391967773,0.9531189203262329,0.210888671875,0.2,0.0001,28.487069845199585,1000.0,2112.255615234375,,
1499,169,62,253952,3046,-0.014233904890716076,45.20456066131592,0.021966653,0.04973769187927246,15.205747604370117,0.977716326713562,0.245703125,0.2,0.0001,28.48361086845398,1000.0,2112.255615234375,2.5963421754454625,250000
1491,173,63,258048,3051,-0.00665497831068933,37.91329522132874,0.020290326,0.049735672771930695,12.640390396118164,0.9847358465194702,0.242529296875,0.2,0.0001,28.476901531219482,1000.0,2069.185302734375,,
1499,174,64,262144,3052,0.011746832236115421,95.77928597586495,0.0143767325,0.049734726548194885,37.83966064453125,0.9599269032478333,0.18415178571428573,0.2,0.0001,28.47876821245466,1000.0,2069.185302734375,,
1507,176,65,266240,3057,-0.010418438620399683,132.4325288772583,0.01704795,0.04972388967871666,50.71305465698242,0.8610498905181885,0.1361328125,0.2,0.0001,28.480660676956177,1000.0,2069.185302734375,,
1515,178,66,270336,3062,-0.01386621551355347,57.85781812667847,0.022906478,0.04972054436802864,22.490694046020508,0.947429895401001,0.2373046875,0.2,0.0001,28.484163331985474,1000.0,2069.185302734375,,
1505,182,67,274432,3067,-0.010377774864900857,54.56961736679077,0.019515734,0.04971686005592346,21.658037185668945,0.95063316822052,0.219970703125,0.2,0.0001,28.48450560569763,1000.0,2026.5469970703125,,
1512,184,68,278528,3072,-0.012057235196698457,109.09557476043702,0.017176688,0.04970058053731918,47.617652893066406,0.9249103665351868,0.2083984375,0.2,0.0001,28.487887048721312,1000.0,2026.5469970703125,,
1518,186,69,282624,3077,-0.011328766867518426,89.24597473144532,0.016414437,0.04967503249645233,34.479217529296875,0.9449061751365662,0.165869140625,0.2,0.0001,28.495313596725463,1000.0,2026.5469970703125,,
1525,187,70,286720,3082,-0.013619057112373411,72.98582239151001,0.01654249,0.04966454207897186,29.603992462158203,0.955043613910675,0.168310546875,0.2,0.0001,28.5032555103302,1000.0,2026.5469970703125,,
1516,191,71,290816,3087,-0.009896937239682302,69.13917999267578,0.01614968,0.049652207642793655,27.861608505249023,0.9563882946968079,0.16826171875,0.2,0.0001,28.506085443496705,1000.0,2076.6845703125,,
1523,193,72,294912,3092,-0.009044636273756623,55.98649473190308,0.01789794,0.049657173454761505,25.567758560180664,0.9662731289863586,0.22998046875,0.2,0.0001,28.50887312889099,1000.0,2076.6845703125,,
1530,195,73,299008,3097,-0.007525377348065377,43.213606643676755,0.013361944,0.04965830594301224,14.839845657348633,0.9803613424301147,0.178564453125,0.2,0.0001,28.505850172042848,1000.0,2076.6845703125,,
1536,197,74,303104,3102,-0.006262256280751899,36.92813835144043,0.018679088,0.049657177180051804,13.750115394592285,0.9838100075721741,0.196435546875,0.2,0.0001,28.507161808013915,1000.0,2076.6845703125,,
1529,200,75,307200,3107,-0.006432929945003707,35.9542601108551,0.02137825,0.049639198929071426,15.480962753295898,0.9827244281768799,0.23388671875,0.2,0.0001,28.508749961853027,1000.0,2055.235107421875,,
1536,202,76,311296,3108,0.012773167982231826,119.64722728729248,0.015225816,0.0496358647942543,53.10858154296875,0.9135819673538208,0.170654296875,0.2,0.0001,28.514204263687134,1000.0,2055.235107421875,,
1543,204,77,315392,3113,-0.01210580678889528,91.00833530426026,0.014813597,0.04963644593954086,36.81983947753906,0.8624944686889648,0.164794921875,0.2,0.0001,28.5150297164917,1000.0,2055.235107421875,,
1546,206,78,319488,3118,-0.009046263448544778,50.15576887130737,0.020391667,0.04961885139346123,19.133604049682617,0.9268139004707336,0.171875,0.2,0.0001,28.516570568084717,1000.0,2055.235107421875,,
1533,211,79,323584,3123,-0.0090910539845936,56.22084455490112,0.017238028,0.049604833126068115,26.39119529724121,0.9260842800140381,0.2177734375,0.2,0.0001,28.523836278915404,1000.0,2100.22998046875,,
1536,213,80,327680,3125,0.004875329809940674,123.48427720503373,0.029859671,0.04960404708981514,54.75811004638672,0.9428474307060242,0.18199573863636365,0.2,0.0001,28.526167782870207,1000.0,2100.22998046875,,
1542,215,81,331776,3130,-0.0120005393284373,98.74985771179199,0.015276582,0.04960532486438751,30.985729217529297,0.9387915134429932,0.112060546875,0.2,0.0001,28.52614231109619,1000.0,2100.22998046875,,
1547,216,82,335872,3135,-0.009272835659794509,96.68906831741333,0.012482109,0.04960174858570099,33.658443450927734,0.9435825943946838,0.116455078125,0.2,0.0001,28.526259088516234,1000.0,2100.22998046875,,
1539,220,83,339968,3140,-0.009733579400926829,76.45785598754883,0.016493332,0.04960451275110245,25.461387634277344,0.9576342701911926,0.13173828125,0.2,0.0001,28.52734532356262,1000.0,2053.753173828125,,
1545,222,84,344064,3145,-0.013920306402724236,120.60687103271485,0.018268056,0.04960532486438751,48.343074798583984,0.9545432925224304,0.17353515625,0.2,0.0001,28.525568628311156,1000.0,2053.753173828125,,
1549,224,85,348160,3150,-0.012732048815814778,132.84535846710205,0.0150926635,0.04961218312382698,52.31675720214844,0.9564892053604126,0.151171875,0.2,0.0001,28.525013637542724,1000.0,2053.753173828125,,
1544,228,86,352256,3155,-0.012178376619704067,102.74145641326905,0.018468723,0.04962722957134247,40.695899963378906,0.9641402959823608,0.18095703125,0.2,0.0001,28.521254348754884,1000.0,2047.2283935546875,,
1548,230,87,356352,3160,-0.007833999785361812,92.71173915863037,0.020266883,0.049655165523290634,36.10340118408203,0.9700506925582886,0.218896484375,0.2,0.0001,28.51359167098999,1000.0,2047.2283935546875,,
1553,231,88,360448,3165,-0.007245898840483278,62.19340705871582,0.01942037,0.049651362001895905,26.366302490234375,0.9622112512588501,0.214697265625,0.2,0.0001,28.50724377632141,1000.0,2047.2283935546875,,
1558,233,89,364544,3170,-0.009917321871034801,35.81601629257202,0.020388525,0.049659837037324905,13.961612701416016,0.9844678640365601,0.224853515625,0.2,0.0001,28.508629274368285,1000.0,2047.2283935546875,,
1544,238,90,368640,3175,-0.005581068526953459,29.73950328826904,0.01821332,0.04966531693935394,12.123373031616211,0.987348735332489,0.24921875,0.2,0.0001,28.504601860046385,1000.0,2101.08642578125,,
1550,240,91,372736,3180,-0.012306170904776082,35.98340811729431,0.021268163,0.04965783655643463,14.690474510192871,0.9825363755226135,0.24423828125,0.2,0.0001,28.504309511184694,1000.0,2101.08642578125,,
1555,242,92,376832,3185,-0.009549459541449323,97.56431770324707,0.016363785,0.04964430630207062,40.17160415649414,0.9435843229293823,0.206787109375,0.2,0.0001,28.509356689453124,1000.0,2101.08642578125,,
1560,244,93,380928,3190,-0.014129544945899398,92.64776077270508,0.021630593,0.04964428022503853,34.57440185546875,0.9415295124053955,0.2044921875,0.2,0.0001,28.511770963668823,1000.0,2101.08642578125,,
1553,247,94,385024,3195,-0.011708472791360692,88.24292297363282,0.020476222,0.04963861033320427,31.43550682067871,0.9396985173225403,0.223486328125,0.2,0.0001,28.512344741821288,1000.0,2083.517333984375,,
1557,249,95,389120,3200,-0.012516855611465871,80.71519956588745,0.01880484,0.04962592571973801,37.747657775878906,0.9566715955734253,0.209130859375,0.2,0.0001,28.515860891342165,1000.0,2083.517333984375,,
1562,251,96,393216,3205,-0.012084486021194607,180.77936019897462,0.014151115,0.04962187260389328,68.43061828613281,0.9334508180618286,0.14140625,0.2,0.0001,28.51914186477661,1000.0,2083.517333984375,,
1567,253,97,397312,3210,-0.010724521242082119,99.65471286773682,0.013969831,0.0496240109205246,35.99298095703125,0.9668296575546265,0.135498046875,0.2,0.0001,28.51936230659485,1000.0,2083.517333984375,,
1557,257,98,401408,3215,-0.012559543398674577,73.53756580352783,0.015105238,0.04961869493126869,24.624351501464844,0.9746528267860413,0.139453125,0.2,0.0001,28.51952495574951,1000.0,2039.291259765625,,
1561,259,99,405504,3220,-0.01151201615575701,65.60260210037231,0.015568173,0.04961481690406799,27.983230590820312,0.9758471846580505,0.17578125,0.2,0.0001,28.521614837646485,1000.0,2039.291259765625,,
1566,261,100,409600,3225,-0.012123011355288326,111.22427234649658,0.014216809,0.04961523786187172,41.719825744628906,0.925058901309967,0.15751953125,0.2,0.0001,28.522567749023438,1000.0,2039.291259765625,,
1571,263,101,413696,3230,-0.009036349324742333,63.390722846984865,0.012773062,0.049621500074863434,26.832754135131836,0.9606285095214844,0.120458984375,0.2,0.0001,28.521056938171387,1000.0,2039.291259765625,,
1565,266,102,417792,3235,-0.012558309000451118,59.36421308517456,0.015781648,0.049614761024713516,20.35468864440918,0.9685678482055664,0.146142578125,0.2,0.0001,28.52059154510498,1000.0,2040.8040771484375,,
1570,268,103,421888,3240,-0.011616712086834013,46.18959665298462,0.018529538,0.049609534442424774,20.718889236450195,0.9685395359992981,0.17470703125,0.2,0.0001,28.52372908592224,1000.0,2040.8040771484375,,
1574,270,104,425984,3245,-0.013321071839891374,91.93777217864991,0.016540082,0.049605824053287506,41.49599838256836,0.91717529296875,0.170751953125,0.2,0.0001,28.525008964538575,1000.0,2040.8040771484375,,
1579,272,105,430080,3250,-0.008674057497410103,64.33931226730347,0.020290513,0.04958609119057655,23.49309730529785,0.9392116665840149,0.20546875,0.2,0.0001,28.528316974639893,1000.0,2040.8040771484375,,
1569,276,106,434176,3255,-0.00922282295068726,30.425518465042114,0.022840025,0.049602434039115906,10.610454559326172,0.9712496995925903,0.271533203125,0.2,0.0001,28.53193759918213,1000.0,2063.24267578125,,
1573,278,107,438272,3260,-0.012607598071917891,47.38469400405884,0.01944338,0.049605000764131546,18.473691940307617,0.9602153301239014,0.245458984375,0.2,0.0001,28.525531387329103,1000.0,2063.24267578125,,
1578,280,108,442368,3265,-0.010496450087521226,126.78658638000488,0.013615226,0.049603238701820374,45.57244110107422,0.8886599540710449,0.154345703125,0.2,0.0001,28.526169204711913,1000.0,2063.24267578125,,
1582,282,109,446464,3270,-0.011210029385983944,90.80310955047608,0.016893227,0.049595002084970474,36.77587890625,0.9253354072570801,0.169482421875,0.2,0.0001,28.52737603187561,1000.0,2063.24267578125,,
1576,285,110,450560,3275,-0.009656207484658808,52.3441575050354,0.018639917,0.04958529770374298,22.525657653808594,0.9607337713241577,0.198046875,0.2,0.0001,28.530859184265136,1000.0,2074.180419921875,,
1581,287,111,454656,3280,-0.010997309128288179,63.16059265136719,0.017450815,0.049575358629226685,30.24916648864746,0.9582252502441406,0.20869140625,0.2,0.0001,28.534110450744627,1000.0,2074.180419921875,,
1585,289,112,458752,3285,-0.0087517841020599,40.969797945022584,0.0178313,0.049568913877010345,16.39449119567871,0.9790836572647095,0.156982421875,0.2,0.0001,28.537787771224977,1000.0,2074.180419921875,,
1589,291,113,462848,3290,-0.007947558799060062,38.85745072364807,0.014728731,0.04956357181072235,13.978076934814453,0.9799955487251282,0.16640625,0.2,0.0001,28.53983383178711,1000.0,2074.180419921875,,
1584,294,114,466944,3295,-0.010223951318766921,33.135380029678345,0.019694671,0.04954969137907028,12.269938468933105,0.9838323593139648,0.20869140625,0.2,0.0001,28.542437934875487,1000.0,2068.176513671875,,
1588,296,115,471040,3300,-0.003240217553684488,46.70302591323853,0.017289352,0.04953108727931976,18.741207122802734,0.967262864112854,0.2193359375,0.2,0.0001,28.548791313171385,1000.0,2068.176513671875,,
1592,298,116,475136,3305,-0.006248878163751215,46.832522010803224,0.01755752,0.04950243979692459,20.975807189941406,0.9663559198379517,0.22021484375,0.2,0.0001,28.556416940689086,1000.0,2068.176513671875,,
1596,300,117,479232,3310,-0.010320856492035091,54.74393100738526,0.021040048,0.0494990348815918,23.071474075317383,0.9692070484161377,0.221240234375,0.2,0.0001,28.565093564987183,1000.0,2068.176513671875,,
1586,304,118,483328,3315,-0.008450370852369816,46.21613416671753,0.023353139,0.04947805032134056,19.80624008178711,0.9765164852142334,0.238623046875,0.2,0.0001,28.566350364685057,1000.0,2067.50439453125,,
1590,306,119,487424,3320,-0.007672769500641152,134.41545639038085,0.01771504,0.04946698620915413,62.63005447387695,0.8790146708488464,0.2232421875,0.2,0.0001,28.574636125564574,1000.0,2067.50439453125,,
1594,308,120,491520,3325,-0.010896431130822748,56.021303462982175,0.0167975,0.049450501799583435,22.610563278198242,0.9287253022193909,0.18603515625,0.2,0.0001,28.579005622863768,1000.0,2067.50439453125,,
1597,310,121,495616,3330,-0.009927229612367227,58.94244327545166,0.015840136,0.04944046586751938,22.82607650756836,0.934693455696106,0.17470703125,0.2,0.0001,28.584141540527344,1000.0,2067.50439453125,,
1588,314,122,499712,3335,-0.00950497222947888,68.69949579238892,0.014779113,0.049423739314079285,27.82767677307129,0.9262294173240662,0.162451171875,0.2,0.0001,28.58875503540039,1000.0,2074.474609375,,
1488,338,123,503808,3340,-0.01243408911395818,90.30773906707763,0.01685189,0.04941403865814209,33.533851623535156,0.9274743795394897,0.165478515625,0.2,0.0001,28.594343852996825,1000.0,2074.474609375,2.754323016735777,500000
1490,340,124,507904,3345,-0.012020895862951875,98.688157081604,0.013879526,0.04940497875213623,31.669265747070312,0.9288666248321533,0.1541015625,0.2,0.0001,28.59708728790283,1000.0,2074.474609375,,
1482,345,125,512000,3350,-0.0138351229717955,66.73669490814208,0.017498039,0.049395207315683365,25.364116668701172,0.9516339898109436,0.1671875,0.2,0.0001,28.600838232040406,1000.0,2036.7578125,,
1484,347,126,516096,3355,-0.011531350796576589,52.69977617263794,0.019874115,0.04940037056803703,19.81058120727539,0.9603262543678284,0.20458984375,0.2,0.0001,28.60189461708069,1000.0,2036.7578125,,
1487,349,127,520192,3360,-0.008200044988188892,84.46117115020752,0.013796197,0.04939613118767738,32.236183166503906,0.9287170171737671,0.16552734375,0.2,0.0001,28.601053857803343,1000.0,2036.7578125,,
1491,351,128,524288,3365,-0.0109158038161695,107.75817852020263,0.013666319,0.0493970587849617,46.312625885009766,0.9417850375175476,0.135986328125,0.2,0.0001,28.60263056755066,1000.0,2036.7578125,,
1482,356,129,528384,3370,-0.01186642936663702,78.26964569091797,0.014129433,0.049411337822675705,32.639625549316406,0.9563596248626709,0.15498046875,0.2,0.0001,28.59997491836548,1000.0,2054.41943359375,,
1486,358,130,532480,3375,-0.014275039412314072,74.67892026901245,0.017798025,0.04941006004810333,34.014774322509766,0.9538534879684448,0.178857421875,0.2,0.0001,28.595960569381713,1000.0,2054.41943359375,,
1490,359,131,536576,3380,-0.010544936859514565,70.87094430923462,0.019411672,0.049408383667469025,38.09941864013672,0.9505919814109802,0.18076171875,0.2,0.0001,28.59733099937439,1000.0,2054.41943359375,,
1493,362,132,540672,3385,-0.008122289879247546,34.32152237892151,0.020573683,0.049400582909584045,11.927483558654785,0.979903519153595,0.197412109375,0.2,0.0001,28.598661184310913,1000.0,2054.41943359375,,
1489,365,133,544768,3386,0.01013164350297302,42.990174293518066,0.015913736,0.04939847066998482,19.760412216186523,0.979615330696106,0.203857421875,0.2,0.0001,28.6009840965271,1000.0,2125.441162109375,,
1493,367,134,548864,3391,-0.012454706343123689,65.03917427062989,0.016938757,0.0494108609855175,26.9975528717041,0.9641739726066589,0.19501953125,0.2,0.0001,28.59978919029236,1000.0,2125.441162109375,,
1497,369,135,552960,3396,-0.005980502243619412,162.9973346710205,0.011864007,0.04941423237323761,56.408573150634766,0.9216088056564331,0.14599609375,0.2,0.0001,28.595499515533447,1000.0,2125.441162109375,,
1500,371,136,557056,3401,-0.012161909334827215,93.36539306640626,0.017608486,0.04941699281334877,44.291603088378906,0.962073564529419,0.173779296875,0.2,0.0001,28.595902013778687,1000.0,2125.441162109375,,
1496,375,137,561152,3406,-0.011346704355673864,51.313068294525145,0.016790036,0.04940696805715561,15.859395027160645,0.979024350643158,0.17802734375,0.2,0.0001,28.595347547531127,1000.0,2069.37158203125,,
1499,376,138,565248,3411,-0.010831446363590657,88.35841064453125,0.015942462,0.04942619055509567,41.215877532958984,0.9613067507743835,0.192529296875,0.2,0.0001,28.59659152030945,1000.0,2069.37158203125,,
1503,378,139,569344,3416,-0.006113910299609416,199.1909034729004,0.008500659,0.04943487420678139,65.8741226196289,0.8875392079353333,0.103173828125,0.2,0.0001,28.58892011642456,1000.0,2069.37158203125,,
1507,380,140,573440,3421,-0.010194721212610603,146.76252059936525,0.009843428,0.04943763092160225,48.36487579345703,0.9045453667640686,0.077978515625,0.2,0.0001,28.58793134689331,1000.0,2069.37158203125,,
1502,384,141,577536,3426,-0.010913496185094119,151.1863260269165,0.011854865,0.04943796247243881,50.135807037353516,0.9061813354492188,0.0865234375,0.2,0.0001,28.587088584899902,1000.0,2023.91552734375,,
1506,386,142,581632,3431,-0.012752192607149482,129.7504455566406,0.014314618,0.049445800483226776,45.725887298583984,0.9263414144515991,0.135498046875,0.2,0.0001,28.586289262771608,1000.0,2023.91552734375,,
1509,387,143,585728,3436,-0.007921298610744998,139.00034675598144,0.011959246,0.04944165423512459,56.20941925048828,0.9031309485435486,0.09111328125,0.2,0.0001,28.584139823913574,1000.0,2023.91552734375,,
1513,389,144,589824,3441,-0.012138140568276867,119.66143779754638,0.0135098845,0.04942988231778145,42.21538543701172,0.9225715398788452,0.11640625,0.2,0.0001,28.588010025024413,1000.0,2023.91552734375,,
1508,393,145,593920,3446,-0.01046501988894306,112.66316032409668,0.013869327,0.04942707717418671,39.358306884765625,0.9234657287597656,0.146337890625,0.2,0.0001,28.591357421875,1000.0,2006.9039306640625,,
1511,395,146,598016,3451,-0.013435269781621174,102.13548145294189,0.017628955,0.049436669796705246,43.69886016845703,0.9519747495651245,0.179736328125,0.2,0.0001,28.58981156349182,1000.0,2006.9039306640625,,
1514,397,147,602112,3456,-0.01150962756946683,91.80307874679565,0.014797256,0.04942232370376587,30.437211990356445,0.9661553502082825,0.152783203125,0.2,0.0001,28.589273595809935,1000.0,2006.9039306640625,,
1518,399,148,606208,3461,-0.009300815692404285,78.32617120742798,0.016360207,0.049406006932258606,29.212894439697266,0.9786427617073059,0.188037109375,0.2,0.0001,28.59594349861145,1000.0,2006.9039306640625,,
1514,403,149,610304,3466,-0.008275391475763172,68.8250994682312,0.015873034,0.04939446225762367,26.324106216430664,0.9806637167930603,0.178564453125,0.2,0.0001,28.601335430145262,1000.0,1996.338623046875,,
1517,404,150,614400,3471,-0.012250914017204195,64.33089323043824,0.017673332,0.04937651753425598,26.573013305664062,0.9769055247306824,0.19111328125,0.2,0.0001,28.605904293060302,1000.0,1996.338623046875,,
1520,406,151,618496,3476,-0.006652462540660054,113.88642139434815,0.011022797,0.04936935007572174,42.50857162475586,0.9539716243743896,0.14951171875,0.2,0.0001,28.61131319999695,1000.0,1996.338623046875,,
1524,408,152,622592,3481,-0.011703958571888506,144.63185081481933,0.01219116,0.049364712089300156,57.16831588745117,0.951378345489502,0.107275390625,0.2,0.0001,28.61298313140869,1000.0,1996.338623046875,,
1521,411,153,626688,3486,-0.014901391667081043,88.41194400787353,0.01823758,0.04935283586382866,36.82403564453125,0.969290554523468,0.172705078125,0.2,0.0001,28.61567974090576,1000.0,1945.998291015625,,
1524,413,154,630784,3491,-0.010033606737852096,137.3754587173462,0.020178828,0.04934747889637947,58.91703414916992,0.9400268793106079,0.20732421875,0.2,0.0001,28.619613456726075,1000.0,1945.998291015625,,
1527,415,155,634880,3496,-0.009974727011285722,179.11852340698243,0.0173586,0.04934963211417198,74.55397033691406,0.8915348649024963,0.214208984375,0.2,0.0001,28.619756269454957,1000.0,1945.998291015625,,
1530,417,156,638976,3501,-0.01180769712664187,94.19661855697632,0.01701011,0.04933061823248863,29.793521881103516,0.9552402496337891,0.175390625,0.2,0.0001,28.621931266784667,1000.0,1945.998291015625,,
1527,420,157,643072,3506,-0.009300097671803087,87.5714563369751,0.01571052,0.04932427033782005,30.3532657623291,0.9575434923171997,0.15556640625,0.2,0.0001,28.629028940200804,1000.0,1928.38671875,,
1530,422,158,647168,3511,-0.01095622283173725,146.1373260498047,0.016101228,0.049322087317705154,59.800048828125,0.916408121585846,0.1892578125,0.2,0.0001,28.62884831428528,1000.0,1928.38671875,,
1533,424,159,651264,3516,-0.013695890514645726,149.33107891082764,0.016184697,0.049334049224853516,53.29684066772461,0.9030572772026062,0.170947265625,0.2,0.0001,28.628198623657227,1000.0,1928.38671875,,
1537,426,160,655360,3521,-0.011872861784650014,106.36218967437745,0.016720561,0.04932781681418419,40.34029006958008,0.9325792193412781,0.154345703125,0.2,0.0001,28.625340366363524,1000.0,1928.38671875,,
1534,429,161,659456,3526,-0.012494298594538123,85.34261054992676,0.01836726,0.04930828511714935,28.522151947021484,0.9522373080253601,0.180224609375,0.2,0.0001,28.630553865432738,1000.0,1964.22265625,,
1537,431,162,663552,3531,-0.011752290109870955,136.67604579925538,0.014177496,0.04930679127573967,52.50193786621094,0.9064088463783264,0.147021484375,0.2,0.0001,28.63547477722168,1000.0,1964.22265625,,
1540,433,163,667648,3536,-0.00965674128383398,82.03024892807007,0.015652668,0.04930480942130089,29.69288444519043,0.9407193064689636,0.174267578125,0.2,0.0001,28.63509359359741,1000.0,1964.22265625,,
1543,435,164,671744,3541,-0.009422687976621092,49.74692387580872,0.020864489,0.04930785670876503,17.121944427490234,0.96551913022995,0.193115234375,0.2,0.0001,28.63620057106018,1000.0,1964.22265625,,
1540,438,165,675840,3546,-0.008673062291927635,50.83128108978271,0.023813572,0.049317315220832825,19.338388442993164,0.9706524014472961,0.266015625,0.2,0.0001,28.633377981185912,1000.0,2014.606689453125,,
1543,440,166,679936,3551,-0.008457538578659296,99.03904705047607,0.01904374,0.049307603389024734,41.849273681640625,0.9341480135917664,0.250439453125,0.2,0.0001,28.631780910491944,1000.0,2014.606689453125,,
1546,442,167,684032,3556,-0.011870863998774439,58.92977600097656,0.022809196,0.04929236322641373,26.881319046020508,0.9630085825920105,0.220263671875,0.2,0.0001,28.637926530838012,1000.0,2014.606689453125,,
1541,446,168,688128,3561,-0.0052761539642233405,28.387321567535402,0.024871046,0.04927001893520355,10.665326118469238,0.9826287627220154,0.235595703125,0.2,0.0001,28.644627571105957,1000.0,2071.871337890625,,
1544,448,169,692224,3566,-0.002696577272015727,25.119743559095596,0.027766123,0.049248725175857544,10.83657455444336,0.9848343133926392,0.2542860243055556,0.2,0.0001,28.652295218573677,1000.0,2071.871337890625,,
1547,449,170,696320,3571,-0.004311662726104259,51.1929853439331,0.018512115,0.049223512411117554,21.751047134399414,0.9515848159790039,0.23740234375,0.2,0.0001,28.66146001815796,1000.0,2071.871337890625,,
1550,451,171,700416,3576,-0.007909893337637187,49.832707214355466,0.016322616,0.04919740557670593,19.397428512573242,0.9552889466285706,0.2009765625,0.2,0.0001,28.670484924316405,1000.0,2071.871337890625,,
1543,456,172,704512,3581,-0.007586840534349904,47.77630701065063,0.018312557,0.04917341098189354,19.780820846557617,0.9643563032150269,0.2248046875,0.2,0.0001,28.68017210960388,1000.0,2081.64599609375,,
1546,458,173,708608,3586,-0.006197632732801139,44.102717304229735,0.01802791,0.049182549118995667,20.386369705200195,0.9686667919158936,0.2513671875,0.2,0.0001,28.68445830345154,1000.0,2081.64599609375,,
1549,459,174,712704,3591,-0.010138433572137728,99.9087070465088,0.01842526,0.04918457195162773,36.24475860595703,0.946046769618988,0.2458984375,0.2,0.0001,28.68059711456299,1000.0,2081.64599609375,,
1551,462,175,716800,3596,-0.008494461167720147,57.39276256561279,0.018548425,0.049202486872673035,24.24091339111328,0.971408486366272,0.1900390625,0.2,0.0001,28.678391313552858,1000.0,2081.64599609375,,
1546,466,176,720896,3601,-0.005672186601441353,47.9994740486145,0.020959755,0.049188923090696335,17.134794235229492,0.9743247032165527,0.2431640625,0.2,0.0001,28.674028396606445,1000.0,2148.6982421875,,
1548,468,177,724992,3606,-0.009849901497364043,52.3110011100769,0.025766598,0.04915699362754822,21.295045852661133,0.9754126667976379,0.278955078125,0.2,0.0001,28.684689044952393,1000.0,2148.6982421875,,
1551,469,178,729088,3611,-0.0033510247711092235,68.52003650665283,0.016565355,0.049158256500959396,27.13637924194336,0.9665438532829285,0.2373046875,0.2,0.0001,28.69125642776489,1000.0,2148.6982421875,,
1554,471,179,733184,3616,-0.009924681863049045,48.390740394592285,0.018508028,0.04913613572716713,18.643651962280273,0.9748169183731079,0.203662109375,0.2,0.0001,28.69337034225464,1000.0,2148.6982421875,,
1550,475,180,737280,3621,-0.0052654188068117945,47.09665288925171,0.01802321,0.04912569373846054,17.3060302734375,0.9752990007400513,0.242236328125,0.2,0.0001,28.701194095611573,1000.0,2189.608642578125,,
1552,477,181,741376,3626,-0.010803780658170581,63.09873914718628,0.019991854,0.04912712052464485,26.315303802490234,0.9691407680511475,0.227978515625,0.2,0.0001,28.70168948173523,1000.0,2189.608642578125,,
1555,479,182,745472,3631,-0.007625993338297121,168.52688159942628,0.012628512,0.04912950098514557,59.047271728515625,0.8904882073402405,0.19033203125,0.2,0.0001,28.70137996673584,1000.0,2189.608642578125,,
1558,481,183,749568,3636,-0.010962799709523097,77.6149450302124,0.014611056,0.04911951720714569,25.38072395324707,0.9576376676559448,0.113134765625,0.2,0.0001,28.70181312561035,1000.0,2189.608642578125,,
1488,506,184,753664,3641,-0.012252941029146314,59.420693969726564,0.017133325,0.04910802096128464,21.183698654174805,0.9691096544265747,0.17431640625,0.2,0.0001,28.706727838516237,1000.0,2135.548095703125,2.7495254785109133,500000
1491,508,185,757760,3646,-0.011551993864122779,84.57690906524658,0.021427896,0.04910051450133324,37.40179443359375,0.9554049968719482,0.219970703125,0.2,0.0001,28.709969663619994,1000.0,2135.548095703125,,
1493,509,186,761856,3651,-0.013325694552622735,112.98880271911621,0.01866471,0.049093350768089294,43.10755920410156,0.9412760138511658,0.226220703125,0.2,0.0001,28.713019132614136,1000.0,2135.548095703125,,
1496,511,187,765952,3656,-0.01322552126366645,62.30422716140747,0.018966459,0.04907804727554321,20.496601104736328,0.9669016003608704,0.205615234375,0.2,0.0001,28.71612696647644,1000.0,2135.548095703125,,
1493,515,188,770048,3661,-0.007861076586414129,42.54228372573853,0.018720675,0.04906288534402847,15.007655143737793,0.9766747951507568,0.208544921875,0.2,0.0001,28.722209215164185,1000.0,2170.686767578125,,
1496,517,189,774144,3666,-0.010827090044040233,68.35930137634277,0.01953431,0.04905277118086815,32.66569900512695,0.95881187915802,0.230712890625,0.2,0.0001,28.72731695175171,1000.0,2170.686767578125,,
1498,519,190,778240,3671,-0.013889468915294856,144.8816204071045,0.014475822,0.04904201626777649,63.53213119506836,0.9019248485565186,0.184326171875,0.2,0.0001,28.730560493469238,1000.0,2170.686767578125,,
1501,521,191,782336,3676,-0.014266367093659938,100.07009849548339,0.01561847,0.04904019460082054,44.81509780883789,0.9330209493637085,0.175146484375,0.2,0.0001,28.733355855941774,1000.0,2170.686767578125,,
1498,524,192,786432,3681,-0.011682674632174895,62.45168209075928,0.018113976,0.04904712364077568,22.026662826538086,0.9600105881690979,0.1828125,0.2,0.0001,28.73196768760681,1000.0,2168.204345703125,,
1501,526,193,790528,3686,-0.010511217213934287,51.87491140365601,0.016571783,0.04903446510434151,24.118322372436523,0.9740604758262634,0.19296875,0.2,0.0001,28.732182121276857,1000.0,2168.204345703125,,
1503,528,194,794624,3691,-0.008789804216939956,50.430860328674314,0.015322938,0.04902585968375206,19.11167335510254,0.9755468368530273,0.168798828125,0.2,0.0001,28.737460613250732,1000.0,2168.204345703125,,
1506,530,195,798720,3696,-0.010414561408106237,45.58245096206665,0.019606516,0.04900995269417763,19.780105590820312,0.9784621596336365,0.194580078125,0.2,0.0001,28.74098596572876,1000.0,2168.204345703125,,
1503,533,196,802816,3701,-0.007705763273406774,36.40335698127747,0.018492427,0.04900587722659111,15.482337951660156,0.982157289981842,0.250732421875,0.2,0.0001,28.746645307540895,1000.0,2130.483154296875,,
1505,535,197,806912,3706,-0.004379005648661405,104.71022243499756,0.013337566,0.04900079220533371,39.8974494934082,0.9544366598129272,0.162158203125,0.2,0.0001,28.74646348953247,1000.0,2130.483154296875,,
1508,537,198,811008,3711,-0.009869743476156146,143.51689052581787,0.012842895,0.04900713264942169,47.36955261230469,0.9442204236984253,0.109228515625,0.2,0.0001,28.747382974624635,1000.0,2130.483154296875,,
1510,539,199,815104,3716,-0.012298880377784371,127.12121887207032,0.011958424,0.04900820925831795,41.46150207519531,0.9530951976776123,0.110546875,0.2,0.0001,28.74499659538269,1000.0,2130.483154296875,,
1505,544,200,819200,3721,-0.012619857653044164,117.77827873229981,0.016097844,0.04900975525379181,32.383121490478516,0.9579055309295654,0.159765625,0.2,0.0001,28.745327520370484,1000.0,2070.86083984375,,
1508,545,201,823296,3726,-0.013978393899742514,151.1703643798828,0.015527599,0.04901339113712311,71.33917999267578,0.939180314540863,0.17275390625,0.2,0.0001,28.744149494171143,1000.0,2070.86083984375,,
1510,547,202,827392,3731,-0.012002050690352917,199.55400848388672,0.014229679,0.049004603177309036,88.86476135253906,0.9141481518745422,0.14599609375,0.2,0.0001,28.74437141418457,1000.0,2070.86083984375,,
1513,549,203,831488,3736,-0.01334960266831331,89.48218593597412,0.015788857,0.049002185463905334,34.3868522644043,0.9625582695007324,0.1599609375,0.2,0.0001,28.74717574119568,1000.0,2070.86083984375,,
1508,554,204,835584,3741,-0.012850408244412392,67.18847408294678,0.016202211,0.04899650067090988,23.714075088500977,0.97579026222229,0.156201171875,0.2,0.0001,28.748123455047608,1000.0,2079.033203125,,
1510,555,205,839680,3746,-0.010134598019067197,66.80316457748413,0.015095303,0.04898661747574806,28.95503044128418,0.9733662605285645,0.17314453125,0.2,0.0001,28.750959157943726,1000.0,2079.033203125,,
1512,557,206,843776,3751,-0.013419383647851646,69.06206493377685,0.016995713,0.04899552837014198,27.34497833251953,0.9782411456108093,0.187109375,0.2,0.0001,28.752667760849,1000.0,2079.033203125,,
1515,559,207,847872,3756,-0.010659001581370831,50.0876877784729,0.01781591,0.04898952692747116,18.9866886138916,0.9826577305793762,0.189453125,0.2,0.0001,28.75006046295166,1000.0,2079.033203125,,
1513,563,208,851968,3761,-0.011710909067187459,45.01196660995483,0.01964568,0.048969101160764694,20.020395278930664,0.9839577674865723,0.217431640625,0.2,0.0001,28.754952430725098,1000.0,2102.28271484375,,
1515,564,209,856064,3766,-0.01065940956468694,67.02333431243896,0.01597298,0.04895772039890289,24.980430603027344,0.9687313437461853,0.1751953125,0.2,0.0001,28.761967658996582,1000.0,2102.28271484375,,
1518,566,210,860160,3771,-0.011968015762977301,65.1526304244995,0.018495858,0.04896298423409462,24.170595169067383,0.9756766557693481,0.178955078125,0.2,0.0001,28.763792324066163,1000.0,2102.28271484375,,
1515,570,211,864256,3776,-0.010421814952860587,37.99177675247192,0.018679429,0.048984602093696594,14.04458999633789,0.988727331161499,0.176220703125,0.2,0.0001,28.75888352394104,1000.0,2085.484375,,
1518,571,212,868352,3781,-0.008578363247215748,36.71154007911682,0.019069811,0.04897625744342804,14.082101821899414,0.9850054383277893,0.2013671875,0.2,0.0001,28.754115343093872,1000.0,2085.484375,,
1520,573,213,872448,3786,-0.011241993331350387,118.03319873809815,0.0149733815,0.04898114129900932,37.98002243041992,0.863782525062561,0.19619140625,0.2,0.0001,28.757155990600587,1000.0,2085.484375,,
1522,575,214,876544,3791,-0.012789253244409337,90.40913181304931,0.015474811,0.04899807274341583,31.1329288482666,0.8806829452514648,0.155615234375,0.2,0.0001,28.7525475025177,1000.0,2085.484375,,
1520,579,215,880640,3796,-0.011660295317415147,78.52941341400147,0.017468773,0.04900219291448593,21.096084594726562,0.9079588055610657,0.16533203125,0.2,0.0001,28.747956037521362,1000.0,2090.910888671875,,
1522,581,216,884736,3801,-0.01433646585792303,64.56519775390625,0.020302458,0.048997100442647934,27.090744018554688,0.93796706199646,0.21494140625,0.2,0.0001,28.748510360717773,1000.0,2090.910888671875,,
1524,582,217,888832,3806,-0.009028441668488086,110.11599349975586,0.01361747,0.04899413138628006,45.765132904052734,0.9336538314819336,0.130615234375,0.2,0.0001,28.75027914047241,1000.0,2090.910888671875,,
1527,584,218,892928,3811,-0.012971755024045706,96.57316303253174,0.014554242,0.04899877682328224,33.519657135009766,0.9364334344863892,0.153076171875,0.2,0.0001,28.750311660766602,1000.0,2090.910888671875,,
1524,588,219,897024,3816,-0.012625200912589207,80.73085098266601,0.015847102,0.048994388431310654,29.050304412841797,0.9565524458885193,0.153173828125,0.2,0.0001,28.7491117477417,1000.0,2092.43115234375,,
1526,590,220,901120,3821,-0.013882679014932365,74.00866413116455,0.017718151,0.0489719957113266,33.49443817138672,0.9656087160110474,0.189306640625,0.2,0.0001,28.754344081878664,1000.0,2092.43115234375,,
1527,592,221,905216,3826,-0.009043252165429293,171.14005088806152,0.0132151935,0.048965610563755035,62.43766403198242,0.9005829095840454,0.151416015625,0.2,0.0001,28.760999345779418,1000.0,2092.43115234375,,
1528,594,222,909312,3831,-0.012573816522490233,123.16211109161377,0.014056873,0.048959892243146896,50.0884895324707,0.9359502792358398,0.155224609375,0.2,0.0001,28.762002754211426,1000.0,2092.43115234375,,
1526,598,223,913408,3836,-0.011905624112114311,66.67802925109864,0.01808254,0.04895557463169098,23.760671615600586,0.9700986742973328,0.16396484375,0.2,0.0001,28.7644100189209,1000.0,2097.755615234375,,
1528,600,224,917504,3841,-0.009163003508001566,57.36582164764404,0.02143684,0.048938408493995667,23.529348373413086,0.9741723537445068,0.22509765625,0.2,0.0001,28.767174911499023,1000.0,2097.755615234375,,
1530,602,225,921600,3846,-0.010543130076257512,93.48579807281494,0.016939573,0.048934951424598694,32.09395980834961,0.9581750631332397,0.196337890625,0.2,0.0001,28.77220458984375,1000.0,2097.755615234375,,
1532,604,226,925696,3851,-0.01353310765698552,64.32087640762329,0.019440968,0.04890242591500282,22.09315299987793,0.9720040559768677,0.196484375,0.2,0.0001,28.77705283164978,1000.0,2097.755615234375,,
1531,607,227,929792,3856,-0.01505491768475622,56.609256744384766,0.021702394,0.048913680016994476,24.387500762939453,0.9750904440879822,0.2412109375,0.2,0.0001,28.78422613143921,1000.0,2121.5009765625,,
1533,608,228,933888,3861,-0.011883470125030726,61.393050861358645,0.021837998,0.04891657829284668,21.9093074798584,0.9713156819343567,0.24619140625,0.2,0.0001,28.77952642440796,1000.0,2121.5009765625,,
1535,610,229,937984,3866,-0.008943657216150314,84.84997596740723,0.015906729,0.048899728804826736,27.58513069152832,0.944720447063446,0.1830078125,0.2,0.0001,28.781539297103883,1000.0,2121.5009765625,,
1537,612,230,942080,3871,-0.011767787754070013,57.14680442810059,0.02299557,0.04887145385146141,21.602964401245117,0.9652759432792664,0.233349609375,0.2,0.0001,28.79081039428711,1000.0,2121.5009765625,,
1533,617,231,946176,3876,-0.004717185499612242,31.695725774765016,0.025889765,0.04885963350534439,11.089266777038574,0.9785072207450867,0.262548828125,0.2,0.0001,28.79947714805603,1000.0,2145.07470703125,,
1535,618,232,950272,3881,-0.005448502080980688,46.65944681167603,0.023373514,0.048843350261449814,18.561410903930664,0.978143036365509,0.276171875,0.2,0.0001,28.803140020370485,1000.0,2145.07470703125,,
1537,620,233,954368,3886,-0.008418001607060433,60.376208782196045,0.016852437,0.04883761703968048,16.150911331176758,0.9700555205345154,0.206591796875,0.2,0.0001,28.808922243118285,1000.0,2145.07470703125,,
1539,622,234,958464,3891,-0.00941447396762669,43.827509784698485,0.017519252,0.048847440630197525,13.961344718933105,0.9836638569831848,0.190771484375,0.2,0.0001,28.807376050949095,1000.0,2145.07470703125,,
1537,626,235,962560,3896,-0.010262885299744085,30.654168796539306,0.023562115,0.048843398690223694,8.936874389648438,0.9890924692153931,0.226318359375,0.2,0.0001,28.80575499534607,1000.0,2121.41455078125,,
1539,628,236,966656,3901,-0.010428433830384165,50.452327251434326,0.020198325,0.04886166378855705,19.098596572875977,0.9781062602996826,0.2693359375,0.2,0.0001,28.803768253326417,1000.0,2121.41455078125,,
1541,629,237,970752,3906,-0.005820170871447772,85.3251178741455,0.013803646,0.0488630086183548,36.82461929321289,0.9595881104469299,0.199853515625,0.2,0.0001,28.799634742736817,1000.0,2121.41455078125,,
1543,631,238,974848,3911,-0.01064583367551677,70.19054412841797,0.019547608,0.04884841665625572,28.492773056030273,0.9714085459709167,0.198193359375,0.2,0.0001,28.801577663421632,1000.0,2121.41455078125,,
1538,636,239,978944,3916,-0.011009398207534105,78.52782154083252,0.019850183,0.04885191097855568,33.603004455566406,0.9691651463508606,0.216796875,0.2,0.0001,28.80521864891052,1000.0,2110.472412109375,,
1540,638,240,983040,3921,-0.012775122444145382,65.5155746459961,0.018690158,0.04885058104991913,26.107906341552734,0.9651512503623962,0.226416015625,0.2,0.0001,28.804440021514893,1000.0,2110.472412109375,,
1542,639,241,987136,3926,-0.008965565037215129,66.41106100082398,0.016016502,0.04885508120059967,22.9600887298584,0.9593827724456787,0.189306640625,0.2,0.0001,28.80380811691284,1000.0,2110.472412109375,,
1544,641,242,991232,3931,-0.012298850790830328,48.00354719161987,0.016625721,0.04883952811360359,18.917646408081055,0.9780213832855225,0.171728515625,0.2,0.0001,28.80471863746643,1000.0,2110.472412109375,,
1543,645,243,995328,3936,-0.00889582020463422,40.95453581809998,0.018449493,0.04880867525935173,16.02808952331543,0.9799692034721375,0.189501953125,0.2,0.0001,28.813646411895753,1000.0,2108.9169921875,,
1545,646,244,999424,3941,-0.012714659323683009,152.62577056884766,0.018232398,0.04879871383309364,61.87693405151367,0.9196621179580688,0.209326171875,0.2,0.0001,28.82330193519592,1000.0,2108.9169921875,,
1498,669,245,1003520,3946,-0.012509936586138793,167.73290328979493,0.013874673,0.04880048334598541,71.30416107177734,0.9123464822769165,0.1421875,0.2,0.0001,28.82328333854675,1000.0,2108.9169921875,2.7181668387982456,500000
1500,671,246,1007616,3951,-0.011651364836143329,149.4922245025635,0.014960634,0.048782870173454285,61.9419059753418,0.9199227690696716,0.162841796875,0.2,0.0001,28.825591611862183,1000.0,2108.9169921875,,
1497,675,247,1011712,3956,-0.012992059078533203,70.4235125541687,0.019062366,0.04877157881855965,24.681379318237305,0.9620570540428162,0.195361328125,0.2,0.0001,28.83189215660095,1000.0,2141.241943359375,,
1500,677,248,1015808,3961,-0.006208054948365316,144.5550355911255,0.012238635,0.04876509681344032,51.88521194458008,0.9184431433677673,0.164599609375,0.2,0.0001,28.834611034393312,1000.0,2141.241943359375,,
1502,678,249,1019904,3966,-0.014523396641016007,130.25774803161622,0.014259671,0.048774924129247665,43.73829650878906,0.934220016002655,0.129931640625,0.2,0.0001,28.83555111885071,1000.0,2141.241943359375,,
1499,682,250,1024000,3971,-0.01593071533134207,98.64760799407959,0.017113201,0.048773232847452164,36.81324768066406,0.9489313960075378,0.173876953125,0.2,0.0001,28.831836891174316,1000.0,2088.53515625,,
1500,684,251,1028096,3976,-0.013978430838324129,106.70827541351318,0.0148417065,0.04876645654439926,37.09648513793945,0.942521333694458,0.15810546875,0.2,0.0001,28.834680461883544,1000.0,2088.53515625,,
1503,686,252,1032192,3981,-0.011468386196065694,96.85930004119874,0.014797453,0.048750415444374084,38.75520324707031,0.9016780853271484,0.15791015625,0.2,0.0001,28.838157224655152,1000.0,2088.53515625,,
1505,688,253,1036288,3986,-0.008457020728383214,52.45575714111328,0.019994795,0.048751454800367355,19.820960998535156,0.9672210812568665,0.166650390625,0.2,0.0001,28.84235167503357,1000.0,2088.53515625,,
1502,692,254,1040384,3991,-0.008459801087155938,36.50283336639404,0.02084592,0.048745788633823395,13.102438926696777,0.9742222428321838,0.21171875,0.2,0.0001,28.841197109222414,1000.0,2117.986083984375,,
1504,694,255,1044480,3996,-0.007494597497861832,46.13597974777222,0.020257909,0.04875269532203674,22.72288703918457,0.9651117920875549,0.23779296875,0.2,0.0001,28.843676233291625,1000.0,2117.986083984375,,
1506,696,256,1048576,4001,-0.011002857104176655,98.42983360290528,0.0144912,0.04875798150897026,38.244667053222656,0.9611177444458008,0.181787109375,0.2,0.0001,28.838555526733398,1000.0,2117.986083984375,,
1508,697,257,1052672,4006,-0.00929787646746263,72.19018583297729,0.018999726,0.048760101199150085,26.53644371032715,0.9713734984397888,0.19423828125,0.2,0.0001,28.838637113571167,1000.0,2117.986083984375,,
1506,701,258,1056768,4011,-0.010580121446400881,71.4068660736084,0.017841391,0.04875336214900017,28.237409591674805,0.9723379015922546,0.209765625,0.2,0.0001,28.83898572921753,1000.0,2061.531494140625,,
1508,703,259,1060864,4016,-0.007950262643862515,53.43745307922363,0.018682126,0.04874946177005768,19.8922176361084,0.973998486995697,0.232861328125,0.2,0.0001,28.84139461517334,1000.0,2061.531494140625,,
1510,705,260,1064960,4021,-0.003365280176512897,56.07455844879151,0.017921194,0.04873814061284065,19.03300666809082,0.9690659046173096,0.226171875,0.2,0.0001,28.844104290008545,1000.0,2061.531494140625,,
1511,707,261,1069056,4026,-0.01050920209963806,46.520831441879274,0.019141693,0.04872789606451988,15.613014221191406,0.9741153120994568,0.155517578125,0.2,0.0001,28.847662496566773,1000.0,2061.531494140625,,
1509,710,262,1073152,4031,-0.007831302366685122,39.29115266799927,0.016754992,0.04872797429561615,13.622001647949219,0.9775596261024475,0.1548828125,0.2,0.0001,28.850283336639404,1000.0,2121.4775390625,,
1511,712,263,1077248,4036,-0.00820300744380802,44.980091619491574,0.0209331,0.04871656745672226,19.40935707092285,0.9722970128059387,0.23955078125,0.2,0.0001,28.850987195968628,1000.0,2121.4775390625,,
1513,714,264,1081344,4041,-0.007612509455066174,103.17737121582032,0.015662838,0.04869528114795685,42.689971923828125,0.9379436373710632,0.23544921875,0.2,0.0001,28.857180023193358,1000.0,2121.4775390625,,
1514,716,265,1085440,4046,-0.01129908750881441,42.93107295036316,0.022561258,0.04867151007056236,15.551236152648926,0.975685715675354,0.224609375,0.2,0.0001,28.865991258621214,1000.0,2121.4775390625,,
1511,720,266,1089536,4051,-0.007886157423490659,38.80504751205444,0.022580009,0.0486973375082016,13.115998268127441,0.9793351292610168,0.265234375,0.2,0.0001,28.867848777770995,1000.0,2141.1103515625,,
1512,722,267,1093632,4056,-0.008433376246830448,56.18039054870606,0.018583875,0.04868459329009056,23.88489532470703,0.9721750020980835,0.236767578125,0.2,0.0001,28.862147712707518,1000.0,2141.1103515625,,
1514,724,268,1097728,4061,-0.009948540915502235,83.10794115066528,0.015477493,0.04867978021502495,33.920127868652344,0.9554144740104675,0.16982421875,0.2,0.0001,28.867803478240965,1000.0,2141.1103515625,,
1516,726,269,1101824,4066,-0.012349146488122641,61.247144889831546,0.019804023,0.048679169267416,25.786441802978516,0.967190682888031,0.19052734375,0.2,0.0001,28.8683828830719,1000.0,2141.1103515625,,
1513,730,270,1105920,4071,-0.008974075241712853,42.83755502700806,0.021454807,0.04867548495531082,14.577564239501953,0.9803301095962524,0.22509765625,0.2,0.0001,28.868248224258423,1000.0,2139.750244140625,,
1515,732,271,1110016,4076,-0.01103416682453826,53.29325895309448,0.023724047,0.04868903383612633,24.3706111907959,0.9742205142974854,0.252099609375,0.2,0.0001,28.86779417991638,1000.0,2139.750244140625,,
1517,734,272,1114112,4081,-0.01162791227689013,95.37078895568848,0.023231447,0.048683684319257736,47.192039489746094,0.9318395256996155,0.287255859375,0.2,0.0001,28.86461820602417,1000.0,2139.750244140625,,
1519,736,273,1118208,4086,-0.010940270067658275,43.307517290115356,0.018678479,0.0486721508204937,13.452275276184082,0.9655478000640869,0.201806640625,0.2,0.0001,28.868612432479857,1000.0,2139.750244140625,,
1514,740,274,1122304,4091,-0.009706686332356185,33.77363348007202,0.019572908,0.04868018254637718,10.245772361755371,0.9747301340103149,0.241748046875,0.2,0.0001,28.869826984405517,1000.0,2199.023681640625,,
1516,742,275,1126400,4096,-0.009551764198113233,52.18930912017822,0.021339135,0.04867200180888176,23.63466453552246,0.9739605188369751,0.27021484375,0.2,0.0001,28.868924617767334,1000.0,2199.023681640625,,
1518,744,276,1130496,4098,0.0019784835684630605,128.95855712890625,0.030337555,0.04866969212889671,58.531028747558594,0.9533566832542419,0.16124131944444445,0.2,0.0001,28.8711363474528,1000.0,2199.023681640625,,
1520,746,277,1134592,4103,-0.012306459370302036,52.37734527587891,0.020468459,0.048680052161216736,22.847612380981445,0.9768404960632324,0.18779296875,0.2,0.0001,28.870820617675783,1000.0,2199.023681640625,,
1517,750,278,1138688,4108,-0.012584998121019453,29.591525077819824,0.019409738,0.0486975833773613,7.578148365020752,0.9860357046127319,0.23671875,0.2,0.0001,28.864850425720213,1000.0,2186.922607421875,,
1519,752,279,1142784,4113,-0.009898285375675187,59.260521221160886,0.024223616,0.04869083687663078,25.514978408813477,0.9765311479568481,0.2677734375,0.2,0.0001,28.86158881187439,1000.0,2186.922607421875,,
1521,753,280,1146880,4118,-0.008324348693713545,32.792721319198606,0.023538962,0.048673082143068314,11.91643238067627,0.9837646484375,0.229296875,0.2,0.0001,28.866682386398317,1000.0,2186.922607421875,,
1523,755,281,1150976,4123,-0.005116599390748888,21.80228772163391,0.021382838,0.048682279884815216,8.14071273803711,0.9913670420646667,0.224169921875,0.2,0.0001,28.869727849960327,1000.0,2186.922607421875,,
1521,759,282,1155072,4128,-0.006544702441897243,23.193889570236205,0.024567181,0.04865216836333275,8.328356742858887,0.9905019998550415,0.273974609375,0.2,0.0001,28.868893098831176,1000.0,2213.000732421875,,
1523,760,283,1159168,4129,0.007841813247068785,128.65809059143066,0.015555159,0.04864232987165451,64.93218994140625,0.9500489234924316,0.198974609375,0.2,0.0001,28.87937879562378,1000.0,2213.000732421875,,
1525,762,284,1163264,4134,-0.0090883236262016,79.87717409133911,0.011807427,0.048622652888298035,27.027286529541016,0.9541335105895996,0.13134765625,0.2,0.0001,28.88506951332092,1000.0,2213.000732421875,,
1527,764,285,1167360,4139,-0.013010819139890373,79.16866865158082,0.013653345,0.048605188727378845,18.150043487548828,0.9552727937698364,0.1267578125,0.2,0.0001,28.891235876083375,1000.0,2213.000732421875,,
1524,768,286,1171456,4144,-0.01155475244158879,60.10002508163452,0.012939457,0.048609811812639236,16.90485191345215,0.967661440372467,0.11767578125,0.2,0.0001,28.894776344299316,1000.0,2142.5537109375,,
1526,769,287,1175552,4149,-0.011160602900781668,110.7513858795166,0.01683581,0.04860297217965126,57.4442024230957,0.9569952487945557,0.156103515625,0.2,0.0001,28.89307050704956,1000.0,2142.5537109375,,
1528,771,288,1179648,4154,-0.009837049047928304,91.21935405731202,0.014287147,0.04858995974063873,38.63652038574219,0.9637400507926941,0.144482421875,0.2,0.0001,28.897911310195923,1000.0,2142.5537109375,,
1530,773,289,1183744,4159,-0.008850868482841178,58.50136299133301,0.01774281,0.04856562614440918,26.10177993774414,0.9738724231719971,0.2005859375,0.2,0.0001,28.904080295562743,1000.0,2142.5537109375,,
1528,777,290,1187840,4164,-0.007249387772753834,75.02794103622436,0.019530732,0.048570506274700165,32.423892974853516,0.9694762229919434,0.2423828125,0.2,0.0001,28.910259771347047,1000.0,2125.97119140625,,
1530,778,291,1191936,4169,-0.0013055746792815625,281.0402122497559,0.008985335,0.04857076704502106,98.69114685058594,0.7964468598365784,0.178125,0.2,0.0001,28.907096719741823,1000.0,2125.97119140625,,
1532,780,292,1196032,4174,-0.011149234627373517,213.67974014282225,0.011110813,0.048571906983852386,89.44901275634766,0.8273471593856812,0.07236328125,0.2,0.0001,28.90751533508301,1000.0,2125.97119140625,,
1530,783,293,1200128,4179,-0.012749137450009584,152.42818183898925,0.013833025,0.04857291653752327,61.123409271240234,0.8692991137504578,0.107275390625,0.2,0.0001,28.906763792037964,1000.0,2069.651123046875,,
1531,786,294,1204224,4184,-0.012571188114816324,131.48273220062256,0.012567958,0.048571065068244934,49.199119567871094,0.8954713344573975,0.10888671875,0.2,0.0001,28.90703887939453,1000.0,2069.651123046875,,
1533,788,295,1208320,4189,-0.01166662375908345,94.98481044769287,0.014919246,0.04857304319739342,30.538768768310547,0.9218717217445374,0.119775390625,0.2,0.0001,28.907345247268676,1000.0,2069.651123046875,,
1535,789,296,1212416,4194,-0.011950073548359797,75.19842939376831,0.015913773,0.04858136922121048,26.456518173217773,0.9450052976608276,0.13935546875,0.2,0.0001,28.90554757118225,1000.0,2069.651123046875,,
1533,793,297,1216512,4199,-0.012062989291734993,59.09811983108521,0.016067097,0.04857177287340164,25.703393936157227,0.9672413468360901,0.155859375,0.2,0.0001,28.904701900482177,1000.0,2082.181640625,,
1534,795,298,1220608,4204,-0.009818333067232742,46.70408787727356,0.018153619,0.0485624223947525,18.037599563598633,0.9771242141723633,0.15478515625,0.2,0.0001,28.90905628204346,1000.0,2082.181640625,,
1536,797,299,1224704,4209,-0.010888605931540951,183.2496536254883,0.013708788,0.04856120049953461,74.44615936279297,0.9293893575668335,0.15888671875,0.2,0.0001,28.911330795288087,1000.0,2082.181640625,,
1537,798,300,1228800,4214,-0.013110538868932053,212.43282623291014,0.015298268,0.048553694039583206,92.8399887084961,0.9278120398521423,0.13876953125,0.2,0.0001,28.9122784614563,1000.0,2082.181640625,,
1536,802,301,1232896,4219,-0.011231000802945345,181.54435768127442,0.016002782,0.04855493828654289,71.93694305419922,0.943086564540863,0.169384765625,0.2,0.0001,28.914373779296874,1000.0,1981.6365966796875,,
1537,804,302,1236992,4224,-0.013290878571569919,116.80830097198486,0.017978653,0.04856165498495102,42.629146575927734,0.96222323179245,0.190673828125,0.2,0.0001,28.912607526779176,1000.0,1981.6365966796875,,
1539,806,303,1241088,4229,-0.011288671975489706,117.27939147949219,0.015241944,0.04854699969291687,39.9670524597168,0.9447877407073975,0.17548828125,0.2,0.0001,28.913210439682008,1000.0,1981.6365966796875,,
1540,808,304,1245184,4234,-0.012085607752669602,73.49742069244385,0.0154066775,0.0485263466835022,24.046222686767578,0.9711849093437195,0.166796875,0.2,0.0001,28.920588636398314,1000.0,1981.6365966796875,,
1538,811,305,1249280,4239,-0.011839599115774035,74.15917482376099,0.019615576,0.04851425439119339,27.277019500732422,0.9702675938606262,0.177001953125,0.2,0.0001,28.92682876586914,1000.0,1975.3848876953125,,
1500,835,306,1253376,4244,-0.01261370345018804,80.4833251953125,0.019649642,0.048518672585487366,30.370298385620117,0.9671348929405212,0.198974609375,0.2,0.0001,28.928868198394774,1000.0,1975.3848876953125,2.6730755305710403,500000
1502,836,307,1257472,4249,-0.014322519063716755,136.256258392334,0.018448897,0.048511967062950134,53.74425506591797,0.9342795014381409,0.201513671875,0.2,0.0001,28.927591037750243,1000.0,1975.3848876953125,,
1503,838,308,1261568,4254,-0.011440683528780938,50.46262617111206,0.018598914,0.048514045774936676,19.11316680908203,0.9794354438781738,0.195849609375,0.2,0.0001,28.92982687950134,1000.0,1975.3848876953125,,
1502,842,309,1265664,4259,-0.009509953265660443,38.93380513191223,0.024571577,0.04852350801229477,14.767335891723633,0.9833923578262329,0.26318359375,0.2,0.0001,28.928218507766722,1000.0,1973.3421630859375,,
1502,844,310,1269760,4264,-0.011948639806360007,83.90217933654785,0.021364307,0.048526935279369354,35.22128677368164,0.9683477878570557,0.259375,0.2,0.0001,28.92501482963562,1000.0,1973.3421630859375,,
1503,847,311,1273856,4269,-0.009748476458480582,138.07623748779298,0.0168718,0.048519134521484375,53.20649337768555,0.9419170022010803,0.20205078125,0.2,0.0001,28.925570678710937,1000.0,1973.3421630859375,,
1504,849,312,1277952,4274,-0.010004379888414405,67.58210277557373,0.015178203,0.04851625859737396,24.349525451660156,0.9682773351669312,0.144921875,0.2,0.0001,28.928251361846925,1000.0,1973.3421630859375,,
1502,853,313,1282048,4279,-0.010806981957284734,61.99167194366455,0.017076867,0.048502955585718155,25.861970901489258,0.9721973538398743,0.167724609375,0.2,0.0001,28.93049912452698,999.67,1942.0648193359375,,
1504,854,314,1286144,4284,-0.012142262957058846,153.08173789978028,0.01397136,0.04849572852253914,78.48342895507812,0.9259990453720093,0.1640625,0.2,0.0001,28.93512358665466,999.67,1942.0648193359375,,
1505,856,315,1290240,4289,-0.011145724647212774,128.0175931930542,0.013550168,0.04848948493599892,49.73030471801758,0.9259377121925354,0.1294921875,0.2,0.0001,28.937118673324584,999.67,1942.0648193359375,,
1507,858,316,1294336,4294,-0.013732972665457055,86.74497699737549,0.017495658,0.04848988726735115,36.533721923828125,0.9450404047966003,0.170947265625,0.2,0.0001,28.93913617134094,999.67,1942.0648193359375,,
1504,862,317,1298432,4299,-0.007430640119127929,51.66784496307373,0.015091881,0.048482708632946014,15.622235298156738,0.9677713513374329,0.16220703125,0.2,0.0001,28.93910746574402,999.67,1968.0628662109375,,
1506,864,318,1302528,4304,-0.011652314563980326,93.07820129394531,0.017633557,0.04846129193902016,42.524654388427734,0.9531787037849426,0.224072265625,0.2,0.0001,28.945024061203004,999.67,1968.0628662109375,,
1507,866,319,1306624,4309,-0.011850713071180508,110.28513221740722,0.0152179105,0.04845850542187691,43.18229293823242,0.9487623572349548,0.159814453125,0.2,0.0001,28.949844980239867,999.67,1968.0628662109375,,
1509,868,320,1310720,4314,-0.008811848005279899,77.11858558654785,0.014222154,0.04845020920038223,34.25358581542969,0.9712702035903931,0.13173828125,0.2,0.0001,28.951121044158935,999.67,1968.0628662109375,,
1507,872,321,1314816,4319,-0.006802927260287106,66.9165636062622,0.015388051,0.048458799719810486,27.969337463378906,0.9738389253616333,0.18857421875,0.2,0.0001,28.952964496612548,999.67,1928.2294921875,,
1509,873,322,1318912,4324,-0.011353432934265583,78.26825475692749,0.017432429,0.04846964776515961,36.72789764404297,0.9694528579711914,0.225439453125,0.2,0.0001,28.94787654876709,999.67,1928.2294921875,,
1510,875,323,1323008,4329,-0.011860188946593552,132.4251823425293,0.014308203,0.048461418598890305,45.441593170166016,0.9523387551307678,0.154833984375,0.2,0.0001,28.946955680847168,999.67,1928.2294921875,,
1512,877,324,1327104,4334,-0.013104239315725862,104.21119060516358,0.01780769,0.0484573170542717,43.491207122802734,0.9638102650642395,0.16552734375,0.2,0.0001,28.949968528747558,999.67,1928.2294921875,,
1510,881,325,1331200,4339,-0.010453675512690098,96.0273572921753,0.015436072,0.04845616966485977,36.81593704223633,0.9697591066360474,0.157080078125,0.2,0.0001,28.950741386413576,999.67,1980.47802734375,,
1511,883,326,1335296,4344,-0.012491259223315865,69.82064266204834,0.01892626,0.04844170808792114,29.849294662475586,0.9492213726043701,0.1974609375,0.2,0.0001,28.95284276008606,999.67,1980.47802734375,,
1513,885,327,1339392,4349,-0.009521705214865506,116.13596172332764,0.0139269885,0.04842762649059296,45.45611572265625,0.8656135201454163,0.1798828125,0.2,0.0001,28.958688974380493,999.67,1980.47802734375,,
1514,886,328,1343488,4354,-0.0137876438209787,107.11103610992431,0.016208656,0.04841125011444092,38.415077209472656,0.8738667368888855,0.18916015625,0.2,0.0001,28.964411973953247,999.67,1976.8302001953125,,
1512,890,329,1347584,4359,-0.012732166709611192,81.76582059860229,0.02110213,0.04841176047921181,28.883176803588867,0.8972994089126587,0.212548828125,0.2,0.0001,28.96782422065735,999.67,1947.05126953125,,
1514,892,330,1351680,4364,-0.012136622297111899,135.46496143341065,0.0138764605,0.048409197479486465,59.46875762939453,0.8562191724777222,0.17666015625,0.2,0.0001,28.96761965751648,999.67,1947.05126953125,,
1515,894,331,1355776,4369,-0.011779347789706662,113.07323341369629,0.014015937,0.04840591922402382,40.04185485839844,0.8795298933982849,0.114892578125,0.2,0.0001,28.96875786781311,999.67,1947.05126953125,,
1516,896,332,1359872,4374,-0.011897867708466948,49.184019947052,0.019178156,0.04840812832117081,18.978225708007812,0.9501994848251343,0.206640625,0.2,0.0001,28.969576692581178,999.67,1942.30419921875,,
1515,900,333,1363968,4378,-0.007718186885599167,37.891704620853545,0.026033934,0.0484003908932209,15.76340389251709,0.9647929072380066,0.2641759072580645,0.2,0.0001,28.96950992461174,999.67,1972.714111328125,,
1516,901,334,1368064,4383,-0.008948633074760437,104.42699089050294,0.015307211,0.048394087702035904,38.02774429321289,0.8674879670143127,0.18828125,0.2,0.0001,28.973132848739624,999.67,1972.714111328125,,
1518,903,335,1372160,4388,-0.009938108129426837,97.72163019180297,0.014256218,0.04838612675666809,28.687824249267578,0.8824228644371033,0.1404296875,0.2,0.0001,28.975159025192262,999.67,1972.714111328125,,
1517,907,336,1376256,4393,-0.00879944814951159,78.4482762336731,0.012203581,0.04838821291923523,23.415803909301758,0.9196345806121826,0.131982421875,0.2,0.0001,28.977292919158934,1000.0,2033.8092041015625,,
1518,909,337,1380352,4398,-0.013200349162798376,66.08773002624511,0.019461125,0.04836840555071831,20.050260543823242,0.943449854850769,0.19619140625,0.2,0.0001,28.97862539291382,1000.0,2033.8092041015625,,
1519,910,338,1384448,4403,-0.009616250183898955,89.91997032165527,0.018075172,0.04835183918476105,34.794761657714844,0.9269912838935852,0.2189453125,0.2,0.0001,28.987835359573364,1000.0,2033.8092041015625,,
1521,912,339,1388544,4408,-0.011748921289108694,68.8929181098938,0.015839368,0.048331357538700104,20.447471618652344,0.9494101405143738,0.162646484375,0.2,0.0001,28.992926406860352,1000.0,2033.8092041015625,,
1519,916,340,1392640,4413,-0.012008244590833782,52.82666730880737,0.022137253,0.048322491347789764,18.271835327148438,0.9589569568634033,0.216357421875,0.2,0.0001,29.000002479553224,1000.0,2089.883056640625,,
1521,918,341,1396736,4418,-0.011785541311837733,55.55096750259399,0.019344386,0.04833066835999489,21.14190673828125,0.9619218111038208,0.2677734375,0.2,0.0001,29.000084257125856,1000.0,2089.883056640625,,
1522,920,342,1400832,4423,-0.009460240823682398,145.6052843093872,0.017304726,0.048321887850761414,64.70326232910156,0.8870516419410706,0.1966796875,0.2,0.0001,28.999084663391113,1000.0,2089.883056640625,,
1523,921,343,1404928,4428,-0.01116184119891841,148.65302829742433,0.018559355,0.04832782596349716,62.4908447265625,0.8871384859085083,0.219775390625,0.2,0.0001,29.001355600357055,1000.0,2089.883056640625,,
1522,925,344,1409024,4433,-0.008671201235847548,149.39088668823243,0.017104916,0.04833149164915085,66.01275634765625,0.9000797271728516,0.18984375,0.2,0.0001,28.99823660850525,1000.0,2035.619384765625,,
1523,927,345,1413120,4438,-0.009979436319554225,86.07443199157714,0.019157715,0.048322372138500214,32.33222198486328,0.9415226578712463,0.246142578125,0.2,0.0001,28.998813676834107,1000.0,2035.619384765625,,
1525,929,346,1417216,4443,-0.008413634682074188,53.49320125579834,0.016882248,0.04831555858254433,20.992029190063477,0.9252912998199463,0.160888671875,0.2,0.0001,29.002405405044556,1000.0,2035.619384765625,,
1526,931,347,1421312,4448,-0.006428068957757205,37.457824516296384,0.019205075,0.04830603301525116,12.046379089355469,0.9564195871353149,0.184375,0.2,0.0001,29.005050563812254,1000.0,2035.619384765625,,
1524,935,348,1425408,4453,-0.009450048150029033,36.91762909889221,0.020570898,0.048305802047252655,12.132516860961914,0.9571541547775269,0.21220703125,0.2,0.0001,29.008205127716064,1000.0,2054.815673828125,,
1525,937,349,1429504,4458,-0.009402824909193442,39.634864282608035,0.022939548,0.048331037163734436,16.255571365356445,0.9595544934272766,0.23134765625,0.2,0.0001,29.003637313842773,1000.0,2054.815673828125,,
1526,938,350,1433600,4460,0.009721598122268915,123.11511908637152,0.035086144,0.04833553731441498,55.480918884277344,0.9001303911209106,0.1831597222222222,0.2,0.0001,28.99740939670139,1000.0,2054.815673828125,,
1528,940,351,1437696,4465,-0.01084326992277056,78.81527547836303,0.016182821,0.04834457486867905,25.6695556640625,0.9227925539016724,0.13818359375,0.2,0.0001,28.99510326385498,1000.0,2054.815673828125,,
1526,944,352,1441792,4470,-0.011233566701412201,43.696990203857425,0.01753038,0.0483495332300663,14.097330093383789,0.9563403129577637,0.172900390625,0.2,0.0001,28.992002964019775,1000.0,2039.4371337890625,,
1528,946,353,1445888,4475,-0.008637270395411178,37.52705688476563,0.021593254,0.04833962023258209,15.69119930267334,0.9739251732826233,0.24794921875,0.2,0.0001,28.992916774749755,1000.0,2039.4371337890625,,
1529,948,354,1449984,4480,-0.0069750570517499,83.97173261642456,0.016795207,0.04833099618554115,27.749046325683594,0.9328892230987549,0.223388671875,0.2,0.0001,28.996481800079344,1000.0,2039.4371337890625,,
1530,949,355,1454080,4485,-0.011004020861582831,99.27274780273437,0.021196695,0.048329249024391174,45.119468688964844,0.937189519405365,0.18740234375,0.2,0.0001,28.998949575424195,1000.0,2039.4371337890625,,
1528,953,356,1458176,4490,-0.011951046995818615,82.61201429367065,0.02009782,0.048339344561100006,27.711238861083984,0.9426689147949219,0.227685546875,0.2,0.0001,28.998021507263182,1000.0,2046.5078125,,
1530,955,357,1462272,4495,-0.012024800525978208,76.93083295822143,0.020305246,0.04834620654582977,31.551958084106445,0.9563674926757812,0.254443359375,0.2,0.0001,28.993053340911864,1000.0,2046.5078125,,
1531,957,358,1466368,4500,-0.009475115645909683,109.43657035827637,0.016939843,0.04832913726568222,45.07518768310547,0.9423587918281555,0.17119140625,0.2,0.0001,28.994603872299194,1000.0,2046.5078125,,
1532,959,359,1470464,4505,-0.01222830304177478,51.88253374099732,0.01950135,0.04831719025969505,16.858766555786133,0.9769452810287476,0.203857421875,0.2,0.0001,29.0014630317688,1000.0,2046.5078125,,
1531,962,360,1474560,4510,-0.010523253661813215,35.12904720306396,0.01949123,0.04830466955900192,12.141939163208008,0.9860274791717529,0.22255859375,0.2,0.0001,29.005101442337036,1000.0,2077.58447265625,,
1532,964,361,1478656,4515,-0.009949784725904465,127.205486869812,0.015908279,0.04829687252640724,50.80337142944336,0.9524825811386108,0.2099609375,0.2,0.0001,29.010162448883058,1000.0,2077.58447265625,,
1533,966,362,1482752,4520,-0.0107275273243431,73.12959461212158,0.022962583,0.0482814759016037,33.178829193115234,0.9722285270690918,0.198486328125,0.2,0.0001,29.0132248878479,1000.0,2077.58447265625,,
1535,968,363,1486848,4525,-0.008474581502377987,64.3174654006958,0.019788602,0.04828405752778053,26.511259078979492,0.9795088768005371,0.216015625,0.2,0.0001,29.01778554916382,1000.0,2077.58447265625,,
1533,972,364,1490944,4530,-0.005377445177873597,59.82395000457764,0.0229956,0.048276204615831375,31.523401260375977,0.9827112555503845,0.221044921875,0.2,0.0001,29.0160400390625,1000.0,2103.179931640625,,
1534,974,365,1495040,4535,-0.0045359478099271655,46.8645112991333,0.022691796,0.048267021775245667,20.538381576538086,0.9740956425666809,0.255615234375,0.2,0.0001,29.02022385597229,1000.0,2103.179931640625,,
1535,976,366,1499136,4540,-0.008445112605113537,39.77997078895569,0.017667715,0.04828093945980072,12.772583961486816,0.9585098028182983,0.1919921875,0.2,0.0001,29.020481157302857,1000.0,2103.179931640625,,
1503,999,367,1503232,4545,-0.008885982009815052,31.443549394607544,0.02116718,0.048288386315107346,12.598283767700195,0.9677326083183289,0.2119140625,0.2,0.0001,29.014460134506226,1000.0,2103.179931640625,2.7217155964714794,500000
1502,1003,368,1507328,4550,-0.004340529994806275,29.730110216140748,0.023311611,0.0482817180454731,10.700549125671387,0.973529577255249,0.236083984375,0.2,0.0001,29.01584849357605,1000.0,2122.029541015625,,
1503,1005,369,1511424,4552,0.009906507190316915,157.80837860107422,0.031414077,0.04828090965747833,75.72116088867188,0.877522885799408,0.206640625,0.2,0.0001,29.016728782653807,1000.0,2122.029541015625,,
1505,1006,370,1515520,4557,-0.00923225144506432,155.8376859664917,0.008893653,0.048280637711286545,47.33304977416992,0.8037067651748657,0.076708984375,0.2,0.0001,29.017031097412108,1000.0,2122.029541015625,,
1506,1008,371,1519616,4562,-0.013141736073885113,34.10298194885254,0.020738505,0.04827861487865448,11.687217712402344,0.9570680260658264,0.200439453125,0.2,0.0001,29.01754221916199,1000.0,2122.638916015625,,
1505,1012,372,1523712,4567,-0.010198262566700578,27.68144211769104,0.022096414,0.04825747758150101,9.239351272583008,0.9705752730369568,0.21025390625,0.2,0.0001,29.020816326141357,1000.0,2167.481201171875,,
1506,1013,373,1527808,4568,0.006386796877320323,139.72347695486886,0.014840697,0.048253122717142105,71.44445037841797,0.9467586874961853,0.171875,0.2,0.0001,29.026584352765763,1000.0,2167.481201171875,,
1508,1015,374,1531904,4573,-0.006552828790154308,112.76765937805176,0.011409968,0.048244208097457886,40.222381591796875,0.9439032673835754,0.113720703125,0.2,0.0001,29.02938642501831,1000.0,2167.481201171875,,
1507,1019,375,1536000,4578,-0.013126077555352823,86.0163743019104,0.014451256,0.048233337700366974,24.23794937133789,0.9575328230857849,0.141015625,0.2,0.0001,29.032106018066408,1000.0,2179.509765625,,
1508,1021,376,1540096,4583,-0.012664718902669847,72.41478309631347,0.016416147,0.04822923615574837,20.877981185913086,0.9640526175498962,0.1578125,0.2,0.0001,29.036011219024658,1000.0,2179.509765625,,
1509,1023,377,1544192,4588,-0.012911385990446434,74.4404525756836,0.016683504,0.04822205752134323,31.524229049682617,0.9521729946136475,0.201416015625,0.2,0.0001,29.037523984909058,1000.0,2179.509765625,,
1510,1024,378,1548288,4593,-0.010725238278973847,70.17369146347046,0.019542363,0.04821868613362312,22.993749618530273,0.9565204381942749,0.1666015625,0.2,0.0001,29.04021382331848,1000.0,2179.509765625,,
1509,1028,379,1552384,4598,-0.009892010100884363,33.648789691925046,0.020017039,0.04820801690220833,14.470261573791504,0.982691764831543,0.2009765625,0.2,0.0001,29.041819858551026,1000.0,2204.2021484375,,
1510,1030,380,1556480,4603,-0.005409985303413123,28.151063776016237,0.019552488,0.04820553585886955,10.645934104919434,0.9840751886367798,0.25439453125,0.2,0.0001,29.045480060577393,1000.0,2204.2021484375,,
1511,1032,381,1560576,4604,0.005664099531713873,146.34969520568848,0.013385603,0.04820476472377777,78.63115692138672,0.8509999513626099,0.172607421875,0.2,0.0001,29.04556965827942,1000.0,2204.2021484375,,
1513,1034,382,1564672,4609,-0.009555477995309047,69.89342975616455,0.014724929,0.04820401594042778,27.389135360717773,0.9274464845657349,0.137548828125,0.2,0.0001,29.046170711517334,1000.0,2204.2021484375,,
1511,1038,383,1568768,4614,-0.00983765982091427,56.35236825942993,0.018645884,0.048202261328697205,21.44854164123535,0.9521051645278931,0.186181640625,0.2,0.0001,29.04568576812744,1000.0,2136.736328125,,
1512,1039,384,1572864,4618,-0.008846617611457728,54.76836422511509,0.024549942,0.048200830817222595,23.551349639892578,0.9558290839195251,0.23088727678571427,0.2,0.0001,29.04694632121495,1000.0,2136.736328125,,
1513,1041,385,1576960,4623,-0.008386838575825095,140.13227672576903,0.013408888,0.048196207731962204,54.274906158447266,0.9150665402412415,0.19599609375,0.2,0.0001,29.04791145324707,1000.0,2136.736328125,,
1515,1043,386,1581056,4628,-0.010386345977894961,127.73668041229249,0.014742447,0.048192426562309265,62.19176483154297,0.9241780042648315,0.182177734375,0.2,0.0001,29.04934949874878,1000.0,2136.736328125,,
1513,1047,387,1585152,4633,-0.010712413123110309,127.12546558380127,0.014387864,0.04818190261721611,52.51071548461914,0.9356204867362976,0.171142578125,0.2,0.0001,29.051646757125855,1000.0,2078.3212890625,,
1514,1049,388,1589248,4638,-0.012572802294744178,102.11620140075684,0.021243524,0.048174746334552765,41.68043899536133,0.9545261263847351,0.234765625,0.2,0.0001,29.055622243881224,1000.0,2078.3212890625,,
1515,1051,389,1593344,4643,-0.008705759653821588,114.75036602020263,0.0142631065,0.048169225454330444,45.04230499267578,0.9523481130599976,0.17021484375,0.2,0.0001,29.058196020126342,1000.0,2078.3212890625,,
1517,1052,390,1597440,4648,-0.009450070158345624,83.80184173583984,0.016082719,0.04816727340221405,33.87931823730469,0.9659383893013,0.13076171875,0.2,0.0001,29.05927538871765,1000.0,2078.3212890625,,
1516,1056,391,1601536,4653,-0.007206265180138871,62.01898374557495,0.018058866,0.048182692378759384,22.58402442932129,0.9776673316955566,0.17177734375,0.2,0.0001,29.057490205764772,1000.0,2063.599609375,,
1517,1058,392,1605632,4658,-0.009804523939965292,76.58512783050537,0.01761171,0.04817841947078705,37.18645477294922,0.9677453637123108,0.215576171875,0.2,0.0001,29.05403847694397,1000.0,2063.599609375,,
1518,1060,393,1609728,4663,-0.0038864066504174844,195.0105884552002,0.010784258,0.04818062484264374,78.48814392089844,0.6841986179351807,0.153955078125,0.2,0.0001,29.055664443969725,1000.0,2063.599609375,,
1519,1061,394,1613824,4668,-0.011925643746508285,83.15278310775757,0.014428092,0.04818294942378998,30.638347625732422,0.9089787006378174,0.1369140625,0.2,0.0001,29.053953313827513,1000.0,2063.599609375,,
1518,1065,395,1617920,4673,-0.00990410887170583,120.0707498550415,0.015786666,0.04817071929574013,47.1060791015625,0.8622816801071167,0.1693359375,0.2,0.0001,29.05548839569092,1000.0,1972.126220703125,,
1519,1067,396,1622016,4678,-0.012814168841578067,64.47189044952393,0.021813862,0.048164963722229004,26.554058074951172,0.9590073227882385,0.22392578125,0.2,0.0001,29.059313774108887,1000.0,1972.126220703125,,
1520,1069,397,1626112,4683,-0.008508162829093635,63.70226526260376,0.02351108,0.048175111413002014,23.04568099975586,0.9681746959686279,0.226123046875,0.2,0.0001,29.059122133255006,1000.0,1972.126220703125,,
1521,1071,398,1630208,4688,-0.009115423969421032,39.13632032033559,0.025020132,0.048173461109399796,12.861927032470703,0.9833135008811951,0.25137246621621623,0.2,0.0001,29.056500666850322,1000.0,1972.126220703125,,
1519,1075,399,1634304,4693,-0.008096553874202073,38.737807750701904,0.020852882,0.048174962401390076,13.266008377075195,0.981681227684021,0.24072265625,0.2,0.0001,29.05676064491272,1000.0,1985.0692138671875,,
1521,1077,400,1638400,4698,-0.007066019962076097,109.67790870666504,0.01692675,0.04817840829491615,46.5675163269043,0.9449628591537476,0.2259765625,0.2,0.0001,29.05648555755615,1000.0,1985.0692138671875,,
1522,1079,401,1642496,4703,-0.009813501179451123,125.00818843841553,0.013072179,0.04818307235836983,51.0396842956543,0.9427000284194946,0.115869140625,0.2,0.0001,29.05424885749817,1000.0,1985.0692138671875,,
1523,1080,402,1646592,4708,-0.011038472491782159,58.73081226348877,0.015673812,0.04818687587976456,23.049968719482422,0.9726699590682983,0.15341796875,0.2,0.0001,29.05338954925537,1000.0,1985.0692138671875,,
1521,1084,403,1650688,4713,-0.007601777784293518,60.15405282974243,0.014361918,0.048176445066928864,18.21635627746582,0.971461296081543,0.14072265625,0.2,0.0001,29.053127098083497,1000.0,1982.2261962890625,,
1523,1086,404,1654784,4718,-0.010258198180235923,128.39445838928222,0.013141885,0.04816485196352005,53.473052978515625,0.8971287608146667,0.1322265625,0.2,0.0001,29.05824155807495,1000.0,1982.2261962890625,,
1524,1088,405,1658880,4723,-0.012968085630564018,91.82631587982178,0.013911901,0.04815205559134483,29.194164276123047,0.9042038321495056,0.12294921875,0.2,0.0001,29.062408351898192,1000.0,1982.2261962890625,,
1525,1090,406,1662976,4728,-0.010400091262999922,68.23713541030884,0.016635187,0.048142559826374054,20.986413955688477,0.9462908506393433,0.172265625,0.2,0.0001,29.067463207244874,1000.0,1982.2261962890625,,
1524,1093,407,1667072,4733,-0.009659861953696235,66.95687990188598,0.01851613,0.04812745004892349,22.992652893066406,0.9466311931610107,0.208935546875,0.2,0.0001,29.071113634109498,1000.0,1947.35205078125,,
1524,1095,408,1671168,4738,-0.010576873947866262,86.89481925964355,0.017454308,0.04810936748981476,32.490543365478516,0.922003448009491,0.21845703125,0.2,0.0001,29.07807574272156,1000.0,1947.35205078125,,
1525,1098,409,1675264,4743,-0.013376467331545428,70.12212495803833,0.020264747,0.048102326691150665,29.08979606628418,0.942750871181488,0.19580078125,0.2,0.0001,29.082697343826293,1000.0,1947.35205078125,,
1526,1100,410,1679360,4748,-0.01127993242116645,51.96868162155151,0.02223061,0.04809744656085968,17.594907760620117,0.95662522315979,0.2095703125,0.2,0.0001,29.084396886825562,1000.0,1947.35205078125,,
1524,1104,411,1683456,4753,-0.0011883838634405817,45.13303571428571,0.023324208,0.048075120896101,19.527978897094727,0.965937614440918,0.27047991071428573,0.2,0.0001,29.089028440202984,1000.0,1958.5198974609375,,
1525,1106,412,1687552,4754,0.007100202259607613,97.98659801483154,0.01533875,0.04807202145457268,39.89788055419922,0.9549595713615417,0.1962890625,0.2,0.0001,29.094428300857544,1000.0,1958.5198974609375,,
1526,1107,413,1691648,4759,-0.013875713775632903,78.87027521133423,0.016163567,0.048063140362501144,32.525901794433594,0.9571501612663269,0.175390625,0.2,0.0001,29.096701288223265,1000.0,1958.5198974609375,,
1527,1109,414,1695744,4764,-0.01315877806628123,56.054969787597656,0.020326447,0.04807165637612343,20.857650756835938,0.9717437028884888,0.23720703125,0.2,0.0001,29.09667572975159,1000.0,1952.0101318359375,,
1526,1113,415,1699840,4769,-0.007913690363056957,40.63365159034729,0.021770747,0.04807310551404953,14.58016586303711,0.9763174653053284,0.263037109375,0.2,0.0001,29.095146417617798,1000.0,1962.38134765625,,
1527,1115,416,1703936,4774,-0.008331247209571301,79.0709698677063,0.019385103,0.04807846248149872,23.948524475097656,0.921450138092041,0.254345703125,0.2,0.0001,29.09355139732361,1000.0,1962.38134765625,,
1528,1117,417,1708032,4779,-0.010402291326317935,87.62186727523803,0.014323297,0.04807816445827484,35.2065544128418,0.9202309846878052,0.160888671875,0.2,0.0001,29.092726039886475,1000.0,1962.38134765625,,
1526,1121,418,1712128,4784,-0.010686956369318068,91.10346708297729,0.013373782,0.048087041825056076,29.476909637451172,0.9204115867614746,0.13115234375,0.2,0.0001,29.091680097579957,1000.0,1990.08203125,,
1527,1123,419,1716224,4789,-0.011643285013269633,76.10037069320678,0.016099289,0.048079296946525574,30.442380905151367,0.9343118667602539,0.177685546875,0.2,0.0001,29.089774227142335,1000.0,1990.08203125,,
1528,1125,420,1720320,4794,-0.006759794196113944,156.45209884643555,0.014097024,0.048074763268232346,59.266693115234375,0.7886027693748474,0.201025390625,0.2,0.0001,29.094110107421876,1000.0,1990.08203125,,
1529,1127,421,1724416,4799,-0.010585251863813028,178.19676704406737,0.015360599,0.048076145350933075,69.3570556640625,0.7285724878311157,0.134423828125,0.2,0.0001,29.093955945968627,1000.0,1990.08203125,,
1527,1131,422,1728512,4804,-0.012438193813432008,167.00107917785644,0.01812489,0.04807780683040619,72.1636734008789,0.7513760328292847,0.158154296875,0.2,0.0001,29.09366445541382,1000.0,1953.4354248046875,,
1528,1133,423,1732608,4809,-0.015808481990825386,154.83310470581054,0.020547368,0.048073019832372665,60.29356384277344,0.8336528539657593,0.214892578125,0.2,0.0001,29.09366555213928,1000.0,1953.4354248046875,,
1529,1135,424,1736704,4814,-0.010648165486054495,110.25802555084229,0.01523564,0.048066508024930954,35.071163177490234,0.9349656105041504,0.13427734375,0.2,0.0001,29.09618592262268,1000.0,1953.4354248046875,,
1530,1137,425,1740800,4819,-0.010947499453322962,65.2690637588501,0.02098261,0.048071350902318954,24.656356811523438,0.9668591022491455,0.177685546875,0.2,0.0001,29.097097206115723,1000.0,1953.4354248046875,,
1529,1141,426,1744896,4824,-0.010524841884034686,60.66529474258423,0.019818136,0.04806463047862053,27.286285400390625,0.9751865863800049,0.19755859375,0.2,0.0001,29.095940494537352,1000.0,1978.0810546875,,
1530,1142,427,1748992,4829,-0.010281325806863606,47.111800861358645,0.022027757,0.04805667698383331,18.624013900756836,0.9794939756393433,0.21875,0.2,0.0001,29.099882888793946,1000.0,1978.0810546875,,
1503,1166,428,1753088,4834,-0.005285279545933008,167.29721755981444,0.013314186,0.048062488436698914,71.66155242919922,0.9349371194839478,0.17578125,0.2,0.0001,29.100860595703125,1000.0,1978.0810546875,2.643848454100536,500000
1504,1167,429,1757184,4839,-0.012698974728118628,132.58970012664795,0.01692003,0.04805801808834076,54.13408660888672,0.9560157060623169,0.16123046875,0.2,0.0001,29.09953064918518,1000.0,1978.0810546875,,
1502,1172,430,1761280,4844,-0.011048619239591061,84.75210838317871,0.014240116,0.04804342985153198,35.39401626586914,0.9746049642562866,0.167724609375,0.2,0.0001,29.103346633911134,1000.0,1983.1873779296875,,
1503,1174,431,1765376,4849,-0.012034980684984476,104.0150691986084,0.017110541,0.04802044853568077,38.10752487182617,0.9655584096908569,0.201318359375,0.2,0.0001,29.110558652877806,1000.0,1983.1873779296875,,
1504,1175,432,1769472,4854,-0.009391855087596924,107.55312881469726,0.017133929,0.04801136255264282,32.345848083496094,0.9027029275894165,0.181787109375,0.2,0.0001,29.117566204071046,1000.0,1983.1873779296875,,
1505,1177,433,1773568,4859,-0.012788367201574146,111.03726844787597,0.01656926,0.048018503934144974,37.21723175048828,0.8921141624450684,0.1865234375,0.2,0.0001,29.11768431663513,1000.0,1983.1873779296875,,
1504,1181,434,1777664,4864,-0.014632539113517851,89.06522598266602,0.020459216,0.04804081842303276,32.20844268798828,0.9311436414718628,0.2140625,0.2,0.0001,29.11230025291443,1000.0,1981.58544921875,,
1505,1183,435,1781760,4869,-0.009480039356276393,53.818414974212644,0.02079935,0.048030171543359756,19.157623291015625,0.9669567942619324,0.20888671875,0.2,0.0001,29.108151626586913,1000.0,1981.58544921875,,
1507,1185,436,1785856,4874,-0.011330310814082622,60.360148906707764,0.020050915,0.048016928136348724,22.716434478759766,0.9555709362030029,0.236572265625,0.2,0.0001,29.114905691146852,1000.0,1981.58544921875,,
1508,1186,437,1789952,4879,-0.00944361713482067,56.61995115280151,0.017058676,0.048012349754571915,19.725784301757812,0.9617587327957153,0.190869140625,0.2,0.0001,29.11784610748291,1000.0,1981.58544921875,,
1507,1190,438,1794048,4884,-0.009762364655034616,49.53484754562378,0.020119745,0.048002902418375015,17.77178382873535,0.972590982913971,0.231396484375,0.2,0.0001,29.119666481018065,1000.0,1983.5567626953125,,
1508,1192,439,1798144,4889,-0.010416757455095649,104.41797142028808,0.016376263,0.047991905361413956,41.47081756591797,0.954128086566925,0.2201171875,0.2,0.0001,29.124174499511717,1000.0,1983.5567626953125,,
1509,1194,440,1802240,4894,-0.010482400056207552,101.24204940795899,0.017793182,0.047990769147872925,42.48782730102539,0.9544302225112915,0.19267578125,0.2,0.0001,29.126349544525148,1000.0,1983.5567626953125,,
1510,1195,441,1806336,4899,-0.009290703618898988,58.22532720565796,0.018799499,0.04800209403038025,16.689647674560547,0.9740716814994812,0.21220703125,0.2,0.0001,29.12502541542053,1000.0,1983.5567626953125,,
1509,1199,442,1810432,4904,-0.009527779836207628,56.771349334716795,0.021095864,0.04799988120794296,17.461130142211914,0.9760763645172119,0.229345703125,0.2,0.0001,29.121980094909667,1000.0,2082.93896484375,,
1510,1201,443,1814528,4909,-0.011318129795836285,102.59196529388427,0.01888976,0.04801338165998459,37.617828369140625,0.9597208499908447,0.219287109375,0.2,0.0001,29.121624135971068,992.07,2067.1845703125,,
1511,1203,444,1818624,4914,-0.005573826452018693,293.3556190490723,0.015651928,0.04801137000322342,142.616455078125,0.8748354315757751,0.200732421875,0.2,0.0001,29.117748260498047,992.07,2067.1845703125,,
1512,1205,445,1822720,4919,-0.010779596742941067,81.16200456619262,0.015083108,0.04799088463187218,36.67344284057617,0.9690713882446289,0.1685546875,0.2,0.0001,29.122455215454103,992.07,2067.1845703125,,
1511,1208,446,1826816,4924,-0.01180099487537518,57.92012643814087,0.021512162,0.04796520993113518,23.30653190612793,0.9752751588821411,0.198779296875,0.2,0.0001,29.131133604049683,992.07,2126.4267578125,,
1512,1210,447,1830912,4929,-0.01051425477489829,102.10685749053955,0.018955542,0.04796799644827843,34.95106887817383,0.9445345997810364,0.245654296875,0.2,0.0001,29.13689031600952,992.07,2112.419189453125,,
1513,1212,448,1835008,4934,-0.00917267866898328,75.98190193176269,0.02348604,0.04798288643360138,27.445634841918945,0.9636276364326477,0.250390625,0.2,0.0001,29.13300542831421,992.07,2112.419189453125,,
1514,1214,449,1839104,4939,-0.011749323649564759,95.47539720535278,0.022162609,0.04798315837979317,33.61952209472656,0.9618238806724548,0.239599609375,0.2,0.0001,29.12962098121643,990.12,2100.607421875,,
1512,1218,450,1843200,4944,-0.012173954409081488,200.45213136672973,0.01851227,0.04797198995947838,108.98939514160156,0.9292343854904175,0.2080078125,0.2,0.0001,29.13159575462341,990.12,2185.300048828125,,
1513,1220,451,1847296,4949,-0.012663285003509373,99.34738464355469,0.015592605,0.04796091094613075,43.029911041259766,0.9463549852371216,0.165087890625,0.2,0.0001,29.136169338226317,990.12,2162.60009765625,,
1514,1222,452,1851392,4954,-0.00810416640015319,134.36312446594238,0.015336673,0.047950226813554764,58.94149398803711,0.9013316035270691,0.13603515625,0.2,0.0001,29.14028720855713,990.12,2162.60009765625,,
1515,1224,453,1855488,4959,-0.013597645983099937,150.62440719604493,0.017908327,0.04794827103614807,67.75357818603516,0.8962194919586182,0.176416015625,0.2,0.0001,29.14306116104126,990.12,2146.67236328125,,
1513,1228,454,1859584,4964,-0.01386870097485371,145.70226879119872,0.018411692,0.04794282093644142,64.10932922363281,0.9006878733634949,0.190380859375,0.2,0.0001,29.14372048377991,990.12,2182.2099609375,,
1514,1230,455,1863680,4969,-0.010296752327121794,65.24055423736573,0.020567056,0.047939203679561615,26.580455780029297,0.964846670627594,0.208837890625,0.2,0.0001,29.14625301361084,990.12,2182.2099609375,,
1515,1232,456,1867776,4974,-0.010096565121784806,75.88405876159668,0.018127019,0.047931816428899765,29.847211837768555,0.9690510034561157,0.222900390625,0.2,0.0001,29.14777183532715,990.12,2182.2099609375,,
1516,1234,457,1871872,4979,-0.01029893570812419,54.21464233398437,0.018972307,0.0479467436671257,18.36638641357422,0.9756395220756531,0.234814453125,0.2,0.0001,29.147533082962035,990.12,2167.4150390625,,
1514,1238,458,1875968,4984,-0.011311060684965924,46.45704069137573,0.024588235,0.04792724549770355,16.40077018737793,0.9774224758148193,0.26708984375,0.2,0.0001,29.146044731140137,990.12,2204.322998046875,,
1516,1240,459,1880064,4989,-0.004973221616819501,54.96288690567017,0.024346963,0.04791593179106712,23.178998947143555,0.955140233039856,0.261962890625,0.2,0.0001,29.153641033172608,990.12,2204.322998046875,,
1517,1241,460,1884160,4994,-0.005121010402217507,51.21201143264771,0.02043972,0.047897886484861374,19.911989212036133,0.9567986130714417,0.2587890625,0.2,0.0001,29.158351373672485,990.12,2204.322998046875,,
1516,1245,461,1888256,4999,-0.006372335483320057,46.678263664245605,0.01888673,0.04789195954799652,19.112823486328125,0.9531984925270081,0.21162109375,0.2,0.0001,29.16396474838257,990.12,2230.667236328125,,
1516,1247,462,1892352,5004,-0.006734764482825994,50.32346382141113,0.020472646,0.047869034111499786,20.882543563842773,0.9587589502334595,0.2591796875,0.2,0.0001,29.16785078048706,990.12,2214.082275390625,,
1517,1249,463,1896448,5009,-0.011189123964868486,79.94662590026856,0.021729777,0.04786120355129242,32.79433822631836,0.9520675539970398,0.20283203125,0.2,0.0001,29.175377130508423,990.12,2214.082275390625,,
1518,1251,464,1900544,5014,-0.012785839568823575,109.72889862060546,0.020751428,0.04786655679345131,40.158042907714844,0.9401001334190369,0.20732421875,0.2,0.0001,29.17575945854187,990.12,2214.082275390625,,
1517,1254,465,1904640,5019,-0.009546009998302907,44.24344062805176,0.025453035,0.04786898195743561,17.156705856323242,0.9786796569824219,0.23388671875,0.2,0.0001,29.174545669555663,990.12,2211.5341796875,,
1518,1256,466,1908736,5024,-0.007742195925675333,58.69254417419434,0.025549985,0.047870516777038574,23.4492130279541,0.9687222838401794,0.28857421875,0.2,0.0001,29.173360347747803,990.12,2205.38037109375,,
1519,1258,467,1912832,5029,-0.008495117904385553,155.04103908538818,0.017532254,0.04787703976035118,59.40516662597656,0.9025152325630188,0.217529296875,0.2,0.0001,29.172762298583983,990.12,2205.38037109375,,
1520,1260,468,1916928,5034,-0.009452698682434858,151.7531879425049,0.016548863,0.04787932708859444,60.35776138305664,0.9006759524345398,0.157958984375,0.2,0.0001,29.170150756835938,990.12,2228.629638671875,,
1519,1264,469,1921024,5039,-0.011905061884317548,138.6526943206787,0.01804763,0.04788120836019516,63.52458572387695,0.9153754711151123,0.20732421875,0.2,0.0001,29.16972408294678,998.05,2229.570556640625,,
1520,1266,470,1925120,5044,-0.012256126571446656,142.10174789428712,0.018083308,0.047881029546260834,54.948482513427734,0.9058635830879211,0.20625,0.2,0.0001,29.16865849494934,998.05,2214.350830078125,,
1521,1268,471,1929216,5049,-0.013337170437444002,119.80960311889649,0.015462606,0.04787413030862808,39.679664611816406,0.9201750755310059,0.188720703125,0.2,0.0001,29.17032642364502,998.05,2214.350830078125,,
1522,1270,472,1933312,5054,-0.009944350342266262,98.0655128479004,0.013557281,0.04787497967481613,31.02425765991211,0.9354845285415649,0.12685546875,0.2,0.0001,29.172331762313842,998.05,2203.276123046875,,
1520,1274,473,1937408,5059,-0.013245858933078124,93.20455408096313,0.017981527,0.04788343608379364,31.376014709472656,0.946614146232605,0.163427734375,0.2,0.0001,29.16983256340027,1000.0,2147.457763671875,,
1521,1276,474,1941504,5064,-0.010992394638014958,56.28107976913452,0.021379737,0.0478876568377018,21.560911178588867,0.9706030488014221,0.194482421875,0.2,0.0001,29.166807889938354,1000.0,2145.835693359375,,
1522,1277,475,1945600,5069,-0.007055441261036322,45.119257068634035,0.022968981,0.047872237861156464,19.02741813659668,0.9722663164138794,0.225244140625,0.2,0.0001,29.168416261672974,1000.0,2145.835693359375,,
1523,1279,476,1949696,5070,0.011927192681469023,77.42399311065674,0.01563178,0.04786783829331398,36.791473388671875,0.9654415845870972,0.19287109375,0.2,0.0001,29.17351484298706,1000.0,2153.075927734375,,
1521,1283,477,1953792,5075,-0.009456766821676866,61.726927757263184,0.018974382,0.04785138741135597,19.700716018676758,0.9575336575508118,0.171337890625,0.2,0.0001,29.17734694480896,1000.0,2162.6572265625,,
1522,1285,478,1957888,5080,-0.009555774059845135,52.667465400695804,0.020648872,0.04782756790518761,18.561132431030273,0.9722483158111572,0.22109375,0.2,0.0001,29.184222793579103,1000.0,2147.098388671875,,
1523,1287,479,1961984,5085,-0.007535251358058303,114.52520351409912,0.016871478,0.04781411588191986,46.83198547363281,0.9670255780220032,0.217041015625,0.2,0.0001,29.19271903038025,1000.0,2147.098388671875,,
1524,1289,480,1966080,5090,-0.009857920330250635,67.93114976882934,0.018708125,0.047813497483730316,25.692441940307617,0.9786319732666016,0.161279296875,0.2,0.0001,29.194342613220215,1000.0,2148.761962890625,,
1523,1292,481,1970176,5095,-0.00835143462754786,59.47043523788452,0.020202631,0.04781532287597656,23.164426803588867,0.977952241897583,0.183251953125,0.2,0.0001,29.194247341156007,1000.0,2120.068359375,,
1524,1295,482,1974272,5100,-0.011434610513970257,77.02796077728271,0.019382287,0.04780903458595276,27.606891632080078,0.9657822847366333,0.215283203125,0.2,0.0001,29.19436287879944,1000.0,2128.17041015625,,
1525,1296,483,1978368,5105,-0.007710090884938836,157.95709285736083,0.015614958,0.04779721051454544,57.21914291381836,0.9192554950714111,0.194921875,0.2,0.0001,29.19814329147339,1000.0,2128.17041015625,,
1526,1298,484,1982464,5110,-0.015482774953125045,80.22803716659546,0.024426704,0.047805026173591614,34.215126037597656,0.9641040563583374,0.250390625,0.2,0.0001,29.199743366241456,1000.0,2132.429443359375,,
1525,1302,485,1986560,5115,-0.005152125679887831,31.425288486480714,0.02159933,0.0478002205491066,12.256458282470703,0.988792359828949,0.222607421875,0.2,0.0001,29.197528171539307,1000.0,2134.431884765625,,
1526,1304,486,1990656,5116,0.0074817107524722815,85.94894123077393,0.013605444,0.047798436135053635,40.52953338623047,0.9666840434074402,0.178955078125,0.2,0.0001,29.199504137039185,1000.0,2132.419189453125,,
1527,1305,487,1994752,5121,-0.009830888465512545,115.9656904220581,0.016791563,0.04780373349785805,51.085025787353516,0.9300762414932251,0.18935546875,0.2,0.0001,29.199189710617066,1000.0,2132.419189453125,,
1528,1307,488,1998848,5126,-0.01234240182384383,84.48662776947022,0.018725239,0.047806449234485626,30.923337936401367,0.9452750086784363,0.217236328125,0.2,0.0001,29.197401237487792,1000.0,2138.725341796875,,
1503,1332,489,2002944,5131,-0.007722585170995444,61.588668537139895,0.02227029,0.04780668020248413,21.502748489379883,0.9620689153671265,0.22587890625,0.2,0.0001,29.197204303741454,1000.0,2097.28466796875,2.6894325391893577,500000
