time/time_elapsed,time/fps,time/iterations,time/total_timesteps,train/std,train/policy_gradient_loss,train/approx_kl,train/value_loss,train/clip_range,train/n_updates,train/clip_fraction,train/learning_rate,train/loss,train/explained_variance,train/entropy_loss,rollout/ep_len_mean,rollout/ep_rew_mean,eval/en_iyi_adim,eval/skor
3,1130,1,4096,,,,,,,,,,,,,,,
5,1489,2,8192,0.04999852925539017,-0.013950611685868353,0.011576542,271.19559783935546,0.2,5,0.114013671875,0.0001,92.91244506835938,0.9816249012947083,28.38264398574829,,,,
7,1703,3,12288,0.049989473074674606,-0.011262912047095596,0.011371832,295.362984085083,0.2,10,0.072509765625,0.0001,104.1596450805664,0.9860818982124329,28.383789014816283,,,,
10,1529,4,16384,0.04996739327907562,-0.012206685252021999,0.013129361,269.977379989624,0.2,15,0.08408203125,0.0001,94.81059265136719,0.9808730483055115,28.38947215080261,1000.0,2610.68115234375,,
12,1620,5,20480,0.04996207356452942,-0.012989512563217431,0.013828919,228.78659286499024,0.2,20,0.101171875,0.0001,86.16127014160156,0.9713980555534363,28.39541268348694,1000.0,2610.68115234375,,
14,1718,6,24576,0.049942269921302795,-0.010018309275619686,0.009339342,194.82749729156495,0.2,25,0.056005859375,0.0001,62.06718444824219,0.9612199068069458,28.398359251022338,1000.0,2610.68115234375,,
15,1798,7,28672,0.04992903023958206,-0.010211612313287332,0.010467121,182.99562797546386,0.2,30,0.064794921875,0.0001,53.704193115234375,0.9570997357368469,28.40607943534851,1000.0,2610.68115234375,,
20,1634,8,32768,0.04992813616991043,-0.011564331513363868,0.011689862,176.4895486831665,0.2,35,0.069287109375,0.0001,60.20386505126953,0.961021900177002,28.407903814315794,1000.0,2654.382080078125,,
21,1698,9,36864,0.04989190399646759,-0.01324176021735184,0.015356183,135.15080604553222,0.2,40,0.122509765625,0.0001,49.04572296142578,0.9633589386940002,28.413004684448243,1000.0,2654.382080078125,,
23,1752,10,40960,0.04986311122775078,-0.008654589811339975,0.009897331,188.82558193206788,0.2,45,0.062353515625,0.0001,63.594608306884766,0.9630162119865417,28.426758432388304,1000.0,2654.382080078125,,
25,1799,11,45056,0.04986756667494774,-0.0109734216472134,0.012760848,165.5996976852417,0.2,50,0.078759765625,0.0001,56.10909652709961,0.9619017243385315,28.432563018798827,1000.0,2654.382080078125,,
28,1742,12,49152,0.049847397953271866,-0.011520465137436986,0.011139364,146.7300630569458,0.2,55,0.089208984375,0.0001,60.875511169433594,0.9595238566398621,28.431670045852663,1000.0,2563.370849609375,,
30,1766,13,53248,0.04982186108827591,-0.013179399515502154,0.012654446,123.89347820281982,0.2,60,0.11865234375,0.0001,55.872901916503906,0.9492171406745911,28.44234299659729,1000.0,2563.370849609375,,
31,1798,14,57344,0.0498090460896492,-0.010343387315515429,0.011382352,153.73422660827637,0.2,65,0.075439453125,0.0001,50.26408386230469,0.8950536847114563,28.44875783920288,1000.0,2563.370849609375,,
33,1829,15,61440,0.049785058945417404,-0.009278399008326232,0.011466268,129.17573795318603,0.2,70,0.066845703125,0.0001,47.020938873291016,0.894661009311676,28.454957818984987,1000.0,2563.370849609375,,
37,1724,16,65536,0.04978157952427864,-0.01018353522522375,0.012179342,124.58836517333984,0.2,75,0.07431640625,0.0001,42.30118179321289,0.9058090448379517,28.46215009689331,1000.0,2550.552734375,,
39,1752,17,69632,0.04978824034333229,-0.01334088115254417,0.014420136,98.58099765777588,0.2,80,0.12919921875,0.0001,40.97804260253906,0.9263358116149902,28.46024136543274,1000.0,2550.552734375,,
41,1779,18,73728,0.04976256191730499,-0.009757570340298116,0.010479408,104.61476211547851,0.2,85,0.077783203125,0.0001,34.34322738647461,0.9508389830589294,28.461388492584227,1000.0,2550.552734375,,
43,1803,19,77824,0.0497213751077652,-0.0112802927615121,0.011835674,91.720836353302,0.2,90,0.078857421875,0.0001,33.563743591308594,0.9565246105194092,28.475597381591797,1000.0,2550.552734375,,
47,1742,20,81920,0.049706876277923584,-0.011887620872585103,0.012678544,80.56191205978394,0.2,95,0.10048828125,0.0001,27.85084342956543,0.9624796509742737,28.486653327941895,1000.0,2581.688720703125,,
48,1767,21,86016,0.04967427998781204,-0.013914069603197276,0.013796289,84.37940158843995,0.2,100,0.152880859375,0.0001,33.147823333740234,0.9317420125007629,28.49397668838501,1000.0,2581.688720703125,,
50,1789,22,90112,0.04965166747570038,-0.011730003904085606,0.012014477,103.87059268951415,0.2,105,0.097509765625,0.0001,41.66292190551758,0.9125024080276489,28.505395221710206,1000.0,2581.688720703125,,
52,1811,23,94208,0.04964137449860573,-0.012454699294175952,0.012792559,90.05749397277832,0.2,110,0.10263671875,0.0001,35.221771240234375,0.9170059561729431,28.510960721969603,1000.0,2581.688720703125,,
55,1757,24,98304,0.0496237687766552,-0.01126403915695846,0.012101378,82.33065929412842,0.2,115,0.096337890625,0.0001,34.667728424072266,0.919622540473938,28.515341234207153,1000.0,2611.4384765625,,
57,1777,25,102400,0.04957064613699913,-0.01555946110165678,0.015637,73.0754940032959,0.2,120,0.16767578125,0.0001,30.731285095214844,0.9104796051979065,28.527079916000368,1000.0,2611.4384765625,,
59,1796,26,106496,0.04956716671586037,-0.012233183009084315,0.012216307,65.10021076202392,0.2,125,0.1259765625,0.0001,24.62657928466797,0.9210573434829712,28.540575170516966,1000.0,2611.4384765625,,
60,1813,27,110592,0.0495467372238636,-0.01439690066035837,0.014587214,57.77103567123413,0.2,130,0.138916015625,0.0001,24.601804733276367,0.9404643177986145,28.542702436447144,1000.0,2611.4384765625,,
64,1769,28,114688,0.049550626426935196,-0.014684204722288995,0.016203154,51.71729011535645,0.2,135,0.165087890625,0.0001,20.85538673400879,0.9519513845443726,28.546609115600585,1000.0,2582.290771484375,,
66,1786,29,118784,0.04954495653510094,-0.012966151454020292,0.01552129,59.05945634841919,0.2,140,0.12861328125,0.0001,24.00235939025879,0.9216539859771729,28.546567010879517,1000.0,2582.290771484375,,
68,1802,30,122880,0.04954938590526581,-0.00957761355675757,0.012405505,49.11161470413208,0.2,145,0.090087890625,0.0001,19.36903190612793,0.9081518054008484,28.54698281288147,1000.0,2582.290771484375,,
69,1817,31,126976,0.04954126104712486,-0.010425953438971191,0.014895872,42.68211116790771,0.2,150,0.100048828125,0.0001,16.127716064453125,0.9127808213233948,28.546772289276124,1000.0,2582.290771484375,,
73,1786,32,131072,0.04952981323003769,-0.012158206559251993,0.016366292,39.26118488311768,0.2,155,0.126025390625,0.0001,14.663619995117188,0.9265179634094238,28.551605224609375,1000.0,2531.84130859375,,
75,1801,33,135168,0.04952963814139366,-0.010642719420138747,0.015721722,52.60329828262329,0.2,160,0.1248046875,0.0001,21.812925338745117,0.9283201694488525,28.55351104736328,1000.0,2531.84130859375,,
76,1814,34,139264,0.049539804458618164,-0.012189707742072642,0.014165586,49.91876335144043,0.2,165,0.136962890625,0.0001,19.31556510925293,0.9415844678878784,28.552147960662843,1000.0,2531.84130859375,,
78,1828,35,143360,0.0495280884206295,-0.014212934568058699,0.01530909,45.26963710784912,0.2,170,0.16298828125,0.0001,17.946107864379883,0.9503270983695984,28.55081100463867,1000.0,2531.84130859375,,
82,1796,36,147456,0.049490101635456085,-0.013459812349174172,0.01652795,43.899468994140626,0.2,175,0.155224609375,0.0001,18.40907096862793,0.9543733596801758,28.56003270149231,1000.0,2510.617431640625,,
83,1809,37,151552,0.04945920780301094,-0.014494058361742645,0.01345329,55.22901830673218,0.2,180,0.134912109375,0.0001,23.20505142211914,0.9466159343719482,28.573673963546753,1000.0,2510.617431640625,,
85,1822,38,155648,0.049434371292591095,-0.012285814923234283,0.01048121,56.12402763366699,0.2,185,0.095458984375,0.0001,21.979787826538086,0.9628344178199768,28.58343586921692,1000.0,2510.617431640625,,
87,1834,39,159744,0.049419187009334564,-0.013597846508491784,0.010500688,54.523170948028564,0.2,190,0.092578125,0.0001,23.9495849609375,0.9607262015342712,28.591423273086548,1000.0,2510.617431640625,,
90,1806,40,163840,0.04938741773366928,-0.01378396893851459,0.011557087,54.300802040100095,0.2,195,0.1109375,0.0001,24.40629005432129,0.9554327130317688,28.598717212677002,1000.0,2576.76220703125,,
92,1818,41,167936,0.04938054457306862,-0.010729672317393125,0.011769384,83.16334943771362,0.2,200,0.07158203125,0.0001,31.426721572875977,0.8845955729484558,28.60822386741638,1000.0,2576.76220703125,,
94,1829,42,172032,0.04939134791493416,-0.013649940266623162,0.01283473,64.83176698684693,0.2,205,0.0935546875,0.0001,23.895885467529297,0.9104242324829102,28.606278085708617,1000.0,2576.76220703125,,
97,1802,43,176128,0.04937499389052391,-0.014129693247377872,0.01386385,56.87410097122192,0.2,210,0.1064453125,0.0001,22.62546730041504,0.9231768846511841,28.606246089935304,1000.0,2507.781005859375,,
99,1804,44,180224,0.049350302666425705,-0.014494934247341006,0.013089749,50.25137062072754,0.2,215,0.11630859375,0.0001,22.278146743774414,0.9327309131622314,28.614395761489867,1000.0,2507.781005859375,,
101,1815,45,184320,0.0493374727666378,-0.01254348992370069,0.012867056,44.63483142852783,0.2,220,0.092138671875,0.0001,15.315665245056152,0.9389660358428955,28.622354364395143,1000.0,2507.781005859375,,
103,1825,46,188416,0.049331460148096085,-0.01143875673878938,0.012929477,30.871927547454835,0.2,225,0.103857421875,0.0001,11.246740341186523,0.9636563658714294,28.62508568763733,1000.0,2507.781005859375,,
106,1802,47,192512,0.049318209290504456,-0.014059058960992844,0.017666927,25.44792757034302,0.2,230,0.152392578125,0.0001,9.248154640197754,0.9732106924057007,28.627162599563597,1000.0,2495.937255859375,,
108,1811,48,196608,0.04928826540708542,-0.015604877372970805,0.017532822,29.738819646835328,0.2,235,0.175,0.0001,13.90619945526123,0.967674970626831,28.635903453826906,1000.0,2495.937255859375,,
110,1821,49,200704,0.04927971214056015,-0.007674692582804709,0.008244054,60.74532804489136,0.2,240,0.04541015625,0.0001,18.652799606323242,0.8611750602722168,28.644316625595092,1000.0,2495.937255859375,,
111,1831,50,204800,0.04929134249687195,-0.00889975209138356,0.00862567,55.96896095275879,0.2,245,0.039208984375,0.0001,19.563661575317383,0.8987855911254883,28.644060754776,1000.0,2495.937255859375,,
115,1809,51,208896,0.04928048327565193,-0.00960662035504356,0.010485869,52.4333475112915,0.2,250,0.05947265625,0.0001,19.93680763244629,0.929577112197876,28.641149282455444,1000.0,2509.18017578125,,
117,1813,52,212992,0.049244485795497894,-0.012991082726512105,0.014821493,60.77175998687744,0.2,255,0.106640625,0.0001,25.14617156982422,0.928652286529541,28.650793600082398,1000.0,2509.18017578125,,
119,1822,53,217088,0.049234788864851,-0.012507572042522952,0.0123720765,72.66500844955445,0.2,260,0.092138671875,0.0001,34.088539123535156,0.9219627976417542,28.660808753967284,1000.0,2509.18017578125,,
120,1831,54,221184,0.0492250882089138,-0.013821406371425838,0.0171691,66.77510232925415,0.2,265,0.148095703125,0.0001,38.23997116088867,0.9303191304206848,28.66241674423218,1000.0,2509.18017578125,,
124,1809,55,225280,0.04921373352408409,-0.015664543714956382,0.01940735,67.3309907913208,0.2,270,0.18544921875,0.0001,32.43836212158203,0.9311130046844482,28.666736459732057,1000.0,2529.581787109375,,
126,1817,56,229376,0.04921039566397667,-0.014910835673799739,0.018705832,77.68522548675537,0.2,275,0.167626953125,0.0001,37.48076629638672,0.9126793742179871,28.6706081867218,1000.0,2529.581787109375,,
127,1826,57,233472,0.049201302230358124,-0.014692301751347258,0.014351919,58.775949478149414,0.2,280,0.10830078125,0.0001,22.60401153564453,0.9106237292289734,28.67199788093567,1000.0,2529.581787109375,,
129,1834,58,237568,0.04919574037194252,-0.014045748783973976,0.0136353895,50.08526906967163,0.2,285,0.103125,0.0001,17.49097442626953,0.9269664883613586,28.67526125907898,1000.0,2529.581787109375,,
133,1808,59,241664,0.04919709637761116,-0.014113286935025827,0.013425378,49.91236343383789,0.2,290,0.100146484375,0.0001,19.512964248657227,0.9339325428009033,28.676527166366576,1000.0,2559.112060546875,,
135,1816,60,245760,0.04918051138520241,-0.011810547875938937,0.013261424,63.1776668548584,0.2,295,0.105322265625,0.0001,24.686626434326172,0.9338804483413696,28.67775502204895,1000.0,2559.112060546875,,
136,1824,61,249856,0.04918275773525238,-0.015401564224157482,0.01421159,56.627927494049075,0.2,300,0.110791015625,0.0001,22.473926544189453,0.9489046931266785,28.68187370300293,1000.0,2559.112060546875,,
151,1673,62,253952,0.049195632338523865,-0.0142309092101641,0.014836395,48.5240837097168,0.2,305,0.1263671875,0.0001,16.616849899291992,0.9621032476425171,28.67929983139038,1000.0,2559.112060546875,250000,2.841584224918528
155,1664,63,258048,0.04918970167636871,-0.01247512666741386,0.014811495,51.26506576538086,0.2,310,0.14541015625,0.0001,23.189550399780273,0.9669356346130371,28.676588010787963,1000.0,2522.78955078125,,
156,1671,64,262144,0.049154385924339294,-0.01424947368213907,0.016965609,55.7073748588562,0.2,315,0.145458984375,0.0001,25.786462783813477,0.9587797522544861,28.6835129737854,1000.0,2522.78955078125,,
158,1679,65,266240,0.04913076013326645,-0.012403719685971737,0.01577914,38.42245979309082,0.2,320,0.115673828125,0.0001,14.441189765930176,0.9453811645507812,28.69530282020569,1000.0,2522.78955078125,,
160,1687,66,270336,0.049132559448480606,-0.015396878507453948,0.02135818,31.613624715805052,0.2,325,0.20185546875,0.0001,12.555289268493652,0.9550114870071411,28.70073471069336,1000.0,2522.78955078125,,
163,1675,67,274432,0.04911256581544876,-0.014173075795406475,0.017373439,31.444418334960936,0.2,330,0.175341796875,0.0001,15.915905952453613,0.9587854146957397,28.701922941207886,1000.0,2457.341552734375,,
165,1682,68,278528,0.0490620881319046,-0.014959567587357014,0.015958348,68.97957925796509,0.2,335,0.158154296875,0.0001,34.424381256103516,0.9329786896705627,28.71543984413147,1000.0,2457.341552734375,,
167,1690,69,282624,0.04903656989336014,-0.009279348858399317,0.009701482,85.13107719421387,0.2,340,0.08505859375,0.0001,32.688690185546875,0.9415000677108765,28.730357074737547,1000.0,2457.341552734375,,
168,1697,70,286720,0.049029335379600525,-0.011329497728729621,0.009363789,79.42071704864502,0.2,345,0.07197265625,0.0001,29.992080688476562,0.9428119659423828,28.736587619781496,1000.0,2457.341552734375,,
172,1685,71,290816,0.0490083247423172,-0.010639380174688995,0.010715582,77.63265409469605,0.2,350,0.07431640625,0.0001,31.70387840270996,0.9394277930259705,28.74021692276001,1000.0,2489.828369140625,,
174,1692,72,294912,0.04899508133530617,-0.009901715343585239,0.011170434,63.00966472625733,0.2,355,0.0625,0.0001,27.343048095703125,0.9159098863601685,28.74801836013794,1000.0,2489.828369140625,,
176,1697,73,299008,0.04897856339812279,-0.007974310830468312,0.010222588,30.320608615875244,0.2,360,0.041015625,0.0001,10.274332046508789,0.946587860584259,28.75193319320679,1000.0,2489.828369140625,,
178,1702,74,303104,0.048971280455589294,-0.011699596059042961,0.013235887,30.211274480819704,0.2,365,0.084228515625,0.0001,10.489072799682617,0.9544023275375366,28.75798625946045,1000.0,2489.828369140625,,
181,1688,75,307200,0.04896150156855583,-0.012270836159586906,0.013905663,26.175645112991333,0.2,370,0.105322265625,0.0001,10.632508277893066,0.9650189280509949,28.75975923538208,1000.0,2469.840576171875,,
183,1695,76,311296,0.0489264577627182,-0.012842091749189422,0.014969171,46.84314136505127,0.2,375,0.128857421875,0.0001,20.043352127075195,0.9382490515708923,28.76781806945801,1000.0,2469.840576171875,,
185,1701,77,315392,0.04890519753098488,-0.013050246774218977,0.013560012,36.13894557952881,0.2,380,0.10390625,0.0001,14.387859344482422,0.9528648257255554,28.779773664474487,1000.0,2469.840576171875,,
187,1708,78,319488,0.048867788165807724,-0.012911883078049868,0.013341092,35.209183025360105,0.2,385,0.111279296875,0.0001,16.460771560668945,0.9553202986717224,28.788956451416016,1000.0,2469.840576171875,,
190,1694,79,323584,0.04884776100516319,-0.01579077701899223,0.015630094,33.66498532295227,0.2,390,0.151025390625,0.0001,15.279911994934082,0.9581384062767029,28.801258945465086,1000.0,2520.8134765625,,
192,1700,80,327680,0.04884738102555275,-0.006812177243409679,0.007814047,74.05003728866578,0.2,395,0.0462890625,0.0001,22.766878128051758,0.9299839735031128,28.80472364425659,1000.0,2520.8134765625,,
194,1706,81,331776,0.04884837567806244,-0.009515800827648491,0.010394892,56.32520809173584,0.2,400,0.045166015625,0.0001,19.174360275268555,0.9533280730247498,28.80431776046753,1000.0,2520.8134765625,,
196,1712,82,335872,0.04884277284145355,-0.007912636885885149,0.010246912,47.478705930709836,0.2,405,0.046728515625,0.0001,17.836456298828125,0.9678517580032349,28.8047354221344,1000.0,2520.8134765625,,
199,1699,83,339968,0.048843443393707275,-0.010662699217209592,0.012851143,42.111270904541016,0.2,410,0.065478515625,0.0001,17.641206741333008,0.976823627948761,28.806608295440675,1000.0,2462.513427734375,,
201,1705,84,344064,0.0488424114882946,-0.010507064050761983,0.011397876,61.18482084274292,0.2,415,0.077099609375,0.0001,27.687252044677734,0.9661955237388611,28.805736684799193,1000.0,2462.513427734375,,
203,1712,85,348160,0.048834964632987976,-0.010890249727526679,0.015349112,46.4136830329895,0.2,420,0.09638671875,0.0001,20.13800621032715,0.974774181842804,28.807255029678345,1000.0,2462.513427734375,,
206,1702,86,352256,0.048834241926670074,-0.010419138439465314,0.012946451,42.573948287963866,0.2,425,0.106591796875,0.0001,18.33502197265625,0.9761448502540588,28.80984582901001,1000.0,2482.970703125,,
209,1705,87,356352,0.04884805157780647,-0.010771266149822623,0.014281778,45.26443042755127,0.2,430,0.12197265625,0.0001,20.393756866455078,0.9737354516983032,28.807333421707153,1000.0,2482.970703125,,
210,1710,88,360448,0.04884527623653412,-0.010794323560548946,0.011983878,44.164259910583496,0.2,435,0.08232421875,0.0001,15.933609962463379,0.9748573303222656,28.803947305679323,1000.0,2482.970703125,,
212,1716,89,364544,0.04885073006153107,-0.012889431451912969,0.013031356,27.459158182144165,0.2,440,0.0880859375,0.0001,9.45600700378418,0.9818360805511475,28.805074167251586,1000.0,2482.970703125,,
216,1705,90,368640,0.048845451325178146,-0.011526453617261723,0.013653148,24.713450241088868,0.2,445,0.109326171875,0.0001,8.482216835021973,0.982307493686676,28.803362369537354,1000.0,2508.666015625,,
217,1710,91,372736,0.04882838577032089,-0.015412510378519073,0.017133668,35.20888690948486,0.2,450,0.16318359375,0.0001,12.937527656555176,0.978840172290802,28.80802903175354,1000.0,2508.666015625,,
219,1716,92,376832,0.04882000759243965,-0.010684552456950769,0.010160776,62.02008714675903,0.2,455,0.06640625,0.0001,21.60708999633789,0.9579429626464844,28.813739013671874,1000.0,2508.666015625,,
221,1722,93,380928,0.04882081225514412,-0.007897412980673835,0.009988183,53.16284103393555,0.2,460,0.04169921875,0.0001,19.054582595825195,0.9609065651893616,28.814774560928345,1000.0,2508.666015625,,
224,1714,94,385024,0.04882673919200897,-0.009716129035223276,0.012113072,49.57305717468262,0.2,465,0.060693359375,0.0001,18.37087059020996,0.9611843228340149,28.813686084747314,1000.0,2513.8427734375,,
226,1718,95,389120,0.0488242469727993,-0.011171857040608302,0.013195104,59.50403871536255,0.2,470,0.09375,0.0001,27.636272430419922,0.9547858834266663,28.81255555152893,1000.0,2513.8427734375,,
228,1723,96,393216,0.04881977289915085,-0.008643637568457051,0.010780988,72.622562789917,0.2,475,0.0625,0.0001,28.777969360351562,0.957876980304718,28.813897609710693,1000.0,2513.8427734375,,
229,1728,97,397312,0.0488152876496315,-0.010795661399606615,0.013331458,67.00722236633301,0.2,480,0.08232421875,0.0001,24.902406692504883,0.9643686413764954,28.81587896347046,1000.0,2513.8427734375,,
233,1719,98,401408,0.04881257936358452,-0.010647270345361903,0.012790816,56.70596723556518,0.2,485,0.078076171875,0.0001,23.632022857666016,0.9720633029937744,28.816779375076294,1000.0,2481.967529296875,,
235,1725,99,405504,0.04881870374083519,-0.010927485954016446,0.01537979,52.955666065216064,0.2,490,0.106005859375,0.0001,23.82666015625,0.9726220369338989,28.816301774978637,1000.0,2481.967529296875,,
236,1729,100,409600,0.0488225556910038,-0.009332755301147699,0.010649111,37.31921272277832,0.2,495,0.073291015625,0.0001,15.019500732421875,0.9767013788223267,28.813945722579955,1000.0,2481.967529296875,,
238,1734,101,413696,0.04882671684026718,-0.0113448029384017,0.013414241,30.73424530029297,0.2,500,0.096533203125,0.0001,10.87193775177002,0.9806285500526428,28.81288876533508,1000.0,2481.967529296875,,
241,1726,102,417792,0.048819318413734436,-0.010976032016333192,0.013213339,28.244606018066406,0.2,505,0.12080078125,0.0001,9.206734657287598,0.9816097021102905,28.813154029846192,1000.0,2490.542724609375,,
243,1731,103,421888,0.04879874363541603,-0.016439083172008394,0.017647497,40.624432468414305,0.2,510,0.1708984375,0.0001,15.951820373535156,0.9581212997436523,28.81809229850769,1000.0,2490.542724609375,,
245,1736,104,425984,0.048804037272930145,-0.009371334360912443,0.010874927,30.490660619735717,0.2,515,0.0802734375,0.0001,9.161731719970703,0.9540452361106873,28.823658561706544,1000.0,2490.542724609375,,
246,1741,105,430080,0.04880206286907196,-0.008361015492118895,0.012643285,17.97205090522766,0.2,520,0.08486328125,0.0001,5.495848655700684,0.9731165766716003,28.820242166519165,1000.0,2490.542724609375,,
250,1731,106,434176,0.04878037050366402,-0.011245732847601175,0.012880971,16.391066431999207,0.2,525,0.09560546875,0.0001,5.428641319274902,0.9782984256744385,28.8256564617157,1000.0,2526.841552734375,,
252,1735,107,438272,0.048759281635284424,-0.012871527660172433,0.017927328,37.45367112159729,0.2,530,0.130126953125,0.0001,16.196237564086914,0.9671312570571899,28.833733129501343,1000.0,2526.841552734375,,
254,1740,108,442368,0.0487239807844162,-0.01368929180316627,0.016899714,30.4842800617218,0.2,535,0.156787109375,0.0001,11.958183288574219,0.9724442362785339,28.842796516418456,1000.0,2526.841552734375,,
255,1744,109,446464,0.04870154336094856,-0.01295220159809105,0.016321914,26.738978910446168,0.2,540,0.134423828125,0.0001,10.968992233276367,0.9775583744049072,28.85459246635437,1000.0,2526.841552734375,,
260,1731,110,450560,0.04868847131729126,-0.010951837402535603,0.016933003,24.979920816421508,0.2,545,0.143896484375,0.0001,10.94536018371582,0.9813178777694702,28.861529445648195,1000.0,2515.815185546875,,
261,1736,111,454656,0.048676565289497375,-0.012088503487757408,0.011201826,65.0323974609375,0.2,550,0.092724609375,0.0001,28.275657653808594,0.9657095670700073,28.865608835220335,1000.0,2515.815185546875,,
263,1740,112,458752,0.04866940900683403,-0.006813305208925158,0.008278985,64.84709196090698,0.2,555,0.035009765625,0.0001,19.65896224975586,0.9690378308296204,28.869302463531493,1000.0,2515.815185546875,,
265,1744,113,462848,0.04866892099380493,-0.008420794183621183,0.009281687,47.805082607269284,0.2,560,0.044921875,0.0001,15.644639015197754,0.9735868573188782,28.8710777759552,1000.0,2515.815185546875,,
268,1738,114,466944,0.04866686835885048,-0.0071109339245595034,0.008985016,47.15897698402405,0.2,565,0.0509765625,0.0001,15.404475212097168,0.9714017510414124,28.870899200439453,1000.0,2533.867431640625,,
270,1742,115,471040,0.04863418638706207,-0.013466728484490886,0.013352233,48.208372592926025,0.2,570,0.108544921875,0.0001,20.8249454498291,0.964632511138916,28.87638635635376,1000.0,2533.867431640625,,
272,1746,116,475136,0.0485980324447155,-0.012640101596480236,0.016050873,19.090188646316527,0.2,575,0.11728515625,0.0001,6.726997375488281,0.9816482663154602,28.888831901550294,1000.0,2533.867431640625,,
273,1750,117,479232,0.04856842756271362,-0.015506263461429626,0.016324366,22.06971344947815,0.2,580,0.153662109375,0.0001,7.955434322357178,0.9809296727180481,28.9023220539093,1000.0,2533.867431640625,,
277,1740,118,483328,0.04857024922966957,-0.015645630873041227,0.015473375,18.87720046043396,0.2,585,0.14130859375,0.0001,6.882657527923584,0.9852332472801208,28.90910506248474,1000.0,2526.911376953125,,
279,1745,119,487424,0.04857488349080086,-0.010718967439606786,0.010405665,82.79107732772827,0.2,590,0.074609375,0.0001,34.52518844604492,0.9062057733535767,28.90572009086609,1000.0,2526.911376953125,,
281,1748,120,491520,0.04856777936220169,-0.009764230530709028,0.009773172,57.21319389343262,0.2,595,0.0474609375,0.0001,16.76209259033203,0.8977543115615845,28.906075096130373,1000.0,2526.911376953125,,
283,1750,121,495616,0.04856066033244133,-0.010403833028976805,0.011573271,54.98825511932373,0.2,600,0.0623046875,0.0001,20.01506996154785,0.9031332731246948,28.909392738342284,1000.0,2526.911376953125,,
287,1739,122,499712,0.04854677617549896,-0.010791709265322424,0.013880957,52.38618679046631,0.2,605,0.089697265625,0.0001,23.41887664794922,0.9132465124130249,28.912353849411012,1000.0,2533.85791015625,,
300,1677,123,503808,0.04854805767536163,-0.011127611726988108,0.011708843,74.8029613494873,0.2,610,0.08046875,0.0001,28.69084358215332,0.9134719967842102,28.916466331481935,1000.0,2533.85791015625,500000,2.844698929469008
302,1681,124,507904,0.04852863773703575,-0.014991424197796732,0.0138967,42.27419366836548,0.2,615,0.111474609375,0.0001,16.36184310913086,0.9471964836120605,28.91753511428833,1000.0,2533.85791015625,,
305,1677,125,512000,0.04850947856903076,-0.013910345910699107,0.013150202,40.843309259414674,0.2,620,0.106884765625,0.0001,15.088786125183105,0.9505116939544678,28.92633924484253,1000.0,2479.8916015625,,
307,1678,126,516096,0.048505738377571106,-0.013547036808449774,0.013677448,35.08695902824402,0.2,625,0.101123046875,0.0001,11.808117866516113,0.9583238363265991,28.931204652786256,1000.0,2479.8916015625,,
309,1682,127,520192,0.04850452020764351,-0.008013958856463433,0.00833164,61.75047969818115,0.2,630,0.047412109375,0.0001,23.85752296447754,0.907854437828064,28.931544923782347,1000.0,2479.8916015625,,
310,1686,128,524288,0.048506077378988266,-0.008530187408905477,0.010344491,45.24031929969787,0.2,635,0.05908203125,0.0001,20.126577377319336,0.9385203123092651,28.93162112236023,1000.0,2479.8916015625,,
314,1681,129,528384,0.048524364829063416,-0.010591891268268228,0.013804911,41.27412509918213,0.2,640,0.085595703125,0.0001,15.639500617980957,0.9476037621498108,28.928791046142578,1000.0,2486.369140625,,
316,1684,130,532480,0.048517078161239624,-0.014166944159660489,0.013657106,41.562010288238525,0.2,645,0.1314453125,0.0001,17.091012954711914,0.951955258846283,28.924547290802003,1000.0,2486.369140625,,
318,1686,131,536576,0.04849068447947502,-0.01249498313118238,0.012608302,22.261119890213013,0.2,650,0.10419921875,0.0001,6.962174892425537,0.9760066270828247,28.931203746795653,1000.0,2486.369140625,,
320,1689,132,540672,0.04848143830895424,-0.010889349144417793,0.011090653,17.776992797851562,0.2,655,0.09609375,0.0001,5.554557800292969,0.9795099496841431,28.939061069488524,1000.0,2486.369140625,,
324,1681,133,544768,0.04847534000873566,-0.012719405262032524,0.017649708,15.784191942214965,0.2,660,0.14443359375,0.0001,5.723334312438965,0.9822492003440857,28.94089879989624,1000.0,2565.133056640625,,
325,1684,134,548864,0.048449620604515076,-0.012943777843611315,0.018345155,27.099270582199097,0.2,665,0.167236328125,0.0001,12.167057991027832,0.9808964729309082,28.947198915481568,1000.0,2565.133056640625,,
327,1688,135,552960,0.0484466552734375,-0.012249031953979283,0.013339923,69.89842557907104,0.2,670,0.1208984375,0.0001,26.8995361328125,0.9629919528961182,28.952963304519653,1000.0,2565.133056640625,,
329,1691,136,557056,0.048451509326696396,-0.012774157046806067,0.012557244,56.82073783874512,0.2,675,0.111962890625,0.0001,26.272768020629883,0.966630220413208,28.952479934692384,1000.0,2565.133056640625,,
333,1683,137,561152,0.04844226315617561,-0.011189396621193736,0.012571905,59.05130643844605,0.2,680,0.09990234375,0.0001,25.707778930664062,0.968291163444519,28.9524094581604,1000.0,2511.30615234375,,
335,1686,138,565248,0.048452407121658325,-0.013900421155267396,0.011494262,84.7497633934021,0.2,685,0.109423828125,0.0001,33.084808349609375,0.9522848129272461,28.9535870552063,1000.0,2511.30615234375,,
337,1688,139,569344,0.04844684898853302,-0.010208227229304612,0.009532058,67.65755186080932,0.2,690,0.0568359375,0.0001,21.567419052124023,0.9232409000396729,28.9516553401947,1000.0,2511.30615234375,,
339,1691,140,573440,0.048457153141498566,-0.011079947312828154,0.010436295,67.84770574569703,0.2,695,0.07529296875,0.0001,25.394447326660156,0.9361492991447449,28.952498388290405,1000.0,2511.30615234375,,
342,1685,141,577536,0.04846493899822235,-0.015491561306407674,0.014182273,70.67894124984741,0.2,700,0.109814453125,0.0001,30.60894775390625,0.9410455822944641,28.947728872299194,1000.0,2479.465087890625,,
344,1688,142,581632,0.04847577214241028,-0.0147433981182985,0.01490665,78.23491096496582,0.2,705,0.1322265625,0.0001,37.86030578613281,0.9374772906303406,28.944976568222046,1000.0,2479.465087890625,,
346,1692,143,585728,0.04847492277622223,-0.010935168899595737,0.011630489,61.57370300292969,0.2,710,0.089501953125,0.0001,19.730093002319336,0.9239037036895752,28.942355728149415,1000.0,2479.465087890625,,
347,1695,144,589824,0.048463597893714905,-0.01499365659256,0.014544943,55.565200328826904,0.2,715,0.128857421875,0.0001,21.869281768798828,0.9354166984558105,28.944947147369383,1000.0,2479.465087890625,,
351,1690,145,593920,0.04846233129501343,-0.012816665484569967,0.013916348,52.061046314239505,0.2,720,0.1111328125,0.0001,20.889698028564453,0.9436420798301697,28.94828042984009,1000.0,2469.337646484375,,
353,1693,146,598016,0.048465754836797714,-0.013810578151606023,0.013804546,65.39900159835815,0.2,725,0.1212890625,0.0001,28.622798919677734,0.9507930278778076,28.947350120544435,1000.0,2469.337646484375,,
355,1695,147,602112,0.04845289885997772,-0.014233516657259315,0.014402095,52.767280197143556,0.2,730,0.118408203125,0.0001,21.1464900970459,0.9659802317619324,28.948424196243288,1000.0,2469.337646484375,,
357,1697,148,606208,0.04844158515334129,-0.011862243298674002,0.014262776,45.24175682067871,0.2,735,0.12890625,0.0001,18.59389305114746,0.9738731980323792,28.953818988800048,1000.0,2469.337646484375,,
361,1687,149,610304,0.048444461077451706,-0.01317196041927673,0.017585983,42.688337326049805,0.2,740,0.16259765625,0.0001,18.529638290405273,0.9775893092155457,28.955774593353272,1000.0,2479.301025390625,,
363,1690,150,614400,0.04843871295452118,-0.010118334874277934,0.0149361435,56.193157863616946,0.2,745,0.12802734375,0.0001,27.244094848632812,0.9681473970413208,28.95570125579834,1000.0,2479.301025390625,,
365,1693,151,618496,0.04843907058238983,-0.008212684991303832,0.010988634,40.4151529788971,0.2,750,0.052001953125,0.0001,15.892143249511719,0.966294527053833,28.957337427139283,1000.0,2479.301025390625,,
366,1697,152,622592,0.04843902960419655,-0.009580917935818434,0.009903873,39.28283615112305,0.2,755,0.064306640625,0.0001,13.451884269714355,0.9717583060264587,28.9569450378418,1000.0,2479.301025390625,,
370,1689,153,626688,0.04842532426118851,-0.009834900626447051,0.013407895,39.08237247467041,0.2,760,0.085986328125,0.0001,14.623811721801758,0.9742469191551208,28.958723926544188,1000.0,2451.20556640625,,
372,1692,154,630784,0.04843081533908844,-0.009771077684126795,0.013910183,71.96073713302613,0.2,765,0.113330078125,0.0001,29.421871185302734,0.9512198567390442,28.962278175354005,1000.0,2451.20556640625,,
374,1694,155,634880,0.04843207076191902,-0.008712373580783606,0.011277566,72.65372972488403,0.2,770,0.06748046875,0.0001,27.449068069458008,0.9453293681144714,28.959446001052857,1000.0,2451.20556640625,,
376,1696,156,638976,0.048425860702991486,-0.012662689201533794,0.013275884,66.30398836135865,0.2,775,0.098046875,0.0001,25.98088264465332,0.9514507055282593,28.960449838638304,1000.0,2451.20556640625,,
380,1690,157,643072,0.04842325299978256,-0.011178628448396922,0.01521523,62.31559534072876,0.2,780,0.11201171875,0.0001,28.120946884155273,0.95702064037323,28.962911224365236,1000.0,2452.833984375,,
382,1693,158,647168,0.048423074185848236,-0.012773550441488623,0.014119124,62.25843076705932,0.2,785,0.1166015625,0.0001,27.595521926879883,0.9557346701622009,28.963323974609374,1000.0,2452.833984375,,
383,1696,159,651264,0.04841901361942291,-0.009148924914188682,0.009885627,47.59101781845093,0.2,790,0.05234375,0.0001,14.13955307006836,0.9695531129837036,28.963413810729982,1000.0,2452.833984375,,
385,1698,160,655360,0.048407044261693954,-0.00901934455614537,0.009162053,41.17777104377747,0.2,795,0.055419921875,0.0001,13.50924301147461,0.969274640083313,28.966536617279054,1000.0,2452.833984375,,
389,1694,161,659456,0.04840220510959625,-0.012640060685225763,0.012101187,40.773363256454466,0.2,800,0.09736328125,0.0001,14.999093055725098,0.9687049388885498,28.970265197753907,1000.0,2506.812744140625,,
390,1697,162,663552,0.04840783402323723,-0.011270291521213949,0.015241457,57.99949579238891,0.2,805,0.11064453125,0.0001,24.872554779052734,0.9674102663993835,28.97059898376465,1000.0,2506.812744140625,,
392,1700,163,667648,0.04839986562728882,-0.009540752181783319,0.011675965,35.7467915058136,0.2,810,0.092578125,0.0001,12.93399429321289,0.9775222539901733,28.968914222717284,1000.0,2506.812744140625,,
394,1701,164,671744,0.04838310927152634,-0.011914267763495445,0.013861548,30.30684099197388,0.2,815,0.093408203125,0.0001,8.391620635986328,0.9799599051475525,28.97488236427307,1000.0,2506.812744140625,,
398,1695,165,675840,0.048394836485385895,-0.010878556780517102,0.01597013,20.060342836380006,0.2,820,0.117041015625,0.0001,5.840575695037842,0.9859310984611511,28.97687487602234,1000.0,2550.430908203125,,
400,1698,166,679936,0.04839529097080231,-0.011722578440094366,0.01146826,52.6041597366333,0.2,825,0.11279296875,0.0001,22.595415115356445,0.9701245427131653,28.972905826568603,1000.0,2550.430908203125,,
402,1701,167,684032,0.04839489981532097,-0.0135087558766827,0.014753259,28.15579490661621,0.2,830,0.132080078125,0.0001,13.083182334899902,0.9813483953475952,28.974042224884034,1000.0,2550.430908203125,,
406,1692,168,688128,0.048365574330091476,-0.013336208276450634,0.016358662,27.472131967544556,0.2,835,0.180224609375,0.0001,10.272906303405762,0.9823275804519653,28.978207111358643,1000.0,2578.371826171875,,
408,1694,169,692224,0.04834041744470596,-0.01130652132560499,0.017145732,22.1997540473938,0.2,840,0.194775390625,0.0001,9.806008338928223,0.9860925674438477,28.990861082077025,1000.0,2578.371826171875,,
410,1697,170,696320,0.048317801207304,-0.01101375138387084,0.01659239,27.33155484199524,0.2,845,0.16416015625,0.0001,11.623005867004395,0.968348503112793,28.997481918334962,1000.0,2578.371826171875,,
411,1700,171,700416,0.04827909916639328,-0.011919473699526862,0.017996468,18.575504183769226,0.2,850,0.16484375,0.0001,9.324806213378906,0.9783400893211365,29.00845332145691,1000.0,2578.371826171875,,
415,1694,172,704512,0.04825839027762413,-0.011762087675742805,0.01551518,18.023972821235656,0.2,855,0.148681640625,0.0001,6.7491679191589355,0.9793268442153931,29.02158064842224,1000.0,2570.2001953125,,
417,1696,173,708608,0.04825853556394577,-0.013964844783185982,0.015626164,26.586237287521364,0.2,860,0.173486328125,0.0001,11.163581848144531,0.9719170331954956,29.02494344711304,1000.0,2570.2001953125,,
419,1699,174,712704,0.04825260862708092,-0.0102695323061198,0.010421901,34.07402305603027,0.2,865,0.084912109375,0.0001,10.821885108947754,0.9799514412879944,29.025585317611693,1000.0,2570.2001953125,,
421,1702,175,716800,0.04824741184711456,-0.010965711891185493,0.011806985,29.6526789188385,0.2,870,0.088134765625,0.0001,9.531726837158203,0.9815344214439392,29.02846941947937,1000.0,2570.2001953125,,
424,1696,176,720896,0.04821670055389404,-0.010921329690609128,0.0114816725,25.18525938987732,0.2,875,0.109619140625,0.0001,8.137334823608398,0.9848849773406982,29.03277368545532,1000.0,2622.356201171875,,
426,1699,177,724992,0.0481928288936615,-0.013258934998884798,0.017793057,38.38296775817871,0.2,880,0.170068359375,0.0001,16.53260040283203,0.9736415147781372,29.046255111694336,1000.0,2622.356201171875,,
428,1701,178,729088,0.0481979101896286,-0.012700102981762029,0.013931053,31.971560621261595,0.2,885,0.13203125,0.0001,12.383051872253418,0.9801458120346069,29.04911012649536,1000.0,2622.356201171875,,
430,1704,179,733184,0.048177625983953476,-0.015482835212606006,0.01627425,23.519332027435304,0.2,890,0.16474609375,0.0001,8.947163581848145,0.9849280118942261,29.05021753311157,1000.0,2622.356201171875,,
433,1699,180,737280,0.04816129431128502,-0.013401193369645625,0.015637005,21.534417629241943,0.2,895,0.146923828125,0.0001,8.579096794128418,0.9879815578460693,29.058763360977174,1000.0,2654.3359375,,
435,1701,181,741376,0.04815034940838814,-0.0131565226794919,0.016524877,42.42683506011963,0.2,900,0.13447265625,0.0001,17.327539443969727,0.976454496383667,29.06424069404602,1000.0,2654.3359375,,
437,1703,182,745472,0.048146408051252365,-0.011985999846365303,0.012156442,42.587404584884645,0.2,905,0.095361328125,0.0001,16.643444061279297,0.9589880704879761,29.06609263420105,1000.0,2654.3359375,,
439,1706,183,749568,0.048136789351701736,-0.013095677806995809,0.013889074,38.741837692260745,0.2,910,0.107275390625,0.0001,16.008766174316406,0.95948725938797,29.06856188774109,1000.0,2654.3359375,,
454,1656,184,753664,0.048130884766578674,-0.012987157248426228,0.013811437,33.473666763305665,0.2,915,0.12646484375,0.0001,14.324329376220703,0.9628543257713318,29.071868324279784,1000.0,2595.149169921875,750000,2.850225982674812
456,1658,185,757760,0.04812229052186012,-0.01514842949109152,0.0152144,53.58396987915039,0.2,920,0.131103515625,0.0001,22.364633560180664,0.9516255855560303,29.07410521507263,1000.0,2595.149169921875,,
458,1661,186,761856,0.04812367260456085,-0.014402498945128173,0.013244968,43.261523151397704,0.2,925,0.126171875,0.0001,16.53761100769043,0.9549899697303772,29.07598180770874,1000.0,2595.149169921875,,
460,1663,187,765952,0.04812132194638252,-0.011597677459940314,0.012788435,37.43301525115967,0.2,930,0.125927734375,0.0001,14.933771133422852,0.9598751068115234,29.075733137130737,1000.0,2595.149169921875,,
463,1659,188,770048,0.04809288680553436,-0.01383371984702535,0.017019361,39.94658002853394,0.2,935,0.15654296875,0.0001,16.186582565307617,0.9622558355331421,29.081345558166504,1000.0,2602.742431640625,,
465,1662,189,774144,0.04807545989751816,-0.012561142584308982,0.01641633,41.21879367828369,0.2,940,0.181298828125,0.0001,18.06343650817871,0.9702287316322327,29.0912868976593,1000.0,2602.742431640625,,
467,1664,190,778240,0.04807667434215546,-0.013086685893358662,0.014321194,19.67533051967621,0.2,945,0.131005859375,0.0001,6.952625274658203,0.9860943555831909,29.094122838974,1000.0,2602.742431640625,,
469,1667,191,782336,0.048034463077783585,-0.013949601736385375,0.016374152,19.97895827293396,0.2,950,0.168896484375,0.0001,8.252481460571289,0.987235426902771,29.09922866821289,1000.0,2602.742431640625,,
473,1662,192,786432,0.04799707978963852,-0.011772069323342294,0.01877093,18.018519282341003,0.2,955,0.1779296875,0.0001,7.324995517730713,0.9885203838348389,29.117180109024048,1000.0,2614.544921875,,
474,1665,193,790528,0.047978587448596954,-0.01294094838667661,0.016215716,37.97903451919556,0.2,960,0.153466796875,0.0001,13.743095397949219,0.9783143997192383,29.126708221435546,1000.0,2614.544921875,,
476,1667,194,794624,0.04797763004899025,-0.011098512692842632,0.014921948,33.47374148368836,0.2,965,0.138623046875,0.0001,12.790995597839355,0.9763109087944031,29.13117046356201,1000.0,2614.544921875,,
478,1669,195,798720,0.04797598719596863,-0.0151560477912426,0.015636632,23.74354887008667,0.2,970,0.14052734375,0.0001,8.642094612121582,0.9792593121528625,29.130794715881347,1000.0,2614.544921875,,
481,1666,196,802816,0.047979824244976044,-0.011840818909695372,0.012939065,18.723201274871826,0.2,975,0.120166015625,0.0001,7.210054874420166,0.9849287271499634,29.130775356292723,1000.0,2577.044677734375,,
483,1669,197,806912,0.04796840250492096,-0.009707156551303341,0.009924545,53.376796627044676,0.2,980,0.06552734375,0.0001,21.506776809692383,0.9702262878417969,29.131381273269653,1000.0,2577.044677734375,,
485,1670,198,811008,0.047967325896024704,-0.010251411312492565,0.012080187,35.58444428443909,0.2,985,0.074853515625,0.0001,11.77187728881836,0.9771863222122192,29.135224437713624,1000.0,2577.044677734375,,
487,1673,199,815104,0.04796169325709343,-0.013535768014844508,0.013545197,36.38166832923889,0.2,990,0.1072265625,0.0001,14.385785102844238,0.9801880121231079,29.13528890609741,1000.0,2577.044677734375,,
491,1668,200,819200,0.0479535274207592,-0.009984379750676453,0.012234647,34.07950463294983,0.2,995,0.1146484375,0.0001,12.908018112182617,0.9828004837036133,29.138493394851686,1000.0,2533.502685546875,,
492,1670,201,823296,0.04795266315340996,-0.012858092552050948,0.013761691,72.83277349472046,0.2,1000,0.117138671875,0.0001,39.99782180786133,0.959953784942627,29.139987564086915,1000.0,2533.502685546875,,
494,1673,202,827392,0.04794160649180412,-0.012021516892127692,0.014794321,57.63532047271728,0.2,1005,0.124609375,0.0001,26.735185623168945,0.9654663801193237,29.141562080383302,1000.0,2533.502685546875,,
496,1675,203,831488,0.04793200269341469,-0.013152679614722728,0.015144148,57.97711334228516,0.2,1010,0.153271484375,0.0001,27.935319900512695,0.966124951839447,29.145750427246092,1000.0,2533.502685546875,,
499,1671,204,835584,0.04791431874036789,-0.012215988425305113,0.016197398,55.008519649505615,0.2,1015,0.144189453125,0.0001,25.41154670715332,0.9675828814506531,29.151078128814696,1000.0,2550.41015625,,
501,1673,205,839680,0.04790453985333443,-0.013441408256767318,0.0132094845,50.40265884399414,0.2,1020,0.09853515625,0.0001,24.271066665649414,0.9635930061340332,29.156405782699586,1000.0,2550.41015625,,
503,1676,206,843776,0.04791310057044029,-0.013081973849330098,0.0151654305,33.22860679626465,0.2,1025,0.13984375,0.0001,13.760594367980957,0.9740299582481384,29.15776124000549,1000.0,2550.41015625,,
505,1678,207,847872,0.04790389910340309,-0.015559534879866988,0.017619416,37.63804678916931,0.2,1030,0.158349609375,0.0001,16.87060546875,0.9726327657699585,29.15555410385132,1000.0,2550.41015625,,
509,1673,208,851968,0.047889452427625656,-0.015074867045041174,0.0155278975,33.065280246734616,0.2,1035,0.15029296875,0.0001,13.520590782165527,0.9768930077552795,29.161275005340578,1000.0,2548.004150390625,,
510,1675,209,856064,0.04787593334913254,-0.010104057186981662,0.012006648,38.06760187149048,0.2,1040,0.100927734375,0.0001,18.234304428100586,0.9752720594406128,29.16630086898804,1000.0,2548.004150390625,,
512,1678,210,860160,0.047862350940704346,-0.010660676250699908,0.013830216,13.807864880561828,0.2,1045,0.109375,0.0001,4.266824722290039,0.9902069568634033,29.17149429321289,1000.0,2548.004150390625,,
515,1675,211,864256,0.047849610447883606,-0.012412706163013354,0.017812636,13.257763695716857,0.2,1050,0.16748046875,0.0001,4.592509746551514,0.9901739954948425,29.176319742202757,1000.0,2542.503173828125,,
517,1676,212,868352,0.04783160984516144,-0.01047341173980385,0.015624523,17.944037628173827,0.2,1055,0.1724609375,0.0001,8.211243629455566,0.9878538250923157,29.18118119239807,1000.0,2542.503173828125,,
519,1679,213,872448,0.047826506197452545,-0.010011539206607268,0.01247742,30.50759904384613,0.2,1060,0.094140625,0.0001,9.925485610961914,0.9595534205436707,29.18741817474365,1000.0,2542.503173828125,,
521,1681,214,876544,0.047837819904088974,-0.012416819372447208,0.011476727,24.18260176181793,0.2,1065,0.111767578125,0.0001,6.593667984008789,0.9608549475669861,29.1863431930542,1000.0,2542.503173828125,,
525,1676,215,880640,0.04781639948487282,-0.010106408630963414,0.014760997,21.055609941482544,0.2,1070,0.1474609375,0.0001,8.475919723510742,0.9687725901603699,29.186016416549684,1000.0,2568.0185546875,,
527,1678,216,884736,0.047804005444049835,-0.012028590391855687,0.012710454,46.65787963867187,0.2,1075,0.152490234375,0.0001,20.89189338684082,0.9449301362037659,29.194700479507446,1000.0,2568.0185546875,,
529,1679,217,888832,0.04780136048793793,-0.007373860786901787,0.009698862,32.20121746063232,0.2,1080,0.055712890625,0.0001,9.220611572265625,0.9615223407745361,29.196981811523436,1000.0,2568.0185546875,,
530,1681,218,892928,0.047806911170482635,-0.01182124363258481,0.01289066,26.799195528030396,0.2,1085,0.088818359375,0.0001,9.92003059387207,0.9715243577957153,29.196826124191283,1000.0,2568.0185546875,,
534,1677,219,897024,0.04780616611242294,-0.01290462309261784,0.015773833,26.622913217544557,0.2,1090,0.141455078125,0.0001,8.961862564086914,0.9783770442008972,29.194691514968873,1000.0,2577.063720703125,,
536,1680,220,901120,0.0478060282766819,-0.012759095767978578,0.015347671,37.36992464065552,0.2,1095,0.156005859375,0.0001,15.156538963317871,0.9763311147689819,29.195735883712768,1000.0,2577.063720703125,,
538,1682,221,905216,0.047797515988349915,-0.009965442650718614,0.009279562,59.149189186096194,0.2,1100,0.0841796875,0.0001,21.95342445373535,0.9662449955940247,29.196296215057373,1000.0,2577.063720703125,,
539,1684,222,909312,0.0478048138320446,-0.011917347786948085,0.012319407,53.75049667358398,0.2,1105,0.102392578125,0.0001,25.5501766204834,0.9710308909416199,29.198411989212037,1000.0,2577.063720703125,,
543,1681,223,913408,0.04780615121126175,-0.012851362657966093,0.014272383,54.21885995864868,0.2,1110,0.138623046875,0.0001,22.86653709411621,0.9722295999526978,29.19544687271118,1000.0,2578.42431640625,,
545,1683,224,917504,0.04780394956469536,-0.012806430086493492,0.01617854,48.096260452270506,0.2,1115,0.14345703125,0.0001,28.288728713989258,0.9751740097999573,29.196119928359984,1000.0,2578.42431640625,,
547,1684,225,921600,0.04780668392777443,-0.010964959749253466,0.012088077,17.402927494049074,0.2,1120,0.1154296875,0.0001,5.984421253204346,0.9920661449432373,29.195787525177003,1000.0,2578.42431640625,,
548,1686,226,925696,0.0478246845304966,-0.013051932153757662,0.016150646,13.85991187095642,0.2,1125,0.14755859375,0.0001,5.23004150390625,0.9934905767440796,29.193606472015382,1000.0,2578.42431640625,,
553,1680,227,929792,0.04783112555742264,-0.01483180774957873,0.015979804,12.497652506828308,0.2,1130,0.162841796875,0.0001,4.696051597595215,0.9943981170654297,29.186629152297975,1000.0,2604.37255859375,,
554,1682,228,933888,0.04782158136367798,-0.014089983387384564,0.017112423,40.14442248344422,0.2,1135,0.162646484375,0.0001,16.859512329101562,0.9779431223869324,29.188377618789673,1000.0,2604.37255859375,,
556,1685,229,937984,0.04781046137213707,-0.012793287727981805,0.01396082,33.47171549797058,0.2,1140,0.136572265625,0.0001,13.023381233215332,0.9698395729064941,29.19114727973938,1000.0,2604.37255859375,,
558,1687,230,942080,0.04778801277279854,-0.015707513468805702,0.019729747,26.935016441345216,0.2,1145,0.168701171875,0.0001,11.36166000366211,0.9733541011810303,29.197566080093384,1000.0,2604.37255859375,,
562,1683,231,946176,0.04776225611567497,-0.012291791080497206,0.022130394,30.32708387374878,0.2,1150,0.201806640625,0.0001,15.41836166381836,0.9728802442550659,29.206898307800294,1000.0,2630.242919921875,,
563,1685,232,950272,0.04774666577577591,-0.012586000084411353,0.016761292,33.89051861763001,0.2,1155,0.158447265625,0.0001,13.063130378723145,0.9735352993011475,29.21549344062805,1000.0,2630.242919921875,,
565,1687,233,954368,0.04771881178021431,-0.008266014017863199,0.012489708,21.90350546836853,0.2,1160,0.097607421875,0.0001,7.154959201812744,0.9810444712638855,29.222233057022095,1000.0,2630.242919921875,,
567,1689,234,958464,0.04769221693277359,-0.012572232750244439,0.015006106,22.528657722473145,0.2,1165,0.143017578125,0.0001,9.002613067626953,0.9828514456748962,29.23436255455017,1000.0,2630.242919921875,,
571,1684,235,962560,0.04767937958240509,-0.014559348209877499,0.019528335,18.759958028793335,0.2,1170,0.172021484375,0.0001,8.938261032104492,0.986769437789917,29.241239500045776,1000.0,2605.0,,
573,1686,236,966656,0.047698725014925,-0.015112231907551177,0.014945982,39.99936714172363,0.2,1175,0.1400390625,0.0001,16.511001586914062,0.9758699536323547,29.24125928878784,1000.0,2605.0,,
574,1688,237,970752,0.04771042987704277,-0.012850235647056252,0.013721131,29.390016174316408,0.2,1180,0.1291015625,0.0001,11.914342880249023,0.981390655040741,29.234037160873413,1000.0,2605.0,,
576,1690,238,974848,0.047720082104206085,-0.014219513884745539,0.014086226,27.34504704475403,0.2,1185,0.1294921875,0.0001,11.973652839660645,0.9846299290657043,29.2307532787323,1000.0,2605.0,,
580,1687,239,978944,0.04771382361650467,-0.015410163544584066,0.015986886,27.97340750694275,0.2,1190,0.148193359375,0.0001,11.630386352539062,0.9847747087478638,29.22920455932617,1000.0,2590.42919921875,,
581,1689,240,983040,0.04770863801240921,-0.013385638740146533,0.012787761,39.543403673171994,0.2,1195,0.112744140625,0.0001,17.56385612487793,0.9699171781539917,29.23226914405823,1000.0,2590.42919921875,,
583,1691,241,987136,0.04771013557910919,-0.013349624059628695,0.013669701,20.78167748451233,0.2,1200,0.11279296875,0.0001,6.657792091369629,0.9758402109146118,29.232936573028564,1000.0,2590.42919921875,,
585,1693,242,991232,0.04769523814320564,-0.012730653514154255,0.014001922,20.228133177757265,0.2,1205,0.12666015625,0.0001,7.975624084472656,0.9796441793441772,29.23422451019287,1000.0,2590.42919921875,,
588,1690,243,995328,0.04768409579992294,-0.01176160634495318,0.013796349,19.085164165496828,0.2,1210,0.143115234375,0.0001,8.22130298614502,0.9836880564689636,29.240761947631835,1000.0,2580.207275390625,,
590,1692,244,999424,0.04768459126353264,-0.013532416190719232,0.015619289,56.58982696533203,0.2,1215,0.16376953125,0.0001,29.220500946044922,0.9599243998527527,29.242869997024535,1000.0,2580.207275390625,,
603,1663,245,1003520,0.047684118151664734,-0.010186927043832839,0.015367164,29.682398653030397,0.2,1220,0.13388671875,0.0001,11.547452926635742,0.9782827496528625,29.243099975585938,1000.0,2580.207275390625,750000,2.8347933890142585
604,1665,246,1007616,0.047667767852544785,-0.013187510451825802,0.015596271,27.504110765457153,0.2,1225,0.1552734375,0.0001,12.30530071258545,0.9785337448120117,29.244978618621825,1000.0,2580.207275390625,,
608,1663,247,1011712,0.047653913497924805,-0.013989069953095169,0.015906973,26.17006711959839,0.2,1230,0.1591796875,0.0001,10.847076416015625,0.9773686528205872,29.252296018600465,1000.0,2617.70947265625,,
610,1664,248,1015808,0.047649867832660675,-0.006411080848192796,0.006735354,131.4009286880493,0.2,1235,0.0642578125,0.0001,50.47883224487305,0.9029067754745483,29.255288791656493,1000.0,2617.70947265625,,
611,1667,249,1019904,0.047658223658800125,-0.013731958530843257,0.011243621,100.19517612457275,0.2,1240,0.086474609375,0.0001,41.86481475830078,0.9269332885742188,29.25484619140625,1000.0,2617.70947265625,,
614,1665,250,1024000,0.047655317932367325,-0.015797605697298423,0.012702983,100.92267379760742,0.2,1245,0.1056640625,0.0001,45.149131774902344,0.9320796132087708,29.25231213569641,1000.0,2548.964599609375,,
617,1666,251,1028096,0.04765123128890991,-0.01505645900615491,0.0136174075,104.39781761169434,0.2,1250,0.11611328125,0.0001,43.72296905517578,0.9308121204376221,29.25493402481079,1000.0,2548.964599609375,,
618,1668,252,1032192,0.047644827514886856,-0.0123944379738532,0.014713157,39.65195679664612,0.2,1255,0.127734375,0.0001,15.14115047454834,0.9665769338607788,29.256678533554076,1000.0,2548.964599609375,,
620,1670,253,1036288,0.04764600098133087,-0.010890331817790866,0.011423307,14.619739842414855,0.2,1260,0.11376953125,0.0001,4.2679057121276855,0.9827063083648682,29.25792202949524,1000.0,2548.964599609375,,
623,1667,254,1040384,0.04764152318239212,-0.010237240395508707,0.013738804,14.338622426986694,0.2,1265,0.1037109375,0.0001,4.969615936279297,0.9832841753959656,29.258738851547243,1000.0,2570.5517578125,,
625,1669,255,1044480,0.04762275889515877,-0.015450335177592932,0.015973987,24.496257925033568,0.2,1270,0.154443359375,0.0001,9.689811706542969,0.9762283563613892,29.262324047088622,1000.0,2570.5517578125,,
627,1671,256,1048576,0.04761139303445816,-0.010618774069007486,0.0116061885,41.80884504318237,0.2,1275,0.0904296875,0.0001,16.007349014282227,0.9637011289596558,29.268985652923583,1000.0,2570.5517578125,,
629,1673,257,1052672,0.04761597886681557,-0.014054091740399599,0.0149892755,37.864677619934085,0.2,1280,0.1376953125,0.0001,15.896108627319336,0.9685445427894592,29.27060475349426,1000.0,2570.5517578125,,
632,1669,258,1056768,0.047625038772821426,-0.013773975288495421,0.014046149,36.190866994857785,0.2,1285,0.159521484375,0.0001,15.489873886108398,0.9721358418464661,29.267568349838257,1000.0,2539.29541015625,,
634,1671,259,1060864,0.04761091619729996,-0.014901039702817798,0.015377335,38.377403259277344,0.2,1290,0.164501953125,0.0001,16.407756805419922,0.9728018045425415,29.268584632873534,1000.0,2539.29541015625,,
636,1673,260,1064960,0.047598328441381454,-0.009131122718099505,0.008774072,42.54268431663513,0.2,1295,0.073486328125,0.0001,13.15136432647705,0.9780209064483643,29.273564291000366,1000.0,2539.29541015625,,
638,1675,261,1069056,0.04758048802614212,-0.010298109479481354,0.010496348,35.74597897529602,0.2,1300,0.061083984375,0.0001,10.623421669006348,0.9772549867630005,29.279230880737305,1000.0,2539.29541015625,,
641,1672,262,1073152,0.047572508454322815,-0.012749639601679519,0.012372455,30.72981390953064,0.2,1305,0.106591796875,0.0001,11.41516399383545,0.9819542765617371,29.284039163589476,1000.0,2579.08740234375,,
643,1674,263,1077248,0.047554440796375275,-0.011923793621826917,0.012292167,40.623243999481204,0.2,1310,0.117822265625,0.0001,19.406421661376953,0.9679086208343506,29.28887805938721,1000.0,2579.08740234375,,
645,1675,264,1081344,0.04753557965159416,-0.009745918319094927,0.010711557,27.38346662521362,0.2,1315,0.081689453125,0.0001,10.771507263183594,0.9776186347007751,29.296171951293946,1000.0,2579.08740234375,,
646,1677,265,1085440,0.04751775413751602,-0.01275035529397428,0.013856882,23.657383966445924,0.2,1320,0.118603515625,0.0001,9.191142082214355,0.9820730090141296,29.30278272628784,1000.0,2579.08740234375,,
651,1671,266,1089536,0.04751557111740112,-0.01662857718183659,0.015863411,22.30586094856262,0.2,1325,0.150927734375,0.0001,7.677682399749756,0.9846442937850952,29.30761251449585,1000.0,2594.3349609375,,
653,1673,267,1093632,0.04751545190811157,-0.013016241666628047,0.014974812,42.85591821670532,0.2,1330,0.12333984375,0.0001,17.06113624572754,0.9734270572662354,29.307538318634034,1000.0,2594.3349609375,,
655,1675,268,1097728,0.0475175678730011,-0.015180311916628853,0.013637483,35.400824785232544,0.2,1335,0.1271484375,0.0001,14.928385734558105,0.9720393419265747,29.30676531791687,1000.0,2594.3349609375,,
656,1677,269,1101824,0.04751237854361534,-0.013303545649978332,0.013802197,24.67587504386902,0.2,1340,0.138134765625,0.0001,9.814477920532227,0.9805501699447632,29.30720181465149,1000.0,2594.3349609375,,
660,1673,270,1105920,0.04750183969736099,-0.012834439042489976,0.014272858,26.340574264526367,0.2,1345,0.126953125,0.0001,10.97811222076416,0.9824194312095642,29.310321235656737,1000.0,2585.990478515625,,
662,1675,271,1110016,0.047475576400756836,-0.011951338546350599,0.014294397,33.22582869529724,0.2,1350,0.126806640625,0.0001,14.388583183288574,0.9772030711174011,29.316893291473388,1000.0,2585.990478515625,,
664,1677,272,1114112,0.04745729640126228,-0.007759011792950332,0.010183495,22.034269070625307,0.2,1355,0.094775390625,0.0001,5.551050662994385,0.97931969165802,29.32611403465271,1000.0,2585.990478515625,,
665,1679,273,1118208,0.04746004194021225,-0.009454069976345635,0.012111992,18.752491497993468,0.2,1360,0.096142578125,0.0001,6.066887855529785,0.982257604598999,29.330135822296143,1000.0,2585.990478515625,,
670,1673,274,1122304,0.04742933809757233,-0.014486067555844783,0.016369754,17.982414221763612,0.2,1365,0.154248046875,0.0001,7.719545364379883,0.9876799583435059,29.331473445892335,1000.0,2634.064453125,,
672,1675,275,1126400,0.04742611572146416,-0.012108702748082577,0.014858476,38.36012043952942,0.2,1370,0.140185546875,0.0001,15.963226318359375,0.9766134023666382,29.341629648208617,1000.0,2634.064453125,,
673,1677,276,1130496,0.04743283614516258,-0.009151808189926669,0.011311388,30.011150550842284,0.2,1375,0.083544921875,0.0001,11.85703182220459,0.9809295535087585,29.33945050239563,1000.0,2634.064453125,,
675,1679,277,1134592,0.04744170978665352,-0.010114119196077808,0.016362766,27.880971145629882,0.2,1380,0.10830078125,0.0001,11.064562797546387,0.9842275381088257,29.336875438690186,1000.0,2634.064453125,,
679,1674,278,1138688,0.047444745898246765,-0.013172979111550376,0.016734313,22.604053926467895,0.2,1385,0.13740234375,0.0001,8.511833190917969,0.987715482711792,29.333645153045655,1000.0,2623.414794921875,,
681,1676,279,1142784,0.04743412137031555,-0.013997062831185758,0.015827926,32.20986928939819,0.2,1390,0.161376953125,0.0001,14.234031677246094,0.9847092032432556,29.33561086654663,1000.0,2623.414794921875,,
683,1678,280,1146880,0.0473797544836998,-0.013178952701855451,0.020119457,7.948491656780243,0.2,1395,0.165771484375,0.0001,3.1791481971740723,0.9946252703666687,29.344478607177734,1000.0,2623.414794921875,,
685,1680,281,1150976,0.04735338315367699,-0.010510052053723485,0.015166557,7.5598289489746096,0.2,1400,0.17138671875,0.0001,2.842015266418457,0.9956122636795044,29.364278316497803,1000.0,2623.414794921875,,
689,1675,282,1155072,0.047345101833343506,-0.010760539534385317,0.01626975,8.656347799301148,0.2,1405,0.190283203125,0.0001,3.834998369216919,0.9950816035270691,29.368760061264037,1000.0,2624.758056640625,,
690,1677,283,1159168,0.047341488301754,-0.008375310542760417,0.010625988,62.609635257720946,0.2,1410,0.112109375,0.0001,27.37502670288086,0.9661510586738586,29.372285270690917,1000.0,2624.758056640625,,
692,1679,284,1163264,0.047330863773822784,-0.011277129757218063,0.01025496,53.03531951904297,0.2,1415,0.082763671875,0.0001,19.834415435791016,0.9666434526443481,29.373588132858277,1000.0,2624.758056640625,,
694,1681,285,1167360,0.04731309041380882,-0.013156819541472941,0.012091357,56.85370922088623,0.2,1420,0.092236328125,0.0001,28.316877365112305,0.9663305282592773,29.379255294799805,1000.0,2624.758056640625,,
697,1678,286,1171456,0.04731527715921402,-0.012974598142318428,0.0128974505,58.773583221435544,0.2,1425,0.1099609375,0.0001,25.084070205688477,0.9681617021560669,29.383499240875246,1000.0,2549.535400390625,,
699,1680,287,1175552,0.04730330780148506,-0.010247073910431937,0.012078134,66.13364362716675,0.2,1430,0.08486328125,0.0001,35.37903594970703,0.9644899368286133,29.383790683746337,1000.0,2549.535400390625,,
701,1682,288,1179648,0.04729701578617096,-0.011940074933227152,0.013457967,43.92819743156433,0.2,1435,0.1087890625,0.0001,15.859309196472168,0.974288821220398,29.388128137588502,1000.0,2549.535400390625,,
702,1684,289,1183744,0.04727381840348244,-0.009175628356751986,0.01574288,38.2738450050354,0.2,1440,0.115380859375,0.0001,17.3520450592041,0.9782800078392029,29.391971921920778,1000.0,2549.535400390625,,
706,1681,290,1187840,0.047276899218559265,-0.010474827932193875,0.015699487,36.71770315170288,0.2,1445,0.14541015625,0.0001,17.908973693847656,0.9792791604995728,29.399149417877197,1000.0,2543.8544921875,,
708,1682,291,1191936,0.04727913439273834,-0.005645108869066462,0.007849542,118.46672840118408,0.2,1450,0.070361328125,0.0001,45.623497009277344,0.8904150724411011,29.39566569328308,1000.0,2543.8544921875,,
710,1684,292,1196032,0.04727747291326523,-0.010885023261653259,0.010116799,58.88024015426636,0.2,1455,0.060595703125,0.0001,19.70393180847168,0.9337118864059448,29.396749687194824,1000.0,2543.8544921875,,
713,1681,293,1200128,0.047272939234972,-0.011276443349197507,0.01292735,51.10607614517212,0.2,1460,0.081494140625,0.0001,21.427217483520508,0.95229572057724,29.39738802909851,1000.0,2521.89013671875,,
715,1682,294,1204224,0.047269243746995926,-0.011886531120399012,0.013773713,52.011989498138426,0.2,1465,0.092822265625,0.0001,21.454627990722656,0.9570544958114624,29.399484968185426,1000.0,2521.89013671875,,
717,1684,295,1208320,0.04727175086736679,-0.010575963335577398,0.012542551,24.42740387916565,0.2,1470,0.114453125,0.0001,10.562427520751953,0.9773129224777222,29.400097703933717,1000.0,2521.89013671875,,
718,1686,296,1212416,0.04722650721669197,-0.011183040938340128,0.018914338,15.818980693817139,0.2,1475,0.1900390625,0.0001,7.670596599578857,0.9861800670623779,29.40574703216553,1000.0,2521.89013671875,,
723,1682,297,1216512,0.047208867967128754,-0.010310140874935314,0.015831199,15.088475155830384,0.2,1480,0.176806640625,0.0001,6.422281265258789,0.9874961376190186,29.420529937744142,1000.0,2527.75927734375,,
724,1684,298,1220608,0.04720192030072212,-0.014526949360151776,0.018959574,27.866388750076293,0.2,1485,0.1951171875,0.0001,12.273743629455566,0.9820511937141418,29.424255847930908,1000.0,2527.75927734375,,
726,1685,299,1224704,0.047193486243486404,-0.008141301822615788,0.009458082,86.4588249206543,0.2,1490,0.062451171875,0.0001,30.596317291259766,0.9608694314956665,29.426748085021973,1000.0,2527.75927734375,,
728,1687,300,1228800,0.047185733914375305,-0.009530793427256868,0.0134318415,79.07257041931152,0.2,1495,0.08193359375,0.0001,31.62350082397461,0.966254711151123,29.430252170562746,1000.0,2527.75927734375,,
731,1685,301,1232896,0.04718685895204544,-0.013432313886005432,0.016511513,78.18756637573242,0.2,1500,0.138623046875,0.0001,32.39023971557617,0.9718852043151855,29.43175902366638,1000.0,2447.321533203125,,
733,1686,302,1236992,0.047198906540870667,-0.01355328669596929,0.013674517,72.10048923492431,0.2,1505,0.148046875,0.0001,32.16518783569336,0.9754247665405273,29.429402351379395,1000.0,2447.321533203125,,
734,1688,303,1241088,0.04719508811831474,-0.008734750701114536,0.0106085,61.46731195449829,0.2,1510,0.06513671875,0.0001,25.16114616394043,0.9748573899269104,29.426548147201537,1000.0,2447.321533203125,,
736,1690,304,1245184,0.04718626290559769,-0.009945347846951336,0.014438977,49.65488328933716,0.2,1515,0.094482421875,0.0001,20.692235946655273,0.9806246161460876,29.42975459098816,1000.0,2447.321533203125,,
740,1688,305,1249280,0.047175705432891846,-0.011512846127152443,0.016242765,51.33813810348511,0.2,1520,0.115625,0.0001,23.796855926513672,0.9791309237480164,29.433088636398317,1000.0,2447.6396484375,,
752,1664,306,1253376,0.047174111008644104,-0.014533484439016319,0.016039621,62.87075920104981,0.2,1525,0.1869140625,0.0001,26.461681365966797,0.9731017351150513,29.436441898345947,1000.0,2447.6396484375,750000,2.8478291161042937
754,1666,307,1257472,0.04717516526579857,-0.012510934667079709,0.012531234,32.08484582901001,0.2,1530,0.10244140625,0.0001,8.55601978302002,0.979218602180481,29.435639715194704,1000.0,2447.6396484375,,
756,1668,308,1261568,0.04717359319329262,-0.014195830991957337,0.013729208,22.09659414291382,0.2,1535,0.119873046875,0.0001,6.666902542114258,0.98466956615448,29.436235332489012,1000.0,2447.6396484375,,
760,1665,309,1265664,0.04717087745666504,-0.014331611174566206,0.013396092,20.81195933818817,0.2,1540,0.131982421875,0.0001,7.247618675231934,0.9864616394042969,29.43717203140259,1000.0,2470.700927734375,,
761,1666,310,1269760,0.04715849459171295,-0.014022862398996949,0.014443601,54.004522228240965,0.2,1545,0.126806640625,0.0001,27.66176414489746,0.9784764647483826,29.439343643188476,1000.0,2470.700927734375,,
763,1668,311,1273856,0.04713486507534981,-0.011576150890323333,0.013505545,47.74072504043579,0.2,1550,0.122119140625,0.0001,20.692903518676758,0.9846733808517456,29.445843362808226,1000.0,2470.700927734375,,
765,1670,312,1277952,0.047119222581386566,-0.012336409848649055,0.015272568,44.03619260787964,0.2,1555,0.141455078125,0.0001,19.688222885131836,0.9857312440872192,29.45425934791565,1000.0,2470.700927734375,,
768,1667,313,1282048,0.04709993675351143,-0.011925287812482565,0.016608732,40.87503137588501,0.2,1560,0.167724609375,0.0001,19.154094696044922,0.9863800406455994,29.460876941680908,1000.0,2446.587646484375,,
770,1669,314,1286144,0.04708319157361984,-0.010205790231702849,0.013285246,64.44041843414307,0.2,1565,0.11943359375,0.0001,31.86374282836914,0.9693506360054016,29.467850065231325,1000.0,2446.587646484375,,
772,1671,315,1290240,0.04707019031047821,-0.008946541126351803,0.010318144,49.73435564041138,0.2,1570,0.07119140625,0.0001,20.94913101196289,0.9316221475601196,29.47379627227783,1000.0,2446.587646484375,,
773,1672,316,1294336,0.047052450478076935,-0.014789510710397736,0.01503928,42.181991481781004,0.2,1575,0.12626953125,0.0001,16.27976417541504,0.9451161026954651,29.47958297729492,1000.0,2446.587646484375,,
777,1670,317,1298432,0.04704303666949272,-0.012739410577341913,0.014138801,36.97958064079285,0.2,1580,0.115771484375,0.0001,15.526521682739258,0.9555203318595886,29.484995365142822,1000.0,2451.83544921875,,
779,1671,318,1302528,0.04701792448759079,-0.013528192514786496,0.0142388325,69.62806005477906,0.2,1585,0.153857421875,0.0001,33.699832916259766,0.9718016982078552,29.491211462020875,1000.0,2451.83544921875,,
780,1673,319,1306624,0.047015562653541565,-0.010815595893654972,0.010897255,69.16943035125732,0.2,1590,0.0921875,0.0001,31.539051055908203,0.978103756904602,29.497568559646606,1000.0,2451.83544921875,,
782,1675,320,1310720,0.0470128208398819,-0.009988252370385453,0.01182924,62.86921586990356,0.2,1595,0.086376953125,0.0001,25.821426391601562,0.9773620367050171,29.497178030014037,1000.0,2451.83544921875,,
785,1672,321,1314816,0.047009795904159546,-0.010890632111113518,0.012768663,62.09556951522827,0.2,1600,0.085009765625,0.0001,24.349180221557617,0.9758672118186951,29.49883098602295,1000.0,2405.2041015625,,
787,1674,322,1318912,0.04700847715139389,-0.011740036762785167,0.014528025,51.348420238494874,0.2,1605,0.1111328125,0.0001,21.131900787353516,0.9818364381790161,29.49948921203613,1000.0,2405.2041015625,,
789,1676,323,1323008,0.04700300469994545,-0.012775870342738926,0.012293835,34.07306642532349,0.2,1610,0.101123046875,0.0001,11.250385284423828,0.9883191585540771,29.500195693969726,1000.0,2405.2041015625,,
791,1677,324,1327104,0.04699311777949333,-0.008774173332494684,0.012212585,29.173183393478393,0.2,1615,0.085595703125,0.0001,10.814828872680664,0.9891636371612549,29.502877616882323,1000.0,2405.2041015625,,
794,1675,325,1331200,0.046978361904621124,-0.009563859447371214,0.014042022,24.700618267059326,0.2,1620,0.110205078125,0.0001,9.576830863952637,0.9913920164108276,29.507823085784914,1000.0,2471.671875,,
796,1677,326,1335296,0.04696136713027954,-0.010694265511119738,0.014665166,29.2819034576416,0.2,1625,0.128515625,0.0001,12.069000244140625,0.9795938730239868,29.513682460784914,1000.0,2471.671875,,
797,1678,327,1339392,0.04694958031177521,-0.011046430503483862,0.013274309,11.590422570705414,0.2,1630,0.127490234375,0.0001,4.157614231109619,0.9877495765686035,29.51999216079712,1000.0,2471.671875,,
799,1680,328,1343488,0.04693792760372162,-0.009822407443425617,0.01283163,11.99277867078781,0.2,1635,0.11240234375,0.0001,3.97099232673645,0.9875281453132629,29.523623371124266,1000.0,2471.671875,,
803,1677,329,1347584,0.04692927002906799,-0.00929768409114331,0.01649997,8.958397471904755,0.2,1640,0.148583984375,0.0001,2.9780943393707275,0.9899483323097229,29.528746318817138,1000.0,2474.659912109375,,
804,1679,330,1351680,0.04693138599395752,-0.011163546168245376,0.0141767785,38.91557779312134,0.2,1645,0.143408203125,0.0001,16.126930236816406,0.9615831971168518,29.529855155944823,1000.0,2474.659912109375,,
806,1680,331,1355776,0.046923477202653885,-0.013644205511081964,0.015676381,25.035775184631348,0.2,1650,0.144091796875,0.0001,11.497018814086914,0.9711498618125916,29.53006806373596,1000.0,2474.659912109375,,
808,1682,332,1359872,0.046911947429180145,-0.012391180219128727,0.0154725425,25.249275541305543,0.2,1655,0.15126953125,0.0001,9.7871732711792,0.9732754230499268,29.534032583236694,1000.0,2474.659912109375,,
812,1678,333,1363968,0.04689493030309677,-0.01249049493635539,0.015494706,25.292111825942992,0.2,1660,0.1546875,0.0001,10.27365493774414,0.9717822670936584,29.539067602157594,1000.0,2497.093994140625,,
814,1679,334,1368064,0.046893373131752014,-0.010893023479729891,0.011703406,63.35659599304199,0.2,1665,0.11845703125,0.0001,25.477279663085938,0.9423226714134216,29.544229602813722,1000.0,2497.093994140625,,
816,1681,335,1372160,0.0468805767595768,-0.012615103169810026,0.0133112995,46.62705039978027,0.2,1670,0.125,0.0001,17.30202865600586,0.9539021253585815,29.54494228363037,1000.0,2497.093994140625,,
819,1679,336,1376256,0.04686921834945679,-0.012063951301388442,0.014897698,38.69864768981934,0.2,1675,0.148388671875,0.0001,18.040552139282227,0.960213303565979,29.551195335388183,1000.0,2556.779541015625,,
821,1680,337,1380352,0.04685423523187637,-0.015464203129522503,0.019080477,43.338507080078124,0.2,1680,0.179150390625,0.0001,20.82308578491211,0.9576548933982849,29.55545244216919,1000.0,2556.779541015625,,
823,1681,338,1384448,0.04682593047618866,-0.014403460500761866,0.016753372,16.010538578033447,0.2,1685,0.170263671875,0.0001,6.430604934692383,0.9813898801803589,29.5634756565094,1000.0,2556.779541015625,,
824,1683,339,1388544,0.04679912328720093,-0.010347465192899108,0.015041305,12.016447401046753,0.2,1690,0.15361328125,0.0001,4.526412010192871,0.9850466251373291,29.574699783325194,1000.0,2556.779541015625,,
828,1681,340,1392640,0.04678261652588844,-0.01244195457547903,0.017344227,10.4120845079422,0.2,1695,0.214501953125,0.0001,4.699044227600098,0.9886752367019653,29.58361883163452,1000.0,2580.586669921875,,
829,1683,341,1396736,0.04677556827664375,-0.0127211099548731,0.016100897,25.748744249343872,0.2,1700,0.1744140625,0.0001,10.515435218811035,0.9787555932998657,29.58824219703674,1000.0,2580.586669921875,,
831,1684,342,1400832,0.04677637666463852,-0.006729497690685093,0.008142276,56.94445610046387,0.2,1705,0.089306640625,0.0001,17.20749282836914,0.9605609178543091,29.589415073394775,1000.0,2580.586669921875,,
833,1685,343,1404928,0.0467861108481884,-0.008555062545929104,0.009233272,44.48168935775757,0.2,1710,0.055517578125,0.0001,14.54323673248291,0.9701376557350159,29.58818426132202,1000.0,2580.586669921875,,
837,1683,344,1409024,0.04679811745882034,-0.007981071423273534,0.012021396,52.12833433151245,0.2,1715,0.077783203125,0.0001,20.337825775146484,0.9730682373046875,29.583035612106322,1000.0,2566.946044921875,,
838,1684,345,1413120,0.046790607273578644,-0.01358920310740359,0.016108263,61.05925188064575,0.2,1720,0.161865234375,0.0001,30.14130210876465,0.9689198732376099,29.581779336929323,1000.0,2566.946044921875,,
840,1686,346,1417216,0.046786848455667496,-0.0060982262715697285,0.009926858,44.609817600250246,0.2,1725,0.057958984375,0.0001,15.010000228881836,0.9324113726615906,29.58486852645874,1000.0,2566.946044921875,,
842,1687,347,1421312,0.046787768602371216,-0.009273741021752357,0.013649246,35.24338011741638,0.2,1730,0.081103515625,0.0001,12.316668510437012,0.9499301910400391,29.585271167755128,1000.0,2566.946044921875,,
845,1684,348,1425408,0.046786144375801086,-0.01061975933262147,0.012880313,36.78676538467407,0.2,1735,0.097119140625,0.0001,15.125082015991211,0.9591939449310303,29.585428476333618,1000.0,2497.756591796875,,
847,1686,349,1429504,0.046783216297626495,-0.011347386881243437,0.014011415,41.65459489822388,0.2,1740,0.12333984375,0.0001,18.143169403076172,0.9650143384933472,29.58601140975952,1000.0,2497.756591796875,,
849,1687,350,1433600,0.04676787555217743,-0.009965868276776747,0.013565277,22.78891580104828,0.2,1745,0.1140625,0.0001,7.960022926330566,0.9707766175270081,29.58910450935364,1000.0,2497.756591796875,,
851,1688,351,1437696,0.0467706173658371,-0.010362989723216743,0.011504579,20.550686407089234,0.2,1750,0.0890625,0.0001,6.5236406326293945,0.9714096784591675,29.593666744232177,1000.0,2497.756591796875,,
855,1685,352,1441792,0.04676228016614914,-0.01125721491407603,0.014298136,21.13677911758423,0.2,1755,0.124267578125,0.0001,8.030853271484375,0.9774667024612427,29.59184718132019,1000.0,2487.789306640625,,
857,1687,353,1445888,0.04674910008907318,-0.012710579496342689,0.017210701,30.143613386154176,0.2,1760,0.154345703125,0.0001,12.44932746887207,0.9773809313774109,29.59802007675171,1000.0,2487.789306640625,,
858,1688,354,1449984,0.04672450199723244,-0.013062552426708863,0.01566456,13.887523317337036,0.2,1765,0.14521484375,0.0001,4.7961931228637695,0.9890848398208618,29.603174114227294,1000.0,2487.789306640625,,
860,1689,355,1454080,0.04670676589012146,-0.011479275696910918,0.017940395,10.803068697452545,0.2,1770,0.180322265625,0.0001,3.8775222301483154,0.9911479353904724,29.613571977615358,1000.0,2487.789306640625,,
864,1687,356,1458176,0.046682827174663544,-0.012947270995937288,0.018628526,9.144444704055786,0.2,1775,0.217236328125,0.0001,2.8878490924835205,0.9919424057006836,29.620119667053224,1000.0,2495.906005859375,,
865,1688,357,1462272,0.04666419327259064,-0.01224666089983657,0.015500845,30.962496042251587,0.2,1780,0.1888671875,0.0001,13.810297966003418,0.9809877276420593,29.628920555114746,1000.0,2495.906005859375,,
867,1690,358,1466368,0.04663589224219322,-0.011686422512866557,0.01587354,21.30796389579773,0.2,1785,0.120654296875,0.0001,7.363330364227295,0.9880432486534119,29.636611938476562,1000.0,2495.906005859375,,
869,1691,359,1470464,0.046612635254859924,-0.013881197199225426,0.018504638,16.024201107025146,0.2,1790,0.17734375,0.0001,6.952588081359863,0.9912441968917847,29.648242712020874,1000.0,2495.906005859375,,
873,1689,360,1474560,0.046576883643865585,-0.011506324855145068,0.01953161,18.318814182281493,0.2,1795,0.198828125,0.0001,8.464065551757812,0.9909863471984863,29.658312702178954,1000.0,2533.08740234375,,
874,1690,361,1478656,0.046568915247917175,-0.010947256977669895,0.0161252,49.286142921447755,0.2,1800,0.172607421875,0.0001,23.68075180053711,0.9815604090690613,29.668648338317873,1000.0,2533.08740234375,,
876,1691,362,1482752,0.046545930206775665,-0.009941428212914615,0.017026912,40.39371781349182,0.2,1805,0.1275390625,0.0001,13.679412841796875,0.9856353402137756,29.67294864654541,1000.0,2533.08740234375,,
878,1693,363,1486848,0.04654083773493767,-0.01139077729312703,0.017178858,38.58654670715332,0.2,1810,0.15498046875,0.0001,14.552489280700684,0.9860779643058777,29.679526853561402,1000.0,2533.08740234375,,
881,1690,364,1490944,0.04652012884616852,-0.010009241534862667,0.020228926,38.306767559051515,0.2,1815,0.192333984375,0.0001,17.47813606262207,0.9866775274276733,29.682666063308716,1000.0,2528.27978515625,,
883,1692,365,1495040,0.04650464281439781,-0.012291838316014037,0.016002538,37.68514819145203,0.2,1820,0.16982421875,0.0001,17.299551010131836,0.9821111559867859,29.69124846458435,1000.0,2528.27978515625,,
885,1693,366,1499136,0.046505484730005264,-0.011504932306706905,0.012453518,28.06655125617981,0.2,1825,0.112744140625,0.0001,8.868640899658203,0.9801453351974487,29.69399766921997,1000.0,2528.27978515625,,
898,1673,367,1503232,0.04650464281439781,-0.01019944007275626,0.01171967,20.27604877948761,0.2,1830,0.0775390625,0.0001,5.120757579803467,0.9819662570953369,29.693116664886475,1000.0,2528.27978515625,750000,2.839187368234846
901,1672,368,1507328,0.04648949205875397,-0.010026984696742148,0.013067346,18.871628761291504,0.2,1835,0.113427734375,0.0001,5.729751110076904,0.9857391715049744,29.69592595100403,1000.0,2532.377197265625,,
902,1673,369,1511424,0.046489398926496506,-0.013394524832256139,0.016302824,26.597741556167602,0.2,1840,0.149609375,0.0001,10.243836402893066,0.9780988097190857,29.70061731338501,1000.0,2532.377197265625,,
904,1675,370,1515520,0.04649203270673752,-0.011361285700695589,0.012426293,12.746647310256957,0.2,1845,0.122705078125,0.0001,4.267841815948486,0.9849100708961487,29.69937343597412,1000.0,2532.377197265625,,
906,1676,371,1519616,0.046473052352666855,-0.012026748625794425,0.014223994,10.609981000423431,0.2,1850,0.150244140625,0.0001,3.605801582336426,0.9875107407569885,29.7006751537323,1000.0,2532.377197265625,,
910,1674,372,1523712,0.046426400542259216,-0.009136080380994827,0.014805382,10.25167875289917,0.2,1855,0.169921875,0.0001,3.6136281490325928,0.9888872504234314,29.71444091796875,1000.0,2587.796875,,
911,1675,373,1527808,0.04641132801771164,-0.0034445955127011983,0.0071566193,61.78521146774292,0.2,1860,0.102587890625,0.0001,21.901107788085938,0.9662405252456665,29.728564977645874,1000.0,2587.796875,,
913,1676,374,1531904,0.04640679433941841,-0.006534410367021337,0.008497279,46.56470947265625,0.2,1865,0.032275390625,0.0001,15.4337797164917,0.9725587368011475,29.731203842163087,1000.0,2587.796875,,
916,1675,375,1536000,0.04639247804880142,-0.010925545019563287,0.0121678505,43.17512369155884,0.2,1870,0.08017578125,0.0001,15.892777442932129,0.9790245890617371,29.734387969970705,1000.0,2605.699462890625,,
919,1675,376,1540096,0.04638371244072914,-0.012940326984971762,0.014241328,40.19015464782715,0.2,1875,0.13486328125,0.0001,14.826484680175781,0.9832561612129211,29.73984537124634,1000.0,2605.699462890625,,
920,1677,377,1544192,0.04636760056018829,-0.012223762180656194,0.013788948,38.4548101902008,0.2,1880,0.14697265625,0.0001,18.319904327392578,0.9840559959411621,29.744028329849243,1000.0,2605.699462890625,,
922,1678,378,1548288,0.04635551944375038,-0.013757039012853056,0.014661297,18.237709832191467,0.2,1885,0.153173828125,0.0001,6.105068206787109,0.9911019802093506,29.749863624572754,1000.0,2605.699462890625,,
925,1676,379,1552384,0.046352460980415344,-0.010901694721542298,0.016866295,17.90325458049774,0.2,1890,0.1599609375,0.0001,7.088738441467285,0.9912406206130981,29.75249137878418,1000.0,2599.85400390625,,
927,1677,380,1556480,0.0463438555598259,-0.014372825820464641,0.017632453,21.136162185668944,0.2,1895,0.18466796875,0.0001,9.94650650024414,0.9894070029258728,29.75528621673584,1000.0,2599.85400390625,,
929,1678,381,1560576,0.046320125460624695,-0.013151470385491849,0.014459517,22.803386163711547,0.2,1900,0.144140625,0.0001,6.4033589363098145,0.9688689708709717,29.760630702972414,1000.0,2599.85400390625,,
931,1679,382,1564672,0.04631274193525314,-0.01167509307852015,0.018468436,17.250543761253358,0.2,1905,0.161181640625,0.0001,5.343712329864502,0.9736161828041077,29.768687582015993,1000.0,2599.85400390625,,
935,1677,383,1568768,0.04631239175796509,-0.010806923056952656,0.017202718,15.498896741867066,0.2,1910,0.15908203125,0.0001,5.566432476043701,0.9763439893722534,29.76882920265198,1000.0,2540.749755859375,,
936,1678,384,1572864,0.04631129652261734,-0.013287652330473066,0.015737468,31.96659574508667,0.2,1915,0.157763671875,0.0001,12.653595924377441,0.9689977169036865,29.769735050201415,1000.0,2540.749755859375,,
938,1679,385,1576960,0.046309616416692734,-0.005088200280442834,0.0074727274,56.54076070785523,0.2,1920,0.110498046875,0.0001,20.067893981933594,0.9653650522232056,29.769252347946168,1000.0,2540.749755859375,,
940,1681,386,1581056,0.04630166292190552,-0.008430420653894544,0.010572597,39.21826467514038,0.2,1925,0.064111328125,0.0001,14.337738037109375,0.9756622314453125,29.771248817443848,1000.0,2540.749755859375,,
944,1678,387,1585152,0.046293843537569046,-0.010933550214394927,0.011650116,42.678291702270506,0.2,1930,0.095751953125,0.0001,17.846628189086914,0.9776595234870911,29.774573850631715,1000.0,2491.368896484375,,
946,1679,388,1589248,0.04628481715917587,-0.013254181790398434,0.014725199,46.33897714614868,0.2,1935,0.139697265625,0.0001,18.009187698364258,0.9771174788475037,29.77773575782776,1000.0,2491.368896484375,,
948,1680,389,1593344,0.046274006366729736,-0.011838098306907342,0.012038455,48.08929858207703,0.2,1940,0.092236328125,0.0001,17.494386672973633,0.9728077054023743,29.781283950805665,1000.0,2491.368896484375,,
949,1681,390,1597440,0.04627664387226105,-0.013651429151650518,0.015781417,44.17860312461853,0.2,1945,0.125048828125,0.0001,20.09001922607422,0.9787812232971191,29.7837664604187,1000.0,2491.368896484375,,
953,1679,391,1601536,0.046290382742881775,-0.01223293041693978,0.017128697,40.3547691822052,0.2,1950,0.135546875,0.0001,18.678207397460938,0.9823406338691711,29.78039722442627,1000.0,2512.6484375,,
955,1681,392,1605632,0.04626895487308502,-0.012627142237033696,0.014735607,60.87042427062988,0.2,1955,0.133203125,0.0001,26.93159294128418,0.9735895991325378,29.78009967803955,1000.0,2512.6484375,,
956,1682,393,1609728,0.0462680421769619,-0.008099087083246559,0.010365713,46.62825241088867,0.2,1960,0.0755859375,0.0001,18.595090866088867,0.9575942158699036,29.7871874332428,1000.0,2512.6484375,,
958,1683,394,1613824,0.04627164453268051,-0.010113396809902041,0.011357021,44.54570112228394,0.2,1965,0.099853515625,0.0001,16.676427841186523,0.957359790802002,29.784903240203857,1000.0,2512.6484375,,
962,1681,395,1617920,0.046257536858320236,-0.013511384144658222,0.013318462,40.65008568763733,0.2,1970,0.131396484375,0.0001,14.850808143615723,0.9590727090835571,29.786456060409545,1000.0,2420.1396484375,,
963,1682,396,1622016,0.046256400644779205,-0.016500482324045152,0.017425492,46.27432546615601,0.2,1975,0.163330078125,0.0001,21.525787353515625,0.9713093638420105,29.79122657775879,1000.0,2420.1396484375,,
965,1683,397,1626112,0.04625929147005081,-0.011504834558581933,0.013012793,26.343665885925294,0.2,1980,0.10576171875,0.0001,11.015547752380371,0.9859214425086975,29.78988947868347,1000.0,2420.1396484375,,
967,1685,398,1630208,0.04625561088323593,-0.010048235714202746,0.0152520565,21.422215843200682,0.2,1985,0.12255859375,0.0001,9.3102388381958,0.9890031814575195,29.78927822113037,1000.0,2420.1396484375,,
971,1681,399,1634304,0.04623239487409592,-0.011855975701473653,0.01967115,19.021080994606017,0.2,1990,0.167919921875,0.0001,8.742108345031738,0.9904313087463379,29.794907760620116,1000.0,2442.07470703125,,
973,1683,400,1638400,0.046229708939790726,-0.014050082000903786,0.01863096,28.59020071029663,0.2,1995,0.209130859375,0.0001,14.43627643585205,0.9840938448905945,29.80084991455078,1000.0,2442.07470703125,,
975,1684,401,1642496,0.04623554274439812,-0.01079675083165057,0.0138936,12.061149442195893,0.2,2000,0.140087890625,0.0001,3.8659329414367676,0.9902637600898743,29.799175119400026,1000.0,2442.07470703125,,
976,1685,402,1646592,0.04622258245944977,-0.011805980425560848,0.016865388,9.674346363544464,0.2,2005,0.15283203125,0.0001,3.5387179851531982,0.9928018450737,29.79940810203552,1000.0,2442.07470703125,,
980,1683,403,1650688,0.04618992283940315,-0.011853558174334467,0.016744424,9.255905735492707,0.2,2010,0.164111328125,0.0001,3.598855495452881,0.9932540059089661,29.80880913734436,1000.0,2442.3271484375,,
982,1684,404,1654784,0.04617159068584442,-0.006995667688897811,0.011626311,70.69358520507812,0.2,2015,0.156298828125,0.0001,23.99703025817871,0.9456462860107422,29.821044874191283,1000.0,2442.3271484375,,
983,1685,405,1658880,0.04616689682006836,-0.009136793584912085,0.008495402,61.96097412109375,0.2,2020,0.0412109375,0.0001,17.644493103027344,0.9274704456329346,29.824382257461547,1000.0,2442.3271484375,,
985,1687,406,1662976,0.046164847910404205,-0.010458363685756922,0.0121887345,60.499479579925534,0.2,2025,0.085400390625,0.0001,27.053407669067383,0.9351248741149902,29.825935745239256,1000.0,2442.3271484375,,
989,1685,407,1667072,0.04615994542837143,-0.010532968159532174,0.0122100385,65.06829252243043,0.2,2030,0.1037109375,0.0001,37.431819915771484,0.9365055561065674,29.827289199829103,1000.0,2447.857421875,,
991,1686,408,1671168,0.046136610209941864,-0.015386760421097278,0.017064247,42.862245607376096,0.2,2035,0.154736328125,0.0001,18.167287826538086,0.966338038444519,29.83121614456177,1000.0,2447.857421875,,
992,1687,409,1675264,0.046117108315229416,-0.013799274316988885,0.017044086,13.838075828552245,0.2,2040,0.14765625,0.0001,4.733556747436523,0.9885405898094177,29.841319274902343,1000.0,2447.857421875,,
994,1688,410,1679360,0.04610675573348999,-0.011036110750865191,0.015437498,11.815784752368927,0.2,2045,0.170556640625,0.0001,3.7566654682159424,0.9897934794425964,29.847564363479613,1000.0,2447.857421875,,
998,1686,411,1683456,0.046076640486717224,-0.012157092499546707,0.018160839,12.056079483032226,0.2,2050,0.211279296875,0.0001,4.3779778480529785,0.9921273589134216,29.853618144989014,1000.0,2475.045166015625,,
999,1687,412,1687552,0.04606323689222336,-0.012364561296999454,0.01496689,40.47183690071106,0.2,2055,0.178076171875,0.0001,16.0347900390625,0.9637864828109741,29.86425428390503,1000.0,2475.045166015625,,
1001,1688,413,1691648,0.04604080691933632,-0.014121586870169267,0.018265702,26.24101448059082,0.2,2060,0.168798828125,0.0001,11.763137817382812,0.973587155342102,29.869533729553222,1000.0,2475.045166015625,,
1003,1690,414,1695744,0.046009838581085205,-0.013660472398623825,0.015205903,27.163691425323485,0.2,2065,0.148193359375,0.0001,10.800821304321289,0.9745030403137207,29.880777645111085,1000.0,2475.045166015625,,
1006,1688,415,1699840,0.04598603770136833,-0.013767050707247108,0.017443756,22.854983377456666,0.2,2070,0.176025390625,0.0001,8.752448081970215,0.9787684679031372,29.89201064109802,1000.0,2470.09130859375,,
1008,1689,416,1703936,0.04597306251525879,-0.012015808280557394,0.013619986,43.95182123184204,0.2,2075,0.13564453125,0.0001,18.405221939086914,0.9578527212142944,29.898848056793213,1000.0,2470.09130859375,,
1010,1690,417,1708032,0.04596808925271034,-0.012551551492651924,0.016035948,27.044474124908447,0.2,2080,0.17265625,0.0001,11.860763549804688,0.9695303440093994,29.902707862854005,1000.0,2470.09130859375,,
1013,1689,418,1712128,0.045966897159814835,-0.011891826096689328,0.015791705,24.168660402297974,0.2,2085,0.152880859375,0.0001,8.266287803649902,0.9708153605461121,29.903372716903686,1000.0,2500.46630859375,,
1015,1690,419,1716224,0.04596961289644241,-0.013137705565895885,0.01492753,20.28544678688049,0.2,2090,0.149072265625,0.0001,7.474104404449463,0.9755259156227112,29.903631162643432,1000.0,2500.46630859375,,
1016,1691,420,1720320,0.04596056044101715,-0.011767151043750345,0.013433982,41.972879028320314,0.2,2095,0.10810546875,0.0001,15.066948890686035,0.9578555822372437,29.903613471984862,1000.0,2500.46630859375,,
1018,1692,421,1724416,0.04595295712351799,-0.011264445731649175,0.0121843815,34.93635983467102,0.2,2100,0.10185546875,0.0001,12.660394668579102,0.9647413492202759,29.907777261734008,1000.0,2500.46630859375,,
1022,1690,422,1728512,0.04595736786723137,-0.011786063655745239,0.016279753,29.650439310073853,0.2,2105,0.141943359375,0.0001,11.587495803833008,0.9696109294891357,29.909232997894286,1000.0,2479.69384765625,,
1024,1691,423,1732608,0.04595563933253288,-0.013957654399564489,0.014609271,41.816167783737185,0.2,2110,0.166943359375,0.0001,15.79247760772705,0.9605497121810913,29.907194232940675,1000.0,2479.69384765625,,
1025,1692,424,1736704,0.045939669013023376,-0.010422477475367486,0.012505723,32.5644166469574,0.2,2115,0.127978515625,0.0001,12.14946174621582,0.9775169491767883,29.910861682891845,1000.0,2479.69384765625,,
1027,1694,425,1740800,0.045942939817905426,-0.01562367328442633,0.015053927,22.911206245422363,0.2,2120,0.15341796875,0.0001,6.224966049194336,0.9820765852928162,29.914538049697875,1000.0,2479.69384765625,,
1032,1690,426,1744896,0.045934274792671204,-0.009960199490888045,0.015632436,22.44817719459534,0.2,2125,0.129443359375,0.0001,8.156086921691895,0.9861377477645874,29.914020013809203,1000.0,2486.703125,,
1033,1691,427,1748992,0.04593280702829361,-0.013169408281100914,0.014156234,36.96619024276733,0.2,2130,0.1486328125,0.0001,15.703719139099121,0.9815700054168701,29.91743149757385,1000.0,2486.703125,,
1046,1674,428,1753088,0.04593740776181221,-0.010206305328756571,0.012343584,76.35012865066528,0.2,2135,0.108740234375,0.0001,30.81023406982422,0.9629767537117004,29.916929292678834,1000.0,2486.703125,750000,2.8360417497946577
1048,1676,429,1757184,0.04593896120786667,-0.014635679312050343,0.01471173,67.55998525619506,0.2,2140,0.15751953125,0.0001,29.02266502380371,0.9682984948158264,29.915125799179076,1000.0,2486.703125,,
1051,1674,430,1761280,0.045938894152641296,-0.013394309999421239,0.018761106,59.476095008850095,0.2,2145,0.164404296875,0.0001,29.54779052734375,0.9745243787765503,29.915286588668824,1000.0,2508.0283203125,,
1053,1675,431,1765376,0.045939840376377106,-0.013266784057486802,0.013385067,64.41984090805053,0.2,2150,0.136181640625,0.0001,30.28911018371582,0.9702391028404236,29.91503095626831,1000.0,2508.0283203125,,
1055,1676,432,1769472,0.04593617841601372,-0.011783707584254444,0.011981005,33.80856876373291,0.2,2155,0.10244140625,0.0001,11.143895149230957,0.9676134586334229,29.915102672576904,1000.0,2508.0283203125,,
1057,1677,433,1773568,0.04592553526163101,-0.011912497272714973,0.016357865,30.811761951446535,0.2,2160,0.13369140625,0.0001,11.895174980163574,0.9729533195495605,29.917790699005128,1000.0,2508.0283203125,,
1060,1675,434,1777664,0.04591648280620575,-0.010844080173410476,0.014915542,27.227287244796752,0.2,2165,0.13466796875,0.0001,8.892749786376953,0.976704478263855,29.921991777420043,1000.0,2505.50634765625,,
1062,1676,435,1781760,0.04592065140604973,-0.01442856180947274,0.018890034,28.741839742660524,0.2,2170,0.19091796875,0.0001,13.060359001159668,0.9775094389915466,29.923026609420777,1000.0,2505.50634765625,,
1064,1677,436,1785856,0.04590872302651405,-0.010760283487616106,0.014807904,12.062905728816986,0.2,2175,0.13740234375,0.0001,3.8355093002319336,0.9890742897987366,29.923254776000977,1000.0,2505.50634765625,,
1066,1679,437,1789952,0.04588108882308006,-0.0069533846923150126,0.014381895,9.414491677284241,0.2,2180,0.149365234375,0.0001,2.8104090690612793,0.9916224479675293,29.931089019775392,1000.0,2505.50634765625,,
1069,1677,438,1794048,0.04588598012924194,-0.008062179130502046,0.018048817,8.309111893177032,0.2,2185,0.1935546875,0.0001,2.8732798099517822,0.992911696434021,29.93876600265503,1000.0,2519.000244140625,,
1071,1678,439,1798144,0.045885320752859116,-0.010290856554638595,0.01478353,50.1119252204895,0.2,2190,0.181884765625,0.0001,19.253164291381836,0.9718297123908997,29.934645891189575,1000.0,2519.000244140625,,
1072,1679,440,1802240,0.045889634639024734,-0.010076352453324944,0.0134079885,44.56073408126831,0.2,2195,0.11708984375,0.0001,17.87015724182129,0.9756142497062683,29.936324262619017,1000.0,2519.000244140625,,
1074,1680,441,1806336,0.045900676399469376,-0.011797916726209223,0.015703354,39.56641955375672,0.2,2200,0.1365234375,0.0001,16.892847061157227,0.9794362783432007,29.93227882385254,1000.0,2519.000244140625,,
1078,1678,442,1810432,0.04589284211397171,-0.010294915060512722,0.014621001,39.16311368942261,0.2,2205,0.1435546875,0.0001,17.424467086791992,0.9811308979988098,29.931388998031615,1000.0,2594.268310546875,,
1080,1679,443,1814528,0.04589368402957916,-0.012183914048364386,0.016126692,49.71503601074219,0.2,2210,0.16611328125,0.0001,23.86530303955078,0.9719198346138,29.933740901947022,1000.0,2594.268310546875,,
1082,1680,444,1818624,0.04587981849908829,-0.007761434884741902,0.011319876,31.3007474899292,0.2,2215,0.092919921875,0.0001,13.421379089355469,0.9794288873672485,29.93429560661316,1000.0,2594.268310546875,,
1083,1681,445,1822720,0.04586021229624748,-0.006386923103127629,0.012564488,30.79337921142578,0.2,2220,0.1181640625,0.0001,12.652719497680664,0.9798659682273865,29.942759799957276,1000.0,2594.268310546875,,
1087,1679,446,1826816,0.045840177685022354,-0.007657102646771818,0.015670776,28.573955488204955,0.2,2225,0.1380859375,0.0001,10.946640014648438,0.9810763001441956,29.94959764480591,1000.0,2651.074462890625,,
1089,1680,447,1830912,0.04582095146179199,-0.013657663099002093,0.015935645,40.29168496131897,0.2,2230,0.16240234375,0.0001,18.937118530273438,0.9672461152076721,29.95821876525879,1000.0,2651.074462890625,,
1091,1681,448,1835008,0.04582034796476364,-0.013450005115009845,0.015318533,19.2232355594635,0.2,2235,0.132373046875,0.0001,6.792720317840576,0.9818148016929626,29.962652683258057,1000.0,2651.074462890625,,
1092,1682,449,1839104,0.045806970447301865,-0.011506176413968205,0.015061394,15.586980748176575,0.2,2240,0.142529296875,0.0001,6.0180745124816895,0.9847543835639954,29.96409592628479,1000.0,2651.074462890625,,
1097,1679,450,1843200,0.04577218368649483,-0.010689617157913745,0.01432397,14.305471682548523,0.2,2245,0.1474609375,0.0001,5.6866888999938965,0.985151469707489,29.973546838760377,1000.0,2710.9013671875,,
1099,1680,451,1847296,0.04575960338115692,-0.013118887424934656,0.01456183,31.820338344573976,0.2,2250,0.148291015625,0.0001,11.84167194366455,0.9649210572242737,29.984427070617677,1000.0,2710.9013671875,,
1100,1681,452,1851392,0.04574756696820259,-0.012272425758419558,0.01312105,19.55888442993164,0.2,2255,0.11953125,0.0001,7.240967273712158,0.9761158227920532,29.988115119934083,1000.0,2710.9013671875,,
1102,1682,453,1855488,0.045748159289360046,-0.011254106019623577,0.014781644,20.188146710395813,0.2,2260,0.13251953125,0.0001,9.014843940734863,0.9816591143608093,29.99123649597168,1000.0,2710.9013671875,,
1106,1679,454,1859584,0.045750606805086136,-0.012967640295391903,0.01665067,19.272200441360475,0.2,2265,0.15986328125,0.0001,7.340683937072754,0.9844779968261719,29.990666151046753,1000.0,2757.105224609375,,
1108,1680,455,1863680,0.045746542513370514,-0.0074224106792826205,0.010214351,46.697203540802,0.2,2270,0.075439453125,0.0001,18.89313507080078,0.9778630137443542,29.99056806564331,1000.0,2757.105224609375,,
1110,1681,456,1867776,0.04573463648557663,-0.008121566195040942,0.012852814,28.49026846885681,0.2,2275,0.103759765625,0.0001,11.949224472045898,0.9859054088592529,29.993998956680297,1000.0,2757.105224609375,,
1112,1683,457,1871872,0.045736342668533325,-0.009550554177258164,0.01549802,27.264392709732057,0.2,2280,0.149072265625,0.0001,11.683600425720215,0.9881942868232727,29.996949243545533,1000.0,2757.105224609375,,
1115,1681,458,1875968,0.04570600017905235,-0.011869756528176368,0.016088814,32.18125953674316,0.2,2285,0.170947265625,0.0001,15.809850692749023,0.9863775968551636,30.000771284103394,1000.0,2740.06103515625,,
1117,1682,459,1880064,0.045690443366765976,-0.012101568595971912,0.013022646,40.534573221206664,0.2,2290,0.129443359375,0.0001,20.207246780395508,0.9666844606399536,30.01151041984558,1000.0,2740.06103515625,,
1119,1683,460,1884160,0.045671574771404266,-0.012608782679308206,0.015048416,23.495734024047852,0.2,2295,0.14267578125,0.0001,10.682344436645508,0.9763476252555847,30.016951894760133,1000.0,2740.06103515625,,
1122,1681,461,1888256,0.04566929116845131,-0.012368585699005053,0.015979618,19.428263425827026,0.2,2300,0.16123046875,0.0001,8.479464530944824,0.9794256091117859,30.023052835464476,1000.0,2730.178466796875,,
1124,1682,462,1892352,0.04564562812447548,-0.013654175901319832,0.01617546,24.477218437194825,0.2,2305,0.187548828125,0.0001,11.308455467224121,0.9750487804412842,30.025767612457276,1000.0,2730.178466796875,,
1126,1683,463,1896448,0.04563578590750694,-0.006924896530108526,0.009167172,34.52054934501648,0.2,2310,0.0865234375,0.0001,12.048139572143555,0.9778106808662415,30.034423112869263,1000.0,2730.178466796875,,
1128,1684,464,1900544,0.04563070833683014,-0.012292593554593622,0.013502372,27.06653447151184,0.2,2315,0.108837890625,0.0001,9.364372253417969,0.9837822318077087,30.036568641662598,1000.0,2730.178466796875,,
1133,1680,465,1904640,0.045626573264598846,-0.010356410336680711,0.014825475,27.486261749267577,0.2,2320,0.11435546875,0.0001,10.670215606689453,0.9851800799369812,30.03878254890442,1000.0,2709.746337890625,,
1134,1681,466,1908736,0.04561017453670502,-0.010966953565366566,0.01720035,50.41392984390259,0.2,2325,0.148828125,0.0001,24.631187438964844,0.9732603430747986,30.041806316375734,1000.0,2709.746337890625,,
1136,1682,467,1912832,0.04560807719826698,-0.008860806602751837,0.013392204,71.53035202026368,0.2,2330,0.1099609375,0.0001,30.114870071411133,0.9576452374458313,30.046810388565063,1000.0,2709.746337890625,,
1138,1683,468,1916928,0.04561661183834076,-0.009837452706415206,0.012187881,71.81928091049194,0.2,2335,0.090673828125,0.0001,35.088706970214844,0.957919180393219,30.04572401046753,1000.0,2709.746337890625,,
1141,1682,469,1921024,0.04562157019972801,-0.010184871387900784,0.014132144,72.09658851623536,0.2,2340,0.1201171875,0.0001,32.35188674926758,0.9595557451248169,30.041928672790526,1000.0,2684.3896484375,,
1143,1683,470,1925120,0.04562990739941597,-0.014644162415061146,0.014978833,66.96530828475952,0.2,2345,0.15107421875,0.0001,27.504732131958008,0.9618192911148071,30.040226459503174,1000.0,2684.3896484375,,
1145,1684,471,1929216,0.04562754929065704,-0.011644289223477244,0.0109390775,36.906183862686156,0.2,2350,0.087109375,0.0001,10.95198917388916,0.9718635678291321,30.038219022750855,1000.0,2684.3896484375,,
1147,1685,472,1933312,0.04562026634812355,-0.011593807104509324,0.012828148,32.897157192230225,0.2,2355,0.108837890625,0.0001,10.054903984069824,0.9776938557624817,30.04065308570862,1000.0,2684.3896484375,,
1150,1683,473,1937408,0.04561619460582733,-0.012418595817871391,0.014048319,27.31196336746216,0.2,2360,0.133740234375,0.0001,10.078740119934082,0.984204888343811,30.043524980545044,1000.0,2603.46533203125,,
1152,1684,474,1941504,0.045606907457113266,-0.011400565959047527,0.015153687,35.264127826690675,0.2,2365,0.1458984375,0.0001,13.61627197265625,0.9840912818908691,30.045429134368895,1000.0,2603.46533203125,,
1154,1685,475,1945600,0.045612167567014694,-0.012941637053154409,0.01543949,19.578256011009216,0.2,2370,0.15419921875,0.0001,7.417149543762207,0.9861506819725037,30.04692931175232,1000.0,2603.46533203125,,
1156,1686,476,1949696,0.04561536759138107,-0.011082871607504785,0.017751392,15.836466717720032,0.2,2375,0.176806640625,0.0001,7.3243889808654785,0.9889991283416748,30.044629669189455,1000.0,2603.46533203125,,
1159,1684,477,1953792,0.04560678079724312,-0.01010215038259048,0.01922226,15.850300359725953,0.2,2380,0.198828125,0.0001,6.411254405975342,0.9892438054084778,30.044798946380617,1000.0,2577.90087890625,,
1161,1686,478,1957888,0.045598968863487244,-0.01209224119083956,0.017828722,30.71425395011902,0.2,2385,0.194970703125,0.0001,13.11060905456543,0.9805115461349487,30.049426746368407,1000.0,2577.90087890625,,
1162,1687,479,1961984,0.04558529704809189,-0.013347794802393764,0.016466819,20.707866525650026,0.2,2390,0.16220703125,0.0001,7.2542405128479,0.9851905703544617,30.052378177642822,1000.0,2577.90087890625,,
1164,1688,480,1966080,0.04557080566883087,-0.010587099916301667,0.018441595,16.469729232788087,0.2,2395,0.164306640625,0.0001,6.534038066864014,0.9889113903045654,30.05933270454407,1000.0,2577.90087890625,,
1168,1686,481,1970176,0.04556151106953621,-0.010108459158800542,0.021462653,14.982144117355347,0.2,2400,0.198388671875,0.0001,7.076291561126709,0.9911892414093018,30.063585329055787,1000.0,2572.70947265625,,
1169,1687,482,1974272,0.045560047030448914,-0.01064105216646567,0.018430553,35.017420864105226,0.2,2405,0.209765625,0.0001,13.626282691955566,0.9787081480026245,30.066064882278443,1000.0,2572.70947265625,,
1171,1688,483,1978368,0.045539818704128265,-0.012546592409489677,0.015009733,25.65154685974121,0.2,2410,0.1365234375,0.0001,10.348051071166992,0.985777735710144,30.069613647460937,1000.0,2572.70947265625,,
1173,1689,484,1982464,0.045528169721364975,-0.010981002799235284,0.012179924,23.868432235717773,0.2,2415,0.1134765625,0.0001,12.665852546691895,0.986797571182251,30.077362537384033,1000.0,2572.70947265625,,
1176,1688,485,1986560,0.04550488293170929,-0.014902265300042928,0.015370205,22.918245363235474,0.2,2420,0.15732421875,0.0001,9.898818016052246,0.9877057671546936,30.082322788238525,1000.0,2586.956787109375,,
1178,1689,486,1990656,0.045490555465221405,-0.011561013909522444,0.012158025,30.173663425445557,0.2,2425,0.12822265625,0.0001,12.604372024536133,0.980290412902832,30.09162139892578,1000.0,2586.956787109375,,
1180,1690,487,1994752,0.04548298567533493,-0.009732587842154316,0.012392487,17.416902327537535,0.2,2430,0.090966796875,0.0001,4.232511043548584,0.9850587248802185,30.094983959197997,1000.0,2586.956787109375,,
1181,1691,488,1998848,0.04548579081892967,-0.008526874909875914,0.0120257335,13.834564042091369,0.2,2435,0.0904296875,0.0001,3.2342281341552734,0.9880776405334473,30.09685335159302,1000.0,2586.956787109375,,
1197,1673,489,2002944,0.04548882693052292,-0.009525449640932493,0.0133856395,12.30131001472473,0.2,2440,0.129296875,0.0001,3.7930240631103516,0.9906173944473267,30.09543309211731,1000.0,2576.772705078125,750000,2.8292522954329082
1198,1674,490,2007040,0.04548951983451843,-0.011348933228873648,0.010533705,63.48321695327759,0.2,2445,0.106689453125,0.0001,28.038616180419922,0.9609865546226501,30.094277095794677,1000.0,2576.772705078125,,
1200,1675,491,2011136,0.04548380896449089,-0.010869204095797613,0.010988327,41.325168180465695,0.2,2450,0.08212890625,0.0001,15.031329154968262,0.9691799283027649,30.095322179794312,1000.0,2576.772705078125,,
1202,1676,492,2015232,0.04547958821058273,-0.012415938498452305,0.013441399,36.665612649917605,0.2,2455,0.10732421875,0.0001,14.10572338104248,0.9748271703720093,30.09728693962097,1000.0,2576.772705078125,,
1206,1674,493,2019328,0.0454895906150341,-0.013423014397267253,0.013105728,34.805449151992796,0.2,2460,0.126025390625,0.0001,14.427546501159668,0.9778116345405579,30.097277688980103,1000.0,2550.0380859375,,
1207,1675,494,2023424,0.04548944905400276,-0.010161308286478743,0.011395833,63.22177457809448,0.2,2465,0.09296875,0.0001,26.759767532348633,0.9639630913734436,30.094341850280763,1000.0,2550.0380859375,,
1209,1676,495,2027520,0.045484915375709534,-0.010069640836445615,0.012379359,47.614799118041994,0.2,2470,0.0853515625,0.0001,18.411081314086914,0.9689071178436279,30.095611810684204,1000.0,2550.0380859375,,
1211,1676,496,2031616,0.0454869382083416,-0.013382376881781965,0.014643043,43.827569007873535,0.2,2475,0.121826171875,0.0001,16.61180305480957,0.9701030254364014,30.09643669128418,1000.0,2550.0380859375,,
1215,1674,497,2035712,0.04548664018511772,-0.01208093431778252,0.014480032,40.88335924148559,0.2,2480,0.1279296875,0.0001,17.23390007019043,0.9724754691123962,30.096271514892578,1000.0,2583.547119140625,,
1217,1675,498,2039808,0.045492514967918396,-0.012163613562006504,0.011872249,59.76800909042358,0.2,2485,0.1052734375,0.0001,21.37374496459961,0.9463725686073303,30.095287609100343,1000.0,2583.547119140625,,
1219,1676,499,2043904,0.04548918083310127,-0.012243149126879871,0.013855697,34.57671570777893,0.2,2490,0.10634765625,0.0001,12.251996040344238,0.965804398059845,30.09396266937256,1000.0,2583.547119140625,,
1222,1675,500,2048000,0.04548192396759987,-0.013173228729283438,0.017618237,28.213386917114256,0.2,2495,0.149169921875,0.0001,11.998250007629395,0.9748519659042358,30.09697022438049,1000.0,2592.257080078125,,
1224,1675,501,2052096,0.04548688232898712,-0.013367008662316947,0.018241161,28.412153196334838,0.2,2500,0.16630859375,0.0001,13.528877258300781,0.9775320291519165,30.098264837265013,1000.0,2592.257080078125,,
1226,1676,502,2056192,0.04548060894012451,-0.007211100589483976,0.012596546,33.63337388038635,0.2,2505,0.0986328125,0.0001,13.076639175415039,0.9731207489967346,30.097206926345827,1000.0,2592.257080078125,,
1228,1677,503,2060288,0.04547353461384773,-0.009396852878853678,0.012512421,15.354405760765076,0.2,2510,0.0810546875,0.0001,4.668162822723389,0.9865806102752686,30.10040307044983,1000.0,2592.257080078125,,
1231,1676,504,2064384,0.04545493423938751,-0.01139272132422775,0.015296433,12.25904883146286,0.2,2515,0.119482421875,0.0001,3.897400379180908,0.9892700910568237,30.104759407043456,1000.0,2578.4697265625,,
1233,1677,505,2068480,0.04542551934719086,-0.012266484095016494,0.015111076,18.170339250564574,0.2,2520,0.144970703125,0.0001,8.461180686950684,0.9859682321548462,30.114329290390014,1000.0,2578.4697265625,,
1235,1678,506,2072576,0.04540473595261574,-0.010478355523082428,0.0125305345,23.188776469230653,0.2,2525,0.112841796875,0.0001,7.2694854736328125,0.9758739471435547,30.125477075576782,1000.0,2578.4697265625,,
1236,1678,507,2076672,0.04539811238646507,-0.009378062689211219,0.015493583,18.151279473304747,0.2,2530,0.1369140625,0.0001,5.472294807434082,0.9775936007499695,30.131313467025755,1000.0,2578.4697265625,,
1240,1677,508,2080768,0.04539736360311508,-0.010774267115630209,0.016703034,15.834327936172485,0.2,2535,0.15439453125,0.0001,5.220616817474365,0.9800856113433838,30.132067966461182,1000.0,2584.414794921875,,
1242,1678,509,2084864,0.04539847373962402,-0.00766497066942975,0.0115308445,40.29986801147461,0.2,2540,0.139794921875,0.0001,17.04493522644043,0.964773416519165,30.132368278503417,1000.0,2584.414794921875,,
1244,1679,510,2088960,0.04539298266172409,-0.0071263014688156545,0.009621771,42.50889778137207,0.2,2545,0.0666015625,0.0001,14.802729606628418,0.9715160727500916,30.132459688186646,1000.0,2584.414794921875,,
1245,1680,511,2093056,0.04538276046514511,-0.009785814734641463,0.0140574705,40.54015231132507,0.2,2550,0.11064453125,0.0001,14.70442008972168,0.9745362401008606,30.13568091392517,1000.0,2584.414794921875,,
1249,1678,512,2097152,0.04537419602274895,-0.011298692290438339,0.015239902,35.398168325424194,0.2,2555,0.155419921875,0.0001,13.888934135437012,0.9785445332527161,30.139276695251464,1000.0,2549.339599609375,,
1250,1679,513,2101248,0.04535980522632599,-0.011741821852046997,0.013229515,50.42493200302124,0.2,2560,0.142578125,0.0001,23.79206657409668,0.9760271906852722,30.14323115348816,1000.0,2549.339599609375,,
1252,1680,514,2105344,0.045347291976213455,-0.013893531367648393,0.01393776,47.72261204719543,0.2,2565,0.13349609375,0.0001,17.25543212890625,0.9739343523979187,30.149486589431763,1000.0,2549.339599609375,,
1254,1681,515,2109440,0.04533885419368744,-0.012091076804790647,0.012178861,34.3800271987915,0.2,2570,0.111279296875,0.0001,10.010604858398438,0.9774931073188782,30.153318309783934,1000.0,2549.339599609375,,
1257,1680,516,2113536,0.04534829780459404,-0.01211097538471222,0.014243962,33.51648526191711,0.2,2575,0.129833984375,0.0001,11.851301193237305,0.9817306399345398,30.154119729995728,1000.0,2526.71240234375,,
1259,1681,517,2117632,0.04534856975078583,-0.011462241259869188,0.014093595,60.048996925354004,0.2,2580,0.13623046875,0.0001,28.78516960144043,0.971053957939148,30.150568580627443,1000.0,2526.71240234375,,
1261,1682,518,2121728,0.045350316911935806,-0.01526773781515658,0.015366056,39.14072031974793,0.2,2585,0.142431640625,0.0001,16.266437530517578,0.9685510993003845,30.151092004776,1000.0,2526.71240234375,,
1262,1683,519,2125824,0.04532884433865547,-0.013650407560635357,0.014265749,37.602278280258176,0.2,2590,0.125634765625,0.0001,16.301427841186523,0.966177761554718,30.152736520767213,1000.0,2526.71240234375,,
1266,1681,520,2129920,0.04530954360961914,-0.013883337518200279,0.018129868,40.78260269165039,0.2,2595,0.162353515625,0.0001,19.535186767578125,0.96402508020401,30.163112258911134,1000.0,2547.2451171875,,
1268,1682,521,2134016,0.04530180245637894,-0.010518305550795049,0.013164983,81.21593713760376,0.2,2600,0.115966796875,0.0001,38.29341125488281,0.9407660961151123,30.1679039478302,1000.0,2547.2451171875,,
1270,1683,522,2138112,0.045303504914045334,-0.009687873523216695,0.010908429,58.413156032562256,0.2,2605,0.072705078125,0.0001,20.496978759765625,0.9577693939208984,30.169433975219725,1000.0,2547.2451171875,,
1272,1684,523,2142208,0.0452994629740715,-0.011799044220242649,0.012836572,60.041319847106934,0.2,2610,0.1103515625,0.0001,24.533079147338867,0.9628227949142456,30.169050788879396,1000.0,2547.2451171875,,
1276,1682,524,2146304,0.045302096754312515,-0.012629973597358912,0.015171656,58.4366415977478,0.2,2615,0.14326171875,0.0001,27.79990005493164,0.9664281010627747,30.169930744171143,1000.0,2511.21435546875,,
1277,1682,525,2150400,0.04530038684606552,-0.01378658713074401,0.016000044,64.21260795593261,0.2,2620,0.15634765625,0.0001,29.16031265258789,0.9578772783279419,30.1695858001709,1000.0,2511.21435546875,,
1279,1683,526,2154496,0.04528852179646492,-0.011910342442570254,0.014714362,42.80912389755249,0.2,2625,0.124951171875,0.0001,14.749996185302734,0.967071533203125,30.171214294433593,1000.0,2511.21435546875,,
1281,1684,527,2158592,0.04528833553195,-0.012073814024915919,0.015024377,37.17572603225708,0.2,2630,0.128857421875,0.0001,15.241189956665039,0.9698822498321533,30.1757869720459,1000.0,2511.21435546875,,
1284,1683,528,2162688,0.045269861817359924,-0.009131624910514802,0.012168819,31.596066617965697,0.2,2635,0.105810546875,0.0001,10.675435066223145,0.9743692874908447,30.176534032821657,1000.0,2518.75048828125,,
1286,1683,529,2166784,0.04525022581219673,-0.01198687509750016,0.015189754,63.50892639160156,0.2,2640,0.141455078125,0.0001,30.90901756286621,0.973370373249054,30.186367416381835,1000.0,2518.75048828125,,
1288,1684,530,2170880,0.04525800049304962,-0.01455584173090756,0.017770587,28.02436113357544,0.2,2645,0.15029296875,0.0001,10.702974319458008,0.9889230132102966,30.189096307754518,1000.0,2518.75048828125,,
1290,1685,531,2174976,0.04524841904640198,-0.0127453307621181,0.017317936,27.717783880233764,0.2,2650,0.168359375,0.0001,10.553194046020508,0.9898808598518372,30.18720498085022,1000.0,2518.75048828125,,
1293,1684,532,2179072,0.04523024708032608,-0.01184071620227769,0.01770819,25.363505840301514,0.2,2655,0.20166015625,0.0001,11.716952323913574,0.9917015433311462,30.1939444065094,1000.0,2520.488525390625,,
1295,1685,533,2183168,0.045224472880363464,-0.006879083014791831,0.013564654,45.5872145652771,0.2,2660,0.16748046875,0.0001,20.70989227294922,0.9803764820098877,30.199663829803466,1000.0,2520.488525390625,,
1297,1686,534,2187264,0.045200467109680176,-0.009964530391152948,0.013409719,23.19464156627655,0.2,2665,0.09052734375,0.0001,8.330517768859863,0.9887754917144775,30.20274987220764,1000.0,2520.488525390625,,
1298,1687,535,2191360,0.04516954720020294,-0.010700722102774307,0.016083892,19.39358506202698,0.2,2670,0.1337890625,0.0001,7.397181987762451,0.9900693893432617,30.215861654281618,1000.0,2520.488525390625,,
1302,1686,536,2195456,0.04514296352863312,-0.011119496304308996,0.015924968,16.78778119087219,0.2,2675,0.15859375,0.0001,6.1854095458984375,0.991752028465271,30.227292919158934,1000.0,2545.296630859375,,
1303,1686,537,2199552,0.045140307396650314,-0.01060107655939646,0.014754113,56.747625255584715,0.2,2680,0.1806640625,0.0001,24.114473342895508,0.9638693928718567,30.23328423500061,1000.0,2545.296630859375,,
1305,1687,538,2203648,0.045128703117370605,-0.0120825479272753,0.013799845,43.448149871826175,0.2,2685,0.127734375,0.0001,15.528585433959961,0.9700160026550293,30.235259342193604,1000.0,2545.296630859375,,
1307,1688,539,2207744,0.04511348530650139,-0.014213328273035586,0.016842604,38.288504695892335,0.2,2690,0.19326171875,0.0001,16.576623916625977,0.9762941002845764,30.241613388061523,1000.0,2545.296630859375,,
1311,1687,540,2211840,0.04511161148548126,-0.012605277099646628,0.01747041,34.38500604629517,0.2,2695,0.193408203125,0.0001,15.304239273071289,0.9813592433929443,30.2458456993103,1000.0,2582.51025390625,,
1312,1687,541,2215936,0.04510842263698578,-0.011632469657342881,0.014375285,40.90000162124634,0.2,2700,0.152880859375,0.0001,13.643131256103516,0.9709752202033997,30.244659948349,1000.0,2582.51025390625,,
1314,1688,542,2220032,0.04508926346898079,-0.011656363552901894,0.01219722,20.47830460071564,0.2,2705,0.127294921875,0.0001,6.034912586212158,0.980868935585022,30.249402952194213,1000.0,2582.51025390625,,
1317,1687,543,2224128,0.04507845640182495,-0.01038246147800237,0.014442712,17.01308786869049,0.2,2710,0.13603515625,0.0001,5.731790542602539,0.9820334911346436,30.255905675888062,1000.0,2583.483154296875,,
1319,1688,544,2228224,0.04505854472517967,-0.010777588532073423,0.014255071,14.98507034778595,0.2,2715,0.1400390625,0.0001,4.703163146972656,0.9842902421951294,30.260755681991576,1000.0,2583.483154296875,,
1321,1689,545,2232320,0.04504355043172836,-0.014103910396806895,0.014940746,31.581691694259643,0.2,2720,0.168798828125,0.0001,11.531856536865234,0.9762176871299744,30.26933174133301,1000.0,2583.483154296875,,
1323,1690,546,2236416,0.04503040015697479,-0.011099235701840371,0.014701238,12.78569974899292,0.2,2725,0.128271484375,0.0001,4.266293048858643,0.9855527281761169,30.273570346832276,1000.0,2583.483154296875,,
1326,1688,547,2240512,0.045017343014478683,-0.009432595560792834,0.018775659,10.141395807266235,0.2,2730,0.17294921875,0.0001,3.4007985591888428,0.9881457686424255,30.28028984069824,1000.0,2557.255615234375,,
1328,1689,548,2244608,0.04500487819314003,-0.012104496918618679,0.016783306,18.078007078170778,0.2,2735,0.173828125,0.0001,7.835122108459473,0.9836403131484985,30.28466601371765,1000.0,2557.255615234375,,
1330,1690,549,2248704,0.04499039426445961,-0.010040281666442752,0.012566118,39.62634191513062,0.2,2740,0.09306640625,0.0001,13.674683570861816,0.9705269932746887,30.290813589096068,1000.0,2557.255615234375,,
1342,1677,550,2252800,0.044993601739406586,-0.011141242948360741,0.013520442,31.017627048492432,0.2,2745,0.1177734375,0.0001,10.585637092590332,0.975881040096283,30.29433207511902,1000.0,2557.255615234375,750000,2.8293002933840747
1347,1674,551,2256896,0.044992830604314804,-0.012959987169597297,0.018861149,25.880215978622438,0.2,2750,0.1826171875,0.0001,10.445590019226074,0.9825060963630676,30.292579555511473,1000.0,2545.8193359375,,
1349,1675,552,2260992,0.04499654844403267,-0.014679557224735618,0.015009545,51.26047163009643,0.2,2755,0.176513671875,0.0001,16.88158416748047,0.9737585783004761,30.2923885345459,1000.0,2545.8193359375,,
1351,1676,553,2265088,0.044983215630054474,-0.009081623243400828,0.010232462,84.6460952758789,0.2,2760,0.081640625,0.0001,36.30029296875,0.9597604870796204,30.293003654479982,1000.0,2545.8193359375,,
1352,1677,554,2269184,0.04498569294810295,-0.013982902537100017,0.013798434,81.85962858200074,0.2,2765,0.13330078125,0.0001,42.79998016357422,0.963847815990448,30.29725089073181,1000.0,2545.8193359375,,
1356,1675,555,2273280,0.044981699436903,-0.011757179192500189,0.01404004,81.77294435501099,0.2,2770,0.139208984375,0.0001,42.24749755859375,0.9657736420631409,30.2962366104126,1000.0,2528.6025390625,,
1358,1676,556,2277376,0.04499472677707672,-0.015045524528250098,0.016206361,63.56073713302612,0.2,2775,0.161572265625,0.0001,30.473730087280273,0.9730108976364136,30.29526047706604,1000.0,2528.6025390625,,
1360,1677,557,2281472,0.045003701001405716,-0.011659592151409015,0.016822074,31.821883869171142,0.2,2780,0.15166015625,0.0001,11.874152183532715,0.9836323261260986,30.290455627441407,1000.0,2528.6025390625,,
1361,1678,558,2285568,0.045003537088632584,-0.012574812374077737,0.018658392,29.726303577423096,0.2,2785,0.2068359375,0.0001,11.814887046813965,0.984755277633667,30.28913288116455,1000.0,2528.6025390625,,
1365,1676,559,2289664,0.04499666392803192,-0.014022532175295055,0.01794582,24.981109523773192,0.2,2790,0.2048828125,0.0001,11.008099555969238,0.987215518951416,30.289985036849977,1000.0,2507.3056640625,,
1367,1677,560,2293760,0.04496535658836365,-0.013722643640358,0.017267218,31.32905969619751,0.2,2795,0.203662109375,0.0001,14.914254188537598,0.9820992350578308,30.29788565635681,1000.0,2507.3056640625,,
1369,1678,561,2297856,0.044921427965164185,-0.011315382225438953,0.013781,13.791255939006806,0.2,2800,0.13427734375,0.0001,3.7273242473602295,0.9861976504325867,30.312290096282958,1000.0,2507.3056640625,,
1370,1679,562,2301952,0.04490426555275917,-0.01059209339437075,0.0175205,10.897043883800507,0.2,2805,0.17109375,0.0001,4.016049861907959,0.988392174243927,30.3270845413208,1000.0,2507.3056640625,,
1374,1677,563,2306048,0.04487051069736481,-0.01114238792215474,0.01837506,11.827065992355347,0.2,2810,0.188427734375,0.0001,4.887580871582031,0.9885942339897156,30.334946727752687,1000.0,2508.29931640625,,
1376,1678,564,2310144,0.04486309736967087,-0.00791655334760435,0.010630408,64.0176682472229,0.2,2815,0.131005859375,0.0001,31.5405330657959,0.9574023485183716,30.34643816947937,1000.0,2508.29931640625,,
1378,1679,565,2314240,0.0448615625500679,-0.0073073382052825766,0.008977482,75.58246688842773,0.2,2820,0.054052734375,0.0001,28.335676193237305,0.9551782011985779,30.346344184875488,1000.0,2508.29931640625,,
1379,1680,566,2318336,0.04485960304737091,-0.008889414381701499,0.01022822,68.43636550903321,0.2,2825,0.07197265625,0.0001,25.948652267456055,0.9603508710861206,30.347547388076784,1000.0,2508.29931640625,,
1383,1678,567,2322432,0.04485771059989929,-0.009893041959730908,0.010992733,60.92169141769409,0.2,2830,0.076708984375,0.0001,24.170072555541992,0.9664022922515869,30.348215436935426,1000.0,2475.820556640625,,
1385,1679,568,2326528,0.04486098513007164,-0.010341950971633197,0.009554494,67.9039981842041,0.2,2835,0.0779296875,0.0001,27.971452713012695,0.9641190767288208,30.348308706283568,1000.0,2475.820556640625,,
1386,1680,569,2330624,0.04485586658120155,-0.010938932944554836,0.011697988,41.54485383033752,0.2,2840,0.0953125,0.0001,15.108720779418945,0.9691228270530701,30.34756145477295,1000.0,2475.820556640625,,
1388,1681,570,2334720,0.04484063386917114,-0.010450648528058082,0.010854585,43.66720695495606,0.2,2845,0.091064453125,0.0001,16.534427642822266,0.9691250324249268,30.351951551437377,1000.0,2475.820556640625,,
1392,1680,571,2338816,0.04483311250805855,-0.013161475188098848,0.013717957,43.277648305892946,0.2,2850,0.1220703125,0.0001,15.405778884887695,0.9688729047775269,30.35735740661621,1000.0,2488.39306640625,,
1393,1680,572,2342912,0.04482556879520416,-0.012386011617491022,0.012273486,73.02717895507813,0.2,2855,0.104541015625,0.0001,29.964223861694336,0.9539994597434998,30.359430170059206,1000.0,2488.39306640625,,
1395,1681,573,2347008,0.04482856020331383,-0.013225522229913623,0.012427523,52.98104629516602,0.2,2860,0.11044921875,0.0001,15.618856430053711,0.9604738354682922,30.361097860336304,1000.0,2488.39306640625,,
1397,1682,574,2351104,0.044833675026893616,-0.010845139535376802,0.014193922,39.477085781097415,0.2,2865,0.122802734375,0.0001,12.866067886352539,0.9686390161514282,30.358899927139284,1000.0,2488.39306640625,,
1400,1681,575,2355200,0.044824931770563126,-0.013663196662673727,0.012489751,42.62930607795715,0.2,2870,0.117333984375,0.0001,15.975415229797363,0.969978928565979,30.359059476852416,1000.0,2499.35791015625,,
1402,1682,576,2359296,0.04482359439134598,-0.011919328925432637,0.011068371,48.520904541015625,0.2,2875,0.086376953125,0.0001,19.825443267822266,0.9709099531173706,30.36245126724243,1000.0,2499.35791015625,,
1404,1683,577,2363392,0.044819172471761703,-0.01209900139947422,0.012280419,31.694388818740844,0.2,2880,0.0953125,0.0001,9.477243423461914,0.9765858054161072,30.36299729347229,1000.0,2499.35791015625,,
1405,1684,578,2367488,0.04481241852045059,-0.011004885379225015,0.012828039,24.22386085987091,0.2,2885,0.097314453125,0.0001,8.410895347595215,0.9828957915306091,30.36550636291504,1000.0,2499.35791015625,,
1409,1682,579,2371584,0.044792771339416504,-0.012405667116399854,0.013473404,25.280215406417845,0.2,2890,0.133740234375,0.0001,8.023470878601074,0.9850137829780579,30.37047472000122,1000.0,2478.464111328125,,
1411,1682,580,2375680,0.04478684440255165,-0.007460171781713143,0.009601822,59.742629814147946,0.2,2895,0.078125,0.0001,22.116334915161133,0.96101313829422,30.377177715301514,1000.0,2478.464111328125,,
1413,1683,581,2379776,0.04478020593523979,-0.008938725577900186,0.012168761,33.684826898574826,0.2,2900,0.072607421875,0.0001,11.77236557006836,0.9715084433555603,30.378113508224487,1000.0,2478.464111328125,,
1415,1684,582,2383872,0.04475708305835724,-0.01007415308849886,0.012649785,27.141749572753906,0.2,2905,0.104736328125,0.0001,9.809488296508789,0.9796838164329529,30.3842670917511,1000.0,2478.464111328125,,
1418,1682,583,2387968,0.044759560376405716,-0.007677847181912512,0.012107344,25.49785895347595,0.2,2910,0.105810546875,0.0001,10.345839500427246,0.9829989075660706,30.391532945632935,1000.0,2492.51953125,,
1420,1683,584,2392064,0.0447639636695385,-0.008187292315415106,0.013301174,49.27398691177368,0.2,2915,0.093017578125,0.0001,20.52284049987793,0.964261531829834,30.387319612503052,1000.0,2492.51953125,,
1422,1684,585,2396160,0.04476592689752579,-0.009216893679695203,0.012840113,30.067257022857667,0.2,2920,0.090966796875,0.0001,10.185453414916992,0.9769539833068848,30.387615585327147,1000.0,2492.51953125,,
1426,1682,586,2400256,0.04474971815943718,-0.014707070123404265,0.015512703,26.633981275558472,0.2,2925,0.138720703125,0.0001,7.98206901550293,0.980713963508606,30.388690662384032,1000.0,2472.510498046875,,
1428,1683,587,2404352,0.04473106563091278,-0.014513061032630503,0.016130019,28.15399889945984,0.2,2930,0.17822265625,0.0001,11.721556663513184,0.9809557199478149,30.39684467315674,1000.0,2472.510498046875,,
1430,1684,588,2408448,0.04472917318344116,-0.010096568395965733,0.014308429,35.015699005126955,0.2,2935,0.122216796875,0.0001,17.372713088989258,0.9760457277297974,30.401877403259277,1000.0,2472.510498046875,,
1431,1685,589,2412544,0.04473431408405304,-0.009376701095607131,0.015549996,26.814174556732176,0.2,2940,0.14931640625,0.0001,12.114715576171875,0.9818674921989441,30.400031185150148,1000.0,2472.510498046875,,
1435,1683,590,2416640,0.04472731053829193,-0.00813431991264224,0.01813224,22.615405559539795,0.2,2945,0.194287109375,0.0001,9.05174732208252,0.9856921434402466,30.400822591781616,1000.0,2471.648193359375,,
1437,1684,591,2420736,0.044717468321323395,-0.011475824215449393,0.020236332,31.670340490341186,0.2,2950,0.2271484375,0.0001,14.169894218444824,0.9830675721168518,30.40455584526062,1000.0,2471.648193359375,,
1438,1685,592,2424832,0.04473458603024483,-0.011652320250868797,0.01591756,37.10379824638367,0.2,2955,0.166064453125,0.0001,13.736967086791992,0.9813818335533142,30.404752206802367,1000.0,2471.648193359375,,
1440,1686,593,2428928,0.04475059732794762,-0.012788475072011352,0.017074272,32.923464965820315,0.2,2960,0.156591796875,0.0001,13.36074161529541,0.9819819927215576,30.39590153694153,1000.0,2471.648193359375,,
1444,1684,594,2433024,0.0447554737329483,-0.014287705393508076,0.023057953,31.44957036972046,0.2,2965,0.2142578125,0.0001,12.289616584777832,0.983696460723877,30.391626119613647,1000.0,2461.369140625,,
1446,1685,595,2437120,0.044747497886419296,-0.011655737122055143,0.017099861,50.862173080444336,0.2,2970,0.182421875,0.0001,25.489791870117188,0.9756077527999878,30.39195876121521,1000.0,2461.369140625,,
1447,1686,596,2441216,0.044743992388248444,-0.007219788059592247,0.009460722,53.116453886032104,0.2,2975,0.09189453125,0.0001,15.275713920593262,0.9588803052902222,30.394843339920044,1000.0,2461.369140625,,
1449,1686,597,2445312,0.044741179794073105,-0.009383882972178981,0.009730802,47.091341209411624,0.2,2980,0.055419921875,0.0001,15.742785453796387,0.9631814956665039,30.395994472503663,1000.0,2461.369140625,,
1454,1684,598,2449408,0.044740933924913406,-0.00927875549532473,0.010864256,45.13306560516357,0.2,2985,0.0728515625,0.0001,15.652525901794434,0.9669430255889893,30.39670386314392,1000.0,2455.53125,,
1456,1684,599,2453504,0.0447470061480999,-0.014842670387588441,0.019333955,50.2612380027771,0.2,2990,0.152197265625,0.0001,23.84429931640625,0.9734127521514893,30.39576849937439,1000.0,2455.53125,,
1457,1685,600,2457600,0.04474505037069321,-0.0095923665096052,0.010667732,39.87004909515381,0.2,2995,0.100634765625,0.0001,14.26535415649414,0.9847168922424316,30.394043922424316,1000.0,2455.53125,,
1459,1686,601,2461696,0.04474464803934097,-0.011438106064451859,0.013765094,29.577541494369505,0.2,3000,0.136962890625,0.0001,10.621796607971191,0.9876732230186462,30.395768642425537,1000.0,2455.53125,,
1463,1685,602,2465792,0.044743675738573074,-0.00966702793375589,0.014372728,24.9771137714386,0.2,3005,0.16884765625,0.0001,9.805291175842285,0.9900690317153931,30.395268535614015,1000.0,2499.482421875,,
1464,1685,603,2469888,0.04473448544740677,-0.009152028831886127,0.017476011,38.7435106754303,0.2,3010,0.1748046875,0.0001,14.211817741394043,0.983748197555542,30.398637819290162,1000.0,2499.482421875,,
1466,1686,604,2473984,0.044754672795534134,-0.01157008412410505,0.016194243,28.91533498764038,0.2,3015,0.164404296875,0.0001,12.47309684753418,0.9854443669319153,30.39759831428528,1000.0,2499.482421875,,
1468,1687,605,2478080,0.04474751651287079,-0.011925299261929468,0.023464767,27.58344883918762,0.2,3020,0.209521484375,0.0001,12.752079963684082,0.9874185919761658,30.392365312576295,1000.0,2499.482421875,,
1473,1684,606,2482176,0.04474271833896637,-0.014747287725677362,0.026879385,27.000795622129697,0.2,3025,0.25987119932432434,0.0001,10.893515586853027,0.988116443157196,30.39599640304978,1000.0,2528.015380859375,,
1474,1685,607,2486272,0.044742729514837265,-0.00853416496538557,0.01346465,50.727469539642335,0.2,3030,0.14462890625,0.0001,18.315414428710938,0.971365213394165,30.398390102386475,1000.0,2528.015380859375,,
1476,1686,608,2490368,0.04473511874675751,-0.013469278847333043,0.016990922,27.956809520721436,0.2,3035,0.135009765625,0.0001,10.235514640808105,0.9743123650550842,30.397704362869263,1000.0,2528.015380859375,,
1478,1687,609,2494464,0.044737931340932846,-0.011170533747645095,0.016459614,23.816898679733278,0.2,3040,0.148095703125,0.0001,9.469622611999512,0.97967529296875,30.399925231933594,1000.0,2528.015380859375,,
1483,1684,610,2498560,0.04474664852023125,-0.01578812828520313,0.01839659,22.73930892944336,0.2,3045,0.182177734375,0.0001,9.511812210083008,0.9816539287567139,30.397145652770995,1000.0,2532.233154296875,,
1495,1673,611,2502656,0.04474162310361862,-0.01178769402904436,0.016291447,39.04518046379089,0.2,3050,0.160888671875,0.0001,15.413342475891113,0.9748048186302185,30.396169900894165,1000.0,2532.233154296875,750000,2.837757346324931
1497,1673,612,2506752,0.044734418392181396,-0.012246084649814293,0.016047403,20.7781174659729,0.2,3055,0.145703125,0.0001,7.179795742034912,0.9872968792915344,30.399538803100587,1000.0,2532.233154296875,,
1499,1674,613,2510848,0.04471783712506294,-0.012768739956663921,0.01973889,17.16207649707794,0.2,3060,0.198291015625,0.0001,7.214776039123535,0.9902932643890381,30.403014993667604,1000.0,2532.233154296875,,
1502,1673,614,2514944,0.04471789300441742,-0.010392018686980009,0.019089341,14.8760901927948,0.2,3065,0.22275390625,0.0001,6.578888893127441,0.992179811000824,30.408458042144776,1000.0,2580.3173828125,,
1504,1674,615,2519040,0.04472144693136215,-0.012983722903300077,0.017189015,42.50725884437561,0.2,3070,0.17626953125,0.0001,21.111635208129883,0.9729723334312439,30.406194925308228,1000.0,2580.3173828125,,
1506,1675,616,2523136,0.04469723254442215,-0.012236765248235314,0.017917553,26.755649185180665,0.2,3075,0.15068359375,0.0001,12.345952987670898,0.9812953472137451,30.409204387664794,1000.0,2580.3173828125,,
1507,1675,617,2527232,0.04467256739735603,-0.01360788531601429,0.01748699,20.954650592803954,0.2,3080,0.16962890625,0.0001,8.175788879394531,0.9847344756126404,30.420512342453,1000.0,2580.3173828125,,
1511,1674,618,2531328,0.04466301202774048,-0.011641592194791883,0.016530897,23.782550477981566,0.2,3085,0.1908203125,0.0001,10.002264976501465,0.9829689264297485,30.427645111083983,1000.0,2615.6328125,,
1513,1674,619,2535424,0.044674623757600784,-0.013316234608646482,0.015903302,52.928087615966795,0.2,3090,0.18330078125,0.0001,24.370567321777344,0.9775169491767883,30.427992200851442,1000.0,2615.6328125,,
1515,1675,620,2539520,0.04467178136110306,-0.013017777120694518,0.014057668,40.497144889831546,0.2,3095,0.148388671875,0.0001,17.687992095947266,0.9831364750862122,30.42453532218933,1000.0,2615.6328125,,
1517,1676,621,2543616,0.04468159005045891,-0.011755397811066359,0.013872152,37.4795250415802,0.2,3100,0.143310546875,0.0001,15.58643627166748,0.9841711521148682,30.424863624572755,1000.0,2615.6328125,,
1521,1674,622,2547712,0.04468248039484024,-0.010411540337372571,0.0165398,37.149060773849484,0.2,3105,0.17705078125,0.0001,16.61381721496582,0.9847984910011292,30.421687030792235,1000.0,2649.406005859375,,
1523,1675,623,2551808,0.044673189520835876,-0.012158946495037525,0.015804429,35.069141483306886,0.2,3110,0.165478515625,0.0001,12.79171085357666,0.975571870803833,30.423379850387573,1000.0,2649.406005859375,,
1525,1675,624,2555904,0.04468826949596405,-0.010843413186375984,0.014266431,13.701671957969666,0.2,3115,0.154638671875,0.0001,5.1475510597229,0.98857581615448,30.42388496398926,1000.0,2649.406005859375,,
1528,1675,625,2560000,0.044694799929857254,-0.011723306449130177,0.017366644,13.141218018531799,0.2,3120,0.190625,0.0001,4.323396682739258,0.9889588952064514,30.416993141174316,1000.0,2694.659912109375,,
1530,1675,626,2564096,0.044679488986730576,-0.012068407610058784,0.017827902,12.603695058822632,0.2,3125,0.194140625,0.0001,4.771206855773926,0.9890487194061279,30.42001643180847,1000.0,2694.659912109375,,
1531,1676,627,2568192,0.04467648267745972,-0.013408917211927473,0.015190834,46.34235982894897,0.2,3130,0.1462890625,0.0001,21.397586822509766,0.9755169749259949,30.424974155426025,1000.0,2694.659912109375,,
1533,1677,628,2572288,0.044676441699266434,-0.010654067574068903,0.015524143,21.58017044067383,0.2,3135,0.134619140625,0.0001,7.84285831451416,0.987173318862915,30.424499607086183,1000.0,2694.659912109375,,
1537,1676,629,2576384,0.04466496407985687,-0.011910827958490699,0.017531972,20.997317957878114,0.2,3140,0.19365234375,0.0001,6.491061210632324,0.9885456562042236,30.42679133415222,1000.0,2711.113037109375,,
1539,1676,630,2580480,0.04464683681726456,-0.010193242313107476,0.013156285,29.768947267532347,0.2,3145,0.14111328125,0.0001,10.980725288391113,0.9836852550506592,30.432892990112304,1000.0,2711.113037109375,,
1540,1677,631,2584576,0.04463786631822586,-0.01108476985245943,0.0146682095,25.971438074111937,0.2,3150,0.124462890625,0.0001,9.905182838439941,0.9791525602340698,30.439529180526733,1000.0,2711.113037109375,,
1542,1677,632,2588672,0.04462345317006111,-0.009191463026218117,0.0146991955,22.372204303741455,0.2,3155,0.126416015625,0.0001,7.876908779144287,0.9829018712043762,30.44301552772522,1000.0,2711.113037109375,,
1546,1676,633,2592768,0.044610485434532166,-0.011862750549335032,0.016320169,14.54725022315979,0.2,3160,0.180029296875,0.0001,5.8989338874816895,0.98894864320755,30.44965229034424,1000.0,2711.84033203125,,
1548,1677,634,2596864,0.04459759593009949,-0.012485804691095836,0.014476119,25.773030948638915,0.2,3165,0.173291015625,0.0001,9.132015228271484,0.9838152527809143,30.453592205047606,1000.0,2711.84033203125,,
1550,1677,635,2600960,0.04458443447947502,-0.009135937946848572,0.009831753,29.84950566291809,0.2,3170,0.08037109375,0.0001,10.942163467407227,0.9802857041358948,30.45958218574524,1000.0,2711.84033203125,,
1551,1678,636,2605056,0.04457637295126915,-0.009451890736818314,0.011041278,21.591795110702513,0.2,3175,0.08076171875,0.0001,6.357838153839111,0.9831737875938416,30.46459493637085,1000.0,2711.84033203125,,
1555,1677,637,2609152,0.044554438441991806,-0.009989486902486532,0.011663942,18.81543638706207,0.2,3180,0.096337890625,0.0001,6.409385681152344,0.9848805069923401,30.469326305389405,1000.0,2713.0986328125,,
1557,1678,638,2613248,0.04454478621482849,-0.010797900473698973,0.016510632,38.92825102806091,0.2,3185,0.137060546875,0.0001,15.117010116577148,0.9684551954269409,30.477810621261597,1000.0,2713.0986328125,,
1559,1678,639,2617344,0.044548213481903076,-0.01251670096826274,0.015412317,33.06823124885559,0.2,3190,0.154052734375,0.0001,13.156490325927734,0.9690724015235901,30.479339361190796,1000.0,2713.0986328125,,
1560,1679,640,2621440,0.0445626825094223,-0.010421144560677931,0.018077306,27.306027603149413,0.2,3195,0.15947265625,0.0001,9.967578887939453,0.9730950593948364,30.475584030151367,1000.0,2713.0986328125,,
1564,1677,641,2625536,0.044543683528900146,-0.013912341254763306,0.021935489,30.123987436294556,0.2,3200,0.212451171875,0.0001,13.36313247680664,0.9699133634567261,30.476045846939087,1000.0,2671.774658203125,,
1566,1678,642,2629632,0.044542111456394196,-0.013835881208069622,0.015347388,44.63621110916138,0.2,3205,0.144580078125,0.0001,16.9643611907959,0.9625312089920044,30.481498098373415,1000.0,2671.774658203125,,
1568,1679,643,2633728,0.04454658553004265,-0.011921035591512918,0.013437182,27.53358244895935,0.2,3210,0.1232421875,0.0001,10.319252967834473,0.9742769002914429,30.479774141311644,1000.0,2671.774658203125,,
1570,1680,644,2637824,0.0445517934858799,-0.014063741383142769,0.014643499,22.163840579986573,0.2,3215,0.150146484375,0.0001,9.61545181274414,0.9776391386985779,30.478603458404542,1000.0,2671.774658203125,,
1573,1678,645,2641920,0.044530823826789856,-0.011393685627263039,0.01600439,21.172504949569703,0.2,3220,0.14384765625,0.0001,8.032594680786133,0.9796767234802246,30.47952799797058,1000.0,2669.011474609375,,
1575,1679,646,2646016,0.044508472084999084,-0.01143508505774662,0.012878175,53.51779317855835,0.2,3225,0.12587890625,0.0001,22.902202606201172,0.9708161950111389,30.49060983657837,1000.0,2669.011474609375,,
1577,1680,647,2650112,0.04449952021241188,-0.010593659966252745,0.011629175,60.15378522872925,0.2,3230,0.09912109375,0.0001,20.6734676361084,0.9725394248962402,30.497070598602296,1000.0,2669.011474609375,,
1578,1681,648,2654208,0.04448343813419342,-0.014152607903815806,0.013980698,56.55286331176758,0.2,3235,0.132861328125,0.0001,21.063920974731445,0.9762763381004333,30.501427745819093,1000.0,2669.011474609375,,
1582,1679,649,2658304,0.044472672045230865,-0.013723815779667348,0.013856515,53.0532506942749,0.2,3240,0.143603515625,0.0001,25.26043701171875,0.979935348033905,30.507408332824706,1000.0,2609.775390625,,
1584,1680,650,2662400,0.044471777975559235,-0.014867703439085745,0.015225553,53.32485523223877,0.2,3245,0.162744140625,0.0001,27.586198806762695,0.9763734340667725,30.509812355041504,1000.0,2609.775390625,,
1586,1681,651,2666496,0.044478639960289,-0.012403571931645273,0.013692261,21.993679785728453,0.2,3250,0.110009765625,0.0001,7.762782573699951,0.9831894040107727,30.508919763565064,1000.0,2609.775390625,,
1587,1681,652,2670592,0.04447662830352783,-0.010083961096825078,0.013834506,18.60256733894348,0.2,3255,0.119482421875,0.0001,6.616173267364502,0.9866860508918762,30.506970930099488,1000.0,2609.775390625,,
1591,1680,653,2674688,0.04444746673107147,-0.010448540817014873,0.014758648,20.733300828933714,0.2,3260,0.13193359375,0.0001,8.82314682006836,0.9866012930870056,30.51253933906555,1000.0,2619.934326171875,,
1593,1681,654,2678784,0.04444460943341255,-0.012165402597747742,0.014271872,75.82992839813232,0.2,3265,0.14013671875,0.0001,36.42427444458008,0.9529779553413391,30.522061109542847,1000.0,2619.934326171875,,
1594,1682,655,2682880,0.044451192021369934,-0.012335841765161604,0.013006616,59.45712890625,0.2,3270,0.115087890625,0.0001,23.78249168395996,0.9531745910644531,30.5204749584198,1000.0,2619.934326171875,,
1596,1682,656,2686976,0.04444876313209534,-0.013675459299702198,0.015177777,50.311672401428225,0.2,3275,0.137255859375,0.0001,17.60492515563965,0.9584742188453674,30.519175815582276,1000.0,2619.934326171875,,
1600,1681,657,2691072,0.04444163665175438,-0.01647986127063632,0.016540406,50.54184112548828,0.2,3280,0.157177734375,0.0001,22.744184494018555,0.9575859904289246,30.52151894569397,1000.0,2583.88916015625,,
1602,1682,658,2695168,0.04444250091910362,-0.013574031461030246,0.016397955,49.70554246902466,0.2,3285,0.144189453125,0.0001,23.270977020263672,0.970274031162262,30.523315143585204,1000.0,2583.88916015625,,
1603,1682,659,2699264,0.0444323904812336,-0.010984139557695016,0.014435241,24.02029628753662,0.2,3290,0.12216796875,0.0001,7.4043989181518555,0.9843157529830933,30.524306297302246,1000.0,2583.88916015625,,
1605,1683,660,2703360,0.04442264139652252,-0.012078519817441702,0.0153750675,18.1025910615921,0.2,3295,0.14755859375,0.0001,5.970533847808838,0.9887167811393738,30.52953176498413,1000.0,2583.88916015625,,
1609,1682,661,2707456,0.04441036283969879,-0.008295804390218108,0.015122236,18.703724026679993,0.2,3300,0.142236328125,0.0001,7.43759298324585,0.989922821521759,30.533638334274293,1000.0,2590.852294921875,,
1611,1682,662,2711552,0.04439721256494522,-0.008024470414966345,0.010487232,58.58366775512695,0.2,3305,0.0958984375,0.0001,26.257930755615234,0.9660748243331909,30.53866319656372,1000.0,2590.852294921875,,
1613,1683,663,2715648,0.04439731687307358,-0.0083264964108821,0.009766874,42.9851553440094,0.2,3310,0.06630859375,0.0001,20.099773406982422,0.9713026285171509,30.542167377471923,1000.0,2590.852294921875,,
1614,1684,664,2719744,0.04439520090818405,-0.011810654646251351,0.013586937,40.41617455482483,0.2,3315,0.113037109375,0.0001,18.081829071044922,0.9753597378730774,30.541657400131225,1000.0,2590.852294921875,,
1619,1682,665,2723840,0.04439937695860863,-0.01000080723897554,0.013818628,39.60087127685547,0.2,3320,0.106591796875,0.0001,19.848506927490234,0.9780073761940002,30.541384124755858,1000.0,2556.82275390625,,
1620,1682,666,2727936,0.04439103975892067,-0.01044717404874973,0.013204163,31.90253357887268,0.2,3325,0.1095703125,0.0001,11.542036056518555,0.9716715216636658,30.541786623001098,1000.0,2556.82275390625,,
1622,1683,667,2732032,0.044400498270988464,-0.012527432816568762,0.015832333,12.181400620937348,0.2,3330,0.16767578125,0.0001,4.069337844848633,0.9853681325912476,30.543054628372193,1000.0,2556.82275390625,,
1626,1682,668,2736128,0.04439935088157654,-0.009701785363722593,0.013705071,11.901538157463074,0.2,3335,0.160107421875,0.0001,4.036233901977539,0.9872751832008362,30.53944444656372,1000.0,2530.531982421875,,
1628,1683,669,2740224,0.044351864606142044,-0.011533230816712602,0.017853111,11.236102604866028,0.2,3340,0.203955078125,0.0001,4.715267181396484,0.9894536137580872,30.547227525711058,1000.0,2530.531982421875,,
1629,1683,670,2744320,0.04433745890855789,-0.007985851116245613,0.011398878,77.3666603088379,0.2,3345,0.16904296875,0.0001,33.837120056152344,0.9712051153182983,30.5637610912323,1000.0,2530.531982421875,,
1631,1684,671,2748416,0.04432464390993118,-0.014627458591712638,0.016148956,67.10070238113403,0.2,3350,0.15556640625,0.0001,26.52362060546875,0.9748932719230652,30.56693410873413,1000.0,2530.531982421875,,
1646,1671,672,2752512,0.0443141870200634,-0.013115431333426386,0.0103924805,47.03240475654602,0.2,3355,0.09501953125,0.0001,13.545284271240234,0.977838397026062,30.571990251541138,1000.0,2545.373046875,750000,2.836124137935164
1648,1672,673,2756608,0.044304829090833664,-0.01418599538737908,0.013936691,63.57410535812378,0.2,3360,0.156103515625,0.0001,26.878376007080078,0.9782031774520874,30.57685742378235,1000.0,2545.373046875,,
1650,1673,674,2760704,0.04431483894586563,-0.013443107716739178,0.013802965,19.367856001853944,0.2,3365,0.15126953125,0.0001,6.314977169036865,0.9892374873161316,30.57645254135132,1000.0,2545.373046875,,
1651,1673,675,2764800,0.044301193207502365,-0.012782821868313476,0.019507453,13.323888266086579,0.2,3370,0.19111328125,0.0001,3.690869092941284,0.9921057224273682,30.575410270690917,1000.0,2545.373046875,,
1655,1672,676,2768896,0.04427490383386612,-0.010556401789654047,0.016924344,11.985546779632568,0.2,3375,0.1853515625,0.0001,4.004734992980957,0.9932289123535156,30.582955026626585,1000.0,2557.195068359375,,
1657,1673,677,2772992,0.04427601769566536,-0.012896330474177375,0.019641714,21.30286798477173,0.2,3380,0.217236328125,0.0001,8.549814224243164,0.989169180393219,30.59106559753418,1000.0,2557.195068359375,,
1658,1674,678,2777088,0.04428107663989067,-0.010890652250964195,0.013396462,17.39088578224182,0.2,3385,0.12119140625,0.0001,5.89424467086792,0.9880985021591187,30.5885751247406,1000.0,2557.195068359375,,
1660,1674,679,2781184,0.04426587373018265,-0.008899190835654736,0.013560578,15.014971709251403,0.2,3390,0.12958984375,0.0001,5.8061323165893555,0.9907805323600769,30.58966088294983,1000.0,2557.195068359375,,
1664,1673,680,2785280,0.04424841329455376,-0.011145184049382806,0.02033751,14.017137598991393,0.2,3395,0.17958984375,0.0001,5.972690582275391,0.9919671416282654,30.597790479660034,1000.0,2554.10791015625,,
1666,1673,681,2789376,0.04425932466983795,-0.009688268043100834,0.013171723,36.316013765335086,0.2,3400,0.137158203125,0.0001,12.62674617767334,0.9789552688598633,30.599394416809083,1000.0,2554.10791015625,,
1668,1674,682,2793472,0.04426559433341026,-0.011082880140747875,0.012148488,21.888242483139038,0.2,3405,0.105126953125,0.0001,4.937605381011963,0.9707416892051697,30.594706583023072,1000.0,2554.10791015625,,
1669,1675,683,2797568,0.044263847172260284,-0.010493117000441999,0.013433669,16.250220513343812,0.2,3410,0.09892578125,0.0001,4.482469081878662,0.9796700477600098,30.594262218475343,1000.0,2554.10791015625,,
1673,1674,684,2801664,0.04424567148089409,-0.012695993040688336,0.014684172,14.34595992565155,0.2,3415,0.117822265625,0.0001,4.459285259246826,0.9844207763671875,30.596719455718993,1000.0,2580.0048828125,,
1675,1674,685,2805760,0.04422472044825554,-0.011481732968240977,0.01899775,39.0814127445221,0.2,3420,0.18037109375,0.0001,17.86598014831543,0.9791554808616638,30.60675458908081,1000.0,2580.0048828125,,
1677,1675,686,2809856,0.044225063174963,-0.012700676440726966,0.014077268,40.35068998336792,0.2,3425,0.127783203125,0.0001,15.513981819152832,0.9819151163101196,30.6112877368927,1000.0,2580.0048828125,,
1678,1676,687,2813952,0.044221922755241394,-0.008152310829609632,0.011757758,35.63168511390686,0.2,3430,0.101708984375,0.0001,15.36164665222168,0.9833253622055054,30.610442209243775,1000.0,2580.0048828125,,
1682,1675,688,2818048,0.044221892952919006,-0.012024795642355457,0.017119478,34.782402992248535,0.2,3435,0.151123046875,0.0001,14.793631553649902,0.9849620461463928,30.61188006401062,1000.0,2573.87890625,,
1683,1675,689,2822144,0.04422279819846153,-0.011947636504191905,0.0153714465,53.89777317047119,0.2,3440,0.1576171875,0.0001,27.161434173583984,0.9775967597961426,30.610677862167357,1000.0,2573.87890625,,
1685,1676,690,2826240,0.04422074556350708,-0.010053003288339824,0.0142434575,38.75236983299256,0.2,3445,0.134765625,0.0001,14.385581970214844,0.9800570011138916,30.611400508880614,1000.0,2573.87890625,,
1687,1677,691,2830336,0.04419302940368652,-0.015307655348442495,0.018697476,41.50914087295532,0.2,3450,0.196435546875,0.0001,17.026477813720703,0.9799724221229553,30.615507316589355,1000.0,2573.87890625,,
1691,1676,692,2834432,0.04417340084910393,-0.010600038344273343,0.017230105,36.39865789413452,0.2,3455,0.181787109375,0.0001,15.600964546203613,0.9819446802139282,30.62753324508667,1000.0,2610.707763671875,,
1692,1676,693,2838528,0.04415985196828842,-0.005615501652937382,0.009613779,88.67440929412842,0.2,3460,0.154443359375,0.0001,40.45832443237305,0.962476372718811,30.633631563186647,1000.0,2610.707763671875,,
1694,1677,694,2842624,0.04414999112486839,-0.007944934492115863,0.008717949,72.04394865036011,0.2,3465,0.04931640625,0.0001,27.424015045166016,0.9692437052726746,30.638661766052245,1000.0,2610.707763671875,,
1696,1678,695,2846720,0.04415278881788254,-0.010622719896491616,0.011216164,61.113917446136476,0.2,3470,0.07861328125,0.0001,23.082950592041016,0.9734016060829163,30.640807390213013,1000.0,2610.707763671875,,
1699,1676,696,2850816,0.04415176436305046,-0.009944674669532106,0.010614123,61.6363226890564,0.2,3475,0.076806640625,0.0001,24.017072677612305,0.9751212000846863,30.639339447021484,1000.0,2572.80078125,,
1701,1677,697,2854912,0.0441463440656662,-0.014847937173908577,0.01790198,51.13751621246338,0.2,3480,0.17607421875,0.0001,24.214406967163086,0.9822463989257812,30.641301250457765,1000.0,2572.80078125,,
1703,1678,698,2859008,0.0441439114511013,-0.014608941948972642,0.018094517,34.7958345413208,0.2,3485,0.163818359375,0.0001,13.646462440490723,0.9880581498146057,30.64311876296997,1000.0,2572.80078125,,
1705,1679,699,2863104,0.04413248971104622,-0.009927788947243244,0.0148778055,28.71122055053711,0.2,3490,0.109326171875,0.0001,10.211848258972168,0.988914430141449,30.645762586593627,1000.0,2572.80078125,,
1708,1677,700,2867200,0.04411987587809563,-0.009834658307954668,0.015241213,27.606769037246703,0.2,3495,0.1421875,0.0001,11.328564643859863,0.9891775250434875,30.651211261749268,1000.0,2568.57958984375,,
1710,1678,701,2871296,0.04411383345723152,-0.008225995453540236,0.013023104,47.918883323669434,0.2,3500,0.1314453125,0.0001,20.22013282775879,0.9727096557617188,30.65619602203369,1000.0,2568.57958984375,,
1712,1679,702,2875392,0.044118061661720276,-0.013207786827115342,0.015414905,33.847563076019284,0.2,3505,0.13623046875,0.0001,12.467883110046387,0.9758511781692505,30.656647062301637,1000.0,2568.57958984375,,
1714,1679,703,2879488,0.04410197585821152,-0.010613258776720614,0.017536405,32.53386354446411,0.2,3510,0.153466796875,0.0001,12.921502113342285,0.9793452620506287,30.657938241958618,1000.0,2568.57958984375,,
1718,1678,704,2883584,0.044101532548666,-0.00846086466917768,0.01806375,33.96169929504394,0.2,3515,0.165380859375,0.0001,14.808784484863281,0.9813670516014099,30.66269474029541,1000.0,2536.649169921875,,
1720,1678,705,2887680,0.04409834370017052,-0.010949505399912596,0.017632693,34.6112596988678,0.2,3520,0.198681640625,0.0001,15.353200912475586,0.9848264455795288,30.662538528442383,1000.0,2536.649169921875,,
1721,1679,706,2891776,0.04408375546336174,-0.013127279648324474,0.01762911,17.455280804634093,0.2,3525,0.17060546875,0.0001,5.5156636238098145,0.9914484024047852,30.665673208236694,1000.0,2536.649169921875,,
1723,1680,707,2895872,0.04407437518239021,-0.011695504182716832,0.016580964,12.456770157814026,0.2,3530,0.16826171875,0.0001,3.7666780948638916,0.9928591847419739,30.67152166366577,1000.0,2536.649169921875,,
1727,1679,708,2899968,0.04405147582292557,-0.008631704951403663,0.015927123,12.522577357292175,0.2,3535,0.166748046875,0.0001,4.273981094360352,0.9929218888282776,30.676549005508424,1000.0,2513.4775390625,,
1729,1679,709,2904064,0.04404056817293167,-0.0062718084838707,0.012733089,36.40684309005737,0.2,3540,0.1580078125,0.0001,12.68194580078125,0.9687180519104004,30.686149549484252,1000.0,2513.4775390625,,
1730,1680,710,2908160,0.04404933750629425,-0.007656542718177661,0.010309814,12.06034700870514,0.2,3545,0.0791015625,0.0001,2.8128209114074707,0.9839602112770081,30.686424493789673,1000.0,2513.4775390625,,
1734,1679,711,2912256,0.044059351086616516,-0.00935433066333644,0.014050072,9.738997089862824,0.2,3550,0.126318359375,0.0001,2.644301176071167,0.9884858131408691,30.681530046463013,1000.0,2481.60400390625,,
1736,1679,712,2916352,0.0440630204975605,-0.009951777674723416,0.015246038,17.022060871124268,0.2,3555,0.149755859375,0.0001,6.377737522125244,0.9853888750076294,30.678838634490965,1000.0,2481.60400390625,,
1737,1680,713,2920448,0.0440627783536911,-0.011230044867261313,0.013416634,49.83290338516235,0.2,3560,0.131982421875,0.0001,19.652935028076172,0.9554080963134766,30.678312397003175,1000.0,2481.60400390625,,
1739,1681,714,2924544,0.044056449085474014,-0.011669027077732607,0.015046748,42.4830620765686,0.2,3565,0.1392578125,0.0001,20.248350143432617,0.9638577103614807,30.68024778366089,1000.0,2481.60400390625,,
1743,1679,715,2928640,0.04404861479997635,-0.013828489254228771,0.015258502,42.49403886795044,0.2,3570,0.157666015625,0.0001,19.1497745513916,0.965470552444458,30.683414649963378,1000.0,2484.3291015625,,
1745,1680,716,2932736,0.044036105275154114,-0.011757195717655123,0.016039062,37.271019792556764,0.2,3575,0.1658203125,0.0001,19.079505920410156,0.974810779094696,30.68782596588135,1000.0,2484.3291015625,,
1747,1681,717,2936832,0.04403717443346977,-0.008728861284907907,0.009896165,28.36395993232727,0.2,3580,0.0908203125,0.0001,8.534863471984863,0.9820312261581421,30.6909499168396,1000.0,2484.3291015625,,
1748,1681,718,2940928,0.04403837397694588,-0.014422011282294988,0.015916476,24.16168255805969,0.2,3585,0.139990234375,0.0001,9.377805709838867,0.9845666289329529,30.690324306488037,1000.0,2484.3291015625,,
1752,1680,719,2945024,0.044027961790561676,-0.011654628312680871,0.013160013,23.342541027069093,0.2,3590,0.13330078125,0.0001,8.275461196899414,0.9856593608856201,30.69131193161011,1000.0,2499.0556640625,,
1754,1681,720,2949120,0.04403357207775116,-0.012626834295224399,0.015341047,41.483822679519655,0.2,3595,0.15439453125,0.0001,18.023576736450195,0.9753209352493286,30.694032382965087,1000.0,2499.0556640625,,
1756,1681,721,2953216,0.044033732265233994,-0.01017162945936434,0.013294056,35.624493741989134,0.2,3600,0.119091796875,0.0001,12.871564865112305,0.9687212705612183,30.69153437614441,1000.0,2499.0556640625,,
1757,1682,722,2957312,0.0440252348780632,-0.012869132118066774,0.014051617,27.228190088272093,0.2,3605,0.1341796875,0.0001,8.561511039733887,0.9718775749206543,30.693275451660156,1000.0,2499.0556640625,,
1761,1680,723,2961408,0.044028252363204956,-0.011092306958744302,0.013016142,28.941509914398193,0.2,3610,0.135986328125,0.0001,10.203157424926758,0.9708970189094543,30.69461283683777,1000.0,2495.562744140625,,
1763,1681,724,2965504,0.0440182164311409,-0.013232083106413484,0.013572099,43.46205129623413,0.2,3615,0.133154296875,0.0001,19.60210418701172,0.9680623412132263,30.69565281867981,1000.0,2495.562744140625,,
1765,1682,725,2969600,0.044013626873493195,-0.007781555003020912,0.010028027,48.379462242126465,0.2,3620,0.07353515625,0.0001,18.211599349975586,0.9742043018341064,30.69932279586792,1000.0,2495.562744140625,,
1767,1682,726,2973696,0.04401860386133194,-0.0075169319461565465,0.012254747,41.51364960670471,0.2,3625,0.087939453125,0.0001,16.278858184814453,0.9764255285263062,30.6989914894104,1000.0,2495.562744140625,,
1770,1681,727,2977792,0.04401250183582306,-0.008659509487915783,0.010505567,36.731887340545654,0.2,3630,0.07548828125,0.0001,14.162559509277344,0.9784014225006104,30.698832988739014,1000.0,2514.430419921875,,
1772,1682,728,2981888,0.04401099309325218,-0.008317996468394994,0.011892911,38.459823274612425,0.2,3635,0.10322265625,0.0001,15.579802513122559,0.9746314883232117,30.70130844116211,1000.0,2514.430419921875,,
1774,1682,729,2985984,0.0440051406621933,-0.011474768802872858,0.015487017,20.167291736602785,0.2,3640,0.12294921875,0.0001,7.448950290679932,0.982327401638031,30.70239214897156,1000.0,2514.430419921875,,
1776,1683,730,2990080,0.04400758445262909,-0.007838385482318699,0.014697493,16.580912041664124,0.2,3645,0.14013671875,0.0001,6.331824779510498,0.9861581325531006,30.703831672668457,1000.0,2514.430419921875,,
1779,1682,731,2994176,0.04399426281452179,-0.009697224415140227,0.017864382,14.099010705947876,0.2,3650,0.185791015625,0.0001,5.039163112640381,0.9890198707580566,30.705112409591674,1000.0,2511.282470703125,,
1781,1682,732,2998272,0.043989136815071106,-0.009809157709241845,0.018216379,39.43786859512329,0.2,3655,0.201904296875,0.0001,16.01301383972168,0.9738472104072571,30.710096502304076,1000.0,2511.282470703125,,
1794,1673,733,3002368,0.04398424178361893,-0.008827148337149992,0.018058,17.512990736961363,0.2,3660,0.169677734375,0.0001,5.599711894989014,0.9802038669586182,30.711753559112548,1000.0,2511.282470703125,750000,2.829491039231606
