time/total_timesteps,time/time_elapsed,time/fps,time/iterations,train/n_updates,train/entropy_loss,train/approx_kl,train/policy_gradient_loss,train/clip_fraction,train/clip_range,train/explained_variance,train/std,train/value_loss,train/loss,train/learning_rate,rollout/ep_len_mean,rollout/ep_rew_mean,eval/en_iyi_adim,eval/skor
2048,3,663,1,,,,,,,,,,,,,,,
4096,5,689,2,2140,15.691297483444213,0.0042963023,-0.005857646302320063,0.0109375,0.2,0.870837926864624,0.11051411181688309,205.41390838623047,79.87216186523438,0.0001,,,,
6144,8,702,3,2145,15.69354968070984,0.006021988,-0.006655850732931868,0.0193359375,0.2,0.9167137145996094,0.11050020903348923,152.71126708984374,67.15142059326172,0.0001,,,,
8192,11,694,4,2150,15.696555376052856,0.010453021,-0.011967773328069597,0.04462890625,0.2,0.9335092902183533,0.11048249155282974,132.34327659606933,59.83689880371094,0.0001,1000.0,1797.9495849609375,,
10240,14,703,5,2155,15.699347257614136,0.0037144767,-0.004309829301200807,0.00859375,0.2,0.9397093057632446,0.11046826094388962,142.9965507507324,57.32347106933594,0.0001,1000.0,1797.9495849609375,,
12288,17,710,6,2160,15.700542640686034,0.0055948035,-0.009986646610195748,0.015234375,0.2,0.917531430721283,0.11046943813562393,135.4481300354004,57.69581604003906,0.0001,1000.0,1797.9495849609375,,
14336,20,713,7,2165,15.70028042793274,0.01498775,-0.014777774119284003,0.08212890625,0.2,0.965925395488739,0.11046848446130753,62.138255500793456,25.89427375793457,0.0001,1000.0,1797.9495849609375,,
16384,23,703,8,2170,15.701412248611451,0.019190101,-0.01718089058995247,0.1419921875,0.2,0.9701510071754456,0.11045756191015244,48.22786731719971,20.917675018310547,0.0001,1000.0,1773.881591796875,,
18432,26,705,9,2175,15.700373554229737,0.015784645,-0.015641921781934798,0.12490234375,0.2,0.9746947288513184,0.11048614233732224,46.042447853088376,21.381296157836914,0.0001,1000.0,1773.881591796875,,
20480,28,707,10,2180,15.69581093788147,0.0060957563,-0.005231173720676452,0.03251953125,0.2,0.8275831937789917,0.11050679534673691,183.0911003112793,80.80974578857422,0.0001,1000.0,1773.881591796875,,
22528,31,709,11,2185,15.694593143463134,0.007143938,-0.008825275488197804,0.02919921875,0.2,0.9192631244659424,0.11050574481487274,99.2133113861084,42.95903778076172,0.0001,1000.0,1773.881591796875,,
24576,35,701,12,2190,15.695865058898926,0.010243179,-0.011255507403984667,0.0513671875,0.2,0.9198999404907227,0.1104912981390953,74.58597354888916,32.194705963134766,0.0001,1000.0,1723.5557861328125,,
26624,37,701,13,2195,15.698141527175903,0.013778273,-0.013968851952813565,0.0818359375,0.2,0.8901349902153015,0.11049243062734604,122.53695602416992,57.655635833740234,0.0001,1000.0,1723.5557861328125,,
28672,41,699,14,2200,15.697874736785888,0.010476503,-0.009370616311207414,0.0533203125,0.2,0.9179589152336121,0.11049225181341171,81.65720100402832,34.506683349609375,0.0001,1000.0,1723.5557861328125,,
30720,43,699,15,2205,15.69969072341919,0.020331182,-0.01823711800388992,0.15068359375,0.2,0.9540846943855286,0.11046912521123886,58.29742488861084,25.78814125061035,0.0001,1000.0,1723.5557861328125,,
32768,47,684,16,2210,15.704271078109741,0.017097967,-0.016705350950360298,0.138671875,0.2,0.9328674077987671,0.11043661832809448,98.639400100708,41.506072998046875,0.0001,1000.0,1731.873046875,,
34816,51,676,17,2215,15.708779048919677,0.013873695,-0.016054324246942996,0.08818359375,0.2,0.8685271143913269,0.11041980981826782,144.61363143920897,74.0627212524414,0.0001,1000.0,1731.873046875,,
36864,54,672,18,2220,15.710482358932495,0.0063100946,-0.005889739491976798,0.02490234375,0.2,0.7284202575683594,0.11041410267353058,220.53892211914064,88.30538940429688,0.0001,1000.0,1731.873046875,,
38912,58,663,19,2225,15.711025047302247,0.005950752,-0.007058287097606808,0.01728515625,0.2,0.7104262113571167,0.11041444540023804,217.96660232543945,90.4334716796875,0.0001,1000.0,1731.873046875,,
40960,63,649,20,2230,15.711442852020264,0.0072671175,-0.007904284354299306,0.02509765625,0.2,0.7213406562805176,0.1104060485959053,201.41195220947264,84.00503540039062,0.0001,1000.0,1656.2789306640625,,
43008,67,640,21,2235,15.7131929397583,0.008989179,-0.01174537445185706,0.0443359375,0.2,0.8719077706336975,0.11039794236421585,131.13138885498046,58.692039489746094,0.0001,1000.0,1656.2789306640625,,
45056,70,635,22,2240,15.714702653884888,0.019704927,-0.015049200132489204,0.1380859375,0.2,0.9327287077903748,0.11038833856582642,101.54956283569337,43.45231628417969,0.0001,1000.0,1656.2789306640625,,
47104,74,635,23,2245,15.71769585609436,0.013527337,-0.013166392035782338,0.07998046875,0.2,0.9196608662605286,0.11037899553775787,117.52208862304687,51.99940872192383,0.0001,1000.0,1656.2789306640625,,
49152,77,634,24,2250,15.719666004180908,0.011439664,-0.010183240985497832,0.07041015625,0.2,0.9507386684417725,0.11037454009056091,92.47387733459473,35.28634262084961,0.0001,1000.0,1673.9442138671875,,
51200,80,636,25,2255,15.720200443267823,0.0105999075,-0.011912611895240843,0.04482421875,0.2,0.8604117631912231,0.11036743968725204,160.47048873901366,71.53579711914062,0.0001,1000.0,1673.9442138671875,,
53248,83,638,26,2260,15.721692419052124,0.010256845,-0.011322205839678644,0.05400390625,0.2,0.4270983338356018,0.11035003513097763,162.05807723999024,68.02717590332031,0.0001,1000.0,1673.9442138671875,,
55296,86,638,27,2265,15.725846576690675,0.011556804,-0.013951720623299479,0.059375,0.2,0.30860042572021484,0.1103086993098259,128.97121505737306,60.0416374206543,0.0001,995.9183673469388,1667.3470458984375,,
57344,90,636,28,2270,15.73290114402771,0.0075149382,-0.007914066081866622,0.03017578125,0.2,0.10628074407577515,0.11027286946773529,374.68970794677733,288.0201721191406,0.0001,996.4285714285714,1644.767578125,,
59392,93,636,29,2275,15.736316394805907,0.01043099,-0.010735077597200871,0.05224609375,0.2,0.8277283906936646,0.11026272177696228,234.1670654296875,108.9710693359375,0.0001,996.4285714285714,1644.767578125,,
61440,96,637,30,2280,15.736559343338012,0.003736643,-0.00531207126332447,0.00576171875,0.2,0.8386820554733276,0.11025527864694595,226.97714462280274,101.14183044433594,0.0001,996.4285714285714,1644.767578125,,
63488,99,635,31,2285,15.737567901611328,0.009434671,-0.010526070045307279,0.0423828125,0.2,0.8069859743118286,0.11024799197912216,240.67279281616212,115.17207336425781,0.0001,996.4912280701755,1643.8154296875,,
65536,103,633,32,2290,15.73842544555664,0.008064313,-0.00872425182024017,0.0326171875,0.2,0.75102299451828,0.11024989932775497,246.58361053466797,90.37423706054688,0.0001,996.875,1641.716796875,,
67584,107,630,33,2295,15.740034008026123,0.012195486,-0.015032275207340717,0.0650390625,0.2,0.9247249364852905,0.11022312939167023,110.72429656982422,52.08662414550781,0.0001,996.875,1641.716796875,,
69632,110,630,34,2300,15.744713878631591,0.009939611,-0.010664172586984932,0.05302734375,0.2,0.9577075242996216,0.1102101281285286,77.01197357177735,30.983543395996094,0.0001,996.875,1641.716796875,,
71680,114,627,35,2305,15.745114755630492,0.012506116,-0.013733208435587585,0.073828125,0.2,0.9091564416885376,0.11021345853805542,96.3339916229248,41.82240676879883,0.0001,995.969696969697,1632.9927978515625,,
73728,118,623,36,2310,15.745282936096192,0.010077482,-0.008182260720059276,0.05380859375,0.2,0.7496672868728638,0.11020386964082718,304.2712455749512,133.78713989257812,0.0001,996.3055555555555,1598.5823974609375,,
75776,121,624,37,2315,15.745919275283814,0.008907768,-0.009763620351441205,0.04404296875,0.2,0.5215102434158325,0.11020414531230927,220.82245864868165,103.872802734375,0.0001,996.3055555555555,1598.5823974609375,,
77824,125,621,38,2320,15.746035242080689,0.0070917383,-0.008671169192530215,0.030859375,0.2,-0.11148512363433838,0.11019967496395111,243.21636276245118,106.19786071777344,0.0001,996.3055555555555,1598.5823974609375,,
79872,128,620,39,2325,15.747780370712281,0.0095506,-0.008617159759160132,0.04169921875,0.2,0.13060051202774048,0.11018655449151993,253.85554580688478,110.25009155273438,0.0001,996.4054054054054,1582.6427001953125,,
81920,132,619,40,2330,15.749182271957398,0.0071618296,-0.008211951260454953,0.02734375,0.2,0.3479487895965576,0.11020282655954361,273.7064338684082,120.28815460205078,0.0001,996.675,1594.323486328125,,
83968,135,620,41,2335,15.74724817276001,0.013936064,-0.016273078555241228,0.075390625,0.2,0.890165388584137,0.11020509898662567,156.8525588989258,74.88557434082031,0.0001,996.675,1594.323486328125,,
86016,138,621,42,2340,15.748011684417724,0.014360383,-0.015076451958157122,0.09345703125,0.2,0.9083181023597717,0.11018671840429306,153.86336708068848,68.46055603027344,0.0001,996.675,1594.323486328125,,
88064,142,617,43,2345,15.749455165863036,0.0124835465,-0.013056506332941354,0.0763671875,0.2,0.9247376322746277,0.11017253249883652,119.87748146057129,52.67481231689453,0.0001,996.9772727272727,1612.4254150390625,,
90112,145,617,44,2350,15.75088529586792,0.010784103,-0.011347269569523633,0.05751953125,0.2,0.9222132563591003,0.11016888171434402,141.41748847961426,64.43019104003906,0.0001,996.9772727272727,1612.4254150390625,,
92160,149,618,45,2355,15.75187439918518,0.0069082608,-0.00882428113836795,0.02734375,0.2,0.8385784029960632,0.11016318947076797,237.4681266784668,106.69242095947266,0.0001,996.9772727272727,1612.4254150390625,,
94208,152,618,46,2360,15.753072547912598,0.008566922,-0.00956706190481782,0.03779296875,0.2,0.8451614379882812,0.11015520244836807,241.85703201293944,101.31734466552734,0.0001,996.9772727272727,1612.4254150390625,,
96256,156,615,47,2365,15.753848505020141,0.009002285,-0.010813933529425413,0.03759765625,0.2,0.8640033602714539,0.11014030128717422,185.14363327026368,80.86223602294922,0.0001,997.2291666666666,1591.4769287109375,,
98304,159,615,48,2370,15.754982280731202,0.018548923,-0.016811579198110847,0.10849609375,0.2,0.9258090257644653,0.11013205349445343,130.1173511505127,52.52498245239258,0.0001,997.2291666666666,1591.4769287109375,,
100352,163,615,49,2375,15.755284404754638,0.007863689,-0.007875933451578021,0.037109375,0.2,0.4982103705406189,0.11012625694274902,128.51827583312988,53.13069152832031,0.0001,997.2291666666666,1591.4769287109375,,
102400,166,615,50,2380,15.756852054595948,0.00994038,-0.010259660170413553,0.05732421875,0.2,0.7231842279434204,0.11011046171188354,84.97518157958984,35.125022888183594,0.0001,997.2577319587629,1597.7781982421875,,
104448,170,613,51,2385,15.759650325775146,0.011578876,-0.010033795470371842,0.0671875,0.2,0.7324701547622681,0.1100955605506897,80.63062477111816,27.777877807617188,0.0001,997.34,1575.37841796875,,
106496,173,614,52,2390,15.763082265853882,0.014301097,-0.016166951670311392,0.11298828125,0.2,0.8521495461463928,0.11007430404424667,72.10251750946045,28.502790451049805,0.0001,997.34,1575.37841796875,,
108544,176,614,53,2395,15.768239498138428,0.018117633,-0.017564527923241258,0.1330078125,0.2,0.9374609589576721,0.11004974693059921,79.19485359191894,37.0531005859375,0.0001,997.34,1575.37841796875,,
110592,180,613,54,2400,15.772958087921143,0.014830245,-0.01516021266579628,0.0951171875,0.2,0.9376248121261597,0.11005145311355591,85.64023780822754,33.41545104980469,0.0001,997.34,1582.629638671875,,
112640,185,607,55,2405,15.775119972229003,0.018516406,-0.017557738395407797,0.1451171875,0.2,0.9484535455703735,0.11004239320755005,73.28159599304199,31.024425506591797,0.0001,997.34,1583.3092041015625,,
114688,188,608,56,2410,15.778662061691284,0.020869652,-0.01831744672963396,0.13955078125,0.2,0.951351523399353,0.11000170558691025,77.2178741455078,37.26286315917969,0.0001,997.34,1583.3092041015625,,
116736,192,607,57,2415,15.784319353103637,0.015791375,-0.01113443188369274,0.0966796875,0.2,0.940686821937561,0.10997314006090164,90.28244209289551,39.26329040527344,0.0001,997.34,1583.3092041015625,,
118784,195,606,58,2420,15.787963104248046,0.013871647,-0.01355926003307104,0.09658203125,0.2,0.9504159688949585,0.10995467007160187,76.76954460144043,32.062625885009766,0.0001,997.34,1596.0894775390625,,
120832,199,605,59,2425,15.791446447372437,0.011885913,-0.012173807411454619,0.08583984375,0.2,0.9288485050201416,0.10993686318397522,99.68545112609863,43.438323974609375,0.0001,997.34,1567.3001708984375,,
122880,202,606,60,2430,15.79441876411438,0.018843044,-0.018747171247377993,0.141015625,0.2,0.9304494261741638,0.10991967469453812,89.06675720214844,38.73759460449219,0.0001,997.34,1567.3001708984375,,
124928,205,606,61,2435,15.796677350997925,0.014731806,-0.012300297687761485,0.09638671875,0.2,0.8713515996932983,0.10992004722356796,118.91237754821778,52.267189025878906,0.0001,997.34,1567.3001708984375,,
126976,209,606,62,2440,15.796714782714844,0.014000791,-0.012061616615392267,0.09677734375,0.2,0.9027148485183716,0.1099192202091217,98.45349922180176,39.842403411865234,0.0001,997.34,1577.770263671875,,
129024,213,605,63,2445,15.796455812454223,0.013620405,-0.01408286732621491,0.09208984375,0.2,0.8892613649368286,0.10991954803466797,118.57332839965821,44.75062561035156,0.0001,997.34,1599.2080078125,,
131072,216,605,64,2450,15.798575162887573,0.017283496,-0.017140405299142004,0.1240234375,0.2,0.9544932246208191,0.10989480465650558,53.864631462097165,24.5288143157959,0.0001,997.34,1599.2080078125,,
133120,219,606,65,2455,15.80413088798523,0.018481027,-0.014189403050113469,0.1328125,0.2,0.9307393431663513,0.10989177972078323,73.07270336151123,29.719032287597656,0.0001,997.34,1599.2080078125,,
135168,222,606,66,2460,15.8051766872406,0.01773414,-0.017935346579179168,0.1310546875,0.2,0.9273560047149658,0.10990427434444427,90.00672607421875,35.8171501159668,0.0001,997.34,1609.3179931640625,,
137216,226,605,67,2465,15.80535798072815,0.021410203,-0.017320625530555845,0.13798828125,0.2,0.9432929158210754,0.10990562289953232,53.629296875,20.864059448242188,0.0001,997.34,1590.1624755859375,,
139264,230,605,68,2470,15.808291912078857,0.00967607,-0.0108383467188105,0.05068359375,0.2,0.761370062828064,0.10989866405725479,146.57042083740234,66.0072250366211,0.0001,997.34,1590.1624755859375,,
141312,233,606,69,2475,15.810900497436524,0.013271938,-0.012481665029190481,0.07001953125,0.2,0.34337204694747925,0.10987924039363861,133.83784294128418,54.29087448120117,0.0001,997.34,1590.1624755859375,,
143360,236,605,70,2480,15.814018774032593,0.014087913,-0.012362564145587385,0.09599609375,0.2,0.32461780309677124,0.10986465960741043,109.71475639343262,48.58404541015625,0.0001,997.34,1600.0863037109375,,
145408,240,603,71,2485,15.816360092163086,0.014495634,-0.014395335980225354,0.0896484375,0.2,0.23581361770629883,0.10984113067388535,115.86511917114258,49.626869201660156,0.0001,997.34,1602.2244873046875,,
147456,244,603,72,2490,15.82064242362976,0.014869465,-0.014927396504208445,0.0986328125,0.2,0.8919910788536072,0.10980375111103058,75.99600067138672,36.49606704711914,0.0001,997.34,1602.2244873046875,,
149504,247,604,73,2495,15.823128461837769,0.018549468,-0.018104215641506015,0.1623046875,0.2,0.9268611073493958,0.10981430858373642,57.32527408599854,25.285154342651367,0.0001,997.34,1602.2244873046875,,
151552,251,603,74,2500,15.81737174987793,0.014730913,-0.012330509698949754,0.1365234375,0.2,0.8944458961486816,0.1098334789276123,87.0305290222168,42.85594940185547,0.0001,997.34,1618.6917724609375,,
153600,255,601,75,2505,15.81614875793457,0.017751489,-0.018072935519739985,0.162109375,0.2,0.9222522377967834,0.1098192110657692,61.626092720031735,27.29937171936035,0.0001,999.34,1632.3621826171875,,
155648,258,601,76,2510,15.819422101974487,0.0099843405,-0.009782883408479392,0.0662109375,0.2,0.848437488079071,0.10981306433677673,148.8196071624756,62.2357292175293,0.0001,999.34,1632.3621826171875,,
157696,261,602,77,2515,15.818587350845338,0.014574002,-0.012853655521757901,0.088671875,0.2,0.9171779751777649,0.10983052104711533,98.58146209716797,48.006954193115234,0.0001,999.34,1632.3621826171875,,
159744,265,601,78,2520,15.81656060218811,0.015992096,-0.01543935036752373,0.13056640625,0.2,0.967651903629303,0.10983528941869736,55.31168174743652,20.762901306152344,0.0001,999.34,1632.342529296875,,
161792,268,601,79,2525,15.818394804000855,0.024450704,-0.019297968002501876,0.15986328125,0.2,0.9632529020309448,0.10981444269418716,47.81816463470459,20.465723037719727,0.0001,999.34,1643.9039306640625,,
163840,272,602,80,2530,15.820763731002808,0.007565843,-0.005991630780044943,0.03876953125,0.2,0.7974259853363037,0.10980533063411713,136.81971817016603,46.1542854309082,0.0001,999.34,1643.9039306640625,,
165888,275,602,81,2535,15.82091588973999,0.010513376,-0.011715545353945344,0.0453125,0.2,0.6717754006385803,0.10980448126792908,147.45197219848632,59.059349060058594,0.0001,999.34,1643.9039306640625,,
167936,279,601,82,2540,15.821533012390137,0.013165016,-0.013424715562723576,0.07265625,0.2,0.8283974528312683,0.10978597402572632,90.57199821472167,36.38618469238281,0.0001,999.34,1636.48388671875,,
169984,282,601,83,2545,15.825300073623657,0.012229207,-0.013718511653132736,0.0705078125,0.2,0.8181800842285156,0.10975555330514908,107.74786987304688,44.43934631347656,0.0001,1000.0,1643.45703125,,
172032,285,602,84,2550,15.826724624633789,0.020121774,-0.01953961648978293,0.1396484375,0.2,0.8903424739837646,0.10974933207035065,74.46640853881836,33.49391555786133,0.0001,1000.0,1643.45703125,,
174080,289,602,85,2555,15.82434549331665,0.016500551,-0.015155998594127595,0.12080078125,0.2,0.9056459069252014,0.10975412279367447,79.59372978210449,32.718448638916016,0.0001,1000.0,1643.45703125,,
176128,293,600,86,2560,15.82245044708252,0.017613165,-0.016322349046822636,0.131640625,0.2,0.8909158706665039,0.10977347195148468,70.53423538208008,27.37552833557129,0.0001,1000.0,1696.061767578125,,
178176,296,600,87,2565,15.82161741256714,0.019591574,-0.01807903768494725,0.15546875,0.2,0.9332860708236694,0.1097378134727478,48.40319194793701,19.96169090270996,0.0001,1000.0,1696.061767578125,,
180224,300,600,88,2570,15.830702304840088,0.016228527,-0.011200231709517538,0.1025390625,0.2,0.7818353176116943,0.10973185300827026,105.52958374023437,42.55128479003906,0.0001,1000.0,1696.061767578125,,
182272,303,601,89,2575,15.831365537643432,0.013083218,-0.011849105218425393,0.08154296875,0.2,0.8279088139533997,0.10973308235406876,123.92386131286621,44.57762908935547,0.0001,1000.0,1696.061767578125,,
184320,307,599,90,2580,15.831568098068237,0.015768986,-0.01619170722551644,0.09599609375,0.2,0.875985860824585,0.10974161326885223,95.40644683837891,36.67262649536133,0.0001,1000.0,1709.6134033203125,,
186368,310,599,91,2585,15.829837894439697,0.013615479,-0.01580915288068354,0.0884765625,0.2,0.848770260810852,0.10973134636878967,127.0209529876709,52.08186340332031,0.0001,1000.0,1709.6134033203125,,
188416,314,599,92,2590,15.830450534820557,0.010684395,-0.011029200279153883,0.04853515625,0.2,0.8796402215957642,0.1097256988286972,112.2636531829834,39.42995071411133,0.0001,1000.0,1709.6134033203125,,
190464,317,599,93,2595,15.831648540496825,0.011231602,-0.011545874271541834,0.0556640625,0.2,0.8860822916030884,0.1097167432308197,86.40093460083008,33.46513366699219,0.0001,1000.0,1698.3387451171875,,
192512,322,597,94,2600,15.833506536483764,0.011725625,-0.011618219688534737,0.059765625,0.2,0.8129336833953857,0.10971762984991074,148.69985008239746,73.06299591064453,0.0001,1000.0,1696.88623046875,,
194560,325,597,95,2605,15.831370401382447,0.015549052,-0.015838519670069218,0.10625,0.2,0.8636433482170105,0.10973963886499405,123.94329681396485,55.18208694458008,0.0001,1000.0,1696.88623046875,,
196608,328,598,96,2610,15.827919387817383,0.007820053,-0.007730548433028161,0.0361328125,0.2,0.7471768260002136,0.10974862426519394,127.62417907714844,46.993133544921875,0.0001,1000.0,1696.88623046875,,
198656,331,598,97,2615,15.827693510055543,0.009245374,-0.011460494890343398,0.05380859375,0.2,0.8623549938201904,0.10974762588739395,77.34648189544677,28.40660858154297,0.0001,1000.0,1696.4903564453125,,
200704,335,598,98,2620,15.82818145751953,0.011178856,-0.01183610032312572,0.053515625,0.2,0.9086079001426697,0.10975290834903717,84.2976303100586,33.382694244384766,0.0001,1000.0,1692.8818359375,,
202752,338,599,99,2625,15.827740240097047,0.017434796,-0.018186976469587536,0.11142578125,0.2,0.9219287633895874,0.10976871848106384,81.89379959106445,35.09629440307617,0.0001,1000.0,1692.8818359375,,
204800,341,600,100,2630,15.825621032714844,0.013434004,-0.013483266765251755,0.0962890625,0.2,0.8857344388961792,0.10977393388748169,66.7134557723999,27.08350944519043,0.0001,1000.0,1692.8818359375,,
206848,344,600,101,2635,15.82666082382202,0.015318289,-0.014375478075817228,0.09814453125,0.2,0.8736138343811035,0.1097731813788414,81.20262050628662,30.775548934936523,0.0001,1000.0,1692.45166015625,,
208896,348,600,102,2640,15.826073408126831,0.015795382,-0.017328267358243464,0.12421875,0.2,0.8955068588256836,0.10976850241422653,63.75699787139892,26.787052154541016,0.0001,1000.0,1711.10107421875,,
210944,351,600,103,2645,15.828799152374268,0.015461476,-0.016344842547550798,0.12890625,0.2,0.808481752872467,0.10976514220237732,109.85039825439453,48.06898880004883,0.0001,1000.0,1711.10107421875,,
212992,354,601,104,2650,15.8318106174469,0.015979221,-0.015439731907099486,0.1150390625,0.2,0.7189812064170837,0.10976649820804596,127.79926719665528,59.06869888305664,0.0001,1000.0,1711.10107421875,,
215040,357,601,105,2655,15.83277702331543,0.016024008,-0.017377649107947944,0.1181640625,0.2,0.7231356501579285,0.10978111624717712,119.97567787170411,54.21502685546875,0.0001,1000.0,1708.7923583984375,,
217088,361,601,106,2660,15.832954406738281,0.01739254,-0.016921344958245755,0.13447265625,0.2,0.7724180221557617,0.10975544154644012,81.76197090148926,34.71515655517578,0.0001,1000.0,1716.742919921875,,
219136,364,601,107,2665,15.836306810379028,0.019443467,-0.02105184762040153,0.17734375,0.2,0.9241228699684143,0.10972633957862854,75.37791709899902,32.83961868286133,0.0001,1000.0,1716.742919921875,,
221184,367,602,108,2670,15.838141870498657,0.016772415,-0.015951125067658722,0.13466796875,0.2,0.9054251909255981,0.10971193760633469,83.75333023071289,34.99819564819336,0.0001,1000.0,1716.742919921875,,
223232,370,602,109,2675,15.839670610427856,0.013642768,-0.014475714624859392,0.09912109375,0.2,0.8963982462882996,0.10969484597444534,78.21306419372559,34.13872146606445,0.0001,1000.0,1717.8394775390625,,
225280,374,601,110,2680,15.841682815551758,0.020009099,-0.019193139020353557,0.18740234375,0.2,0.9278327822685242,0.10971667617559433,55.473769950866696,24.74734878540039,0.0001,1000.0,1675.9732666015625,,
227328,377,602,111,2685,15.840408372879029,0.016097544,-0.016504846757743507,0.1185546875,0.2,0.8584425449371338,0.10976091027259827,76.55759506225586,35.815120697021484,0.0001,1000.0,1675.9732666015625,,
229376,380,603,112,2690,15.839426612854004,0.0128046665,-0.012131693470291794,0.11025390625,0.2,0.3760661482810974,0.10973099619150162,58.500050926208495,22.626306533813477,0.0001,1000.0,1675.9732666015625,,
231424,383,602,113,2695,15.8484797000885,0.01863937,-0.015405064052902161,0.1599609375,0.2,0.4690439701080322,0.10970161110162735,75.84172744750977,32.792823791503906,0.0001,1000.0,1675.95556640625,,
233472,387,602,114,2700,15.851174306869506,0.019882957,-0.016109914146363737,0.18095703125,0.2,0.5571039915084839,0.10969101637601852,62.366516494750975,27.79226303100586,0.0001,1000.0,1712.0775146484375,,
235520,391,602,115,2705,15.854210567474365,0.015695855,-0.014156130328774452,0.14150390625,0.2,0.8198568820953369,0.10967022180557251,99.51722259521485,43.172664642333984,0.0001,1000.0,1712.0775146484375,,
237568,394,602,116,2710,15.855715322494508,0.014602505,-0.013113597873598337,0.09248046875,0.2,0.8327031135559082,0.10966954380273819,121.82576446533203,51.26242446899414,0.0001,1000.0,1712.0775146484375,,
239616,397,602,117,2715,15.854068803787232,0.016017798,-0.014390783407725394,0.10859375,0.2,0.8789728879928589,0.10965998470783234,106.24541282653809,43.719322204589844,0.0001,999.85,1709.6702880859375,,
241664,400,602,118,2720,15.855133867263794,0.020429261,-0.016693573829252274,0.13251953125,0.2,0.6740092039108276,0.10965172946453094,332.5913879394531,123.44255828857422,0.0001,999.85,1732.670166015625,,
243712,403,603,119,2725,15.856134748458862,0.010232404,-0.010064354911446572,0.055859375,0.2,0.6959162950515747,0.1096416488289833,110.97795333862305,46.77507400512695,0.0001,999.85,1732.670166015625,,
245760,406,603,120,2730,15.856175947189332,0.014578007,-0.013917863206006586,0.08896484375,0.2,0.5803906917572021,0.10963056236505508,149.93027305603027,62.51634216308594,0.0001,999.85,1732.670166015625,,
247808,410,603,121,2735,15.85667576789856,0.009323703,-0.010155697539448737,0.043359375,0.2,0.6230591535568237,0.10962659120559692,170.40163497924806,70.61661529541016,0.0001,999.85,1721.358154296875,,
249856,413,603,122,2740,15.85768895149231,0.010208543,-0.009793353453278541,0.0462890625,0.2,0.7353672981262207,0.10963096469640732,119.89226875305175,47.40093231201172,0.0001,999.85,1712.2025146484375,,
251904,454,554,123,2745,15.857726907730102,0.013089792,-0.01351429745554924,0.104296875,0.2,0.7212555408477783,0.10964052379131317,69.1767593383789,28.840694427490234,0.0001,999.85,1712.2025146484375,250000,2.4920154934929624
253952,460,551,124,2750,15.856889772415162,0.014831248,-0.012943492014892399,0.0998046875,0.2,0.5199384689331055,0.10966742783784866,68.92227840423584,30.57520294189453,0.0001,999.85,1712.2025146484375,,
256000,468,546,125,2755,15.853429985046386,0.0119434735,-0.01106245641130954,0.078125,0.2,0.7113671898841858,0.10967124253511429,80.33097343444824,36.89878845214844,0.0001,999.85,1718.9234619140625,,
258048,473,544,126,2760,15.855170392990113,0.016677944,-0.014031703118234873,0.11220703125,0.2,0.6202116012573242,0.10967161506414413,81.09767265319825,35.367950439453125,0.0001,999.85,1718.9234619140625,,
260096,478,543,127,2765,15.854935693740845,0.007909933,-0.005717359692789614,0.051953125,0.2,0.5490168333053589,0.10967498272657394,237.07918167114258,92.43672943115234,0.0001,999.85,1718.9234619140625,,
262144,483,541,128,2770,15.855683994293212,0.010582293,-0.013066526828333735,0.04423828125,0.2,0.7586818337440491,0.10966352373361588,144.68108024597169,63.9202880859375,0.0001,999.85,1718.9234619140625,,
264192,490,538,129,2775,15.857789564132691,0.009346541,-0.009304746333509684,0.04814453125,0.2,0.8322790265083313,0.10966577380895615,120.9077693939209,55.43144226074219,0.0001,999.85,1749.80859375,,
266240,494,537,130,2780,15.858222770690919,0.01470802,-0.013352405629120767,0.09375,0.2,0.8538897633552551,0.10966172814369202,102.25399055480958,41.48653030395508,0.0001,999.85,1749.80859375,,
268288,499,536,131,2785,15.859236097335815,0.012070466,-0.011547005199827255,0.076171875,0.2,0.5658106803894043,0.10965822637081146,215.02543563842772,91.07281494140625,0.0001,999.85,1749.80859375,,
270336,504,535,132,2790,15.857900857925415,0.011998744,-0.012189805507659912,0.063671875,0.2,0.5489500761032104,0.10966529697179794,150.59831771850585,68.96540832519531,0.0001,999.85,1749.80859375,,
272384,510,534,133,2795,15.85771827697754,0.019226745,-0.017688899394124748,0.1654296875,0.2,0.6805636882781982,0.10963905602693558,142.69524536132812,67.41387939453125,0.0001,999.25,1758.9456787109375,,
274432,514,533,134,2800,15.861069345474244,0.015865378,-0.015956598205957562,0.100390625,0.2,0.5834795236587524,0.10962190479040146,302.9441230773926,186.83724975585938,0.0001,999.25,1758.9456787109375,,
276480,518,532,135,2805,15.860349750518798,0.01621015,-0.01555129939224571,0.09375,0.2,0.8076137900352478,0.10965250432491302,140.64202423095702,60.487483978271484,0.0001,999.25,1758.9456787109375,,
278528,524,531,136,2810,15.855466032028199,0.016783081,-0.01679168224800378,0.11787109375,0.2,0.8376816511154175,0.10967127978801727,129.15720443725587,56.72159957885742,0.0001,998.26,1737.983154296875,,
280576,528,530,137,2815,15.85494966506958,0.014251786,-0.015793345170095563,0.109375,0.2,0.7285170555114746,0.10967129468917847,300.5859146118164,93.66552734375,0.0001,998.26,1739.072509765625,,
282624,533,529,138,2820,15.855569982528687,0.017937295,-0.01773278214968741,0.13486328125,0.2,0.8411669135093689,0.10965205729007721,138.80422973632812,60.603336334228516,0.0001,998.26,1739.072509765625,,
284672,537,529,139,2825,15.855993509292603,0.01952473,-0.01462244677823037,0.1107421875,0.2,0.09410029649734497,0.10965315997600555,126.70884284973144,52.75733184814453,0.0001,998.26,1739.072509765625,,
286720,543,527,140,2830,15.854145526885986,0.016481956,-0.015035954141058027,0.09716796875,0.2,-0.1050492525100708,0.10966645926237106,114.93938522338867,51.31288528442383,0.0001,998.26,1713.927978515625,,
288768,548,526,141,2835,15.85258150100708,0.016562758,-0.015034202137030661,0.10126953125,0.2,-0.22377562522888184,0.10967014729976654,100.15661926269532,39.31657791137695,0.0001,998.26,1736.0673828125,,
290816,554,524,142,2840,15.853313541412353,0.018890398,-0.0178677438525483,0.12626953125,0.2,0.873826801776886,0.10966594517230988,51.640631675720215,20.818323135375977,0.0001,998.26,1736.0673828125,,
292864,560,522,143,2845,15.854157638549804,0.017782249,-0.015875681850593536,0.14658203125,0.2,0.9199438095092773,0.10966596752405167,65.38103065490722,25.154590606689453,0.0001,998.26,1736.0673828125,,
294912,567,519,144,2850,15.853955698013305,0.016602775,-0.014875706925522536,0.15185546875,0.2,0.9226557016372681,0.1096755713224411,69.60947341918946,28.492252349853516,0.0001,998.26,1733.7498779296875,,
296960,573,517,145,2855,15.850496816635133,0.014758831,-0.014945243892725557,0.130859375,0.2,0.9054865837097168,0.10970120877027512,83.47896575927734,37.57115173339844,0.0001,998.26,1761.28076171875,,
299008,578,516,146,2860,15.84517149925232,0.016588168,-0.016140137193724514,0.12578125,0.2,0.8079906105995178,0.10971537232398987,139.73636054992676,64.42635345458984,0.0001,998.26,1761.28076171875,,
301056,583,515,147,2865,15.842875862121582,0.010578693,-0.009964506514370442,0.05810546875,0.2,0.6675174236297607,0.10972056537866592,184.6287643432617,78.07737731933594,0.0001,998.26,1761.28076171875,,
303104,589,514,148,2870,15.842428970336915,0.009157362,-0.010857015440706164,0.04189453125,0.2,0.6139826774597168,0.10971793532371521,159.20794982910155,64.04796600341797,0.0001,998.26,1739.743408203125,,
305152,594,512,149,2875,15.842990684509278,0.012263016,-0.013159614894539118,0.06162109375,0.2,0.800170361995697,0.1097138449549675,97.11070022583007,37.86857604980469,0.0001,998.26,1755.9510498046875,,
307200,599,512,150,2880,15.84403853416443,0.023411836,-0.021596792805939912,0.1798828125,0.2,0.8435045480728149,0.10971894860267639,81.85346221923828,37.486446380615234,0.0001,998.26,1755.9510498046875,,
309248,604,511,151,2885,15.845464515686036,0.013960425,-0.0118184830294922,0.12294921875,0.2,0.7985880374908447,0.1097148060798645,89.7950611114502,38.896453857421875,0.0001,998.26,1755.9510498046875,,
311296,609,511,152,2890,15.847002458572387,0.016279802,-0.01857730543706566,0.145703125,0.2,0.8670527338981628,0.10969982296228409,82.2429042816162,34.36441421508789,0.0001,998.26,1742.735595703125,,
313344,614,510,153,2895,15.847826766967774,0.01916102,-0.017846988560631872,0.14931640625,0.2,0.8171277046203613,0.10968734323978424,79.61730899810792,35.4300537109375,0.0001,998.26,1727.3951416015625,,
315392,618,509,154,2900,15.848794078826904,0.01460675,-0.015002879686653614,0.1158203125,0.2,0.724544882774353,0.10967229306697845,101.82689056396484,43.4683723449707,0.0001,998.26,1727.3951416015625,,
317440,623,509,155,2905,15.85062117576599,0.016169338,-0.013092783512547612,0.11591796875,0.2,0.8572615385055542,0.10965833067893982,82.00584449768067,30.41602897644043,0.0001,998.26,1727.3951416015625,,
319488,629,507,156,2910,15.851472425460816,0.016718606,-0.016815826273523272,0.1634765625,0.2,0.8696946501731873,0.10964323580265045,85.09246482849122,35.17902755737305,0.0001,998.26,1706.930419921875,,
321536,635,505,157,2915,15.851069593429566,0.010270289,-0.011006963404361159,0.0552734375,0.2,0.8283078074455261,0.1096336618065834,129.28436889648438,53.93793487548828,0.0001,998.26,1753.6463623046875,,
323584,640,505,158,2920,15.849923229217529,0.018157901,-0.01685136363375932,0.1138671875,0.2,0.8853237628936768,0.1096450686454773,89.39442176818848,41.982913970947266,0.0001,998.26,1753.6463623046875,,
325632,644,505,159,2925,15.847543287277222,0.018273203,-0.015795034589245915,0.1291015625,0.2,0.897861123085022,0.10963177680969238,98.73686447143555,39.5285758972168,0.0001,998.26,1753.6463623046875,,
327680,648,505,160,2930,15.849827766418457,0.016407108,-0.012156517035327852,0.1033203125,0.2,0.9161539673805237,0.10962651669979095,89.80001640319824,42.363914489746094,0.0001,998.26,1756.2496337890625,,
329728,652,505,161,2935,15.849408817291259,0.016129423,-0.014867070154286921,0.1044921875,0.2,0.9095573425292969,0.10962662100791931,89.42796382904052,30.7847843170166,0.0001,998.26,1769.036376953125,,
331776,657,504,162,2940,15.849037647247314,0.007175068,-0.009826167020946741,0.03974609375,0.2,0.684977650642395,0.10962473601102829,165.55337677001953,72.40081024169922,0.0001,998.26,1769.036376953125,,
333824,661,504,163,2945,15.84952654838562,0.004801842,-0.006539070629514754,0.01484375,0.2,0.6435620784759521,0.10962086915969849,194.23088531494142,81.59635925292969,0.0001,998.26,1769.036376953125,,
335872,665,504,164,2950,15.849596118927002,0.008302093,-0.009805407153908163,0.0369140625,0.2,0.7727934718132019,0.10962563008069992,147.39792518615724,62.57459259033203,0.0001,998.26,1748.375,,
337920,669,504,165,2955,15.849198341369629,0.009913658,-0.009486474422737956,0.0466796875,0.2,0.7305257320404053,0.1096237301826477,199.8803466796875,85.18310546875,0.0001,998.41,1729.384033203125,,
339968,673,504,166,2960,15.849591493606567,0.016089547,-0.014710369706153869,0.0943359375,0.2,0.8090008497238159,0.10963422060012817,216.31742248535156,108.54649353027344,0.0001,998.41,1729.384033203125,,
342016,677,504,167,2965,15.848563718795777,0.01907814,-0.01842755514662713,0.1521484375,0.2,0.8431901335716248,0.10965272039175034,193.1427993774414,91.76560974121094,0.0001,998.41,1729.384033203125,,
344064,681,504,168,2970,15.847888898849487,0.012943049,-0.011967752256896346,0.07939453125,0.2,0.8712314367294312,0.10965979844331741,213.84828414916993,94.87542724609375,0.0001,998.41,1719.5704345703125,,
346112,685,504,169,2975,15.8483717918396,0.009192984,-0.011106306337751448,0.0412109375,0.2,0.7672696113586426,0.10966593027114868,294.42960662841796,137.78981018066406,0.0001,998.41,1719.5704345703125,,
348160,689,505,170,2980,15.847957658767701,0.010062866,-0.011338505783351138,0.05400390625,0.2,0.6656777858734131,0.10965695977210999,176.68814010620116,75.81220245361328,0.0001,998.41,1719.5704345703125,,
350208,693,505,171,2985,15.850370121002197,0.010662642,-0.011282312078401446,0.0697265625,0.2,0.6863226890563965,0.10964851826429367,137.4944263458252,54.142005920410156,0.0001,998.41,1709.1832275390625,,
352256,697,504,172,2990,15.851355171203613,0.014210835,-0.013204490975476801,0.09130859375,0.2,0.7353368401527405,0.10964663326740265,133.54517707824706,66.67019653320312,0.0001,998.41,1683.39404296875,,
354304,701,505,173,2995,15.849996614456177,0.022230068,-0.01823313580825925,0.1404296875,0.2,0.8827905058860779,0.109669029712677,76.15831756591797,34.09738540649414,0.0001,998.41,1683.39404296875,,
356352,705,505,174,3000,15.8472580909729,0.017856875,-0.01472089346498251,0.12900390625,0.2,0.9285082817077637,0.10967256128787994,94.17065963745117,42.21689987182617,0.0001,998.41,1683.39404296875,,
358400,709,505,175,3005,15.847578096389771,0.014836414,-0.01540522596333176,0.1146484375,0.2,0.9202571511268616,0.10967440158128738,128.60642776489257,52.94297790527344,0.0001,998.41,1677.4783935546875,,
360448,712,505,176,3010,15.84796075820923,0.01708053,-0.01624397384002805,0.11884765625,0.2,0.9372556209564209,0.10966460406780243,98.26376304626464,44.6518440246582,0.0001,998.41,1653.7451171875,,
362496,716,505,177,3015,15.851583528518677,0.014494251,-0.016576611291384324,0.11162109375,0.2,0.940441370010376,0.10964973270893097,70.78292770385742,31.528005599975586,0.0001,998.41,1653.7451171875,,
364544,721,505,178,3020,15.8542555809021,0.01489197,-0.014800247992388904,0.10673828125,0.2,0.9024515748023987,0.10964994877576828,84.13510475158691,32.69430160522461,0.0001,998.41,1653.7451171875,,
366592,725,505,179,3025,15.855305004119874,0.024258567,-0.020971087832003833,0.18740234375,0.2,0.9199005961418152,0.10964697599411011,74.35001029968262,35.526451110839844,0.0001,998.41,1636.35302734375,,
368640,729,505,180,3030,15.855339670181275,0.020402238,-0.01949192355386913,0.15576171875,0.2,0.9147599935531616,0.10964413732290268,74.56833343505859,32.975406646728516,0.0001,999.01,1623.250732421875,,
370688,732,505,181,3035,15.856995010375977,0.014905347,-0.017397007113322614,0.1447265625,0.2,0.9375392198562622,0.10966508090496063,96.95429992675781,45.17182540893555,0.0001,999.01,1623.250732421875,,
372736,736,506,182,3040,15.856832313537598,0.020879542,-0.01880929123144597,0.16640625,0.2,0.8907400369644165,0.10968244820833206,112.18248443603515,50.29931640625,0.0001,999.01,1623.250732421875,,
374784,740,506,183,3045,15.859514045715333,0.018352607,-0.01791803240776062,0.175,0.2,0.930634617805481,0.109642893075943,85.76368255615235,41.669464111328125,0.0001,999.01,1609.3609619140625,,
376832,744,506,184,3050,15.865941047668457,0.016615465,-0.016278183087706566,0.12978515625,0.2,0.9282704591751099,0.10964278131723404,91.00160598754883,39.78471374511719,0.0001,1000.0,1631.879638671875,,
378880,748,506,185,3055,15.865135145187377,0.013539982,-0.015597393980715423,0.094140625,0.2,0.9056867957115173,0.1096571609377861,86.97942085266114,37.20153045654297,0.0001,994.08,1618.4925537109375,,
380928,751,506,186,3060,15.863840627670289,0.017547026,-0.013889092823956162,0.14794921875,0.2,0.6150074005126953,0.10964452475309372,244.4602195739746,87.28145599365234,0.0001,994.08,1618.4925537109375,,
382976,755,506,187,3065,15.865575361251832,0.021569408,-0.019326105481013656,0.1802734375,0.2,0.9042432904243469,0.10962329059839249,47.41532516479492,18.889877319335938,0.0001,994.08,1595.77392578125,,
385024,759,506,188,3070,15.868927240371704,0.017790427,-0.01644844771362841,0.144140625,0.2,0.8681576251983643,0.10960501432418823,56.817942428588864,23.34174156188965,0.0001,994.08,1587.6522216796875,,
387072,763,506,189,3075,15.870580768585205,0.024396028,-0.021969702281057834,0.198046875,0.2,0.8307047486305237,0.1095915213227272,103.35793647766113,50.47475051879883,0.0001,994.08,1585.32568359375,,
389120,767,507,190,3080,15.871261882781983,0.012746996,-0.012953994609415532,0.0740234375,0.2,0.7039773464202881,0.1095927357673645,182.7640510559082,81.72893524169922,0.0001,994.08,1585.32568359375,,
391168,771,507,191,3085,15.871786832809448,0.020321865,-0.019465929246507585,0.183203125,0.2,0.8150869011878967,0.10956397652626038,149.44308853149414,69.07527160644531,0.0001,994.08,1573.7890625,,
393216,775,507,192,3090,15.879438543319703,0.012153998,-0.012524733366444708,0.08701171875,0.2,0.783532977104187,0.10951945930719376,168.7623649597168,79.4994888305664,0.0001,994.08,1590.66943359375,,
395264,779,507,193,3095,15.88442530632019,0.018195976,-0.017847024369984865,0.11884765625,0.2,0.8471839427947998,0.10950576514005661,158.6661834716797,70.88993835449219,0.0001,994.08,1585.63671875,,
397312,782,507,194,3100,15.8843825340271,0.012777194,-0.013470781547948719,0.08046875,0.2,0.9008368849754333,0.10948619991540909,143.3444995880127,67.00776672363281,0.0001,994.08,1585.63671875,,
399360,786,507,195,3105,15.886523628234864,0.012913647,-0.012080850824713708,0.0669921875,0.2,0.9021317958831787,0.10947241634130478,136.63404502868653,55.15462112426758,0.0001,994.08,1565.447998046875,,
401408,791,507,196,3110,15.887474489212035,0.013459408,-0.012094886414706707,0.076171875,0.2,0.9404760599136353,0.10947704315185547,98.14360389709472,39.89946365356445,0.0001,994.08,1558.966552734375,,
403456,796,506,197,3115,15.88591389656067,0.012320138,-0.012820293591357768,0.070703125,0.2,0.9478523135185242,0.10947661846876144,86.6308437347412,36.96825408935547,0.0001,994.08,1562.7989501953125,,
405504,799,506,198,3120,15.886190795898438,0.011903634,-0.010813303384929895,0.06904296875,0.2,0.872173011302948,0.10947579890489578,119.1235122680664,53.14030075073242,0.0001,994.08,1562.7989501953125,,
407552,803,507,199,3125,15.886241579055786,0.019825516,-0.018740928312763572,0.13134765625,0.2,0.8874492645263672,0.10945867002010345,116.86193237304687,44.92971420288086,0.0001,994.08,1551.421875,,
409600,807,507,200,3130,15.889034223556518,0.013784381,-0.01213494900148362,0.096875,0.2,0.8525422811508179,0.1094566136598587,117.81561737060547,52.64171600341797,0.0001,994.08,1543.5635986328125,,
411648,811,507,201,3135,15.887504768371581,0.010916194,-0.01247120852349326,0.06669921875,0.2,0.8635210990905762,0.10946301370859146,85.8043197631836,36.174591064453125,0.0001,994.08,1544.236572265625,,
413696,815,507,202,3140,15.886928510665893,0.013462036,-0.013238462503068149,0.09365234375,0.2,0.808296263217926,0.10945846885442734,95.5216278076172,39.1909065246582,0.0001,994.08,1544.236572265625,,
415744,818,507,203,3145,15.888100481033325,0.011568312,-0.013727624772582204,0.06201171875,0.2,0.8600552082061768,0.10945110768079758,92.68312187194825,36.97160339355469,0.0001,994.08,1535.2076416015625,,
417792,822,507,204,3150,15.890647745132446,0.016194455,-0.016030886629596352,0.090234375,0.2,0.8822491765022278,0.10944518446922302,64.90662517547608,25.863985061645508,0.0001,994.08,1541.3380126953125,,
419840,826,507,205,3155,15.89249873161316,0.0154071245,-0.01337593705393374,0.10419921875,0.2,0.8037837147712708,0.10945747792720795,120.26232261657715,49.25461196899414,0.0001,994.08,1541.3380126953125,,
421888,830,508,206,3160,15.892309045791626,0.018620092,-0.015189741575159132,0.121484375,0.2,0.8283975720405579,0.1094517856836319,117.04299278259278,50.191795349121094,0.0001,994.08,1541.3380126953125,,
423936,834,508,207,3165,15.893642997741699,0.017329954,-0.015187853667885064,0.13037109375,0.2,0.8470274209976196,0.109454445540905,84.84718208312988,32.670650482177734,0.0001,993.94,1538.2283935546875,,
425984,838,507,208,3170,15.894846296310424,0.017264744,-0.012711152550764382,0.10390625,0.2,0.8071914315223694,0.10944193601608276,210.0338928222656,38.2305793762207,0.0001,993.94,1545.0740966796875,,
428032,842,508,209,3175,15.896239280700684,0.014531726,-0.015037350496277213,0.12265625,0.2,0.9320288896560669,0.10945833474397659,87.02543487548829,40.60053634643555,0.0001,993.94,1545.0740966796875,,
430080,845,508,210,3180,15.893993425369263,0.018463695,-0.015236070565879344,0.1591796875,0.2,0.9533800482749939,0.10946979373693466,74.5530740737915,29.80610466003418,0.0001,993.94,1537.762939453125,,
432128,850,508,211,3185,15.893663549423218,0.016511405,-0.01538400857243687,0.113671875,0.2,0.9645419120788574,0.1094803661108017,60.18193416595459,23.976093292236328,0.0001,993.94,1545.6829833984375,,
434176,854,508,212,3190,15.893132734298707,0.021878134,-0.018989909486845136,0.15390625,0.2,0.9522894620895386,0.10946512222290039,60.48138542175293,24.2529354095459,0.0001,993.94,1554.2845458984375,,
436224,857,508,213,3195,15.8978590965271,0.014657778,-0.011916669923812151,0.10703125,0.2,0.955722987651825,0.10944801568984985,55.25297222137451,22.37558364868164,0.0001,993.94,1554.2845458984375,,
438272,861,508,214,3200,15.900786638259888,0.016344478,-0.01500678933225572,0.125390625,0.2,0.9414592981338501,0.10941705852746964,69.11226272583008,28.6577091217041,0.0001,993.94,1532.6060791015625,,
440320,865,508,215,3205,15.905236530303956,0.016631383,-0.01573454246390611,0.1525390625,0.2,0.9532332420349121,0.10939374566078186,62.076250839233396,26.642047882080078,0.0001,993.94,1582.29150390625,,
442368,869,508,216,3210,15.90835223197937,0.019327622,-0.0166571730049327,0.16279296875,0.2,0.9776875972747803,0.10936980694532394,30.663018417358398,14.12710189819336,0.0001,993.94,1580.21240234375,,
444416,873,508,217,3215,15.908706426620483,0.01172673,-0.007196544832549989,0.0939453125,0.2,0.8834390044212341,0.10935775935649872,114.6678367614746,51.553890228271484,0.0001,993.94,1580.21240234375,,
446464,876,509,218,3220,15.908531522750854,0.011405455,-0.009960736427456141,0.07578125,0.2,0.9033603072166443,0.10935104638338089,96.26964683532715,36.1088981628418,0.0001,992.33,1567.25927734375,,
448512,880,509,219,3225,15.90964674949646,0.00615701,-0.009100168000441045,0.022265625,0.2,0.6512055397033691,0.10935040563344955,345.3606643676758,230.26385498046875,0.0001,992.33,1581.8209228515625,,
450560,884,509,220,3230,15.91013822555542,0.013857238,-0.014184891968034208,0.08232421875,0.2,0.8519089818000793,0.10935024172067642,121.79416694641114,46.63267517089844,0.0001,992.33,1578.7412109375,,
452608,888,509,221,3235,15.910668897628785,0.009280606,-0.01008571360143833,0.05087890625,0.2,0.3746526837348938,0.10935395956039429,176.6175979614258,70.63593292236328,0.0001,992.33,1578.7412109375,,
454656,892,509,222,3240,15.910915803909301,0.010986232,-0.014400590863078832,0.08017578125,0.2,0.6147357821464539,0.10935862362384796,125.09144897460938,53.974754333496094,0.0001,992.33,1569.4285888671875,,
456704,896,509,223,3245,15.911830139160156,0.009409871,-0.011801098892465233,0.04404296875,0.2,0.6374173164367676,0.10935808718204498,137.80695114135742,56.42962646484375,0.0001,992.33,1589.635986328125,,
458752,899,509,224,3250,15.912987995147706,0.014926061,-0.013435773365199567,0.087109375,0.2,0.5939375162124634,0.10934241116046906,148.3219139099121,67.76377868652344,0.0001,992.33,1599.3973388671875,,
460800,903,509,225,3255,15.915099811553954,0.01560884,-0.014813542668707668,0.12431640625,0.2,0.6198881268501282,0.10934510082006454,115.93453979492188,52.96515655517578,0.0001,992.33,1590.3056640625,,
462848,907,510,226,3260,15.914462995529174,0.017061792,-0.01738725518807769,0.12451171875,0.2,0.714627742767334,0.10933990031480789,107.01854858398437,47.285091400146484,0.0001,992.33,1590.3056640625,,
464896,911,510,227,3265,15.914607000350951,0.021575678,-0.01976526516955346,0.16357421875,0.2,0.7349984645843506,0.10936085879802704,89.33454666137695,40.7786865234375,0.0001,992.33,1642.036865234375,,
466944,915,510,228,3270,15.912520837783813,0.021635097,-0.0191825739108026,0.1474609375,0.2,0.7443274855613708,0.10937047004699707,96.67844657897949,48.150428771972656,0.0001,992.33,1648.22998046875,,
468992,919,509,229,3275,15.916214418411254,0.015342403,-0.014548373385332524,0.08828125,0.2,0.7110239267349243,0.10935896635055542,149.10292282104493,71.25349426269531,0.0001,991.44,1638.04736328125,,
471040,923,510,230,3280,15.917997932434082,0.007238775,-0.01107076434418559,0.03017578125,0.2,0.45537251234054565,0.10936959087848663,359.88813400268555,181.6316375732422,0.0001,991.44,1638.04736328125,,
473088,927,510,231,3285,15.917505598068237,0.016589714,-0.016250065411441028,0.10302734375,0.2,0.6860129833221436,0.10935759544372559,171.26853103637694,71.58892059326172,0.0001,991.44,1645.8375244140625,,
475136,931,510,232,3290,15.919471406936646,0.019923229,-0.018520964356139303,0.1609375,0.2,0.8368018865585327,0.10934297740459442,84.95423736572266,41.74209213256836,0.0001,991.44,1647.735107421875,,
477184,934,510,233,3295,15.919834327697753,0.01313425,-0.011900732561480254,0.1109375,0.2,0.7936740517616272,0.10933250188827515,93.89984741210938,39.352813720703125,0.0001,991.08,1633.60400390625,,
479232,938,510,234,3300,15.922921943664551,0.014161908,-0.012506295670755207,0.08994140625,0.2,0.6245831251144409,0.10930516570806503,212.79980392456054,108.03095245361328,0.0001,991.08,1633.60400390625,,
481280,942,510,235,3305,15.924896144866944,0.01998879,-0.017679963837144895,0.1470703125,0.2,0.8588554859161377,0.10929255932569504,55.63188152313232,22.67884635925293,0.0001,997.0,1665.3824462890625,,
483328,946,510,236,3310,15.922470092773438,0.015935618,-0.014455552346771584,0.1447265625,0.2,0.9254587292671204,0.10929232835769653,60.642856216430665,26.066944122314453,0.0001,997.0,1668.372314453125,,
485376,950,510,237,3315,15.922177934646607,0.014215592,-0.01377927411813289,0.11884765625,0.2,0.9229496121406555,0.10926741361618042,64.58157157897949,28.496417999267578,0.0001,996.59,1662.094970703125,,
487424,954,510,238,3320,15.925109434127808,0.014138056,-0.013969728746451438,0.10498046875,0.2,0.8916470408439636,0.10924944281578064,129.40156440734864,66.87456512451172,0.0001,996.59,1662.094970703125,,
489472,958,510,239,3325,15.92786626815796,0.0144467,-0.019552324269898235,0.14384765625,0.2,0.9368809461593628,0.1092294231057167,69.76405773162841,29.336360931396484,0.0001,996.59,1676.53515625,,
491520,963,510,240,3330,15.93096308708191,0.014104744,-0.01430515714455396,0.099609375,0.2,0.9059905409812927,0.10921718180179596,122.51016349792481,54.41632843017578,0.0001,996.59,1670.0074462890625,,
493568,966,510,241,3335,15.932399034500122,0.009333607,-0.010697708436055109,0.0421875,0.2,0.8929051160812378,0.10921382904052734,152.90347137451172,68.28515625,0.0001,996.59,1670.0074462890625,,
495616,970,510,242,3340,15.93213620185852,0.0137091605,-0.013978793565183879,0.08974609375,0.2,0.8798218965530396,0.1092228889465332,192.13100509643556,88.97451782226562,0.0001,996.59,1670.0074462890625,,
497664,974,510,243,3345,15.929332780838013,0.012945201,-0.013869857089594007,0.1072265625,0.2,0.9040601253509521,0.10923605412244797,176.62784423828126,82.78064727783203,0.0001,996.59,1699.6156005859375,,
499712,978,510,244,3350,15.928083801269532,0.011727021,-0.013352479436434805,0.08232421875,0.2,0.8739208579063416,0.10923757404088974,163.3895248413086,77.37751770019531,0.0001,996.59,1688.6842041015625,,
501760,1022,490,245,3355,15.92918267250061,0.010262469,-0.011553225829266012,0.054296875,0.2,0.9359644651412964,0.10922612994909286,116.43013572692871,44.428550720214844,0.0001,996.59,1688.6842041015625,250000,2.4574710806500697
503808,1026,491,246,3360,15.931395721435546,0.012504425,-0.01457579362904653,0.07021484375,0.2,0.901419460773468,0.10920801013708115,112.32008094787598,43.543235778808594,0.0001,996.59,1688.6842041015625,,
505856,1030,490,247,3365,15.93354320526123,0.010990624,-0.012683392153121531,0.06884765625,0.2,0.9013620018959045,0.10918934643268585,109.13763465881348,44.995811462402344,0.0001,996.59,1720.814208984375,,
507904,1034,490,248,3370,15.935822200775146,0.014737526,-0.0136217049555853,0.0869140625,0.2,0.878856360912323,0.10918428748846054,101.83101539611816,44.50324630737305,0.0001,996.59,1706.08349609375,,
509952,1039,490,249,3375,15.935716342926025,0.0083197,-0.008992233162280172,0.03681640625,0.2,0.8839869499206543,0.10918202251195908,82.83508377075195,31.251235961914062,0.0001,996.59,1706.08349609375,,
512000,1045,489,250,3380,15.937213134765624,0.011320299,-0.013326488551683724,0.05517578125,0.2,0.8942258358001709,0.10917039960622787,101.094970703125,37.61998748779297,0.0001,996.59,1731.8551025390625,,
514048,1049,489,251,3385,15.93765902519226,0.0144288475,-0.01420863091479987,0.0908203125,0.2,0.9343212842941284,0.10917062312364578,84.77586975097657,34.06421661376953,0.0001,996.59,1721.3870849609375,,
516096,1054,489,252,3390,15.938217926025391,0.013039109,-0.012289518467150628,0.07568359375,0.2,0.865111768245697,0.1091664582490921,113.19367027282715,47.823997497558594,0.0001,996.59,1710.4371337890625,,
518144,1058,489,253,3395,15.939556694030761,0.012531155,-0.01437405557371676,0.10224609375,0.2,0.8133099675178528,0.10917893052101135,132.71580390930177,61.66032409667969,0.0001,996.59,1710.4371337890625,,
520192,1062,489,254,3400,15.93826675415039,0.012839277,-0.012839966965839267,0.09208984375,0.2,0.8477792739868164,0.10919229686260223,95.93255767822265,36.71654510498047,0.0001,996.73,1720.7705078125,,
522240,1066,489,255,3405,15.939812898635864,0.013858958,-0.014545128494501115,0.1125,0.2,0.8704814910888672,0.10917269438505173,98.61878128051758,37.89470291137695,0.0001,996.73,1718.9456787109375,,
524288,1070,489,256,3410,15.944708967208863,0.016792689,-0.015000831405632197,0.11640625,0.2,0.9191220998764038,0.10915866494178772,115.10533981323242,46.26156997680664,0.0001,996.73,1706.0379638671875,,
526336,1074,490,257,3415,15.944843101501466,0.016243633,-0.01678840125678107,0.105859375,0.2,0.9017909169197083,0.10916277021169662,139.6940544128418,59.65290832519531,0.0001,996.73,1706.0379638671875,,
528384,1077,490,258,3420,15.94553632736206,0.013303815,-0.015622399700805544,0.13193359375,0.2,0.9265081882476807,0.10915070027112961,163.2139465332031,72.77332305908203,0.0001,996.73,1712.4183349609375,,
530432,1081,490,259,3425,15.948717737197876,0.01697895,-0.019382906053215264,0.1349609375,0.2,0.9503082036972046,0.10913632810115814,96.17496185302734,37.493228912353516,0.0001,996.73,1709.228759765625,,
532480,1085,490,260,3430,15.950057697296142,0.01655584,-0.016487160767428576,0.12177734375,0.2,0.9449340105056763,0.1091323047876358,80.7584400177002,33.68803787231445,0.0001,996.73,1701.7528076171875,,
534528,1089,490,261,3435,15.950347852706908,0.010769095,-0.0125120272859931,0.11611328125,0.2,0.9278025031089783,0.10912317782640457,91.42869567871094,35.35029602050781,0.0001,996.73,1701.7528076171875,,
536576,1093,490,262,3440,15.952431774139404,0.0159407,-0.014862555684521795,0.10087890625,0.2,0.942353367805481,0.10912380367517471,49.81528015136719,17.69166374206543,0.0001,996.73,1724.140625,,
538624,1097,490,263,3445,15.954717206954957,0.017985478,-0.016217271331697702,0.1388671875,0.2,0.9373939633369446,0.10910635441541672,53.72642021179199,22.13199806213379,0.0001,996.73,1716.05517578125,,
540672,1100,491,264,3450,15.960842657089234,0.017604295,-0.015141703898552804,0.16015625,0.2,0.9234406352043152,0.10907873511314392,103.88980407714844,48.321876525878906,0.0001,996.73,1702.5654296875,,
542720,1104,491,265,3455,15.966101551055909,0.008155847,-0.006766619370318949,0.04677734375,0.2,0.8542274236679077,0.10905835777521133,198.63903732299804,83.00534057617188,0.0001,996.73,1702.5654296875,,
544768,1108,491,266,3460,15.96904010772705,0.015292719,-0.013055201875977218,0.09072265625,0.2,0.9185971021652222,0.10905227810144424,111.34036636352539,42.830482482910156,0.0001,998.34,1735.5042724609375,,
546816,1112,491,267,3465,15.969257640838624,0.010298887,-0.010802439297549427,0.06591796875,0.2,0.8986524939537048,0.10905236005783081,126.75831909179688,50.520423889160156,0.0001,998.34,1735.0035400390625,,
548864,1116,491,268,3470,15.968763256072998,0.013359717,-0.013641809788532555,0.0748046875,0.2,0.8079541921615601,0.10905615985393524,153.76701965332032,64.55936431884766,0.0001,998.34,1722.5775146484375,,
550912,1120,491,269,3475,15.966895294189452,0.019523587,-0.01730252179550007,0.1666015625,0.2,0.8861520290374756,0.10908660292625427,113.98942718505859,52.82978820800781,0.0001,998.34,1722.5775146484375,,
552960,1124,491,270,3480,15.964550399780274,0.020063283,-0.016227443725802003,0.16640625,0.2,0.9057150483131409,0.10908651351928711,109.60267181396485,48.7287483215332,0.0001,998.34,1750.4190673828125,,
555008,1128,492,271,3485,15.965852546691895,0.020632926,-0.01811978090554476,0.1751953125,0.2,0.9374364614486694,0.10908366739749908,99.59062271118164,42.79587936401367,0.0001,998.34,1752.9000244140625,,
557056,1131,492,272,3490,15.96400876045227,0.014055446,-0.01271515698172152,0.10478515625,0.2,0.9349608421325684,0.10907277464866638,149.6293804168701,61.89545440673828,0.0001,998.34,1734.6126708984375,,
559104,1135,492,273,3495,15.964946126937866,0.0118819745,-0.012458720267750323,0.0828125,0.2,0.9421761631965637,0.10906696319580078,123.60077590942383,48.92840576171875,0.0001,998.34,1734.6126708984375,,
561152,1139,492,274,3500,15.965367937088013,0.012401866,-0.012765789229888469,0.0732421875,0.2,0.9403300881385803,0.10905788838863373,131.22589721679688,50.87395095825195,0.0001,998.34,1702.6668701171875,,
563200,1143,492,275,3505,15.96740403175354,0.015177492,-0.016651418060064316,0.1048828125,0.2,0.953662097454071,0.10903215408325195,91.54637756347657,35.26555252075195,0.0001,998.34,1706.4508056640625,,
565248,1147,492,276,3510,15.969652128219604,0.011748489,-0.013277354440651834,0.0986328125,0.2,0.9231637120246887,0.10902588069438934,101.12529411315919,42.98486328125,0.0001,998.34,1694.701416015625,,
567296,1151,492,277,3515,15.970932960510254,0.019749688,-0.01701419282471761,0.13046875,0.2,0.9379939436912537,0.1090024933218956,92.26904678344727,36.896602630615234,0.0001,998.34,1694.701416015625,,
569344,1155,492,278,3520,15.974419975280762,0.016078956,-0.015747678163461388,0.134375,0.2,0.9353580474853516,0.10896237194538116,86.30205383300782,36.357154846191406,0.0001,999.23,1682.875732421875,,
571392,1160,492,279,3525,15.976834535598755,0.017689396,-0.01704940334893763,0.1458984375,0.2,0.8899618983268738,0.10894663631916046,131.45234146118165,58.40394973754883,0.0001,999.23,1673.1192626953125,,
573440,1164,492,280,3530,15.97891149520874,0.02022032,-0.01836388506926596,0.15595703125,0.2,0.9157266616821289,0.10892543196678162,93.64245109558105,41.338924407958984,0.0001,999.23,1673.1192626953125,,
575488,1168,492,281,3535,15.983495283126832,0.017082557,-0.015432685334235429,0.1212890625,0.2,0.9331587553024292,0.10889925807714462,73.9824935913086,30.346712112426758,0.0001,999.23,1673.1192626953125,,
577536,1172,492,282,3540,15.987884855270385,0.011207841,-0.011420580162666737,0.06044921875,0.2,0.8230810165405273,0.10888521373271942,181.20195388793945,80.43382263183594,0.0001,999.59,1700.310791015625,,
579584,1176,492,283,3545,15.991621208190917,0.016657125,-0.017354849458206444,0.133203125,0.2,0.9281590580940247,0.1088598370552063,79.4490234375,33.802242279052734,0.0001,999.59,1699.779052734375,,
581632,1180,492,284,3550,15.994511938095092,0.0167485,-0.016095371439587326,0.1509765625,0.2,0.8737326860427856,0.10884464532136917,60.55709743499756,27.026203155517578,0.0001,999.59,1699.779052734375,,
583680,1184,492,285,3555,15.996165943145751,0.0153821455,-0.01356398044154048,0.1271484375,0.2,0.8002175092697144,0.10882073640823364,68.66061401367188,30.916885375976562,0.0001,999.59,1699.779052734375,,
585728,1188,492,286,3560,15.998391580581664,0.017320592,-0.016392372082918882,0.13046875,0.2,0.7595019340515137,0.10882117599248886,83.80710220336914,34.31730651855469,0.0001,1000.0,1691.3057861328125,,
587776,1192,492,287,3565,15.997076940536498,0.017344035,-0.018609901936724783,0.17177734375,0.2,0.9535385966300964,0.1088305413722992,110.6948257446289,49.557823181152344,0.0001,1000.0,1673.973388671875,,
589824,1196,492,288,3570,15.995189905166626,0.018016197,-0.016608852567151187,0.183203125,0.2,0.9742141962051392,0.10885205119848251,82.00412025451661,36.81589889526367,0.0001,1000.0,1673.973388671875,,
591872,1200,493,289,3575,15.993580961227417,0.014433503,-0.011533964285627007,0.1328125,0.2,0.9685240983963013,0.10884559899568558,89.90751457214355,40.512718200683594,0.0001,1000.0,1673.973388671875,,
593920,1205,492,290,3580,15.997237348556519,0.01822227,-0.016358495119493454,0.15390625,0.2,0.9767929911613464,0.10881152749061584,63.35974540710449,27.06331443786621,0.0001,1000.0,1688.2457275390625,,
595968,1209,492,291,3585,16.002734851837157,0.022338318,-0.01825327817350626,0.183984375,0.2,0.9378184080123901,0.10878151655197144,88.19434967041016,38.709232330322266,0.0001,1000.0,1687.52001953125,,
598016,1213,492,292,3590,16.006645488739014,0.019843653,-0.01660170020768419,0.140234375,0.2,0.7964368462562561,0.10876423120498657,104.10437698364258,42.37297821044922,0.0001,1000.0,1687.52001953125,,
600064,1217,492,293,3595,16.006439113616942,0.013192396,-0.011846792558208108,0.07958984375,0.2,0.5504093170166016,0.10877805203199387,183.0200927734375,79.9242935180664,0.0001,1000.0,1688.15478515625,,
602112,1221,492,294,3600,16.00446138381958,0.016277764,-0.015612576762214303,0.0921875,0.2,0.570362389087677,0.10877363383769989,168.89077911376953,68.94087219238281,0.0001,1000.0,1688.587158203125,,
604160,1225,492,295,3605,16.005129432678224,0.011652956,-0.010896266927011311,0.06982421875,0.2,0.837121844291687,0.1087624654173851,228.89483261108398,103.84197235107422,0.0001,1000.0,1671.9788818359375,,
606208,1229,493,296,3610,16.005661010742188,0.01744636,-0.015912256855517625,0.111328125,0.2,0.8788617849349976,0.10876397043466568,163.76702880859375,69.49595642089844,0.0001,1000.0,1671.9788818359375,,
608256,1233,493,297,3615,16.00618658065796,0.018899368,-0.018278848333284258,0.14892578125,0.2,0.9113077521324158,0.1087431013584137,131.36805572509766,58.77909469604492,0.0001,1000.0,1658.3162841796875,,
610304,1237,493,298,3620,16.007927703857423,0.013167154,-0.014592803083360195,0.102734375,0.2,0.9114077091217041,0.10875169932842255,109.93082427978516,44.1429557800293,0.0001,1000.0,1652.45654296875,,
612352,1240,493,299,3625,16.00693836212158,0.012343615,-0.01230791532434523,0.06962890625,0.2,0.6951698660850525,0.1087450385093689,204.826505279541,95.69937896728516,0.0001,1000.0,1639.809326171875,,
614400,1244,493,300,3630,16.008906269073485,0.015543866,-0.014172117598354817,0.101953125,0.2,0.8396111130714417,0.10872306674718857,147.19517860412597,59.512908935546875,0.0001,1000.0,1639.809326171875,,
616448,1249,493,301,3635,16.01190357208252,0.014804486,-0.014999161707237363,0.12197265625,0.2,0.8713909983634949,0.10872109234333038,147.5496627807617,69.29496002197266,0.0001,1000.0,1668.9002685546875,,
618496,1252,493,302,3640,16.011222553253173,0.012157293,-0.014637695346027612,0.0978515625,0.2,0.9167352914810181,0.10871131718158722,113.51844673156738,50.9228401184082,0.0001,1000.0,1672.177978515625,,
620544,1257,493,303,3645,16.014121055603027,0.010899476,-0.012372656748630107,0.08291015625,0.2,0.9455128908157349,0.10868602246046066,56.9398193359375,19.86607551574707,0.0001,1000.0,1654.950439453125,,
622592,1261,493,304,3650,16.017270374298096,0.014372471,-0.014805782213807106,0.10576171875,0.2,0.8814288377761841,0.10867751389741898,72.54583930969238,31.886825561523438,0.0001,1000.0,1654.950439453125,,
624640,1265,493,305,3655,16.01954355239868,0.015980449,-0.015802561352029443,0.1369140625,0.2,0.9125577211380005,0.10865674167871475,49.57050724029541,17.24360466003418,0.0001,1000.0,1647.9847412109375,,
626688,1269,493,306,3660,16.02599153518677,0.014282049,-0.01443082126788795,0.10712890625,0.2,0.7953416109085083,0.10862380266189575,87.98629150390624,38.91811752319336,0.0001,998.89,1637.361083984375,,
628736,1273,493,307,3665,16.030307292938232,0.014747403,-0.01326165827922523,0.1009765625,0.2,0.3182860016822815,0.10862436890602112,255.69991760253907,114.24290466308594,0.0001,998.89,1629.3162841796875,,
630784,1277,493,308,3670,16.029578685760498,0.012845509,-0.016007884533610194,0.10224609375,0.2,0.8556582927703857,0.10862335562705994,120.44461402893066,55.41493606567383,0.0001,998.89,1629.3162841796875,,
632832,1281,493,309,3675,16.029889011383055,0.014107885,-0.014654940087348222,0.10263671875,0.2,0.8975119590759277,0.10861977934837341,112.40467796325683,47.60969161987305,0.0001,998.89,1625.9180908203125,,
634880,1285,493,310,3680,16.03127603530884,0.016073192,-0.016319046821445228,0.0978515625,0.2,0.8671247959136963,0.10861017554998398,134.5022415161133,57.16856002807617,0.0001,997.92,1624.35498046875,,
636928,1289,494,311,3685,16.033231735229492,0.009037166,-0.009040192689280958,0.0439453125,0.2,0.7360851168632507,0.10859927535057068,337.72654418945314,205.5941162109375,0.0001,997.92,1624.35498046875,,
638976,1292,494,312,3690,16.03424987792969,0.0125294095,-0.01224191824439913,0.09677734375,0.2,0.8515135645866394,0.10859471559524536,133.3914337158203,67.11271667480469,0.0001,997.92,1624.35498046875,,
641024,1297,494,313,3695,16.0350905418396,0.019828921,-0.015535512636415661,0.13916015625,0.2,0.8659804463386536,0.10859473049640656,127.62816276550294,51.67927932739258,0.0001,997.92,1600.0369873046875,,
643072,1301,494,314,3700,16.035061168670655,0.016631981,-0.015574215992819518,0.126171875,0.2,0.8880980610847473,0.1085994765162468,150.79874229431152,62.91828918457031,0.0001,997.92,1576.2645263671875,,
645120,1304,494,315,3705,16.035811138153075,0.015020354,-0.013023223780328408,0.0931640625,0.2,0.8895984888076782,0.10859128087759018,184.74548263549804,74.21348571777344,0.0001,997.92,1576.2645263671875,,
647168,1308,494,316,3710,16.04027442932129,0.01596225,-0.016575536760501563,0.11044921875,0.2,0.9390158653259277,0.10855771601200104,145.70092849731446,61.02865219116211,0.0001,997.92,1576.2645263671875,,
649216,1312,494,317,3715,16.044923782348633,0.019338828,-0.019919333211146296,0.15068359375,0.2,0.9606062769889832,0.1085505485534668,97.08017997741699,44.42473220825195,0.0001,997.92,1615.8212890625,,
651264,1317,494,318,3720,16.043845462799073,0.01589909,-0.014055960648693144,0.11884765625,0.2,0.9456977844238281,0.10855410993099213,96.51965866088867,43.75824737548828,0.0001,997.92,1601.840576171875,,
653312,1321,494,319,3725,16.04315929412842,0.013268538,-0.009793690731748938,0.0943359375,0.2,0.8619160652160645,0.10855346918106079,116.24971199035645,43.9952392578125,0.0001,997.92,1601.840576171875,,
655360,1325,494,320,3730,16.044091796875,0.0095533505,-0.008740933611989021,0.06962890625,0.2,0.8638244867324829,0.10855215787887573,136.640771484375,49.848655700683594,0.0001,997.92,1601.840576171875,,
657408,1329,494,321,3735,16.044136142730714,0.013408955,-0.01328009266871959,0.10146484375,0.2,0.905896782875061,0.10856589674949646,97.46455383300781,42.380035400390625,0.0001,997.92,1588.0758056640625,,
659456,1333,494,322,3740,16.043749141693116,0.01542858,-0.01439433783525601,0.11015625,0.2,0.9241963624954224,0.1085633859038353,92.89138603210449,42.11534118652344,0.0001,997.92,1572.8262939453125,,
661504,1337,494,323,3745,16.044743061065674,0.016036147,-0.014691683161072434,0.12216796875,0.2,0.9404470324516296,0.10856157541275024,99.7867530822754,42.866302490234375,0.0001,997.92,1572.8262939453125,,
663552,1341,494,324,3750,16.04343538284302,0.016761117,-0.017034342605620624,0.11884765625,0.2,0.9540343284606934,0.10857792943716049,75.92891826629639,27.065996170043945,0.0001,997.92,1572.8262939453125,,
665600,1345,494,325,3755,16.03960018157959,0.01856766,-0.017049995786510407,0.14013671875,0.2,0.958453357219696,0.10861582309007645,74.49998226165772,33.63786315917969,0.0001,997.92,1577.3232421875,,
667648,1349,494,326,3760,16.035437202453615,0.017645475,-0.01521087191067636,0.1326171875,0.2,0.940881609916687,0.10862212628126144,99.1675910949707,43.613399505615234,0.0001,997.92,1581.0888671875,,
669696,1352,495,327,3765,16.03471975326538,0.0133075435,-0.014065726310946047,0.0787109375,0.2,0.9364892244338989,0.10859278589487076,96.78164253234863,40.12959289550781,0.0001,997.92,1581.0888671875,,
671744,1356,495,328,3770,16.040468597412108,0.017954033,-0.015859921230003238,0.13896484375,0.2,0.9558447599411011,0.10854627937078476,69.25800590515136,28.82826042175293,0.0001,997.92,1581.0888671875,,
673792,1361,495,329,3775,16.04654531478882,0.017701406,-0.016400677850469947,0.14638671875,0.2,0.9708458185195923,0.10849963873624802,47.89184017181397,17.950231552124023,0.0001,997.92,1616.723388671875,,
675840,1365,495,330,3780,16.05391902923584,0.0148171,-0.011061420931946486,0.12333984375,0.2,0.9187014102935791,0.10846517980098724,87.39888916015624,36.82829666137695,0.0001,997.92,1604.9111328125,,
677888,1368,495,331,3785,16.05811815261841,0.013198676,-0.012392280530184508,0.09169921875,0.2,0.8601711392402649,0.1084573045372963,124.75303573608399,57.705631256103516,0.0001,997.92,1604.9111328125,,
679936,1372,495,332,3790,16.060228061676025,0.015136941,-0.013654493633657694,0.1111328125,0.2,0.9187471866607666,0.1084451824426651,81.32200622558594,32.612762451171875,0.0001,997.92,1604.9111328125,,
681984,1376,495,333,3795,16.063166999816893,0.024009427,-0.019751759152859448,0.166015625,0.2,0.931228756904602,0.10844986140727997,64.6614158630371,25.643529891967773,0.0001,997.92,1620.8115234375,,
684032,1380,495,334,3800,16.060661602020264,0.01629488,-0.01395869515836239,0.1228515625,0.2,0.9121078252792358,0.10846775770187378,120.47562866210937,49.27208709716797,0.0001,997.92,1615.828125,,
686080,1383,495,335,3805,16.058129119873048,0.012579081,-0.010610836744308471,0.0779296875,0.2,0.8820749521255493,0.10847394168376923,163.4671890258789,75.82964324951172,0.0001,997.92,1615.828125,,
688128,1387,495,336,3810,16.05780944824219,0.01617239,-0.01457540038973093,0.09814453125,0.2,0.8824421167373657,0.10846946388483047,142.4391803741455,62.29072570800781,0.0001,997.92,1651.70654296875,,
690176,1390,496,337,3815,16.058692359924315,0.014861972,-0.011739716539159417,0.09091796875,0.2,0.9571201205253601,0.10846090316772461,66.94922504425048,25.703176498413086,0.0001,997.92,1641.9876708984375,,
692224,1394,496,338,3820,16.061154079437255,0.0127663,-0.013065750105306506,0.09736328125,0.2,0.8411280512809753,0.10844983905553818,128.0730842590332,56.53771209716797,0.0001,997.92,1630.08154296875,,
694272,1397,496,339,3825,16.06437044143677,0.011883922,-0.011732873343862592,0.0775390625,0.2,0.866914689540863,0.108438640832901,107.92706909179688,49.769989013671875,0.0001,997.92,1630.08154296875,,
696320,1401,496,340,3830,16.0664719581604,0.009773104,-0.011068274662829936,0.05546875,0.2,0.8703696727752686,0.10842803865671158,105.50833587646484,42.87961196899414,0.0001,997.92,1613.772216796875,,
698368,1404,497,341,3835,16.06709518432617,0.015975159,-0.015918891807086766,0.11875,0.2,0.896083652973175,0.10842998325824738,98.71396255493164,44.31578063964844,0.0001,997.92,1612.526611328125,,
700416,1407,497,342,3840,16.06609401702881,0.011683112,-0.014501158730126917,0.09658203125,0.2,0.8564079999923706,0.10843322426080704,119.81692619323731,53.677818298339844,0.0001,997.92,1593.03173828125,,
702464,1410,497,343,3845,16.067961120605467,0.013341393,-0.01259730344172567,0.074609375,0.2,0.8343942165374756,0.10841622203588486,107.62315406799317,45.53773498535156,0.0001,997.92,1593.03173828125,,
704512,1414,498,344,3850,16.071529960632326,0.014486333,-0.013544951193034649,0.09228515625,0.2,0.8676565289497375,0.10839429497718811,103.78759536743163,43.77577209472656,0.0001,997.92,1610.506103515625,,
706560,1417,498,345,3855,16.076071166992186,0.024896625,-0.02198593666544184,0.204296875,0.2,0.8489494323730469,0.10836558789014816,92.85779685974121,40.30834197998047,0.0001,997.92,1612.65283203125,,
708608,1421,498,346,3860,16.08202247619629,0.014387149,-0.012160086748190224,0.10888671875,0.2,0.7894766926765442,0.1083548292517662,140.68737411499023,67.93419647216797,0.0001,997.92,1592.9423828125,,
710656,1425,498,347,3865,16.087558555603028,0.014473002,-0.013132108771242202,0.1013671875,0.2,0.7079911231994629,0.10832607001066208,102.84816284179688,42.66278076171875,0.0001,997.92,1592.9423828125,,
712704,1429,498,348,3870,16.093569850921632,0.013709245,-0.010816194908693432,0.09150390625,0.2,0.5932630896568298,0.10830111056566238,153.04528999328613,72.87158966064453,0.0001,997.92,1601.7769775390625,,
714752,1433,498,349,3875,16.09792881011963,0.01796734,-0.016989049129188062,0.14921875,0.2,0.9129393100738525,0.10826851427555084,69.04385738372802,29.763471603393555,0.0001,997.92,1596.2886962890625,,
716800,1436,498,350,3880,16.10457420349121,0.01707169,-0.014184687589295208,0.15703125,0.2,0.9658684730529785,0.10823534429073334,69.69966506958008,28.512666702270508,0.0001,997.92,1596.2886962890625,,
718848,1439,499,351,3885,16.11112642288208,0.022248317,-0.019505248218774796,0.16630859375,0.2,0.9454441070556641,0.10821091383695602,99.79169921875,41.85594940185547,0.0001,997.92,1596.2886962890625,,
720896,1443,499,352,3890,16.115275287628172,0.0170405,-0.01415821467526257,0.12626953125,0.2,0.9185053706169128,0.10818402469158173,113.65556907653809,48.848262786865234,0.0001,997.92,1621.6663818359375,,
722944,1448,499,353,3895,16.118216037750244,0.018555142,-0.017156702210195364,0.13603515625,0.2,0.8960479497909546,0.10818259418010712,108.92238693237304,47.19989013671875,0.0001,997.92,1613.270263671875,,
724992,1451,499,354,3900,16.11735544204712,0.024639208,-0.020439212687779217,0.203515625,0.2,0.8654902577400208,0.1081833466887474,166.34401092529296,74.4541244506836,0.0001,997.92,1613.270263671875,,
727040,1454,499,355,3905,16.118103218078613,0.018992428,-0.014084291295148432,0.14052734375,0.2,0.9315806031227112,0.10817472636699677,91.81183891296386,45.77231979370117,0.0001,997.92,1613.270263671875,,
729088,1459,499,356,3910,16.117654418945314,0.02245057,-0.018964098067954183,0.18173828125,0.2,0.925696074962616,0.10818038135766983,90.35430297851562,42.87338638305664,0.0001,999.03,1642.2254638671875,,
731136,1462,499,357,3915,16.117320728302,0.01733791,-0.01724833870539442,0.16240234375,0.2,0.9403793811798096,0.1081605851650238,81.98539428710937,35.8426399230957,0.0001,999.03,1626.2392578125,,
733184,1465,500,358,3920,16.120053195953368,0.0199407,-0.01751481802202761,0.15625,0.2,0.9464778304100037,0.10814307630062103,58.92616291046143,22.53032875061035,0.0001,999.03,1626.2392578125,,
735232,1469,500,359,3925,16.124264430999755,0.018504212,-0.017671484779566527,0.16416015625,0.2,0.9603191614151001,0.10813536494970322,32.296753597259524,11.218360900878906,0.0001,999.03,1626.2392578125,,
737280,1472,500,360,3930,16.127979373931886,0.019398892,-0.013981117866933346,0.15537109375,0.2,0.918921947479248,0.10814467072486877,73.15111408233642,31.546669006347656,0.0001,1000.0,1644.2042236328125,,
739328,1476,500,361,3935,16.128577041625977,0.014216707,-0.0116737880918663,0.0916015625,0.2,0.878470778465271,0.10814811289310455,114.97037467956542,48.95317459106445,0.0001,1000.0,1632.3681640625,,
741376,1479,501,362,3940,16.128340435028075,0.02174966,-0.022560958098620177,0.17578125,0.2,0.9054988622665405,0.1081739068031311,103.35015678405762,47.89295196533203,0.0001,1000.0,1632.3681640625,,
743424,1482,501,363,3945,16.12740201950073,0.02075528,-0.015248665492981673,0.13076171875,0.2,0.936761736869812,0.1081608459353447,71.86648406982422,30.636762619018555,0.0001,1000.0,1632.3681640625,,
745472,1486,501,364,3950,16.131989765167237,0.018821774,-0.016054282314144075,0.1814453125,0.2,0.931723952293396,0.10813778638839722,76.08147773742675,32.13880920410156,0.0001,1000.0,1652.466552734375,,
747520,1490,501,365,3955,16.1341833114624,0.020720627,-0.01889338712207973,0.17880859375,0.2,0.8947970867156982,0.10811641067266464,89.86234474182129,39.697452545166016,0.0001,1000.0,1629.6541748046875,,
749568,1494,501,366,3960,16.13515224456787,0.021124808,-0.01654780300450511,0.1498046875,0.2,0.8924280405044556,0.10812366753816605,89.72722969055175,37.30433654785156,0.0001,1000.0,1629.6541748046875,,
751616,1534,489,367,3965,16.135396862030028,0.011259424,-0.010467899881768971,0.0724609375,0.2,0.7747690677642822,0.10811951011419296,168.72457733154297,74.67733001708984,0.0001,1000.0,1629.6541748046875,250000,2.396875698869558
753664,1537,490,368,3970,16.138275337219238,0.017604344,-0.017278797714971005,0.11552734375,0.2,0.9021695256233215,0.10809135437011719,81.1399314880371,35.313350677490234,0.0001,1000.0,1660.598876953125,,
755712,1540,490,369,3975,16.14157075881958,0.018837811,-0.01790716138202697,0.13115234375,0.2,0.9312366843223572,0.10807961225509644,100.10138702392578,39.24232482910156,0.0001,1000.0,1650.4837646484375,,
757760,1543,490,370,3980,16.14334201812744,0.015765648,-0.017065107030794023,0.13486328125,0.2,0.9407366514205933,0.10807006061077118,69.44742450714111,32.10821533203125,0.0001,1000.0,1650.4837646484375,,
759808,1546,491,371,3985,16.14872827529907,0.017399544,-0.015998099045827986,0.13828125,0.2,0.9318986535072327,0.10804545134305954,56.60814533233643,22.072765350341797,0.0001,1000.0,1650.4837646484375,,
761856,1550,491,372,3990,16.153330421447755,0.015080356,-0.014038870600052178,0.118359375,0.2,0.9315909147262573,0.1080407127737999,56.184617042541504,20.925954818725586,0.0001,1000.0,1663.876708984375,,
763904,1553,491,373,3995,16.152451705932616,0.012184971,-0.013226689188741148,0.11044921875,0.2,0.9086320400238037,0.10805951803922653,92.3117073059082,39.57944869995117,0.0001,1000.0,1660.5458984375,,
765952,1556,492,374,4000,16.15038299560547,0.010462801,-0.01250021142186597,0.05654296875,0.2,0.8513268232345581,0.10806995630264282,210.1313491821289,82.41827392578125,0.0001,1000.0,1660.5458984375,,
768000,1559,492,375,4005,16.151017284393312,0.01699359,-0.016476182825863363,0.12236328125,0.2,0.9409404993057251,0.10805363208055496,102.26759643554688,38.373538970947266,0.0001,1000.0,1676.6500244140625,,
770048,1563,492,376,4010,16.15360221862793,0.016031891,-0.013835173891857266,0.10859375,0.2,0.9522407054901123,0.10804561525583267,73.34149723052978,26.707258224487305,0.0001,1000.0,1678.637451171875,,
772096,1566,492,377,4015,16.155915832519533,0.008314362,-0.007721780228894204,0.04453125,0.2,0.9333056807518005,0.10803955793380737,128.19688186645507,54.59648513793945,0.0001,1000.0,1666.4541015625,,
774144,1570,492,378,4020,16.15656986236572,0.012715107,-0.013775974221061915,0.09716796875,0.2,0.9548673629760742,0.10805801302194595,96.47094039916992,41.753753662109375,0.0001,1000.0,1666.4541015625,,
776192,1573,493,379,4025,16.155263233184815,0.015071368,-0.014685523486696184,0.10546875,0.2,0.9477550983428955,0.10806263238191605,99.34859657287598,41.218746185302734,0.0001,1000.0,1660.5350341796875,,
778240,1577,493,380,4030,16.156711101531982,0.012158223,-0.011224513733759522,0.08984375,0.2,0.9481267333030701,0.10806762427091599,102.76923789978028,41.536861419677734,0.0001,1000.0,1665.1600341796875,,
780288,1580,493,381,4035,16.156987285614015,0.0099922335,-0.010403582826256752,0.06005859375,0.2,0.823667049407959,0.10807088762521744,188.2774314880371,88.46653747558594,0.0001,1000.0,1639.1494140625,,
782336,1584,493,382,4040,16.15736026763916,0.012291623,-0.012284606037428602,0.06826171875,0.2,0.7845004796981812,0.10806771367788315,186.26391220092773,86.3712158203125,0.0001,1000.0,1639.1494140625,,
784384,1587,494,383,4045,16.157869815826416,0.010169096,-0.012600517715327442,0.0529296875,0.2,0.8285560607910156,0.10806173086166382,154.9627243041992,68.72802734375,0.0001,1000.0,1637.8857421875,,
786432,1590,494,384,4050,16.15764751434326,0.014026785,-0.014242297934833914,0.087890625,0.2,0.8269575834274292,0.10807418823242188,151.72391357421876,69.50392150878906,0.0001,1000.0,1627.594970703125,,
788480,1593,494,385,4055,16.156604957580566,0.01851385,-0.01558363538933918,0.10712890625,0.2,0.8440137505531311,0.10806462913751602,122.47021255493163,50.95674133300781,0.0001,1000.0,1606.2711181640625,,
790528,1596,495,386,4060,16.15955696105957,0.014386109,-0.015099948830902576,0.10859375,0.2,0.8374045491218567,0.10806307941675186,139.21731338500976,57.66862487792969,0.0001,1000.0,1606.2711181640625,,
792576,1600,495,387,4065,16.160788822174073,0.0137835415,-0.012976920255459845,0.08466796875,0.2,0.9095159769058228,0.10805020481348038,88.32682151794434,37.59712219238281,0.0001,1000.0,1602.072509765625,,
794624,1603,495,388,4070,16.16462173461914,0.013493273,-0.01328827888937667,0.0982421875,0.2,0.880916178226471,0.10803057998418808,121.3837059020996,53.62836837768555,0.0001,999.61,1613.1387939453125,,
796672,1606,495,389,4075,16.168243408203125,0.0071122334,-0.008353269565850497,0.029296875,0.2,0.7821642160415649,0.10802219808101654,293.7727210998535,101.8798599243164,0.0001,999.61,1613.1387939453125,,
798720,1609,496,390,4080,16.169791316986085,0.011385057,-0.010901369946077466,0.05,0.2,0.925204336643219,0.10801143199205399,74.84384937286377,28.318391799926758,0.0001,999.61,1613.1387939453125,,
800768,1613,496,391,4085,16.172139167785645,0.0109088905,-0.008259789180010557,0.07294921875,0.2,0.9472918510437012,0.1080034002661705,62.97684211730957,24.907711029052734,0.0001,999.61,1638.13720703125,,
802816,1616,496,392,4090,16.17470579147339,0.01878816,-0.018380811577662824,0.16796875,0.2,0.9550585746765137,0.10797199606895447,62.39828643798828,29.59895896911621,0.0001,999.61,1624.07177734375,,
804864,1619,496,393,4095,16.179713344573976,0.015351373,-0.011201036698184907,0.11787109375,0.2,0.9490609169006348,0.10794375836849213,66.79444065093995,25.23560333251953,0.0001,999.61,1624.07177734375,,
806912,1622,497,394,4100,16.18387861251831,0.012791336,-0.01145125690381974,0.0943359375,0.2,0.9531623125076294,0.10791954398155212,72.65813655853272,30.458223342895508,0.0001,999.61,1624.07177734375,,
808960,1626,497,395,4105,16.185607528686525,0.014061702,-0.013854769512545318,0.12939453125,0.2,0.9596557021141052,0.10791538655757904,61.63440837860107,24.606626510620117,0.0001,999.61,1665.0028076171875,,
811008,1629,497,396,4110,16.18348789215088,0.017851332,-0.017498141730902715,0.1640625,0.2,0.9361650347709656,0.1079406589269638,91.2073299407959,41.141876220703125,0.0001,999.61,1645.6036376953125,,
813056,1632,497,397,4115,16.17817678451538,0.012780856,-0.010553206328768282,0.11220703125,0.2,0.8729727268218994,0.10796623677015305,198.46040878295898,94.27920532226562,0.0001,999.61,1645.6036376953125,,
815104,1635,498,398,4120,16.175718212127684,0.021983607,-0.017323011945700274,0.14638671875,0.2,0.927216649055481,0.10796572268009186,95.64372940063477,45.58879470825195,0.0001,999.61,1645.6036376953125,,
817152,1639,498,399,4125,16.17867441177368,0.015158353,-0.013789283530786633,0.12099609375,0.2,0.9476085901260376,0.1079428568482399,80.31022033691406,29.898839950561523,0.0001,999.61,1662.0748291015625,,
819200,1643,498,400,4130,16.1836256980896,0.016955514,-0.016027565719559787,0.15166015625,0.2,0.9070466160774231,0.10792585462331772,121.55087051391601,53.78046417236328,0.0001,999.61,1654.3765869140625,,
821248,1647,498,401,4135,16.185707092285156,0.013709157,-0.011393279419280589,0.0896484375,0.2,0.8609936833381653,0.10791749507188797,136.7829734802246,57.03959274291992,0.0001,999.61,1654.3765869140625,,
823296,1650,498,402,4140,16.1864652633667,0.015099941,-0.01147068829741329,0.078125,0.2,0.8242641687393188,0.10791973024606705,181.21462326049806,77.76750946044922,0.0001,999.61,1654.3765869140625,,
825344,1654,498,403,4145,16.18519458770752,0.010804383,-0.011801234917948022,0.064453125,0.2,0.8434749841690063,0.10791821032762527,189.24902877807617,83.09496307373047,0.0001,999.61,1660.3375244140625,,
827392,1658,498,404,4150,16.186011791229248,0.0151775675,-0.018258733744733035,0.123828125,0.2,0.8121457099914551,0.1079021766781807,144.50423049926758,63.207637786865234,0.0001,999.61,1644.73974609375,,
829440,1661,499,405,4155,16.18697557449341,0.01614024,-0.015961697563761847,0.1404296875,0.2,0.7392038106918335,0.10788796097040176,85.12054481506348,36.73758316040039,0.0001,999.61,1644.73974609375,,
831488,1665,499,406,4160,16.1877854347229,0.017933408,-0.01772659211419523,0.14052734375,0.2,0.6904476881027222,0.1078810915350914,80.52005653381347,32.7562255859375,0.0001,999.61,1644.73974609375,,
833536,1669,499,407,4165,16.1889799118042,0.016990481,-0.01743526766076684,0.138671875,0.2,0.7202485799789429,0.10786832123994827,88.29129257202149,34.335906982421875,0.0001,999.61,1651.3990478515625,,
835584,1672,499,408,4170,16.190793800354005,0.016155194,-0.014065046631731092,0.11513671875,0.2,0.8571383953094482,0.1078634113073349,126.64569931030273,56.87850570678711,0.0001,999.61,1640.3662109375,,
837632,1675,499,409,4175,16.192361068725585,0.014912285,-0.01704397271387279,0.134375,0.2,0.9177526831626892,0.1078481450676918,117.83608932495117,53.18288040161133,0.0001,999.61,1640.3662109375,,
839680,1678,500,410,4180,16.194592094421388,0.0152905,-0.015722783328965307,0.13134765625,0.2,0.9275684356689453,0.10783903300762177,91.9306640625,38.12518310546875,0.0001,999.61,1640.3662109375,,
841728,1682,500,411,4185,16.195971298217774,0.013803431,-0.016290669376030565,0.121875,0.2,0.9364895820617676,0.10784225910902023,82.57493286132812,32.169673919677734,0.0001,999.61,1643.2779541015625,,
843776,1685,500,412,4190,16.194920825958253,0.014416031,-0.015017108246684074,0.110546875,0.2,0.8292778730392456,0.10786376148462296,123.74286079406738,49.56306838989258,0.0001,999.61,1633.391357421875,,
845824,1688,500,413,4195,16.191336154937744,0.01514478,-0.014626774122007191,0.09990234375,0.2,0.8724504113197327,0.10788943618535995,85.26009712219238,37.21516799926758,0.0001,999.61,1633.391357421875,,
847872,1691,501,414,4200,16.18915958404541,0.020114139,-0.017413696693256497,0.15390625,0.2,0.8971836566925049,0.10791517794132233,65.89754333496094,25.360103607177734,0.0001,999.61,1633.391357421875,,
849920,1695,501,415,4205,16.187313747406005,0.02079965,-0.018292794952867553,0.1763671875,0.2,0.9026792049407959,0.10791303962469101,60.93770866394043,25.514236450195312,0.0001,999.61,1643.057373046875,,
851968,1699,501,416,4210,16.187748622894286,0.01463766,-0.009685972501756623,0.10380859375,0.2,0.8174588680267334,0.10789528489112854,120.36325607299804,54.37839126586914,0.0001,999.61,1628.705322265625,,
854016,1702,501,417,4215,16.18895788192749,0.011770321,-0.010896927525755018,0.07890625,0.2,0.8931390047073364,0.10790291428565979,68.11916790008544,24.893512725830078,0.0001,999.61,1628.705322265625,,
856064,1705,501,418,4220,16.18848361968994,0.017220331,-0.017047731723869218,0.14072265625,0.2,0.8868993520736694,0.10788526386022568,55.46621742248535,21.522422790527344,0.0001,999.61,1643.40234375,,
858112,1708,502,419,4225,16.19295711517334,0.013556097,-0.01473908096086234,0.11669921875,0.2,0.8865184187889099,0.1078774556517601,81.67836837768554,33.62024688720703,0.0001,999.61,1637.215576171875,,
860160,1712,502,420,4230,16.193503284454344,0.01745795,-0.016021619248203934,0.1228515625,0.2,0.9505249857902527,0.10787362605333328,92.38647422790527,36.25897216796875,0.0001,999.61,1620.346923828125,,
862208,1715,502,421,4235,16.195476627349855,0.017065477,-0.015583356679417192,0.1291015625,0.2,0.9450757503509521,0.10786961019039154,109.01213150024414,39.715972900390625,0.0001,999.61,1620.346923828125,,
864256,1718,502,422,4240,16.197183036804198,0.011892388,-0.012894186633639037,0.0853515625,0.2,0.9570963978767395,0.10787910968065262,98.56103477478027,38.238094329833984,0.0001,999.61,1651.97509765625,,
866304,1722,502,423,4245,16.198252296447755,0.015013948,-0.018427455611526967,0.1224609375,0.2,0.957370400428772,0.10787283629179001,84.95180435180664,35.580081939697266,0.0001,999.61,1632.580810546875,,
868352,1725,503,424,4250,16.20139789581299,0.015835214,-0.01425943017238751,0.11484375,0.2,0.9426764845848083,0.1078694760799408,89.60098228454589,38.36050033569336,0.0001,999.61,1632.580810546875,,
870400,1728,503,425,4255,16.203687477111817,0.013451152,-0.011935422522947192,0.09716796875,0.2,0.827404260635376,0.10784862190485,168.86626358032225,70.30136108398438,0.0001,999.61,1632.580810546875,,
872448,1731,503,426,4260,16.208174800872804,0.018940486,-0.0155000526283402,0.1458984375,0.2,0.8616158962249756,0.10783027112483978,134.4333637237549,63.276268005371094,0.0001,999.61,1660.725341796875,,
874496,1735,503,427,4265,16.20859489440918,0.012881323,-0.01363890313077718,0.11865234375,0.2,0.8605365753173828,0.10782905668020248,130.55581550598146,52.99800491333008,0.0001,999.61,1648.399658203125,,
876544,1738,504,428,4270,16.20740213394165,0.018198099,-0.015568624436855315,0.1361328125,0.2,0.45812004804611206,0.10781712085008621,177.95434341430663,84.76657104492188,0.0001,999.61,1648.399658203125,,
878592,1741,504,429,4275,16.208644008636476,0.02010022,-0.017251928767655043,0.16279296875,0.2,0.792650043964386,0.10782324522733688,119.71422004699707,49.89603042602539,0.0001,999.61,1648.399658203125,,
880640,1744,504,430,4280,16.209303092956542,0.01570012,-0.01614447683095932,0.1525390625,0.2,0.8172523975372314,0.10780339688062668,110.2260986328125,49.06087875366211,0.0001,999.61,1671.0316162109375,,
882688,1748,504,431,4285,16.212886619567872,0.020716943,-0.01615082658827305,0.16396484375,0.2,0.8539422750473022,0.1078120768070221,96.16776123046876,41.24878692626953,0.0001,999.61,1652.802490234375,,
884736,1751,505,432,4290,16.209520053863525,0.016112652,-0.013376555242575704,0.12119140625,0.2,0.8369227647781372,0.10782816261053085,116.71564483642578,48.41633987426758,0.0001,999.61,1652.802490234375,,
886784,1754,505,433,4295,16.20795831680298,0.013856413,-0.013508532382547855,0.09833984375,0.2,0.7282093167304993,0.1078314557671547,154.52484474182128,63.755409240722656,0.0001,999.61,1652.802490234375,,
888832,1758,505,434,4300,16.206666660308837,0.013360369,-0.014571255445480347,0.08251953125,0.2,0.8580986261367798,0.10784274339675903,76.85490169525147,31.232709884643555,0.0001,999.61,1679.18115234375,,
890880,1762,505,435,4305,16.20343723297119,0.016538627,-0.01659063333645463,0.1158203125,0.2,0.8925274610519409,0.10786643624305725,72.85377368927001,27.890092849731445,0.0001,999.61,1670.99462890625,,
892928,1765,505,436,4310,16.203237056732178,0.019075494,-0.01721332622691989,0.1521484375,0.2,0.9124873280525208,0.10783914476633072,31.78271827697754,12.031469345092773,0.0001,999.61,1670.99462890625,,
894976,1768,505,437,4315,16.208601474761963,0.013029491,-0.01409561870386824,0.0943359375,0.2,0.8968015313148499,0.10781770944595337,64.52311916351319,24.134828567504883,0.0001,999.61,1670.99462890625,,
897024,1772,506,438,4320,16.21042881011963,0.014811705,-0.013592152600176632,0.1083984375,0.2,0.9161486625671387,0.10778936743736267,41.554918956756595,15.428058624267578,0.0001,1000.0,1675.759033203125,,
899072,1775,506,439,4325,16.215351486206053,0.020863172,-0.015359303064178676,0.14716796875,0.2,0.9046790599822998,0.10774555057287216,64.30285987854003,31.945043563842773,0.0001,998.83,1670.35791015625,,
901120,1779,506,440,4330,16.22198829650879,0.010940565,-0.005865845608059317,0.0845703125,0.2,0.5984161496162415,0.10772693902254105,356.8698337554932,169.1707305908203,0.0001,998.83,1670.35791015625,,
903168,1782,506,441,4335,16.222523498535157,0.0141709745,-0.015015996294096112,0.0890625,0.2,0.8996205925941467,0.10773156583309174,92.53570518493652,39.18537902832031,0.0001,998.83,1670.35791015625,,
905216,1786,506,442,4340,16.221862506866454,0.010391213,-0.012349861860275268,0.06357421875,0.2,0.9306274056434631,0.1077166497707367,55.25658187866211,19.645679473876953,0.0001,998.83,1670.8375244140625,,
907264,1789,506,443,4345,16.223121929168702,0.021210447,-0.01726237889379263,0.154296875,0.2,0.892389714717865,0.10771579295396805,98.47172660827637,42.979496002197266,0.0001,998.83,1657.5126953125,,
909312,1792,507,444,4350,16.220852851867676,0.020936133,-0.015722624224144964,0.14345703125,0.2,0.6123407483100891,0.10771599411964417,206.5769515991211,91.80906677246094,0.0001,998.83,1657.5126953125,,
911360,1795,507,445,4355,16.22201986312866,0.014518776,-0.013998213852755726,0.0986328125,0.2,0.7274192571640015,0.1077021062374115,156.25857543945312,69.59357452392578,0.0001,998.83,1657.5126953125,,
913408,1799,507,446,4360,16.224065494537353,0.009746204,-0.01073696413077414,0.04765625,0.2,0.7351959943771362,0.10770431160926819,165.41158599853514,74.34996032714844,0.0001,998.83,1635.7432861328125,,
915456,1802,507,447,4365,16.22274742126465,0.021491867,-0.020492889126762746,0.16875,0.2,0.9271128177642822,0.10773677378892899,82.87123756408691,38.273738861083984,0.0001,998.83,1635.7432861328125,,
917504,1805,508,448,4370,16.21954174041748,0.015590074,-0.015163409255910665,0.11748046875,0.2,0.9387736916542053,0.10773700475692749,83.8916862487793,34.87013626098633,0.0001,998.83,1635.7432861328125,,
919552,1808,508,449,4375,16.22000503540039,0.020087793,-0.017265203455463052,0.1375,0.2,0.9471555352210999,0.10773937404155731,60.29340038299561,25.481107711791992,0.0001,998.83,1635.7432861328125,,
921600,1812,508,450,4380,16.22021017074585,0.018981317,-0.017937340401113035,0.13115234375,0.2,0.9573007225990295,0.10774238407611847,58.865860557556154,23.13936996459961,0.0001,998.83,1623.00732421875,,
923648,1816,508,451,4385,16.218711948394777,0.018135363,-0.019454536261036992,0.17138671875,0.2,0.9485993981361389,0.10774513334035873,60.33498992919922,27.963279724121094,0.0001,998.83,1623.00732421875,,
925696,1819,508,452,4390,16.219095993041993,0.0139663005,-0.012453660741448403,0.12431640625,0.2,0.9291495084762573,0.10772738605737686,101.06731491088867,42.619625091552734,0.0001,998.83,1623.00732421875,,
927744,1822,508,453,4395,16.222120571136475,0.013152006,-0.015133807435631752,0.13330078125,0.2,0.9428797960281372,0.10770367085933685,73.60386791229249,29.8575496673584,0.0001,998.83,1623.00732421875,,
929792,1828,508,454,4400,16.22445116043091,0.019835254,-0.01986534574534744,0.18994140625,0.2,0.9620133638381958,0.10769563168287277,56.92592144012451,23.601581573486328,0.0001,998.83,1631.6240234375,,
931840,1833,508,455,4405,16.22350959777832,0.019658573,-0.017039070022292435,0.1599609375,0.2,0.9210578203201294,0.10772651433944702,112.91735610961913,46.35841751098633,0.0001,998.83,1631.6240234375,,
933888,1836,508,456,4410,16.219008255004884,0.016172497,-0.013769628247246146,0.13232421875,0.2,0.9000469446182251,0.10773851722478867,115.27629623413085,49.10765075683594,0.0001,998.83,1631.6240234375,,
935936,1839,508,457,4415,16.217949771881102,0.014181526,-0.014735898503568023,0.09912109375,0.2,0.9244468212127686,0.10774008929729462,102.01871719360352,36.87531280517578,0.0001,998.83,1631.6240234375,,
937984,1844,508,458,4420,16.2191632270813,0.017286936,-0.0164743714267388,0.108203125,0.2,0.9656549096107483,0.10773096233606339,57.2098482131958,21.37302589416504,0.0001,998.83,1648.291259765625,,
940032,1847,508,459,4425,16.223626804351806,0.016479686,-0.014467599871568381,0.11962890625,0.2,0.9088449478149414,0.10771181434392929,89.8948299407959,37.284942626953125,0.0001,998.83,1648.291259765625,,
942080,1851,508,460,4430,16.226388263702393,0.020060292,-0.017127641255501657,0.1296875,0.2,0.9376330375671387,0.10770264267921448,62.09734344482422,26.232330322265625,0.0001,998.83,1648.291259765625,,
944128,1855,508,461,4435,16.226743316650392,0.012233158,-0.014304758212529124,0.065234375,0.2,0.9171739816665649,0.10769501328468323,108.98917045593262,43.508636474609375,0.0001,998.83,1680.6444091796875,,
946176,1859,508,462,4440,16.22956428527832,0.01673522,-0.01694195014424622,0.1064453125,0.2,0.9422383904457092,0.10768959671258926,86.74898834228516,35.3415641784668,0.0001,998.83,1668.6995849609375,,
948224,1862,509,463,4445,16.232148551940917,0.009470223,-0.011773058492690325,0.04716796875,0.2,0.8743095993995667,0.10768378525972366,190.84623031616212,76.54533386230469,0.0001,998.83,1668.6995849609375,,
950272,1865,509,464,4450,16.233051586151124,0.008475944,-0.01038369545713067,0.0501953125,0.2,0.7926129698753357,0.1076785996556282,203.58097763061522,87.8929214477539,0.0001,998.83,1668.6995849609375,,
952320,1869,509,465,4455,16.233721446990966,0.01314298,-0.014262771257199347,0.08486328125,0.2,0.8683674335479736,0.10766500234603882,145.5057357788086,63.83158874511719,0.0001,998.83,1666.9881591796875,,
954368,1872,509,466,4460,16.235170459747316,0.012766335,-0.012926137866452336,0.0853515625,0.2,0.9139385223388672,0.1076609194278717,124.33372764587402,56.721229553222656,0.0001,998.83,1649.591064453125,,
956416,1875,509,467,4465,16.235218238830566,0.015893862,-0.01459257558453828,0.11376953125,0.2,0.9460879564285278,0.10765820741653442,103.28636245727539,42.26187515258789,0.0001,998.83,1649.591064453125,,
958464,1878,510,468,4470,16.234305381774902,0.0107407775,-0.012883426342159509,0.07099609375,0.2,0.9468072056770325,0.10767226666212082,84.19053554534912,30.310287475585938,0.0001,998.83,1649.591064453125,,
960512,1882,510,469,4475,16.231582927703858,0.012861927,-0.012983774184249341,0.1162109375,0.2,0.9489495158195496,0.10768241435289383,89.39977836608887,36.81315994262695,0.0001,998.83,1661.124267578125,,
962560,1886,510,470,4480,16.228989028930663,0.017367385,-0.01907409217674285,0.149609375,0.2,0.9710978865623474,0.10771411657333374,65.0556718826294,25.049924850463867,0.0001,998.83,1627.35546875,,
964608,1889,510,471,4485,16.225229930877685,0.015189007,-0.01635182830505073,0.15205078125,0.2,0.9393354058265686,0.10771652311086655,100.0389305114746,49.49057388305664,0.0001,998.83,1627.35546875,,
966656,1892,510,472,4490,16.226743316650392,0.019633446,-0.01731359667610377,0.1486328125,0.2,0.9297258853912354,0.1076965183019638,91.64955520629883,32.564117431640625,0.0001,998.83,1627.35546875,,
968704,1896,510,473,4495,16.228046131134032,0.017531259,-0.015674385707825422,0.1509765625,0.2,0.9509469866752625,0.10768896341323853,67.21749858856201,28.736757278442383,0.0001,998.83,1662.7626953125,,
970752,1900,510,474,4500,16.230141735076906,0.019082047,-0.01743132109986618,0.1453125,0.2,0.9573996663093567,0.10766991972923279,58.63559093475342,25.54727554321289,0.0001,998.83,1644.8455810546875,,
972800,1903,511,475,4505,16.23475065231323,0.015492559,-0.01250427570194006,0.1029296875,0.2,0.7770499587059021,0.10766473412513733,165.20345230102538,74.06029510498047,0.0001,998.83,1644.8455810546875,,
974848,1906,511,476,4510,16.23472204208374,0.012157844,-0.012095007789321243,0.06923828125,0.2,0.8133856058120728,0.10766927897930145,170.62675704956055,67.73164367675781,0.0001,998.83,1644.8455810546875,,
976896,1910,511,477,4515,16.234340763092042,0.013637681,-0.013250334071926773,0.07646484375,0.2,0.7357901334762573,0.10766381025314331,185.08172988891602,74.95787048339844,0.0001,998.83,1646.0445556640625,,
978944,1914,511,478,4520,16.235037517547607,0.01224921,-0.013744361826684325,0.08125,0.2,0.8393252491950989,0.10765597969293594,141.22303047180176,62.66074752807617,0.0001,998.83,1626.82275390625,,
980992,1917,511,479,4525,16.234974479675294,0.012484463,-0.010792290256358684,0.08125,0.2,0.8631847500801086,0.10764575004577637,133.88895111083986,60.22887420654297,0.0001,998.83,1626.82275390625,,
983040,1920,511,480,4530,16.237023067474365,0.016857387,-0.014492048369720577,0.10439453125,0.2,0.8956429362297058,0.10762744396924973,108.22770690917969,47.11248779296875,0.0001,998.83,1626.82275390625,,
985088,1924,511,481,4535,16.239959621429442,0.013133946,-0.013803393649868666,0.102734375,0.2,0.930007815361023,0.1076095849275589,95.8200527191162,36.67266082763672,0.0001,998.83,1659.2266845703125,,
987136,1927,512,482,4540,16.24222011566162,0.015622635,-0.01369754386250861,0.1376953125,0.2,0.9308601021766663,0.10760591179132462,72.2219316482544,31.800125122070312,0.0001,998.83,1651.655029296875,,
989184,1930,512,483,4545,16.242461109161376,0.0154433325,-0.015169391687959433,0.09970703125,0.2,0.8173564672470093,0.10760613530874252,103.41439094543458,41.74331283569336,0.0001,998.83,1651.655029296875,,
991232,1933,512,484,4550,16.241598701477052,0.007291403,-0.007676489616278559,0.02763671875,0.2,0.8079818487167358,0.10760907083749771,124.29349822998047,47.745750427246094,0.0001,998.83,1651.655029296875,,
993280,1937,512,485,4555,16.240949630737305,0.016521445,-0.015350137883797289,0.1072265625,0.2,0.8306378126144409,0.10760721564292908,96.68965339660645,36.57194137573242,0.0001,998.83,1667.3857421875,,
995328,1941,512,486,4560,16.24183044433594,0.020638743,-0.018121395958587527,0.1486328125,0.2,0.8932597041130066,0.10759860277175903,94.7723445892334,40.761871337890625,0.0001,998.83,1657.86181640625,,
997376,1945,512,487,4565,16.241239738464355,0.015598702,-0.01758236230816692,0.11259765625,0.2,0.8268901109695435,0.10759244114160538,157.3481086730957,67.078857421875,0.0001,998.83,1657.86181640625,,
999424,1948,513,488,4570,16.24235773086548,0.014529006,-0.014955016016028822,0.1087890625,0.2,0.8569615483283997,0.10758231580257416,124.15247650146485,51.533939361572266,0.0001,998.83,1657.86181640625,,
1001472,1988,503,489,4575,16.244894981384277,0.01454635,-0.012120952736586333,0.08154296875,0.2,0.7772151231765747,0.10757363587617874,151.30306167602538,66.67623138427734,0.0001,1000.0,1641.473388671875,250000,2.292839887553751
1003520,1990,504,490,4580,16.245169162750244,0.008090675,-0.007287143263965845,0.03818359375,0.2,0.8401403427124023,0.10757679492235184,141.08971557617187,58.06584167480469,0.0001,1000.0,1641.473388671875,,
1005568,1994,504,491,4585,16.244244480133055,0.010369499,-0.00849855097476393,0.05302734375,0.2,0.6451966762542725,0.10758268088102341,194.19825973510743,76.83025360107422,0.0001,1000.0,1641.473388671875,,
1007616,1997,504,492,4590,16.243457317352295,0.0071049863,-0.007874328433535993,0.025390625,0.2,0.8086637854576111,0.10758665949106216,129.94758796691895,53.34663391113281,0.0001,1000.0,1641.473388671875,,
