time/fps,time/iterations,time/time_elapsed,time/total_timesteps,train/std,train/value_loss,train/n_updates,train/clip_fraction,train/entropy_loss,train/learning_rate,train/approx_kl,train/clip_range,train/explained_variance,train/policy_gradient_loss,train/loss,rollout/ep_rew_mean,rollout/ep_len_mean
427,1,4,2048,,,,,,,,,,,,,
450,2,9,4096,1.00052011013031,100.67150535583497,5,0.03544921875,-25.546324253082275,0.0003,0.008041526,0.2,-0.0055048465728759766,-0.02258329747710377,45.487396240234375,,
461,3,13,6144,1.0003925561904907,91.48154296875,10,0.008984375,-25.54968090057373,0.0003,0.0044717197,0.2,-0.0102311372756958,-0.012994762393645942,41.79520034790039,,
432,4,18,8192,1.000105857849121,86.86145973205566,15,0.0052734375,-25.545311832427977,0.0003,0.0036555636,0.2,-0.013040423393249512,-0.012194182496750727,37.79282760620117,603.7547607421875,1000.0
434,5,23,10240,1.0001881122589111,77.71053428649903,20,0.0048828125,-25.542752838134767,0.0003,0.0033767805,0.2,-0.016526103019714355,-0.010739645850844682,32.08259201049805,603.7547607421875,1000.0
439,6,27,12288,1.0001474618911743,139.88178176879882,25,0.00107421875,-25.543958377838134,0.0003,0.0021647718,0.2,-0.036177873611450195,-0.007724130293354392,62.195796966552734,603.7547607421875,1000.0
443,7,32,14336,0.9996505379676819,126.4211441040039,30,0.000390625,-25.539931774139404,0.0003,0.0017056502,0.2,-0.026612401008605957,-0.008067741408012807,54.36418914794922,603.7547607421875,1000.0
425,8,38,16384,0.999322772026062,119.19003410339356,35,0.0001953125,-25.531104373931885,0.0003,0.0015294868,0.2,-0.0664902925491333,-0.007817921019159258,51.47721862792969,688.9403076171875,1000.0
423,9,43,18432,0.99904865026474,97.14583244323731,40,9.765625e-05,-25.526452350616456,0.0003,0.0014763671,0.2,-0.044075727462768555,-0.006779786566039547,40.34701156616211,688.9403076171875,1000.0
425,10,48,20480,0.9991443157196045,73.19939346313477,45,0.001171875,-25.52352590560913,0.0003,0.0021371013,0.2,-0.08755576610565186,-0.009713170561008155,30.648452758789062,688.9403076171875,1000.0
425,11,52,22528,0.9985010623931885,66.4504997253418,50,0.00029296875,-25.521493434906006,0.0003,0.0019010577,0.2,-0.051753997802734375,-0.00789935130160302,26.59343147277832,688.9403076171875,1000.0
417,12,58,24576,0.9980361461639404,61.299934768676756,55,0.0013671875,-25.50835075378418,0.0003,0.0022193596,0.2,-0.06788837909698486,-0.008410976361483335,25.361549377441406,671.6416625976562,1000.0
421,13,63,26624,0.997771143913269,57.55514659881592,60,0.0015625,-25.503152465820314,0.0003,0.0024279277,0.2,-0.04986560344696045,-0.009381823032163084,24.602575302124023,671.6416625976562,1000.0
426,14,67,28672,0.9973017573356628,70.03223342895508,65,0.00146484375,-25.496572494506836,0.0003,0.0020914373,0.2,-0.040976881980895996,-0.007770799589343369,32.473876953125,671.6416625976562,1000.0
432,15,71,30720,0.9974538087844849,66.32856616973876,70,0.0013671875,-25.491714859008788,0.0003,0.0024502631,0.2,-0.028962373733520508,-0.010531273763626814,29.830339431762695,671.6416625976562,1000.0
430,16,76,32768,0.9977291822433472,63.24581336975098,75,0.00263671875,-25.4976056098938,0.0003,0.0026393519,0.2,-0.023165345191955566,-0.010113102570176124,29.40439224243164,670.1953735351562,1000.0
435,17,79,34816,0.9973543882369995,57.7724645614624,80,0.001953125,-25.497547912597657,0.0003,0.0027625016,0.2,-0.0224229097366333,-0.009187913523055613,25.544788360595703,670.1953735351562,1000.0
439,18,83,36864,0.996805727481842,63.26302299499512,85,0.00048828125,-25.487753486633302,0.0003,0.0021185677,0.2,-0.01758098602294922,-0.008587333466857671,27.12867546081543,670.1953735351562,1000.0
443,19,87,38912,0.9960301518440247,57.86553478240967,90,0.0021484375,-25.476687717437745,0.0003,0.0026612575,0.2,-0.02007615566253662,-0.010077856434509157,27.080825805664062,670.1953735351562,1000.0
439,20,93,40960,0.9952743053436279,54.96457080841064,95,0.00380859375,-25.46209650039673,0.0003,0.0031386102,0.2,-0.011118173599243164,-0.010778069694060833,24.408206939697266,677.8048095703125,1000.0
443,21,96,43008,0.9949361085891724,40.51952133178711,100,0.01318359375,-25.451437091827394,0.0003,0.0051126825,0.2,-0.01127016544342041,-0.014739586121868343,17.79210662841797,677.8048095703125,1000.0
447,22,100,45056,0.994970977306366,28.824392127990723,105,0.01845703125,-25.448577404022217,0.0003,0.0061383964,0.2,-0.016063928604125977,-0.014793422946240753,12.539277076721191,677.8048095703125,1000.0
450,23,104,47104,0.9947452545166016,26.38200149536133,110,0.018359375,-25.44839563369751,0.0003,0.006001979,0.2,-0.015634536743164062,-0.014515809621661902,10.942652702331543,677.8048095703125,1000.0
448,24,109,49152,0.9940094351768494,24.262365913391115,115,0.028125,-25.439369678497314,0.0003,0.0075812163,0.2,-0.0139542818069458,-0.01675815989729017,10.371381759643555,660.3905639648438,1000.0
451,25,113,51200,0.99296635389328,31.104072284698486,120,0.0181640625,-25.42346935272217,0.0003,0.006258415,0.2,-0.013698220252990723,-0.016993164643645288,13.744722366333008,660.3905639648438,1000.0
454,26,117,53248,0.9925217032432556,35.806622695922854,125,0.0134765625,-25.40771245956421,0.0003,0.005266396,0.2,-0.010649800300598145,-0.013810940622352063,15.721216201782227,660.3905639648438,1000.0
455,27,121,55296,0.9928491115570068,33.04447889328003,130,0.0224609375,-25.406335639953614,0.0003,0.006337857,0.2,-0.009660720825195312,-0.016790577874053268,14.87256908416748,660.3905639648438,1000.0
453,28,126,57344,0.9930784702301025,30.753983783721925,135,0.02353515625,-25.412969303131103,0.0003,0.0068186247,0.2,-0.00855708122253418,-0.017090289969928563,13.007527351379395,658.9315795898438,1000.0
456,29,130,59392,0.9924471378326416,40.849511337280276,140,0.012109375,-25.41044702529907,0.0003,0.0050061634,0.2,-0.0077332258224487305,-0.012396308791358024,18.502052307128906,658.9315795898438,1000.0
458,30,134,61440,0.9919283986091614,46.458939933776854,145,0.00927734375,-25.3975998878479,0.0003,0.004748692,0.2,-0.0064612627029418945,-0.013299971260130406,21.568405151367188,658.9315795898438,1000.0
460,31,137,63488,0.9920029044151306,42.32059097290039,150,0.00869140625,-25.393910789489745,0.0003,0.0041732173,0.2,-0.008287191390991211,-0.012361315288580954,19.796592712402344,658.9315795898438,1000.0
459,32,142,65536,0.9911079406738281,41.598450088500975,155,0.01455078125,-25.389024829864503,0.0003,0.0055526723,0.2,-0.0050765275955200195,-0.014955750713124872,18.485698699951172,665.7528686523438,1000.0
460,33,146,67584,0.9898572564125061,24.449525356292725,160,0.0365234375,-25.36816816329956,0.0003,0.008910941,0.2,-0.007996439933776855,-0.018046330939978362,10.461127281188965,665.7528686523438,1000.0
462,34,150,69632,0.9883572459220886,20.16794834136963,165,0.05966796875,-25.343352127075196,0.0003,0.012288003,0.2,-0.009088277816772461,-0.02000044237356633,8.033848762512207,665.7528686523438,1000.0
464,35,154,71680,0.9865286350250244,18.9830943107605,170,0.0548828125,-25.312819385528563,0.0003,0.011354124,0.2,-0.005823731422424316,-0.01852898800279945,8.018820762634277,665.7528686523438,1000.0
462,36,159,73728,0.9852286577224731,17.381948518753052,175,0.065234375,-25.283139324188234,0.0003,0.013009809,0.2,-0.004531145095825195,-0.02102578168269247,7.8623948097229,656.4457397460938,1000.0
463,37,163,75776,0.9845139980316162,6.348112630844116,180,0.169921875,-25.265040397644043,0.0003,0.026727287,0.2,-0.008161783218383789,-0.02989380042999983,2.820502996444702,656.4457397460938,1000.0
465,38,167,77824,0.9823743104934692,5.1581648826599125,185,0.21435546875,-25.239725589752197,0.0003,0.03393681,0.2,-0.004865407943725586,-0.032265186728909614,2.407806158065796,656.4457397460938,1000.0
466,39,171,79872,0.9815394878387451,4.794709193706512,190,0.23798828125,-25.212180805206298,0.0003,0.03959422,0.2,-0.0029295682907104492,-0.028859904780983926,2.4200477600097656,656.4457397460938,1000.0
465,40,176,81920,0.9803314208984375,4.806846666336059,195,0.20869140625,-25.188616847991945,0.0003,0.027619965,0.2,-0.005784869194030762,-0.02098238740582019,2.1812524795532227,636.6444091796875,1000.0
466,41,179,83968,0.9799813032150269,14.231426239013672,200,0.1326171875,-25.173373317718507,0.0003,0.017025016,0.2,-0.005692481994628906,0.0025194332003593443,6.055880546569824,636.6444091796875,1000.0
467,42,183,86016,0.979882538318634,10.61055655479431,205,0.00029296875,-25.169887447357176,0.0003,0.0011756086,0.2,-0.007310390472412109,-0.006999778724275529,4.591558456420898,636.6444091796875,1000.0
465,43,189,88064,0.9797855019569397,9.697326636314392,210,0.0,-25.16812915802002,0.0003,0.0011909872,0.2,-0.004768848419189453,-0.006455120397731662,4.086846351623535,634.930419921875,1000.0
466,44,192,90112,0.9795812964439392,8.064369583129883,215,0.0001953125,-25.165811252593993,0.0003,0.0018111177,0.2,-0.0027322769165039062,-0.00743239184957929,3.669232130050659,634.930419921875,1000.0
468,45,196,92160,0.9792511463165283,8.425591731071473,220,0.00576171875,-25.161039733886717,0.0003,0.0038726744,0.2,-0.006182312965393066,-0.011736149643547833,3.35663104057312,634.930419921875,1000.0
469,46,200,94208,0.9788830280303955,7.137618565559388,225,0.04130859375,-25.154824352264406,0.0003,0.009776808,0.2,-0.00393068790435791,-0.01898210570216179,3.3125150203704834,634.930419921875,1000.0
468,47,205,96256,0.9783909916877747,6.72718575000763,230,0.07939453125,-25.147712993621827,0.0003,0.014903888,0.2,-0.004767179489135742,-0.018866310780867934,3.2195112705230713,626.1760864257812,1000.0
469,48,209,98304,0.978032112121582,6.962630414962769,235,0.098828125,-25.1367546081543,0.0003,0.015299725,0.2,-0.0037336349487304688,-0.0164020705036819,3.0360708236694336,626.1760864257812,1000.0
470,49,213,100352,0.9781901240348816,15.601120853424073,240,0.070703125,-25.136544132232665,0.0003,0.010261237,0.2,-0.0026918649673461914,-0.003762518125586212,6.953580379486084,626.1760864257812,1000.0
471,50,217,102400,0.9783198833465576,13.28933506011963,245,0.001171875,-25.138075351715088,0.0003,0.002220469,0.2,-0.002282261848449707,-0.009434715122915804,5.977750301361084,626.1760864257812,1000.0
470,51,222,104448,0.9780296683311462,12.215425109863281,250,0.00126953125,-25.1381724357605,0.0003,0.0023147638,0.2,-0.0025806427001953125,-0.008506068051792682,5.793630599975586,623.715576171875,1000.0
471,52,225,106496,0.9777218699455261,13.068930101394653,255,0.00185546875,-25.131054878234863,0.0003,0.002477678,0.2,-0.004159808158874512,-0.008595708617940545,5.917356014251709,623.715576171875,1000.0
472,53,229,108544,0.977534294128418,21.27230386734009,260,9.765625e-05,-25.126766014099122,0.0003,0.001066626,0.2,-0.0029299259185791016,-0.004357073630671948,8.74118709564209,623.715576171875,1000.0
473,54,233,110592,0.977557897567749,18.33858985900879,265,0.0,-25.1250563621521,0.0003,0.0008151738,0.2,-0.0026055574417114258,-0.005318837775848806,8.274120330810547,623.715576171875,1000.0
471,55,238,112640,0.9775727391242981,16.628316831588744,270,0.0,-25.12587547302246,0.0003,0.00085316255,0.2,-0.003418564796447754,-0.005151894385926425,6.731412887573242,637.4255981445312,1000.0
472,56,242,114688,0.9776191711425781,13.8362566947937,275,0.0001953125,-25.126081943511963,0.0003,0.0012687335,0.2,-0.0024448633193969727,-0.006816493812948465,5.9277663230896,637.4255981445312,1000.0
473,57,246,116736,0.9776913523674011,12.016468286514282,280,0.00537109375,-25.127230167388916,0.0003,0.0032712591,0.2,-0.0006052255630493164,-0.010418968950398266,4.80736780166626,637.4255981445312,1000.0
474,58,250,118784,0.9773130416870117,11.00749135017395,285,0.0111328125,-25.125087833404542,0.0003,0.004685737,0.2,-0.0018903017044067383,-0.011929808417335153,5.1656341552734375,637.4255981445312,1000.0
472,59,255,120832,0.9768211841583252,10.089783668518066,290,0.0328125,-25.116743183135988,0.0003,0.00820118,0.2,-0.002092719078063965,-0.015788223687559368,4.923499584197998,632.8877563476562,1000.0
473,60,259,122880,0.9762682318687439,7.987128281593323,295,0.065625,-25.107133674621583,0.0003,0.01349528,0.2,-0.0019474029541015625,-0.019995012786239386,3.773894786834717,632.8877563476562,1000.0
474,61,263,124928,0.9763758182525635,7.061526298522949,300,0.29443359375,-25.101174736022948,0.0003,0.04286962,0.2,-0.0017924308776855469,-0.03532853205688298,3.735037088394165,632.8877563476562,1000.0
474,62,267,126976,0.976770281791687,7.176904678344727,305,0.203125,-25.11321802139282,0.0003,0.031527396,0.2,-0.002230048179626465,-0.026891946769319476,3.1535377502441406,632.8877563476562,1000.0
473,63,272,129024,0.9758656024932861,7.160107827186584,310,0.17978515625,-25.104606342315673,0.0003,0.024674937,0.2,-0.0014286041259765625,-0.019551073596812785,3.208089828491211,624.0482788085938,1000.0
474,64,276,131072,0.9749467372894287,15.374535989761352,315,0.0830078125,-25.084894943237305,0.0003,0.011212622,0.2,-0.002004861831665039,-0.0029173118178732692,7.238443374633789,624.0482788085938,1000.0
475,65,279,133120,0.9745727181434631,20.835919857025146,320,9.765625e-05,-25.074613189697267,0.0003,0.0012237987,0.2,-0.0018467903137207031,-0.0045461351284757255,9.860395431518555,624.0482788085938,1000.0
476,66,283,135168,0.9746007919311523,18.23647270202637,325,9.765625e-05,-25.070533752441406,0.0003,0.0014120908,0.2,-0.0014562606811523438,-0.00633648803923279,8.320127487182617,624.0482788085938,1000.0
475,67,288,137216,0.97483229637146,18.216106700897218,330,0.002734375,-25.07371826171875,0.0003,0.0027106518,0.2,-0.00127410888671875,-0.008623289573006333,8.530099868774414,630.7506103515625,1000.0
476,68,292,139264,0.9748654961585999,13.544557094573975,335,0.00517578125,-25.076849365234374,0.0003,0.0032402785,0.2,-0.0020960569381713867,-0.009379941620863974,6.266170978546143,630.7506103515625,1000.0
476,69,296,141312,0.9744420647621155,12.027076292037965,340,0.04501953125,-25.074602794647216,0.0003,0.01048119,0.2,-0.0013184547424316406,-0.01552145874593407,6.041759014129639,630.7506103515625,1000.0
475,70,301,143360,0.9738962650299072,11.563895654678344,345,0.12998046875,-25.06398105621338,0.0003,0.02523655,0.2,-0.001120924949645996,-0.02199302150402218,5.500945568084717,629.5059814453125,996.9
474,71,306,145408,0.9737345576286316,51.789337921142575,350,0.13515625,-25.05687322616577,0.0003,0.019948177,0.2,-0.0004055500030517578,-0.014870671450626104,19.296894073486328,624.3721313476562,995.69
475,72,309,147456,0.9736096858978271,48.15297317504883,355,0.037890625,-25.05418109893799,0.0003,0.008654528,0.2,-0.00034606456756591797,-0.013113456894643605,14.850089073181152,624.3721313476562,995.69
476,73,313,149504,0.9734976291656494,8.29008846282959,360,0.02626953125,-25.053924369812012,0.0003,0.006888788,0.2,-0.0005843639373779297,-0.010657098738010972,3.6828625202178955,624.3721313476562,995.69
474,74,319,151552,0.9731065034866333,8.00686240196228,365,0.0759765625,-25.048321342468263,0.0003,0.014909809,0.2,-0.0015289783477783203,-0.01724277960602194,3.9667463302612305,630.2175903320312,994.04
474,75,323,153600,0.9733419418334961,28.234019899368285,370,0.1765625,-25.045399284362794,0.0003,0.025303768,0.2,-0.0003085136413574219,-0.01943917206954211,12.338777542114258,627.7427978515625,994.04
474,76,327,155648,0.973343551158905,9.649459981918335,375,0.0568359375,-25.049407863616942,0.0003,0.01054995,0.2,-0.001682877540588379,-0.01283352137543261,4.853975772857666,627.7427978515625,994.04
475,77,331,157696,0.9722357988357544,9.262545013427735,380,0.1935546875,-25.039699649810792,0.0003,0.030880198,0.2,-0.0009889602661132812,-0.029834282747469843,4.42451810836792,627.7427978515625,994.04
473,78,337,159744,0.9711584448814392,9.589827251434325,385,0.20361328125,-25.017469692230225,0.0003,0.030292992,0.2,-0.0009261369705200195,-0.028401291090995075,4.567934513092041,626.2627563476562,991.86
473,79,341,161792,0.9714178442955017,28.624183654785156,390,0.09736328125,-25.00857334136963,0.0003,0.014699375,0.2,-0.000598907470703125,-0.013515117415226995,18.662992477416992,627.8914184570312,991.86
474,80,345,163840,0.971660852432251,6.246425342559815,395,0.0673828125,-25.0154447555542,0.0003,0.009468984,0.2,-0.0009570121765136719,-0.0033634347491897643,3.190378427505493,627.5776977539062,988.07
475,81,349,165888,0.9721787571907043,30.207769870758057,400,0.08974609375,-25.020428562164305,0.0003,0.017126542,0.2,-0.00034046173095703125,-0.016352645109873266,17.855371475219727,627.5776977539062,988.07
473,82,354,167936,0.9725244045257568,6.886234712600708,405,0.0326171875,-25.030223655700684,0.0003,0.0066958545,0.2,-0.0011152029037475586,-0.007438901555724442,3.3497231006622314,627.2794799804688,988.07
474,83,358,169984,0.9724404811859131,6.3187443017959595,410,0.00771484375,-25.033333683013915,0.0003,0.0041578766,0.2,-0.0006543397903442383,-0.010755623888690025,2.686075210571289,631.49169921875,988.07
474,84,362,172032,0.9700307846069336,6.746307897567749,415,0.201953125,-25.01353883743286,0.0003,0.033255048,0.2,-0.00047600269317626953,-0.03153828715439886,3.4649925231933594,634.425537109375,988.07
474,85,366,174080,0.968714714050293,6.748362731933594,420,0.12607421875,-24.9733829498291,0.0003,0.020966893,0.2,-0.0005992650985717773,-0.022817637445405124,3.1305160522460938,632.6337280273438,983.15
473,86,372,176128,0.9679208397865295,56.86163806915283,425,0.06201171875,-24.95359230041504,0.0003,0.00971292,0.2,-0.0001558065414428711,-0.003817173943389207,10.89124584197998,633.571044921875,977.17
473,87,376,178176,0.9676867723464966,58.59290199279785,430,0.02744140625,-24.94473476409912,0.0003,0.006867839,0.2,-0.00023353099822998047,-0.014364354684948922,38.243385314941406,633.5257568359375,971.67
473,88,380,180224,0.9676869511604309,35.151110076904295,435,0.01728515625,-24.944106578826904,0.0003,0.0048889252,0.2,-0.0004514455795288086,-0.00590998437255621,23.075756072998047,632.0548706054688,966.7
473,89,385,182272,0.9675480723381042,38.468083667755124,440,0.0001953125,-24.94249792098999,0.0003,0.0015937411,0.2,-0.00024521350860595703,-0.006060355919180438,20.17848777770996,639.4213256835938,964.93
471,90,390,184320,0.9673788547515869,34.675457239151,445,0.006640625,-24.93962631225586,0.0003,0.0037654159,0.2,-0.00033736228942871094,-0.010220918082632124,18.979108810424805,644.5586547851562,962.61
472,91,394,186368,0.9673758745193481,34.49660472869873,450,0.00078125,-24.937595653533936,0.0003,0.0016941621,0.2,-0.00017714500427246094,-0.005036629596725106,29.500003814697266,644.5586547851562,962.61
472,92,398,188416,0.9673994779586792,11.260819005966187,455,0.0,-24.938250064849854,0.0003,0.0006990661,0.2,-0.0004482269287109375,-0.004162429971620441,4.880393028259277,647.8756103515625,962.61
472,93,402,190464,0.9674369096755981,10.929189443588257,460,0.0,-24.938418865203857,0.0003,0.00062680827,0.2,-0.0011813640594482422,-0.0034400640171952544,4.821624279022217,644.6041259765625,962.61
471,94,407,192512,0.9674617052078247,8.247477412223816,465,0.0,-24.939264869689943,0.0003,0.0006473183,0.2,-0.0007377862930297852,-0.004028338170610368,3.4678797721862793,645.1371459960938,962.34
472,95,411,194560,0.9673502445220947,26.092041110992433,470,0.00029296875,-24.938683319091798,0.0003,0.0012273376,0.2,-0.00032889842987060547,-0.005191761313471943,10.982952117919922,645.1371459960938,962.34
472,96,416,196608,0.967133641242981,7.863182926177979,475,0.00029296875,-24.935618591308593,0.0003,0.0010806764,0.2,-0.0009189844131469727,-0.00504320040345192,3.4313275814056396,639.15869140625,956.64
471,97,420,198656,0.9671189785003662,58.25061931610107,480,0.0,-24.932631015777588,0.0003,0.000826778,0.2,-0.00011682510375976562,-0.0031493204063735903,26.662927627563477,630.6320190429688,955.44
472,98,425,200704,0.9673637747764587,34.165397548675536,485,0.0021484375,-24.934787464141845,0.0003,0.0022654901,0.2,-0.0007356405258178711,-0.00799104969482869,19.071325302124023,628.6144409179688,955.44
472,99,428,202752,0.9677103757858276,9.362029790878296,490,0.2005859375,-24.9432092666626,0.0003,0.031444192,0.2,-0.0008167028427124023,-0.030247603135649115,4.631119728088379,628.6144409179688,955.44
472,100,433,204800,0.9667991995811462,9.698945808410645,495,0.1869140625,-24.935994148254395,0.0003,0.027680293,0.2,-0.0017474889755249023,-0.025690783536992966,4.743871212005615,630.2996215820312,955.44
471,101,438,206848,0.9661663770675659,5.868913412094116,500,0.07646484375,-24.920806884765625,0.0003,0.0117969625,0.2,-0.0007010698318481445,-0.012097281729802489,2.7421507835388184,618.5096435546875,953.76
472,102,442,208896,0.9657648801803589,27.09987587928772,505,0.04384765625,-24.910784244537354,0.0003,0.007712836,0.2,-0.00042057037353515625,-0.006094674475025386,17.397994995117188,621.0000610351562,953.76
472,103,446,210944,0.9660469889640808,6.4934076309204105,510,0.1796875,-24.90919132232666,0.0003,0.03161107,0.2,-0.001510024070739746,-0.031054745940491558,3.272418260574341,621.0000610351562,953.76
471,104,451,212992,0.9665896892547607,6.859195184707642,515,0.07587890625,-24.91667594909668,0.0003,0.012906312,0.2,-0.0013064146041870117,-0.01779388217255473,3.3623173236846924,611.9935302734375,953.76
471,105,456,215040,0.9667043685913086,6.729100298881531,520,0.1041015625,-24.925200748443604,0.0003,0.01614352,0.2,-0.0008893013000488281,-0.016866437380667777,3.2327280044555664,613.8084106445312,953.76
471,106,460,217088,0.9667232036590576,7.543320560455323,525,0.16904296875,-24.9243577003479,0.0003,0.024853803,0.2,-0.0005207061767578125,-0.027320427959784864,3.846402645111084,614.06494140625,953.76
472,107,464,219136,0.9662850499153137,9.217431640625,530,0.184375,-24.922127532958985,0.0003,0.028983312,0.2,-0.0009218454360961914,-0.029503601184114814,4.611348628997803,614.06494140625,953.76
471,108,468,221184,0.9653823375701904,9.141238975524903,535,0.187890625,-24.909783935546876,0.0003,0.02672809,0.2,-0.0006605386734008789,-0.027844989998266102,4.522730827331543,611.0648803710938,953.76
471,109,473,223232,0.9648702144622803,6.961878085136414,540,0.15966796875,-24.89498128890991,0.0003,0.020965049,0.2,-0.00042700767517089844,-0.023159922449849546,3.180351972579956,608.560546875,952.22
471,110,477,225280,0.9642613530158997,25.844069147109984,545,0.151953125,-24.8851224899292,0.0003,0.025486505,0.2,-0.00019848346710205078,-0.018462350545451044,6.274824619293213,608.560546875,952.22
471,111,481,227328,0.9639170169830322,11.839077711105347,550,0.1990234375,-24.875346088409422,0.0003,0.02732097,0.2,-0.0008399486541748047,-0.03211683752015233,6.0268073081970215,606.3556518554688,947.03
471,112,486,229376,0.9633760452270508,34.1301233291626,555,0.090234375,-24.869918823242188,0.0003,0.016555918,0.2,-0.00020313262939453125,-0.016095916368067266,11.482060432434082,595.4888916015625,944.75
471,113,491,231424,0.9630820155143738,35.2890344619751,560,0.02568359375,-24.860274887084962,0.0003,0.005580196,0.2,-0.00040328502655029297,-0.003049952047877014,19.465824127197266,599.2205200195312,944.75
471,114,495,233472,0.962963342666626,12.513958883285522,565,0.0,-24.857055473327637,0.0003,0.0011488158,0.2,-0.0003472566604614258,-0.0058546193817164745,5.46929931640625,598.8695068359375,941.49
471,115,499,235520,0.9631951451301575,21.234929275512695,570,0.07373046875,-24.857658672332764,0.0003,0.014451304,0.2,-9.655952453613281e-05,-0.018487865215865894,5.207930564880371,602.8717041015625,943.36
471,116,503,237568,0.9631533026695251,10.800502634048462,575,0.08525390625,-24.86079387664795,0.0003,0.014656533,0.2,-0.0005822181701660156,-0.018066879408434034,5.128187656402588,609.6867065429688,945.25
470,117,508,239616,0.9630587100982666,9.084248304367065,580,0.04189453125,-24.85922794342041,0.0003,0.007875895,0.2,-0.00018608570098876953,-0.009703713591443374,4.406008720397949,600.5234985351562,945.8
471,118,512,241664,0.9623239040374756,10.956255388259887,585,0.16005859375,-24.854429149627684,0.0003,0.023191962,0.2,-0.0003039836883544922,-0.027047139476053417,5.44525671005249,600.5234985351562,945.8
470,119,517,243712,0.9611620306968689,10.640781211853028,590,0.19697265625,-24.833739757537842,0.0003,0.0264,0.2,-0.00025284290313720703,-0.02756709810346365,5.147336483001709,598.7080688476562,947.45
470,120,521,245760,0.9614189863204956,10.98468770980835,595,0.1515625,-24.824107074737547,0.0003,0.021607392,0.2,-0.00033974647521972656,-0.022371133742854,5.319132328033447,603.401123046875,947.45
470,121,526,247808,0.9615532755851746,22.204839611053465,600,0.05419921875,-24.829612064361573,0.0003,0.008914001,0.2,-0.00021791458129882812,-0.006710272643249482,11.029548645019531,598.2391357421875,947.45
471,122,530,249856,0.9615334272384644,22.118413257598878,605,0.0,-24.830707836151124,0.0003,0.0004508615,0.2,-0.00014865398406982422,-0.0026693987427279355,10.1826753616333,598.2391357421875,947.45
470,123,535,251904,0.9614688158035278,19.815887451171875,610,0.0,-24.829729652404787,0.0003,0.00023050711,0.2,0.0002397298812866211,-0.002323049516417086,8.052602767944336,607.71826171875,949.63
470,124,539,253952,0.9614550471305847,17.966513872146606,615,0.0,-24.828849697113036,0.0003,0.00021322785,0.2,-5.125999450683594e-05,-0.0020430101314559577,7.943716049194336,611.1398315429688,948.59
470,125,544,256000,0.9614218473434448,38.92310695648193,620,9.765625e-05,-24.82859230041504,0.0003,0.000497262,0.2,4.1604042053222656e-05,-0.003426659043179825,14.871809005737305,617.5343017578125,948.59
470,126,548,258048,0.9612031579017639,11.660915660858155,625,0.00068359375,-24.826681423187257,0.0003,0.0018804504,0.2,-0.00033080577850341797,-0.007463132333941758,5.459431171417236,616.2586059570312,944.45
470,127,552,260096,0.9608813524246216,34.23583583831787,630,0.03974609375,-24.820856761932372,0.0003,0.010380309,0.2,-0.00012993812561035156,-0.012249610666185618,13.371367454528809,618.9891967773438,948.24
469,128,557,262144,0.9606024622917175,12.04082465171814,635,0.0265625,-24.814912128448487,0.0003,0.0069467565,0.2,-0.00015044212341308594,-0.008951333444565534,5.727101802825928,610.09814453125,935.02
470,129,561,264192,0.9603609442710876,110.68187713623047,640,0.00712890625,-24.810191822052,0.0003,0.00342971,0.2,-5.829334259033203e-05,-0.0077112534083426,52.89278030395508,610.09814453125,935.02
470,130,565,266240,0.9602823257446289,10.235767364501953,645,0.13046875,-24.808243656158446,0.0003,0.020483539,0.2,-0.0004290342330932617,-0.025432019017171115,4.856165409088135,603.6468505859375,930.86
469,131,571,268288,0.9598819017410278,36.75416040420532,650,0.07197265625,-24.803675842285156,0.0003,0.012113579,0.2,-5.519390106201172e-05,-0.01332917136605829,15.926045417785645,617.567138671875,939.18
469,132,575,270336,0.95915287733078,33.89313297271728,655,0.16689453125,-24.79443578720093,0.0003,0.025052795,0.2,-0.00010228157043457031,-0.019628569134511054,16.77798080444336,618.1505737304688,939.18
470,133,579,272384,0.9578661322593689,6.242852711677552,660,0.06904296875,-24.77623357772827,0.0003,0.012942832,0.2,-0.0003597736358642578,-0.017453890503384174,2.8238942623138428,618.1505737304688,939.18
470,134,583,274432,0.9570159912109375,6.261819124221802,665,0.05029296875,-24.750379753112792,0.0003,0.009362607,0.2,-0.0004093647003173828,-0.010261150333099068,2.8176074028015137,615.0548095703125,939.18
469,135,589,276480,0.956548810005188,7.290479159355163,670,0.0439453125,-24.742086505889894,0.0003,0.009725515,0.2,-6.29425048828125e-05,-0.012157618277706205,3.684338092803955,613.1276245117188,951.68
469,136,593,278528,0.9560943245887756,58.823975563049316,675,0.06708984375,-24.73012466430664,0.0003,0.011260342,0.2,-0.00012350082397460938,-0.010535114607773722,31.285600662231445,609.7596435546875,951.68
470,137,596,280576,0.9559482932090759,8.023744368553162,680,0.0072265625,-24.726106929779053,0.0003,0.0034267507,0.2,-0.00010061264038085938,-0.00707751486916095,3.814750909805298,609.7596435546875,951.68
470,138,600,282624,0.955647885799408,7.124492835998535,685,0.03017578125,-24.722142887115478,0.0003,0.0082940515,0.2,-0.0002943277359008789,-0.01387455256190151,3.4769740104675293,612.9720458984375,951.68
469,139,606,284672,0.9551789164543152,7.28144006729126,690,0.05947265625,-24.71496686935425,0.0003,0.011471872,0.2,2.3305416107177734e-05,-0.014144208421930671,3.678748607635498,619.3145141601562,951.95
469,140,610,286720,0.9541237354278564,7.266112494468689,695,0.10830078125,-24.70202178955078,0.0003,0.018605921,0.2,-0.0001798868179321289,-0.018385610601399094,4.012731075286865,621.5994262695312,951.95
469,141,614,288768,0.9534895420074463,13.809321165084839,700,0.06318359375,-24.682935428619384,0.0003,0.009690076,0.2,-0.00020396709442138672,-0.010567692131735385,6.944545745849609,618.3724365234375,947.12
469,142,618,290816,0.9535942077636719,41.03003425598145,705,0.005859375,-24.677856159210204,0.0003,0.0036219023,0.2,-0.00017201900482177734,-0.007097359391627834,11.327946662902832,623.0630493164062,946.87
469,143,623,292864,0.9538878202438354,38.64726448059082,710,0.11708984375,-24.685326862335206,0.0003,0.020457912,0.2,-0.00010192394256591797,-0.017013606731779873,26.115440368652344,627.4181518554688,953.77
469,144,627,294912,0.9536158442497253,17.942457485198975,715,0.00771484375,-24.68315362930298,0.0003,0.0037372268,0.2,-0.0002523660659790039,-0.004957840079441667,8.390700340270996,629.5970458984375,953.77
469,145,632,296960,0.9535118937492371,17.352979230880738,720,9.765625e-05,-24.679415225982666,0.0003,0.0007433507,0.2,-0.0002390146255493164,-0.0037289638887159525,7.172438144683838,635.4487915039062,949.24
469,146,636,299008,0.9534006118774414,37.22348117828369,725,0.01943359375,-24.67788972854614,0.0003,0.0067079766,0.2,-0.00018453598022460938,-0.009524713683640584,20.049667358398438,636.0003662109375,948.07
469,147,641,301056,0.9536761045455933,38.3218448638916,730,0.0798828125,-24.676951503753664,0.0003,0.014348315,0.2,-0.00016260147094726562,-0.016046607866883278,20.95772933959961,646.1473388671875,949.75
469,148,645,303104,0.9540033340454102,15.821235942840577,735,0.12216796875,-24.685736179351807,0.0003,0.01790678,0.2,-0.0002728700637817383,-0.01899192713899538,8.121354103088379,646.1473388671875,949.75
469,149,650,305152,0.9539913535118103,15.170031070709229,740,0.04091796875,-24.688000011444093,0.0003,0.008228336,0.2,-0.00031816959381103516,-0.00591084697516635,7.402999401092529,642.9597778320312,949.75
469,150,654,307200,0.953914225101471,16.999603033065796,745,0.08896484375,-24.687326622009277,0.0003,0.015093654,0.2,-0.0002905130386352539,-0.02235088371671736,8.443168640136719,647.756103515625,947.63
469,151,658,309248,0.953781247138977,60.1760175704956,750,0.03251953125,-24.685051918029785,0.0003,0.007048511,0.2,1.043081283569336e-05,-0.009802507050335408,25.53069496154785,650.7030639648438,947.63
469,152,663,311296,0.95369952917099,12.55980043411255,755,0.0484375,-24.683309268951415,0.0003,0.01076547,0.2,-0.0002492666244506836,-0.0176966720726341,6.579637050628662,647.8897094726562,941.8
469,153,667,313344,0.9534032344818115,87.41303520202636,760,0.03935546875,-24.679954528808594,0.0003,0.0087726265,0.2,-2.4557113647460938e-05,-0.012735347007401287,31.28600311279297,647.2739868164062,935.29
469,154,672,315392,0.9530913233757019,54.665411949157715,765,0.10751953125,-24.67319173812866,0.0003,0.017200274,0.2,-1.3947486877441406e-05,-0.016712636966258288,22.279661178588867,651.9876708984375,935.29
469,155,676,317440,0.9526050090789795,8.440432047843933,770,0.21494140625,-24.66762580871582,0.0003,0.031336688,0.2,-0.00036919116973876953,-0.02988615958020091,4.318685531616211,648.93603515625,931.02
469,156,680,319488,0.9522789716720581,52.99256286621094,775,0.07060546875,-24.658492851257325,0.0003,0.010726047,0.2,9.518861770629883e-05,-0.002388017950579524,25.486021041870117,651.4598999023438,936.21
468,157,685,321536,0.95181804895401,3.690115737915039,780,0.07490234375,-24.65229997634888,0.0003,0.016551245,0.2,0.00011527538299560547,-0.019417077070102096,1.6706523895263672,654.0031127929688,938.49
468,158,689,323584,0.9514350891113281,4.825930070877075,785,0.1353515625,-24.643864154815674,0.0003,0.019494971,0.2,-0.00011551380157470703,-0.01838260462973267,2.307504177093506,652.1882934570312,937.34
468,159,694,325632,0.9503405094146729,25.48803839683533,790,0.14111328125,-24.629770755767822,0.0003,0.016085234,0.2,0.00011783838272094727,-0.01491435841890052,6.609848976135254,651.2176513671875,936.45
468,160,698,327680,0.9499428868293762,29.02217125892639,795,0.15458984375,-24.612931060791016,0.0003,0.021594878,0.2,2.9265880584716797e-05,-0.017590797366574408,14.691789627075195,652.6257934570312,938.37
468,161,703,329728,0.9499203562736511,26.94635739326477,800,0.0912109375,-24.61152925491333,0.0003,0.014716255,0.2,-0.0005306005477905273,-0.012098634568974375,16.283872604370117,649.0055541992188,938.37
468,162,707,331776,0.9495886564254761,4.807813882827759,805,0.03203125,-24.6075719833374,0.0003,0.0075192833,0.2,-0.0006535053253173828,-0.008873064978979528,2.2565274238586426,648.4579467773438,932.1
468,163,712,333824,0.9493728280067444,73.17009944915772,810,0.00927734375,-24.60205707550049,0.0003,0.0040930416,0.2,6.93202018737793e-05,-0.008019261562731117,25.69502067565918,647.3853149414062,928.15
468,164,716,335872,0.9488082528114319,29.076703691482543,815,0.14921875,-24.596216106414794,0.0003,0.022985209,0.2,-0.00021123886108398438,-0.018802341353148223,11.998929977416992,646.0223388671875,928.15
468,165,721,337920,0.9483752846717834,7.113720464706421,820,0.14755859375,-24.583556175231934,0.0003,0.020013904,0.2,-0.00010442733764648438,-0.021640105568803848,3.725507974624634,638.2271728515625,917.33
468,166,725,339968,0.94755619764328,84.36609687805176,825,0.16845703125,-24.5736083984375,0.0003,0.021579597,0.2,-9.059906005859375e-05,-0.020407141325995325,26.22557258605957,641.74609375,914.4
468,167,729,342016,0.9472090601921082,60.44880390167236,830,0.01103515625,-24.5608229637146,0.0003,0.0041036517,0.2,-0.00014102458953857422,-0.003820134256966412,35.1825065612793,641.4130249023438,914.4
468,168,734,344064,0.9471412301063538,11.142796802520753,835,0.0,-24.557853984832764,0.0003,0.00083760265,0.2,1.3113021850585938e-06,-0.003611181827727705,4.562259674072266,636.9000854492188,913.06
468,169,739,346112,0.9469895958900452,35.89936056137085,840,0.0001953125,-24.555884456634523,0.0003,0.0015336517,0.2,-1.728534698486328e-05,-0.005471984297037125,13.872873306274414,633.7020874023438,910.71
468,170,743,348160,0.9467346668243408,54.54263744354248,845,0.00810546875,-24.55188274383545,0.0003,0.0041880473,0.2,3.68952751159668e-05,-0.008883249782957136,30.025869369506836,635.095703125,910.71
468,171,747,350208,0.9464951753616333,11.109528350830079,850,0.0177734375,-24.54714651107788,0.0003,0.0060321093,0.2,0.0004379153251647949,-0.011519321077503263,5.199338436126709,634.801025390625,912.96
468,172,752,352256,0.9464486241340637,33.96976642608642,855,0.01142578125,-24.543053436279298,0.0003,0.004501663,0.2,0.00010579824447631836,-0.006907964125275612,19.513525009155273,627.8150634765625,914.45
468,173,756,354304,0.9466464519500732,48.9023717880249,860,0.00341796875,-24.545192623138426,0.0003,0.0027869742,0.2,-8.630752563476562e-05,-0.006317440525162965,36.724830627441406,630.713623046875,919.92
468,174,760,356352,0.9454473853111267,9.936941432952882,865,0.146875,-24.539304542541505,0.0003,0.01947925,0.2,-0.0005227327346801758,-0.025432201754301786,5.313967227935791,631.2220458984375,921.72
468,175,765,358400,0.9439202547073364,31.347333669662476,870,0.12998046875,-24.508921146392822,0.0003,0.017665312,0.2,0.00039386749267578125,-0.014693714049644768,23.83145523071289,635.5719604492188,926.33
468,176,769,360448,0.9429479241371155,54.20196657180786,875,0.10654296875,-24.48677263259888,0.0003,0.019494692,0.2,-0.00014209747314453125,-0.013415221573086455,20.243925094604492,631.2244262695312,922.38
468,177,773,362496,0.9418333768844604,53.48153562545777,880,0.1416015625,-24.46748342514038,0.0003,0.024061333,0.2,9.572505950927734e-05,-0.016087595163844524,28.609521865844727,628.4518432617188,922.38
468,178,778,364544,0.9410427808761597,7.293936085700989,885,0.10546875,-24.448019218444824,0.0003,0.014885152,0.2,-0.0005990266799926758,-0.018502230243757366,2.9927806854248047,628.960693359375,922.38
468,179,782,366592,0.9397465586662292,8.679195261001587,890,0.0962890625,-24.428785610198975,0.0003,0.01739695,0.2,-0.00021708011627197266,-0.016512105974834414,4.459526538848877,628.353759765625,922.79
467,180,787,368640,0.9389147162437439,13.343345451354981,895,0.0517578125,-24.405218601226807,0.0003,0.0083469525,0.2,-8.785724639892578e-05,-0.003393334918655455,6.420362949371338,634.00634765625,924.44
468,181,791,370688,0.938796877861023,9.329857182502746,900,0.00771484375,-24.397522735595704,0.0003,0.003942867,0.2,-0.00029027462005615234,-0.00918890800094232,4.2522430419921875,633.7293090820312,924.44
468,182,796,372736,0.9384198784828186,9.051577138900758,905,0.1095703125,-24.394814491271973,0.0003,0.021039147,0.2,-0.00048339366912841797,-0.0202107485383749,4.685482978820801,636.01953125,921.79
468,183,800,374784,0.9380581974983215,35.46620349884033,910,0.0669921875,-24.384756088256836,0.0003,0.010154115,0.2,-0.00011932849884033203,-0.0069582740310579535,24.3203182220459,635.843994140625,921.79
468,184,804,376832,0.9382994174957275,8.749533748626709,915,0.15234375,-24.3833046913147,0.0003,0.021397755,0.2,-0.00041854381561279297,-0.025131648732349278,4.262798309326172,632.6070556640625,921.79
468,185,809,378880,0.9381489157676697,6.353163266181946,920,0.25205078125,-24.38492441177368,0.0003,0.032449774,0.2,0.0002993345260620117,-0.03040398572338745,3.082948684692383,632.857177734375,921.24
468,186,813,380928,0.93787682056427,56.28874912261963,925,0.14765625,-24.380335330963135,0.0003,0.02148731,0.2,-4.029273986816406e-05,-0.014722931571304798,31.81692886352539,626.2400512695312,918.27
468,187,817,382976,0.9373767375946045,40.07478084564209,930,0.15712890625,-24.372256183624266,0.0003,0.022726648,0.2,2.1576881408691406e-05,-0.014968264405615628,14.465764999389648,627.425537109375,918.27
468,188,822,385024,0.9368004202842712,15.32796664237976,935,0.05498046875,-24.363183975219727,0.0003,0.011276304,0.2,-7.295608520507812e-05,-0.013874286517966539,7.691215991973877,636.3411254882812,918.27
468,189,826,387072,0.9359662532806396,16.248597955703737,940,0.06953125,-24.348119449615478,0.0003,0.012044178,0.2,-5.412101745605469e-05,-0.012733313417993487,7.765178680419922,632.620849609375,919.63
468,190,830,389120,0.935988187789917,40.438364601135255,945,0.1900390625,-24.339110946655275,0.0003,0.028455662,0.2,0.0001424551010131836,-0.020637149445246906,16.94169044494629,630.8103637695312,919.63
468,191,835,391168,0.936370313167572,9.92921586036682,950,0.18251953125,-24.344266510009767,0.0003,0.024058176,0.2,-0.0008571147918701172,-0.027560367621481417,4.956412315368652,632.3638916015625,919.86
468,192,840,393216,0.936333954334259,34.33932590484619,955,0.0517578125,-24.347773551940918,0.0003,0.009362698,0.2,0.0003471970558166504,-0.0099976294208318,6.891911506652832,621.20458984375,914.06
467,193,844,395264,0.9362632036209106,61.89328899383545,960,0.01083984375,-24.34575548171997,0.0003,0.0043926015,0.2,-8.797645568847656e-05,-0.007369821867905557,26.13593292236328,625.3369750976562,914.06
467,194,849,397312,0.9351926445960999,6.958816576004028,965,0.16904296875,-24.33809928894043,0.0003,0.025583507,0.2,0.0011317729949951172,-0.024927574768662454,3.335792303085327,625.7644653320312,915.54
467,195,853,399360,0.9343659281730652,8.636262321472168,970,0.09140625,-24.31432399749756,0.0003,0.012802428,0.2,-0.0005242824554443359,-0.015214945375919341,4.243569374084473,622.1588745117188,915.54
467,196,857,401408,0.9342857003211975,8.461717891693116,975,0.09814453125,-24.30695219039917,0.0003,0.015285717,0.2,0.0019837617874145508,-0.017912812071153895,4.075606346130371,624.2559814453125,916.18
467,197,862,403456,0.9337963461875916,7.847588562965393,980,0.104296875,-24.303193759918212,0.0003,0.015899573,0.2,-0.00028252601623535156,-0.017430119070922956,3.956395387649536,630.2546997070312,921.82
467,198,867,405504,0.9334264397621155,13.253844451904296,985,0.07080078125,-24.29399538040161,0.0003,0.010336042,0.2,0.0005556344985961914,-0.008825478795915841,6.1843156814575195,627.4183349609375,924.58
467,199,871,407552,0.9330275058746338,40.36702632904053,990,0.0298828125,-24.287509822845458,0.0003,0.008142045,0.2,-0.00037157535552978516,-0.011326588183874265,19.783960342407227,625.3533325195312,924.58
467,200,875,409600,0.9328185319900513,17.982064723968506,995,0.015234375,-24.28129110336304,0.0003,0.0045981547,0.2,0.0007470250129699707,-0.003995411633513868,8.35799789428711,630.8062744140625,926.72
468,201,879,411648,0.9325452446937561,41.89667844772339,1000,0.01240234375,-24.27686252593994,0.0003,0.0049998807,0.2,0.0001418590545654297,-0.009972857590764762,23.24859046936035,636.31298828125,929.57
467,202,884,413696,0.9322004318237305,13.217646074295043,1005,0.1501953125,-24.271577644348145,0.0003,0.021507435,0.2,0.0003046989440917969,-0.02671672448050231,6.681023120880127,639.8145141601562,929.57
467,203,888,415744,0.9313108921051025,10.069545364379882,1010,0.0642578125,-24.25927495956421,0.0003,0.010881191,0.2,0.0004400014877319336,-0.012259714311221614,5.1369709968566895,644.9902954101562,930.72
468,204,892,417792,0.9306381940841675,5.711855006217957,1015,0.03662109375,-24.242649459838866,0.0003,0.006905131,0.2,0.0014057159423828125,-0.00339426277205348,2.378481149673462,643.0695190429688,930.72
468,205,896,419840,0.9301647543907166,7.419571161270142,1020,0.03818359375,-24.23371629714966,0.0003,0.010061128,0.2,-0.0004595518112182617,-0.014239587495103479,3.4511375427246094,639.4472045898438,929.44
468,206,901,421888,0.92961585521698,32.64058752059937,1025,0.0759765625,-24.22150945663452,0.0003,0.013131741,0.2,0.0011227130889892578,-0.010845459048869088,15.336414337158203,638.119140625,930.78
468,207,905,423936,0.9296773076057434,5.662712526321411,1030,0.05634765625,-24.216614723205566,0.0003,0.011190963,0.2,-0.004985928535461426,-0.015158842504024505,2.607023239135742,641.9006958007812,932.25
468,208,909,425984,0.9302738904953003,5.316754531860352,1035,0.08974609375,-24.22223539352417,0.0003,0.016913237,0.2,0.0020837783813476562,-0.019161289441399276,2.4981822967529297,640.120849609375,932.25
468,209,914,428032,0.9309027194976807,5.304818844795227,1040,0.22421875,-24.236117935180665,0.0003,0.02639103,0.2,-0.00039970874786376953,-0.029094600887037813,2.694298505783081,646.7048950195312,941.0
468,210,918,430080,0.9312042593955994,5.735820960998535,1045,0.11025390625,-24.24437885284424,0.0003,0.015720101,0.2,-0.0018079280853271484,-0.015944840549491347,2.844524621963501,645.5988159179688,941.0
468,211,923,432128,0.9312858581542969,7.1615225315094,1050,0.18388671875,-24.25019826889038,0.0003,0.024917057,0.2,0.0008127689361572266,-0.025375575805082918,3.620063304901123,655.6121826171875,951.82
468,212,927,434176,0.930454671382904,6.4687622547149655,1055,0.0982421875,-24.245584392547606,0.0003,0.015492361,0.2,0.0006192326545715332,-0.01815868364647031,3.2128915786743164,655.7867431640625,951.82
468,213,931,436224,0.9289368391036987,9.404381942749023,1060,0.16318359375,-24.21889123916626,0.0003,0.018839343,0.2,-0.0003268718719482422,-0.023736695665866135,4.742454528808594,655.82373046875,954.75
468,214,935,438272,0.928354024887085,7.842687320709229,1065,0.09775390625,-24.19891529083252,0.0003,0.014775524,0.2,0.0010190010070800781,-0.016553180292248726,3.76349139213562,654.3424072265625,956.09
468,215,940,440320,0.927933394908905,6.52783465385437,1070,0.05615234375,-24.190258598327638,0.0003,0.009567537,0.2,0.0017322897911071777,-0.010182253964012488,2.8934853076934814,647.0811157226562,956.09
468,216,944,442368,0.9274017810821533,6.463317012786865,1075,0.02177734375,-24.181045055389404,0.0003,0.0063228183,0.2,0.004318356513977051,-0.010495600523427129,3.261681079864502,641.595703125,956.78
468,217,948,444416,0.9269774556159973,31.30644221305847,1080,0.04443359375,-24.170676040649415,0.0003,0.009584734,0.2,-0.0011769533157348633,-0.0107397495303303,6.627583980560303,638.466796875,952.38
468,218,953,446464,0.9267442226409912,29.79109420776367,1085,0.14208984375,-24.16536521911621,0.0003,0.018620946,0.2,0.0017648935317993164,-0.016033701458945872,16.909854888916016,634.915771484375,955.4
468,219,957,448512,0.9267554879188538,52.82232847213745,1090,0.0474609375,-24.161195755004883,0.0003,0.009968022,0.2,0.0005856752395629883,-0.011015067505650223,16.935806274414062,638.5949096679688,955.82
468,220,962,450560,0.9267013072967529,12.218740320205688,1095,0.0548828125,-24.162963771820067,0.0003,0.010361064,0.2,0.001711428165435791,-0.014665872324258089,5.9497480392456055,637.9777221679688,952.03
468,221,966,452608,0.9264143705368042,13.153924131393433,1100,0.14970703125,-24.159943199157716,0.0003,0.018055335,0.2,-0.0023082494735717773,-0.020014868676662446,4.014132022857666,638.685302734375,953.29
468,222,970,454656,0.9262025356292725,5.521525883674622,1105,0.1357421875,-24.152847862243654,0.0003,0.01779798,0.2,0.0015483498573303223,-0.0183690108708106,2.752969264984131,639.4847412109375,954.56
468,223,974,456704,0.9264059066772461,34.16592216491699,1110,0.117578125,-24.153891849517823,0.0003,0.016198827,0.2,0.0020979642868041992,-0.015225511172320693,18.205780029296875,642.7994384765625,955.39
468,224,980,458752,0.9261828660964966,10.473088693618774,1115,0.06005859375,-24.154771709442137,0.0003,0.010198694,0.2,0.0026091337203979492,-0.011951615219004452,5.2762908935546875,635.6106567382812,950.99
468,225,984,460800,0.9259188771247864,23.87756476402283,1120,0.0732421875,-24.14847707748413,0.0003,0.011334392,0.2,0.0012227296829223633,-0.008794839272741228,16.61050033569336,634.7964477539062,948.95
468,226,988,462848,0.92576003074646,26.07757682800293,1125,0.09833984375,-24.145505523681642,0.0003,0.01633072,0.2,0.003260493278503418,-0.012528875167481602,12.080718994140625,636.88916015625,948.95
468,227,993,464896,0.9250776767730713,4.632392477989197,1130,0.12119140625,-24.139426612854002,0.0003,0.020703305,0.2,-0.007170438766479492,-0.016867740824818612,2.242300033569336,631.8421020507812,946.81
467,228,998,466944,0.9245913028717041,28.154214763641356,1135,0.06806640625,-24.124697780609132,0.0003,0.012009095,0.2,0.0011170506477355957,-0.011029288498684764,15.36999225616455,619.599853515625,943.47
467,229,1002,468992,0.9248870015144348,58.61079216003418,1140,0.15,-24.121343898773194,0.0003,0.020593392,0.2,0.0053465962409973145,-0.016571198217570783,36.08744812011719,619.599853515625,943.47
468,230,1006,471040,0.925125002861023,22.894868564605712,1145,0.00791015625,-24.129384803771973,0.0003,0.0035037317,0.2,0.012015283107757568,-0.0026855524512939153,9.924551010131836,620.1431274414062,943.27
467,231,1011,473088,0.924997091293335,37.1231728553772,1150,0.0068359375,-24.130145263671874,0.0003,0.003922442,0.2,0.009369611740112305,-0.0081958195194602,27.321109771728516,624.63330078125,940.69
467,232,1015,475136,0.924626350402832,74.3510971069336,1155,0.13203125,-24.124143409729005,0.0003,0.01788339,0.2,0.004574775695800781,-0.017349990969523787,44.9696159362793,630.2334594726562,943.91
467,233,1019,477184,0.9244576692581177,17.709958648681642,1160,0.00458984375,-24.119468402862548,0.0003,0.0032400617,0.2,-0.009944796562194824,-0.005104408971965313,7.952777862548828,630.2334594726562,943.91
467,234,1024,479232,0.924462080001831,15.938517999649047,1165,0.01171875,-24.11712007522583,0.0003,0.0045286594,0.2,0.0013262033462524414,-0.00842650223057717,7.737158298492432,622.3351440429688,939.86
467,235,1028,481280,0.9244909286499023,56.32423324584961,1170,0.08427734375,-24.118039512634276,0.0003,0.014482535,0.2,0.0044318437576293945,-0.01524184998124838,21.129947662353516,625.2996215820312,942.91
467,236,1033,483328,0.9245104193687439,19.201916408538818,1175,0.00478515625,-24.11865339279175,0.0003,0.003506885,0.2,0.008880972862243652,-0.004818712233100086,6.782876491546631,627.0616455078125,939.09
467,237,1037,485376,0.9245849251747131,36.54176712036133,1180,0.14443359375,-24.119816303253174,0.0003,0.019870449,0.2,0.005662739276885986,-0.02050331130158156,17.218677520751953,627.0616455078125,939.09
467,238,1042,487424,0.9242297410964966,10.6169762134552,1185,0.06865234375,-24.118214797973632,0.0003,0.012886094,0.2,0.011412322521209717,-0.016103577963076533,5.251627445220947,637.6257934570312,945.83
467,239,1047,489472,0.9240853786468506,9.284805393218994,1190,0.22392578125,-24.11173543930054,0.0003,0.023806715,0.2,0.017141640186309814,-0.027550553740002214,4.921361446380615,634.4854736328125,945.83
467,240,1051,491520,0.9232057929039001,3.468993377685547,1195,0.14580078125,-24.104739475250245,0.0003,0.017790586,0.2,0.016899526119232178,-0.020474699029000475,1.6031287908554077,633.9702758789062,945.83
467,241,1055,493568,0.9223836064338684,8.489946866035462,1200,0.06796875,-24.084664344787598,0.0003,0.010673745,0.2,0.027886271476745605,-0.010056855075526982,4.556631088256836,635.3458251953125,945.83
467,242,1059,495616,0.9208329319953918,7.005008029937744,1205,0.12509765625,-24.06627655029297,0.0003,0.020175904,0.2,0.017657220363616943,-0.01814686127472669,3.043398857116699,636.5127563476562,945.83
467,243,1064,497664,0.919867753982544,6.409221720695496,1210,0.09853515625,-24.03496332168579,0.0003,0.012350336,0.2,0.024597108364105225,-0.012804650433827192,3.256659507751465,638.6644287109375,944.18
467,244,1069,499712,0.9193915128707886,57.91004390716553,1215,0.12001953125,-24.02256097793579,0.0003,0.019129258,0.2,0.004244089126586914,-0.014935374143533409,42.35630798339844,634.348388671875,937.88
467,245,1073,501760,0.9193339943885803,85.57825565338135,1220,0.1041015625,-24.017204093933106,0.0003,0.016101584,0.2,0.008971214294433594,-0.015832368424162267,37.67393493652344,634.348388671875,937.88
467,246,1077,503808,0.9191290736198425,7.078178787231446,1225,0.02080078125,-24.015213584899904,0.0003,0.0054309983,0.2,-0.016130685806274414,-0.006886524544097483,3.001406192779541,633.7372436523438,934.9
467,247,1082,505856,0.9189318418502808,27.541600894927978,1230,0.11240234375,-24.010562229156495,0.0003,0.018638704,0.2,-0.0022246837615966797,-0.01640055738389492,12.234140396118164,629.426513671875,934.9
467,248,1086,507904,0.9183856248855591,5.274451494216919,1235,0.065625,-24.004247760772706,0.0003,0.012398295,0.2,0.03575778007507324,-0.01533660861896351,2.732384443283081,625.3329467773438,934.9
467,249,1090,509952,0.9172556400299072,8.07765281200409,1240,0.1806640625,-23.98651695251465,0.0003,0.021295242,0.2,0.03895139694213867,-0.02329141702502966,3.7199196815490723,625.3329467773438,934.9
467,250,1094,512000,0.9170088171958923,9.262038087844848,1245,0.12998046875,-23.971451568603516,0.0003,0.01818463,0.2,0.059071123600006104,-0.017535064183175565,4.4133687019348145,630.0509643554688,932.71
467,251,1099,514048,0.9171472191810608,37.82558422088623,1250,0.0626953125,-23.9716703414917,0.0003,0.011310375,0.2,0.023459792137145996,-0.011111080611590296,16.810888290405273,631.2955932617188,934.88
467,252,1103,516096,0.9171157479286194,14.382458305358886,1255,0.0265625,-23.973441696166994,0.0003,0.006384713,0.2,0.0632433295249939,-0.009427642892114818,6.825759410858154,633.789306640625,934.88
467,253,1108,518144,0.9169671535491943,11.934251642227172,1260,0.009765625,-23.9713134765625,0.0003,0.0043160627,0.2,0.06617331504821777,-0.008155468618497252,5.532081127166748,630.8749389648438,931.88
467,254,1113,520192,0.9161117076873779,33.75568904876709,1265,0.1240234375,-23.963258743286133,0.0003,0.015527317,0.2,0.009921371936798096,-0.016653091670013963,9.681159973144531,634.4266967773438,928.57
467,255,1117,522240,0.9154517650604248,54.62714986801147,1270,0.05712890625,-23.945684814453124,0.0003,0.009116943,0.2,0.005307495594024658,-0.007572251209057868,27.88269805908203,633.4888916015625,926.44
467,256,1121,524288,0.9154412746429443,34.32793893814087,1275,0.128515625,-23.939343547821046,0.0003,0.020140117,0.2,0.02982354164123535,-0.014841237361542881,11.009954452514648,633.4888916015625,926.44
467,257,1126,526336,0.9147176742553711,11.521855926513672,1280,0.1494140625,-23.93553771972656,0.0003,0.018114444,0.2,0.08530139923095703,-0.0227630824316293,5.594665050506592,627.3046264648438,918.53
467,258,1130,528384,0.914362907409668,62.67627468109131,1285,0.08076171875,-23.921295356750488,0.0003,0.013267192,0.2,0.041170477867126465,-0.013692887825891375,21.98594093322754,625.7532958984375,918.53
467,259,1135,530432,0.9142329096794128,17.33333044052124,1290,0.0119140625,-23.918421268463135,0.0003,0.005053252,0.2,0.1516241431236267,-0.006737745273858309,7.688736915588379,632.3403930664062,918.34
467,260,1139,532480,0.9138455986976624,37.22674226760864,1295,0.0845703125,-23.912951946258545,0.0003,0.01444695,0.2,0.05628669261932373,-0.015734988101758062,16.88923454284668,635.9755249023438,915.57
467,261,1144,534528,0.9137276411056519,33.309503173828126,1300,0.02080078125,-23.907570838928223,0.0003,0.0064681848,0.2,0.0911409854888916,-0.00940691294381395,8.82701587677002,635.4884643554688,918.27
466,262,1149,536576,0.9138137102127075,9.793069505691529,1305,0.044140625,-23.907253360748292,0.0003,0.009387877,0.2,0.3234288692474365,-0.013412273698486387,4.448554515838623,642.2030639648438,922.67
466,263,1153,538624,0.9137483239173889,13.28243637084961,1310,0.0283203125,-23.908230781555176,0.0003,0.0074859043,0.2,0.41515928506851196,-0.011681051272898913,6.249361038208008,640.4432373046875,920.69
466,264,1157,540672,0.9137784242630005,35.81482973098755,1315,0.0150390625,-23.907107067108154,0.0003,0.0053860573,0.2,0.21573805809020996,-0.00869876965880394,13.501911163330078,640.1514282226562,920.69
466,265,1162,542720,0.9139713644981384,10.33995280265808,1320,0.02392578125,-23.909467506408692,0.0003,0.00708721,0.2,0.5341640710830688,-0.009049869910813867,4.451040744781494,642.0262451171875,920.15
466,266,1167,544768,0.9140345454216003,58.22828207015991,1325,0.00751953125,-23.912775135040285,0.0003,0.00359141,0.2,0.2120577096939087,-0.005994808301329613,21.395122528076172,649.0591430664062,915.5
466,267,1171,546816,0.9139284491539001,31.846302604675294,1330,0.00322265625,-23.912256908416747,0.0003,0.0028528175,0.2,0.30960744619369507,-0.007320429536048323,4.977418422698975,649.1175537109375,918.22
466,268,1176,548864,0.9136812686920166,11.605295181274414,1335,0.0115234375,-23.908930587768555,0.0003,0.0049007484,0.2,0.637190580368042,-0.009305306826718152,4.94218635559082,649.1175537109375,918.22
466,269,1181,550912,0.9134891033172607,9.389641737937927,1340,0.00810546875,-23.903790092468263,0.0003,0.0041869776,0.2,0.7146587371826172,-0.007362354395445437,4.0364603996276855,650.5838012695312,922.62
466,270,1186,552960,0.9131869077682495,6.592405605316162,1345,0.0048828125,-23.89963855743408,0.0003,0.0036635753,0.2,0.7680319547653198,-0.008437845233129338,2.808295488357544,656.489990234375,924.66
465,271,1191,555008,0.9130556583404541,7.509187650680542,1350,0.02265625,-23.89436845779419,0.0003,0.006592124,0.2,0.7843215465545654,-0.011261455167550593,3.0606322288513184,656.7433471679688,924.66
466,272,1195,557056,0.9129558205604553,4.898173403739929,1355,0.0228515625,-23.892695045471193,0.0003,0.007078833,0.2,0.83611661195755,-0.010170226520858704,1.9492237567901611,656.7433471679688,924.66
465,273,1200,559104,0.9128414988517761,4.843562722206116,1360,0.007421875,-23.890389728546143,0.0003,0.004022887,0.2,0.8479904532432556,-0.007270651264116168,2.2402503490448,664.2462768554688,931.35
465,274,1204,561152,0.9124014377593994,5.387196254730225,1365,0.02236328125,-23.885892868041992,0.0003,0.006474034,0.2,0.848814845085144,-0.010520785406697541,2.42252254486084,665.7595825195312,932.79
465,275,1208,563200,0.9119017124176025,5.178319215774536,1370,0.0236328125,-23.875451183319093,0.0003,0.0067143403,0.2,0.8582721948623657,-0.009895799262449146,2.199849843978882,664.2461547851562,932.99
466,276,1212,565248,0.9118073582649231,11.457385063171387,1375,0.0068359375,-23.8692419052124,0.0003,0.0037759808,0.2,0.8263753652572632,-0.006847591116093099,5.345668792724609,664.2461547851562,932.99
465,277,1218,567296,0.9117411375045776,9.83461399078369,1380,0.007421875,-23.868466091156005,0.0003,0.004058475,0.2,0.8370869159698486,-0.008178647654131056,4.2483391761779785,668.9121704101562,937.5
465,278,1222,569344,0.9116954803466797,34.72131371498108,1385,0.00458984375,-23.867027854919435,0.0003,0.003481051,0.2,0.5897506475448608,-0.006105846189893782,5.194441318511963,670.4157104492188,937.23
465,279,1226,571392,0.9116420745849609,36.97940111160278,1390,0.001953125,-23.86630849838257,0.0003,0.00220933,0.2,0.5946555733680725,-0.005005303921643644,13.334367752075195,668.586181640625,939.44
465,280,1230,573440,0.9116968512535095,6.815065407752991,1395,0.01279296875,-23.865884590148926,0.0003,0.0051216916,0.2,0.8891769051551819,-0.008543041930533946,2.9926726818084717,670.877197265625,939.44
465,281,1235,575488,0.9116500020027161,5.669781804084778,1400,0.03935546875,-23.866794395446778,0.0003,0.008424707,0.2,0.9109073877334595,-0.010641863860655576,2.1970434188842773,674.9453125,941.4
465,282,1241,577536,0.9115163087844849,4.683078396320343,1405,0.01875,-23.864449405670165,0.0003,0.0062572453,0.2,0.9276157021522522,-0.011435935157351196,2.0571393966674805,673.6582641601562,938.58
465,283,1245,579584,0.9114277362823486,73.88714599609375,1410,0.0,-23.862059307098388,0.0003,0.0012727962,0.2,0.44337451457977295,-0.000632154056802392,24.263872146606445,673.6582641601562,938.58
465,284,1249,581632,0.911418616771698,7.104809904098511,1415,0.001171875,-23.861032581329347,0.0003,0.0020586988,0.2,0.9208935499191284,-0.005175859306473285,3.010284662246704,674.386474609375,933.2
465,285,1254,583680,0.9114144444465637,73.51613883972168,1420,0.00029296875,-23.861191749572754,0.0003,0.0013496699,0.2,0.541547417640686,-0.0021617967053316534,23.322601318359375,673.4824829101562,933.2
465,286,1258,585728,0.9113503694534302,9.469298148155213,1425,9.765625e-05,-23.860588359832764,0.0003,0.0010083227,0.2,0.9238059520721436,-0.0032935266266576947,3.922071933746338,677.752685546875,931.41
465,287,1263,587776,0.911279559135437,79.66203880310059,1430,0.00068359375,-23.858942794799805,0.0003,0.001612775,0.2,0.5110880732536316,-0.0038519913563504816,37.286441802978516,674.667724609375,924.14
465,288,1268,589824,0.9112396240234375,50.79838809967041,1435,0.00068359375,-23.857868957519532,0.0003,0.0014757233,0.2,0.6758909225463867,-0.005309164628852159,25.052400588989258,667.1444702148438,920.13
465,289,1272,591872,0.9112303256988525,38.89751272201538,1440,0.0,-23.857434463500976,0.0003,0.0007136995,0.2,0.7128118276596069,-0.0026580177509458736,16.72108268737793,668.470458984375,914.94
465,290,1276,593920,0.9112066626548767,63.41385612487793,1445,0.0013671875,-23.857160568237305,0.0003,0.002246357,0.2,0.4750424027442932,-0.005138932541012764,39.082698822021484,675.53759765625,923.62
465,291,1281,595968,0.911096453666687,3.59350563287735,1450,0.00517578125,-23.85607280731201,0.0003,0.0035070786,0.2,0.9493246078491211,-0.006248659105040133,1.8159832954406738,670.4299926757812,919.75
465,292,1285,598016,0.9109933376312256,44.5797516822815,1455,0.0005859375,-23.853526496887206,0.0003,0.0018909089,0.2,0.7658750414848328,-0.003444287832826376,24.16228485107422,670.4575805664062,919.75
464,293,1290,600064,0.9109761118888855,8.48857765197754,1460,0.00048828125,-23.852309226989746,0.0003,0.0015350314,0.2,0.9580017328262329,-0.003843042749213055,3.6122193336486816,672.8258056640625,920.46
465,294,1294,602112,0.911030650138855,37.64182710647583,1465,0.00126953125,-23.852611541748047,0.0003,0.0018758225,0.2,0.7540510296821594,-0.00397449831943959,20.032535552978516,676.1943969726562,920.46
465,295,1298,604160,0.9110152721405029,5.3745505809783936,1470,0.000390625,-23.853376388549805,0.0003,0.0019156204,0.2,0.9572646021842957,-0.004815304768271744,2.2423670291900635,676.1791381835938,920.46
465,296,1303,606208,0.9109526872634888,4.311583030223846,1475,0.03193359375,-23.852481842041016,0.0003,0.0077696955,0.2,0.9717275500297546,-0.008852732949890196,1.7823574542999268,683.2752075195312,920.46
464,297,1308,608256,0.910773515701294,1.946143674850464,1480,0.008984375,-23.850231456756593,0.0003,0.0039600637,0.2,0.9794085025787354,-0.007338541792705655,0.7513389587402344,682.20068359375,923.46
464,298,1313,610304,0.9107016324996948,2.482280194759369,1485,0.0115234375,-23.847304344177246,0.0003,0.0043241833,0.2,0.975827693939209,-0.008428731909953057,1.171317219734192,682.5359497070312,923.66
464,299,1318,612352,0.9106534123420715,2.7312968254089354,1490,0.00341796875,-23.846505069732665,0.0003,0.002885442,0.2,0.9570786952972412,-0.004619965562596917,1.205087423324585,678.1866455078125,924.42
464,300,1322,614400,0.9105936884880066,25.497426891326903,1495,0.001171875,-23.84534282684326,0.0003,0.0016242306,0.2,0.7966630458831787,-0.0017250475706532598,17.713356018066406,675.9166259765625,921.17
464,301,1327,616448,0.9105224609375,22.370914697647095,1500,0.0,-23.84408845901489,0.0003,0.0008578141,0.2,0.8596063256263733,-0.0029707720037549733,9.831945419311523,682.735107421875,927.62
464,302,1331,618496,0.9103395938873291,6.487157607078553,1505,0.003515625,-23.841999053955078,0.0003,0.00293604,0.2,0.963118314743042,-0.0057467768201604486,2.642102003097534,686.4921875,927.62
464,303,1335,620544,0.9100611805915833,4.6258896589279175,1510,0.00927734375,-23.83720407485962,0.0003,0.004375736,0.2,0.9681499004364014,-0.0077085238182917236,1.8240183591842651,694.0001831054688,931.21
464,304,1339,622592,0.910040020942688,5.651434063911438,1515,0.0208984375,-23.833541584014892,0.0003,0.0058659324,0.2,0.9620063304901123,-0.00851240985793993,2.49151873588562,696.6660766601562,931.21
464,305,1344,624640,0.91013503074646,4.757101583480835,1520,0.0048828125,-23.834781455993653,0.0003,0.0031121843,0.2,0.9715976119041443,-0.005267503531649708,2.0715155601501465,693.9041137695312,934.17
464,306,1348,626688,0.9101062417030334,3.793250596523285,1525,0.0025390625,-23.835832500457762,0.0003,0.0024639615,0.2,0.9691935181617737,-0.004431020887568593,1.6504714488983154,695.8590087890625,934.17
464,307,1353,628736,0.9099747538566589,3.460208010673523,1530,0.00498046875,-23.83396005630493,0.0003,0.0035876948,0.2,0.9746956825256348,-0.005970841110683978,1.6374753713607788,694.5585327148438,934.17
464,308,1357,630784,0.9098697304725647,4.396128702163696,1535,0.00693359375,-23.831490898132323,0.0003,0.003538622,0.2,0.9653347730636597,-0.007096381566952914,2.2305378913879395,696.1422729492188,934.17
464,309,1362,632832,0.9097558259963989,3.3618672728538512,1540,0.0048828125,-23.82949094772339,0.0003,0.0032719048,0.2,0.9776666760444641,-0.005324606550857425,1.38927161693573,701.1160278320312,938.23
464,310,1366,634880,0.9096310138702393,3.4032052397727965,1545,0.01728515625,-23.826926612854002,0.0003,0.005179138,0.2,0.9754859209060669,-0.0061662059975788,1.6674233675003052,702.7697143554688,937.61
464,311,1372,636928,0.9095809459686279,71.9290075302124,1550,0.0,-23.825069904327393,0.0003,0.0009891748,0.2,0.52286696434021,-0.002059848085627891,18.748401641845703,700.5178833007812,938.13
464,312,1375,638976,0.9095509052276611,34.86880483627319,1555,9.765625e-05,-23.82441120147705,0.0003,0.0010624678,0.2,0.7755109667778015,-0.0032903138315305116,12.404833793640137,700.5178833007812,938.13
464,313,1380,641024,0.9095335006713867,2.8944133162498473,1560,0.01015625,-23.823849773406984,0.0003,0.00441935,0.2,0.9822126030921936,-0.006564968382008374,1.4649771451950073,696.1062622070312,936.66
464,314,1385,643072,0.9095398783683777,55.174335670471194,1565,0.00419921875,-23.8238374710083,0.0003,0.0027192486,0.2,0.7963012456893921,-0.0034293004544451835,26.719518661499023,695.9268188476562,934.75
464,315,1389,645120,0.9095546007156372,16.342463326454162,1570,0.00048828125,-23.824103927612306,0.0003,0.0011879104,0.2,0.9325635433197021,-0.002835986518766731,3.932368516921997,702.5236206054688,934.75
464,316,1394,647168,0.9094769358634949,3.7270291805267335,1575,0.01708984375,-23.823862648010255,0.0003,0.005456765,0.2,0.9853070378303528,-0.00687495379243046,1.665024757385254,695.314697265625,930.89
463,317,1399,649216,0.9093368053436279,50.63724431991577,1580,0.00126953125,-23.821456909179688,0.0003,0.002004846,0.2,0.8408380150794983,-0.0037485430715605617,20.883102416992188,697.6581420898438,922.99
463,318,1403,651264,0.9092925190925598,75.56870594024659,1585,0.0,-23.819450187683106,0.0003,0.00089550426,0.2,0.6583056449890137,-0.0026753521873615683,35.454368591308594,694.524658203125,920.03
464,319,1407,653312,0.9092314839363098,23.267182731628417,1590,0.0001953125,-23.818728733062745,0.0003,0.0012161477,0.2,0.8619579076766968,-0.0031157930614426734,2.6689534187316895,695.5650634765625,915.8
464,320,1412,655360,0.9090703129768372,34.63318662643432,1595,0.02548828125,-23.816682529449462,0.0003,0.0064706127,0.2,0.8099278807640076,-0.007051150500774384,17.943008422851562,699.115478515625,915.8
463,321,1417,657408,0.909022867679596,1.372042429447174,1600,0.07119140625,-23.814187049865723,0.0003,0.013432391,0.2,0.990797221660614,-0.012803730135783554,0.6709604263305664,706.355224609375,919.25
463,322,1421,659456,0.9089272618293762,1.7333242356777192,1605,0.02978515625,-23.813315391540527,0.0003,0.007645261,0.2,0.98958420753479,-0.00927409427240491,0.7922796607017517,708.513427734375,919.25
463,323,1425,661504,0.9087193012237549,2.586035120487213,1610,0.0220703125,-23.810148620605467,0.0003,0.0061359284,0.2,0.9795375466346741,-0.006024128245189786,1.1204137802124023,702.3067016601562,917.61
463,324,1430,663552,0.9085829854011536,20.205781245231627,1615,0.0037109375,-23.80657787322998,0.0003,0.0027653985,0.2,0.8435221910476685,-0.004292785667348653,3.6681344509124756,694.7800903320312,907.56
463,325,1435,665600,0.908507227897644,78.82084350585937,1620,0.0001953125,-23.804342842102052,0.0003,0.0012611386,0.2,0.62590491771698,-0.00299400445073843,26.20777130126953,693.6673583984375,907.56
463,326,1439,667648,0.9083986282348633,6.668780422210693,1625,0.00087890625,-23.80283832550049,0.0003,0.001866326,0.2,0.9503949880599976,-0.00436101786326617,2.538770914077759,695.3123168945312,907.56
463,327,1444,669696,0.9082934856414795,3.050227093696594,1630,0.0146484375,-23.800411701202393,0.0003,0.0050271633,0.2,0.9851381182670593,-0.006779392529278993,1.3196874856948853,700.8595581054688,912.23
463,328,1448,671744,0.9082322716712952,59.52850685119629,1635,0.0017578125,-23.79888525009155,0.0003,0.0020665452,0.2,0.7944321632385254,-0.0024200047366321085,29.957590103149414,704.9397583007812,914.27
463,329,1453,673792,0.9081952571868896,38.277116775512695,1640,0.00615234375,-23.797943687438966,0.0003,0.0029818877,0.2,0.8549153208732605,-0.004166984872426838,18.530553817749023,703.2787475585938,916.16
463,330,1457,675840,0.9081957936286926,2.8554085373878477,1645,0.00166015625,-23.797646903991698,0.0003,0.002211545,0.2,0.9871624708175659,-0.004243058059364558,1.4518343210220337,706.1846313476562,916.43
463,331,1461,677888,0.9081287384033203,2.0879047334194185,1650,0.01318359375,-23.797271060943604,0.0003,0.0049336734,0.2,0.9910215735435486,-0.006684181676246226,0.9985299706459045,700.3816528320312,914.6
463,332,1466,679936,0.9080628156661987,54.90416421890259,1655,0.00078125,-23.795711994171143,0.0003,0.0017483226,0.2,0.8105084896087646,-0.002390790230128914,20.90254783630371,703.660888671875,919.3
463,333,1471,681984,0.908038854598999,54.980672931671144,1660,0.001171875,-23.79483280181885,0.0003,0.0022725044,0.2,0.8320479393005371,-0.004960134765133262,33.70119857788086,704.6298217773438,920.54
463,334,1475,684032,0.9080137610435486,107.87820625305176,1665,0.0001953125,-23.7944616317749,0.0003,0.0011594082,0.2,0.7294343113899231,-0.0020088916702661664,45.824581146240234,706.7321166992188,922.84
463,335,1479,686080,0.9079627990722656,40.150946378707886,1670,0.0,-23.793722915649415,0.0003,0.00086211436,0.2,0.875214695930481,-0.0023923432105220853,22.45220184326172,701.5792236328125,918.32
463,336,1484,688128,0.9078899025917053,44.49945516586304,1675,0.000390625,-23.792451667785645,0.0003,0.0016157486,0.2,0.8568675518035889,-0.003875118470750749,14.625993728637695,700.0086669921875,913.62
463,337,1488,690176,0.9078178405761719,35.82091064453125,1680,0.00078125,-23.79100046157837,0.0003,0.0015825845,0.2,0.8790713548660278,-0.0031191911548376083,12.10843563079834,703.2400512695312,913.62
463,338,1493,692224,0.9077752232551575,5.641615390777588,1685,0.00673828125,-23.789841747283937,0.0003,0.003482036,0.2,0.9826686978340149,-0.00546673028729856,2.414790391921997,705.5750732421875,915.1
463,339,1497,694272,0.9076883792877197,4.915280079841613,1690,0.0056640625,-23.788620471954346,0.0003,0.0035210098,0.2,0.9911603331565857,-0.004914407921023667,2.349376916885376,698.4141235351562,910.8
463,340,1503,696320,0.9077032804489136,16.080958557128906,1695,0.00810546875,-23.78742265701294,0.0003,0.0036312605,0.2,0.95408695936203,-0.003552598925307393,2.8470993041992188,691.364501953125,910.8
463,341,1507,698368,0.9076095223426819,3.671598505973816,1700,0.0322265625,-23.787521362304688,0.0003,0.008580152,0.2,0.9914839267730713,-0.009961847763042897,1.5867255926132202,703.0282592773438,910.8
463,342,1512,700416,0.9076159596443176,3.937405836582184,1705,0.008984375,-23.78558235168457,0.0003,0.0043643704,0.2,0.9866630434989929,-0.006254439486656338,1.806182861328125,700.6522827148438,909.91
463,343,1516,702464,0.9075772762298584,15.955493021011353,1710,0.00888671875,-23.78594617843628,0.0003,0.0040502213,0.2,0.9529232382774353,-0.005278952093794942,9.025466918945312,699.8055419921875,909.91
463,344,1520,704512,0.9074071049690247,3.193593239784241,1715,0.00712890625,-23.78382110595703,0.0003,0.0037423982,0.2,0.9887543320655823,-0.004898686963133514,1.4161889553070068,707.10791015625,912.26
463,345,1525,706560,0.9073073267936707,3.33911110162735,1720,0.0185546875,-23.780549812316895,0.0003,0.0058840606,0.2,0.9892238974571228,-0.0072437271941453215,1.526721477508545,710.9771118164062,915.51
463,346,1530,708608,0.9073038101196289,3.226494038105011,1725,0.00361328125,-23.779847049713133,0.0003,0.0028630025,0.2,0.9874235987663269,-0.0046224446501582864,1.4676011800765991,708.3826293945312,915.51
463,347,1534,710656,0.9072163701057434,3.1009456634521486,1730,0.01796875,-23.779275989532472,0.0003,0.0058692344,0.2,0.9881962537765503,-0.007426926516927779,1.454355001449585,708.3826293945312,915.51
463,348,1538,712704,0.9070294499397278,1.9244876742362975,1735,0.0216796875,-23.77666358947754,0.0003,0.006869029,0.2,0.994255542755127,-0.006487685581669211,0.7914221286773682,707.3622436523438,915.51
463,349,1543,714752,0.9069601893424988,2.4623194336891174,1740,0.0646484375,-23.77346544265747,0.0003,0.0107503375,0.2,0.9931351542472839,-0.010294409166090191,1.0914530754089355,702.606689453125,915.51
462,350,1548,716800,0.9069052934646606,2.940330708026886,1745,0.033984375,-23.772816753387453,0.0003,0.00854763,0.2,0.991696834564209,-0.008907321817241609,1.217912197113037,710.0642700195312,910.2
463,351,1552,718848,0.9069585800170898,43.92315173149109,1750,0.05732421875,-23.77209186553955,0.0003,0.010968267,0.2,0.8314658403396606,-0.007767502800561488,47.9820442199707,705.4542846679688,907.62
463,352,1556,720896,0.9069393873214722,39.717888832092285,1755,0.022265625,-23.773023891448975,0.0003,0.006149686,0.2,0.855167031288147,-0.006391079910099506,13.840731620788574,706.5115356445312,907.62
463,353,1561,722944,0.9070961475372314,2.0347491979598997,1760,0.032421875,-23.77343854904175,0.0003,0.0076486394,0.2,0.9920886158943176,-0.006623513763770461,1.0055994987487793,708.9795532226562,907.62
462,354,1565,724992,0.9071124196052551,2.2453065037727358,1765,0.0787109375,-23.776258754730225,0.0003,0.011135862,0.2,0.9929870367050171,-0.012428026460111142,0.900237500667572,713.2012329101562,911.77
462,355,1570,727040,0.9069108963012695,2.0395864725112913,1770,0.084375,-23.77457437515259,0.0003,0.013741968,0.2,0.9908990263938904,-0.011545738752465695,0.8837944865226746,713.1796875,913.4
463,356,1574,729088,0.9067080616950989,1.4142782270908356,1775,0.01845703125,-23.769979763031007,0.0003,0.005644293,0.2,0.9922733902931213,-0.004985751560889184,0.5778995156288147,713.1796875,913.4
462,357,1579,731136,0.9066087007522583,1.3861097872257233,1780,0.0119140625,-23.766760921478273,0.0003,0.004499835,0.2,0.990781307220459,-0.00539353349013254,0.5005115270614624,720.4442138671875,917.8
462,358,1584,733184,0.9063505530357361,2.7988725781440733,1785,0.08876953125,-23.763780784606933,0.0003,0.014842639,0.2,0.9841181039810181,-0.010606696549803018,1.13336980342865,723.21826171875,920.91
462,359,1588,735232,0.9061818718910217,2.5001071095466614,1790,0.02392578125,-23.75897560119629,0.0003,0.0066813724,0.2,0.9848027229309082,-0.007498590275645256,1.0414317846298218,722.2860107421875,920.91
462,360,1592,737280,0.9059791564941406,2.3185032963752747,1795,0.05595703125,-23.755499172210694,0.0003,0.011392511,0.2,0.9885715246200562,-0.009281256492249668,1.1539608240127563,715.379638671875,916.97
462,361,1597,739328,0.9059640169143677,27.764189195632934,1800,0.00361328125,-23.752655601501466,0.0003,0.002794345,0.2,0.9187117218971252,-0.003317636135034263,20.427091598510742,719.5939331054688,916.88
462,362,1602,741376,0.9059614539146423,82.80662631988525,1805,0.00166015625,-23.753028392791748,0.0003,0.0022061751,0.2,0.8077100515365601,-0.0035054945852607488,44.92054748535156,720.2937622070312,914.56
462,363,1606,743424,0.9058190584182739,36.63536584377289,1810,0.01318359375,-23.751874256134034,0.0003,0.0049851025,0.2,0.8971036672592163,-0.005315300734946504,33.214111328125,721.935546875,913.89
462,364,1611,745472,0.9056508541107178,39.23236346244812,1815,0.00654296875,-23.748206043243407,0.0003,0.0039028649,0.2,0.8902722597122192,-0.006053220038302243,23.419322967529297,717.671875,918.12
462,365,1616,747520,0.9053712487220764,2.625135374069214,1820,0.03818359375,-23.74470224380493,0.0003,0.009488586,0.2,0.9879359006881714,-0.009210428409278392,1.0837047100067139,716.6118774414062,916.15
462,366,1620,749568,0.9052521586418152,34.20656843185425,1825,0.009375,-23.739398574829103,0.0003,0.0041160425,0.2,0.768990695476532,-0.0065439203113783154,10.985676765441895,714.43994140625,916.15
462,367,1624,751616,0.9052245616912842,1.2978638797998427,1830,0.00615234375,-23.73848876953125,0.0003,0.0039045957,0.2,0.9768295884132385,-0.005106623226311058,0.5186342597007751,714.691650390625,916.15
462,368,1629,753664,0.9049632549285889,0.7760164231061936,1835,0.06689453125,-23.736440563201903,0.0003,0.0116793085,0.2,0.9914244413375854,-0.01081124572083354,0.29042360186576843,712.4515380859375,918.06
462,369,1634,755712,0.9046257734298706,0.6529636919498444,1840,0.11025390625,-23.72979164123535,0.0003,0.0148862805,0.2,0.9923729300498962,-0.012708462425507605,0.24766245484352112,706.1226806640625,921.16
462,370,1638,757760,0.9044260382652283,11.667781352996826,1845,0.033203125,-23.723796558380126,0.0003,0.007338167,0.2,0.9473162889480591,-0.006380852381698787,3.3192026615142822,706.1226806640625,921.16
462,371,1642,759808,0.9043900370597839,1.2886071145534514,1850,0.051171875,-23.721858787536622,0.0003,0.010441795,0.2,0.9905077815055847,-0.009956130222417415,0.5587063431739807,703.069580078125,921.16
462,372,1648,761856,0.9042086005210876,1.382649427652359,1855,0.14951171875,-23.720019340515137,0.0003,0.01727352,0.2,0.9926115870475769,-0.011941227631177753,0.5998222231864929,704.47802734375,924.58
462,373,1653,763904,0.9039807915687561,1.595737498998642,1860,0.05283203125,-23.715552234649657,0.0003,0.009490188,0.2,0.9918849468231201,-0.009512475039809943,0.8157094717025757,701.32958984375,923.51
461,374,1658,765952,0.9038656949996948,32.698720407485965,1865,0.0037109375,-23.712080192565917,0.0003,0.0031389818,0.2,0.8876899480819702,-0.004103883705101907,11.063116073608398,687.86279296875,903.64
461,375,1662,768000,0.9038425087928772,91.84226055145264,1870,0.00107421875,-23.710709285736083,0.0003,0.0020907817,0.2,0.7440234422683716,-0.002680672297719866,31.223522186279297,683.785888671875,900.38
461,376,1666,770048,0.9038416743278503,16.507051706314087,1875,0.01923828125,-23.71056489944458,0.0003,0.006249686,0.2,0.9399872422218323,-0.006827432534191757,6.732479572296143,689.6793823242188,902.47
461,377,1671,772096,0.9038476943969727,40.591557025909424,1880,0.0240234375,-23.71053304672241,0.0003,0.0066553215,0.2,0.830240786075592,-0.007149837096221745,25.76299476623535,692.8626708984375,903.0
461,378,1675,774144,0.9036383032798767,2.091599154472351,1885,0.058984375,-23.709513473510743,0.0003,0.013580998,0.2,0.9831185936927795,-0.010320751089602708,0.7552215456962585,699.8778076171875,911.31
462,379,1680,776192,0.9033019542694092,1.577998685836792,1890,0.09326171875,-23.70302104949951,0.0003,0.015307074,0.2,0.984351634979248,-0.010621926514431834,0.6778457164764404,701.05322265625,914.29
462,380,1684,778240,0.902999758720398,1.6263123035430909,1895,0.101171875,-23.696611976623537,0.0003,0.016749484,0.2,0.9759489297866821,-0.010921734408475459,0.7401978969573975,708.0867919921875,918.81
461,381,1689,780288,0.9027191996574402,1.5285683751106263,1900,0.0845703125,-23.690702533721925,0.0003,0.011110165,0.2,0.9923863410949707,-0.010381254670210182,0.7308340072631836,714.5619506835938,927.38
461,382,1693,782336,0.902500569820404,1.675422775745392,1905,0.05751953125,-23.685316371917725,0.0003,0.010922451,0.2,0.9953652024269104,-0.009946044045500457,0.6711187362670898,719.9597778320312,926.74
461,383,1697,784384,0.9023791551589966,21.60657489299774,1910,0.01572265625,-23.681963443756104,0.0003,0.005298339,0.2,0.9103569388389587,-0.004978527151979506,22.826101303100586,717.3258056640625,921.54
461,384,1703,786432,0.9022489190101624,14.753532099723817,1915,0.07158203125,-23.679808044433592,0.0003,0.014118104,0.2,0.8308205604553223,-0.00943848347524181,3.8011322021484375,710.387939453125,921.15
461,385,1707,788480,0.9020440578460693,20.111868071556092,1920,0.02578125,-23.676513576507567,0.0003,0.0064950725,0.2,0.9368813633918762,-0.008049766183830798,7.817241191864014,700.059326171875,921.15
461,386,1712,790528,0.901745080947876,2.8733725547790527,1925,0.05927734375,-23.671756172180174,0.0003,0.011824418,0.2,0.9946889877319336,-0.009970626910217106,1.0865936279296875,688.68017578125,902.28
461,387,1717,792576,0.90152907371521,140.19180793762206,1930,0.0328125,-23.665603828430175,0.0003,0.0073136445,0.2,0.7359622716903687,-0.008329669595696032,55.197486877441406,678.4255981445312,899.94
461,388,1721,794624,0.9013190865516663,16.43920032978058,1935,0.03896484375,-23.66221694946289,0.0003,0.009349631,0.2,0.9623585939407349,-0.010539715318009258,9.490421295166016,681.8585815429688,899.94
461,389,1725,796672,0.9011489152908325,3.303878653049469,1940,0.033203125,-23.658061695098876,0.0003,0.00785264,0.2,0.9885120391845703,-0.005895146657712758,1.4080445766448975,681.2307739257812,894.9
461,390,1730,798720,0.9010016322135925,42.08646173477173,1945,0.008984375,-23.654917812347414,0.0003,0.0042136093,0.2,0.8492846488952637,-0.006051411502994597,21.6835994720459,689.9749755859375,894.9
461,391,1735,800768,0.9009515047073364,3.4743648290634157,1950,0.0130859375,-23.652832889556883,0.0003,0.0054260707,0.2,0.9871698617935181,-0.006168401008471847,1.5716543197631836,695.2800903320312,894.9
461,392,1740,802816,0.9008750915527344,2.0155867516994475,1955,0.03671875,-23.65168180465698,0.0003,0.0071496493,0.2,0.9950951337814331,-0.007913378137163817,0.7260811924934387,695.3775024414062,894.9
461,393,1744,804864,0.900905191898346,1.7149458050727844,1960,0.05009765625,-23.650816249847413,0.0003,0.011051719,0.2,0.9955939054489136,-0.007860465976409613,0.8165106773376465,694.21142578125,894.9
461,394,1749,806912,0.9005922675132751,1.9321273148059845,1965,0.13291015625,-23.649448108673095,0.0003,0.019541657,0.2,0.9957958459854126,-0.013949311384931207,0.9544925093650818,700.3067016601562,898.95
461,395,1753,808960,0.9003326892852783,48.84439868927002,1970,0.087109375,-23.642373275756835,0.0003,0.012363714,0.2,0.8806604146957397,-0.007435400504618883,14.442562103271484,702.8434448242188,901.53
461,396,1758,811008,0.9000279903411865,2.1831179797649383,1975,0.04599609375,-23.63718729019165,0.0003,0.010136275,0.2,0.9950779676437378,-0.010152638936415315,0.8334358334541321,698.0769653320312,898.2
461,397,1762,813056,0.8999874591827393,49.56057720184326,1980,0.043359375,-23.63270444869995,0.0003,0.009416378,0.2,0.8546192049980164,-0.006995917554013431,15.815531730651855,698.924560546875,895.55
461,398,1767,815104,0.8999080657958984,12.488124656677247,1985,0.066015625,-23.632647800445557,0.0003,0.011218913,0.2,0.952629566192627,-0.00889675405342132,9.3201265335083,696.148193359375,895.55
461,399,1771,817152,0.8993315100669861,1.4332208275794982,1990,0.10810546875,-23.62666063308716,0.0003,0.015416263,0.2,0.9909395575523376,-0.01123897242359817,0.47341907024383545,698.4629516601562,895.55
461,400,1776,819200,0.8987588882446289,0.7958724558353424,1995,0.07919921875,-23.614421844482422,0.0003,0.014252033,0.2,0.9958671927452087,-0.010251087113283574,0.32649242877960205,693.4495849609375,894.25
461,401,1781,821248,0.898392379283905,30.012158823013305,2000,0.02978515625,-23.604286479949952,0.0003,0.006808128,0.2,0.8995549082756042,-0.005293174181133509,13.471919059753418,696.3239135742188,893.92
461,402,1785,823296,0.8984023332595825,25.73652639389038,2005,0.0125,-23.600540351867675,0.0003,0.005520871,0.2,0.9190264940261841,-0.005885479180142284,24.12798500061035,695.8449096679688,893.92
461,403,1789,825344,0.8983641862869263,1.1498367190361023,2010,0.04375,-23.601415348052978,0.0003,0.009631038,0.2,0.9929478168487549,-0.009611114533618093,0.3202705979347229,697.5162353515625,893.92
461,404,1794,827392,0.8975725173950195,0.725950813293457,2015,0.171484375,-23.59412078857422,0.0003,0.013015287,0.2,0.9975107312202454,-0.012903676019050181,0.2699653208255768,698.7644653320312,897.86
460,405,1799,829440,0.8967003226280212,1.0897677779197692,2020,0.18212890625,-23.576193714141844,0.0003,0.01767059,0.2,0.9958944320678711,-0.011729277786798775,0.6059239506721497,708.1364135742188,907.09
460,406,1804,831488,0.8961279988288879,1.9583279073238373,2025,0.06796875,-23.56132001876831,0.0003,0.0106353555,0.2,0.9949365854263306,-0.008332905359566212,0.9739040732383728,708.1364135742188,907.09
460,407,1808,833536,0.8959485292434692,1.3945048153400421,2030,0.07705078125,-23.55355911254883,0.0003,0.010510407,0.2,0.9965587854385376,-0.011390866828151047,0.539902925491333,705.1748657226562,908.01
460,408,1814,835584,0.8959442973136902,17.61929323673248,2035,0.0654296875,-23.551649570465088,0.0003,0.011019058,0.2,0.9548265337944031,-0.007034667709376663,3.951786756515503,709.6669311523438,910.89
460,409,1818,837632,0.8959915637969971,59.670015048980716,2040,0.01650390625,-23.552293682098387,0.0003,0.0056176623,0.2,0.8007513880729675,-0.004985070484690368,24.768962860107422,710.892822265625,912.86
460,410,1822,839680,0.8960772752761841,2.725926798582077,2045,0.04423828125,-23.55364007949829,0.0003,0.010192901,0.2,0.9837344288825989,-0.008709070633631199,0.9613609910011292,711.584716796875,909.57
460,411,1827,841728,0.8960695266723633,39.482366466522215,2050,0.0423828125,-23.554751014709474,0.0003,0.009548541,0.2,0.8781720399856567,-0.007466636365279555,14.675612449645996,720.247802734375,909.57
460,412,1832,843776,0.8960917592048645,2.099728447198868,2055,0.07646484375,-23.554870986938475,0.0003,0.014180679,0.2,0.9927433133125305,-0.011480186600238085,0.749873697757721,728.9098510742188,909.57
460,413,1837,845824,0.8954887390136719,1.1396900951862334,2060,0.17978515625,-23.550708961486816,0.0003,0.015647536,0.2,0.9958435893058777,-0.01625662366859615,0.46569088101387024,737.270751953125,916.52
460,414,1841,847872,0.8946253657341003,1.1877257734537126,2065,0.17001953125,-23.53424291610718,0.0003,0.020357886,0.2,0.996218740940094,-0.007196125551126897,0.4279864728450775,742.3607788085938,916.52
460,415,1846,849920,0.894271194934845,1.244634473323822,2070,0.1048828125,-23.521123695373536,0.0003,0.011700347,0.2,0.9969766736030579,-0.008187066786922515,0.7000144720077515,748.7670288085938,916.52
460,416,1851,851968,0.8940887451171875,1.3199424743652344,2075,0.09892578125,-23.517374420166014,0.0003,0.014081843,0.2,0.9964582920074463,-0.012348266504704952,0.5863541960716248,748.9109497070312,916.52
460,417,1855,854016,0.8937523365020752,1.4126478254795074,2080,0.13173828125,-23.511091423034667,0.0003,0.016747583,0.2,0.9970054626464844,-0.0126179181272164,0.5775037407875061,752.456787109375,912.18
460,418,1860,856064,0.8935951590538025,17.24079086780548,2085,0.056640625,-23.506040191650392,0.0003,0.010671727,0.2,0.9620967507362366,-0.008148040738888085,9.020950317382812,748.347412109375,906.22
460,419,1864,858112,0.893692672252655,54.20490283966065,2090,0.1,-23.505486392974852,0.0003,0.015754912,0.2,0.8355482816696167,-0.009686748497188091,54.50990676879883,760.1024169921875,916.25
460,420,1869,860160,0.8930729627609253,0.796605697274208,2095,0.18251953125,-23.50208101272583,0.0003,0.016240569,0.2,0.9971506595611572,-0.013539031241089105,0.3175208866596222,774.559814453125,928.05
460,421,1873,862208,0.892719030380249,150.33651123046874,2100,0.0685546875,-23.489382457733154,0.0003,0.011538263,0.2,0.5418009757995605,-0.005620091408491135,108.5699462890625,774.559814453125,928.05
460,422,1878,864256,0.8925257921218872,1.201576468348503,2105,0.03876953125,-23.48536443710327,0.0003,0.009454686,0.2,0.9885839819908142,-0.006596987275406719,0.3388783633708954,766.9671630859375,922.68
460,423,1882,866304,0.8923966884613037,19.356034183502196,2110,0.07001953125,-23.480997180938722,0.0003,0.012829474,0.2,0.937065064907074,-0.01016443023690954,12.122098922729492,764.6151733398438,922.68
460,424,1887,868352,0.8920577168464661,1.3538367241621017,2115,0.096875,-23.477782249450684,0.0003,0.012014132,0.2,0.995701253414154,-0.011117183393798769,0.5552383661270142,770.5868530273438,922.68
460,425,1891,870400,0.8918124437332153,1.2238261282444,2120,0.136328125,-23.470962238311767,0.0003,0.015053548,0.2,0.9979743361473083,-0.012050563492812217,0.5323722958564758,770.5868530273438,922.68
460,426,1895,872448,0.8916829228401184,0.685239115357399,2125,0.165625,-23.467268848419188,0.0003,0.011785725,0.2,0.9989204406738281,-0.012312611937522889,0.2695445716381073,770.6038818359375,922.68
459,427,1901,874496,0.8913067579269409,1.3234396636486054,2130,0.11865234375,-23.463318634033204,0.0003,0.014491735,0.2,0.9973229169845581,-0.009152251086197794,0.5748487114906311,765.8549194335938,916.22
459,428,1905,876544,0.8911197185516357,51.60893259048462,2135,0.148046875,-23.456034183502197,0.0003,0.021656632,0.2,0.8132933974266052,-0.008184296928811818,35.3640022277832,779.154296875,921.42
459,429,1910,878592,0.8911056518554688,1.8166880786418915,2140,0.06552734375,-23.454889488220214,0.0003,0.011369254,0.2,0.9894635677337646,-0.009318247810006142,0.640702486038208,781.3643188476562,921.42
460,430,1914,880640,0.890796959400177,0.6187207043170929,2145,0.10888671875,-23.452299118041992,0.0003,0.015591459,0.2,0.9978392124176025,-0.01350359816569835,0.22208109498023987,788.2586059570312,926.11
459,431,1919,882688,0.8901528120040894,0.8343936085700989,2150,0.18203125,-23.44276647567749,0.0003,0.016255226,0.2,0.9979443550109863,-0.0147661448456347,0.4046793580055237,807.082275390625,931.8
459,432,1924,884736,0.8896067142486572,1.3836776673793794,2155,0.114453125,-23.429514980316164,0.0003,0.015435719,0.2,0.9975758194923401,-0.01139748323475942,0.6236968636512756,808.963134765625,939.22
459,433,1928,886784,0.8890950679779053,0.9576226055622101,2160,0.12421875,-23.419225025177003,0.0003,0.014920825,0.2,0.997498631477356,-0.011207188782282173,0.4324922561645508,815.0177612304688,939.82
459,434,1933,888832,0.8889499306678772,43.3794753074646,2165,0.08984375,-23.411870193481445,0.0003,0.013902042,0.2,0.894761323928833,-0.008761931560002267,14.910848617553711,815.0177612304688,939.82
459,435,1938,890880,0.888896107673645,1.6936566889286042,2170,0.0755859375,-23.4108078956604,0.0003,0.013287805,0.2,0.9925883412361145,-0.009352270571980625,0.5090170502662659,818.4548950195312,944.86
459,436,1942,892928,0.888668954372406,1.4752409040927887,2175,0.1078125,-23.408462810516358,0.0003,0.01650272,0.2,0.9957486987113953,-0.009382099425420166,0.6093918085098267,816.404052734375,944.86
459,437,1947,894976,0.8883470296859741,0.8667437583208084,2180,0.22197265625,-23.402534389495848,0.0003,0.018712984,0.2,0.9963457584381104,-0.015024019125849008,0.3867211639881134,814.1592407226562,940.12
459,438,1951,897024,0.8882068395614624,55.60497369766235,2185,0.16396484375,-23.39663772583008,0.0003,0.021557312,0.2,0.6923086047172546,-0.008949147723615169,32.37769317626953,814.1592407226562,940.12
459,439,1955,899072,0.8878952264785767,0.4104423314332962,2190,0.1529296875,-23.39374656677246,0.0003,0.012388583,0.2,0.9981597661972046,-0.01357400876004249,0.1319529414176941,809.3786010742188,940.12
459,440,1960,901120,0.8870247602462769,0.7175732731819153,2195,0.171875,-23.38102388381958,0.0003,0.018663526,0.2,0.9984458088874817,-0.01041988773504272,0.3539898991584778,801.3810424804688,941.38
459,441,1965,903168,0.8864069581031799,0.6166230544447899,2200,0.13076171875,-23.365244007110597,0.0003,0.017637337,0.2,0.9989266991615295,-0.011605446343310177,0.28334110975265503,800.7095336914062,936.83
459,442,1969,905216,0.8862715363502502,141.7277645111084,2205,0.065234375,-23.35715522766113,0.0003,0.01242029,0.2,0.6282553672790527,-0.0074546523857861756,53.19910430908203,800.7095336914062,936.83
459,443,1974,907264,0.8862687349319458,1.2439035579562188,2210,0.08125,-23.356350803375243,0.0003,0.014678737,0.2,0.9881421327590942,-0.009463008848251775,0.2938942611217499,798.5317993164062,933.8
459,444,1978,909312,0.8861760497093201,22.275586462020875,2215,0.071484375,-23.35522041320801,0.0003,0.011017328,0.2,0.8969733119010925,-0.008186043100431561,20.34075164794922,801.015869140625,933.8
459,445,1983,911360,0.8860141038894653,0.5303053587675095,2220,0.14208984375,-23.353073120117188,0.0003,0.017845053,0.2,0.9968592524528503,-0.01022173436358571,0.1952865719795227,803.1414794921875,935.1
459,446,1987,913408,0.8856594562530518,0.9365763485431671,2225,0.12822265625,-23.348075485229494,0.0003,0.019458625,0.2,0.9976187944412231,-0.01154640766326338,0.3674914240837097,803.1414794921875,935.1
459,447,1992,915456,0.8850791454315186,0.4668853595852852,2230,0.16953125,-23.338109683990478,0.0003,0.01541756,0.2,0.9987984299659729,-0.015323748160153628,0.20530667901039124,804.4129028320312,935.43
459,448,1997,917504,0.884196937084198,0.6891343474388123,2235,0.1287109375,-23.324378395080565,0.0003,0.015181284,0.2,0.9982370734214783,-0.007286328007467091,0.24320079386234283,803.3281860351562,929.58
459,449,2000,919552,0.8837283253669739,50.827688980102536,2240,0.1400390625,-23.307343864440917,0.0003,0.017528705,0.2,0.8855600357055664,-0.007062728307209909,20.330839157104492,803.3281860351562,929.58
459,450,2005,921600,0.8835049867630005,1.4967635154724122,2245,0.08916015625,-23.3023060798645,0.0003,0.011525445,0.2,0.9946870803833008,-0.010686337877996267,0.5033465623855591,799.6185913085938,924.25
459,451,2009,923648,0.883174479007721,51.51716547012329,2250,0.0970703125,-23.295960712432862,0.0003,0.016381375,0.2,0.8483837842941284,-0.008220724039711058,11.782547950744629,805.2161865234375,924.25
459,452,2014,925696,0.8829163312911987,1.9636818289756774,2255,0.136328125,-23.29085283279419,0.0003,0.016843164,0.2,0.994774341583252,-0.014431555662304163,0.7426980137825012,812.959716796875,928.67
459,453,2018,927744,0.8827309012413025,1.2204011529684067,2260,0.12578125,-23.284782123565673,0.0003,0.014133126,0.2,0.9975335001945496,-0.008139442221727222,0.4962225556373596,812.959716796875,928.67
459,454,2023,929792,0.882348358631134,0.8304994761943817,2265,0.1095703125,-23.28090543746948,0.0003,0.014860095,0.2,0.99891597032547,-0.00876865377649665,0.2744332551956177,805.8796997070312,923.51
459,455,2027,931840,0.8821549415588379,57.42358264923096,2270,0.1490234375,-23.272609901428222,0.0003,0.02442402,0.2,0.8536123633384705,-0.009928317437879742,20.192861557006836,815.3489990234375,926.8
459,456,2032,933888,0.8818545937538147,1.6767777383327485,2275,0.11689453125,-23.26955223083496,0.0003,0.015888223,0.2,0.9965506196022034,-0.010141761344857513,0.5375762581825256,811.12548828125,926.8
459,457,2036,935936,0.8812364935874939,1.3692800581455231,2280,0.23984375,-23.258834075927734,0.0003,0.01956725,0.2,0.9975619316101074,-0.011414702166803181,0.5379838347434998,811.12548828125,926.8
459,458,2041,937984,0.8803479075431824,0.9999951303005219,2285,0.2181640625,-23.24486885070801,0.0003,0.013503853,0.2,0.9976601004600525,-0.012231850356329232,0.35123011469841003,814.7516479492188,926.8
459,459,2045,940032,0.87949538230896,0.9008271306753158,2290,0.1271484375,-23.22542486190796,0.0003,0.010314359,0.2,0.9977976083755493,-0.009609924140386283,0.3823583424091339,812.7316284179688,926.8
459,460,2050,942080,0.8789347410202026,0.5822997778654099,2295,0.21748046875,-23.210362052917482,0.0003,0.01753591,0.2,0.9979388117790222,-0.012750488286837936,0.22758179903030396,813.6034545898438,926.8
459,461,2054,944128,0.8780587911605835,0.5151234149932862,2300,0.22333984375,-23.196613216400145,0.0003,0.02087523,0.2,0.9982609152793884,-0.01237670483533293,0.18051478266716003,813.6034545898438,926.8
459,462,2058,946176,0.8764805197715759,0.43112598210573194,2305,0.2123046875,-23.172856044769286,0.0003,0.014507471,0.2,0.9990052580833435,-0.01369550423696637,0.1921934336423874,816.270751953125,931.14
459,463,2063,948224,0.8755900263786316,0.6112808138132095,2310,0.17939453125,-23.144534206390382,0.0003,0.017338693,0.2,0.9984750747680664,-0.008954196167178453,0.25203391909599304,814.4649047851562,931.14
459,464,2068,950272,0.8747565746307373,0.5413913935422897,2315,0.296875,-23.126959609985352,0.0003,0.017251935,0.2,0.9982020854949951,-0.010592354438267648,0.21255016326904297,821.3099365234375,934.17
459,465,2072,952320,0.8745965957641602,38.76096830368042,2320,0.234765625,-23.116919994354248,0.0003,0.028959865,0.2,0.8709412813186646,-0.00334696713835001,26.112821578979492,817.209228515625,931.53
459,466,2077,954368,0.874619722366333,54.97275676727295,2325,0.04208984375,-23.115828037261963,0.0003,0.009487225,0.2,0.8524746894836426,-0.006525448430329562,36.1921272277832,815.359619140625,931.53
459,467,2081,956416,0.8746768236160278,51.87057948112488,2330,0.02939453125,-23.116877365112305,0.0003,0.0074909544,0.2,0.853905439376831,-0.005654979357495904,4.9151611328125,820.420654296875,936.9
459,468,2086,958464,0.8745025992393494,1.4661336362361908,2335,0.08173828125,-23.116394805908204,0.0003,0.011513738,0.2,0.9952453970909119,-0.008581462409347295,0.5705654621124268,829.5279541015625,936.9
459,469,2090,960512,0.8742846250534058,1.3132501631975173,2340,0.11396484375,-23.111665439605712,0.0003,0.0087202955,0.2,0.9971372485160828,-0.007910948689095676,0.4752098023891449,832.9691162109375,936.9
459,470,2095,962560,0.8738212585449219,0.9033680438995362,2345,0.1189453125,-23.105134773254395,0.0003,0.01587626,0.2,0.9978718757629395,-0.00954297836869955,0.39258626103401184,833.1111450195312,936.9
459,471,2100,964608,0.8735015392303467,0.7597946912050247,2350,0.27490234375,-23.096132850646974,0.0003,0.020188756,0.2,0.998795211315155,0.0016447041532956063,0.26876819133758545,829.9551391601562,933.57
459,472,2105,966656,0.8733963370323181,33.22040791511536,2355,0.1494140625,-23.091915607452393,0.0003,0.018864132,0.2,0.9237354397773743,-0.005862375569995493,5.996705532073975,828.523681640625,934.67
459,473,2110,968704,0.8731015920639038,58.75780963897705,2360,0.046484375,-23.089091777801514,0.0003,0.01093851,0.2,0.8531075716018677,-0.0076376969227567315,21.152528762817383,825.9813232421875,925.35
459,474,2114,970752,0.8728441596031189,55.18743529319763,2365,0.07998046875,-23.08219747543335,0.0003,0.013543162,0.2,0.8863173127174377,-0.00769194612512365,57.458370208740234,824.873779296875,925.35
459,475,2118,972800,0.8726468682289124,1.811881422996521,2370,0.084765625,-23.078196430206297,0.0003,0.014250138,0.2,0.9929080009460449,-0.008372797234915196,0.5074837803840637,820.5362548828125,923.37
459,476,2123,974848,0.8725152015686035,27.484796953201293,2375,0.14765625,-23.074120330810548,0.0003,0.019133637,0.2,0.9311222434043884,-0.007994574221083895,19.516843795776367,819.3805541992188,923.37
459,477,2127,976896,0.8723743557929993,0.9729182898998261,2380,0.12119140625,-23.072007274627687,0.0003,0.013586629,0.2,0.9964091777801514,-0.012083426758181304,0.360029935836792,821.5890502929688,923.37
459,478,2132,978944,0.8716310262680054,0.4968070134520531,2385,0.2095703125,-23.063623332977294,0.0003,0.020366974,0.2,0.9978886842727661,-0.012940012034960091,0.1934642493724823,829.9119262695312,928.27
459,479,2137,980992,0.8713067173957825,59.804694938659665,2390,0.44052734375,-23.050370597839354,0.0003,0.08187346,0.2,0.7944769859313965,0.0014164223452098668,28.277677536010742,815.2443237304688,921.34
459,480,2141,983040,0.8712949156761169,73.8228385925293,2395,0.01689453125,-23.047861194610597,0.0003,0.0059737084,0.2,0.7946890592575073,-0.004802073375321925,56.5040283203125,813.863525390625,921.34
459,481,2145,985088,0.8707451820373535,1.256683349609375,2400,0.10732421875,-23.044017219543456,0.0003,0.013507166,0.2,0.9914138317108154,-0.011013482452835888,0.44249147176742554,816.1548461914062,917.67
458,482,2150,987136,0.8704438805580139,62.358192157745364,2405,0.12509765625,-23.032151794433595,0.0003,0.01897956,0.2,0.5561261177062988,-0.009000983065925538,8.927331924438477,815.0554809570312,915.67
458,483,2155,989184,0.8704535961151123,58.39918937683105,2410,0.04736328125,-23.02980241775513,0.0003,0.00875384,0.2,0.4967305660247803,-0.005442945926915854,29.95697593688965,807.4414672851562,905.88
458,484,2159,991232,0.8704637289047241,79.32699756622314,2415,0.0572265625,-23.030280590057373,0.0003,0.011208715,0.2,0.5633941888809204,-0.00828167973086238,56.14357376098633,802.8912353515625,898.75
458,485,2164,993280,0.8703445196151733,26.49284372329712,2420,0.08779296875,-23.02909650802612,0.0003,0.014900256,0.2,0.7692916989326477,-0.010417291719932109,21.74135971069336,807.529541015625,899.78
458,486,2169,995328,0.8702017068862915,0.8813075006008149,2425,0.08310546875,-23.02681894302368,0.0003,0.011268534,0.2,0.9950945377349854,-0.007954559498466551,0.23877543210983276,810.5457763671875,905.12
458,487,2174,997376,0.869979202747345,0.4549172446131706,2430,0.12470703125,-23.02301158905029,0.0003,0.016266756,0.2,0.9981809258460999,-0.009554524649865925,0.12673617899417877,811.5845336914062,907.31
458,488,2179,999424,0.8699043393135071,47.55438446998596,2435,0.0845703125,-23.019462013244627,0.0003,0.010852932,0.2,0.8010287880897522,-0.0038550005527213218,17.017900466918945,793.7965698242188,887.6
458,489,2183,1001472,0.8697899580001831,110.48067932128906,2440,0.0650390625,-23.018465518951416,0.0003,0.0124531975,0.2,0.7540200352668762,-0.009071792510803789,41.06859588623047,796.9586791992188,887.6
458,490,2187,1003520,0.8698322772979736,1.896631407737732,2445,0.047265625,-23.01670217514038,0.0003,0.010359354,0.2,0.9934383630752563,-0.006181210593786091,0.510768473148346,795.1673583984375,887.6
458,491,2192,1005568,0.8698363304138184,1.5486369609832764,2450,0.14951171875,-23.018324375152588,0.0003,0.012565611,0.2,0.9965152144432068,-0.007548061665147543,0.5584444403648376,797.7824096679688,887.6
458,492,2197,1007616,0.8694555759429932,0.9989794880151749,2455,0.06923828125,-23.0150164604187,0.0003,0.0116543835,0.2,0.9978210926055908,-0.007379404781386256,0.3554818034172058,807.1270141601562,893.45
458,493,2201,1009664,0.8689885139465332,1.1127491533756255,2460,0.13544921875,-23.004597663879395,0.0003,0.025330674,0.2,0.9978269934654236,-0.0053043819963932036,0.4382125735282898,810.2833862304688,893.45
458,494,2205,1011712,0.8685303330421448,0.7618423342704773,2465,0.128515625,-22.99592056274414,0.0003,0.015677085,0.2,0.9986874461174011,-0.010751550737768411,0.265325129032135,812.5762329101562,898.78
458,495,2209,1013760,0.867723822593689,0.7848893523216247,2470,0.14775390625,-22.983631896972657,0.0003,0.014491508,0.2,0.9985371232032776,-0.009989731560926885,0.2995339035987854,813.7948608398438,894.1
458,496,2214,1015808,0.8672645092010498,60.73933973312378,2475,0.25146484375,-22.96661767959595,0.0003,0.033142947,0.2,0.8614336252212524,-0.003949824464507401,28.578113555908203,814.5524291992188,894.1
458,497,2218,1017856,0.8667027950286865,1.0814961463212966,2480,0.13828125,-22.959981155395507,0.0003,0.0133873075,0.2,0.9976891279220581,-0.011255401163361966,0.4711998999118805,814.5524291992188,894.1
458,498,2223,1019904,0.8655598163604736,0.7853050857782364,2485,0.19404296875,-22.941050148010255,0.0003,0.014711201,0.2,0.9986240267753601,-0.010884595033712686,0.28661322593688965,815.5097045898438,899.61
458,499,2227,1021952,0.8648436665534973,0.7232175886631012,2490,0.16953125,-22.920080184936523,0.0003,0.015955742,0.2,0.998561441898346,-0.00963924212846905,0.29211756587028503,813.3114624023438,899.61
458,500,2233,1024000,0.8642353415489197,0.6635685294866562,2495,0.15927734375,-22.907583141326903,0.0003,0.015400425,0.2,0.9991226196289062,-0.008887046133168042,0.24470236897468567,818.8716430664062,899.61
458,501,2237,1026048,0.8635256290435791,0.6558917313814163,2500,0.16806640625,-22.894018745422365,0.0003,0.016859915,0.2,0.9984452724456787,-0.010928321280516684,0.24797172844409943,801.7725830078125,885.76
458,502,2242,1028096,0.8631463646888733,85.11523723602295,2505,0.1279296875,-22.88129291534424,0.0003,0.014463395,0.2,0.7795466184616089,-0.005343579454347491,41.56062698364258,797.6973266601562,885.76
458,503,2246,1030144,0.8630743622779846,1.4110307097434998,2510,0.0697265625,-22.877392578125,0.0003,0.011079214,0.2,0.9943110346794128,-0.008002297452185303,0.31026604771614075,797.6973266601562,885.76
458,504,2250,1032192,0.8627928495407104,0.5444511473178864,2515,0.11044921875,-22.874163818359374,0.0003,0.0147036975,0.2,0.9979243874549866,-0.008675830345600844,0.24566617608070374,799.5974731445312,885.76
458,505,2255,1034240,0.8620098233222961,0.5117330864071846,2520,0.19599609375,-22.864045524597167,0.0003,0.021367671,0.2,0.9982340335845947,-0.012224993063136935,0.284315824508667,806.1121826171875,880.25
458,506,2260,1036288,0.8615219593048096,44.68021945953369,2525,0.10224609375,-22.8483097076416,0.0003,0.015065355,0.2,0.8585522174835205,-0.005650338414125144,37.08069610595703,806.4617309570312,880.25
458,507,2264,1038336,0.861196756362915,0.9187961280345917,2530,0.10947265625,-22.84114990234375,0.0003,0.014618628,0.2,0.9952858686447144,-0.011214541201479734,0.2811514139175415,799.8804931640625,875.08
458,508,2269,1040384,0.8609858751296997,43.165683078765866,2535,0.12529296875,-22.834049129486083,0.0003,0.021506969,0.2,0.8679975867271423,-0.005978958029299974,29.94451904296875,802.2481079101562,879.08
458,509,2274,1042432,0.8603611588478088,1.0038252204656601,2540,0.1072265625,-22.8285400390625,0.0003,0.011575172,0.2,0.9957959055900574,-0.010810870898421854,0.16653209924697876,813.8779907226562,887.7
458,510,2278,1044480,0.8597397208213806,0.6508148357272148,2545,0.17666015625,-22.811365604400635,0.0003,0.018747114,0.2,0.998537540435791,-0.009399297344498337,0.21264071762561798,806.0484619140625,887.7
458,511,2283,1046528,0.8591800928115845,0.5234737381339073,2550,0.09697265625,-22.80115976333618,0.0003,0.013571673,0.2,0.9986416101455688,-0.00718873132718727,0.22228816151618958,801.6578369140625,883.03
458,512,2287,1048576,0.8588965535163879,36.175452041625974,2555,0.13662109375,-22.789821434020997,0.0003,0.022349441,0.2,0.9158250689506531,-0.006528626789804548,5.7422637939453125,797.0050659179688,877.26
458,513,2292,1050624,0.8588293790817261,24.76648530960083,2560,0.105078125,-22.78723316192627,0.0003,0.017627742,0.2,0.9403284788131714,-0.0074352100258693096,4.409056186676025,793.492431640625,877.26
458,514,2298,1052672,0.8585512638092041,0.7323580354452133,2565,0.1001953125,-22.784166526794433,0.0003,0.017002102,0.2,0.9977145195007324,-0.009019322798121721,0.2569286823272705,793.9382934570312,880.59
457,515,2303,1054720,0.8581764698028564,0.5795468986034393,2570,0.130859375,-22.776648998260498,0.0003,0.014354031,0.2,0.9987168312072754,-0.010955862584523857,0.27339527010917664,801.95947265625,886.59
457,516,2307,1056768,0.8575209975242615,0.4615878865122795,2575,0.171484375,-22.76683120727539,0.0003,0.013885903,0.2,0.9990302920341492,-0.008212689496576785,0.16532978415489197,801.3119506835938,888.92
457,517,2312,1058816,0.8571345210075378,0.513097332417965,2580,0.20654296875,-22.75373239517212,0.0003,0.013918801,0.2,0.9978325963020325,-0.007294967048801481,0.2088393270969391,802.6829833984375,891.56
457,518,2316,1060864,0.8571062088012695,28.799599361419677,2585,0.1685546875,-22.75056028366089,0.0003,0.029874006,0.2,0.9111279249191284,-0.00777978366240859,8.41763687133789,809.6199340820312,893.54
457,519,2321,1062912,0.8567485809326172,0.6418434962630272,2590,0.10625,-22.74812021255493,0.0003,0.012524851,0.2,0.9978759288787842,-0.007908971805591136,0.20217490196228027,813.174560546875,893.54
457,520,2325,1064960,0.8558176755905151,0.3048310801386833,2595,0.1986328125,-22.734022235870363,0.0003,0.010845473,0.2,0.9986663460731506,-0.007085451111197472,0.12436419725418091,812.2960205078125,893.54
457,521,2330,1067008,0.8549237847328186,0.35691075697541236,2600,0.4083984375,-22.713013935089112,0.0003,0.056035083,0.2,0.9987618327140808,-0.0010492210509255528,0.22524377703666687,813.6314086914062,893.54
457,522,2335,1069056,0.8542574644088745,0.49134012013673783,2605,0.257421875,-22.69727716445923,0.0003,0.019594392,0.2,0.9972172379493713,-0.007077883020974696,0.19068947434425354,813.7567138671875,897.03
457,523,2339,1071104,0.853732705116272,0.3644172713160515,2610,0.1201171875,-22.68350944519043,0.0003,0.01459106,0.2,0.9980185627937317,-0.007518041785806418,0.08730737864971161,818.8541259765625,899.82
457,524,2344,1073152,0.8535716533660889,44.958235549926755,2615,0.08125,-22.675980186462404,0.0003,0.013357331,0.2,0.5931333303451538,-0.006456681771669537,17.472862243652344,814.480224609375,896.54
457,525,2349,1075200,0.8535845875740051,75.5365177154541,2620,0.09228515625,-22.674751472473144,0.0003,0.014746511,0.2,0.6118381023406982,-0.006744275870732963,30.004714965820312,811.95849609375,900.21
457,526,2353,1077248,0.8537229895591736,34.61955313682556,2625,0.16025390625,-22.67625198364258,0.0003,0.022651268,0.2,0.8560454249382019,-0.008342849917244165,13.41900634765625,813.4757690429688,900.21
457,527,2357,1079296,0.8535613417625427,0.3839679308235645,2630,0.1591796875,-22.676976680755615,0.0003,0.01658544,0.2,0.9985609650611877,-0.009371621673926711,0.1724853515625,815.331298828125,901.15
457,528,2363,1081344,0.8529772162437439,0.4477332532405853,2635,0.134375,-22.670032501220703,0.0003,0.016198866,0.2,0.9989355802536011,-0.007864494994282722,0.18167081475257874,828.3841552734375,908.74
457,529,2368,1083392,0.8527435660362244,100.29523677825928,2640,0.1916015625,-22.658750343322755,0.0003,0.029424895,0.2,0.7667208313941956,-0.006887925346381963,48.76522445678711,832.6411743164062,907.24
457,530,2372,1085440,0.852971613407135,63.71325283050537,2645,0.14814453125,-22.66025800704956,0.0003,0.023739904,0.2,0.7424092292785645,-0.008720607380382717,28.496261596679688,832.6411743164062,907.24
457,531,2376,1087488,0.852891206741333,1.1901963829994202,2650,0.041796875,-22.662943744659422,0.0003,0.009787702,0.2,0.9844042062759399,-0.006209085043519735,0.24356472492218018,831.3990478515625,907.24
457,532,2381,1089536,0.8525245189666748,0.4738107055425644,2655,0.22158203125,-22.65702590942383,0.0003,0.017112307,0.2,0.9968173503875732,-0.009145367494784295,0.19135719537734985,841.2645263671875,912.24
457,533,2386,1091584,0.8517956733703613,0.572314128279686,2660,0.16025390625,-22.647074031829835,0.0003,0.022911485,0.2,0.9959438443183899,-0.006966361356899142,0.24792858958244324,855.1138305664062,925.92
457,534,2390,1093632,0.8509122729301453,0.38784315139055253,2665,0.15810546875,-22.6279598236084,0.0003,0.0121312905,0.2,0.9982297420501709,-0.011634267715271563,0.17295894026756287,855.1138305664062,925.92
457,535,2395,1095680,0.8503673076629639,0.13545626997947693,2670,0.2552734375,-22.613135051727294,0.0003,0.026334552,0.2,0.9994428753852844,-0.014442636421881616,0.03619449958205223,859.5029907226562,926.9
457,536,2400,1097728,0.8501662015914917,86.63324851989746,2675,0.1318359375,-22.605410480499266,0.0003,0.01724017,0.2,0.6949045062065125,-0.007308074436150491,46.808624267578125,856.126708984375,926.9
457,537,2404,1099776,0.8498232960700989,0.7650373354554176,2680,0.07666015625,-22.601038646697997,0.0003,0.01072833,0.2,0.9920439124107361,-0.00810182053828612,0.20404627919197083,853.6478881835938,926.9
457,538,2408,1101824,0.8491710424423218,0.403859843313694,2685,0.190234375,-22.589420509338378,0.0003,0.01307955,0.2,0.996911346912384,-0.01313916991930455,0.15665292739868164,853.2516479492188,922.05
457,539,2413,1103872,0.8488730192184448,62.15333557128906,2690,0.1203125,-22.578405380249023,0.0003,0.017482273,0.2,0.6033892631530762,-0.007833435735665261,41.3581428527832,858.5045166015625,922.05
457,540,2417,1105920,0.8487924337387085,0.8770859807729721,2695,0.06962890625,-22.575111293792723,0.0003,0.010631913,0.2,0.9939233660697937,-0.007267209980636835,0.25452160835266113,859.8565063476562,926.73
457,541,2421,1107968,0.8487239480018616,0.6206457480788231,2700,0.173046875,-22.573282718658447,0.0003,0.01504145,0.2,0.9982236623764038,-0.010797817748971284,0.2898244559764862,863.4376831054688,926.73
457,542,2427,1110016,0.8478492498397827,0.3589425817131996,2705,0.20390625,-22.56442813873291,0.0003,0.013423134,0.2,0.9989815354347229,-0.008733692206442356,0.13139072060585022,856.1196899414062,920.41
457,543,2432,1112064,0.8475011587142944,95.39446830749512,2710,0.2759765625,-22.548045444488526,0.0003,0.032884978,0.2,0.7636232376098633,-0.006995300156995654,42.64812469482422,850.3389282226562,912.16
457,544,2436,1114112,0.8474796414375305,99.04190616607666,2715,0.0439453125,-22.54541301727295,0.0003,0.009138869,0.2,0.749275267124176,-0.004342653485946357,49.857276916503906,850.3389282226562,912.16
457,545,2440,1116160,0.8473073244094849,0.7976997047662735,2720,0.14453125,-22.54363622665405,0.0003,0.016120804,0.2,0.996322751045227,-0.01092802241910249,0.18756860494613647,852.325927734375,912.16
457,546,2445,1118208,0.8467376232147217,0.44852125197649,2725,0.1130859375,-22.53670492172241,0.0003,0.01274473,0.2,0.9990103840827942,-0.007801757869310677,0.11972401291131973,863.9151000976562,924.86
457,547,2450,1120256,0.846123456954956,0.6217306822538375,2730,0.1447265625,-22.523390579223634,0.0003,0.012679918,0.2,0.9986743927001953,-0.008007288654334843,0.2837226390838623,864.95263671875,926.01
457,548,2454,1122304,0.8455126285552979,0.6073442384600639,2735,0.198046875,-22.51085500717163,0.0003,0.018489517,0.2,0.9984930753707886,-0.007080896431580186,0.2691400647163391,861.5545043945312,921.9
457,549,2458,1124352,0.8453380465507507,30.585067296028136,2740,0.1935546875,-22.500400829315186,0.0003,0.033246256,0.2,0.91213059425354,-0.007551285508088768,3.7471060752868652,858.826904296875,916.75
457,550,2463,1126400,0.8454222679138184,43.10979251861572,2745,0.09580078125,-22.49989938735962,0.0003,0.015563568,0.2,0.8709115982055664,-0.008359019737690687,31.67654800415039,860.2400512695312,916.75
457,551,2468,1128448,0.8452484607696533,0.7248616501688957,2750,0.115234375,-22.50016145706177,0.0003,0.0122622065,0.2,0.9959818124771118,-0.01016670004464686,0.13533398509025574,860.5126342773438,922.26
457,552,2472,1130496,0.8448383212089539,0.7489376962184906,2755,0.1677734375,-22.492765617370605,0.0003,0.013973578,0.2,0.9981356263160706,-0.0037257602787576618,0.3531874418258667,858.8718872070312,922.26
457,553,2476,1132544,0.843289315700531,0.28323034644126893,2760,0.3501953125,-22.47280807495117,0.0003,0.026014753,0.2,0.9991366267204285,-0.004773948318324983,0.14236301183700562,869.4216918945312,927.43
457,554,2481,1134592,0.8428699970245361,0.3528573878109455,2765,0.236328125,-22.447803688049316,0.0003,0.0149071645,0.2,0.9986812472343445,-0.005580076295882463,0.2922241985797882,860.97705078125,923.82
457,555,2485,1136640,0.8429415822029114,24.352696466445924,2770,0.168359375,-22.446417808532715,0.0003,0.02056237,0.2,0.9137205481529236,-0.0055606943555176255,18.496440887451172,868.40673828125,923.82
457,556,2490,1138688,0.8425993323326111,0.5223397240042686,2775,0.14482421875,-22.444624996185304,0.0003,0.012681516,0.2,0.9990837574005127,-0.011164475558325648,0.27985677123069763,854.5374145507812,915.49
457,557,2495,1140736,0.8423723578453064,131.2358142852783,2780,0.03466796875,-22.436531257629394,0.0003,0.0086922385,0.2,0.7650052905082703,-0.003492894861847162,51.53440856933594,860.5013427734375,921.26
457,558,2500,1142784,0.8423426747322083,1.2710737526416778,2785,0.14091796875,-22.435106182098387,0.0003,0.017959062,0.2,0.9961991906166077,-0.008519103261642158,0.26495233178138733,866.989013671875,918.63
457,559,2504,1144832,0.8423047661781311,38.107791328430174,2790,0.1751953125,-22.433744812011717,0.0003,0.023765184,0.2,0.8318928480148315,-0.007061861595138908,20.22921371459961,848.2509155273438,904.11
457,560,2509,1146880,0.8423916101455688,64.97164611816406,2795,0.13271484375,-22.433965110778807,0.0003,0.021289451,0.2,0.7321632504463196,-0.008207561552990229,41.86330795288086,845.0725708007812,904.11
457,561,2513,1148928,0.8423358201980591,1.1319111049175263,2800,0.05263671875,-22.435624217987062,0.0003,0.010915607,0.2,0.997851550579071,-0.007272131578065455,0.42444419860839844,845.4232788085938,902.67
456,562,2518,1150976,0.8423982858657837,46.36195344924927,2805,0.11064453125,-22.434233379364013,0.0003,0.017720275,0.2,0.8762281537055969,-0.004611632553860545,27.615922927856445,849.365478515625,907.02
456,563,2523,1153024,0.8424201607704163,1.117155408859253,2810,0.11005859375,-22.435928630828858,0.0003,0.01399705,0.2,0.993797779083252,-0.010182716650888324,0.338370144367218,848.1216430664062,907.02
456,564,2528,1155072,0.8426021933555603,0.5763097375631332,2815,0.153125,-22.436764240264893,0.0003,0.01740533,0.2,0.9983075261116028,-0.007245098263956607,0.21050067245960236,845.3970336914062,907.02
456,565,2532,1157120,0.8423186540603638,0.6436084404587745,2820,0.1673828125,-22.43830156326294,0.0003,0.014328037,0.2,0.9982665777206421,-0.004774594027549028,0.2431882917881012,848.62158203125,907.02
456,566,2537,1159168,0.8416421413421631,0.4440261147916317,2825,0.1373046875,-22.425796890258788,0.0003,0.0149035035,0.2,0.9988569617271423,-0.007272104476578533,0.3296811580657959,846.249755859375,907.02
456,567,2541,1161216,0.8410608768463135,0.5529655709862709,2830,0.1748046875,-22.41180028915405,0.0003,0.020760272,0.2,0.9991623163223267,-0.006335861328989267,0.2461453676223755,849.332275390625,908.17
456,568,2546,1163264,0.8407403826713562,0.49873163253068925,2835,0.11181640625,-22.40236520767212,0.0003,0.011274497,0.2,0.9981384873390198,-0.00683519549202174,0.254020094871521,853.51904296875,910.99
456,569,2550,1165312,0.8403570652008057,0.47471255958080294,2840,0.260546875,-22.394626808166503,0.0003,0.043803792,0.2,0.9986321926116943,-0.000455712981056422,0.36040014028549194,860.6817016601562,914.44
456,570,2555,1167360,0.8400022983551025,0.6348321750760079,2845,0.2201171875,-22.38715581893921,0.0003,0.020971345,0.2,0.9977698922157288,-0.005471020867116749,0.25653356313705444,863.5711669921875,914.44
456,571,2560,1169408,0.8396734595298767,0.5519898280501365,2850,0.1078125,-22.380060482025147,0.0003,0.012210004,0.2,0.9985707998275757,-0.006331629026681185,0.22819262742996216,872.7119750976562,920.24
456,572,2564,1171456,0.838735044002533,0.4421911731362343,2855,0.2044921875,-22.368651103973388,0.0003,0.025842207,0.2,0.9988182783126831,-0.008706103020813316,0.17890630662441254,867.637939453125,915.27
456,573,2569,1173504,0.8384578824043274,22.70599102973938,2860,0.40205078125,-22.35148334503174,0.0003,0.049661253,0.2,0.9359501600265503,-0.006298529310151934,7.251204967498779,877.9266967773438,924.6
456,574,2573,1175552,0.8381378650665283,0.5904023975133896,2865,0.1904296875,-22.34668912887573,0.0003,0.017602604,0.2,0.9979826807975769,-0.0109903966775164,0.2930489182472229,877.9266967773438,924.6
456,575,2578,1177600,0.8374935388565063,0.3386076770722866,2870,0.20810546875,-22.336759185791017,0.0003,0.01419645,0.2,0.9991283416748047,-0.010550992214120924,0.228017196059227,879.81494140625,926.1
456,576,2582,1179648,0.8372043967247009,0.4174493938684464,2875,0.15400390625,-22.32576913833618,0.0003,0.012263861,0.2,0.9989636540412903,-0.007901417324319482,0.17771534621715546,882.4039916992188,926.1
456,577,2587,1181696,0.8371250629425049,0.4701811857521534,2880,0.14140625,-22.322743701934815,0.0003,0.015602829,0.2,0.9992428421974182,-0.010233395989052952,0.24280305206775665,881.1671142578125,926.1
456,578,2591,1183744,0.8366871476173401,0.26124932765960696,2885,0.17607421875,-22.318417072296143,0.0003,0.012304609,0.2,0.9993129968643188,-0.0125878912396729,0.09356453269720078,871.2885131835938,914.86
456,579,2596,1185792,0.836408793926239,134.61424713134767,2890,0.21142578125,-22.307919216156005,0.0003,0.023789959,0.2,0.7327322959899902,-0.00472318681422621,55.598331451416016,870.5695190429688,913.31
456,580,2600,1187840,0.8364129662513733,82.00163993835449,2895,0.0861328125,-22.30587282180786,0.0003,0.014632482,0.2,0.8189768195152283,-0.006152921612374485,62.01938247680664,864.888671875,908.99
456,581,2604,1189888,0.8363990187644958,45.75775833129883,2900,0.114453125,-22.305768299102784,0.0003,0.016396336,0.2,0.8707664012908936,-0.007206727017182857,22.200061798095703,864.5938110351562,908.99
456,582,2609,1191936,0.8364296555519104,1.2409295856952667,2905,0.10283203125,-22.306129264831544,0.0003,0.013793278,0.2,0.9927049279212952,-0.007436028576921672,0.2914751470088959,869.0988159179688,908.99
456,583,2614,1193984,0.8359298706054688,0.3923495799303055,2910,0.17607421875,-22.30212335586548,0.0003,0.015131147,0.2,0.9990726709365845,-0.010878750728443265,0.11001433432102203,858.9685668945312,913.84
456,584,2618,1196032,0.8352756500244141,0.46702353209257125,2915,0.28291015625,-22.286658477783202,0.0003,0.042703286,0.2,0.9990761876106262,0.0059558679582551125,0.23123179376125336,860.5823364257812,913.84
456,585,2623,1198080,0.8348953723907471,0.285688840597868,2920,0.38896484375,-22.27575626373291,0.0003,0.08382279,0.2,0.9994199275970459,0.01646502675721422,0.13941580057144165,856.207763671875,912.18
456,586,2628,1200128,0.8348854780197144,24.71764209270477,2925,0.4333984375,-22.271122646331786,0.0003,0.05092438,0.2,0.9313650131225586,0.003936061495915055,17.53360366821289,861.957275390625,912.18
456,587,2632,1202176,0.8343169689178467,0.3648540198802948,2930,0.176953125,-22.267792320251466,0.0003,0.018757168,0.2,0.9986476302146912,-0.010985931451432406,0.13463476300239563,865.3233032226562,918.5
456,588,2637,1204224,0.8330948948860168,0.3742416314780712,2935,0.23876953125,-22.245880126953125,0.0003,0.02637326,0.2,0.9978345036506653,-0.002872063673567027,0.19269046187400818,870.149169921875,922.13
456,589,2641,1206272,0.8328545093536377,43.132399272918704,2940,0.1791015625,-22.228944969177245,0.0003,0.024467427,0.2,0.821357250213623,-0.006142566597554832,32.54696273803711,864.7091674804688,922.13
456,590,2646,1208320,0.8328952193260193,0.45375670939683915,2945,0.16875,-22.22813959121704,0.0003,0.015457769,0.2,0.9971780180931091,-0.009349942184053361,0.10784691572189331,863.3152465820312,924.28
456,591,2651,1210368,0.8327528834342957,0.4098524168133736,2950,0.240234375,-22.226549530029295,0.0003,0.01947847,0.2,0.9987978935241699,-0.011652737529948354,0.15247349441051483,858.214599609375,924.28
456,592,2656,1212416,0.8318760395050049,0.3888829782605171,2955,0.16171875,-22.217444610595702,0.0003,0.012929969,0.2,0.9986186623573303,-0.007409722078591585,0.17517957091331482,852.3534545898438,911.6
456,593,2660,1214464,0.8313590884208679,123.65442276000977,2960,0.20966796875,-22.1981240272522,0.0003,0.024648055,0.2,0.757146418094635,0.0007405609474517405,41.83679962158203,851.0968017578125,910.86
456,594,2664,1216512,0.8314046859741211,91.80967788696289,2965,0.103515625,-22.19350938796997,0.0003,0.015158564,0.2,0.8029088973999023,-0.008344797720201313,29.325653076171875,850.4010009765625,913.49
456,595,2669,1218560,0.8316299915313721,25.31466521024704,2970,0.13525390625,-22.196890354156494,0.0003,0.01815117,0.2,0.9468326568603516,-0.007434567785821855,10.08564281463623,847.1546020507812,913.49
456,596,2674,1220608,0.8313515186309814,0.5020573556423187,2975,0.12783203125,-22.19885492324829,0.0003,0.013418442,0.2,0.999276340007782,-0.009794129501096904,0.11473412811756134,858.6534423828125,913.49
456,597,2678,1222656,0.830394983291626,0.45831155478954316,2980,0.133984375,-22.1844762802124,0.0003,0.012154665,0.2,0.9991865754127502,-0.008283208450302481,0.17200185358524323,855.4723510742188,913.49
456,598,2682,1224704,0.82893306016922,0.42754617631435393,2985,0.291796875,-22.153717708587646,0.0003,0.014928266,0.2,0.9995173215866089,0.0012718327343463898,0.1518661081790924,858.961669921875,917.1
456,599,2687,1226752,0.8283933997154236,0.4961966648697853,2990,0.17431640625,-22.13352499008179,0.0003,0.016027689,0.2,0.9992245435714722,-0.010473915038164704,0.187083438038826,860.23974609375,917.1
456,600,2692,1228800,0.8280285596847534,0.5247378081083298,2995,0.335546875,-22.1242018699646,0.0003,0.029749777,0.2,0.9993982315063477,0.008550707227550447,0.2606961131095886,874.4400634765625,924.17
456,601,2696,1230848,0.8277421593666077,39.743036365509035,3000,0.2251953125,-22.116252994537355,0.0003,0.022778073,0.2,0.9104857444763184,-0.007046707300469279,33.685462951660156,874.4400634765625,924.17
456,602,2701,1232896,0.8272643089294434,0.4961675852537155,3005,0.1369140625,-22.109947681427002,0.0003,0.015509622,0.2,0.9968593120574951,-0.0073970073834061624,0.1317214071750641,881.3416137695312,929.49
456,603,2705,1234944,0.8266540169715881,0.4583824798464775,3010,0.1650390625,-22.09517831802368,0.0003,0.013343161,0.2,0.9989697933197021,-0.0065092833363451065,0.15011051297187805,882.770263671875,929.49
456,604,2710,1236992,0.8261139392852783,0.3516989961266518,3015,0.19375,-22.083142471313476,0.0003,0.020446002,0.2,0.9994889497756958,-0.008048385835718364,0.17305532097816467,895.7208862304688,943.63
456,605,2714,1239040,0.8260032534599304,0.45644103437662126,3020,0.14912109375,-22.07504587173462,0.0003,0.009553067,0.2,0.9991273283958435,-0.008367342571727932,0.18317238986492157,900.5074462890625,946.64
456,606,2718,1241088,0.8250641226768494,0.14510309025645257,3025,0.19736328125,-22.0670259475708,0.0003,0.011875741,0.2,0.9997454881668091,-0.011943030322436243,0.04853639751672745,899.703125,946.64
456,607,2723,1243136,0.8243288397789001,0.3373292602598667,3030,0.42236328125,-22.04568681716919,0.0003,0.06387849,0.2,0.9994138479232788,0.00683862257283181,0.1348993480205536,903.17236328125,942.54
456,608,2728,1245184,0.8241255283355713,169.55820579528807,3035,0.32841796875,-22.036531734466553,0.0003,0.044921108,0.2,0.43885737657546997,0.001560565922409296,56.92810821533203,901.7830200195312,942.54
456,609,2732,1247232,0.8239182233810425,0.6640994131565094,3040,0.1380859375,-22.032606029510497,0.0003,0.012757878,0.2,0.994015634059906,-0.010678151750471442,0.22643186151981354,894.5867309570312,940.77
456,610,2736,1249280,0.8241182565689087,29.144002866744994,3045,0.30654296875,-22.03219633102417,0.0003,0.042991646,0.2,0.8907827138900757,-0.006626831449102611,15.162087440490723,886.5664672851562,936.33
456,611,2741,1251328,0.8244450092315674,21.487070560455322,3050,0.1818359375,-22.037905597686766,0.0003,0.020871498,0.2,0.917826771736145,-0.0059207342332229015,5.523828983306885,885.07763671875,936.33
456,612,2745,1253376,0.8246963024139404,0.6547045946121216,3055,0.12783203125,-22.045194149017334,0.0003,0.014515704,0.2,0.99715256690979,-0.010538648581132293,0.2781183123588562,890.1187744140625,936.33
456,613,2750,1255424,0.824443519115448,0.42395847141742704,3060,0.13916015625,-22.04619083404541,0.0003,0.012560459,0.2,0.9985263347625732,-0.008689750102348626,0.1290845274925232,886.2291259765625,936.33
456,614,2755,1257472,0.8236141204833984,0.2944823980331421,3065,0.18935546875,-22.03379306793213,0.0003,0.018224899,0.2,0.9991139769554138,-0.010377719963435084,0.1035318672657013,886.9598388671875,933.6
456,615,2760,1259520,0.8232605457305908,155.0711929321289,3070,0.15693359375,-22.017858028411865,0.0003,0.018465484,0.2,0.5559967756271362,-0.0058494070544838905,56.09129333496094,883.1546020507812,933.6
456,616,2764,1261568,0.8230619430541992,1.257581740617752,3075,0.10068359375,-22.01362762451172,0.0003,0.010707567,0.2,0.9829890131950378,-0.00881792779546231,0.20810472965240479,881.0303955078125,933.6
456,617,2769,1263616,0.8221166133880615,0.32924303635954855,3080,0.28095703125,-22.001889801025392,0.0003,0.017357921,0.2,0.9983684420585632,-0.0004281752509996295,0.13494208455085754,875.8632202148438,933.6
456,618,2774,1265664,0.8218962550163269,0.6152682557702065,3085,0.24189453125,-21.985748958587646,0.0003,0.018800506,0.2,0.9981144666671753,-0.004281188594177365,0.23766738176345825,874.0685424804688,938.57
456,619,2778,1267712,0.8215965628623962,0.48748320043087007,3090,0.17197265625,-21.982655715942382,0.0003,0.013171973,0.2,0.9982388019561768,-0.008533318026456982,0.13356459140777588,874.447265625,937.95
456,620,2782,1269760,0.8212549686431885,65.01964130401612,3095,0.10546875,-21.973415470123292,0.0003,0.014412769,0.2,0.7410078644752502,-0.005241377744823694,40.408084869384766,873.537841796875,937.95
456,621,2786,1271808,0.8209621906280518,1.2221203401684761,3100,0.109765625,-21.967714309692383,0.0003,0.016187588,0.2,0.99410080909729,-0.008556242962367833,0.23179785907268524,868.009765625,937.95
456,622,2792,1273856,0.8207730054855347,0.8008572220802307,3105,0.09921875,-21.961001491546632,0.0003,0.008278186,0.2,0.9981900453567505,-0.003411349863745272,0.1947459876537323,863.8408813476562,937.95
456,623,2796,1275904,0.8205010294914246,0.549033360183239,3110,0.1220703125,-21.9570143699646,0.0003,0.013788015,0.2,0.9986962676048279,-0.007960972690489143,0.13264299929141998,868.4544677734375,937.95
456,624,2800,1277952,0.8197352886199951,0.38036508560180665,3115,0.15517578125,-21.947160911560058,0.0003,0.01332828,0.2,0.9986757636070251,-0.009845709591172636,0.10662415623664856,877.9024047851562,943.6
456,625,2805,1280000,0.8192926645278931,0.25867805108428,3120,0.17607421875,-21.929630470275878,0.0003,0.015967961,0.2,0.9993892312049866,-0.006270337442401797,0.07432898133993149,888.4276733398438,949.18
456,626,2810,1282048,0.8192059993743896,31.169619464874266,3125,0.2025390625,-21.92384977340698,0.0003,0.02891879,0.2,0.9182724952697754,-0.007359443267341703,16.634592056274414,887.0330200195312,950.62
456,627,2814,1284096,0.8191928267478943,56.370256423950195,3130,0.1005859375,-21.92349319458008,0.0003,0.016714452,0.2,0.8540445566177368,-0.00674726227298379,27.008563995361328,887.9085693359375,950.62
456,628,2819,1286144,0.8191401958465576,0.6669349446892738,3135,0.11220703125,-21.922700595855712,0.0003,0.014485697,0.2,0.996261477470398,-0.008377379644662142,0.20149479806423187,892.1998291015625,950.62
456,629,2824,1288192,0.8188797831535339,0.38297791332006453,3140,0.1796875,-21.920327377319335,0.0003,0.020442715,0.2,0.998607873916626,-0.010099779395386577,0.11547858268022537,894.0330200195312,950.62
455,630,2830,1290240,0.81827312707901,0.4179455950856209,3145,0.199609375,-21.910662269592287,0.0003,0.026261644,0.2,0.9991475343704224,-0.008031305414624513,0.15840965509414673,912.8904418945312,951.96
456,631,2833,1292288,0.8179839253425598,72.85668830871582,3150,0.14501953125,-21.898732089996336,0.0003,0.020500861,0.2,0.7505161762237549,-0.007462346507236361,47.971946716308594,912.8904418945312,951.96
456,632,2838,1294336,0.8176969289779663,0.32795797660946846,3155,0.180078125,-21.89439516067505,0.0003,0.01301345,0.2,0.9980151057243347,-0.009676826000213624,0.0887381061911583,908.778564453125,951.96
456,633,2842,1296384,0.8165680766105652,0.25447914339601996,3160,0.1736328125,-21.880631351470946,0.0003,0.014646692,0.2,0.9990439414978027,-0.007206069736275822,0.09427601099014282,906.635498046875,951.96
455,634,2848,1298432,0.8155341148376465,0.19874305054545402,3165,0.16796875,-21.852192687988282,0.0003,0.014801832,0.2,0.9993753433227539,-0.007819813315290958,0.06201586127281189,908.2835083007812,954.35
455,635,2852,1300480,0.8153378963470459,26.210484409332274,3170,0.23916015625,-21.83862419128418,0.0003,0.030389205,0.2,0.9096007347106934,-0.011459312308579684,9.634925842285156,906.9163818359375,950.79
455,636,2856,1302528,0.8153228163719177,76.16240062713624,3175,0.06708984375,-21.836516094207763,0.0003,0.012322427,0.2,0.7806760668754578,-0.007438730006106198,25.424333572387695,908.5825805664062,950.79
456,637,2860,1304576,0.8149387240409851,0.7844281598925591,3180,0.12080078125,-21.834355449676515,0.0003,0.012534234,0.2,0.995004415512085,-0.01013532339129597,0.3047972321510315,908.5825805664062,950.79
455,638,2866,1306624,0.8145014047622681,0.33190817162394526,3185,0.145703125,-21.822342777252196,0.0003,0.0131814135,0.2,0.9978195428848267,-0.009180621104314923,0.09335789084434509,912.7718505859375,951.76
455,639,2870,1308672,0.8141056895256042,0.5074715256690979,3190,0.14970703125,-21.813823699951172,0.0003,0.01743124,0.2,0.9963110685348511,-0.008939353353343903,0.1942235231399536,931.01318359375,964.46
455,640,2874,1310720,0.8140124678611755,56.45434541702271,3195,0.2029296875,-21.807430362701417,0.0003,0.025459599,0.2,0.8004226684570312,-0.007790639018639922,20.654924392700195,931.01318359375,964.46
455,641,2879,1312768,0.8141524791717529,0.7674594536423683,3200,0.10908203125,-21.808316898345947,0.0003,0.01342435,0.2,0.996056079864502,-0.009753947146236897,0.10851643979549408,927.021484375,962.55
455,642,2883,1314816,0.8142426013946533,56.79314022064209,3205,0.1646484375,-21.81131010055542,0.0003,0.024441492,0.2,0.8464804887771606,-0.008769031998235732,42.32497024536133,927.1690673828125,965.07
455,643,2888,1316864,0.814052402973175,0.9528804987668991,3210,0.12216796875,-21.811231517791747,0.0003,0.017874354,0.2,0.9959085583686829,-0.005154107010457665,0.27070486545562744,927.4254760742188,965.07
455,644,2892,1318912,0.8134958744049072,0.4229748070240021,3215,0.17861328125,-21.803157806396484,0.0003,0.016678534,0.2,0.9986451268196106,-0.00832529510371387,0.19438226521015167,927.4254760742188,965.07
455,645,2897,1320960,0.8120930194854736,0.15298359096050262,3220,0.2794921875,-21.782099533081055,0.0003,0.0144399535,0.2,0.999529242515564,0.0005374882835894823,0.0508405826985836,932.274169921875,964.25
455,646,2901,1323008,0.811433732509613,32.44408016204834,3225,0.3341796875,-21.75628032684326,0.0003,0.04166553,0.2,0.9171636700630188,-0.00732374400831759,15.897944450378418,927.08837890625,964.25
455,647,2906,1325056,0.8110549449920654,0.3917920581996441,3230,0.1564453125,-21.746298694610594,0.0003,0.015785903,0.2,0.9980804324150085,-0.011230244161561131,0.3065713942050934,928.0419311523438,964.86
455,648,2910,1327104,0.8108092546463013,0.3095396690070629,3235,0.1771484375,-21.73945035934448,0.0003,0.017217198,0.2,0.9986990690231323,-0.008571125532034785,0.09006909281015396,928.0419311523438,964.86
455,649,2915,1329152,0.8097825646400452,0.12916651889681816,3240,0.172265625,-21.72690620422363,0.0003,0.014404949,0.2,0.9996790885925293,-0.01021265289746225,0.04606091231107712,923.0700073242188,964.86
455,650,2919,1331200,0.809036910533905,0.25626916214823725,3245,0.205078125,-21.704027271270753,0.0003,0.017557679,0.2,0.9992378950119019,-0.008114439225755632,0.09941043704748154,923.5962524414062,964.86
455,651,2924,1333248,0.8082453012466431,0.26184897422790526,3250,0.2166015625,-21.68980712890625,0.0003,0.013496354,0.2,0.998935341835022,-0.011294773500412702,0.12984243035316467,929.6388549804688,964.86
456,652,2928,1335296,0.8080190420150757,0.26247515305876734,3255,0.1884765625,-21.674784564971922,0.0003,0.017075324,0.2,0.9993999600410461,-0.01005965784424916,0.11670980602502823,929.6388549804688,964.86
455,653,2932,1337344,0.8070531487464905,0.1543766263872385,3260,0.18759765625,-21.667570209503175,0.0003,0.01766712,0.2,0.9997902512550354,-0.011733883013948797,0.059550534933805466,933.5006103515625,964.86
455,654,2937,1339392,0.8060662746429443,0.32002176269888877,3265,0.2107421875,-21.640350341796875,0.0003,0.018422425,0.2,0.9994842410087585,-0.008094542450271547,0.18333296477794647,934.5197143554688,969.26
455,655,2942,1341440,0.805398166179657,0.2623695246875286,3270,0.232421875,-21.62339735031128,0.0003,0.030948948,0.2,0.9994490742683411,-0.0025866109528578816,0.07342584431171417,941.169677734375,970.4
456,656,2946,1343488,0.8046519756317139,0.21907218545675278,3275,0.18876953125,-21.606775951385497,0.0003,0.016970234,0.2,0.9991512894630432,-0.008218207897152751,0.061990685760974884,941.169677734375,970.4
455,657,2951,1345536,0.8041763305664062,0.222811521589756,3280,0.2529296875,-21.59270324707031,0.0003,0.017640226,0.2,0.999734103679657,-0.013151293306145817,0.021541288122534752,951.1180419921875,975.94
455,658,2956,1347584,0.8038960099220276,42.57866048812866,3285,0.15751953125,-21.583999347686767,0.0003,0.0265822,0.2,0.8150494694709778,-0.00862349746748805,12.003813743591309,948.1458740234375,975.94
455,659,2960,1349632,0.8031231760978699,0.2536819510161877,3290,0.18427734375,-21.573089790344238,0.0003,0.012278145,0.2,0.9989964962005615,-0.009365971945226193,0.07543811947107315,944.8279418945312,972.3
455,660,2964,1351680,0.8028544783592224,43.20554103851318,3295,0.20546875,-21.55963544845581,0.0003,0.029912882,0.2,0.9028101563453674,-0.007506332453340292,12.263901710510254,944.8279418945312,972.3
455,661,2969,1353728,0.8028267621994019,0.4335614688694477,3300,0.1318359375,-21.557517433166502,0.0003,0.012109227,0.2,0.9986167550086975,-0.009065910382196308,0.08798838406801224,949.1487426757812,972.76
455,662,2974,1355776,0.802984356880188,0.39732818454504015,3305,0.2556640625,-21.55797290802002,0.0003,0.022252513,0.2,0.998987078666687,-0.0024917066097259522,0.15228480100631714,944.4873657226562,973.53
455,663,2979,1357824,0.8034229278564453,24.22124663591385,3310,0.49267578125,-21.566983795166017,0.0003,0.12538174,0.2,0.9432297945022583,0.004855078679975122,29.129858016967773,951.050048828125,973.53
455,664,2983,1359872,0.8035650253295898,0.4064425781369209,3315,0.146484375,-21.573603630065918,0.0003,0.01376274,0.2,0.9987151622772217,-0.012472795601934195,0.17860594391822815,951.050048828125,973.53
455,665,2989,1361920,0.803534746170044,0.20046334750950337,3320,0.17880859375,-21.57571964263916,0.0003,0.021623082,0.2,0.9995944499969482,-0.008709680917672814,0.04809754341840744,955.5381469726562,973.53
455,666,2994,1363968,0.8036608099937439,0.21998412236571313,3325,0.26376953125,-21.57602663040161,0.0003,0.020218732,0.2,0.9995207786560059,-0.00962841692380607,0.07295326888561249,960.3883666992188,973.53
455,667,3000,1366016,0.8036096096038818,0.22368707433342933,3330,0.18994140625,-21.578023147583007,0.0003,0.014407793,0.2,0.9994890093803406,-0.009974801714997738,0.13628634810447693,943.9877319335938,954.44
455,668,3005,1368064,0.8034732341766357,166.6560417175293,3335,0.08896484375,-21.575361728668213,0.0003,0.01132029,0.2,0.705966591835022,0.00012196495663374662,94.59255981445312,923.56201171875,933.02
455,669,3009,1370112,0.803423285484314,117.42151336669922,3340,0.07060546875,-21.57360897064209,0.0003,0.013067793,0.2,0.8537849187850952,-0.006206062226556242,69.70074462890625,907.7633666992188,920.82
455,670,3014,1372160,0.8033864498138428,98.77010002136231,3345,0.110546875,-21.572900772094727,0.0003,0.018326107,0.2,0.785211980342865,-0.007514335960149765,44.05584716796875,912.8836059570312,923.99
455,671,3018,1374208,0.8030669689178467,1.4157000988721848,3350,0.12060546875,-21.570086097717287,0.0003,0.015154607,0.2,0.9920084476470947,-0.007609165459871292,0.3728397786617279,911.4859619140625,923.99
455,672,3024,1376256,0.8025222420692444,0.939108507335186,3355,0.22666015625,-21.55912141799927,0.0003,0.01497197,0.2,0.9967527389526367,-0.007527570123784244,0.3031488358974457,903.3228149414062,925.97
455,673,3028,1378304,0.8023821711540222,27.262932348251343,3360,0.13056640625,-21.550325298309325,0.0003,0.01804611,0.2,0.8909045457839966,-0.008382105221971869,16.92978858947754,903.0885009765625,925.97
455,674,3033,1380352,0.8022713661193848,0.5243764311075211,3365,0.1099609375,-21.548411083221435,0.0003,0.012939225,0.2,0.9984652400016785,-0.010489023418631404,0.12903046607971191,896.3132934570312,925.97
455,675,3037,1382400,0.8018615245819092,0.4467978231608868,3370,0.17392578125,-21.543178462982176,0.0003,0.022475678,0.2,0.9991627335548401,-0.010016429191455244,0.07700487226247787,891.052978515625,926.29
455,676,3042,1384448,0.8012790083885193,0.3028199225664139,3375,0.13076171875,-21.5312557220459,0.0003,0.014056427,0.2,0.9994010329246521,-0.006547693000175059,0.04506935924291611,893.6841430664062,926.29
455,677,3046,1386496,0.8007350564002991,0.43321177288889884,3380,0.18095703125,-21.51780834197998,0.0003,0.015432417,0.2,0.9986628890037537,-0.009591833665035665,0.22603066265583038,889.8636474609375,926.29
455,678,3051,1388544,0.7993382215499878,0.2218960590660572,3385,0.14326171875,-21.499817943573,0.0003,0.019044898,0.2,0.9993512630462646,-0.008403001062106341,0.08646468818187714,875.2067260742188,911.19
455,679,3055,1390592,0.7985482215881348,103.9807846069336,3390,0.20859375,-21.4692795753479,0.0003,0.026874714,0.2,0.7496607303619385,-0.0040433666668832306,51.522953033447266,877.820556640625,911.27
455,680,3060,1392640,0.798266589641571,0.7805708929896354,3395,0.103125,-21.459037399291994,0.0003,0.01199962,0.2,0.996455192565918,-0.008147077215835453,0.19274523854255676,871.3189697265625,907.08
455,681,3064,1394688,0.7982547283172607,54.21099939346313,3400,0.18125,-21.454960823059082,0.0003,0.023326207,0.2,0.8948312997817993,-0.008169564139097928,32.19850158691406,871.3189697265625,907.08
454,682,3069,1396736,0.7980544567108154,0.5517344035208225,3405,0.0896484375,-21.45362615585327,0.0003,0.011149808,0.2,0.9981904029846191,-0.005952240386977792,0.10290808230638504,870.5873413085938,907.08
455,683,3073,1398784,0.7978057861328125,0.6686557099223137,3410,0.18759765625,-21.446799659729002,0.0003,0.014150351,0.2,0.9984170794487,-0.00648774285800755,0.1628904938697815,871.1132202148438,906.81
454,684,3078,1400832,0.7978733777999878,57.66225814819336,3415,0.34326171875,-21.443258476257324,0.0003,0.044550136,0.2,0.8572343587875366,-0.0033082842477597297,18.67909049987793,867.637939453125,910.15
455,685,3083,1402880,0.7975823879241943,0.7996192201972008,3420,0.121484375,-21.442850208282472,0.0003,0.014381491,0.2,0.9940789937973022,-0.008926173206418753,0.19148454070091248,867.637939453125,910.15
454,686,3088,1404928,0.7972042560577393,0.3800517372786999,3425,0.13544921875,-21.433658790588378,0.0003,0.014117928,0.2,0.9987848997116089,-0.010516968602314592,0.06376798450946808,878.0040893554688,912.58
454,687,3093,1406976,0.7965589165687561,0.275321476906538,3430,0.19970703125,-21.422655200958253,0.0003,0.019667368,0.2,0.9988918900489807,-0.008728291001170873,0.07818862795829773,872.464599609375,908.91
454,688,3097,1409024,0.7962623834609985,44.418575811386106,3435,0.454296875,-21.411151504516603,0.0003,0.09313797,0.2,0.8488468527793884,0.0020590351079590617,18.080608367919922,876.9689331054688,908.91
454,689,3101,1411072,0.7960584759712219,0.5110221788287163,3440,0.1232421875,-21.406640148162843,0.0003,0.014353916,0.2,0.9978407025337219,-0.008238461916334927,0.1589147448539734,876.3626708984375,908.91
454,690,3106,1413120,0.7952490448951721,0.28669172450900077,3445,0.153125,-21.39624261856079,0.0003,0.01781761,0.2,0.9993708729743958,-0.009880538162542507,0.15740540623664856,877.2882080078125,909.73
454,691,3111,1415168,0.7940540909767151,0.35499395802617073,3450,0.21376953125,-21.372601985931396,0.0003,0.017866123,0.2,0.9991880059242249,-0.009282413218170405,0.2988799512386322,885.4174194335938,909.73
454,692,3115,1417216,0.793145477771759,0.25838779732584954,3455,0.2453125,-21.346100425720216,0.0003,0.017739587,0.2,0.9991032481193542,-0.006183661124669016,0.11083605140447617,884.2980346679688,909.73
454,693,3120,1419264,0.7924363613128662,0.1210637055337429,3460,0.30244140625,-21.327920722961426,0.0003,0.047140125,0.2,0.9995526075363159,-0.006059038988314569,0.06436504423618317,873.1429443359375,900.16
454,694,3125,1421312,0.7924680113792419,89.62794094085693,3465,0.45673828125,-21.319325542449953,0.0003,0.046848767,0.2,0.8042598366737366,0.008589369303081185,36.24737548828125,850.9241943359375,889.2
454,695,3129,1423360,0.7924273610115051,62.25993900299072,3470,0.17265625,-21.32027769088745,0.0003,0.017352935,0.2,0.8945450186729431,-0.0059119658544659615,61.478797912597656,835.4137573242188,877.0
454,696,3134,1425408,0.792353630065918,76.449955368042,3475,0.06494140625,-21.318606185913087,0.0003,0.010498026,0.2,0.8734129071235657,-0.004439555003773421,43.207977294921875,821.5318603515625,865.29
454,697,3138,1427456,0.7923544049263,64.17795677185059,3480,0.07578125,-21.317844200134278,0.0003,0.013387307,0.2,0.8963590860366821,-0.00877027940005064,41.45478439331055,819.7481079101562,863.8
454,698,3143,1429504,0.7925424575805664,69.39866056442261,3485,0.11591796875,-21.319676017761232,0.0003,0.021278828,0.2,0.8871843218803406,-0.008736878703348338,46.34648895263672,820.5362548828125,863.8
454,699,3148,1431552,0.7924801111221313,0.8739356860518456,3490,0.14970703125,-21.32211055755615,0.0003,0.020263255,0.2,0.9976454973220825,-0.011929277412127704,0.22739946842193604,821.4157104492188,864.47
454,700,3153,1433600,0.7920870184898376,0.728224940598011,3495,0.182421875,-21.318492221832276,0.0003,0.024346773,0.2,0.9985491037368774,-0.008394612092524767,0.20185108482837677,821.6188354492188,864.47
454,701,3158,1435648,0.7914972901344299,0.3706417590379715,3500,0.22861328125,-21.305334663391115,0.0003,0.017344559,0.2,0.9991713166236877,-0.009337115718517452,0.10922466218471527,821.3517456054688,859.98
454,702,3162,1437696,0.791386604309082,34.50351734161377,3505,0.2064453125,-21.297705841064452,0.0003,0.023728967,0.2,0.9275562167167664,-0.005288630607537925,10.716092109680176,825.1585083007812,860.96
454,703,3167,1439744,0.7914956212043762,30.31457362174988,3510,0.28876953125,-21.29770517349243,0.0003,0.038902763,0.2,0.9441707134246826,-0.010172045277431607,22.207717895507812,825.7198486328125,860.96
454,704,3171,1441792,0.7917655110359192,0.74224903434515,3515,0.1462890625,-21.30213842391968,0.0003,0.012805648,0.2,0.9972158670425415,-0.01174287695903331,0.22161276638507843,825.7198486328125,860.96
454,705,3175,1443840,0.791117250919342,0.23322955891489983,3520,0.16533203125,-21.301449394226076,0.0003,0.015028672,0.2,0.9994836449623108,-0.008210214809514583,0.051253147423267365,829.080078125,861.96
454,706,3180,1445888,0.790594220161438,26.779489552974702,3525,0.42080078125,-21.28293628692627,0.0003,0.08318657,0.2,0.9552516937255859,-0.009609867818653584,24.581741333007812,829.6132202148438,860.18
454,707,3185,1447936,0.7904256582260132,74.90294203758239,3530,0.2294921875,-21.27706527709961,0.0003,0.03027793,0.2,0.8636376261711121,-0.008132831286638975,28.936784744262695,828.6922607421875,856.38
454,708,3189,1449984,0.7903203964233398,53.05713996887207,3535,0.2154296875,-21.273295211791993,0.0003,0.031348456,0.2,0.888759970664978,-0.009762540739029647,20.567758560180664,825.5321044921875,856.38
454,709,3193,1452032,0.7906956672668457,0.3554589807987213,3540,0.24306640625,-21.273807525634766,0.0003,0.017792448,0.2,0.999130129814148,-0.004093280807137489,0.08290403336286545,829.5115356445312,862.04
454,710,3198,1454080,0.7905540466308594,0.45100203454494475,3545,0.19228515625,-21.28090629577637,0.0003,0.012353849,0.2,0.9991587996482849,-0.00437499430263415,0.14209651947021484,827.973876953125,866.05
454,711,3203,1456128,0.7899991273880005,0.42534539103507996,3550,0.18359375,-21.269471645355225,0.0003,0.0157126,0.2,0.9987449645996094,-0.009573906636796891,0.10729438066482544,851.4857788085938,883.23
454,712,3207,1458176,0.7890425324440002,0.32615719437599183,3555,0.19150390625,-21.253684329986573,0.0003,0.014719998,0.2,0.9988908171653748,-0.009109004982747138,0.20461969077587128,863.5943603515625,893.4
454,713,3212,1460224,0.7885301113128662,65.77748908996583,3560,0.25615234375,-21.23323450088501,0.0003,0.028047211,0.2,0.6111883521080017,-0.0029524211306124924,34.7452507019043,868.3983764648438,900.27
454,714,3218,1462272,0.7884292602539062,43.804412078857425,3565,0.1169921875,-21.22794666290283,0.0003,0.019556282,0.2,0.8419559001922607,-0.008821672294288874,34.86738586425781,864.598388671875,893.79
454,715,3222,1464320,0.7885405421257019,75.85176544189453,3570,0.165625,-21.227816772460937,0.0003,0.027831264,0.2,0.6743963956832886,-0.008631955331657082,15.903061866760254,859.5130615234375,890.24
454,716,3227,1466368,0.7885276675224304,61.68149242401123,3575,0.18544921875,-21.22938451766968,0.0003,0.02533469,0.2,0.7192972898483276,-0.01189123074291274,31.531435012817383,861.5009155273438,890.24
454,717,3231,1468416,0.7886075973510742,0.8351372480392456,3580,0.1359375,-21.229524612426758,0.0003,0.014952354,0.2,0.9940226674079895,-0.010763480234891177,0.23811320960521698,861.5009155273438,890.24
454,718,3236,1470464,0.7886624932289124,0.3723070941865444,3585,0.1255859375,-21.232132244110108,0.0003,0.011479375,0.2,0.9985046982765198,-0.007140068570151925,0.10520884394645691,868.6009521484375,890.24
454,719,3241,1472512,0.7881712913513184,0.6353485360741615,3590,0.20537109375,-21.226786422729493,0.0003,0.016161101,0.2,0.9967805743217468,-0.008098063425859437,0.3820784091949463,866.7525634765625,890.24
454,720,3245,1474560,0.7878448963165283,0.46163561269640924,3595,0.14599609375,-21.217838096618653,0.0003,0.0131001305,0.2,0.9978407621383667,-0.00819024897646159,0.11708024144172668,863.0066528320312,890.24
454,721,3249,1476608,0.7868750095367432,0.3013521648943424,3600,0.18125,-21.204335689544678,0.0003,0.01583376,0.2,0.9991152882575989,-0.007604525907663628,0.11236365139484406,863.0066528320312,890.24
454,722,3255,1478656,0.7860081195831299,0.4183398000895977,3605,0.1859375,-21.18119125366211,0.0003,0.019423332,0.2,0.9991124272346497,-0.007202810957096517,0.1242535263299942,880.9802856445312,901.16
454,723,3259,1480704,0.7857474684715271,74.17786569595337,3610,0.1720703125,-21.167446899414063,0.0003,0.019310445,0.2,0.7796160578727722,-0.007735772791784256,49.49311065673828,889.9142456054688,904.82
454,724,3263,1482752,0.7860956788063049,0.6084805071353913,3615,0.1908203125,-21.16865234375,0.0003,0.016888198,0.2,0.9974940419197083,-0.010909779166104272,0.16539108753204346,892.87646484375,904.82
454,725,3267,1484800,0.7856814861297607,0.2537534341216087,3620,0.1802734375,-21.1715350151062,0.0003,0.016763521,0.2,0.9992949962615967,-0.006244396744295955,0.0933864414691925,892.87646484375,904.82
454,726,3273,1486848,0.7853896021842957,0.3438193559646606,3625,0.39443359375,-21.160686683654784,0.0003,0.062762454,0.2,0.9996538162231445,0.012235110613983125,0.07483713328838348,895.1727294921875,903.28
454,727,3277,1488896,0.7851415276527405,118.61344776153564,3630,0.34189453125,-21.154508590698242,0.0003,0.042511925,0.2,0.7871263027191162,-0.002319104922935367,77.73719024658203,897.7921752929688,903.55
454,728,3283,1490944,0.784892201423645,0.9641152024269104,3635,0.16630859375,-21.149275016784667,0.0003,0.015224747,0.2,0.9957792162895203,-0.012857889104634524,0.2369784116744995,886.5884399414062,896.04
454,729,3287,1492992,0.7847769260406494,108.71890544891357,3640,0.1591796875,-21.1435507774353,0.0003,0.02017087,0.2,0.8014672994613647,-0.005263755889609456,81.6144790649414,886.5884399414062,896.04
454,730,3291,1495040,0.7846393585205078,0.645707643032074,3645,0.116796875,-21.142188930511473,0.0003,0.0140562905,0.2,0.9976155757904053,-0.009989262884482741,0.1432131975889206,882.9072875976562,896.04
454,731,3296,1497088,0.7837938666343689,0.41190642267465594,3650,0.1943359375,-21.13158302307129,0.0003,0.013519034,0.2,0.9991709589958191,-0.006169686955399811,0.09765537083148956,887.1034545898438,899.71
454,732,3301,1499136,0.7828808426856995,0.3844164632260799,3655,0.21611328125,-21.10899305343628,0.0003,0.009792885,0.2,0.9993537068367004,-0.007367116911336779,0.12625263631343842,874.3499755859375,899.71
454,733,3305,1501184,0.7818472385406494,0.31850970089435576,3660,0.1583984375,-21.08850803375244,0.0003,0.015518457,0.2,0.9994429349899292,-0.009115207707509398,0.09499486535787582,872.8220825195312,891.9
454,734,3310,1503232,0.7813361883163452,130.65271110534667,3665,0.2125,-21.066885662078857,0.0003,0.022556668,0.2,0.7203322649002075,-0.0024074377957731484,45.47663116455078,857.455810546875,890.08
454,735,3314,1505280,0.781480610370636,29.69593725204468,3670,0.1447265625,-21.063130569458007,0.0003,0.019344296,0.2,0.9194420576095581,-0.008286932436749338,19.518848419189453,857.455810546875,890.08
454,736,3318,1507328,0.7813789248466492,0.7259248703718185,3675,0.110546875,-21.066105079650878,0.0003,0.015953822,0.2,0.997461199760437,-0.009688330173958093,0.11121906340122223,860.810302734375,893.19
454,737,3323,1509376,0.781522810459137,1.0131932467222213,3680,0.33603515625,-21.06327905654907,0.0003,0.045203425,0.2,0.997602641582489,0.004795651836320758,0.26954880356788635,870.2140502929688,898.19
454,738,3327,1511424,0.781702995300293,0.5545835271477699,3685,0.1634765625,-21.068315505981445,0.0003,0.015660435,0.2,0.9952353835105896,-0.00821140487678349,0.23391294479370117,874.3018798828125,899.65
454,739,3331,1513472,0.7816837430000305,0.5037136107683182,3690,0.221875,-21.070590591430665,0.0003,0.022743199,0.2,0.9964059591293335,-0.003323149238713086,0.12703686952590942,874.3018798828125,899.65
454,740,3336,1515520,0.7810180187225342,0.2690027218312025,3695,0.1609375,-21.064475727081298,0.0003,0.01676744,0.2,0.9972161054611206,-0.008599824958946557,0.12423718720674515,892.3128051757812,917.0
454,741,3340,1517568,0.7805279493331909,0.3417879089713097,3700,0.19306640625,-21.047273921966553,0.0003,0.020229366,0.2,0.9985677003860474,-0.006771732750348747,0.10018161684274673,897.9513549804688,922.81
454,742,3345,1519616,0.7802408337593079,0.28238158747553826,3705,0.2625,-21.039446353912354,0.0003,0.01888672,0.2,0.9993060827255249,-0.010015235980972648,0.15255829691886902,908.1571044921875,936.01
454,743,3350,1521664,0.7793593406677246,0.2575394310057163,3710,0.22333984375,-21.02810926437378,0.0003,0.020075144,0.2,0.9992242455482483,-0.007103023282252252,0.08502012491226196,908.1571044921875,936.01
454,744,3355,1523712,0.7781903147697449,0.1307866308838129,3715,0.3212890625,-21.001469993591307,0.0003,0.020396207,0.2,0.9997006058692932,-0.0003026290563866496,0.04952920600771904,903.5753173828125,931.87
454,745,3359,1525760,0.7778369188308716,29.839526295661926,3720,0.33505859375,-20.981587600708007,0.0003,0.04915443,0.2,0.9252979755401611,-0.005311977304518223,18.32551383972168,903.5753173828125,931.87
454,746,3363,1527808,0.7779000997543335,0.35960364565253256,3725,0.1470703125,-20.97889347076416,0.0003,0.013838014,0.2,0.9980312585830688,-0.010556881607044488,0.1770574450492859,898.8225708007812,931.87
454,747,3367,1529856,0.7773336172103882,0.1995100550353527,3730,0.1763671875,-20.97667350769043,0.0003,0.014418883,0.2,0.9991217255592346,-0.010783078824169933,0.03857571259140968,904.1777954101562,936.36
454,748,3373,1531904,0.7764973640441895,0.20891954712569713,3735,0.22958984375,-20.957347774505614,0.0003,0.018701699,0.2,0.9995673894882202,-0.007607794902287424,0.042933665215969086,913.490234375,939.02
454,749,3376,1533952,0.7758174538612366,0.26941731944680214,3740,0.21728515625,-20.939141464233398,0.0003,0.017768905,0.2,0.9988411068916321,-0.012521850928897038,0.09967032074928284,913.490234375,939.02
454,750,3381,1536000,0.7752442955970764,0.13627314791083336,3745,0.2390625,-20.925837898254393,0.0003,0.018356152,0.2,0.9997014403343201,-0.003950852109119296,0.028825029730796814,906.2460327148438,934.94
454,751,3386,1538048,0.7751441597938538,75.13364086151122,3750,0.28232421875,-20.918277645111083,0.0003,0.031962834,0.2,0.7293878793716431,-0.0013895927113480866,31.215734481811523,901.8702392578125,931.07
454,752,3391,1540096,0.7751667499542236,52.30703191757202,3755,0.2259765625,-20.91765069961548,0.0003,0.03693051,0.2,0.7261552810668945,-0.008400170563254506,25.1201114654541,896.1942749023438,931.58
454,753,3395,1542144,0.775229275226593,0.4806976914405823,3760,0.154296875,-20.91885871887207,0.0003,0.012714088,0.2,0.9972907900810242,-0.009030237048864364,0.13483932614326477,896.1942749023438,931.58
454,754,3400,1544192,0.7746200561523438,0.31431138440966605,3765,0.15224609375,-20.91441011428833,0.0003,0.011357142,0.2,0.9985253810882568,-0.00789930266328156,0.07054445147514343,899.9657592773438,934.87
454,755,3405,1546240,0.77443528175354,0.16789797693490982,3770,0.1658203125,-20.901821517944335,0.0003,0.012171051,0.2,0.9994325041770935,-0.011297073075547814,0.03298129513859749,906.1790771484375,933.56
454,756,3410,1548288,0.7747207283973694,48.623838376998904,3775,0.4244140625,-20.90478172302246,0.0003,0.066019624,0.2,0.8943705558776855,-0.0015614916104823352,23.373865127563477,901.2713012695312,933.56
453,757,3415,1550336,0.7744614481925964,0.4241966888308525,3780,0.1814453125,-20.906304359436035,0.0003,0.016804643,0.2,0.997939944267273,-0.010007706109900028,0.09226471930742264,894.1755981445312,929.07
453,758,3420,1552384,0.7741774320602417,51.791974020004275,3785,0.2158203125,-20.898123836517335,0.0003,0.029975716,0.2,0.8638633489608765,-0.00925423284061253,44.937171936035156,896.93408203125,933.18
453,759,3425,1554432,0.773709237575531,0.7329770073294639,3790,0.158203125,-20.892071342468263,0.0003,0.023558082,0.2,0.9964032173156738,-0.009069927909877151,0.20195721089839935,902.3463134765625,944.99
453,760,3429,1556480,0.772975504398346,0.45483244955539703,3795,0.274609375,-20.875174522399902,0.0003,0.019161958,0.2,0.9986426830291748,-0.003615537693258375,0.13034263253211975,902.9445190429688,944.99
453,761,3434,1558528,0.7724978923797607,0.4124361127614975,3800,0.2103515625,-20.861970043182374,0.0003,0.019279428,0.2,0.9986187815666199,-0.00745032443664968,0.10610894858837128,905.6864624023438,944.99
453,762,3438,1560576,0.7725391387939453,0.24168849512934684,3805,0.15703125,-20.855701065063478,0.0003,0.01095775,0.2,0.9992491602897644,-0.010275519383139909,0.07828580588102341,914.6055297851562,948.73
453,763,3444,1562624,0.7720983028411865,0.16552477292716503,3810,0.19794921875,-20.853625106811524,0.0003,0.014856357,0.2,0.9995427131652832,-0.012214991310611368,0.060134407132864,896.0178833007812,932.84
453,764,3449,1564672,0.7718563675880432,116.54401741027831,3815,0.44755859375,-20.84195728302002,0.0003,0.06456482,0.2,0.779826819896698,0.009297888132277877,55.59428024291992,902.1640014648438,931.93
453,765,3453,1566720,0.7719508409500122,69.10628385543824,3820,0.1390625,-20.841254901885986,0.0003,0.01993411,0.2,0.7249140739440918,-0.0021608246956020595,47.35214614868164,896.84326171875,927.94
453,766,3457,1568768,0.7720900774002075,40.934683656692506,3825,0.17021484375,-20.843603897094727,0.0003,0.02309804,0.2,0.8241252303123474,-0.010387348150834442,3.579953908920288,896.84326171875,927.94
453,767,3462,1570816,0.7722693681716919,0.7642108842730522,3830,0.11298828125,-20.84701623916626,0.0003,0.01334542,0.2,0.9960072636604309,-0.009935284382663667,0.4328455626964569,897.7385864257812,928.46
453,768,3467,1572864,0.7727829813957214,0.5229748770594597,3835,0.297265625,-20.854847812652586,0.0003,0.023965605,0.2,0.9975077509880066,-0.01194641743786633,0.1455620974302292,894.5092163085938,928.46
453,769,3471,1574912,0.7730944752693176,0.23619210347533226,3840,0.2603515625,-20.865375804901124,0.0003,0.019178763,0.2,0.9991734623908997,-0.006124736531637609,0.121230348944664,888.150390625,928.46
453,770,3475,1576960,0.7724656462669373,0.13235496617853643,3845,0.25703125,-20.86221866607666,0.0003,0.01341969,0.2,0.9996951222419739,-0.013206377264577896,0.0368877537548542,889.9198608398438,929.9
453,771,3481,1579008,0.7713125348091125,0.15332594588398935,3850,0.20673828125,-20.839848136901857,0.0003,0.0154512925,0.2,0.9996770620346069,-0.011666580964811147,0.0587274506688118,898.65087890625,936.1
453,772,3485,1581056,0.7710649967193604,59.23869647979736,3855,0.2236328125,-20.82112350463867,0.0003,0.028141282,0.2,0.8403111696243286,-0.006268683448433876,19.740447998046875,898.65087890625,936.1
453,773,3489,1583104,0.7714672684669495,0.6841680094599724,3860,0.166796875,-20.82231378555298,0.0003,0.015671484,0.2,0.996316134929657,-0.012699454592075199,0.17973004281520844,900.1351318359375,936.1
453,774,3495,1585152,0.7717745304107666,0.28297762721776965,3865,0.215625,-20.83219690322876,0.0003,0.026556598,0.2,0.9982380270957947,-0.011833371338434517,0.15222278237342834,904.876220703125,938.52
453,775,3499,1587200,0.7717719078063965,72.31924438476562,3870,0.1888671875,-20.83606243133545,0.0003,0.020894133,0.2,0.7012917399406433,-0.006343415752053261,29.97711753845215,901.9615478515625,937.59
453,776,3504,1589248,0.7714781165122986,18.8424749314785,3875,0.1380859375,-20.833002758026122,0.0003,0.016019795,0.2,0.9257624745368958,-0.005962530383840203,16.1508731842041,888.1797485351562,923.01
453,777,3509,1591296,0.7713686227798462,135.7590644836426,3880,0.076171875,-20.827460384368898,0.0003,0.0129855685,0.2,0.24203115701675415,-0.007437534036580473,42.2669563293457,885.3928833007812,918.84
453,778,3513,1593344,0.7714812159538269,33.35054721832275,3885,0.21455078125,-20.827983856201172,0.0003,0.03059376,0.2,0.8082350492477417,-0.010204348736442626,12.756569862365723,882.9791259765625,922.66
453,779,3517,1595392,0.7716467976570129,32.62497873306275,3890,0.11083984375,-20.830511856079102,0.0003,0.018401748,0.2,0.8628124594688416,-0.007121702464064583,18.646448135375977,888.9932861328125,924.48
453,780,3522,1597440,0.771885871887207,0.9305152356624603,3895,0.104296875,-20.836432933807373,0.0003,0.014320476,0.2,0.996819019317627,-0.009450232144445181,0.23704466223716736,887.441650390625,922.99
453,781,3527,1599488,0.7721614837646484,64.43464350700378,3900,0.21787109375,-20.84243001937866,0.0003,0.031002104,0.2,0.7169032096862793,-0.009100264660082758,61.00226593017578,880.6166381835938,916.83
453,782,3531,1601536,0.7721660137176514,39.42336626052857,3905,0.16796875,-20.84590539932251,0.0003,0.025534224,0.2,0.809068500995636,-0.010459551122039557,14.092362403869629,884.66357421875,916.83
453,783,3536,1603584,0.7721142172813416,0.8006067395210266,3910,0.127734375,-20.84515438079834,0.0003,0.014899686,0.2,0.9960328340530396,-0.01179677490144968,0.2608504891395569,884.160888671875,913.38
453,784,3540,1605632,0.7720987796783447,66.71192445755005,3915,0.16875,-20.84346752166748,0.0003,0.02379826,0.2,0.7462170124053955,-0.008564319857396186,29.15607261657715,884.42333984375,913.38
453,785,3545,1607680,0.7718690037727356,0.6894889086484909,3920,0.1751953125,-20.842684173583983,0.0003,0.014937955,0.2,0.995580792427063,-0.008093848871067167,0.13078106939792633,884.5535278320312,913.38
453,786,3550,1609728,0.7711971998214722,0.42897188663482666,3925,0.1986328125,-20.831043434143066,0.0003,0.012084073,0.2,0.9986267685890198,-0.00345891488250345,0.1154751256108284,885.7045288085938,913.38
453,787,3554,1611776,0.7698259353637695,0.3588451102375984,3930,0.18310546875,-20.808949661254882,0.0003,0.016430348,0.2,0.9990005493164062,-0.011537498328834772,0.11773720383644104,883.0703125,913.38
453,788,3558,1613824,0.769053041934967,0.436407333612442,3935,0.12763671875,-20.779051208496092,0.0003,0.014619994,0.2,0.9987945556640625,-0.008649897493887693,0.1432950496673584,883.4542846679688,913.38
453,789,3563,1615872,0.7681481838226318,0.3146165356040001,3940,0.18017578125,-20.762214565277098,0.0003,0.016640585,0.2,0.9991006255149841,-0.007307210721774027,0.0853923112154007,894.7354125976562,914.53
453,790,3568,1617920,0.7677954435348511,48.910939645767215,3945,0.52451171875,-20.743690490722656,0.0003,0.14033046,0.2,0.863418459892273,0.007864238903857767,28.520353317260742,896.7839965820312,914.53
453,791,3572,1619968,0.7679417133331299,0.8592706859111786,3950,0.18369140625,-20.7413122177124,0.0003,0.023312002,0.2,0.9956048727035522,-0.008579010190442205,0.2884436845779419,897.9996948242188,914.53
453,792,3577,1622016,0.7677879333496094,0.33338087871670724,3955,0.186328125,-20.743235111236572,0.0003,0.0135528,0.2,0.9993453621864319,-0.010383494989946484,0.14259672164916992,893.37255859375,912.44
453,793,3581,1624064,0.7674109935760498,29.652054023742675,3960,0.35634765625,-20.733881187438964,0.0003,0.051077243,0.2,0.9437074661254883,-0.005477623641490936,19.6466064453125,895.6463012695312,912.44
453,794,3586,1626112,0.7672562599182129,0.42592298835515974,3965,0.2345703125,-20.728483963012696,0.0003,0.011517297,0.2,0.9991596937179565,-0.0019730579806491733,0.1526058465242386,899.4152221679688,912.44
453,795,3591,1628160,0.7663977742195129,0.3855286881327629,3970,0.28984375,-20.716868209838868,0.0003,0.026013678,0.2,0.999148428440094,-0.005056438292376697,0.13170374929904938,895.4152221679688,913.24
453,796,3595,1630208,0.7664049863815308,77.2288896560669,3975,0.6623046875,-20.70565242767334,0.0003,0.4136346,0.2,0.8592280745506287,0.03484050151892006,44.8199577331543,900.1322021484375,913.24
453,797,3599,1632256,0.7661886215209961,1.3367727756500245,3980,0.1103515625,-20.703759384155273,0.0003,0.014871742,0.2,0.9917850494384766,-0.007444176496937871,0.4599224328994751,900.1322021484375,913.24
453,798,3603,1634304,0.7662240266799927,0.6030864387750625,3985,0.13984375,-20.70008659362793,0.0003,0.016074069,0.2,0.9943368434906006,-0.006586454319767654,0.07360240072011948,904.4324951171875,913.24
453,799,3609,1636352,0.7660684585571289,0.40355815142393114,3990,0.24248046875,-20.700834846496583,0.0003,0.018234022,0.2,0.9982880353927612,-0.010602345480583608,0.13034053146839142,910.428955078125,914.55
453,800,3614,1638400,0.766015887260437,0.31573083996772766,3995,0.2193359375,-20.69753141403198,0.0003,0.017106885,0.2,0.9983858466148376,-0.011869978439062834,0.11351780593395233,914.5631103515625,914.55
453,801,3618,1640448,0.7657939791679382,0.4169029794633389,4000,0.1951171875,-20.696662044525148,0.0003,0.01276308,0.2,0.9985437989234924,-0.0058488689246587455,0.05968046560883522,914.5631103515625,914.55
453,802,3623,1642496,0.7654179930686951,0.41057967469096185,4005,0.184375,-20.686872959136963,0.0003,0.020479763,0.2,0.9992627501487732,-0.009570438414812088,0.25374647974967957,912.0337524414062,914.55
453,803,3628,1644544,0.7649641633033752,0.2101108618080616,4010,0.16767578125,-20.67861270904541,0.0003,0.011466347,0.2,0.9990488290786743,-0.01255578869022429,0.06213001161813736,923.1213989257812,919.04
453,804,3632,1646592,0.7642704844474792,0.20506948754191398,4015,0.32353515625,-20.664620018005373,0.0003,0.036061063,0.2,0.9993165731430054,-0.00019167191348969936,0.10641360282897949,920.24365234375,919.04
453,805,3636,1648640,0.7641260623931885,0.10213678814470768,4020,0.218359375,-20.653192901611327,0.0003,0.0166974,0.2,0.9997418522834778,-0.00972248122561723,0.034855734556913376,920.24365234375,919.04
453,806,3641,1650688,0.7637898921966553,0.11912381686270238,4025,0.21259765625,-20.64888467788696,0.0003,0.018096654,0.2,0.9996849894523621,-0.011233856854960322,0.032989080995321274,911.1975708007812,912.74
453,807,3646,1652736,0.7637774348258972,88.37177667617797,4030,0.2572265625,-20.64409303665161,0.0003,0.03725452,0.2,0.8049141764640808,-0.0022379106027074157,38.362770080566406,914.796142578125,914.73
453,808,3651,1654784,0.7644612789154053,0.700978410243988,4035,0.15283203125,-20.64996204376221,0.0003,0.014272712,0.2,0.9966583847999573,-0.010709703247994185,0.17533999681472778,916.148193359375,917.19
453,809,3654,1656832,0.7649953365325928,27.93124327659607,4040,0.3421875,-20.667436408996583,0.0003,0.051819768,0.2,0.9272565841674805,-0.007099284231662751,13.516402244567871,916.148193359375,917.19
453,810,3659,1658880,0.7646795511245728,0.33161281645298,4045,0.1107421875,-20.671008110046387,0.0003,0.015294261,0.2,0.999279260635376,-0.010103128157788887,0.0888005942106247,916.5602416992188,924.92
453,811,3664,1660928,0.7642961144447327,40.96408743858338,4050,0.23369140625,-20.659778118133545,0.0003,0.032654993,0.2,0.8945919275283813,-0.011387868190649898,13.307222366333008,920.83447265625,924.92
453,812,3668,1662976,0.7639745473861694,0.48821054175496104,4055,0.128515625,-20.652368545532227,0.0003,0.01266264,0.2,0.9985812306404114,-0.01053974856622517,0.11669428646564484,910.96435546875,919.98
453,813,3673,1665024,0.7639375329017639,80.93476524353028,4060,0.22275390625,-20.646658897399902,0.0003,0.027894951,0.2,0.8121005296707153,-0.007218461472075432,51.83998107910156,907.7178955078125,917.53
453,814,3678,1667072,0.7640469074249268,30.534397029876708,4065,0.155859375,-20.646918869018556,0.0003,0.020508878,0.2,0.9164273738861084,-0.00964858396910131,8.627069473266602,913.00244140625,917.53
453,815,3682,1669120,0.7639957070350647,0.44210914373397825,4070,0.2025390625,-20.648655700683594,0.0003,0.019694824,0.2,0.9987541437149048,-0.009795864787884056,0.1802005171775818,905.5343017578125,917.53
453,816,3687,1671168,0.7635932564735413,0.28982618525624276,4075,0.16494140625,-20.643649578094482,0.0003,0.012695718,0.2,0.9991596341133118,-0.010489230835810303,0.1016116514801979,907.7464599609375,919.18
453,817,3691,1673216,0.7629314064979553,0.28447206765413285,4080,0.275,-20.628255081176757,0.0003,0.022915294,0.2,0.999491810798645,-0.008422974334098398,0.08929748833179474,905.5579833984375,919.18
453,818,3696,1675264,0.7624285221099854,0.13472917303442955,4085,0.19599609375,-20.614798641204835,0.0003,0.015611606,0.2,0.9998225569725037,-0.009964583278633653,0.041037093847990036,906.9732666015625,916.8
453,819,3701,1677312,0.7625008225440979,63.75904712677002,4090,0.2625,-20.60735673904419,0.0003,0.030581329,0.2,0.892425537109375,-0.006835123174823821,22.96558952331543,912.9598388671875,915.37
453,820,3705,1679360,0.7625455260276794,155.08559856414794,4095,0.10595703125,-20.61038236618042,0.0003,0.018284965,0.2,0.718838632106781,-0.007318858965300023,84.6324462890625,912.9598388671875,915.37
453,821,3709,1681408,0.7625571489334106,1.9159782320261,4100,0.07412109375,-20.610395908355713,0.0003,0.014040152,0.2,0.9886904954910278,-0.00855057486332953,0.3586388826370239,912.9598388671875,915.37
453,822,3715,1683456,0.7628443837165833,0.5010501280426979,4105,0.1646484375,-20.612131309509277,0.0003,0.037606005,0.2,0.9991146326065063,-0.00314024630934,0.1319788247346878,932.8674926757812,932.12
453,823,3720,1685504,0.7628676891326904,60.38221082687378,4110,0.262890625,-20.61831693649292,0.0003,0.03484956,0.2,0.860304057598114,-0.003645642101764679,21.929758071899414,932.269287109375,924.14
453,824,3723,1687552,0.7627593874931335,111.5497709274292,4115,0.0697265625,-20.614625930786133,0.0003,0.011144679,0.2,0.7432267665863037,-0.007837380236014723,41.09601593017578,932.269287109375,924.14
453,825,3728,1689600,0.7626710534095764,1.349954330921173,4120,0.10947265625,-20.61343936920166,0.0003,0.01219424,0.2,0.9932211637496948,-0.011066895187832415,0.1898866444826126,931.7832641601562,919.88
453,826,3733,1691648,0.7626770734786987,87.38711299896241,4125,0.10673828125,-20.611420154571533,0.0003,0.01513888,0.2,0.775517463684082,-0.008476451132446527,48.78300476074219,929.457275390625,920.54
453,827,3738,1693696,0.762600839138031,79.08262672424317,4130,0.1439453125,-20.611544132232666,0.0003,0.019282121,0.2,0.7846933603286743,-0.007799566513858736,54.245628356933594,920.1939086914062,914.02
453,828,3742,1695744,0.7625508904457092,95.03750648498536,4135,0.11630859375,-20.610428714752196,0.0003,0.019287862,0.2,0.7596914172172546,-0.011042366456240415,42.54564666748047,920.1939086914062,914.02
453,829,3747,1697792,0.7623903751373291,1.1186784505844116,4140,0.117578125,-20.608473587036134,0.0003,0.015437279,0.2,0.9970859885215759,-0.010630597616545856,0.2779874801635742,910.3521118164062,908.54
453,830,3751,1699840,0.7624199986457825,74.8622010231018,4145,0.20146484375,-20.605510807037355,0.0003,0.031015169,0.2,0.8685259222984314,-0.010781238763593137,51.11952590942383,913.3956298828125,908.54
453,831,3756,1701888,0.7623494863510132,1.7786116570234298,4150,0.10205078125,-20.607431888580322,0.0003,0.011026508,0.2,0.9959293603897095,-0.009386483859270812,0.30855709314346313,908.6567993164062,908.54
453,832,3761,1703936,0.762127697467804,0.9718155860900879,4155,0.202734375,-20.601811408996582,0.0003,0.01177347,0.2,0.9984750747680664,-0.0011935993330553173,0.26195329427719116,908.1961059570312,908.54
452,833,3766,1705984,0.7617277503013611,0.371793969720602,4160,0.1572265625,-20.59500894546509,0.0003,0.01363237,0.2,0.9988403916358948,-0.009802548482548445,0.08487964421510696,902.1390380859375,903.25
453,834,3769,1708032,0.7615162134170532,108.38647727966308,4165,0.312109375,-20.586637496948242,0.0003,0.046388224,0.2,0.6216131448745728,-0.005938903207425028,50.40424728393555,902.1390380859375,903.25
453,835,3774,1710080,0.7613121271133423,0.9085703924298286,4170,0.11865234375,-20.581810665130615,0.0003,0.014148317,0.2,0.9921990036964417,-0.00927260690368712,0.18000428378582,902.9949951171875,903.25
453,836,3778,1712128,0.7610172033309937,0.6304360821843147,4175,0.1431640625,-20.57639102935791,0.0003,0.019884786,0.2,0.9962896704673767,-0.008504789555445313,0.2772972285747528,903.3094482421875,903.25
453,837,3783,1714176,0.760542631149292,0.28151876404881476,4180,0.20908203125,-20.56619462966919,0.0003,0.022790719,0.2,0.9985517859458923,-0.006614135252311826,0.09531652927398682,899.63916015625,905.34
453,838,3787,1716224,0.7599734663963318,0.5654339373111725,4185,0.17802734375,-20.554368591308595,0.0003,0.014271273,0.2,0.9979753494262695,-0.006845151749439537,0.22832340002059937,899.63916015625,905.34
453,839,3792,1718272,0.7593138813972473,0.16306028924882413,4190,0.24765625,-20.53915901184082,0.0003,0.0147898905,0.2,0.9994671940803528,-0.009599463548511267,0.053785715252161026,907.7169799804688,911.02
453,840,3796,1720320,0.759060263633728,0.4640053793787956,4195,0.20107421875,-20.5279634475708,0.0003,0.0200684,0.2,0.9986945390701294,-0.012434292444959283,0.24987950921058655,901.70068359375,911.02
453,841,3801,1722368,0.7583721280097961,0.3406412981450558,4200,0.23271484375,-20.51932735443115,0.0003,0.020498889,0.2,0.9993026852607727,-0.005624279013136402,0.3044211268424988,908.7330322265625,914.77
453,842,3806,1724416,0.7582212090492249,0.5046346843242645,4205,0.216796875,-20.506477928161623,0.0003,0.016133627,0.2,0.9985975623130798,-4.505924880504608e-06,0.20007354021072388,908.7330322265625,914.77
453,843,3811,1726464,0.7574560642242432,0.08208954017609357,4210,0.294921875,-20.498346710205077,0.0003,0.019435594,0.2,0.9998120069503784,-0.007755098165944219,0.02698102965950966,912.1864624023438,914.77
453,844,3815,1728512,0.7559911012649536,0.14026435539126397,4215,0.23740234375,-20.471750354766847,0.0003,0.021856954,0.2,0.999740481376648,-0.011643990990705788,0.08625525236129761,908.3334350585938,914.77
452,845,3820,1730560,0.75395667552948,0.1119937926530838,4220,0.26806640625,-20.42939739227295,0.0003,0.014923992,0.2,0.9998350739479065,-0.0027964011067524554,0.030082907527685165,900.8644409179688,914.28
453,846,3824,1732608,0.7531518936157227,38.83421263694763,4225,0.4265625,-20.389850425720216,0.0003,0.07442607,0.2,0.9357576966285706,-0.002051029080757871,17.514577865600586,900.8644409179688,914.28
453,847,3829,1734656,0.7527540922164917,0.4972099460661411,4230,0.12080078125,-20.37972526550293,0.0003,0.013676746,0.2,0.9988594055175781,-0.01257272153161466,0.07290314137935638,906.823486328125,914.28
452,848,3834,1736704,0.7522268295288086,0.3124347716569901,4235,0.184375,-20.36801118850708,0.0003,0.009633496,0.2,0.9993910789489746,-0.010026582702994346,0.11967450380325317,900.5455322265625,912.9
453,849,3838,1738752,0.7520497441291809,64.93369255065917,4240,0.175,-20.358101463317873,0.0003,0.028947273,0.2,0.823739767074585,-0.008073859219439327,38.243934631347656,900.5455322265625,912.9
452,850,3843,1740800,0.7515376210212708,0.6365620285272598,4245,0.155859375,-20.352662754058837,0.0003,0.020281,0.2,0.9946041107177734,-0.01075670066056773,0.16973210871219635,900.5455322265625,912.9
452,851,3847,1742848,0.7513716220855713,0.21001415699720383,4250,0.21708984375,-20.340040397644042,0.0003,0.015126422,0.2,0.9985370635986328,-0.006755484431050718,0.08569648116827011,908.784423828125,919.2
452,852,3853,1744896,0.7507418990135193,0.2654014565050602,4255,0.300390625,-20.334868812561034,0.0003,0.021724312,0.2,0.997863233089447,-0.011800445499829948,0.0717741847038269,907.658203125,924.16
452,853,3857,1746944,0.7503716945648193,0.21221202462911606,4260,0.23505859375,-20.31945629119873,0.0003,0.015741495,0.2,0.998939037322998,-0.004589256993494928,0.06937387585639954,907.658203125,924.16
452,854,3861,1748992,0.7499052882194519,0.14937518909573555,4265,0.2279296875,-20.31385669708252,0.0003,0.01514095,0.2,0.9992892742156982,-0.003726712230127305,0.04026269540190697,907.658203125,924.16
452,855,3866,1751040,0.7490005493164062,0.10141826570034027,4270,0.25732421875,-20.29522762298584,0.0003,0.018924408,0.2,0.9997091889381409,-0.009355003060773016,0.007121145725250244,910.14208984375,928.48
452,856,3871,1753088,0.7488938570022583,0.2554980546236038,4275,0.2453125,-20.281327629089354,0.0003,0.012789572,0.2,0.998985767364502,-0.00635822304757312,0.14063765108585358,916.7857666015625,931.96
452,857,3876,1755136,0.7486225962638855,0.26244505643844607,4280,0.19951171875,-20.277424621582032,0.0003,0.015842197,0.2,0.9992152452468872,-0.009762653848156333,0.09875951707363129,916.8161010742188,929.09
452,858,3880,1757184,0.7484910488128662,66.72803344726563,4285,0.1140625,-20.26979179382324,0.0003,0.018000897,0.2,0.8633800148963928,-0.0060089557664468884,40.119911193847656,916.8161010742188,929.09
452,859,3885,1759232,0.7483975291252136,0.2611595045775175,4290,0.14970703125,-20.268097496032716,0.0003,0.0117360065,0.2,0.998822033405304,-0.011800808866973966,0.04144109785556793,928.71728515625,935.51
452,860,3890,1761280,0.747930645942688,0.22219752706587315,4295,0.22333984375,-20.259531211853027,0.0003,0.018548956,0.2,0.9996606707572937,-0.008988768537528813,0.14592345058918,925.8364868164062,935.51
452,861,3895,1763328,0.7476597428321838,0.24847150221467018,4300,0.20888671875,-20.251835536956786,0.0003,0.014374033,0.2,0.9991876482963562,-0.009237092942930758,0.13258644938468933,924.6618041992188,931.85
452,862,3899,1765376,0.7475172877311707,54.21442184448242,4305,0.1060546875,-20.246282386779786,0.0003,0.01960313,0.2,0.7436708211898804,-0.006354556349106133,19.244089126586914,927.4274291992188,931.85
452,863,3903,1767424,0.7467475533485413,0.27389343827962875,4310,0.18115234375,-20.23795394897461,0.0003,0.025193837,0.2,0.9979966282844543,-0.009009395044995473,0.1392158716917038,927.4274291992188,931.85
452,864,3908,1769472,0.7461508512496948,0.15563297569751738,4315,0.2974609375,-20.21842031478882,0.0003,0.050155826,0.2,0.9991706609725952,0.002396955923177302,0.09080500900745392,932.1515502929688,938.17
452,865,3913,1771520,0.7461227774620056,0.22199123948812485,4320,0.17734375,-20.21175546646118,0.0003,0.011150242,0.2,0.9993950724601746,-0.012330023618414999,0.11377670615911484,935.8238525390625,941.68
452,866,3917,1773568,0.745857298374176,0.1620270986109972,4325,0.40283203125,-20.205657482147217,0.0003,0.1272936,0.2,0.9994729161262512,0.017166958842426538,0.13996227085590363,933.7107543945312,941.68
452,867,3921,1775616,0.7449156641960144,0.12083824537694454,4330,0.333984375,-20.194969177246094,0.0003,0.020577485,0.2,0.9991617202758789,-0.004478359431959689,0.02298278920352459,933.7107543945312,941.68
452,868,3926,1777664,0.7432988882064819,0.07402534317225218,4335,0.416015625,-20.16260528564453,0.0003,0.04089981,0.2,0.9994880557060242,0.005111789843067527,0.045057497918605804,925.2113037109375,942.69
452,869,3931,1779712,0.7421095371246338,0.21421952918171883,4340,0.259765625,-20.126851272583007,0.0003,0.024203308,0.2,0.9995092153549194,-0.005820996191323502,0.10588697344064713,925.0153198242188,944.73
452,870,3935,1781760,0.7417619228363037,26.039024353027344,4345,0.465625,-20.104890155792237,0.0003,0.09866157,0.2,0.9467865824699402,0.00035673972452059387,13.24671745300293,919.4087524414062,944.73
452,871,3940,1783808,0.7416343688964844,0.1489331666380167,4350,0.23134765625,-20.100073528289794,0.0003,0.015304405,0.2,0.9994160532951355,-0.011010961525607854,0.04960464686155319,919.4087524414062,944.73
452,872,3945,1785856,0.7409406304359436,0.13923078626394272,4355,0.20107421875,-20.091729736328126,0.0003,0.01306382,0.2,0.99917072057724,-0.012160562840290368,0.04781411215662956,936.3163452148438,953.89
452,873,3950,1787904,0.7407282590866089,53.809497117996216,4360,0.16826171875,-20.078042697906493,0.0003,0.020099614,0.2,0.8881194591522217,-0.005044470750726759,16.308103561401367,944.5992431640625,960.23
452,874,3954,1789952,0.7408808469772339,53.512872791290285,4365,0.101953125,-20.07822151184082,0.0003,0.022891045,0.2,0.9125546813011169,-0.006149511586409062,39.74737548828125,947.777587890625,960.23
452,875,3960,1792000,0.7407395243644714,0.43868461474776266,4370,0.1177734375,-20.080143547058107,0.0003,0.014728992,0.2,0.9975652098655701,-0.010220035607926548,0.0918750911951065,952.0391235351562,965.45
452,876,3964,1794048,0.7406072020530701,152.13820762634276,4375,0.2056640625,-20.074286270141602,0.0003,0.022093672,0.2,0.7405741214752197,-0.0017749304242897779,58.3937873840332,950.329833984375,966.85
452,877,3969,1796096,0.7405807375907898,30.984209096431734,4380,0.12880859375,-20.072589778900145,0.0003,0.016645694,0.2,0.8737844228744507,-0.0036958291893824935,17.64916229248047,956.8428955078125,968.51
452,878,3974,1798144,0.7406485080718994,0.6245890066027642,4385,0.070703125,-20.07295951843262,0.0003,0.011569535,0.2,0.9984038472175598,-0.008383403019979595,0.13878342509269714,956.237060546875,963.59
452,879,3978,1800192,0.740791380405426,86.46342754364014,4390,0.08134765625,-20.075886058807374,0.0003,0.014511226,0.2,0.844474196434021,-0.008268460968974978,52.85477066040039,960.5814208984375,963.59
452,880,3982,1802240,0.7405709624290466,0.8127407014369965,4395,0.09287109375,-20.076360130310057,0.0003,0.011501561,0.2,0.9973316192626953,-0.010207191051449627,0.22716933488845825,963.6425170898438,965.75
452,881,3987,1804288,0.7401137351989746,0.3729725681245327,4400,0.10146484375,-20.0665376663208,0.0003,0.012181944,0.2,0.9993371963500977,-0.006880348292179405,0.11495566368103027,966.96533203125,971.87
452,882,3992,1806336,0.7398055195808411,0.576548220962286,4405,0.2517578125,-20.05585355758667,0.0003,0.037823517,0.2,0.9995278716087341,0.0009644625009968877,0.2503913640975952,964.7369384765625,971.87
452,883,3996,1808384,0.7398214340209961,0.4757245182991028,4410,0.12431640625,-20.051175785064697,0.0003,0.013672026,0.2,0.9978300929069519,-0.009079849265981465,0.1586851179599762,959.9738159179688,971.87
452,884,4001,1810432,0.7391624450683594,0.23869890570640565,4415,0.29169921875,-20.04411897659302,0.0003,0.01716975,0.2,0.9992857575416565,-0.0064567839377559725,0.07965686172246933,956.9732666015625,971.87
452,885,4005,1812480,0.7384307384490967,0.24538991786539555,4420,0.13271484375,-20.027765464782714,0.0003,0.023439322,0.2,0.9992947578430176,-0.003336141852196306,0.13530254364013672,960.0916137695312,971.87
452,886,4010,1814528,0.7377870082855225,0.1725258782505989,4425,0.2220703125,-20.007558822631836,0.0003,0.017264124,0.2,0.9991620182991028,-0.005038658669218421,0.03219360113143921,956.6454467773438,971.87
452,887,4015,1816576,0.7372340559959412,0.2268965534865856,4430,0.30185546875,-19.993862247467042,0.0003,0.022348808,0.2,0.9986740946769714,-0.0052364935167133805,0.0769016295671463,956.576904296875,971.47
452,888,4020,1818624,0.7370662689208984,42.85332860946655,4435,0.2830078125,-19.983041763305664,0.0003,0.03277371,0.2,0.8389074802398682,-0.006371968099847436,18.33429527282715,955.0399780273438,971.47
452,889,4025,1820672,0.7368429899215698,0.2919316656887531,4440,0.0974609375,-19.980084228515626,0.0003,0.012556583,0.2,0.9990047812461853,-0.006647931213956326,0.07247072458267212,944.6941528320312,968.39
452,890,4030,1822720,0.7367478609085083,78.80896644592285,4445,0.16806640625,-19.97472925186157,0.0003,0.021442859,0.2,0.8453848958015442,-0.00761716696433723,54.3311767578125,939.0426635742188,961.06
452,891,4034,1824768,0.736745297908783,163.89938468933104,4450,0.03427734375,-19.97402105331421,0.0003,0.008113025,0.2,0.2850577235221863,-0.005795297946315258,57.02778625488281,931.5342407226562,953.45
452,892,4039,1826816,0.7368786931037903,68.20245056152343,4455,0.0900390625,-19.975127124786376,0.0003,0.016796228,0.2,0.7202656269073486,-0.007614161085803062,30.783601760864258,931.5342407226562,953.45
452,893,4043,1828864,0.7367601990699768,0.8633967041969299,4460,0.09970703125,-19.976777362823487,0.0003,0.013754812,0.2,0.9959099888801575,-0.010131237586028874,0.14847595989704132,932.057373046875,953.45
452,894,4048,1830912,0.736557126045227,0.7103231236338615,4465,0.17099609375,-19.972114849090577,0.0003,0.015878268,0.2,0.9983195662498474,-0.012282097083516418,0.18681006133556366,927.0616455078125,953.45
452,895,4053,1832960,0.7366162538528442,0.5481393121182918,4470,0.16298828125,-19.968546772003172,0.0003,0.017186496,0.2,0.9991429448127747,-0.006962595833465457,0.12261122465133667,927.4403686523438,954.83
452,896,4057,1835008,0.7365909814834595,0.5897909298539161,4475,0.10556640625,-19.970227241516113,0.0003,0.010768608,0.2,0.998968780040741,-0.008347136934753507,0.1934213489294052,930.736328125,952.67
452,897,4062,1837056,0.7364850640296936,76.94290933609008,4480,0.107421875,-19.968024158477782,0.0003,0.016247893,0.2,0.6615279912948608,-0.007808883278630674,21.63175392150879,932.3646850585938,952.67
452,898,4067,1839104,0.7362433671951294,0.7831109702587128,4485,0.1171875,-19.965199851989745,0.0003,0.012945071,0.2,0.9926691651344299,-0.009279406978748739,0.18585166335105896,931.4734497070312,946.28
452,899,4072,1841152,0.7360026836395264,77.6207721710205,4490,0.45263671875,-19.956495189666747,0.0003,0.071976036,0.2,0.7394702434539795,0.000729340803809464,33.866943359375,932.0593872070312,946.28
452,900,4076,1843200,0.7354605197906494,0.5032609403133392,4495,0.10712890625,-19.949070262908936,0.0003,0.014443669,0.2,0.9977184534072876,-0.009163821407128125,0.11416317522525787,934.3778076171875,946.28
451,901,4082,1845248,0.7345662117004395,0.24350467324256897,4500,0.1662109375,-19.92985486984253,0.0003,0.013493085,0.2,0.9993717670440674,-0.010865009552799166,0.06363260746002197,936.6513061523438,944.48
451,902,4087,1847296,0.7341139316558838,111.21698455810547,4505,0.5958984375,-19.910768222808837,0.0003,0.29535142,0.2,0.7856340408325195,0.044465168390888724,60.152679443359375,917.7537231445312,927.85
451,903,4092,1849344,0.7340998649597168,159.3018283843994,4510,0.11162109375,-19.906221008300783,0.0003,0.019167714,0.2,0.7671905755996704,-0.005100372340530157,102.75137329101562,897.42919921875,910.62
451,904,4097,1851392,0.7341539859771729,146.2579376220703,4515,0.128515625,-19.906875324249267,0.0003,0.022663854,0.2,0.6502127647399902,-0.008577534602954984,47.736053466796875,887.4368896484375,893.84
451,905,4101,1853440,0.734229326248169,116.89193782806396,4520,0.08076171875,-19.90851593017578,0.0003,0.015920846,0.2,0.6941244602203369,-0.007454874424729497,52.68999099731445,887.4368896484375,893.84
451,906,4106,1855488,0.7342526316642761,1.722876739501953,4525,0.1013671875,-19.910362434387206,0.0003,0.012746511,0.2,0.9932195544242859,-0.008273053355515004,0.3087663948535919,882.6165771484375,897.5
451,907,4111,1857536,0.7343714237213135,1.6509398221969604,4530,0.0439453125,-19.911420917510988,0.0003,0.009642044,0.2,0.995650589466095,-0.003957494476344437,0.41496023535728455,871.8253784179688,888.6
451,908,4116,1859584,0.7344715595245361,120.94280853271485,4535,0.09521484375,-19.9146785736084,0.0003,0.013278576,0.2,0.7015585899353027,-0.0038803476607427003,40.74846267700195,866.1071166992188,885.1
451,909,4120,1861632,0.7344247698783875,28.717080187797546,4540,0.144921875,-19.915317630767824,0.0003,0.022585949,0.2,0.910427987575531,-0.010801705776248127,20.989168167114258,866.4862670898438,882.47
451,910,4125,1863680,0.7343957424163818,63.41069192886353,4545,0.18544921875,-19.91386137008667,0.0003,0.027274907,0.2,0.6901942491531372,-0.007831715163774788,27.726518630981445,866.2451782226562,879.47
451,911,4130,1865728,0.7345544099807739,43.68832426071167,4550,0.20087890625,-19.914975929260255,0.0003,0.024617594,0.2,0.8241270780563354,-0.006735157733783126,21.58536148071289,865.1112670898438,877.14
451,912,4134,1867776,0.734710156917572,37.77450294494629,4555,0.1896484375,-19.920437335968018,0.0003,0.026675448,0.2,0.8738855123519897,-0.007617961580399424,41.52243423461914,864.7879638671875,877.14
451,913,4139,1869824,0.7347685694694519,1.2610440254211426,4560,0.140234375,-19.922636413574217,0.0003,0.012484765,0.2,0.995961606502533,-0.008125260192900895,0.3692576289176941,873.286865234375,882.4
451,914,4144,1871872,0.7346308827400208,0.8052918910980225,4565,0.115625,-19.921942901611327,0.0003,0.008800704,0.2,0.9964319467544556,-0.008505213737953455,0.2657203674316406,878.7407836914062,883.16
451,915,4149,1873920,0.7343779802322388,0.6303696036338806,4570,0.13955078125,-19.917384910583497,0.0003,0.01622487,0.2,0.9986682534217834,-0.012293343502096831,0.18803605437278748,873.06787109375,883.16
451,916,4153,1875968,0.7336965203285217,0.7694563955068588,4575,0.18623046875,-19.90640048980713,0.0003,0.025552487,0.2,0.9983400702476501,-0.00809732188936323,0.2808786928653717,867.2050170898438,883.81
451,917,4157,1878016,0.7333004474639893,0.6861664071679116,4580,0.21005859375,-19.891360187530516,0.0003,0.016285196,0.2,0.9989526271820068,-0.002789513673633337,0.24472270905971527,867.2050170898438,883.81
451,918,4162,1880064,0.7326331734657288,0.32670908495783807,4585,0.1591796875,-19.879572868347168,0.0003,0.018068692,0.2,0.9996468424797058,-0.007348541053943336,0.10662607848644257,867.6638793945312,885.56
451,919,4167,1882112,0.732059895992279,0.46965644508600235,4590,0.15859375,-19.86212396621704,0.0003,0.017379355,0.2,0.9991446137428284,-0.010042697796598077,0.23959021270275116,878.4105224609375,887.83
451,920,4172,1884160,0.7319244742393494,76.1914210319519,4595,0.2228515625,-19.851853466033937,0.0003,0.031450037,0.2,0.8277954459190369,-0.008433302561752499,16.322851181030273,872.64892578125,887.83
451,921,4176,1886208,0.7320528030395508,1.0849129021167756,4600,0.093359375,-19.852417182922363,0.0003,0.015546433,0.2,0.9962007403373718,-0.009432645002380013,0.31463438272476196,874.571533203125,889.07
451,922,4180,1888256,0.7321034669876099,54.1024510383606,4605,0.15791015625,-19.855378437042237,0.0003,0.027900323,0.2,0.8519142270088196,-0.007559349131770432,21.17445182800293,871.9609985351562,889.07
451,923,4185,1890304,0.7320195436477661,0.8075100168585777,4610,0.19423828125,-19.855085468292238,0.0003,0.016389405,0.2,0.9974173903465271,-0.007906840613577515,0.2323961853981018,870.7522583007812,889.07
451,924,4190,1892352,0.7319791316986084,0.6248453080654144,4615,0.23427734375,-19.853944492340087,0.0003,0.02504254,0.2,0.9974953532218933,-0.007376372150611132,0.22895658016204834,867.7285766601562,888.92
451,925,4194,1894400,0.7323004603385925,32.57816815376282,4620,0.28076171875,-19.855586051940918,0.0003,0.046380058,0.2,0.9170903563499451,-0.003048811154440045,20.55718421936035,865.9505615234375,888.92
451,926,4199,1896448,0.732909083366394,0.390040572732687,4625,0.22734375,-19.865273857116698,0.0003,0.032428905,0.2,0.9986649751663208,-0.010169668844901026,0.13507486879825592,863.4662475585938,888.92
451,927,4203,1898496,0.7323160171508789,0.36293229162693025,4630,0.30791015625,-19.868685245513916,0.0003,0.045787312,0.2,0.998836100101471,0.0018588089384138583,0.156542107462883,867.8085327148438,888.92
451,928,4208,1900544,0.731454610824585,0.47063024491071703,4635,0.3263671875,-19.84890365600586,0.0003,0.017871547,0.2,0.9983869194984436,-0.007167371106334031,0.21538281440734863,872.1021118164062,888.92
451,929,4213,1902592,0.7310582995414734,0.2237008735537529,4640,0.32861328125,-19.832868766784667,0.0003,0.08840738,0.2,0.9992715120315552,0.008805898646824063,0.10224111378192902,868.2449340820312,888.92
451,930,4218,1904640,0.7309541702270508,0.3222755491733551,4645,0.3861328125,-19.826005363464354,0.0003,0.028077029,0.2,0.9995523691177368,0.0056164304725825785,0.11583966761827469,865.4249267578125,889.32
451,931,4223,1906688,0.7303001880645752,0.2934337228536606,4650,0.26826171875,-19.817064666748045,0.0003,0.019509172,0.2,0.9993664026260376,-0.010766413412056863,0.12221057713031769,857.4500122070312,882.29
451,932,4227,1908736,0.7300068140029907,108.82648668289184,4655,0.34462890625,-19.802043628692626,0.0003,0.05896636,0.2,0.8204432725906372,-0.004755638935603201,38.04177474975586,857.4500122070312,882.29
451,933,4231,1910784,0.7300465703010559,0.6997178658843041,4660,0.0919921875,-19.799324893951415,0.0003,0.012279122,0.2,0.9973545670509338,-0.007137882779352367,0.12632204592227936,862.2413330078125,883.71
451,934,4236,1912832,0.7296955585479736,0.2900671988725662,4665,0.3103515625,-19.797403240203856,0.0003,0.02798356,0.2,0.9992638826370239,-0.0077788044000044465,0.09819027781486511,871.9068603515625,894.97
451,935,4241,1914880,0.729492723941803,100.60447616577149,4670,0.26318359375,-19.789494514465332,0.0003,0.037659418,0.2,0.7067261338233948,-0.005652232328429818,81.24723815917969,870.9591674804688,897.74
451,936,4245,1916928,0.7293235659599304,0.8531703025102615,4675,0.20234375,-19.785683727264406,0.0003,0.019503301,0.2,0.9894038438796997,-0.013940540014300496,0.27008527517318726,866.2848510742188,895.41
451,937,4249,1918976,0.7293127179145813,28.624343967437746,4680,0.37470703125,-19.78243131637573,0.0003,0.06567092,0.2,0.9067264795303345,-0.004109761805739254,6.6193647384643555,866.2848510742188,895.41
451,938,4254,1921024,0.7287924885749817,0.24486801028251648,4685,0.13603515625,-19.77762575149536,0.0003,0.011258701,0.2,0.9988260865211487,-0.009967129863798618,0.01757700741291046,862.211669921875,895.41
451,939,4258,1923072,0.7283446788787842,0.5079591274261475,4690,0.1783203125,-19.76268129348755,0.0003,0.016812973,0.2,0.9990087151527405,-0.0069871623942162845,0.3471713662147522,867.461181640625,897.57
451,940,4263,1925120,0.727175235748291,0.5338667839765548,4695,0.25458984375,-19.747663593292238,0.0003,0.01913354,0.2,0.9987446069717407,-0.013633559923619032,0.2352028489112854,864.022216796875,897.57
451,941,4267,1927168,0.726287841796875,0.3369719088077545,4700,0.25517578125,-19.718376922607423,0.0003,0.018498167,0.2,0.9994828701019287,-0.0020152875687927006,0.08221805095672607,864.022216796875,897.57
451,942,4272,1929216,0.7255899310112,0.14937138073146344,4705,0.17529296875,-19.703838729858397,0.0003,0.01605607,0.2,0.9997884035110474,-0.0080845590448007,0.01962662860751152,870.6961669921875,903.96
451,943,4277,1931264,0.7254657745361328,0.31475784406065943,4710,0.42470703125,-19.688436222076415,0.0003,0.033128522,0.2,0.9993427395820618,0.009481672407127916,0.10847046226263046,871.6408081054688,903.96
451,944,4281,1933312,0.7251984477043152,0.20565182715654373,4715,0.288671875,-19.687508010864256,0.0003,0.019224433,0.2,0.9993846416473389,-0.01034658756107092,0.08507741242647171,870.0741577148438,903.96
451,945,4286,1935360,0.7245847582817078,0.11420136578381061,4720,0.2291015625,-19.67552270889282,0.0003,0.022456126,0.2,0.9997175335884094,-0.011281804461032153,0.021987680345773697,870.0741577148438,903.96
451,946,4292,1937408,0.7241171598434448,0.07797850929200649,4725,0.216796875,-19.658835792541502,0.0003,0.015032265,0.2,0.9998624324798584,-0.011915545945521444,0.02093859761953354,876.1235961914062,914.27
451,947,4296,1939456,0.7239229679107666,25.888053274154665,4730,0.36123046875,-19.650000476837157,0.0003,0.051824074,0.2,0.9454646706581116,-0.009186394861899316,9.336278915405273,876.1235961914062,914.27
451,948,4301,1941504,0.7237032055854797,0.2053027108311653,4735,0.24912109375,-19.646473121643066,0.0003,0.021710265,0.2,0.9995120167732239,-0.012199518689885735,0.07228319346904755,882.7134399414062,916.28
451,949,4305,1943552,0.7230063080787659,0.2726709347218275,4740,0.29033203125,-19.634171104431154,0.0003,0.031095747,0.2,0.9995421171188354,-0.0010004639159888029,0.06919360905885696,882.7134399414062,916.28
451,950,4311,1945600,0.722143292427063,0.15523786805570125,4745,0.19580078125,-19.61646976470947,0.0003,0.013147999,0.2,0.9997727274894714,-0.012150120316073298,0.02336048148572445,914.9586791992188,957.26
451,951,4315,1947648,0.7215543389320374,0.22910372391343117,4750,0.22548828125,-19.596194076538087,0.0003,0.017831571,0.2,0.9995333552360535,-0.013591971341520548,0.057892095297575,914.9586791992188,957.26
451,952,4319,1949696,0.7207875847816467,0.08993465602397918,4755,0.29619140625,-19.580757236480714,0.0003,0.02313082,0.2,0.9997387528419495,-0.012890429189428686,0.00492369569838047,914.4402465820312,952.47
451,953,4324,1951744,0.7205042243003845,57.57419624328613,4760,0.3271484375,-19.566329097747804,0.0003,0.04448312,0.2,0.8102006912231445,-0.001579362980555743,40.17546081542969,906.2920532226562,947.32
451,954,4329,1953792,0.7205660343170166,53.4775559425354,4765,0.13388671875,-19.563443660736084,0.0003,0.021059677,0.2,0.8807098269462585,-0.009359046234749258,23.24937629699707,902.669677734375,956.22
451,955,4333,1955840,0.7206629514694214,0.5879546597599983,4770,0.1466796875,-19.565305614471434,0.0003,0.013501818,0.2,0.9984931349754333,-0.01187621601857245,0.14974477887153625,902.669677734375,956.22
451,956,4338,1957888,0.7203738689422607,0.17193521857261657,4775,0.17216796875,-19.56331262588501,0.0003,0.01525294,0.2,0.9996935725212097,-0.012914092699065804,0.04291468858718872,910.51416015625,959.72
451,957,4343,1959936,0.7200086712837219,0.27595518007874487,4780,0.31787109375,-19.552097415924074,0.0003,0.017570581,0.2,0.9997056722640991,-0.004277117969468236,0.06008446589112282,913.765625,965.35
451,958,4348,1961984,0.7201699018478394,0.19062843918800354,4785,0.1919921875,-19.549458026885986,0.0003,0.014748543,0.2,0.9997163414955139,-0.010291952244006097,0.061780910938978195,922.0733032226562,967.68
451,959,4352,1964032,0.7199327945709229,0.25458954833447933,4790,0.20546875,-19.54929361343384,0.0003,0.02071432,0.2,0.9997488856315613,-0.006362897029612213,0.050880394876003265,921.802001953125,967.68
451,960,4357,1966080,0.7192763090133667,0.14149034153670073,4795,0.17861328125,-19.536692142486572,0.0003,0.017251343,0.2,0.9997707009315491,-0.007870534423273057,0.00734437070786953,918.7810668945312,966.34
451,961,4361,1968128,0.7187281847000122,26.339780855178834,4800,0.47333984375,-19.519750022888182,0.0003,0.09067665,0.2,0.951806366443634,-0.001439762068912387,4.335579872131348,917.0653076171875,966.34
451,962,4366,1970176,0.7187092304229736,0.30568067654967307,4805,0.15029296875,-19.51336612701416,0.0003,0.011740778,0.2,0.9990971088409424,-0.010848747496493161,0.07653124630451202,915.4244384765625,966.34
451,963,4370,1972224,0.7184992432594299,0.3233600102365017,4810,0.43759765625,-19.510415935516356,0.0003,0.032841526,0.2,0.9978297352790833,0.008914276119321584,0.12175069749355316,913.5848999023438,966.34
451,964,4375,1974272,0.717415988445282,0.1086893230676651,4815,0.25244140625,-19.49351739883423,0.0003,0.016407782,0.2,0.9992285370826721,-0.008231164771132171,0.03870469704270363,906.5147705078125,961.01
451,965,4380,1976320,0.7170284986495972,38.17343254089356,4820,0.259765625,-19.47086410522461,0.0003,0.037028953,0.2,0.8220047950744629,-0.004474655957892537,14.856233596801758,909.5233764648438,961.01
451,966,4385,1978368,0.7168177366256714,0.3530314087867737,4825,0.17421875,-19.465974140167237,0.0003,0.024882145,0.2,0.9972518682479858,-0.00874857152812183,0.09213855862617493,908.0488891601562,961.01
451,967,4389,1980416,0.7162636518478394,0.21353683322668077,4830,0.22197265625,-19.456000518798827,0.0003,0.015997117,0.2,0.999009370803833,-0.009556831896770746,0.07957763224840164,908.2874755859375,964.16
451,968,4394,1982464,0.7156142592430115,0.26655278652906417,4835,0.26025390625,-19.441339778900147,0.0003,0.037285432,0.2,0.9995719790458679,-0.002962152799591422,0.12122806906700134,905.4960327148438,966.52
451,969,4399,1984512,0.7154398560523987,48.16259717941284,4840,0.274609375,-19.431904983520507,0.0003,0.035706595,0.2,0.841508150100708,-0.0025990498601458968,13.912306785583496,903.680908203125,964.29
451,970,4404,1986560,0.7154486775398254,77.75276527404785,4845,0.194921875,-19.43115520477295,0.0003,0.029632393,0.2,0.8003498911857605,-0.010080796503461897,17.550966262817383,894.83056640625,959.66
450,971,4409,1988608,0.7155613303184509,37.326672649383546,4850,0.18642578125,-19.43243350982666,0.0003,0.02881621,0.2,0.8939518332481384,-0.008701054775156081,15.617705345153809,895.1305541992188,959.66
450,972,4414,1990656,0.7153441309928894,0.5420220397412777,4855,0.13369140625,-19.432458114624023,0.0003,0.014124315,0.2,0.9978419542312622,-0.008984728960786014,0.07924754917621613,897.0321655273438,959.81
450,973,4419,1992704,0.7154122591018677,0.34505333602428434,4860,0.3576171875,-19.42599744796753,0.0003,0.038797874,0.2,0.9992113709449768,0.002260603057220578,0.1363624483346939,898.0604858398438,957.49
450,974,4423,1994752,0.715660810470581,30.67498106956482,4865,0.29775390625,-19.433398723602295,0.0003,0.037008964,0.2,0.9394612908363342,-0.006839555781334638,16.15542984008789,898.0604858398438,957.49
450,975,4428,1996800,0.7156493663787842,0.24038486704230308,4870,0.21953125,-19.435894680023193,0.0003,0.022232976,0.2,0.9992042779922485,-0.007149673663661815,0.06634152680635452,896.849853515625,957.49
450,976,4432,1998848,0.7151516675949097,0.1461993858218193,4875,0.30625,-19.430233097076417,0.0003,0.020290386,0.2,0.9998141527175903,-0.007808104355353862,0.04003356024622917,894.0300903320312,957.49
450,977,4438,2000896,0.7145524024963379,0.260118567943573,4880,0.27041015625,-19.414731216430663,0.0003,0.024916254,0.2,0.9995603561401367,-0.0052777838194742795,0.11027135699987411,908.9383544921875,963.93
450,978,4442,2002944,0.7138102650642395,0.23681435063481332,4885,0.1763671875,-19.400374031066896,0.0003,0.018523365,0.2,0.9995693564414978,-0.00433826707303524,0.08651150017976761,908.9383544921875,963.93
450,979,4446,2004992,0.7128427028656006,0.1817106030881405,4890,0.3279296875,-19.374975299835206,0.0003,0.028814536,0.2,0.9997212886810303,0.002436410204973072,0.12283210456371307,912.117431640625,966.18
450,980,4451,2007040,0.7122649550437927,0.16218045093119143,4895,0.22138671875,-19.355596923828124,0.0003,0.017145397,0.2,0.9996507167816162,-0.0055840577930212024,0.08165666460990906,908.0339965820312,966.18
450,981,4456,2009088,0.7119899988174438,0.16326470151543618,4900,0.2263671875,-19.343870544433592,0.0003,0.015521864,0.2,0.9996999502182007,-0.010313716367818415,0.04145752638578415,912.552490234375,967.58
450,982,4460,2011136,0.7117878198623657,0.2124418407678604,4905,0.177734375,-19.3376127243042,0.0003,0.014987123,0.2,0.9996541738510132,-0.008994299336336553,0.07934267073869705,912.552490234375,967.58
450,983,4466,2013184,0.711460530757904,0.12626030966639518,4910,0.2400390625,-19.330681991577148,0.0003,0.022365993,0.2,0.9998061656951904,-0.008660662360489369,0.034997083246707916,921.603271484375,969.91
450,984,4471,2015232,0.7103432416915894,0.16827090233564376,4915,0.3140625,-19.313911628723144,0.0003,0.032548875,0.2,0.9997882843017578,0.0008208349230699241,0.06395375728607178,921.8986206054688,969.91
450,985,4479,2017280,0.7094236612319946,0.14513019546866418,4920,0.320703125,-19.287205696105957,0.0003,0.041193552,0.2,0.9994160532951355,-0.004473888536449522,0.03729923814535141,913.1031494140625,958.96
450,986,4484,2019328,0.7089534401893616,154.04917068481444,4925,0.5169921875,-19.265849590301514,0.0003,0.109425634,0.2,0.6747536063194275,0.02079814625903964,55.238868713378906,899.066650390625,949.72
450,987,4489,2021376,0.7088103890419006,110.01808681488038,4930,0.13037109375,-19.259588050842286,0.0003,0.016772475,0.2,0.7360042333602905,-0.005752260726876557,65.83402252197266,890.0214233398438,946.06
450,988,4493,2023424,0.7087745666503906,24.76844004392624,4935,0.2005859375,-19.25661563873291,0.0003,0.028657109,0.2,0.9259514212608337,-0.010490215267054737,11.13171100616455,885.6177978515625,943.96
450,989,4498,2025472,0.7087557911872864,23.214665746688844,4940,0.2947265625,-19.25555181503296,0.0003,0.045854706,0.2,0.9283956289291382,-0.0057960643200203775,19.581520080566406,886.0635986328125,941.02
450,990,4503,2027520,0.7086600661277771,43.97992877960205,4945,0.1431640625,-19.25440044403076,0.0003,0.022452556,0.2,0.7745323181152344,-0.009566007764078677,5.738794803619385,885.3126831054688,941.02
450,991,4507,2029568,0.708544135093689,0.5645584523677826,4950,0.1587890625,-19.251526737213133,0.0003,0.016798753,0.2,0.9962766766548157,-0.012893871183041482,0.12535245716571808,884.5018920898438,941.02
450,992,4512,2031616,0.7084282040596008,0.3225588366389275,4955,0.13701171875,-19.248843574523924,0.0003,0.013467953,0.2,0.9977657794952393,-0.010375178558751941,0.05289551615715027,886.9893188476562,944.0
450,993,4517,2033664,0.7084386944770813,0.21112250685691833,4960,0.1958984375,-19.24726257324219,0.0003,0.023495998,0.2,0.9993215203285217,-0.010790069634094835,0.038587335497140884,879.6436767578125,944.0
450,994,4522,2035712,0.7082199454307556,0.2317386232316494,4965,0.16318359375,-19.245445251464844,0.0003,0.017675603,0.2,0.9993314146995544,-0.008104796498082578,0.053859174251556396,871.344482421875,939.9
450,995,4526,2037760,0.70801842212677,64.84735126495362,4970,0.11630859375,-19.237632465362548,0.0003,0.017887866,0.2,0.7893199324607849,-0.00626123312395066,26.1247615814209,873.4843139648438,939.9
450,996,4530,2039808,0.7075772285461426,0.5239221349358558,4975,0.138671875,-19.230965900421143,0.0003,0.014800146,0.2,0.9960231781005859,-0.01045500731561333,0.14281071722507477,866.3521118164062,936.65
450,997,4536,2041856,0.7074368596076965,32.2539274930954,4980,0.22119140625,-19.221846866607667,0.0003,0.0289134,0.2,0.9210498929023743,-0.007653098460286856,3.628202199935913,874.11962890625,936.65
450,998,4541,2043904,0.7074112892150879,0.47866305708885193,4985,0.13193359375,-19.220759201049805,0.0003,0.018814445,0.2,0.9989529252052307,-0.008080731495283544,0.12423259019851685,885.3351440429688,945.09
450,999,4545,2045952,0.7072625756263733,0.2950813129544258,4990,0.14921875,-19.217573738098146,0.0003,0.013841251,0.2,0.9987192749977112,-0.01109830760397017,0.07695458084344864,886.4874877929688,946.59
450,1000,4550,2048000,0.7070345282554626,0.17251995839178563,4995,0.1716796875,-19.212872314453126,0.0003,0.014879769,0.2,0.998931884765625,-0.009604230080731213,0.053376421332359314,886.6375122070312,946.59
450,1001,4554,2050048,0.7060625553131104,0.17938093282282352,5000,0.19814453125,-19.198071575164796,0.0003,0.018620532,0.2,0.9995592832565308,-0.010821332153864206,0.06365147233009338,890.646728515625,946.59
450,1002,4560,2052096,0.7057976722717285,0.15590104088187218,5005,0.312890625,-19.177895164489748,0.0003,0.028888488,0.2,0.9993940591812134,-0.005289245210587978,0.0604553297162056,879.9528198242188,945.6
450,1003,4564,2054144,0.7061883807182312,26.401243996620178,5010,0.3833984375,-19.18300085067749,0.0003,0.07265132,0.2,0.8897967338562012,-0.006903229770250619,9.869536399841309,876.3788452148438,945.6
450,1004,4569,2056192,0.7060341238975525,0.26859390139579775,5015,0.1345703125,-19.186540603637695,0.0003,0.014178759,0.2,0.9987797141075134,-0.01276436379412189,0.044968876987695694,879.97119140625,945.6
449,1005,4574,2058240,0.7056296467781067,0.336668311432004,5020,0.22275390625,-19.178854846954344,0.0003,0.026359912,0.2,0.9996607303619385,-0.0039899646420963105,0.15216843783855438,871.296630859375,943.5
449,1006,4579,2060288,0.7055562734603882,34.81614170074463,5025,0.251953125,-19.17186059951782,0.0003,0.028239459,0.2,0.9385119676589966,-0.004153228108771145,12.830167770385742,864.3818969726562,938.4
449,1007,4584,2062336,0.7054874300956726,38.60707957744599,5030,0.13046875,-19.170723342895506,0.0003,0.02094669,0.2,0.944136917591095,-0.008468512166291475,21.943531036376953,863.708984375,933.62
449,1008,4589,2064384,0.7055646181106567,76.59860153198242,5035,0.0533203125,-19.17019910812378,0.0003,0.011338322,0.2,0.8934240937232971,-0.007186906202696264,58.556556701660156,866.989013671875,928.05
449,1009,4593,2066432,0.7056138515472412,152.75336608886718,5040,0.13427734375,-19.17225456237793,0.0003,0.019999735,0.2,0.7650863528251648,-0.008201401727274061,51.08506393432617,864.6506958007812,928.05
449,1010,4598,2068480,0.705578088760376,0.7677576765418053,5045,0.08017578125,-19.17214241027832,0.0003,0.01061322,0.2,0.9962935447692871,-0.008251891261897982,0.2181706726551056,871.2822875976562,933.38
449,1011,4604,2070528,0.7054890394210815,0.4440624475479126,5050,0.148046875,-19.169921779632567,0.0003,0.013294017,0.2,0.9991500377655029,-0.010754782520234586,0.15381769835948944,875.5699462890625,929.56
449,1012,4608,2072576,0.7055546641349792,66.09856748580933,5055,0.2244140625,-19.168877601623535,0.0003,0.05245609,0.2,0.8916956186294556,-0.007911349309142678,25.169057846069336,875.5699462890625,929.56
449,1013,4612,2074624,0.7054768204689026,0.7869023755192757,5060,0.09736328125,-19.17005310058594,0.0003,0.010794342,0.2,0.9982556700706482,-0.008970316278282552,0.2840611934661865,881.0021362304688,929.56
449,1014,4617,2076672,0.705478310585022,0.2720381714403629,5065,0.23916015625,-19.16677827835083,0.0003,0.020560453,0.2,0.9991960525512695,-0.010264688543975354,0.03666193038225174,885.1051025390625,930.88
449,1015,4622,2078720,0.7049756646156311,0.34143239036202433,5070,0.29267578125,-19.161844635009764,0.0003,0.025507744,0.2,0.9993579387664795,-0.006992198596708477,0.13343746960163116,891.697509765625,937.33
449,1016,4627,2080768,0.704776406288147,30.10079770088196,5075,0.31806640625,-19.15064630508423,0.0003,0.04801918,0.2,0.9423782229423523,-0.007262370805256069,7.532617568969727,880.4280395507812,922.89
449,1017,4631,2082816,0.7048076391220093,119.49616203308105,5080,0.06279296875,-19.149220752716065,0.0003,0.01154523,0.2,0.8243708610534668,-0.0057705484563484784,62.353511810302734,872.7689208984375,919.56
449,1018,4635,2084864,0.704781711101532,61.58512363433838,5085,0.04775390625,-19.14994068145752,0.0003,0.010067628,0.2,0.8939617872238159,-0.007204529282171279,36.34524154663086,868.063232421875,917.58
449,1019,4639,2086912,0.7048174738883972,41.59923213720322,5090,0.11806640625,-19.149605083465577,0.0003,0.020143924,0.2,0.9323533177375793,-0.008713457139674575,16.95746612548828,871.98681640625,917.25
449,1020,4644,2088960,0.7049198746681213,68.32024784088135,5095,0.16806640625,-19.151453018188477,0.0003,0.026557151,0.2,0.8902378082275391,-0.009460289427079261,28.89182472229004,879.1327514648438,917.25
449,1021,4650,2091008,0.7049539089202881,0.9646009743213654,5100,0.111328125,-19.153344345092773,0.0003,0.01693337,0.2,0.9976937770843506,-0.010221163975074887,0.26813003420829773,870.115478515625,913.25
449,1022,4654,2093056,0.7051020860671997,25.698844337463377,5105,0.2404296875,-19.155071544647218,0.0003,0.0320372,0.2,0.950340211391449,-0.009828179562464356,22.21614646911621,870.73779296875,913.25
449,1023,4659,2095104,0.7051446437835693,0.9519009083509445,5110,0.12841796875,-19.15784845352173,0.0003,0.014927207,0.2,0.9977901577949524,-0.008680309227202088,0.42562371492385864,869.7164916992188,913.25
449,1024,4665,2097152,0.7051599621772766,0.4625099465250969,5115,0.10947265625,-19.158366203308105,0.0003,0.011841925,0.2,0.9984019994735718,-0.009794396709185093,0.13778746128082275,870.2234497070312,908.79
449,1025,4669,2099200,0.7052338719367981,124.43629341125488,5120,0.1236328125,-19.15959358215332,0.0003,0.01787549,0.2,0.4764649271965027,-0.008765081479214131,82.62828826904297,869.654296875,908.79
449,1026,4675,2101248,0.7050387263298035,0.6961875706911087,5125,0.146875,-19.159371757507323,0.0003,0.011747937,0.2,0.9951128959655762,-0.011964992806315421,0.1732107251882553,856.1317138671875,903.51
449,1027,4679,2103296,0.704860508441925,40.69537267684937,5130,0.2294921875,-19.152760791778565,0.0003,0.03160989,0.2,0.7727331519126892,-0.008440074184909463,13.302703857421875,858.052978515625,903.51
449,1028,4684,2105344,0.7045743465423584,0.697424753010273,5135,0.096875,-19.149269771575927,0.0003,0.013054322,0.2,0.9964355826377869,-0.008221029839478432,0.20460720360279083,862.928466796875,903.51
449,1029,4689,2107392,0.7041486501693726,0.682463425397873,5140,0.13671875,-19.139540004730225,0.0003,0.0117176715,0.2,0.997756838798523,-0.008773084823042154,0.25420674681663513,864.1718139648438,903.51
449,1030,4693,2109440,0.7039294242858887,0.6031166784465313,5145,0.26923828125,-19.131190872192384,0.0003,0.02660276,0.2,0.9993377327919006,-0.002891741832718253,0.22945189476013184,868.9495239257812,909.8
449,1031,4698,2111488,0.7034277319908142,0.4331338137388229,5150,0.3171875,-19.122027683258057,0.0003,0.02235471,0.2,0.9987662434577942,0.005157555604819208,0.17735528945922852,876.7274780273438,914.46
449,1032,4703,2113536,0.7028621435165405,0.3972538337111473,5155,0.1939453125,-19.1070517539978,0.0003,0.010303132,0.2,0.999378502368927,-0.005793017754331231,0.1400955468416214,891.18798828125,920.83
449,1033,4707,2115584,0.7026752829551697,120.36342391967773,5160,0.16083984375,-19.096487998962402,0.0003,0.02901964,0.2,0.7678232789039612,-0.009564244491048157,81.86756134033203,885.4151000976562,919.41
449,1034,4712,2117632,0.7028526067733765,30.334944629669188,5165,0.09501953125,-19.09714546203613,0.0003,0.017870687,0.2,0.9394393563270569,-0.006697504001203924,7.548937797546387,886.676025390625,922.35
449,1035,4716,2119680,0.7029983401298523,1.142858725786209,5170,0.08447265625,-19.101974296569825,0.0003,0.012841002,0.2,0.9975289106369019,-0.008073139109183104,0.2346249520778656,889.9339599609375,921.6
449,1036,4722,2121728,0.7031533718109131,72.3972357749939,5175,0.14619140625,-19.105205059051514,0.0003,0.016343633,0.2,0.8020492792129517,-0.004676595306955278,24.754501342773438,897.7455444335938,920.61
449,1037,4726,2123776,0.7031774520874023,72.37534103393554,5180,0.15224609375,-19.107538509368897,0.0003,0.024103811,0.2,0.609076738357544,-0.010371235175989568,62.294734954833984,902.6535034179688,920.61
449,1038,4731,2125824,0.7029166221618652,0.8379888162016869,5185,0.12880859375,-19.105366039276124,0.0003,0.012939533,0.2,0.992379903793335,-0.01114455342758447,0.1676170825958252,908.314453125,920.61
449,1039,4737,2127872,0.7027827501296997,0.36324719712138176,5190,0.26669921875,-19.097632884979248,0.0003,0.02235122,0.2,0.9980901479721069,-0.004280951875261963,0.09830405563116074,910.97216796875,920.61
449,1040,4741,2129920,0.7023642063140869,0.38529286459088324,5195,0.2984375,-19.09443359375,0.0003,0.024584273,0.2,0.9987061023712158,-0.0047753686376381665,0.07548403739929199,919.34814453125,924.71
449,1041,4746,2131968,0.7016656398773193,0.5209371820092201,5200,0.221875,-19.077603149414063,0.0003,0.023307048,0.2,0.9958124160766602,-0.006269775127293542,0.2395477443933487,922.6736450195312,927.96
449,1042,4750,2134016,0.7003018856048584,0.15476554073393345,5205,0.4771484375,-19.052733135223388,0.0003,0.039217167,0.2,0.9977988004684448,-0.0017508209450170398,0.0573076531291008,915.8336791992188,927.96
449,1043,4756,2136064,0.6993101239204407,0.13748672381043434,5210,0.32373046875,-19.02095308303833,0.0003,0.02236779,0.2,0.9993247389793396,-0.01131182333920151,0.05659866705536842,912.07763671875,927.96
449,1044,4760,2138112,0.6987701058387756,0.310382492095232,5215,0.29560546875,-19.00202703475952,0.0003,0.020177342,0.2,0.9988763332366943,-0.008488985244184732,0.09978409111499786,908.2337646484375,927.96
449,1045,4765,2140160,0.6989887952804565,0.2626092679798603,5220,0.3001953125,-18.997392654418945,0.0003,0.030618932,0.2,0.9982718825340271,-0.004103548580314964,0.11268468201160431,911.080322265625,926.16
449,1046,4769,2142208,0.6991971731185913,63.99594974517822,5225,0.33095703125,-19.00524845123291,0.0003,0.03963156,0.2,0.6971074342727661,-0.0015476128086447717,29.692432403564453,907.9298706054688,926.16
449,1047,4775,2144256,0.6987822651863098,0.48469876423478125,5230,0.20234375,-19.00488691329956,0.0003,0.014529749,0.2,0.9951439499855042,-0.011553856183309109,0.11768409609794617,911.977294921875,921.73
449,1048,4780,2146304,0.6984681487083435,84.75550785064698,5235,0.213671875,-18.99224510192871,0.0003,0.024414785,0.2,0.7565582990646362,-0.006880413857288659,42.8438835144043,910.65771484375,916.73
448,1049,4785,2148352,0.6984687447547913,53.49457411766052,5240,0.14609375,-18.989501953125,0.0003,0.021885341,0.2,0.861031711101532,-0.008152836398221553,33.958316802978516,899.393310546875,904.19
449,1050,4789,2150400,0.6985348463058472,102.52786407470703,5245,0.07734375,-18.990108966827393,0.0003,0.013841503,0.2,0.7641206979751587,-0.009350497275590897,51.53677749633789,894.3294677734375,900.79
448,1051,4795,2152448,0.6984987258911133,33.00106678009033,5250,0.1873046875,-18.990580368041993,0.0003,0.02792344,0.2,0.9194085597991943,-0.006065191701054573,23.37510871887207,887.6565551757812,901.03
448,1052,4800,2154496,0.6983644962310791,88.92794151306153,5255,0.2533203125,-18.987819862365722,0.0003,0.034247708,0.2,0.8562836647033691,-0.012232667696662248,49.92940139770508,886.224365234375,897.7
448,1053,4804,2156544,0.6984594464302063,31.272694158554078,5260,0.11181640625,-18.98764181137085,0.0003,0.018518586,0.2,0.9458613395690918,-0.008490616688504815,18.5945987701416,882.28515625,894.28
448,1054,4809,2158592,0.6986472606658936,24.701016473770142,5265,0.22822265625,-18.990937614440917,0.0003,0.049362823,0.2,0.9603217244148254,-0.008652667363639921,7.134670734405518,885.8685913085938,896.94
448,1055,4814,2160640,0.698587954044342,0.5056756898760796,5270,0.2,-18.992852687835693,0.0003,0.018413046,0.2,0.9989488124847412,-0.01079964735545218,0.14753779768943787,881.4107055664062,898.1
448,1056,4818,2162688,0.6982038021087646,0.5668410152196884,5275,0.16298828125,-18.98808069229126,0.0003,0.015457298,0.2,0.9991377592086792,-0.009036636585369707,0.21631726622581482,881.1825561523438,898.1
448,1057,4822,2164736,0.6978773474693298,0.4769543319940567,5280,0.22841796875,-18.977172946929933,0.0003,0.015665628,0.2,0.9987744688987732,-0.010064753750339151,0.15165983140468597,886.1085205078125,898.1
448,1058,4827,2166784,0.6975929141044617,0.2058379754424095,5285,0.22841796875,-18.971837425231932,0.0003,0.023496106,0.2,0.9995958209037781,-0.011619753111153841,0.06570647656917572,881.7229614257812,898.1
448,1059,4832,2168832,0.6969050168991089,0.21016970798373222,5290,0.2564453125,-18.960892486572266,0.0003,0.015971672,0.2,0.9995207786560059,-0.003565270802937448,0.06358811259269714,885.8417358398438,898.51
448,1060,4836,2170880,0.6964800357818604,0.33169951289892197,5295,0.20546875,-18.943262767791747,0.0003,0.01768654,0.2,0.9993329644203186,-0.011211278126575052,0.10847175866365433,896.4376831054688,905.82
448,1061,4841,2172928,0.6961157321929932,0.2084018349647522,5300,0.25068359375,-18.93526725769043,0.0003,0.018972445,0.2,0.9994603991508484,-0.010199988877866417,0.07609134167432785,899.878662109375,912.95
448,1062,4845,2174976,0.6955466866493225,0.18008573390543461,5305,0.312109375,-18.921707248687746,0.0003,0.03496994,0.2,0.9997033476829529,-0.0075797881232574586,0.1680850386619568,902.6134643554688,913.21
448,1063,4850,2177024,0.6950672268867493,79.26774921417237,5310,0.3234375,-18.906799793243408,0.0003,0.04848662,0.2,0.8370964527130127,-0.007862080563791096,43.6068115234375,902.4806518554688,914.86
448,1064,4854,2179072,0.6950123310089111,106.49107627868652,5315,0.19619140625,-18.899235725402832,0.0003,0.036868688,0.2,0.7114380598068237,-0.011696699634194374,63.322021484375,902.4806518554688,914.86
448,1065,4859,2181120,0.6950186491012573,0.5891755178570748,5320,0.18916015625,-18.900019931793214,0.0003,0.029255413,0.2,0.9936660528182983,-0.0098937822971493,0.19171038269996643,898.7173461914062,914.86
448,1066,4864,2183168,0.695106029510498,0.25024118945002555,5325,0.2611328125,-18.900835704803466,0.0003,0.021748267,0.2,0.9988096952438354,-0.013802164141088724,0.060839928686618805,903.8861694335938,914.86
448,1067,4869,2185216,0.6946820616722107,0.3665169358253479,5330,0.3970703125,-18.89740123748779,0.0003,0.06182006,0.2,0.9988470077514648,0.02172085139900446,0.11207791417837143,900.2633666992188,918.86
448,1068,4873,2187264,0.6944414973258972,0.3328157410025597,5335,0.25673828125,-18.88743667602539,0.0003,0.014918414,0.2,0.9990095496177673,-0.0014423494576476514,0.16306807100772858,900.2633666992188,918.86
448,1069,4878,2189312,0.6940374970436096,0.20042031817138195,5340,0.249609375,-18.881335639953612,0.0003,0.024173647,0.2,0.999316394329071,-0.008983450871892274,0.06791979819536209,902.2147827148438,921.67
448,1070,4882,2191360,0.6939405798912048,63.39886064529419,5345,0.3607421875,-18.871708869934082,0.0003,0.05771631,0.2,0.820676863193512,-0.004640548164024949,70.53748321533203,905.628662109375,921.67
448,1071,4887,2193408,0.6933882236480713,0.4750281274318695,5350,0.1556640625,-18.865960788726806,0.0003,0.013220141,0.2,0.9970159530639648,-0.009142365073785186,0.11716581881046295,911.290283203125,926.95
448,1072,4891,2195456,0.6923376321792603,0.24567032530903815,5355,0.29228515625,-18.84279441833496,0.0003,0.018603524,0.2,0.9983534812927246,-0.011280580377206206,0.08985286206007004,911.290283203125,926.95
448,1073,4896,2197504,0.6920468807220459,0.1586757156997919,5360,0.3037109375,-18.82518939971924,0.0003,0.021446273,0.2,0.9989769458770752,-0.0001439343555830419,0.06530938297510147,913.6807250976562,926.95
448,1074,4900,2199552,0.6925339102745056,0.25499545484781266,5365,0.302734375,-18.824088764190673,0.0003,0.02875229,0.2,0.9987640976905823,-0.0055019795778207484,0.11849905550479889,917.9508666992188,926.95
448,1075,4905,2201600,0.6924676895141602,0.28652535006403923,5370,0.15693359375,-18.832099437713623,0.0003,0.011570889,0.2,0.9993683695793152,-0.010020184027962387,0.049772441387176514,920.5011596679688,926.95
448,1076,4909,2203648,0.6917178630828857,0.21535500288009643,5375,0.3529296875,-18.820373916625975,0.0003,0.020135643,0.2,0.9994032382965088,-0.00502710270229727,0.12450722604990005,920.5011596679688,926.95
448,1077,4913,2205696,0.6916520595550537,0.12014243043959141,5380,0.192578125,-18.810235500335693,0.0003,0.013776092,0.2,0.9995332360267639,-0.009665425517596304,0.04664507508277893,915.8563232421875,926.95
448,1078,4919,2207744,0.6916081309318542,0.2027149222791195,5385,0.27138671875,-18.80732192993164,0.0003,0.020650353,0.2,0.999575674533844,-0.008876578765921295,0.12345074862241745,917.3544311523438,930.1
448,1079,4924,2209792,0.6918454766273499,0.19516316391527652,5390,0.35400390625,-18.808565521240233,0.0003,0.027756123,0.2,0.9992036819458008,0.0033477641409263015,0.03970004618167877,927.1185302734375,931.35
448,1080,4929,2211840,0.6917353868484497,35.66281044483185,5395,0.22001953125,-18.81042766571045,0.0003,0.0274499,0.2,0.9120134711265564,-0.004922440124209971,16.446537017822266,928.2271118164062,932.1
448,1081,4933,2213888,0.6917449831962585,0.4401110827922821,5400,0.1140625,-18.808810997009278,0.0003,0.0136049315,0.2,0.9985005855560303,-0.008043055888265371,0.15288498997688293,927.611328125,933.09
448,1082,4938,2215936,0.691852867603302,0.27124244123697283,5405,0.13818359375,-18.809804058074953,0.0003,0.017213989,0.2,0.9988803267478943,-0.01011047714855522,0.1094975396990776,931.5167846679688,933.09
448,1083,4943,2217984,0.6914432048797607,0.13992722220718862,5410,0.159375,-18.807033920288085,0.0003,0.013873033,0.2,0.9994838833808899,-0.012083356513176113,0.03523508086800575,926.5839233398438,933.09
448,1084,4948,2220032,0.6912078857421875,0.2279272824525833,5415,0.227734375,-18.79376640319824,0.0003,0.019975763,0.2,0.9995125532150269,-0.00915010382886976,0.09348189830780029,925.4779052734375,933.09
448,1085,4953,2222080,0.6911730170249939,0.07674950491636992,5420,0.3078125,-18.79324722290039,0.0003,0.07697398,0.2,0.9996292591094971,0.007288510771468281,0.08761003613471985,911.8778076171875,924.02
448,1086,4958,2224128,0.6910792589187622,118.21200370788574,5425,0.441796875,-18.79100103378296,0.0003,0.103498705,0.2,0.4417552947998047,0.008745624613948167,43.15644836425781,910.8777465820312,922.61
448,1087,4962,2226176,0.6910966634750366,29.00618443489075,5430,0.17412109375,-18.78956346511841,0.0003,0.025112135,0.2,0.8531700968742371,-0.010118511220207438,16.097614288330078,909.7108764648438,918.1
448,1088,4967,2228224,0.6911379098892212,48.291011047363284,5435,0.09453125,-18.790045166015624,0.0003,0.016023584,0.2,0.8786622881889343,-0.006294444319792092,20.59903907775879,911.5992431640625,918.1
448,1089,4972,2230272,0.6912082433700562,0.4150771968066692,5440,0.1220703125,-18.790561962127686,0.0003,0.0134720355,0.2,0.9985029101371765,-0.010420845472253859,0.06846629083156586,910.5347900390625,918.1
448,1090,4976,2232320,0.6910295486450195,0.43340188562870025,5445,0.315625,-18.789129066467286,0.0003,0.025414437,0.2,0.9995549917221069,0.008458736399188638,0.2023821324110031,916.8139038085938,919.9
448,1091,4981,2234368,0.6908626556396484,0.22459743022918702,5450,0.175,-18.78270902633667,0.0003,0.015070246,0.2,0.9996111392974854,-0.01126392008154653,0.14057672023773193,917.204833984375,919.9
448,1092,4985,2236416,0.6910000443458557,0.13231887109577656,5455,0.2009765625,-18.782254791259767,0.0003,0.014589712,0.2,0.9998753070831299,-0.010540869762189686,0.030924584716558456,922.2368774414062,925.32
448,1093,4991,2238464,0.6903025507926941,0.1635927025228739,5460,0.2892578125,-18.77689161300659,0.0003,0.021909114,0.2,0.9997883439064026,-0.007724170945584774,0.12641946971416473,921.6261596679688,922.58
448,1094,4996,2240512,0.6899540424346924,81.30792503356933,5465,0.2615234375,-18.761554431915282,0.0003,0.028834632,0.2,0.8321982026100159,-0.0029087641043588517,37.085506439208984,926.7332763671875,929.31
448,1095,5000,2242560,0.6896910071372986,0.483785592764616,5470,0.11669921875,-18.754625701904295,0.0003,0.015759407,0.2,0.9971842765808105,-0.009486912144348025,0.07133965194225311,928.7168579101562,930.31
448,1096,5004,2244608,0.6894991397857666,54.310324144363406,5475,0.16123046875,-18.748713779449464,0.0003,0.023118414,0.2,0.7604967355728149,-0.005406278395093977,28.456256866455078,931.9097900390625,933.9
448,1097,5010,2246656,0.6894828677177429,0.5456991925835609,5480,0.0826171875,-18.74557876586914,0.0003,0.010272548,0.2,0.9940008521080017,-0.007379968254826963,0.08117012679576874,945.2327270507812,948.36
448,1098,5014,2248704,0.6893936395645142,0.3785022273659706,5485,0.20673828125,-18.745314598083496,0.0003,0.017744066,0.2,0.99825519323349,-0.010378692974336445,0.09991345554590225,951.2899780273438,953.85
448,1099,5018,2250752,0.6890209913253784,0.2284448504447937,5490,0.1927734375,-18.739208793640138,0.0003,0.020598084,0.2,0.9993994235992432,-0.006448700721375644,0.1491018384695053,952.00634765625,953.85
448,1100,5023,2252800,0.688448429107666,0.27263613864779473,5495,0.15625,-18.72687292098999,0.0003,0.013500717,0.2,0.9996654987335205,-0.0107287154532969,0.049285758286714554,963.6915893554688,958.18
448,1101,5028,2254848,0.688170850276947,61.69692587852478,5500,0.10283203125,-18.713695812225343,0.0003,0.016164001,0.2,0.8461142778396606,-0.0050435680546797815,26.192026138305664,957.0005493164062,958.18
448,1102,5032,2256896,0.6881729364395142,0.6477092057466507,5505,0.09755859375,-18.71105146408081,0.0003,0.013876921,0.2,0.997185468673706,-0.008284621097845956,0.13621121644973755,960.0270385742188,958.18
448,1103,5037,2258944,0.6879481673240662,0.2730579454451799,5510,0.12783203125,-18.71010112762451,0.0003,0.016593393,0.2,0.9992945194244385,-0.00980095095001161,0.04780581593513489,959.2759399414062,958.18
448,1104,5041,2260992,0.6875824332237244,0.11404934823513031,5515,0.1705078125,-18.701495265960695,0.0003,0.017117526,0.2,0.9997072219848633,-0.013523176941089333,0.013643095269799232,953.5015869140625,958.18
448,1105,5046,2263040,0.687168538570404,0.13525896817445754,5520,0.20673828125,-18.69187650680542,0.0003,0.016298637,0.2,0.9997841715812683,-0.009048406616784632,0.033601127564907074,959.185791015625,958.18
448,1106,5051,2265088,0.6863529682159424,0.22819434180855752,5525,0.3185546875,-18.675860977172853,0.0003,0.02911334,0.2,0.9995522499084473,0.0008379663340747356,0.11860835552215576,957.8054809570312,958.18
448,1107,5055,2267136,0.6854190826416016,0.0930138397961855,5530,0.3173828125,-18.650254821777345,0.0003,0.026018625,0.2,0.9998500347137451,-0.01034236461855471,0.01443275436758995,957.8054809570312,958.18
448,1108,5060,2269184,0.6850259304046631,0.11223753336817026,5535,0.32666015625,-18.626794052124023,0.0003,0.019407516,0.2,0.9998493194580078,-0.001791345840319991,0.1591542512178421,957.903564453125,958.18
448,1109,5065,2271232,0.6850942373275757,0.1703566923737526,5540,0.27197265625,-18.622799777984618,0.0003,0.029209275,0.2,0.9997584819793701,-0.0006487448466941714,0.07573211938142776,965.0103759765625,961.92
448,1110,5070,2273280,0.6850929260253906,79.05048198699951,5545,0.23642578125,-18.623145008087157,0.0003,0.02525379,0.2,0.8678476810455322,-0.0005212966992985457,24.6903076171875,960.2050170898438,960.33
448,1111,5074,2275328,0.6851491928100586,82.25835018157959,5550,0.1908203125,-18.623151206970213,0.0003,0.029891765,0.2,0.8603289127349854,-0.009726896684151142,27.604021072387695,960.2050170898438,960.33
448,1112,5079,2277376,0.6849563717842102,0.4457778982818127,5555,0.11376953125,-18.622458457946777,0.0003,0.014153372,0.2,0.998417317867279,-0.012930536468047649,0.06122582405805588,963.9043579101562,960.33
448,1113,5083,2279424,0.6844971776008606,0.20708650909364223,5560,0.1634765625,-18.613842582702638,0.0003,0.013776982,0.2,0.9994532465934753,-0.010721560078673064,0.04959918558597565,971.223388671875,960.33
448,1114,5088,2281472,0.6839889287948608,0.17591702118515967,5565,0.237109375,-18.600847053527833,0.0003,0.02249393,0.2,0.9992981553077698,-0.01031070260796696,0.0650576576590538,968.87109375,960.33
448,1115,5093,2283520,0.6833475828170776,0.11267336867749692,5570,0.20654296875,-18.58590774536133,0.0003,0.01152458,0.2,0.9996955394744873,-0.011583064147271217,0.028681660071015358,971.2086181640625,959.57
448,1116,5097,2285568,0.6828494668006897,62.199217081069946,5575,0.1984375,-18.568457508087157,0.0003,0.021314286,0.2,0.8875529170036316,0.0016684242291375995,24.26473045349121,963.1448364257812,959.14
448,1117,5102,2287616,0.6828181147575378,27.48007230758667,5580,0.1423828125,-18.56230182647705,0.0003,0.017074682,0.2,0.9487963914871216,-0.007722273597028107,5.101271629333496,970.5858764648438,959.14
448,1118,5106,2289664,0.6828514337539673,0.546482439339161,5585,0.14990234375,-18.56388568878174,0.0003,0.021562694,0.2,0.9985535144805908,-0.0072620120132341984,0.20430207252502441,969.7564697265625,959.14
448,1119,5111,2291712,0.6827278137207031,0.2410537015646696,5590,0.195703125,-18.56399440765381,0.0003,0.013733664,0.2,0.9995405673980713,-0.00979498289525509,0.08098649978637695,964.244873046875,955.48
448,1120,5116,2293760,0.6828062534332275,27.491829907894136,5595,0.318359375,-18.56335277557373,0.0003,0.055173345,0.2,0.9502383470535278,-0.009992215735837816,8.844356536865234,956.8106079101562,955.48
448,1121,5120,2295808,0.6821967363357544,0.40799166560173034,5600,0.18447265625,-18.56021614074707,0.0003,0.018783037,0.2,0.9993540048599243,-0.01026263707317412,0.09726153314113617,956.0411987304688,955.48
448,1122,5125,2297856,0.6809760332107544,0.09859908558428288,5605,0.2998046875,-18.530414962768553,0.0003,0.042751905,0.2,0.9998063445091248,-0.00480914480285719,0.1283491551876068,959.5733642578125,955.48
448,1123,5129,2299904,0.6807484030723572,0.16070963256061077,5610,0.2875,-18.509471797943114,0.0003,0.048687324,0.2,0.9995429515838623,-0.002698460314422846,0.09644511342048645,957.9862670898438,955.48
448,1124,5134,2301952,0.680141031742096,0.1255376573652029,5615,0.31494140625,-18.50170431137085,0.0003,0.01976473,0.2,0.9993507266044617,-0.00581375618930906,0.01555001363158226,956.03857421875,955.48
448,1125,5138,2304000,0.6794055104255676,0.18301414996385573,5620,0.2431640625,-18.484215354919435,0.0003,0.016990798,0.2,0.999517560005188,-0.006822098500560969,0.06779547780752182,957.6581420898438,955.48
448,1126,5143,2306048,0.6781431436538696,0.17951424196362495,5625,0.34169921875,-18.460141468048096,0.0003,0.033068772,0.2,0.9997722506523132,-0.0016342829447239637,0.02480493113398552,948.2214965820312,956.65
448,1127,5148,2308096,0.6776063442230225,52.02844104766846,5630,0.31669921875,-18.43434343338013,0.0003,0.046794623,0.2,0.7528268098831177,-0.0025755923357792198,20.431184768676758,930.4640502929688,948.81
448,1128,5152,2310144,0.6771922707557678,51.589184856414796,5635,0.231640625,-18.424797534942627,0.0003,0.032241564,0.2,0.8569602370262146,-0.009692996344529092,26.57984733581543,926.6292724609375,948.81
448,1129,5157,2312192,0.6769307255744934,0.6270113497972488,5640,0.133203125,-18.415903091430664,0.0003,0.014730796,0.2,0.998360812664032,-0.008387839270289988,0.1930006742477417,915.9391479492188,941.18
448,1130,5161,2314240,0.6770156621932983,50.20948963165283,5645,0.1767578125,-18.413282299041747,0.0003,0.024224158,0.2,0.9039400815963745,-0.008364997303579003,17.637815475463867,915.4508666992188,941.18
448,1131,5166,2316288,0.6768665313720703,0.4239110089838505,5650,0.12177734375,-18.414524650573732,0.0003,0.01256205,0.2,0.9983642101287842,-0.00888551282696426,0.08205482363700867,920.75732421875,946.83
448,1132,5170,2318336,0.6768352389335632,0.18080167062580585,5655,0.3455078125,-18.408249378204346,0.0003,0.049763873,0.2,0.9995664358139038,0.010757975454907864,0.07196588814258575,929.7521362304688,950.25
448,1133,5175,2320384,0.6770811080932617,0.10356554239988328,5660,0.2349609375,-18.41184005737305,0.0003,0.019810503,0.2,0.9996518492698669,-0.010682328569237143,0.012999109923839569,931.0653076171875,951.66
448,1134,5179,2322432,0.6771069765090942,0.1409575268626213,5665,0.34306640625,-18.41547574996948,0.0003,0.049322926,0.2,0.9994212985038757,-0.0008585076662711799,0.04392620176076889,938.879150390625,956.17
448,1135,5184,2324480,0.6765899658203125,0.16792557686567305,5670,0.2875,-18.40980281829834,0.0003,0.028481022,0.2,0.9992767572402954,-0.009450148441828787,0.04769546911120415,939.8870849609375,956.17
448,1136,5189,2326528,0.6758208870887756,0.14984371662139892,5675,0.1873046875,-18.39227361679077,0.0003,0.017880924,0.2,0.9992996454238892,-0.008923511207103729,0.03237684443593025,943.4854125976562,956.17
448,1137,5193,2328576,0.6750496029853821,0.15529166646301745,5680,0.1615234375,-18.369887351989746,0.0003,0.015019985,0.2,0.9996843338012695,-0.010135235474444925,0.04622688144445419,938.4768676757812,956.17
448,1138,5198,2330624,0.6744356751441956,0.12756381016224622,5685,0.30595703125,-18.348803997039795,0.0003,0.017281411,0.2,0.9998205900192261,-0.005104165570810437,0.02252960205078125,937.4801635742188,952.72
448,1139,5203,2332672,0.6743064522743225,33.04031224250794,5690,0.13427734375,-18.339298439025878,0.0003,0.015981808,0.2,0.9015926122665405,-0.0009248900227248668,7.071504592895508,934.0567016601562,955.72
448,1140,5207,2334720,0.6744672656059265,24.21835750937462,5695,0.15078125,-18.339108657836913,0.0003,0.023714487,0.2,0.9528166055679321,-0.007463796762749553,9.563183784484863,930.7616577148438,951.59
448,1141,5212,2336768,0.6745489835739136,73.84907722473145,5700,0.09208984375,-18.34292154312134,0.0003,0.01395652,0.2,0.8489512801170349,-0.006145915982779115,38.35966491699219,935.5159912109375,956.02
448,1142,5217,2338816,0.6745618581771851,0.7330424070358277,5705,0.0875,-18.343960666656493,0.0003,0.012186455,0.2,0.9978705644607544,-0.008473553124349564,0.1902618408203125,937.1782836914062,953.74
448,1143,5221,2340864,0.6745285391807556,96.88346843719482,5710,0.11611328125,-18.344239234924316,0.0003,0.016653359,0.2,0.8636953830718994,-0.008342243591323495,36.992549896240234,937.778076171875,953.74
448,1144,5225,2342912,0.674362063407898,0.740369264781475,5715,0.117578125,-18.342267990112305,0.0003,0.013544403,0.2,0.9970300793647766,-0.009703389165224507,0.2118360698223114,937.7665405273438,953.74
448,1145,5230,2344960,0.6739405989646912,0.3911155439913273,5720,0.12900390625,-18.335053062438966,0.0003,0.016733108,0.2,0.9995307922363281,-0.005238585360348225,0.07985170185565948,934.3125,953.74
448,1146,5235,2347008,0.6736575961112976,0.23257763907313347,5725,0.16357421875,-18.324204540252687,0.0003,0.014391991,0.2,0.9997053742408752,-0.012071958044543862,0.060316041111946106,934.96142578125,955.83
448,1147,5239,2349056,0.6735864281654358,56.372908973693846,5730,0.15439453125,-18.319422340393068,0.0003,0.022228513,0.2,0.866228461265564,-0.00879967479268089,27.699234008789062,928.8314819335938,953.99
448,1148,5243,2351104,0.6735517978668213,25.06826491355896,5735,0.30205078125,-18.31950626373291,0.0003,0.045340523,0.2,0.9428101778030396,-0.010996346338652074,6.657764911651611,928.8314819335938,953.99
448,1149,5248,2353152,0.6735183000564575,0.39695760831236837,5740,0.2095703125,-18.319787120819093,0.0003,0.021937232,0.2,0.9987578392028809,-0.008264756016433238,0.09770382940769196,926.779541015625,953.99
448,1150,5253,2355200,0.6732302308082581,0.23065258339047431,5745,0.15615234375,-18.31482353210449,0.0003,0.01908623,0.2,0.99960857629776,-0.009183463687077165,0.04996100813150406,920.3093872070312,953.99
448,1151,5258,2357248,0.6733367443084717,0.23583602234721185,5750,0.21494140625,-18.310090446472167,0.0003,0.0186495,0.2,0.999115526676178,-0.006335264281369745,0.07712312787771225,920.640625,953.99
448,1152,5263,2359296,0.6731063723564148,0.2019757203757763,5755,0.34677734375,-18.309243869781493,0.0003,0.023009123,0.2,0.999449610710144,-0.0005149556207470595,0.10370182245969772,920.8267211914062,953.99
448,1153,5267,2361344,0.6724230051040649,0.06878090742975473,5760,0.22451171875,-18.29472589492798,0.0003,0.018083576,0.2,0.9997000694274902,-0.013592039211653173,0.015853917226195335,917.9701538085938,950.67
448,1154,5272,2363392,0.672236442565918,69.08400192260743,5765,0.2837890625,-18.280226516723634,0.0003,0.035968803,0.2,0.5564136505126953,-0.006754057924263179,26.303770065307617,914.5599975585938,950.99
448,1155,5277,2365440,0.672307014465332,1.183590579032898,5770,0.12783203125,-18.278456115722655,0.0003,0.018076401,0.2,0.9918449521064758,-0.01049663966987282,0.35334429144859314,913.0623168945312,951.16
448,1156,5281,2367488,0.6721271276473999,0.46583602726459505,5775,0.15888671875,-18.278430366516112,0.0003,0.01604481,0.2,0.9955199360847473,-0.010198130831122398,0.12968172132968903,908.5594482421875,951.16
448,1157,5285,2369536,0.6717891097068787,0.29280818477272985,5780,0.0935546875,-18.27195587158203,0.0003,0.010644481,0.2,0.9977859854698181,-0.008467017579823733,0.18613854050636292,911.2594604492188,954.57
448,1158,5290,2371584,0.6712853312492371,0.3301973454654217,5785,0.20869140625,-18.2594202041626,0.0003,0.014205478,0.2,0.9981282949447632,-0.0050945567432791,0.06681188195943832,911.9371337890625,954.57
448,1159,5295,2373632,0.6710574626922607,0.2567858286201954,5790,0.17548828125,-18.248637104034422,0.0003,0.017615471,0.2,0.9978129267692566,-0.010218471963889897,0.07266845554113388,909.4149780273438,954.57
448,1160,5299,2375680,0.6708332896232605,0.1989288695156574,5795,0.18408203125,-18.2446888923645,0.0003,0.0129013695,0.2,0.9992696046829224,-0.010145855706650764,0.06055925786495209,908.5992431640625,954.57
448,1161,5304,2377728,0.6705493927001953,0.14627662263810634,5800,0.18623046875,-18.238205337524413,0.0003,0.018804716,0.2,0.9996679425239563,-0.012591691710986197,0.030907735228538513,912.919677734375,954.57
448,1162,5308,2379776,0.6705926656723022,0.09114048704504966,5805,0.22041015625,-18.231012916564943,0.0003,0.01749473,0.2,0.9997696876525879,-0.009090757090598344,0.047194406390190125,913.9620971679688,957.41
448,1163,5312,2381824,0.670986533164978,0.12660706117749215,5810,0.240625,-18.235674381256104,0.0003,0.018883402,0.2,0.9998334050178528,-0.006259740074165165,0.028619199991226196,909.1096801757812,957.41
448,1164,5317,2383872,0.6708109974861145,0.1204227328300476,5815,0.23544921875,-18.238694953918458,0.0003,0.016655847,0.2,0.9997777938842773,-0.009490758157335221,0.021282996982336044,910.8150634765625,957.41
448,1165,5323,2385920,0.6698135733604431,0.08370810505002738,5820,0.26787109375,-18.221685218811036,0.0003,0.026189439,0.2,0.9998404383659363,-0.008090873155742884,0.03052661009132862,912.27001953125,958.54
448,1166,5328,2387968,0.6693248152732849,54.9884859085083,5825,0.30498046875,-18.197241020202636,0.0003,0.0400426,0.2,0.8944538831710815,-0.006592727568931878,18.353181838989258,916.294677734375,958.54
448,1167,5333,2390016,0.6690117120742798,0.2381890494376421,5830,0.18212890625,-18.188089656829835,0.0003,0.016816005,0.2,0.9987080097198486,-0.00914708081400022,0.0752602070569992,913.8164672851562,958.54
448,1168,5337,2392064,0.6685367822647095,0.16423072442412376,5835,0.26943359375,-18.17541265487671,0.0003,0.02002919,0.2,0.9993202686309814,-0.00883471705019474,0.04222593083977699,917.0654907226562,958.54
448,1169,5342,2394112,0.6681240200996399,0.10808634646236896,5840,0.24345703125,-18.16094160079956,0.0003,0.018623328,0.2,0.9997337460517883,-0.005600404436700046,0.04650794342160225,911.9872436523438,958.54
448,1170,5347,2396160,0.6680338978767395,0.15926613211631774,5845,0.22724609375,-18.153725719451906,0.0003,0.013617696,0.2,0.9994990825653076,-0.012896688212640584,0.04355953633785248,909.9502563476562,958.54
448,1171,5351,2398208,0.6677724719047546,0.10869894810020923,5850,0.173828125,-18.151140213012695,0.0003,0.015694607,0.2,0.9997098445892334,-0.01039325367892161,0.030682483687996864,914.9910888671875,958.54
448,1172,5355,2400256,0.6676743626594543,0.27388231847435235,5855,0.26142578125,-18.144409465789796,0.0003,0.028766155,0.2,0.9997110962867737,-0.0022221749532036483,0.11189507693052292,916.0413818359375,958.54
448,1173,5360,2402304,0.6673459410667419,0.13575007244944573,5860,0.2134765625,-18.140340518951415,0.0003,0.017729288,0.2,0.9993285536766052,-0.009632458142004908,0.04469892382621765,918.2276611328125,960.4
448,1174,5365,2404352,0.6671932935714722,41.37441782951355,5865,0.13994140625,-18.13175764083862,0.0003,0.020185338,0.2,0.7865568995475769,-0.007147431909106672,15.901995658874512,925.6375122070312,965.82
448,1175,5369,2406400,0.6672683954238892,0.1907097026705742,5870,0.16572265625,-18.130947494506835,0.0003,0.017638216,0.2,0.9986193776130676,-0.010202684602700175,0.1840260922908783,926.0238037109375,965.82
448,1176,5374,2408448,0.6673886179924011,0.10887767747044563,5875,0.2255859375,-18.131740856170655,0.0003,0.017660566,0.2,0.999457836151123,-0.013673198263859376,0.019424963742494583,928.5833740234375,965.59
448,1177,5379,2410496,0.6675306558609009,49.65321855545044,5880,0.0896484375,-18.13612003326416,0.0003,0.012869684,0.2,0.8510162830352783,-0.0056759116239845754,46.26271438598633,939.484619140625,973.22
448,1178,5383,2412544,0.6667320728302002,0.2162131153047085,5885,0.19140625,-18.130494403839112,0.0003,0.018793618,0.2,0.9991267919540405,-0.01085594289470464,0.07079646736383438,934.7996826171875,973.22
448,1179,5388,2414592,0.6665067672729492,0.09045131132006645,5890,0.29658203125,-18.111091995239256,0.0003,0.031660337,0.2,0.9998095035552979,-0.008833525469526649,0.02797548845410347,936.9851684570312,970.38
448,1180,5393,2416640,0.6665747165679932,62.92474813461304,5895,0.3599609375,-18.111107063293456,0.0003,0.06110266,0.2,0.7041339874267578,-0.0012062597088515759,17.775644302368164,932.3895874023438,970.38
448,1181,5398,2418688,0.6665638089179993,0.772616247087717,5900,0.11416015625,-18.11139545440674,0.0003,0.018328931,0.2,0.9951330423355103,-0.011061211698688567,0.09672386199235916,929.4539794921875,970.38
448,1182,5403,2420736,0.6663352251052856,0.2619448520243168,5905,0.19013671875,-18.108974742889405,0.0003,0.016783845,0.2,0.999293863773346,-0.011708799959160387,0.06346981227397919,926.694091796875,970.38
448,1183,5407,2422784,0.6653193235397339,0.12868907861411572,5910,0.22138671875,-18.09416217803955,0.0003,0.017854357,0.2,0.9996881484985352,-0.00884477561339736,0.10284718871116638,926.1322021484375,970.38
447,1184,5412,2424832,0.6645971536636353,0.13526672162115574,5915,0.22939453125,-18.06954154968262,0.0003,0.01801344,0.2,0.9996616840362549,-0.008590796194039286,0.030896173790097237,935.3121337890625,970.38
447,1185,5417,2426880,0.663473904132843,0.11907937750220299,5920,0.2869140625,-18.04710168838501,0.0003,0.014645755,0.2,0.9998041987419128,-0.0055203011143021286,0.026010941714048386,933.2274169921875,970.54
447,1186,5422,2428928,0.6632013320922852,43.65469689369202,5925,0.29765625,-18.02639627456665,0.0003,0.03510427,0.2,0.8560420274734497,-0.0032751153921708465,8.843331336975098,923.6863403320312,964.03
447,1187,5426,2430976,0.6632820963859558,102.64427871704102,5930,0.11513671875,-18.025417613983155,0.0003,0.017985921,0.2,0.8486647605895996,-0.00772051892708987,71.30725860595703,923.6863403320312,964.03
447,1188,5431,2433024,0.6633598804473877,1.7006076097488403,5935,0.051953125,-18.027860164642334,0.0003,0.007625591,0.2,0.9949661493301392,-0.0065443079569377,0.3266005218029022,918.2256469726562,960.25
447,1189,5435,2435072,0.6634623408317566,121.01435947418213,5940,0.03232421875,-18.030393218994142,0.0003,0.0066758376,0.2,0.7518675327301025,-0.0026341647375375033,51.694217681884766,918.8065795898438,960.25
447,1190,5440,2437120,0.6634464263916016,1.0535181492567063,5945,0.048046875,-18.031850719451903,0.0003,0.0101568885,0.2,0.9988605976104736,-0.007466904039029032,0.138653963804245,928.4500122070312,963.92
447,1191,5445,2439168,0.6630938053131104,0.44878450259566305,5950,0.09697265625,-18.02757387161255,0.0003,0.015878463,0.2,0.9988457560539246,-0.008586616488173604,0.12900704145431519,926.8515014648438,960.59
447,1192,5449,2441216,0.6628465056419373,52.76814289093018,5955,0.17451171875,-18.01761426925659,0.0003,0.021770284,0.2,0.547583281993866,-0.007883068197406829,19.72788429260254,924.890380859375,959.19
447,1193,5454,2443264,0.6627451777458191,34.06566619873047,5960,0.1623046875,-18.014053535461425,0.0003,0.024057109,0.2,0.8624222874641418,-0.007881010370329022,19.303714752197266,921.4207763671875,959.52
447,1194,5459,2445312,0.6625970005989075,0.9919431611895562,5965,0.12470703125,-18.011210346221922,0.0003,0.011280436,0.2,0.9977220892906189,-0.005133756319992244,0.17058201134204865,921.2380981445312,959.52
447,1195,5464,2447360,0.6625468730926514,0.6305754065513611,5970,0.079296875,-18.008880519866942,0.0003,0.012539866,0.2,0.9989832043647766,-0.006768003664910793,0.13570639491081238,929.8973999023438,961.36
447,1196,5468,2449408,0.6625516414642334,0.34154077917337416,5975,0.11748046875,-18.00817737579346,0.0003,0.015214379,0.2,0.9992927312850952,-0.010123746038880199,0.11552445590496063,927.8032836914062,961.36
447,1197,5473,2451456,0.6622450947761536,0.3411272719502449,5980,0.23037109375,-18.004833889007568,0.0003,0.014063273,0.2,0.9994986057281494,-0.004496144340373575,0.0728502869606018,934.49072265625,961.36
447,1198,5478,2453504,0.6619396209716797,0.3742193292826414,5985,0.238671875,-17.99576015472412,0.0003,0.01671837,0.2,0.9994258880615234,-0.004344297107309103,0.34986618161201477,938.1534423828125,961.36
447,1199,5482,2455552,0.6620028018951416,0.21704942211508751,5990,0.1955078125,-17.991376686096192,0.0003,0.018054225,0.2,0.9994471073150635,-0.00947737789247185,0.045833759009838104,943.1473388671875,964.68
447,1200,5487,2457600,0.6617692708969116,0.17515404671430587,5995,0.1580078125,-17.992002964019775,0.0003,0.013269955,0.2,0.9996132254600525,-0.01001157599966973,0.038522765040397644,941.7034912109375,964.68
447,1201,5491,2459648,0.6612172722816467,0.2355542328208685,6000,0.369140625,-17.979941177368165,0.0003,0.0660962,0.2,0.9997032284736633,0.010126792569644749,0.06636857241392136,948.2498168945312,964.68
447,1202,5496,2461696,0.6605785489082336,0.15731476098299027,6005,0.2630859375,-17.964906215667725,0.0003,0.020061292,0.2,0.9995983839035034,-0.006653562746942043,0.1452520787715912,948.8350219726562,962.28
447,1203,5500,2463744,0.6604328155517578,54.63643407821655,6010,0.1845703125,-17.95338659286499,0.0003,0.022122487,0.2,0.8632699251174927,-0.003048048762138933,25.121198654174805,951.6490478515625,962.28
447,1204,5505,2465792,0.6604486703872681,0.2584353968501091,6015,0.15537109375,-17.952685928344728,0.0003,0.021576842,0.2,0.9986770749092102,-0.009617337072268129,0.09177729487419128,950.2045288085938,962.28
447,1205,5509,2467840,0.6602510213851929,0.14049698002636432,6020,0.31005859375,-17.94955759048462,0.0003,0.0253942,0.2,0.9992496371269226,-0.009795854426920414,0.03503114730119705,955.9883422851562,962.28
447,1206,5514,2469888,0.660341739654541,0.28008067347109317,6025,0.3796875,-17.946201515197753,0.0003,0.03025169,0.2,0.9996417760848999,-0.0027553717140108348,0.05486728250980377,955.9654541015625,962.28
447,1207,5519,2471936,0.6600996255874634,0.1396170899271965,6030,0.29716796875,-17.945785999298096,0.0003,0.018372217,0.2,0.9995566606521606,-0.0020296684582717718,0.03786933422088623,952.9957275390625,962.28
447,1208,5523,2473984,0.6594035625457764,0.07372996918857097,6035,0.27265625,-17.93211145401001,0.0003,0.017551333,0.2,0.9998514652252197,-0.006819469877518714,0.010405562818050385,948.7968139648438,958.87
447,1209,5528,2476032,0.6590116024017334,26.80700788497925,6040,0.358203125,-17.915650177001954,0.0003,0.06059846,0.2,0.9420982003211975,-0.006721774348989129,11.82429027557373,950.8436889648438,957.55
447,1210,5533,2478080,0.6589944362640381,70.28067150115967,6045,0.030859375,-17.910888957977296,0.0003,0.0068991785,0.2,0.8033679723739624,-0.0036705404054373503,58.576683044433594,954.695068359375,957.55
447,1211,5537,2480128,0.6590876579284668,0.6122944086790085,6050,0.16044921875,-17.91130599975586,0.0003,0.020207208,0.2,0.9975918531417847,-0.008309378777630628,0.09382219612598419,953.4827270507812,957.55
447,1212,5542,2482176,0.6591964960098267,0.3455409862101078,6055,0.1111328125,-17.913401508331297,0.0003,0.01234437,0.2,0.999327540397644,-0.006242450349964202,0.05053449049592018,953.6704711914062,960.08
447,1213,5546,2484224,0.6592974662780762,0.20629879757761954,6060,0.19013671875,-17.915754985809325,0.0003,0.01761566,0.2,0.9994416832923889,-0.01265910912770778,0.06795359402894974,951.6231079101562,960.08
447,1214,5551,2486272,0.6591014266014099,0.15022036544978618,6065,0.20517578125,-17.913829135894776,0.0003,0.019636778,0.2,0.9996474981307983,-0.004002120113000274,0.045737169682979584,953.4923706054688,960.08
447,1215,5555,2488320,0.6590097546577454,0.1106272168457508,6070,0.23515625,-17.907815361022948,0.0003,0.017543346,0.2,0.9997748732566833,-0.010946595948189497,0.03510129451751709,956.6002197265625,957.65
447,1216,5560,2490368,0.6590328216552734,39.04496898651123,6075,0.23310546875,-17.905739402770998,0.0003,0.030978726,0.2,0.9100701212882996,-0.007319716247729957,21.904590606689453,958.4288330078125,957.65
447,1217,5564,2492416,0.6589761972427368,0.29789371863007547,6080,0.11962890625,-17.90477771759033,0.0003,0.010788903,0.2,0.9989956617355347,-0.010147383389994501,0.1095242127776146,962.9710083007812,957.65
447,1218,5569,2494464,0.6590522527694702,0.14722904711961746,6085,0.1587890625,-17.903863525390626,0.0003,0.016530761,0.2,0.9991188049316406,-0.011952426913194359,0.026995569467544556,957.6720581054688,952.88
447,1219,5574,2496512,0.6592262983322144,53.800890827178954,6090,0.1921875,-17.906704711914063,0.0003,0.025271373,0.2,0.7156241536140442,-0.008207675209268928,6.6234517097473145,958.4693603515625,952.42
447,1220,5578,2498560,0.659302294254303,53.81686677932739,6095,0.167578125,-17.910701560974122,0.0003,0.032488868,0.2,0.5929450988769531,-0.006770077819237485,20.549314498901367,958.000244140625,952.42
447,1221,5584,2500608,0.6599084138870239,0.24817452430725098,6100,0.1986328125,-17.91724224090576,0.0003,0.022690203,0.2,0.9970834255218506,-0.010394061321858317,0.07557632774114609,955.8404541015625,952.0
447,1222,5588,2502656,0.6600215435028076,44.05576481819153,6105,0.54912109375,-17.93104305267334,0.0003,0.10172412,0.2,0.6922153234481812,0.011758246051613241,10.091708183288574,955.0242309570312,952.0
447,1223,5594,2504704,0.6600058078765869,0.3608061134815216,6110,0.20556640625,-17.930516242980957,0.0003,0.027034698,0.2,0.9946997761726379,-0.009196946781594306,0.14264531433582306,955.7771606445312,954.65
447,1224,5598,2506752,0.6601669788360596,0.2677744388580322,6115,0.2615234375,-17.932655334472656,0.0003,0.020306734,0.2,0.9983726143836975,-0.003322126320563257,0.08062593638896942,953.0156860351562,954.65
447,1225,5603,2508800,0.6602075099945068,0.1740841157734394,6120,0.25126953125,-17.93573875427246,0.0003,0.015582917,0.2,0.999345064163208,-0.010115856840275227,0.02663632296025753,948.6864013671875,952.4
447,1226,5607,2510848,0.6602545380592346,76.01086735725403,6125,0.45810546875,-17.93589391708374,0.0003,0.068383746,0.2,0.8234752416610718,0.01054599133785814,53.794612884521484,946.3007202148438,952.4
447,1227,5612,2512896,0.6601705551147461,1.156032671034336,6130,0.11357421875,-17.935441398620604,0.0003,0.012956748,0.2,0.9935469031333923,-0.008208095119334758,0.11886558681726456,946.4439086914062,952.4
447,1228,5616,2514944,0.6599854230880737,0.3497984781861305,6135,0.1640625,-17.930947685241698,0.0003,0.011992522,0.2,0.9983910322189331,-0.0020838572643697264,0.10693041980266571,951.892578125,952.4
447,1229,5621,2516992,0.6596992015838623,0.29068453460931776,6140,0.196484375,-17.927192974090577,0.0003,0.014388956,0.2,0.9987810254096985,-0.007224963023327291,0.0629541277885437,953.994140625,952.4
447,1230,5625,2519040,0.659633219242096,0.38299912586808205,6145,0.187109375,-17.918060398101808,0.0003,0.015187832,0.2,0.9990695714950562,-0.008059093053452671,0.13802221417427063,953.994140625,952.4
447,1231,5630,2521088,0.6596898436546326,0.20303529165685177,6150,0.16748046875,-17.919747161865235,0.0003,0.016559385,0.2,0.9994310140609741,-0.00831957245245576,0.03650820627808571,956.77783203125,952.4
447,1232,5634,2523136,0.659611701965332,0.21548451408743857,6155,0.180859375,-17.920505619049074,0.0003,0.015226366,0.2,0.9996734857559204,-0.008115623751655221,0.10339083522558212,960.1348266601562,952.4
447,1233,5639,2525184,0.6589386463165283,0.21139088682830334,6160,0.1462890625,-17.91203556060791,0.0003,0.014972528,0.2,0.9998055696487427,-0.011992126936092973,0.029862377792596817,972.3677978515625,962.2
447,1234,5644,2527232,0.6582173109054565,0.2322692431509495,6165,0.212109375,-17.890524482727052,0.0003,0.026309103,0.2,0.999728262424469,-0.0034503871691413225,0.05941074341535568,977.0980224609375,960.41
447,1235,5649,2529280,0.6579532027244568,143.1611755371094,6170,0.19638671875,-17.877609157562254,0.0003,0.024534076,0.2,0.6773743629455566,-0.0028178739943541587,53.954532623291016,979.3604736328125,962.37
447,1236,5654,2531328,0.6581144332885742,27.469817876815796,6175,0.13798828125,-17.876112461090088,0.0003,0.02044889,0.2,0.9044373035430908,-0.007801309076603502,18.498233795166016,954.2667846679688,947.17
447,1237,5658,2533376,0.6582562327384949,243.66953048706054,6180,0.03837890625,-17.881525897979735,0.0003,0.0076919966,0.2,0.509541392326355,-0.0038206168450415135,115.84741973876953,954.2667846679688,947.17
447,1238,5663,2535424,0.6581777930259705,2.4649357378482817,6185,0.10419921875,-17.882798671722412,0.0003,0.0148360785,0.2,0.985726535320282,-0.009977676728158257,0.36657842993736267,954.0083618164062,947.17
447,1239,5668,2537472,0.6582539677619934,0.5080249533057213,6190,0.12958984375,-17.88113145828247,0.0003,0.015160849,0.2,0.9978303909301758,-0.010528289480134845,0.1305777132511139,952.508544921875,945.74
447,1240,5673,2539520,0.6584408283233643,27.44971122741699,6195,0.27861328125,-17.884922599792482,0.0003,0.03208427,0.2,0.9310187697410583,-0.011550102243199944,9.922730445861816,959.0777587890625,945.32
447,1241,5677,2541568,0.6585253477096558,32.21242651939392,6200,0.288671875,-17.88856496810913,0.0003,0.047989175,0.2,0.876620888710022,-0.007259474322199822,17.027339935302734,959.0777587890625,945.32
447,1242,5681,2543616,0.6583585739135742,0.8275030434131623,6205,0.110546875,-17.887631797790526,0.0003,0.018880403,0.2,0.9966819882392883,-0.009602136979810893,0.23257924616336823,955.279541015625,945.32
447,1243,5687,2545664,0.6583002209663391,0.4462792709469795,6210,0.13388671875,-17.88345603942871,0.0003,0.018152185,0.2,0.9984506368637085,-0.011246862274128943,0.1527092158794403,950.7652587890625,944.85
447,1244,5691,2547712,0.658277690410614,48.30932664871216,6215,0.15986328125,-17.882693386077882,0.0003,0.025443783,0.2,0.8610604405403137,-0.009552886395249515,5.848087310791016,951.151123046875,944.85
447,1245,5695,2549760,0.6583993434906006,0.5080907389521598,6220,0.16201171875,-17.883896923065187,0.0003,0.01359872,0.2,0.9987714886665344,-0.012840800057165324,0.15955756604671478,951.151123046875,944.85
447,1246,5699,2551808,0.658096194267273,0.3373504813760519,6225,0.20263671875,-17.88373193740845,0.0003,0.017707404,0.2,0.9996241331100464,-0.008325274148955942,0.019604461267590523,949.2095336914062,944.85
447,1247,5705,2553856,0.6574613451957703,0.2515071459114552,6230,0.30419921875,-17.870368099212648,0.0003,0.043082092,0.2,0.9996668696403503,0.0017595994286239147,0.11961790919303894,953.7103881835938,947.25
447,1248,5709,2555904,0.6569073796272278,0.4645080968737602,6235,0.485546875,-17.85199966430664,0.0003,0.037123922,0.2,0.998833417892456,0.021259609377011657,0.21073631942272186,951.4383544921875,947.25
447,1249,5713,2557952,0.6559426784515381,0.20358419343829154,6240,0.31171875,-17.834952735900877,0.0003,0.035576753,0.2,0.9993373155593872,-0.0010670825140550733,0.06527584791183472,951.4383544921875,947.25
447,1250,5718,2560000,0.6555774807929993,0.1173630055040121,6245,0.27470703125,-17.81083631515503,0.0003,0.033295482,0.2,0.9998478889465332,-0.0008796324953436851,0.0423470139503479,952.1387329101562,947.25
447,1251,5724,2562048,0.6557614803314209,0.16565592624247075,6250,0.3130859375,-17.809529304504395,0.0003,0.06507697,0.2,0.9996424913406372,0.005159467505291104,0.057596683502197266,934.60205078125,947.25
447,1252,5728,2564096,0.6560230255126953,0.24270323738455774,6255,0.3572265625,-17.814969539642334,0.0003,0.02499939,0.2,0.999355673789978,-0.00048796781338751317,0.061479292809963226,936.32470703125,947.25
447,1253,5732,2566144,0.6549274921417236,0.10998992025852203,6260,0.3482421875,-17.8066650390625,0.0003,0.027238894,0.2,0.9994637966156006,-0.007479120721109211,0.05534137412905693,936.32470703125,947.25
447,1254,5737,2568192,0.6542726755142212,0.0675032490864396,6265,0.22294921875,-17.780924701690672,0.0003,0.014875774,0.2,0.9996584057807922,-0.010424229805357755,0.02036336250603199,935.2817993164062,947.25
447,1255,5742,2570240,0.6537200808525085,0.07985675297677516,6270,0.2154296875,-17.76638584136963,0.0003,0.014590075,0.2,0.9997137784957886,-0.01208142344839871,0.01910012774169445,941.357421875,951.98
447,1256,5746,2572288,0.6533159613609314,0.16247528567910194,6275,0.2322265625,-17.753292560577393,0.0003,0.01857404,0.2,0.9995847940444946,-0.013127619656734169,0.07038950175046921,939.645751953125,951.98
447,1257,5750,2574336,0.652730405330658,0.09626158997416497,6280,0.280078125,-17.741585731506348,0.0003,0.022881046,0.2,0.9998050332069397,-0.011991437850520014,0.016529332846403122,939.645751953125,951.98
447,1258,5755,2576384,0.6519672274589539,0.059997891448438166,6285,0.2451171875,-17.71983947753906,0.0003,0.01757256,0.2,0.9998829960823059,-0.010592013620771468,0.013068540021777153,939.5820922851562,951.98
447,1259,5760,2578432,0.6515830159187317,0.08402078859508037,6290,0.187890625,-17.70249996185303,0.0003,0.01361097,0.2,0.9998569488525391,-0.010676631331443786,0.02337535098195076,940.7754516601562,951.98
447,1260,5765,2580480,0.6514205932617188,0.1510496698319912,6295,0.32353515625,-17.69727954864502,0.0003,0.045157228,0.2,0.9996240139007568,-0.005505098780849949,0.0621967539191246,937.3402099609375,951.98
447,1261,5769,2582528,0.651122510433197,0.15245885420590638,6300,0.244140625,-17.693288135528565,0.0003,0.027232824,0.2,0.9996849298477173,-0.0013001122046262027,0.053599193692207336,937.3402099609375,951.98
447,1262,5774,2584576,0.6507028937339783,0.12020003851503133,6305,0.20146484375,-17.682251930236816,0.0003,0.017792683,0.2,0.9997137188911438,-0.009441336174495519,0.021471098065376282,929.917724609375,954.41
447,1263,5779,2586624,0.6502281427383423,0.07022413555532694,6310,0.251171875,-17.669681072235107,0.0003,0.019497588,0.2,0.9998316168785095,-0.01142722126096487,0.042142756283283234,930.2415771484375,954.41
447,1264,5785,2588672,0.6501639485359192,0.11611618883907796,6315,0.261328125,-17.66282367706299,0.0003,0.022076482,0.2,0.9997522234916687,-0.0055204570759087804,0.05200263112783432,929.47607421875,953.4
447,1265,5789,2590720,0.6500707864761353,83.95396327972412,6320,0.26494140625,-17.660731506347656,0.0003,0.03928081,0.2,0.8081617951393127,-0.00596791704883799,25.427438735961914,929.47607421875,953.4
447,1266,5794,2592768,0.6499307751655579,0.3008475199341774,6325,0.1513671875,-17.65815496444702,0.0003,0.01581373,0.2,0.996148943901062,-0.009875780111178756,0.04522364214062691,927.2450561523438,953.4
447,1267,5799,2594816,0.6501651406288147,0.19408122152090074,6330,0.2021484375,-17.657201766967773,0.0003,0.019360207,0.2,0.999170184135437,-0.009106425382196904,0.059926968067884445,924.8185424804688,953.26
447,1268,5803,2596864,0.6503870487213135,34.05490407943726,6335,0.1490234375,-17.66480770111084,0.0003,0.019989131,0.2,0.8888181447982788,-0.006694243033416569,12.870973587036133,925.6187744140625,953.26
447,1269,5808,2598912,0.6503324508666992,0.2992557503283024,6340,0.16416015625,-17.668131828308105,0.0003,0.016388308,0.2,0.9985697865486145,-0.013680847082287072,0.09180605411529541,924.1553955078125,948.0
447,1270,5813,2600960,0.6503726243972778,67.9200409412384,6345,0.19052734375,-17.66750040054321,0.0003,0.02631599,0.2,0.7813632488250732,-0.009491764823906124,25.33887481689453,924.5014038085938,948.0
447,1271,5818,2603008,0.6505053639411926,0.4425622284412384,6350,0.1791015625,-17.670251178741456,0.0003,0.019366726,0.2,0.9945590496063232,-0.009867367311380803,0.12240711599588394,929.2603759765625,953.09
447,1272,5822,2605056,0.6502987742424011,0.2146115094423294,6355,0.2203125,-17.671780395507813,0.0003,0.019904276,0.2,0.9980811476707458,-0.011623474233783782,0.04234085977077484,929.2603759765625,953.09
447,1273,5828,2607104,0.6497040390968323,0.10353100523352624,6360,0.1837890625,-17.66111707687378,0.0003,0.012205917,0.2,0.999413013458252,-0.009178786259144544,0.03661748021841049,928.94775390625,948.1
447,1274,5833,2609152,0.6494048833847046,121.01079063415527,6365,0.21123046875,-17.64617977142334,0.0003,0.02395532,0.2,0.5194512605667114,-0.006881934683769941,77.10108184814453,916.2307739257812,942.81
447,1275,5837,2611200,0.6494738459587097,163.2198085784912,6370,0.0984375,-17.644196224212646,0.0003,0.017406035,0.2,0.518008828163147,-0.006699410488363355,108.62142944335938,916.2307739257812,942.81
447,1276,5842,2613248,0.6492383480072021,0.9759006083011628,6375,0.09775390625,-17.6435227394104,0.0003,0.009394956,0.2,0.9949252009391785,-0.008071202132850886,0.2484866827726364,902.3109130859375,930.57
447,1277,5847,2615296,0.6491184234619141,154.64894065856933,6380,0.12255859375,-17.635414123535156,0.0003,0.017000418,0.2,0.5921045541763306,-0.007340850424952805,45.573429107666016,894.523681640625,928.84
447,1278,5852,2617344,0.6492151618003845,76.2040916442871,6385,0.2029296875,-17.636257553100585,0.0003,0.02735307,0.2,0.7490776181221008,-0.01234089459758252,26.77467918395996,895.2213134765625,928.84
447,1279,5857,2619392,0.6492129564285278,1.434357824921608,6390,0.10361328125,-17.637719058990477,0.0003,0.014014881,0.2,0.9948738217353821,-0.007409631763584912,0.22202947735786438,884.749755859375,922.97
447,1280,5861,2621440,0.6491854190826416,152.57110557556152,6395,0.085546875,-17.636657333374025,0.0003,0.015452134,0.2,0.574800431728363,-0.006048315297812223,103.58807373046875,888.9682006835938,922.6
447,1281,5866,2623488,0.6492579579353333,29.188629627227783,6400,0.1349609375,-17.636960792541505,0.0003,0.02191905,0.2,0.9181051850318909,-0.008008718420751394,14.5059232711792,890.1158447265625,926.18
447,1282,5870,2625536,0.6492511034011841,66.14576120376587,6405,0.18798828125,-17.637647724151613,0.0003,0.023552569,0.2,0.8444213271141052,-0.010080565628595651,48.238807678222656,890.1158447265625,926.18
447,1283,5875,2627584,0.6492455005645752,0.6340292364358902,6410,0.12939453125,-17.637423038482666,0.0003,0.0140170595,0.2,0.9987722635269165,-0.010380065790377558,0.08909609913825989,895.0867309570312,927.32
447,1284,5880,2629632,0.6492655277252197,58.119701862335205,6415,0.21865234375,-17.63741788864136,0.0003,0.025812361,0.2,0.8760221004486084,-0.01077172472141683,15.52595043182373,898.648681640625,930.15
447,1285,5885,2631680,0.6492698192596436,0.9204984098672867,6420,0.125390625,-17.63793888092041,0.0003,0.01861202,0.2,0.9987890124320984,-0.009597530635073782,0.23748311400413513,896.9276733398438,930.15
447,1286,5889,2633728,0.6491422057151794,0.6085089772939682,6425,0.0953125,-17.63587188720703,0.0003,0.011678403,0.2,0.998822033405304,-0.005095441592857242,0.1380588412284851,900.1343994140625,930.57
447,1287,5894,2635776,0.6489871144294739,0.4634341523051262,6430,0.12041015625,-17.631069087982176,0.0003,0.012577247,0.2,0.9995423555374146,-0.006347540626302361,0.11013507097959518,897.47021484375,930.57
447,1288,5899,2637824,0.6490297913551331,0.4542943090200424,6435,0.15654296875,-17.628553676605225,0.0003,0.015389333,0.2,0.9992606043815613,-0.008229001658037305,0.14489620923995972,894.423828125,930.57
447,1289,5903,2639872,0.6488832235336304,0.3489476338028908,6440,0.21875,-17.628494834899904,0.0003,0.014871158,0.2,0.9995853304862976,-0.010557875805534422,0.10104036331176758,891.8841552734375,931.04
447,1290,5908,2641920,0.6482275724411011,0.29331679493188856,6445,0.35791015625,-17.61526870727539,0.0003,0.023725303,0.2,0.999609112739563,0.00582793316571042,0.13196000456809998,890.252197265625,931.04
447,1291,5913,2643968,0.6480394005775452,0.2195318091660738,6450,0.2466796875,-17.604518795013426,0.0003,0.013923509,0.2,0.9997308254241943,-0.005929163610562682,0.060087259858846664,888.5008544921875,925.56
447,1292,5918,2646016,0.6477546095848083,146.34473304748536,6455,0.2876953125,-17.59617338180542,0.0003,0.036275636,0.2,0.6295217871665955,-0.004364101646933705,36.02971649169922,883.4632568359375,925.56
447,1293,5923,2648064,0.6473829746246338,0.8000322759151459,6460,0.11826171875,-17.58899736404419,0.0003,0.010600603,0.2,0.996293306350708,-0.009158236463554204,0.14389419555664062,880.9454956054688,925.56
447,1294,5927,2650112,0.6469305753707886,0.6903329387307167,6465,0.1599609375,-17.575797748565673,0.0003,0.014432408,0.2,0.9990391135215759,-0.007845321216154843,0.3327367901802063,884.3817138671875,925.56
446,1295,5933,2652160,0.6469412446022034,0.5416690148413181,6470,0.13154296875,-17.5708215713501,0.0003,0.015619327,0.2,0.9995117783546448,-0.00899717421270907,0.3451441526412964,894.7619018554688,925.56
446,1296,5937,2654208,0.6464087963104248,0.3860031932592392,6475,0.1837890625,-17.567070388793944,0.0003,0.01468282,0.2,0.9991950988769531,-0.009231850388459861,0.15249863266944885,894.5632934570312,925.56
447,1297,5942,2656256,0.6452191472053528,0.2585066303610802,6480,0.22412109375,-17.542186546325684,0.0003,0.01997704,0.2,0.998900294303894,-0.00955736953765154,0.07575021684169769,892.002685546875,925.56
447,1298,5946,2658304,0.6444270610809326,0.23022618256509303,6485,0.31982421875,-17.51050748825073,0.0003,0.022019465,0.2,0.9994823932647705,-0.00021272720769047738,0.049714215099811554,891.4937744140625,925.56
446,1299,5952,2660352,0.6441423892974854,0.13246129751205443,6490,0.3158203125,-17.496723937988282,0.0003,0.068351924,0.2,0.9996088743209839,-0.000632392114493996,0.10791021585464478,877.6849365234375,921.95
446,1300,5956,2662400,0.6441662311553955,31.500925254821777,6495,0.4267578125,-17.494132709503173,0.0003,0.10700327,0.2,0.9276182651519775,-0.007526176213286817,23.979604721069336,877.6849365234375,921.95
446,1301,5960,2664448,0.6442164182662964,0.3240647666156292,6500,0.17890625,-17.495515060424804,0.0003,0.014656792,0.2,0.9992073178291321,-0.013495683786459267,0.0935223177075386,878.2952880859375,918.47
446,1302,5965,2666496,0.6442339420318604,80.16038656234741,6505,0.23427734375,-17.495954608917238,0.0003,0.037584618,0.2,0.7294043302536011,-0.008151117200031876,32.32345962524414,882.1143798828125,918.47
446,1303,5970,2668544,0.6440915465354919,0.4688922941684723,6510,0.1765625,-17.494649410247803,0.0003,0.016054198,0.2,0.9975622892379761,-0.011094121006317436,0.1299312859773636,875.2904052734375,918.47
446,1304,5975,2670592,0.6441042423248291,0.3197496749460697,6515,0.270703125,-17.491629314422607,0.0003,0.024438001,0.2,0.9982557892799377,-0.012521644867956639,0.11776656657457352,870.4652099609375,917.05
446,1305,5979,2672640,0.6441907286643982,26.333799648284913,6520,0.3798828125,-17.495313835144042,0.0003,0.065028146,0.2,0.9216896891593933,-0.00875972635112703,10.089964866638184,870.4652099609375,917.05
446,1306,5984,2674688,0.6442692279815674,0.33377996608614924,6525,0.18515625,-17.495490932464598,0.0003,0.023892472,0.2,0.998856782913208,-0.004786006454378366,0.05594461411237717,874.523681640625,917.05
446,1307,5989,2676736,0.6449616551399231,0.15145270973443986,6530,0.32880859375,-17.505895614624023,0.0003,0.024409484,0.2,0.9995195865631104,-0.005529226688668132,0.0454898402094841,872.2019653320312,917.05
446,1308,5994,2678784,0.6451486349105835,0.2342487797141075,6535,0.30078125,-17.520458221435547,0.0003,0.031478904,0.2,0.9994401335716248,-0.0012496351031586529,0.0689162164926529,867.8880615234375,917.05
446,1309,5998,2680832,0.6450005173683167,0.14411473274230957,6540,0.37802734375,-17.516928577423094,0.0003,0.03532763,0.2,0.9997221231460571,-0.0017523651709780096,0.058349281549453735,867.8880615234375,917.05
446,1310,6002,2682880,0.6454013586044312,0.24546622820198535,6545,0.40517578125,-17.51930112838745,0.0003,0.031076627,0.2,0.9995987415313721,0.00942224794998765,0.21547645330429077,871.3646240234375,922.83
446,1311,6007,2684928,0.6455647349357605,0.27525884136557577,6550,0.2921875,-17.52742919921875,0.0003,0.024200562,0.2,0.9991312623023987,0.0006279460154473782,0.1824403554201126,876.1674194335938,926.47
446,1312,6012,2686976,0.645673394203186,0.27133428752422334,6555,0.22197265625,-17.531004905700684,0.0003,0.017396724,0.2,0.9991529583930969,-0.008650335180573166,0.05348840728402138,879.9291381835938,926.47
446,1313,6016,2689024,0.6466398239135742,0.07718086130917072,6560,0.34990234375,-17.54187755584717,0.0003,0.03010321,0.2,0.9997237324714661,-0.008414494362659753,0.006925700232386589,879.9291381835938,926.47
446,1314,6021,2691072,0.6466610431671143,0.09521847274154424,6565,0.44208984375,-17.555856800079347,0.0003,0.030258562,0.2,0.9998762607574463,0.00685267704539001,0.0775100365281105,872.8973388671875,923.85
446,1315,6026,2693120,0.6464822292327881,106.4146921157837,6570,0.33896484375,-17.551428508758544,0.0003,0.038422137,0.2,0.8229497075080872,-0.0012260171992238612,64.38650512695312,877.6492309570312,923.85
446,1316,6030,2695168,0.64662766456604,0.7697318851947784,6575,0.1330078125,-17.550363540649414,0.0003,0.015122978,0.2,0.9971972703933716,-0.0065897726221010085,0.1259731501340866,874.3297119140625,923.85
446,1317,6034,2697216,0.6467602252960205,0.2833478536456823,6580,0.12021484375,-17.555696773529053,0.0003,0.014080542,0.2,0.9991515874862671,-0.00989640832412988,0.06110823154449463,871.4685668945312,919.59
446,1318,6040,2699264,0.6468272805213928,94.41469268798828,6585,0.14228515625,-17.55704517364502,0.0003,0.019748861,0.2,0.7951749563217163,-0.007675895816646516,59.29070281982422,874.5501708984375,924.17
446,1319,6044,2701312,0.6470041871070862,29.799071979522704,6590,0.19814453125,-17.561119174957277,0.0003,0.026210293,0.2,0.9300482273101807,-0.008932911953888834,14.978263854980469,874.5501708984375,924.17
446,1320,6048,2703360,0.646908164024353,0.4200260519981384,6595,0.13251953125,-17.563201713562012,0.0003,0.016367164,0.2,0.9981802105903625,-0.00946393609046936,0.11814060062170029,878.80859375,926.58
446,1321,6053,2705408,0.6469701528549194,0.25157262682914733,6600,0.22109375,-17.559794330596922,0.0003,0.022682793,0.2,0.9995860457420349,-0.008247169014066458,0.08179456740617752,881.8060302734375,930.33
446,1322,6058,2707456,0.6473162174224854,28.02866988182068,6605,0.2888671875,-17.564742755889892,0.0003,0.040853225,0.2,0.9004179239273071,-0.011157746566459537,9.182599067687988,882.8800659179688,936.76
446,1323,6062,2709504,0.6474229693412781,38.14005818367004,6610,0.12119140625,-17.57080078125,0.0003,0.017357545,0.2,0.9060309529304504,-0.009047576552256941,25.82249641418457,882.8800659179688,936.76
446,1324,6066,2711552,0.6472298502922058,0.35232771262526513,6615,0.1572265625,-17.5697642326355,0.0003,0.016435036,0.2,0.9988082051277161,-0.011110031837597489,0.059632558375597,883.3050537109375,938.04
446,1325,6071,2713600,0.6470879912376404,0.19435350149869918,6620,0.1833984375,-17.564182853698732,0.0003,0.014636973,0.2,0.9996628761291504,-0.010293455875944347,0.028900444507598877,891.2027587890625,943.11
446,1326,6076,2715648,0.6468864679336548,0.4856972508132458,6625,0.29296875,-17.559745502471923,0.0003,0.03157579,0.2,0.9993911385536194,0.0018321861745789648,0.12400513887405396,892.5445556640625,950.14
446,1327,6081,2717696,0.646209716796875,0.24974438771605492,6630,0.22060546875,-17.54995403289795,0.0003,0.025180973,0.2,0.9989545345306396,-0.009103056835010647,0.12354718148708344,892.5445556640625,950.14
446,1328,6085,2719744,0.6458462476730347,0.12952560745179653,6635,0.14111328125,-17.532885932922362,0.0003,0.014952244,0.2,0.9996232986450195,-0.00695197016466409,0.06653082370758057,893.5240478515625,954.26
446,1329,6090,2721792,0.645611584186554,0.12268309779465199,6640,0.1611328125,-17.526694202423094,0.0003,0.015477378,0.2,0.999406635761261,-0.009147080476395786,0.03498523682355881,898.1220092773438,959.99
446,1330,6095,2723840,0.645149290561676,0.13498941250145435,6645,0.30078125,-17.513821411132813,0.0003,0.038270883,0.2,0.9994567036628723,-0.004868282820098102,0.11021657288074493,903.9412231445312,968.07
446,1331,6099,2725888,0.6454788446426392,0.14989366009831429,6650,0.25751953125,-17.511881256103514,0.0003,0.017420404,0.2,0.9996217489242554,-0.004246414336375892,0.0641910582780838,903.9412231445312,968.07
446,1332,6104,2727936,0.6447523236274719,0.06935089565813542,6655,0.184375,-17.50887050628662,0.0003,0.014444854,0.2,0.9998897910118103,-0.013943686988204718,0.02012554556131363,908.1680297851562,966.29
446,1333,6110,2729984,0.6443132162094116,50.64181561470032,6660,0.23505859375,-17.48617582321167,0.0003,0.024751969,0.2,0.9106273055076599,-0.0043628646293655034,34.768096923828125,900.9558715820312,965.55
446,1334,6115,2732032,0.644515872001648,32.53200387954712,6665,0.211328125,-17.482935237884522,0.0003,0.029972505,0.2,0.9424231052398682,-0.009129408141598105,16.90713882446289,901.0078125,960.38
446,1335,6120,2734080,0.644634485244751,22.600015306472777,6670,0.2689453125,-17.487677669525148,0.0003,0.032353338,0.2,0.9392992854118347,-0.009527837671339513,8.782840728759766,901.0078125,960.38
446,1336,6125,2736128,0.6445938944816589,0.2198049619793892,6675,0.1548828125,-17.487952709197998,0.0003,0.01763975,0.2,0.9995456337928772,-0.013256417633965612,0.026837646961212158,901.4575805664062,957.39
446,1337,6130,2738176,0.6443917751312256,38.40796036720276,6680,0.294921875,-17.48284978866577,0.0003,0.03508153,0.2,0.9092936515808105,-0.005195820005610585,18.80664825439453,900.9368896484375,962.87
446,1338,6134,2740224,0.6443538665771484,0.2450627140700817,6685,0.20322265625,-17.479019165039062,0.0003,0.02367275,0.2,0.9990926384925842,-0.008426190749742091,0.05689634382724762,899.9759521484375,962.87
446,1339,6138,2742272,0.6442005038261414,0.18805537447333337,6690,0.20087890625,-17.476023864746093,0.0003,0.017399197,0.2,0.9995527267456055,-0.009745562868192791,0.08478372544050217,899.9759521484375,962.87
446,1340,6143,2744320,0.643052339553833,0.10252297390252352,6695,0.34150390625,-17.456913661956786,0.0003,0.022891233,0.2,0.999774158000946,-0.001679908251389861,0.03297699987888336,902.1889038085938,962.87
446,1341,6149,2746368,0.642782986164093,0.23331046253442764,6700,0.305078125,-17.43374547958374,0.0003,0.03756893,0.2,0.9985820651054382,-0.004059175617294386,0.07796970009803772,894.728271484375,962.87
446,1342,6153,2748416,0.6421191096305847,0.13764038383960725,6705,0.2595703125,-17.427355003356933,0.0003,0.028240733,0.2,0.9989599585533142,-0.009857847262173891,0.046244412660598755,894.728271484375,962.87
446,1343,6157,2750464,0.6414607167243958,0.1081600807607174,6710,0.30791015625,-17.404332160949707,0.0003,0.021560954,0.2,0.9993075132369995,-0.00234549226006493,0.03974476084113121,890.295166015625,962.87
446,1344,6162,2752512,0.6411559581756592,0.061920317448675634,6715,0.23486328125,-17.391238021850587,0.0003,0.015405536,0.2,0.9998072981834412,-0.010583834862336517,0.022576116025447845,896.935546875,962.87
446,1345,6167,2754560,0.6409912109375,0.1674382694065571,6720,0.3888671875,-17.384046649932863,0.0003,0.18895495,0.2,0.9996812343597412,0.03735427756328136,0.18654434382915497,904.9453735351562,961.37
446,1346,6171,2756608,0.6410825252532959,56.22124671936035,6725,0.3103515625,-17.38114938735962,0.0003,0.041076377,0.2,0.893571674823761,-0.004884253838099539,27.204181671142578,904.9453735351562,961.37
446,1347,6176,2758656,0.641165018081665,0.3858208552002907,6730,0.18515625,-17.38488531112671,0.0003,0.0212824,0.2,0.9984800219535828,-0.01173699505161494,0.1449526846408844,904.8702392578125,963.66
446,1348,6181,2760704,0.6410706639289856,31.63167142868042,6735,0.28125,-17.384813022613525,0.0003,0.036645338,0.2,0.9506081342697144,-0.005033828981686384,18.902055740356445,900.7810668945312,967.14
446,1349,6186,2762752,0.6406738758087158,0.30557311326265335,6740,0.1953125,-17.37898540496826,0.0003,0.015224554,0.2,0.9996457695960999,-0.011794147407636046,0.09267303347587585,909.2454833984375,967.14
446,1350,6190,2764800,0.6402285695075989,0.2042420655488968,6745,0.21494140625,-17.365858173370363,0.0003,0.020036317,0.2,0.9995831251144409,-0.01080428435234353,0.079837366938591,909.2454833984375,967.14
446,1351,6195,2766848,0.6401684284210205,0.11173232831060886,6750,0.217578125,-17.358217334747316,0.0003,0.022952344,0.2,0.9996811151504517,-0.010627415403723717,0.02547132968902588,905.5401000976562,967.14
446,1352,6200,2768896,0.6400096416473389,0.11962383091449738,6755,0.2388671875,-17.354709911346436,0.0003,0.020160465,0.2,0.999769389629364,-0.009895053808577359,0.026703642681241035,909.3524169921875,968.56
446,1353,6204,2770944,0.6396677494049072,0.11622855849564076,6760,0.24150390625,-17.345530700683593,0.0003,0.021260891,0.2,0.9996699094772339,-0.012927824771031738,0.04840487241744995,909.8853759765625,968.44
446,1354,6209,2772992,0.6396254301071167,76.28981189727783,6765,0.16416015625,-17.3409987449646,0.0003,0.02306655,0.2,0.8205462098121643,-0.005285468511283397,19.607357025146484,907.6861572265625,963.16
446,1355,6213,2775040,0.6397699117660522,77.81389503479004,6770,0.1478515625,-17.342327213287355,0.0003,0.02276431,0.2,0.8142679333686829,-0.009154747554566712,30.616024017333984,907.6861572265625,963.16
446,1356,6218,2777088,0.6398544907569885,0.6612921059131622,6775,0.11865234375,-17.346057415008545,0.0003,0.015257506,0.2,0.9967281222343445,-0.00938903638161719,0.1705743968486786,914.61865234375,963.16
446,1357,6223,2779136,0.6396486759185791,0.4693316422402859,6780,0.2091796875,-17.343865489959718,0.0003,0.017799694,0.2,0.9992989897727966,-0.008714029775001108,0.16878573596477509,918.1264038085938,963.16
446,1358,6227,2781184,0.6393581628799438,0.25564559176564217,6785,0.2724609375,-17.33704833984375,0.0003,0.033394065,0.2,0.9990310072898865,0.004007744486443698,0.08624061197042465,925.6307983398438,963.16
446,1359,6231,2783232,0.6390658617019653,0.2605192825198174,6790,0.241015625,-17.32925672531128,0.0003,0.017549155,0.2,0.9994193911552429,-0.005482640909031033,0.11709287017583847,925.6307983398438,963.16
446,1360,6237,2785280,0.6386758089065552,0.13722410686314107,6795,0.2078125,-17.317377185821535,0.0003,0.021520242,0.2,0.9982585310935974,-0.007997671596240253,0.037138983607292175,923.037353515625,966.5
446,1361,6242,2787328,0.6376758217811584,0.12661474980413914,6800,0.27431640625,-17.29902238845825,0.0003,0.038619075,0.2,0.9993818998336792,0.0016715468256734312,0.03468559309840202,927.042724609375,969.25
446,1362,6247,2789376,0.6366198062896729,0.15428339280188083,6805,0.3421875,-17.265852642059325,0.0003,0.028725231,0.2,0.9996943473815918,-0.003657333832234144,0.13185393810272217,924.6068115234375,971.04
446,1363,6251,2791424,0.636182427406311,0.14746834225952626,6810,0.21884765625,-17.241902828216553,0.0003,0.014074974,0.2,0.9995756149291992,-0.011556647554971277,0.02057093009352684,924.6068115234375,971.04
446,1364,6256,2793472,0.6358060836791992,0.1310790814459324,6815,0.22041015625,-17.2316876411438,0.0003,0.015404154,0.2,0.9997273087501526,-0.006414532149210572,0.019880905747413635,926.09130859375,973.17
446,1365,6261,2795520,0.6357091069221497,0.1563093151897192,6820,0.19951171875,-17.223447799682617,0.0003,0.015742924,0.2,0.9995772838592529,-0.006477470905520022,0.08806562423706055,940.9935913085938,976.81
446,1366,6265,2797568,0.6356255412101746,0.16463256776332855,6825,0.1900390625,-17.22046642303467,0.0003,0.016803307,0.2,0.9995927214622498,-0.011900899081956596,0.03437664359807968,938.44677734375,976.81
446,1367,6270,2799616,0.6357163190841675,0.09974357485771179,6830,0.23330078125,-17.220718574523925,0.0003,0.020825744,0.2,0.9997743964195251,-0.010665319068357349,0.06390812993049622,933.3858642578125,972.48
446,1368,6275,2801664,0.635695219039917,26.091843605041504,6835,0.3212890625,-17.222448348999023,0.0003,0.039083034,0.2,0.9344548583030701,-0.009212904307059944,7.806565284729004,941.9639282226562,976.63
446,1369,6279,2803712,0.6358060240745544,0.3009966179728508,6840,0.17138671875,-17.22435531616211,0.0003,0.011028455,0.2,0.9992883801460266,-0.009355668048374354,0.09904518723487854,940.587890625,973.64
446,1370,6284,2805760,0.635908842086792,38.49915862083435,6845,0.19951171875,-17.227133655548094,0.0003,0.02831359,0.2,0.8736087083816528,-0.010497737699188292,17.928447723388672,942.6231079101562,973.64
446,1371,6288,2807808,0.6356775760650635,0.2870360292494297,6850,0.1455078125,-17.225846004486083,0.0003,0.015095894,0.2,0.9989396929740906,-0.011560447211377323,0.0332045778632164,946.1565551757812,973.64
446,1372,6294,2809856,0.6354231238365173,0.22311825454235076,6855,0.2025390625,-17.217505264282227,0.0003,0.019847892,0.2,0.9993208646774292,-0.009320219932124018,0.04022285342216492,947.394287109375,973.64
446,1373,6299,2811904,0.6349914073944092,0.14850781932473184,6860,0.2720703125,-17.207891750335694,0.0003,0.02420256,0.2,0.9986221790313721,-0.014095658459700644,0.048613470047712326,943.2002563476562,973.64
446,1374,6303,2813952,0.6353909373283386,0.12866433784365655,6865,0.2876953125,-17.205334091186522,0.0003,0.034585886,0.2,0.999177098274231,-0.0005219383747316897,0.056622568517923355,941.4224243164062,973.64
446,1375,6308,2816000,0.635094165802002,0.08158586341887712,6870,0.31689453125,-17.211928176879884,0.0003,0.028787203,0.2,0.9996238946914673,-0.00010048055555671454,0.024246253073215485,938.201904296875,971.86
446,1376,6313,2818048,0.6351239681243896,30.8867888212204,6875,0.4,-17.201667022705077,0.0003,0.049548734,0.2,0.8581697940826416,-0.004584032390266657,4.429544448852539,935.10400390625,970.07
446,1377,6318,2820096,0.6352888941764832,51.67236204147339,6880,0.13115234375,-17.206071758270262,0.0003,0.019103838,0.2,0.8460994362831116,-0.008487399644218385,32.31155014038086,934.9964599609375,970.07
446,1378,6322,2822144,0.635240912437439,0.35584489852190015,6885,0.14775390625,-17.20839195251465,0.0003,0.012987623,0.2,0.9973872303962708,-0.011214891728013755,0.10137652605772018,933.7821655273438,970.07
446,1379,6327,2824192,0.6347318887710571,0.10560964494943618,6890,0.223046875,-17.200575351715088,0.0003,0.019763388,0.2,0.9996142387390137,-0.012153040082193912,0.022715846076607704,937.045166015625,971.85
446,1380,6332,2826240,0.6343614459037781,0.11766590140759944,6895,0.27626953125,-17.184699726104736,0.0003,0.02790962,0.2,0.9995983242988586,-0.004443103680387139,0.052687130868434906,937.3978271484375,972.59
446,1381,6337,2828288,0.633928656578064,0.1412033185362816,6900,0.32470703125,-17.17305221557617,0.0003,0.018460885,0.2,0.9998007416725159,0.004864512721542269,0.06303928792476654,934.783447265625,972.94
446,1382,6341,2830336,0.6336146593093872,66.07413539886474,6905,0.26826171875,-17.159203147888185,0.0003,0.031556517,0.2,0.8716886043548584,-0.004307141236495227,22.675853729248047,931.966796875,968.49
446,1383,6346,2832384,0.6335184574127197,56.520537519454955,6910,0.12099609375,-17.155180168151855,0.0003,0.016300857,0.2,0.8941522240638733,-0.006623267056420445,10.385068893432617,932.23779296875,965.79
446,1384,6351,2834432,0.6335128545761108,197.24988136291503,6915,0.0130859375,-17.15363121032715,0.0003,0.005712855,0.2,0.6053271293640137,-0.003556947526521981,102.7996826171875,925.6031494140625,958.94
446,1385,6356,2836480,0.6335489749908447,54.29872207641601,6920,0.141796875,-17.15474452972412,0.0003,0.018431356,0.2,0.8809033036231995,-0.010493220016360282,41.09495544433594,917.1741943359375,947.86
446,1386,6360,2838528,0.6336238384246826,143.89213752746582,6925,0.0328125,-17.156532955169677,0.0003,0.0090680085,0.2,0.573454737663269,-0.005869570199865848,52.3882942199707,907.1408081054688,938.48
446,1387,6365,2840576,0.6336860060691833,74.36709442138672,6930,0.19833984375,-17.15912103652954,0.0003,0.023714611,0.2,0.6903535723686218,-0.011682793870568276,54.838626861572266,909.7832641601562,938.48
446,1388,6369,2842624,0.6336761116981506,1.264494027197361,6935,0.08701171875,-17.16011724472046,0.0003,0.010656508,0.2,0.996912956237793,-0.008228590269573033,0.22597701847553253,915.65478515625,938.48
446,1389,6375,2844672,0.6334230899810791,0.7315936625003815,6940,0.093359375,-17.157124042510986,0.0003,0.012959719,0.2,0.9985515475273132,-0.007927214878145605,0.18180707097053528,922.6793823242188,936.15
446,1390,6380,2846720,0.6333079934120178,63.72599534988403,6945,0.1240234375,-17.150071811676025,0.0003,0.018621992,0.2,0.8463560342788696,-0.008453441166784615,25.94953155517578,918.8711547851562,937.65
446,1391,6384,2848768,0.6332254409790039,0.9256986185908318,6950,0.16787109375,-17.148080253601073,0.0003,0.017304411,0.2,0.9952045679092407,-0.012562116468325257,0.19919449090957642,917.5543212890625,937.65
446,1392,6389,2850816,0.6331295371055603,0.49820212498307226,6955,0.2041015625,-17.145007133483887,0.0003,0.018331382,0.2,0.998674750328064,-0.006987331761047244,0.1343136876821518,921.8722534179688,937.65
446,1393,6393,2852864,0.6331988573074341,0.3965477705001831,6960,0.2447265625,-17.143899345397948,0.0003,0.026485534,0.2,0.9984208345413208,-0.010197220579721033,0.12366347014904022,925.9688110351562,938.54
446,1394,6398,2854912,0.6331441402435303,41.66012449264527,6965,0.5623046875,-17.143574714660645,0.0003,0.15788662,0.2,0.8405033349990845,0.010542975994758308,27.61125946044922,924.819091796875,938.54
446,1395,6402,2856960,0.6328502297401428,0.30150149539113047,6970,0.22734375,-17.140309715270995,0.0003,0.02873677,0.2,0.9990857839584351,-0.005801072134636343,0.09286032617092133,922.276611328125,938.54
446,1396,6407,2859008,0.6328890323638916,0.3067170359194279,6975,0.41396484375,-17.13709831237793,0.0003,0.07543022,0.2,0.9993531703948975,0.014893221925012768,0.09820050001144409,925.5792236328125,938.54
446,1397,6412,2861056,0.6328018307685852,0.2352161690592766,6980,0.2384765625,-17.135290336608886,0.0003,0.021453435,0.2,0.9989895224571228,-0.006940593768376857,0.0850491151213646,926.1614990234375,938.54
446,1398,6416,2863104,0.6328402161598206,0.3162360407412052,6985,0.2197265625,-17.134697818756102,0.0003,0.019075792,0.2,0.999299943447113,-0.0059436161536723375,0.09033164381980896,922.6595458984375,938.54
446,1399,6420,2865152,0.6325146555900574,0.2486333329230547,6990,0.294140625,-17.131939125061034,0.0003,0.058725305,0.2,0.9996170997619629,0.008055796998087316,0.17464911937713623,917.9907836914062,938.66
446,1400,6425,2867200,0.6324012875556946,0.19064518474042416,6995,0.16748046875,-17.124829292297363,0.0003,0.015260952,0.2,0.9992337822914124,-0.008153413981199264,0.029596388339996338,919.948486328125,941.32
446,1401,6430,2869248,0.6323140263557434,0.33379206657409666,7000,0.3490234375,-17.120880317687988,0.0003,0.023901753,0.2,0.9995769262313843,0.0061248175101354715,0.1455938071012497,930.0067138671875,943.94
446,1402,6435,2871296,0.6317570805549622,0.15590493530035018,7005,0.2361328125,-17.113270568847657,0.0003,0.032326378,0.2,0.9992649555206299,-0.007772652758285403,0.06725595146417618,924.29345703125,943.94
446,1403,6440,2873344,0.6312038898468018,0.14358510598540306,7010,0.267578125,-17.09404888153076,0.0003,0.037451208,0.2,0.9993345737457275,-0.006467024993617088,0.09183527529239655,919.0918579101562,943.94
446,1404,6445,2875392,0.6309916973114014,0.23522504605352879,7015,0.2841796875,-17.082159519195557,0.0003,0.019477468,0.2,0.9996299743652344,-0.009236083086580037,0.024520358070731163,906.7588500976562,943.94
446,1405,6450,2877440,0.6313691139221191,0.14483626633882524,7020,0.20732421875,-17.08305435180664,0.0003,0.01837916,0.2,0.9996123313903809,-0.009661275357939304,0.04620632156729698,909.433349609375,943.94
446,1406,6454,2879488,0.6310446262359619,0.11094458401203156,7025,0.21962890625,-17.089505195617676,0.0003,0.021564826,0.2,0.9996721744537354,-0.011294606956653297,0.017961207777261734,909.7616577148438,940.3
446,1407,6459,2881536,0.6306897401809692,31.137673330307006,7030,0.29921875,-17.075123691558836,0.0003,0.037845537,0.2,0.9071885943412781,-0.006641395483165979,28.064781188964844,910.7486572265625,940.3
446,1408,6463,2883584,0.6306528449058533,0.1341553658246994,7035,0.24052734375,-17.069679737091064,0.0003,0.013353331,0.2,0.999466598033905,-0.010850696137640625,0.03248939663171768,917.0303955078125,940.3
446,1409,6468,2885632,0.6301743388175964,0.13661770522594452,7040,0.279296875,-17.064535236358644,0.0003,0.023163617,0.2,0.9996099472045898,-0.011341453879140317,0.07253320515155792,921.1314086914062,940.3
446,1410,6473,2887680,0.629524290561676,0.17714978381991386,7045,0.24658203125,-17.048076915740968,0.0003,0.014235837,0.2,0.9995518326759338,-0.011937424170901068,0.05118464678525925,917.298828125,940.3
446,1411,6477,2889728,0.6297056078910828,0.14167002774775028,7050,0.3134765625,-17.03835802078247,0.0003,0.030453116,0.2,0.9997516870498657,-0.0031932250596582888,0.024462366476655006,912.9771728515625,940.3
446,1412,6482,2891776,0.6300212144851685,0.1829186763614416,7055,0.3107421875,-17.047368717193603,0.0003,0.023913544,0.2,0.9995962977409363,-0.0016770455986261368,0.07940316945314407,923.5916137695312,944.63
446,1413,6487,2893824,0.6300046443939209,0.19538393132388593,7060,0.30390625,-17.05068874359131,0.0003,0.025276154,0.2,0.9996443390846252,-0.0074180359952151775,0.09037692844867706,924.22216796875,944.63
446,1414,6491,2895872,0.6299803853034973,0.14354282692074777,7065,0.27255859375,-17.05012626647949,0.0003,0.0135953,0.2,0.9994542002677917,-0.006154594419058412,0.02843683958053589,922.5075073242188,944.63
446,1415,6495,2897920,0.6298957467079163,0.1055523557588458,7070,0.2279296875,-17.047636127471925,0.0003,0.02357882,0.2,0.9994996190071106,-0.008311340166255832,0.09828482568264008,924.1983642578125,944.63
446,1416,6500,2899968,0.6294600963592529,0.0973569992929697,7075,0.2076171875,-17.04100275039673,0.0003,0.017688915,0.2,0.999678373336792,-0.010724967578426003,0.017511460930109024,923.47216796875,947.35
446,1417,6505,2902016,0.6290085911750793,25.54590187072754,7080,0.371484375,-17.024556827545165,0.0003,0.041397218,0.2,0.9281633496284485,-0.005602123553398996,15.735908508300781,922.71337890625,947.35
446,1418,6510,2904064,0.6289182901382446,0.21284354627132415,7085,0.2953125,-17.016433334350587,0.0003,0.037429273,0.2,0.9990831017494202,-0.0005042175995185971,0.05914776027202606,920.630859375,942.43
446,1419,6515,2906112,0.6290467381477356,85.88308773040771,7090,0.3650390625,-17.01979570388794,0.0003,0.05270609,0.2,0.8438792824745178,0.003026318293996155,46.7359619140625,916.430908203125,938.68
446,1420,6519,2908160,0.6291863918304443,23.58345811367035,7095,0.290625,-17.023873329162598,0.0003,0.053497344,0.2,0.937894880771637,-0.003685192973352969,8.492732048034668,920.748046875,940.46
446,1421,6524,2910208,0.6291521191596985,0.5161206722259521,7100,0.1224609375,-17.025629138946535,0.0003,0.010489296,0.2,0.9990290999412537,-0.005529449792811647,0.12386970967054367,924.8566284179688,940.46
446,1422,6529,2912256,0.6293250322341919,0.21946356892585756,7105,0.1546875,-17.025957584381104,0.0003,0.013789125,0.2,0.9994831085205078,-0.007719096215441823,0.12212099879980087,927.71044921875,942.25
446,1423,6533,2914304,0.6292041540145874,0.2057226151227951,7110,0.237890625,-17.02855682373047,0.0003,0.01855199,0.2,0.9995067715644836,-0.009610669210087509,0.04600270837545395,925.208251953125,942.25
446,1424,6537,2916352,0.6293773055076599,0.26957050859928133,7115,0.1828125,-17.02677984237671,0.0003,0.017470324,0.2,0.9996723532676697,-0.009576727100647987,0.10379733145236969,929.5652465820312,942.25
446,1425,6542,2918400,0.6294854879379272,0.22696417309343814,7120,0.17265625,-17.032502746582033,0.0003,0.030207517,0.2,0.9997830390930176,-0.006155601679347455,0.061058443039655685,926.10009765625,942.25
446,1426,6547,2920448,0.629326343536377,0.13917029276490211,7125,0.30732421875,-17.028810024261475,0.0003,0.027167069,0.2,0.999800443649292,-0.00535470275208354,0.032914333045482635,923.4954833984375,942.25
446,1427,6551,2922496,0.6290478706359863,0.16979691796004773,7130,0.241796875,-17.024166107177734,0.0003,0.019708682,0.2,0.999734103679657,-0.010987514466978609,0.05241429805755615,923.9888916015625,946.32
446,1428,6555,2924544,0.6289469599723816,25.036874437332152,7135,0.29150390625,-17.018354415893555,0.0003,0.05866097,0.2,0.9657795429229736,-0.010102057759650052,11.204412460327148,929.5639038085938,946.32
446,1429,6560,2926592,0.6290246844291687,0.2157150238752365,7140,0.282421875,-17.018378257751465,0.0003,0.025092136,0.2,0.9994894862174988,-0.008207538141869008,0.06888993084430695,935.7162475585938,953.55
446,1430,6565,2928640,0.6289680004119873,0.17217711322009563,7145,0.24482421875,-17.018628883361817,0.0003,0.02177865,0.2,0.9996703267097473,-0.01116213106433861,0.05917949974536896,938.242431640625,956.46
446,1431,6570,2930688,0.6284973621368408,0.13912644609808922,7150,0.23173828125,-17.011867904663085,0.0003,0.022954617,0.2,0.9997010827064514,-0.006104125827550888,0.05181435868144035,942.240966796875,957.87
446,1432,6575,2932736,0.6278998255729675,0.1509019009768963,7155,0.2650390625,-16.995438289642333,0.0003,0.01397841,0.2,0.9997514486312866,-0.009141136286780238,0.023616008460521698,947.2140502929688,963.31
446,1433,6580,2934784,0.6274910569190979,0.09635545164346696,7160,0.26787109375,-16.98191919326782,0.0003,0.020868693,0.2,0.9998086094856262,-0.009646165568847209,0.01905856840312481,957.238037109375,974.39
445,1434,6584,2936832,0.6275414228439331,0.1031705554574728,7165,0.2640625,-16.97654447555542,0.0003,0.022206895,0.2,0.999790608882904,-0.009791515721008181,0.06119144335389137,973.9773559570312,983.77
446,1435,6589,2938880,0.6274271607398987,0.15151668414473535,7170,0.36689453125,-16.97593050003052,0.0003,0.026824314,0.2,0.9997155666351318,-0.002945464616641402,0.03366236016154289,971.5237426757812,983.77
446,1436,6593,2940928,0.6270091533660889,0.15707719512283802,7175,0.23134765625,-16.968816661834715,0.0003,0.027106738,0.2,0.9997197985649109,-0.008306107297539712,0.07549114525318146,972.6270141601562,983.77
445,1437,6598,2942976,0.6268855333328247,0.121315997838974,7180,0.23837890625,-16.958484840393066,0.0003,0.015533613,0.2,0.9996798038482666,-0.005538622965104878,0.05646037310361862,964.6299438476562,981.78
445,1438,6603,2945024,0.6269233822822571,26.709144616127013,7185,0.34140625,-16.956298351287842,0.0003,0.04225789,0.2,0.9437912702560425,-0.004920008988119662,17.823732376098633,971.8750610351562,981.78
446,1439,6607,2947072,0.6269114017486572,0.20871285870671272,7190,0.2064453125,-16.956387996673584,0.0003,0.015834842,0.2,0.9992796778678894,-0.01092130362521857,0.11465456336736679,971.8750610351562,981.78
446,1440,6612,2949120,0.6266674399375916,0.28541281800717117,7195,0.22646484375,-16.952219867706297,0.0003,0.028851323,0.2,0.9996069669723511,-0.004473464167676866,0.16263876855373383,970.167236328125,979.8
445,1441,6617,2951168,0.6265552043914795,47.391583347320555,7200,0.18583984375,-16.945518493652344,0.0003,0.02597694,0.2,0.9040429592132568,-0.0065611099009402095,22.91605567932129,971.2330322265625,980.23
445,1442,6621,2953216,0.6266676783561707,0.2661944545805454,7205,0.16513671875,-16.94518976211548,0.0003,0.011394341,0.2,0.9988601207733154,-0.00954356361180544,0.0754501223564148,968.9743041992188,980.23
445,1443,6626,2955264,0.6263457536697388,0.15903196334838868,7210,0.2099609375,-16.94262752532959,0.0003,0.020109285,0.2,0.9994834065437317,-0.011151283886283636,0.03337983787059784,968.9743041992188,980.23
445,1444,6630,2957312,0.6258337497711182,0.15139566846191882,7215,0.253515625,-16.927062702178954,0.0003,0.027828664,0.2,0.9996373653411865,-0.005573033494874835,0.035020533949136734,971.1934204101562,980.23
445,1445,6635,2959360,0.6253912448883057,0.09141858704388142,7220,0.22724609375,-16.911820030212404,0.0003,0.0199789,0.2,0.9997374415397644,-0.00481792725622654,0.027604229748249054,980.6074829101562,980.23
445,1446,6640,2961408,0.6257011890411377,0.11761140488088132,7225,0.251171875,-16.904812812805176,0.0003,0.019856539,0.2,0.999738872051239,-0.010395968309603631,0.06082412600517273,984.172119140625,980.23
445,1447,6645,2963456,0.6261481046676636,0.11829119250178337,7230,0.2677734375,-16.91424970626831,0.0003,0.028520618,0.2,0.9997491836547852,-0.006978644046466797,0.03525744378566742,984.172119140625,980.23
445,1448,6649,2965504,0.6262414455413818,0.2225839875638485,7235,0.375390625,-16.920703220367432,0.0003,0.0474529,0.2,0.9998968243598938,0.0144448276842013,0.07490672171115875,982.8023681640625,980.23
445,1449,6654,2967552,0.6261684894561768,0.12077837511897087,7240,0.26826171875,-16.919726276397704,0.0003,0.029277567,0.2,0.9998703002929688,-0.011275462503544987,0.031664036214351654,982.9932861328125,980.23
445,1450,6659,2969600,0.6259031891822815,0.14375722520053386,7245,0.2494140625,-16.91347951889038,0.0003,0.022599353,0.2,0.9995580315589905,-0.009165910992305727,0.023979805409908295,987.1094360351562,980.23
445,1451,6663,2971648,0.6259469389915466,0.07604713346809149,7250,0.3583984375,-16.909081745147706,0.0003,0.030827705,0.2,0.9994184970855713,-0.0037093221093527974,0.033818311989307404,987.4592895507812,980.23
445,1452,6668,2973696,0.625751793384552,0.10812892289832235,7255,0.2869140625,-16.90876293182373,0.0003,0.017175462,0.2,0.999865710735321,-0.005811667907983065,0.028920572251081467,981.2393798828125,975.36
445,1453,6673,2975744,0.6256635785102844,86.9869571685791,7260,0.1685546875,-16.90264539718628,0.0003,0.021650363,0.2,0.8388341069221497,-0.009561203350313009,58.84292984008789,975.4466552734375,972.61
445,1454,6678,2977792,0.6256987452507019,29.07030119895935,7265,0.24443359375,-16.902712440490724,0.0003,0.03696498,0.2,0.9415408372879028,-0.008928650245070457,16.183670043945312,977.2025756835938,971.34
445,1455,6682,2979840,0.6258418560028076,113.44701080322265,7270,0.11904296875,-16.9057448387146,0.0003,0.019235767,0.2,0.8094679117202759,-0.008777362015098333,55.75138473510742,972.6576538085938,965.89
445,1456,6687,2981888,0.6258188486099243,22.714680588245393,7275,0.07958984375,-16.9080379486084,0.0003,0.014542032,0.2,0.9471983313560486,-0.00420339812990278,10.162734985351562,965.5623168945312,965.79
445,1457,6691,2983936,0.6257320046424866,44.508552932739256,7280,0.09052734375,-16.90567226409912,0.0003,0.016317535,0.2,0.9126148223876953,-0.005705290078185499,9.91374397277832,965.5341186523438,964.47
445,1458,6696,2985984,0.6257367134094238,25.52241895198822,7285,0.17734375,-16.904915714263915,0.0003,0.02597753,0.2,0.9510858654975891,-0.006917374557815492,10.856446266174316,963.427001953125,962.64
445,1459,6701,2988032,0.6257796883583069,57.699510884284976,7290,0.1146484375,-16.90532808303833,0.0003,0.023708958,0.2,0.865292489528656,-0.00779375066049397,36.04346466064453,963.427001953125,962.64
445,1460,6706,2990080,0.6257961988449097,0.5987685546278954,7295,0.08896484375,-16.906432914733887,0.0003,0.01123012,0.2,0.9953399300575256,-0.009356808243319392,0.14869791269302368,959.6810913085938,962.64
445,1461,6711,2992128,0.6257263422012329,0.2567882098257542,7300,0.23095703125,-16.90559854507446,0.0003,0.023568612,0.2,0.9993417859077454,-0.009078682493418455,0.06005110591650009,955.5159912109375,962.64
445,1462,6716,2994176,0.625737726688385,0.2089196678251028,7305,0.23583984375,-16.904148483276366,0.0003,0.03533831,0.2,0.9993711709976196,-0.00818360973498784,0.12616191804409027,948.7842407226562,962.64
445,1463,6720,2996224,0.62577223777771,0.23760902807116507,7310,0.39208984375,-16.90330057144165,0.0003,0.02457441,0.2,0.9991621971130371,0.010490310448221862,0.09185878932476044,948.7842407226562,962.64
445,1464,6725,2998272,0.6256067752838135,0.12232160549610853,7315,0.29853515625,-16.90186462402344,0.0003,0.028379265,0.2,0.9996170401573181,-0.0033028194680809974,0.10559740662574768,952.8529663085938,963.05
445,1465,6730,3000320,0.6257174015045166,0.11283024791628123,7320,0.34619140625,-16.900194549560545,0.0003,0.021832984,0.2,0.9997518658638,0.010041316295973957,0.043590206652879715,952.7139892578125,967.31
445,1466,6735,3002368,0.6257436871528625,0.2533565483987331,7325,0.29140625,-16.903877449035644,0.0003,0.02068909,0.2,0.9998204708099365,-0.008144415519200265,0.05356119945645332,957.3155517578125,971.72
445,1467,6739,3004416,0.6249921321868896,0.2644953738898039,7330,0.3744140625,-16.89446096420288,0.0003,0.079002686,0.2,0.9997850656509399,0.003658406320028007,0.09958381950855255,961.0165405273438,970.27
445,1468,6744,3006464,0.6247494220733643,82.36401128768921,7335,0.168359375,-16.878119659423827,0.0003,0.025775397,0.2,0.7841187715530396,-0.0063208571053110065,38.99494934082031,961.4949951171875,970.27
445,1469,6748,3008512,0.6246625781059265,0.39028864428400994,7340,0.1345703125,-16.87409677505493,0.0003,0.013760698,0.2,0.9975579977035522,-0.008959728060290217,0.07912866771221161,965.2997436523438,970.27
445,1470,6754,3010560,0.6245660781860352,0.16307780221104623,7345,0.24853515625,-16.871832656860352,0.0003,0.021668093,0.2,0.9995899796485901,-0.009485267964191735,0.03281518816947937,957.2027587890625,962.14
445,1471,6758,3012608,0.6244428157806396,58.70561056137085,7350,0.3091796875,-16.86939697265625,0.0003,0.04424231,0.2,0.9079700708389282,-0.0021311246789991857,32.92884826660156,957.2027587890625,962.14
445,1472,6762,3014656,0.6239585876464844,0.13162953592836857,7355,0.26318359375,-16.860876083374023,0.0003,0.024597107,0.2,0.999727725982666,-0.005201972019858658,0.02908608689904213,955.5570068359375,959.49
445,1473,6767,3016704,0.6235058903694153,25.324880409240723,7360,0.45712890625,-16.8416787147522,0.0003,0.07816258,0.2,0.9495095014572144,-0.0006710669142194093,14.296990394592285,955.5328369140625,959.49
445,1474,6772,3018752,0.6232091188430786,0.275442623347044,7365,0.196875,-16.833073997497557,0.0003,0.020565845,0.2,0.9991143941879272,-0.011628106748685241,0.09930414706468582,955.7916259765625,960.24
445,1475,6777,3020800,0.6230313777923584,0.4108244478702545,7370,0.24091796875,-16.82295141220093,0.0003,0.019903965,0.2,0.9993200302124023,-0.008552444446831942,0.0920543521642685,950.644287109375,960.24
445,1476,6781,3022848,0.6235163807868958,0.10561789479106665,7375,0.206640625,-16.825601196289064,0.0003,0.018943846,0.2,0.9997681975364685,-0.011256089515518397,0.025340747088193893,950.0418090820312,960.24
445,1477,6785,3024896,0.623097836971283,0.12412561625242233,7380,0.3875,-16.829941177368163,0.0003,0.059346423,0.2,0.9998264908790588,0.009980823402293027,0.1717456728219986,948.140869140625,960.24
445,1478,6791,3026944,0.6230759024620056,0.13677298240363597,7385,0.25,-16.817042732238768,0.0003,0.013872703,0.2,0.9998540282249451,0.0003677966771647334,0.05306369066238403,949.4978637695312,960.24
445,1479,6795,3028992,0.6228897571563721,0.18886411041021348,7390,0.28876953125,-16.816941452026366,0.0003,0.034555547,0.2,0.9995957612991333,-0.004250285809393972,0.08686316758394241,954.1741943359375,960.24
445,1480,6800,3031040,0.6225072741508484,0.12262518014758825,7395,0.29287109375,-16.80914945602417,0.0003,0.018559298,0.2,0.9998137354850769,-0.011330515472218394,0.04449167102575302,945.1101684570312,960.24
445,1481,6804,3033088,0.6222034096717834,0.1844401855021715,7400,0.3009765625,-16.798140144348146,0.0003,0.023262903,0.2,0.999323308467865,-0.005267501692287624,0.053614258766174316,939.7474975585938,960.24
445,1482,6809,3035136,0.6221128106117249,0.1755504636093974,7405,0.31650390625,-16.79092197418213,0.0003,0.0356319,0.2,0.9990837574005127,0.00216961792903021,0.04459773749113083,935.1663818359375,959.66
445,1483,6813,3037184,0.6222013831138611,74.83406028747558,7410,0.64462890625,-16.79181365966797,0.0003,0.33882967,0.2,0.5696550011634827,0.02708408092148602,55.22259521484375,931.015625,959.66
445,1484,6818,3039232,0.6218616962432861,0.5050415948033333,7415,0.147265625,-16.790457725524902,0.0003,0.01529217,0.2,0.9937054514884949,-0.007737384922802448,0.05051830783486366,924.5897827148438,959.66
445,1485,6822,3041280,0.6216521263122559,0.3195481225848198,7420,0.176171875,-16.77934322357178,0.0003,0.015745211,0.2,0.9978778958320618,-0.007230755183263682,0.07438243180513382,930.676025390625,963.98
445,1486,6827,3043328,0.6210958361625671,0.17771295830607414,7425,0.309375,-16.770257091522218,0.0003,0.022131417,0.2,0.9991816282272339,-0.001370984921231866,0.055977024137973785,924.9971313476562,963.98
445,1487,6832,3045376,0.620404839515686,0.17502896413207053,7430,0.47470703125,-16.751716327667236,0.0003,0.06448225,0.2,0.9980713725090027,0.02604859012644738,0.1100107878446579,926.8878784179688,965.96
445,1488,6837,3047424,0.6202477812767029,0.13452630043029784,7435,0.27294921875,-16.736618518829346,0.0003,0.018442947,0.2,0.9990792870521545,-0.002129989140667021,0.02253035269677639,917.9132690429688,962.81
445,1489,6842,3049472,0.6202059388160706,33.0346418261528,7440,0.29814453125,-16.736895656585695,0.0003,0.04267681,0.2,0.8725720047950745,-0.0070390182081609964,23.90500259399414,922.1478271484375,962.81
445,1490,6847,3051520,0.6199813485145569,0.13697753399610518,7445,0.17197265625,-16.734341430664063,0.0003,0.015357057,0.2,0.9987360835075378,-0.009860876435413956,0.02455493062734604,912.2329711914062,959.21
445,1491,6852,3053568,0.6197258830070496,42.027182245254515,7450,0.5810546875,-16.723970031738283,0.0003,0.1652964,0.2,0.918741762638092,0.009431673935614527,8.511402130126953,896.3618774414062,955.67
445,1492,6856,3055616,0.6198136210441589,43.737202644348145,7455,0.1603515625,-16.72207040786743,0.0003,0.028827984,0.2,0.9316700100898743,-0.009628868848085403,16.511688232421875,896.3618774414062,955.67
445,1493,6861,3057664,0.619645357131958,0.3770866848528385,7460,0.13203125,-16.72352018356323,0.0003,0.016183196,0.2,0.9992952942848206,-0.009482293738983572,0.0631970763206482,897.0888061523438,955.67
445,1494,6866,3059712,0.6193854808807373,0.15535505935549737,7465,0.23134765625,-16.715643692016602,0.0003,0.031817697,0.2,0.9997736811637878,-0.0032329255482181907,0.05997928977012634,909.6915893554688,955.67
445,1495,6871,3061760,0.6191360950469971,0.19450623840093612,7470,0.29013671875,-16.707245349884033,0.0003,0.027280185,0.2,0.9995118379592896,-0.007534884102642536,0.0895346999168396,891.5198364257812,944.94
445,1496,6875,3063808,0.6190846562385559,98.63242053985596,7475,0.1771484375,-16.700194549560546,0.0003,0.022527669,0.2,0.7931337356567383,-0.004446636233478784,53.44438552856445,891.5198364257812,944.94
445,1497,6879,3065856,0.6192300319671631,0.2975706845521927,7480,0.1427734375,-16.70088987350464,0.0003,0.011478158,0.2,0.9968393445014954,-0.0106850131531246,0.038638997822999954,893.991455078125,943.17
445,1498,6884,3067904,0.6192333102226257,25.79631353020668,7485,0.30498046875,-16.70153102874756,0.0003,0.045797907,0.2,0.9164978861808777,-0.005519111617468297,20.309839248657227,899.211181640625,946.62
445,1499,6889,3069952,0.6194350123405457,0.21853116229176522,7490,0.22666015625,-16.702175521850585,0.0003,0.022317143,0.2,0.9989514350891113,-0.012828926544170827,0.04485715925693512,898.8292236328125,949.66
445,1500,6893,3072000,0.6198179721832275,33.668316221237184,7495,0.20810546875,-16.711141777038574,0.0003,0.030611403,0.2,0.9278478622436523,-0.00780294060241431,30.137855529785156,898.3155517578125,949.66
445,1501,6898,3074048,0.6196648478507996,0.16754163727164267,7500,0.257421875,-16.71444435119629,0.0003,0.027058458,0.2,0.9995250105857849,-0.00821620945353061,0.0501948744058609,895.9248657226562,952.15
445,1502,6903,3076096,0.6192331314086914,0.1027491157874465,7505,0.270703125,-16.703984260559082,0.0003,0.033094753,0.2,0.9996413588523865,-0.0010150756279472262,0.020409828051924706,900.38720703125,960.02
445,1503,6908,3078144,0.6186614632606506,0.1213433664292097,7510,0.24970703125,-16.686884498596193,0.0003,0.016019898,0.2,0.9997897744178772,-0.010541162290610372,0.05222151428461075,903.84423828125,957.57
445,1504,6912,3080192,0.6185734272003174,83.33463439941406,7515,0.17177734375,-16.674845218658447,0.0003,0.017080711,0.2,0.807691216468811,-0.0019391214940696956,44.720497131347656,898.8585815429688,953.64
445,1505,6917,3082240,0.6185852289199829,41.265202736854555,7520,0.1744140625,-16.674204444885255,0.0003,0.024931548,0.2,0.8937233090400696,-0.0057577142957597974,12.074198722839355,888.670166015625,942.5
445,1506,6922,3084288,0.618607759475708,181.98135299682616,7525,0.0740234375,-16.673505592346192,0.0003,0.01072638,0.2,0.6691808700561523,-0.004183316882699728,102.38429260253906,882.0275268554688,936.13
445,1507,6927,3086336,0.6186560988426208,132.90516395568847,7530,0.04658203125,-16.675000286102296,0.0003,0.010188254,0.2,0.7720194458961487,-0.007582821766845882,50.840641021728516,873.9669799804688,927.31
445,1508,6931,3088384,0.6186245679855347,94.23178195953369,7535,0.1640625,-16.675538063049316,0.0003,0.027707832,0.2,0.8214926719665527,-0.011280377767980099,53.402671813964844,875.46630859375,927.31
445,1509,6935,3090432,0.6184057593345642,0.8105585321784019,7540,0.12353515625,-16.67249994277954,0.0003,0.013645597,0.2,0.9985262751579285,-0.007968856964726,0.22368183732032776,871.29052734375,927.31
445,1510,6940,3092480,0.6182898283004761,0.6990299165248871,7545,0.08779296875,-16.66701717376709,0.0003,0.013075366,0.2,0.9988855719566345,-0.006827864958904683,0.1689738631248474,882.947509765625,927.31
445,1511,6945,3094528,0.6181073784828186,0.5173279106616974,7550,0.11220703125,-16.663988494873045,0.0003,0.015626656,0.2,0.998556911945343,-0.009403616073541343,0.1771336942911148,874.3688354492188,922.71
445,1512,6950,3096576,0.618040919303894,94.71138496398926,7555,0.1025390625,-16.65880994796753,0.0003,0.015757335,0.2,0.6923685073852539,-0.006494797090999782,42.041404724121094,869.0546264648438,918.62
445,1513,6954,3098624,0.6180633306503296,46.12339816093445,7560,0.11953125,-16.658830642700195,0.0003,0.021623109,0.2,0.8542007207870483,-0.008884496660903097,29.764970779418945,865.97216796875,918.62
445,1514,6959,3100672,0.6178526282310486,0.49895017966628075,7565,0.0951171875,-16.657423400878905,0.0003,0.014489463,0.2,0.9986075758934021,-0.008293830289039761,0.08806683123111725,867.3402099609375,918.62
445,1515,6964,3102720,0.6175696849822998,0.42934791520237925,7570,0.22255859375,-16.64802751541138,0.0003,0.020200402,0.2,0.9994522333145142,-0.006497748917900026,0.11718981713056564,874.1314697265625,923.92
445,1516,6969,3104768,0.6172376275062561,0.3829980045557022,7575,0.15634765625,-16.63984661102295,0.0003,0.016265525,0.2,0.9990171194076538,-0.008588530163979157,0.14805486798286438,881.7740478515625,926.75
445,1517,6974,3106816,0.6167967319488525,0.2988195508718491,7580,0.19375,-16.627937221527098,0.0003,0.018106606,0.2,0.9995155930519104,-0.01041577577125281,0.08141770958900452,881.7015380859375,926.75
445,1518,6979,3108864,0.6165176033973694,0.1953131664544344,7585,0.1740234375,-16.618339824676514,0.0003,0.015773952,0.2,0.9992932677268982,-0.010758073371835052,0.06937817484140396,878.7945556640625,929.4
445,1519,6984,3110912,0.6164160370826721,0.2200465478003025,7590,0.18916015625,-16.612946891784667,0.0003,0.021699127,0.2,0.9995803236961365,-0.011294650903437287,0.0508820079267025,877.9691162109375,929.4
445,1520,6988,3112960,0.6164168119430542,0.2304878629744053,7595,0.278515625,-16.61048231124878,0.0003,0.022113618,0.2,0.9992544054985046,-0.012019730429165066,0.08632240444421768,878.305419921875,929.4
445,1521,6993,3115008,0.6166319847106934,0.12871103957295418,7600,0.21171875,-16.613313388824462,0.0003,0.017865518,0.2,0.9994820952415466,-0.01154884269926697,0.025848302990198135,885.18115234375,926.11
445,1522,6998,3117056,0.6167014837265015,124.16758155822754,7605,0.21923828125,-16.617924308776857,0.0003,0.030922841,0.2,0.637365460395813,-0.009617953468114138,28.719497680664062,890.4048461914062,923.01
445,1523,7002,3119104,0.6166348457336426,80.04384293556214,7610,0.0798828125,-16.616478061676027,0.0003,0.0131849805,0.2,0.6501893997192383,-0.007047697994858026,6.784196853637695,889.11279296875,923.01
445,1524,7007,3121152,0.6165816783905029,0.5066732183098793,7615,0.1625,-16.615120315551756,0.0003,0.014742011,0.2,0.997120201587677,-0.012523895502090454,0.13750778138637543,893.6196899414062,923.01
445,1525,7011,3123200,0.6162078976631165,0.30041028186678886,7620,0.28271484375,-16.609094429016114,0.0003,0.021257594,0.2,0.999444842338562,-0.003896887507289648,0.07321413606405258,898.828125,923.01
445,1526,7017,3125248,0.6159371733665466,0.27180265411734583,7625,0.20322265625,-16.59971876144409,0.0003,0.019549504,0.2,0.9994255900382996,-0.0071982282679528,0.10772119462490082,906.6682739257812,920.0
445,1527,7021,3127296,0.6159207820892334,33.690963172912596,7630,0.35439453125,-16.595110416412354,0.0003,0.049911983,0.2,0.9386845231056213,-0.008159509114921092,20.87689208984375,908.6885986328125,920.0
445,1528,7026,3129344,0.6153048872947693,0.2959301173686981,7635,0.2025390625,-16.588840293884278,0.0003,0.023359502,0.2,0.9990346431732178,-0.0067506632534787055,0.11511661112308502,908.6885986328125,920.0
445,1529,7031,3131392,0.6147968173027039,0.13877335824072362,7640,0.24443359375,-16.56552400588989,0.0003,0.017201405,0.2,0.999616265296936,-0.010593459894880652,-0.0004628114402294159,907.2268676757812,918.51
445,1530,7036,3133440,0.6146276593208313,26.531561756134032,7645,0.4583984375,-16.55318489074707,0.0003,0.07375531,0.2,0.9472163319587708,-0.004509584722109139,7.447046279907227,910.8884887695312,918.06
445,1531,7041,3135488,0.6146001219749451,66.07575216293336,7650,0.139453125,-16.54971170425415,0.0003,0.020462997,0.2,0.8578789830207825,-0.007999704033136368,29.20400619506836,909.5919799804688,918.06
445,1532,7045,3137536,0.6146504282951355,0.38683846071362493,7655,0.11318359375,-16.549309635162352,0.0003,0.011898348,0.2,0.9985494613647461,-0.009437748813070357,0.12882043421268463,912.4525756835938,918.06
445,1533,7051,3139584,0.614643394947052,0.24609816670417786,7660,0.12841796875,-16.550119400024414,0.0003,0.014073256,0.2,0.9996542930603027,-0.011362523445859552,0.081032894551754,904.2089233398438,915.2
445,1534,7056,3141632,0.6146395206451416,100.57767467498779,7665,0.184375,-16.549261379241944,0.0003,0.026158389,0.2,0.7981724739074707,-0.007325257011689246,54.31658935546875,908.1541137695312,915.2
445,1535,7060,3143680,0.6145660877227783,0.983256196975708,7670,0.09677734375,-16.54864921569824,0.0003,0.011538891,0.2,0.995820164680481,-0.00913626664550975,0.19619296491146088,908.1541137695312,915.2
445,1536,7064,3145728,0.6144096255302429,0.3239757649600506,7675,0.22333984375,-16.544595146179198,0.0003,0.048370235,0.2,0.9993453025817871,-0.003093402297236025,0.0687047615647316,911.7305297851562,918.8
445,1537,7070,3147776,0.6143438816070557,0.25668809972703455,7680,0.33828125,-16.53940839767456,0.0003,0.018337592,0.2,0.9996041655540466,0.0060087641817517575,0.07422292977571487,920.6090087890625,922.34
445,1538,7074,3149824,0.6142957210540771,0.3081395268440247,7685,0.1943359375,-16.536782646179198,0.0003,0.013871102,0.2,0.9992015361785889,-0.007649380038492382,0.08537595719099045,918.4302368164062,922.34
445,1539,7078,3151872,0.6144662499427795,0.19130046293139458,7690,0.24140625,-16.537261295318604,0.0003,0.022992207,0.2,0.9996282458305359,-0.010682851006276906,0.043190207332372665,918.4302368164062,922.34
445,1540,7083,3153920,0.613949716091156,0.1745137616991997,7695,0.33251953125,-16.534290885925294,0.0003,0.044760786,0.2,0.9998204112052917,-0.0009486238937824965,0.07071368396282196,915.5343627929688,922.34
445,1541,7088,3155968,0.613842248916626,0.13139281701296568,7700,0.17607421875,-16.520449924468995,0.0003,0.014981899,0.2,0.9998325109481812,-0.01088099372573197,0.035070326179265976,927.615478515625,931.87
445,1542,7093,3158016,0.6138712167739868,32.935673809051515,7705,0.16865234375,-16.52167863845825,0.0003,0.02037876,0.2,0.9477903842926025,-0.006140309548936784,11.7741060256958,924.5814208984375,931.87
445,1543,7097,3160064,0.6136645078659058,0.23082575798034669,7710,0.15595703125,-16.52072172164917,0.0003,0.017736647,0.2,0.9991586208343506,-0.010454105888493359,0.03634755313396454,924.5814208984375,931.87
445,1544,7102,3162112,0.6135856509208679,0.143016405031085,7715,0.22685546875,-16.514484214782716,0.0003,0.014938892,0.2,0.9995523691177368,-0.005795113474596292,0.023126058280467987,925.668701171875,931.87
445,1545,7108,3164160,0.6131784915924072,0.10901444330811501,7720,0.25537109375,-16.510965824127197,0.0003,0.018073637,0.2,0.999844491481781,-0.011731051257811487,0.02271755039691925,923.3350830078125,933.0
445,1546,7112,3166208,0.6132475137710571,0.41520015746355055,7725,0.4982421875,-16.50397081375122,0.0003,0.0731305,0.2,0.9993749856948853,0.01917638082522899,0.19855567812919617,924.4180297851562,933.0
445,1547,7116,3168256,0.6129472255706787,0.10045169964432717,7730,0.39443359375,-16.499551868438722,0.0003,0.028305523,0.2,0.9997429847717285,-0.00016974553000181913,0.01915471814572811,924.4180297851562,933.0
445,1548,7121,3170304,0.6127522587776184,0.05638544205576181,7735,0.23017578125,-16.493118000030517,0.0003,0.020412069,0.2,0.9998611807823181,-0.01136814383789897,0.022490866482257843,930.8842163085938,935.12
445,1549,7126,3172352,0.6125104427337646,42.6633734703064,7740,0.32294921875,-16.484942722320557,0.0003,0.04618707,0.2,0.9064266085624695,-0.008151729963719845,35.925262451171875,928.2561645507812,934.55
445,1550,7131,3174400,0.6124406456947327,46.85369539260864,7745,0.06005859375,-16.48057508468628,0.0003,0.011563653,0.2,0.8982236385345459,-0.00719295151066035,17.516950607299805,937.3233642578125,940.31
445,1551,7136,3176448,0.6123096942901611,0.5417622573673725,7750,0.115625,-16.478610515594482,0.0003,0.016239898,0.2,0.9962133169174194,-0.009228849492501467,0.10404862463474274,935.74462890625,940.82
445,1552,7140,3178496,0.6122557520866394,100.24589767456055,7755,0.13349609375,-16.474344062805176,0.0003,0.020257263,0.2,0.6723235845565796,-0.006813694955781102,74.74900817871094,943.8524780273438,945.26
445,1553,7145,3180544,0.6120514869689941,1.087001097202301,7760,0.11279296875,-16.471932792663573,0.0003,0.0161735,0.2,0.9884352684020996,-0.009803858236409724,0.17517507076263428,948.3770141601562,951.63
445,1554,7150,3182592,0.6113464832305908,0.25665593445301055,7765,0.17998046875,-16.459559631347656,0.0003,0.018082744,0.2,0.9975563287734985,-0.008325876947492362,0.10658679157495499,953.5413818359375,960.45
445,1555,7154,3184640,0.6107425689697266,0.10715417843312025,7770,0.22138671875,-16.435987281799317,0.0003,0.024026372,0.2,0.9987123012542725,-0.009374636341817677,0.035387635231018066,954.2449951171875,960.45
445,1556,7159,3186688,0.6104475855827332,0.1430912919342518,7775,0.309375,-16.421584701538087,0.0003,0.020878607,0.2,0.9987602829933167,-0.0038856441620737313,0.0386931449174881,951.1074829101562,960.45
445,1557,7164,3188736,0.609897792339325,0.11258191652595997,7780,0.25712890625,-16.40973606109619,0.0003,0.022117946,0.2,0.999008059501648,-0.007240814995020628,0.06420685350894928,941.2993774414062,960.45
445,1558,7169,3190784,0.609757661819458,0.12180110700428486,7785,0.51298828125,-16.39247989654541,0.0003,0.04415433,0.2,0.998332142829895,0.02523811731953174,0.08164165914058685,945.803466796875,962.89
445,1559,7174,3192832,0.6099684834480286,0.19569216594099997,7790,0.39345703125,-16.393979454040526,0.0003,0.05600652,0.2,0.9990224242210388,0.004008239391259849,0.09684494137763977,947.32373046875,962.89
445,1560,7179,3194880,0.6100530028343201,0.12384315021336079,7795,0.2775390625,-16.396275997161865,0.0003,0.028779157,0.2,0.9991415739059448,-0.007466713013127446,0.030451251193881035,952.6781005859375,970.59
445,1561,7183,3196928,0.6097086071968079,0.10950251072645187,7800,0.421484375,-16.394253158569335,0.0003,0.025564779,0.2,0.9992837309837341,0.017089564725756644,0.0476873442530632,953.4063110351562,970.59
445,1562,7188,3198976,0.6090916395187378,0.1632062651216984,7805,0.323046875,-16.373849391937256,0.0003,0.023747386,0.2,0.9996389150619507,-0.009962402028031647,0.1201462671160698,945.1104736328125,970.59
445,1563,7193,3201024,0.6083998084068298,0.1311733977869153,7810,0.27763671875,-16.356274223327638,0.0003,0.050976895,0.2,0.9996541142463684,-0.003186025400646031,0.040322594344615936,947.9693603515625,970.59
444,1564,7198,3203072,0.6081817150115967,0.0988600930199027,7815,0.49931640625,-16.33981075286865,0.0003,0.12072753,0.2,0.9996589422225952,0.026541932695545258,0.08315806090831757,947.6403198242188,970.59
444,1565,7202,3205120,0.6078414916992188,0.08296271674335003,7820,0.43095703125,-16.333386421203613,0.0003,0.03279065,0.2,0.999622106552124,0.003495973639655858,0.035677649080753326,948.6322631835938,970.59
445,1566,7207,3207168,0.6069800853729248,0.073558359593153,7825,0.31904296875,-16.315917015075684,0.0003,0.027512195,0.2,0.9998037219047546,-0.005979132605716586,0.02200811170041561,949.0333862304688,970.59
445,1567,7211,3209216,0.6065223813056946,0.08457590583711863,7830,0.26279296875,-16.29489459991455,0.0003,0.02184271,0.2,0.9997429847717285,-0.013689953228458762,0.014385532587766647,948.483154296875,970.59
444,1568,7216,3211264,0.6058396697044373,0.06107892822474241,7835,0.21171875,-16.27682638168335,0.0003,0.0139192585,0.2,0.9998619556427002,-0.009343963651917874,0.010618951171636581,947.4490356445312,973.88
444,1569,7221,3213312,0.6053259372711182,0.07421598080545663,7840,0.2203125,-16.257341957092287,0.0003,0.013417149,0.2,0.9998151063919067,-0.011324303038418294,0.015646355226635933,943.936279296875,974.02
445,1570,7225,3215360,0.6051188707351685,58.073383808135986,7845,0.107421875,-16.2452543258667,0.0003,0.015833497,0.2,0.8863165974617004,-0.0062144973780959845,22.743494033813477,943.936279296875,974.02
445,1571,7230,3217408,0.6049793362617493,0.2417277842760086,7850,0.17353515625,-16.241248607635498,0.0003,0.04445854,0.2,0.9990840554237366,-0.002148057846352458,0.08918162435293198,941.4600219726562,974.02
444,1572,7235,3219456,0.60494464635849,0.15150795578956605,7855,0.1828125,-16.23578510284424,0.0003,0.020671539,0.2,0.9998172521591187,-0.008379990258254111,0.06541157513856888,938.83642578125,974.02
444,1573,7240,3221504,0.604849100112915,0.11898480504751205,7860,0.17705078125,-16.234260654449464,0.0003,0.015611447,0.2,0.9997488856315613,-0.010805158570292406,0.034003786742687225,931.5550537109375,974.02
444,1574,7244,3223552,0.6044090986251831,0.14320862367749215,7865,0.1701171875,-16.226901149749757,0.0003,0.015078198,0.2,0.999570906162262,-0.009624024271033704,0.014778222888708115,931.182373046875,972.2
444,1575,7249,3225600,0.6041161417961121,56.6059513092041,7870,0.3240234375,-16.213583850860594,0.0003,0.03212711,0.2,0.7365410327911377,0.004778356221504509,18.239421844482422,923.8511962890625,969.77
444,1576,7254,3227648,0.6040446162223816,41.58129951953888,7875,0.17275390625,-16.20856351852417,0.0003,0.02277561,0.2,0.8683313727378845,-0.009180950862355531,25.260663986206055,929.9779663085938,964.75
444,1577,7259,3229696,0.604111909866333,121.5200351715088,7880,0.025390625,-16.208250427246092,0.0003,0.006844352,0.2,0.6702998280525208,-0.003536724834702909,72.02225494384766,924.137939453125,960.25
444,1578,7263,3231744,0.604336142539978,36.81268177032471,7885,0.19404296875,-16.21210823059082,0.0003,0.025930772,0.2,0.48059558868408203,-0.009158761613070965,24.597909927368164,924.137939453125,960.25
444,1579,7268,3233792,0.604128897190094,0.27235125489532946,7890,0.2513671875,-16.214393043518065,0.0003,0.025933178,0.2,0.9902836084365845,-0.003356409049592912,0.08784033358097076,912.4957275390625,956.68
444,1580,7273,3235840,0.6040686368942261,31.209429121017457,7895,0.5205078125,-16.20672550201416,0.0003,0.11204241,0.2,0.8489601612091064,-0.0034908951027318837,20.19162368774414,916.7605590820312,960.64
444,1581,7277,3237888,0.6038200259208679,0.3744752801954746,7900,0.1484375,-16.205728626251222,0.0003,0.014833884,0.2,0.9971504211425781,-0.010734173934906721,0.14037013053894043,916.72802734375,962.62
444,1582,7282,3239936,0.6033775806427002,0.1962088704109192,7905,0.20537109375,-16.19549379348755,0.0003,0.026080552,0.2,0.9984514713287354,-0.006912097963504493,0.054223157465457916,912.1807861328125,962.62
444,1583,7286,3241984,0.6029624342918396,0.1252369901165366,7910,0.2951171875,-16.17863178253174,0.0003,0.01860777,0.2,0.9994929432868958,-0.0014960528817027808,0.01276576891541481,914.78564453125,962.62
444,1584,7291,3244032,0.6027944087982178,0.17318547889590263,7915,0.19130859375,-16.172131252288818,0.0003,0.013157181,0.2,0.9992191791534424,-0.00943371124449186,0.09190142154693604,907.8272094726562,962.62
444,1585,7296,3246080,0.6030474305152893,0.3107543110847473,7920,0.43564453125,-16.169050788879396,0.0003,0.027982162,0.2,0.998760998249054,0.013343662838451564,0.09082037210464478,908.6878662109375,962.62
444,1586,7301,3248128,0.6027791500091553,0.16002142019569873,7925,0.23447265625,-16.168982124328615,0.0003,0.017134294,0.2,0.9992050528526306,-0.008825327176600695,0.018456488847732544,910.5242919921875,962.62
444,1587,7305,3250176,0.6018462181091309,0.09101944211870432,7930,0.3865234375,-16.145136451721193,0.0003,0.027226092,0.2,0.999259352684021,0.0053501691902056335,0.0200797189027071,909.6091918945312,962.62
444,1588,7310,3252224,0.601546585559845,0.08174354881048203,7935,0.305859375,-16.125515270233155,0.0003,0.039967954,0.2,0.9995704293251038,-0.005292555934283882,0.023559460416436195,896.5323486328125,965.59
444,1589,7314,3254272,0.6014829277992249,0.10279993191361428,7940,0.271875,-16.121218776702882,0.0003,0.026974604,0.2,0.9994659423828125,-0.007481581694446504,0.05230870842933655,896.631103515625,965.59
444,1590,7319,3256320,0.6014744639396667,0.15053711608052253,7945,0.30830078125,-16.12210006713867,0.0003,0.02485081,0.2,0.9995676875114441,-0.0007294775219634176,0.050705667585134506,894.714111328125,965.59
444,1591,7324,3258368,0.6011803150177002,0.14810459204018117,7950,0.21328125,-16.118392658233642,0.0003,0.012626835,0.2,0.9997616410255432,-0.011692397785373032,0.13004951179027557,893.028076171875,957.66
444,1592,7329,3260416,0.6010392904281616,93.83735485076905,7955,0.10458984375,-16.11018352508545,0.0003,0.019182581,0.2,0.7931087017059326,-0.007163073774427176,47.05961608886719,897.67626953125,957.66
444,1593,7333,3262464,0.6010947823524475,0.45962542593479155,7960,0.13271484375,-16.109104061126708,0.0003,0.017139036,0.2,0.9991455674171448,-0.010036490438506008,0.14980672299861908,897.67626953125,957.66
444,1594,7337,3264512,0.6007842421531677,0.14672111086547374,7965,0.1607421875,-16.10726671218872,0.0003,0.019236531,0.2,0.999718427658081,-0.010478782502468675,0.004371048882603645,900.2329711914062,959.32
444,1595,7342,3266560,0.6004496216773987,0.17920955047011375,7970,0.20810546875,-16.09585294723511,0.0003,0.02172165,0.2,0.9997007250785828,-0.009663529112003744,0.023659607395529747,897.6641235351562,959.98
444,1596,7347,3268608,0.5998532772064209,0.20429097898304463,7975,0.180078125,-16.083799648284913,0.0003,0.01837682,0.2,0.9996201395988464,-0.007709008478559554,0.11037296056747437,896.92431640625,954.72
444,1597,7352,3270656,0.5994664430618286,56.225248432159425,7980,0.51025390625,-16.0624698638916,0.0003,0.18671545,0.2,0.9110701084136963,-0.0011145231197588145,23.7590274810791,885.85986328125,945.5
444,1598,7356,3272704,0.5993897914886475,141.80186920166017,7985,0.03203125,-16.056553173065186,0.0003,0.008788505,0.2,0.7165278196334839,-0.0059846481715794654,39.42407989501953,880.2000122070312,939.6
444,1599,7362,3274752,0.5993931293487549,56.446998310089114,7990,0.1638671875,-16.05553569793701,0.0003,0.029959999,0.2,0.8444125652313232,-0.009370694292010739,19.751602172851562,854.628662109375,915.88
444,1600,7367,3276800,0.5994042158126831,144.16199645996093,7995,0.10595703125,-16.05638494491577,0.0003,0.017354075,0.2,0.729803204536438,-0.009710252191871405,64.66995239257812,857.0228271484375,911.22
444,1601,7372,3278848,0.5995211601257324,31.832568311691283,8000,0.2908203125,-16.058187580108644,0.0003,0.053209484,0.2,0.8007375597953796,-0.005384457402396947,26.374032974243164,847.5932006835938,901.44
444,1602,7377,3280896,0.5996441841125488,54.820738315582275,8005,0.1732421875,-16.06243152618408,0.0003,0.022680538,0.2,0.680872917175293,-0.012300598435103893,33.29383850097656,832.5636596679688,886.55
444,1603,7381,3282944,0.5997309684753418,144.25033302307128,8010,0.07392578125,-16.06599864959717,0.0003,0.012692565,0.2,0.6917821168899536,-0.00522540962556377,91.23561096191406,824.441650390625,882.09
444,1604,7385,3284992,0.5998408794403076,23.033391499519347,8015,0.06552734375,-16.06817235946655,0.0003,0.013024368,0.2,0.9269904494285583,-0.006133769615553319,12.581830978393555,824.441650390625,882.09
444,1605,7390,3287040,0.5998912453651428,1.2228416904807091,8020,0.0787109375,-16.07070436477661,0.0003,0.0137619395,0.2,0.9948471188545227,-0.008172614290378988,0.17143231630325317,821.579833984375,876.83
444,1606,7395,3289088,0.5998141765594482,70.9386396408081,8025,0.09677734375,-16.06977787017822,0.0003,0.01691131,0.2,0.8763934373855591,-0.008136002044193447,32.00352096557617,825.7993774414062,876.83
444,1607,7399,3291136,0.5996124744415283,1.3256920516490935,8030,0.1591796875,-16.064730739593507,0.0003,0.020295743,0.2,0.9981772303581238,-0.0057083788211457435,0.4005272686481476,829.49658203125,876.83
444,1608,7404,3293184,0.5993528962135315,0.655479621887207,8035,0.14951171875,-16.056577587127684,0.0003,0.014021415,0.2,0.9990839958190918,-0.006843800190836191,0.1669723242521286,828.4580688476562,876.83
444,1609,7408,3295232,0.5991599559783936,0.5561657160520553,8040,0.25634765625,-16.044412517547606,0.0003,0.017540239,0.2,0.9992427825927734,-0.003645350516308099,0.15946508944034576,830.8436889648438,876.83
444,1610,7413,3297280,0.5993209481239319,0.47869655340909956,8045,0.15390625,-16.043765449523924,0.0003,0.015931997,0.2,0.9991239905357361,-0.010731245041824877,0.12165513634681702,829.32861328125,876.83
444,1611,7418,3299328,0.5993910431861877,0.30280989706516265,8050,0.185546875,-16.049437522888184,0.0003,0.023972366,0.2,0.9994306564331055,-0.005928746378049255,0.09237316995859146,826.1090087890625,873.72
444,1612,7422,3301376,0.5994126796722412,70.36690979003906,8055,0.1138671875,-16.049451065063476,0.0003,0.016849313,0.2,0.8733068704605103,-0.004841669951565564,26.05476188659668,822.9646606445312,873.07
444,1613,7427,3303424,0.599600613117218,24.774319338798524,8060,0.2337890625,-16.052505683898925,0.0003,0.040239144,0.2,0.956524133682251,-0.00909676025621593,2.5370359420776367,829.0831298828125,873.07
444,1614,7432,3305472,0.5996146202087402,0.4490249305963516,8065,0.21552734375,-16.055724334716796,0.0003,0.01552374,0.2,0.9993991851806641,-0.010338219511322678,0.11824718117713928,834.8259887695312,873.07
444,1615,7437,3307520,0.5991733074188232,0.30001861453056333,8070,0.2361328125,-16.051560592651366,0.0003,0.016786449,0.2,0.9995728731155396,-0.005369574995711446,0.0701797753572464,818.7715454101562,872.76
444,1616,7442,3309568,0.5989071726799011,25.0678612947464,8075,0.48291015625,-16.037756538391115,0.0003,0.11114815,0.2,0.9553004503250122,-0.003206076635979116,14.975613594055176,820.5552368164062,872.74
444,1617,7446,3311616,0.5988585948944092,126.03705215454102,8080,0.1244140625,-16.03473882675171,0.0003,0.019253813,0.2,0.6241705417633057,-0.006595775135792792,60.60649490356445,820.5552368164062,872.74
444,1618,7451,3313664,0.5984302759170532,0.6102544903755188,8085,0.234375,-16.029956912994386,0.0003,0.02234724,0.2,0.9955671429634094,-0.005253387620905414,0.10150105506181717,819.0215454101562,875.17
444,1619,7456,3315712,0.5980443954467773,0.4999245271086693,8090,0.23798828125,-16.01498031616211,0.0003,0.022219555,0.2,0.9977205991744995,-0.009157301660161465,0.14529801905155182,807.7111206054688,878.37
444,1620,7460,3317760,0.5979048013687134,82.14207305908204,8095,0.1681640625,-16.007069969177245,0.0003,0.02460863,0.2,0.8328210115432739,-0.005765481316484511,45.08976745605469,807.7111206054688,878.37
444,1621,7465,3319808,0.5978831052780151,0.5812274724245071,8100,0.12138671875,-16.00579776763916,0.0003,0.01466557,0.2,0.9989585876464844,-0.01090268143452704,0.16495032608509064,814.51220703125,882.87
444,1622,7469,3321856,0.5976319313049316,0.37116538994014264,8105,0.152734375,-16.002677249908448,0.0003,0.011663774,0.2,0.9993544816970825,-0.009341066633351148,0.0780593603849411,817.009033203125,886.51
444,1623,7475,3323904,0.5975926518440247,0.3994675390422344,8110,0.15908203125,-15.997234773635864,0.0003,0.019800536,0.2,0.9992736577987671,-0.010839247162221,0.08483320474624634,834.0302124023438,886.51
444,1624,7480,3325952,0.5975732803344727,0.6206519216299057,8115,0.35146484375,-15.998674011230468,0.0003,0.034938335,0.2,0.9981569051742554,0.0008507086546160281,0.2359600067138672,834.0302124023438,886.51
444,1625,7484,3328000,0.5973502993583679,0.24256820529699324,8120,0.2525390625,-15.996010780334473,0.0003,0.019616045,0.2,0.9991787075996399,-0.00672145034186542,0.07375997304916382,835.5293579101562,886.51
444,1626,7489,3330048,0.5969570279121399,0.23847560845315458,8125,0.20244140625,-15.985431718826295,0.0003,0.023176027,0.2,0.9997183680534363,-0.008983724459540099,0.16709917783737183,833.5869750976562,883.89
444,1627,7494,3332096,0.5968250036239624,130.0007833480835,8130,0.13984375,-15.975597381591797,0.0003,0.019193519,0.2,0.5316404104232788,-0.007616044743917883,69.25921630859375,834.4241333007812,883.89
444,1628,7499,3334144,0.596790611743927,1.4821747094392776,8135,0.108984375,-15.973322057724,0.0003,0.011049559,0.2,0.9640644192695618,-0.009792492026463151,0.2583906650543213,830.431396484375,880.74
444,1629,7503,3336192,0.5967490077018738,54.64097075462341,8140,0.25537109375,-15.97208375930786,0.0003,0.031677246,0.2,0.5100452899932861,-0.007718569785356522,14.95659065246582,830.7614135742188,880.26
444,1630,7508,3338240,0.5967389941215515,35.26280951499939,8145,0.23740234375,-15.970853424072265,0.0003,0.03753439,0.2,0.7456176280975342,-0.011907606874592603,15.020173072814941,830.7931518554688,877.95
444,1631,7513,3340288,0.5968188643455505,50.52917375564575,8150,0.1767578125,-15.971997165679932,0.0003,0.026384935,0.2,0.7740815877914429,-0.00787910254439339,38.317169189453125,837.0640869140625,877.95
444,1632,7517,3342336,0.5969994068145752,0.9710526406764984,8155,0.1375,-15.976360750198364,0.0003,0.017753113,0.2,0.9976059198379517,-0.010594842728460207,0.40153104066848755,841.2840576171875,877.95
444,1633,7522,3344384,0.5969698429107666,0.47608900964260104,8160,0.1125,-15.979726552963257,0.0003,0.011757761,0.2,0.9988611936569214,-0.010198206687346102,0.13870492577552795,840.233154296875,877.95
444,1634,7527,3346432,0.5971956849098206,0.27074731290340426,8165,0.2048828125,-15.980485200881958,0.0003,0.020836897,0.2,0.9994461536407471,-0.012229503027629107,0.14480122923851013,856.5164184570312,885.88
444,1635,7532,3348480,0.5972495675086975,0.3393001213669777,8170,0.16943359375,-15.985800457000732,0.0003,0.0192695,0.2,0.9989176392555237,-0.010654509300366044,0.12998713552951813,849.524658203125,885.88
444,1636,7536,3350528,0.5969059467315674,0.24332426488399506,8175,0.28173828125,-15.980479526519776,0.0003,0.03923652,0.2,0.9993565678596497,-0.008781373093370348,0.05602442845702171,852.009765625,885.88
444,1637,7541,3352576,0.5969694256782532,0.2027471549808979,8180,0.19619140625,-15.974758577346801,0.0003,0.013990132,0.2,0.99967360496521,-0.007539914501830935,0.0592656135559082,851.3858642578125,882.93
444,1638,7546,3354624,0.5970766544342041,83.67077560424805,8185,0.1826171875,-15.979848480224609,0.0003,0.022723058,0.2,0.8463236093521118,-0.008601594134233892,36.79557800292969,852.0324096679688,882.93
444,1639,7550,3356672,0.5970688462257385,0.8092655003070831,8190,0.191015625,-15.98058066368103,0.0003,0.034089528,0.2,0.9957581758499146,-0.009853117680177093,0.21657294034957886,850.6381225585938,882.93
444,1640,7555,3358720,0.5969077944755554,0.31611227840185163,8195,0.201171875,-15.976741981506347,0.0003,0.017026007,0.2,0.9978313446044922,-0.006453405716456473,0.10381774604320526,845.3226318359375,882.93
444,1641,7559,3360768,0.5967733263969421,0.36258297935128214,8200,0.15712890625,-15.970946025848388,0.0003,0.017161228,0.2,0.9992284178733826,-0.008388749032747,0.13551035523414612,856.6949462890625,893.51
444,1642,7565,3362816,0.5965704917907715,0.24438938312232494,8205,0.15517578125,-15.966732788085938,0.0003,0.018559637,0.2,0.9971007108688354,-0.009134498867206275,0.07145451009273529,882.283447265625,909.5
444,1643,7570,3364864,0.5962437987327576,0.26040330454707145,8210,0.19658203125,-15.958397245407104,0.0003,0.017788494,0.2,0.9982241988182068,-0.010695362114347517,0.08910708129405975,889.6255493164062,915.25
444,1644,7574,3366912,0.5959441661834717,0.17508027963340284,8215,0.27001953125,-15.947377061843872,0.0003,0.03188727,0.2,0.999127984046936,-0.00771192314568907,0.0549810491502285,898.8058471679688,920.05
444,1645,7579,3368960,0.5964140295982361,0.09178001582622528,8220,0.3333984375,-15.94766149520874,0.0003,0.020966532,0.2,0.9996215105056763,-0.010315286298282444,0.0129292793571949,912.92236328125,930.95
444,1646,7584,3371008,0.5965529680252075,35.27396688461304,8225,0.26171875,-15.956845045089722,0.0003,0.037296746,0.2,0.8966035842895508,-0.008852886909153312,8.719158172607422,925.5148315429688,942.74
444,1647,7589,3373056,0.5966441035270691,0.21936110109090806,8230,0.2529296875,-15.958900260925294,0.0003,0.023036394,0.2,0.9994053244590759,-0.013947552256286144,0.05136190354824066,927.7368774414062,946.38
444,1648,7593,3375104,0.5965935587882996,26.99933490753174,8235,0.4833984375,-15.958171081542968,0.0003,0.08202338,0.2,0.9440205693244934,-0.0036551879020407796,8.245384216308594,927.7368774414062,946.38
444,1649,7597,3377152,0.5964670777320862,0.2582505736500025,8240,0.26826171875,-15.956700897216797,0.0003,0.01986805,0.2,0.9994057416915894,-0.010015831468626857,0.03418661653995514,939.8541259765625,959.15
444,1650,7602,3379200,0.5963956117630005,0.15735120996832846,8245,0.26982421875,-15.951012992858887,0.0003,0.022542898,0.2,0.9996936917304993,-0.008656422677449881,0.03867003321647644,947.7579956054688,965.73
444,1651,7607,3381248,0.5967146754264832,0.14630949012935163,8250,0.28134765625,-15.956985187530517,0.0003,0.018813504,0.2,0.9993762969970703,-0.010932303266599774,0.03657156974077225,951.93701171875,967.89
444,1652,7611,3383296,0.5965734720230103,0.09969884604215622,8255,0.2359375,-15.961590433120728,0.0003,0.019682257,0.2,0.9997538924217224,-0.006993572763167322,0.05875295400619507,951.93701171875,967.89
444,1653,7616,3385344,0.5956532955169678,0.09691682793200015,8260,0.43681640625,-15.940706300735474,0.0003,0.052286603,0.2,0.999842643737793,0.014348932751454413,0.02378646284341812,948.18896484375,970.99
444,1654,7621,3387392,0.5953368544578552,0.06424782909452915,8265,0.43173828125,-15.91705551147461,0.0003,0.06416809,0.2,0.9998883008956909,0.011432898556813597,0.043026719242334366,940.46875,970.99
444,1655,7625,3389440,0.5953109860420227,0.14386014081537724,8270,0.4001953125,-15.91034812927246,0.0003,0.033800177,0.2,0.9997347593307495,-0.007122242241166532,0.04477519914507866,940.6353149414062,970.99
444,1656,7629,3391488,0.5951668620109558,0.09818816743791103,8275,0.21787109375,-15.90951066017151,0.0003,0.02063903,0.2,0.9997649192810059,-0.00994414701126516,0.027553964406251907,945.4488525390625,970.57
444,1657,7635,3393536,0.5950424671173096,76.7062831878662,8280,0.34970703125,-15.903495645523071,0.0003,0.050616875,0.2,0.8506147861480713,0.00010397826554253697,38.99756622314453,952.3818969726562,970.15
444,1658,7640,3395584,0.5949828624725342,54.82121105194092,8285,0.1767578125,-15.901347208023072,0.0003,0.02879344,0.2,0.885846734046936,-0.007639921759255231,31.784074783325195,945.579345703125,970.15
444,1659,7644,3397632,0.5949950218200684,0.32269892320036886,8290,0.19482421875,-15.900689458847046,0.0003,0.015353497,0.2,0.9982724189758301,-0.011189558426849544,0.0706469714641571,949.1716918945312,973.26
444,1660,7648,3399680,0.5948518514633179,0.1842870257794857,8295,0.174609375,-15.899242544174195,0.0003,0.014568672,0.2,0.9996090531349182,-0.01198401217116043,0.020948100835084915,957.438232421875,976.87
444,1661,7654,3401728,0.5945687294006348,0.09356102794408798,8300,0.2775390625,-15.890735054016114,0.0003,0.027367486,0.2,0.9997632503509521,-0.003160950867459178,0.051969654858112335,951.7178955078125,976.87
444,1662,7658,3403776,0.5946433544158936,0.10566997081041336,8305,0.34736328125,-15.884149837493897,0.0003,0.02472714,0.2,0.9997215867042542,0.004223058186471462,0.0395917072892189,956.43212890625,977.18
444,1663,7663,3405824,0.5940466523170471,0.11667575351893902,8310,0.32666015625,-15.878297472000122,0.0003,0.02246966,0.2,0.9997996091842651,-0.011060651554726065,0.043084219098091125,958.483642578125,976.07
444,1664,7668,3407872,0.5936381220817566,81.53653087615967,8315,0.28173828125,-15.8618483543396,0.0003,0.036279198,0.2,0.8035052418708801,-0.005972928332630545,43.63496398925781,951.347412109375,965.61
444,1665,7673,3409920,0.5936360955238342,171.78128967285156,8320,0.06376953125,-15.856656408309936,0.0003,0.0139792245,0.2,0.6726279258728027,-0.006657422706484795,84.18714141845703,948.8397827148438,958.23
444,1666,7677,3411968,0.5937466025352478,61.56394634246826,8325,0.13828125,-15.858628749847412,0.0003,0.023704048,0.2,0.8764978647232056,-0.008199922274798155,26.676273345947266,943.1044311523438,954.67
444,1667,7682,3414016,0.5934884548187256,29.413632464408874,8330,0.34287109375,-15.855987787246704,0.0003,0.05054877,0.2,0.939166247844696,-0.005956983438227326,11.388680458068848,939.5384521484375,945.39
444,1668,7687,3416064,0.5935238003730774,94.7642448425293,8335,0.13115234375,-15.852790689468383,0.0003,0.01664158,0.2,0.8719705939292908,-0.005295156012289226,45.492191314697266,943.8576049804688,945.39
444,1669,7691,3418112,0.5935717225074768,1.097966618835926,8340,0.105859375,-15.855341148376464,0.0003,0.010451585,0.2,0.9982451796531677,-0.010235408018343151,0.23014390468597412,942.4248657226562,944.41
444,1670,7697,3420160,0.593529462814331,48.49173059463501,8345,0.2505859375,-15.854942035675048,0.0003,0.035488658,0.2,0.925952672958374,-0.009494852845091373,41.82019805908203,930.6593627929688,941.62
444,1671,7702,3422208,0.5935581922531128,23.4493305683136,8350,0.2111328125,-15.854513359069824,0.0003,0.03163975,0.2,0.9625574946403503,-0.010111086769029498,13.163500785827637,935.6111450195312,942.5
444,1672,7707,3424256,0.5935298204421997,69.68139696121216,8355,0.092578125,-15.854861545562745,0.0003,0.017273614,0.2,0.88277268409729,-0.0065314880106598135,39.4967155456543,935.7705688476562,941.31
444,1673,7711,3426304,0.5933960676193237,60.848157739639284,8360,0.0927734375,-15.852408695220948,0.0003,0.016014028,0.2,0.8607544898986816,-0.006062069372273981,13.976468086242676,939.8414916992188,941.31
444,1674,7716,3428352,0.5933881402015686,0.6531719990074635,8365,0.08740234375,-15.850532913208008,0.0003,0.012321769,0.2,0.9983944892883301,-0.007500206446275115,0.19583629071712494,942.97900390625,941.31
444,1675,7721,3430400,0.5932437181472778,0.6800332576036453,8370,0.1748046875,-15.849119567871094,0.0003,0.026322233,0.2,0.9991771578788757,-0.005414684396237135,0.1662437468767166,952.4078979492188,944.94
444,1676,7726,3432448,0.592907190322876,0.6312894806265831,8375,0.17236328125,-15.84128794670105,0.0003,0.016010156,0.2,0.9985887408256531,-0.009155656828079372,0.16980314254760742,949.67333984375,940.4
444,1677,7730,3434496,0.5927496552467346,100.43195381164551,8380,0.13544921875,-15.833757734298706,0.0003,0.02220409,0.2,0.7861227989196777,-0.00904395045945421,62.501251220703125,949.67333984375,940.4
444,1678,7735,3436544,0.5926498174667358,0.562334480881691,8385,0.15625,-15.830909204483032,0.0003,0.018745627,0.2,0.9978681206703186,-0.010920654679648579,0.0975271612405777,947.646728515625,939.07
444,1679,7740,3438592,0.592599093914032,34.690544080734256,8390,0.2376953125,-15.829159307479859,0.0003,0.039767776,0.2,0.9295573234558105,-0.008944140071980656,17.55728530883789,947.6451416015625,939.07
444,1680,7746,3440640,0.592406690120697,0.537458348274231,8395,0.14462890625,-15.826981782913208,0.0003,0.013302922,0.2,0.9988263845443726,-0.011074612149968743,0.1444191038608551,944.0662231445312,939.07
444,1681,7750,3442688,0.592606782913208,0.38795845955610275,8400,0.28056640625,-15.822428894042968,0.0003,0.023733143,0.2,0.9993826150894165,-0.009478554129600525,0.12744908034801483,944.0662231445312,939.07
444,1682,7755,3444736,0.5927958488464355,0.2635900843888521,8405,0.308203125,-15.827848958969117,0.0003,0.02248617,0.2,0.9998022317886353,0.001508623850531876,0.03182487562298775,944.3280639648438,939.07
444,1683,7760,3446784,0.5929642915725708,0.21472347378730774,8410,0.49609375,-15.832458925247192,0.0003,0.0521723,0.2,0.9997476935386658,0.015305307880043983,0.08618191629648209,943.9198608398438,942.02
444,1684,7766,3448832,0.5929114818572998,0.2840294986963272,8415,0.31630859375,-15.831663751602173,0.0003,0.028785223,0.2,0.9993889927864075,-0.0045591726200655104,0.07739732414484024,948.03076171875,942.02
444,1685,7770,3450880,0.5926073789596558,0.3646265760064125,8420,0.23310546875,-15.824489784240722,0.0003,0.021872489,0.2,0.9995009303092957,-0.0032837380189448596,0.2105020433664322,948.03076171875,942.02
444,1686,7774,3452928,0.5914782285690308,0.07037994209676982,8425,0.35732421875,-15.802152347564697,0.0003,0.04464303,0.2,0.9998306632041931,-0.0019408035557717084,0.02037566713988781,948.943115234375,938.02
444,1687,7780,3454976,0.5911586880683899,31.54632544517517,8430,0.45947265625,-15.774598407745362,0.0003,0.061320867,0.2,0.780401349067688,0.002470015618018806,33.76357650756836,934.1356811523438,936.7
444,1688,7784,3457024,0.5911744832992554,46.17134499549866,8435,0.21884765625,-15.771133089065552,0.0003,0.024142005,0.2,0.880736231803894,-0.007242742506787181,37.86203384399414,931.977783203125,936.7
444,1689,7788,3459072,0.5911086201667786,0.3840360328555107,8440,0.1673828125,-15.771026992797852,0.0003,0.020579914,0.2,0.9978141188621521,-0.005065386171918362,0.15269587934017181,931.977783203125,936.7
444,1690,7794,3461120,0.5909764766693115,0.09817153830081224,8445,0.17568359375,-15.767666006088257,0.0003,0.01620853,0.2,0.9993161559104919,-0.010419854009523988,0.012349078431725502,926.0865478515625,936.7
443,1691,7801,3463168,0.5907894372940063,0.12528378814458846,8450,0.253125,-15.763720178604126,0.0003,0.026357606,0.2,0.9995245933532715,-0.012341881706379353,0.04714599624276161,933.215087890625,937.32
443,1692,7806,3465216,0.5905796885490417,0.2621842287480831,8455,0.2609375,-15.756982612609864,0.0003,0.02020581,0.2,0.9995317459106445,-0.01204368743347004,0.0986340194940567,928.2879028320312,931.91
443,1693,7811,3467264,0.5904871821403503,30.57480320930481,8460,0.3796875,-15.750220918655396,0.0003,0.06162049,0.2,0.9505797028541565,-0.006480790372006595,15.65878677368164,935.2054443359375,932.57
443,1694,7817,3469312,0.5906915664672852,0.15527715682983398,8465,0.305078125,-15.751882982254028,0.0003,0.024048913,0.2,0.999637246131897,-0.014957031258381904,0.0686929002404213,934.1897583007812,932.57
443,1695,7822,3471360,0.5905896425247192,0.14986277036368847,8470,0.41669921875,-15.75585355758667,0.0003,0.03723276,0.2,0.9995975494384766,0.012672685069264843,0.10242229700088501,931.8106079101562,932.57
443,1696,7827,3473408,0.5908046364784241,0.15108724534511567,8475,0.31044921875,-15.754126739501952,0.0003,0.03374119,0.2,0.9989945292472839,-0.005466827494092286,0.060942020267248154,937.0364990234375,932.57
443,1697,7832,3475456,0.5905905365943909,0.1068977601826191,8480,0.27060546875,-15.758610010147095,0.0003,0.023775555,0.2,0.9994751214981079,-0.011137226806022226,0.02505956031382084,935.4452514648438,932.57
443,1698,7837,3477504,0.5901579260826111,0.05734548456966877,8485,0.26484375,-15.748813009262085,0.0003,0.017231125,0.2,0.9997130036354065,-0.011049442749936134,0.021002313122153282,934.6995239257812,932.57
443,1699,7842,3479552,0.5899054408073425,0.09678778573870658,8490,0.24951171875,-15.737254524230957,0.0003,0.017129483,0.2,0.9997043609619141,-0.00909880972467363,0.035286836326122284,932.3959350585938,932.57
443,1700,7846,3481600,0.5901457071304321,0.12155164889991284,8495,0.241015625,-15.735923528671265,0.0003,0.019034322,0.2,0.999728262424469,-0.008746919804252684,0.05568153038620949,930.0119018554688,931.48
443,1701,7851,3483648,0.5902848839759827,57.20721383094788,8500,0.33408203125,-15.743080711364746,0.0003,0.050157964,0.2,0.8943746089935303,-0.006196421443019062,40.470252990722656,934.0941162109375,931.48
443,1702,7856,3485696,0.5901715159416199,0.39227459095418454,8505,0.129296875,-15.743327617645264,0.0003,0.016387839,0.2,0.9979367852210999,-0.01025919618550688,0.10085531324148178,920.0569458007812,926.48
443,1703,7861,3487744,0.5900322198867798,93.1283130645752,8510,0.20888671875,-15.738623046875,0.0003,0.036870807,0.2,0.8266336917877197,-0.005752494116313756,36.39537048339844,920.11376953125,926.48
443,1704,7865,3489792,0.5898653268814087,0.49849401861429216,8515,0.130078125,-15.734660577774047,0.0003,0.014151311,0.2,0.9971611499786377,-0.011918872711248696,0.1723857820034027,920.2447509765625,926.48
443,1705,7869,3491840,0.5895859003067017,0.2322237566113472,8520,0.19638671875,-15.727332401275635,0.0003,0.021938689,0.2,0.9994610548019409,-0.009188237856142223,0.2189721316099167,917.6913452148438,926.48
443,1706,7875,3493888,0.5895240306854248,0.2116303313523531,8525,0.28828125,-15.719463777542114,0.0003,0.015667463,0.2,0.9997363090515137,-0.00016117470804601907,0.025898100808262825,911.7606811523438,925.34
443,1707,7879,3495936,0.5894572734832764,27.574210977554323,8530,0.3333984375,-15.71876916885376,0.0003,0.061647426,0.2,0.9524289965629578,-0.010522218036931008,6.129561424255371,911.7606811523438,925.34
443,1708,7884,3497984,0.5895040035247803,0.21134718284010887,8535,0.15390625,-15.718564558029176,0.0003,0.014773954,0.2,0.9997382164001465,-0.011428234027698636,0.051616378128528595,911.6935424804688,925.34
443,1709,7888,3500032,0.5891230702400208,0.1455057617276907,8540,0.4048828125,-15.714800310134887,0.0003,0.104902446,0.2,0.999860405921936,0.01964231105521321,0.07440154254436493,916.1588134765625,927.14
443,1710,7894,3502080,0.589011013507843,136.932612991333,8545,0.40234375,-15.70425043106079,0.0003,0.057194434,0.2,0.6115280985832214,0.0066959683550521735,49.385684967041016,924.1827392578125,939.03
443,1711,7898,3504128,0.5888883471488953,1.0878902092576026,8550,0.1455078125,-15.701991081237793,0.0003,0.018445294,0.2,0.9904224872589111,-0.011041903821751475,0.20074772834777832,927.9102172851562,942.01
443,1712,7903,3506176,0.5889458060264587,0.3627810269594193,8555,0.16728515625,-15.699561023712159,0.0003,0.017306702,0.2,0.9974455237388611,-0.01186256785877049,0.058683130890131,930.01220703125,945.07
443,1713,7907,3508224,0.5891393423080444,29.229527258872984,8560,0.3287109375,-15.703234910964966,0.0003,0.056085583,0.2,0.8685389161109924,-0.0101798189105466,21.572412490844727,935.3842163085938,950.06
443,1714,7913,3510272,0.589090883731842,0.25951864793896673,8565,0.2736328125,-15.70648684501648,0.0003,0.021025062,0.2,0.9988449215888977,-0.01030536270700395,0.05594310909509659,943.80078125,961.67
443,1715,7917,3512320,0.5889859199523926,0.2346737764775753,8570,0.22998046875,-15.703642082214355,0.0003,0.018424647,0.2,0.9992607831954956,-0.00905489072902128,0.0836135745048523,937.7871704101562,961.67
443,1716,7922,3514368,0.5887821912765503,0.17095323465764523,8575,0.18759765625,-15.698998975753785,0.0003,0.017442998,0.2,0.9995713829994202,-0.01083866183180362,0.04184696823358536,940.9351806640625,965.44
443,1717,7926,3516416,0.5884535312652588,0.14320836123079062,8580,0.19853515625,-15.69056839942932,0.0003,0.015582915,0.2,0.9996306300163269,-0.010834923945367336,0.0976204201579094,940.9351806640625,965.44
443,1718,7932,3518464,0.5883511304855347,0.09653279520571231,8585,0.27421875,-15.680815124511719,0.0003,0.021936255,0.2,0.9997415542602539,-0.006599430949427188,0.0255072433501482,939.3595581054688,966.77
443,1719,7937,3520512,0.5882322788238525,0.19373256638646125,8590,0.43154296875,-15.679888200759887,0.0003,0.03263381,0.2,0.9995087385177612,0.01176875198725611,0.06967434287071228,940.4050903320312,966.77
443,1720,7942,3522560,0.5879993438720703,0.11854955367743969,8595,0.3048828125,-15.673323440551759,0.0003,0.077081256,0.2,0.999753475189209,0.007266473665367812,0.060937948524951935,939.7701416015625,968.37
443,1721,7948,3524608,0.5879461169242859,0.09145312532782554,8600,0.40751953125,-15.664941358566285,0.0003,0.040064543,0.2,0.9995861649513245,0.013432178797665983,0.05348987877368927,938.5892944335938,967.77
443,1722,7954,3526656,0.5880109667778015,28.314944219589233,8605,0.36982421875,-15.662237310409546,0.0003,0.055002347,0.2,0.8820105195045471,-0.005551241536159069,23.708038330078125,929.1271362304688,967.77
443,1723,7959,3528704,0.5878972411155701,0.17395903244614602,8610,0.34384765625,-15.66155161857605,0.0003,0.034328286,0.2,0.9995399713516235,0.0004780270392075181,0.12706606090068817,925.6683349609375,967.77
443,1724,7966,3530752,0.5875507593154907,0.16983678247779607,8615,0.33828125,-15.651553916931153,0.0003,0.046263073,0.2,0.9997524619102478,-0.00430262788431719,0.10256695002317429,924.2807006835938,968.57
443,1725,7973,3532800,0.5874960422515869,132.3803352355957,8620,0.23759765625,-15.641506242752076,0.0003,0.024673961,0.2,0.74394690990448,-0.002202454843791202,84.71297454833984,895.40673828125,950.82
443,1726,7979,3534848,0.5875000953674316,191.09694595336913,8625,0.0751953125,-15.640244388580323,0.0003,0.013160445,0.2,0.5781493186950684,-0.004442729958100244,78.33782196044922,888.3543090820312,939.4
442,1727,7984,3536896,0.5875095129013062,42.828050184249875,8630,0.19013671875,-15.640662431716919,0.0003,0.035581924,0.2,0.8120533227920532,-0.009398635523393751,46.58734130859375,888.3543090820312,939.4
442,1728,7990,3538944,0.5874645709991455,0.4425358518958092,8635,0.09677734375,-15.639696407318116,0.0003,0.009806389,0.2,0.9981288909912109,-0.008229621406644582,0.060390569269657135,888.42626953125,939.4
442,1729,7997,3540992,0.5874298214912415,0.44201017916202545,8640,0.15595703125,-15.637686252593994,0.0003,0.015771903,0.2,0.999127984046936,-0.006009069667197764,0.11274577677249908,878.8297119140625,937.74
442,1730,8003,3543040,0.5873744487762451,43.45059351921081,8645,0.2484375,-15.63639669418335,0.0003,0.046924796,0.2,0.8177330493927002,-0.009205573471263051,21.920568466186523,880.0109252929688,937.74
442,1731,8008,3545088,0.5870950222015381,0.4812834456562996,8650,0.134765625,-15.632581663131713,0.0003,0.017480891,0.2,0.9985622763633728,-0.008038334595039488,0.09881757199764252,880.0109252929688,937.74
442,1732,8012,3547136,0.5869441628456116,0.30448851361870766,8655,0.14921875,-15.62345085144043,0.0003,0.013749035,0.2,0.999691367149353,-0.008318092266563326,0.07649864256381989,879.347900390625,937.74
442,1733,8019,3549184,0.586949348449707,0.23627234436571598,8660,0.17587890625,-15.620880222320556,0.0003,0.016704235,0.2,0.9996584057807922,-0.011158616398461163,0.19163300096988678,895.3713989257812,943.06
442,1734,8024,3551232,0.5868450999259949,0.3790238067507744,8665,0.2291015625,-15.618868398666383,0.0003,0.020324625,0.2,0.9993225336074829,-0.010997085156850517,0.1295720636844635,895.9042358398438,943.06
442,1735,8029,3553280,0.5869572162628174,0.23175034746527673,8670,0.40546875,-15.61640100479126,0.0003,0.04879663,0.2,0.9997173547744751,0.007294596545398236,0.09019455313682556,895.9042358398438,943.06
442,1736,8035,3555328,0.5867847204208374,0.11906549856066703,8675,0.2130859375,-15.615791845321656,0.0003,0.022504564,0.2,0.9999188780784607,-0.005148129840381444,0.054464563727378845,892.8453979492188,943.06
442,1737,8042,3557376,0.5867722630500793,0.1373434539884329,8680,0.2916015625,-15.611131429672241,0.0003,0.043505993,0.2,0.9998140335083008,-0.00631368849426508,0.05511780083179474,879.99951171875,943.06
442,1738,8048,3559424,0.5861928462982178,0.22483920380473138,8685,0.5107421875,-15.60368504524231,0.0003,0.13975506,0.2,0.9996015429496765,0.03671422507613897,0.12991733849048615,882.7974243164062,943.06
442,1739,8053,3561472,0.5853360891342163,0.10000711400061846,8690,0.3296875,-15.580584239959716,0.0003,0.02804894,0.2,0.9998029470443726,-0.010312233446165919,0.009880637750029564,882.7974243164062,943.06
442,1740,8060,3563520,0.5849365592002869,0.07977511808276176,8695,0.27177734375,-15.556100463867187,0.0003,0.021584067,0.2,0.9999119639396667,-0.001905763684771955,0.01467093639075756,879.9640502929688,945.69
441,1741,8067,3565568,0.5848360061645508,40.69397044181824,8700,0.701953125,-15.545440244674683,0.0003,1.0512537,0.2,0.9212811589241028,0.036705689097288996,24.375171661376953,871.7627563476562,937.71
441,1742,8073,3567616,0.5847980976104736,83.27826013565064,8705,0.20986328125,-15.542613124847412,0.0003,0.02507361,0.2,0.8309798240661621,-0.0033347019809298216,22.724281311035156,848.133056640625,912.34
441,1743,8080,3569664,0.5847967863082886,113.40873947143555,8710,0.13193359375,-15.541505432128906,0.0003,0.02163509,0.2,0.8239816427230835,-0.010164608457125723,47.69010543823242,819.6419677734375,881.75
441,1744,8085,3571712,0.5848137140274048,277.8869087219238,8715,0.01728515625,-15.542374277114869,0.0003,0.0053156363,0.2,0.512627363204956,-0.0054936730652116236,158.89459228515625,817.6478881835938,876.94
441,1745,8091,3573760,0.5849083065986633,99.55648307800293,8720,0.1025390625,-15.543670034408569,0.0003,0.017270122,0.2,0.731365978717804,-0.009586067218333483,47.34738540649414,809.3566284179688,864.89
441,1746,8096,3575808,0.585012674331665,86.20795135498047,8725,0.16552734375,-15.547554016113281,0.0003,0.028334944,0.2,0.7909047603607178,-0.010483616264536977,59.786170959472656,810.4791259765625,863.73
441,1747,8101,3577856,0.5849953293800354,37.00725431442261,8730,0.16767578125,-15.549625873565674,0.0003,0.022147357,0.2,0.9032553434371948,-0.007799662428442389,8.30241584777832,793.4863891601562,856.2
441,1748,8106,3579904,0.5850231051445007,55.935491752624515,8735,0.1296875,-15.549545812606812,0.0003,0.020829678,0.2,0.8819304704666138,-0.007164236065000296,43.681053161621094,791.9053344726562,850.43
441,1749,8111,3581952,0.5850483179092407,88.19496269226075,8740,0.11201171875,-15.550573205947876,0.0003,0.018407483,0.2,0.8412919044494629,-0.00594239525962621,63.0373420715332,791.9053344726562,850.43
441,1750,8116,3584000,0.58493572473526,1.139233337342739,8745,0.1029296875,-15.549679565429688,0.0003,0.011227857,0.2,0.997570812702179,-0.010172572999726981,0.18718382716178894,795.5750122070312,850.91
441,1751,8121,3586048,0.5847571492195129,67.18009700775147,8750,0.10498046875,-15.545095729827882,0.0003,0.015171273,0.2,0.8640816807746887,-0.00501191159710288,44.677703857421875,790.1571044921875,851.24
441,1752,8126,3588096,0.5847468376159668,1.620163196325302,8755,0.07998046875,-15.542265701293946,0.0003,0.012184503,0.2,0.9942404627799988,-0.007304924400523305,0.4034111499786377,798.1266479492188,851.24
441,1753,8131,3590144,0.584486722946167,0.8041803389787674,8760,0.09501953125,-15.540235137939453,0.0003,0.010202509,0.2,0.99864262342453,-0.007303581398446113,0.2506503462791443,798.1266479492188,851.24
441,1754,8136,3592192,0.5844483375549316,0.27969797179102895,8765,0.146875,-15.530658721923828,0.0003,0.015759625,0.2,0.9993748664855957,-0.009400712535716593,0.059356577694416046,804.2175903320312,852.58
441,1755,8141,3594240,0.5843895077705383,0.6808227881789207,8770,0.1669921875,-15.532320690155029,0.0003,0.018307615,0.2,0.9991401433944702,-0.004845756152644753,0.1695561558008194,806.2189331054688,852.58
441,1756,8146,3596288,0.5840455889701843,0.43842637687921526,8775,0.19189453125,-15.523803806304931,0.0003,0.017572684,0.2,0.9992288947105408,-0.00948113352060318,0.11744730174541473,804.7845458984375,852.58
441,1757,8150,3598336,0.5839439034461975,0.3192326374351978,8780,0.2595703125,-15.513228130340575,0.0003,0.020868266,0.2,0.9994006156921387,-0.005873970210086554,0.10746459662914276,804.7845458984375,852.58
441,1758,8155,3600384,0.5841938853263855,0.16394283547997474,8785,0.2162109375,-15.516489458084106,0.0003,0.018983718,0.2,0.9997377991676331,-0.007815198949538171,0.05608179420232773,813.0111694335938,849.08
441,1759,8161,3602432,0.5843387246131897,79.19464206695557,8790,0.1376953125,-15.520668649673462,0.0003,0.02006204,0.2,0.8264340758323669,-0.008172656479291617,33.71784210205078,814.3650512695312,848.5
441,1760,8165,3604480,0.5844070315361023,41.2346447467804,8795,0.17822265625,-15.524041891098022,0.0003,0.027603159,0.2,0.9160248637199402,-0.011201768589671701,12.371599197387695,811.090087890625,848.5
441,1761,8169,3606528,0.5845646858215332,0.46254718378186227,8800,0.12724609375,-15.526988649368286,0.0003,0.012228942,0.2,0.9994214773178101,-0.009768646978773176,0.0717751532793045,811.090087890625,848.5
441,1762,8175,3608576,0.5844742655754089,0.18338012918829918,8805,0.43017578125,-15.52847466468811,0.0003,0.03110231,0.2,0.9997796416282654,0.008572773402556777,0.15624316036701202,825.3612670898438,849.1
441,1763,8180,3610624,0.5841498970985413,0.5231144607067109,8810,0.46396484375,-15.520529842376709,0.0003,0.047086835,0.2,0.9990137219429016,0.0028667240170761944,0.23214244842529297,820.253662109375,849.1
441,1764,8185,3612672,0.5844274163246155,0.42394635230302813,8815,0.276953125,-15.519112014770508,0.0003,0.024094071,0.2,0.9990283846855164,-0.008897560648620129,0.14046037197113037,825.8942260742188,849.1
441,1765,8189,3614720,0.5843523740768433,0.22783833295106887,8820,0.269140625,-15.526788854599,0.0003,0.019606516,0.2,0.9993487000465393,-0.0023021380184218287,0.09802906215190887,828.358154296875,849.1
441,1766,8195,3616768,0.5841459631919861,0.15256989300251006,8825,0.2310546875,-15.519773006439209,0.0003,0.016145857,0.2,0.9993511438369751,-0.006644737394526601,0.04861259087920189,836.2656860351562,856.48
441,1767,8200,3618816,0.5839847922325134,0.4677904203534126,8830,0.18564453125,-15.513311862945557,0.0003,0.018392425,0.2,0.99869704246521,-0.009634439588990063,0.15789368748664856,841.9635009765625,861.54
441,1768,8205,3620864,0.5835683941841125,0.22155799046158792,8835,0.25869140625,-15.502680349349976,0.0003,0.031204013,0.2,0.9993661642074585,-0.0025422898470424116,0.1389978975057602,846.9085083007812,866.87
441,1769,8209,3622912,0.5832399725914001,0.20727524273097514,8840,0.38134765625,-15.487955808639526,0.0003,0.035636548,0.2,0.9993829131126404,-5.4329540580511094e-05,0.0778665691614151,856.744140625,873.05
441,1770,8216,3624960,0.582929790019989,0.15770157873630525,8845,0.26455078125,-15.47834939956665,0.0003,0.03834878,0.2,0.9995693564414978,-0.005566675798036158,0.0748402327299118,878.516845703125,885.65
441,1771,8221,3627008,0.5826998949050903,0.4442486748099327,8850,0.35,-15.47044734954834,0.0003,0.037583534,0.2,0.9984564185142517,0.0006745661667082459,0.279101699590683,885.9035034179688,885.65
441,1772,8226,3629056,0.5825812816619873,0.2139793060719967,8855,0.24296875,-15.466605281829834,0.0003,0.017776558,0.2,0.9994151592254639,-0.009285606956109405,0.04969758167862892,888.9849243164062,887.31
441,1773,8231,3631104,0.5819690823554993,0.13673035949468612,8860,0.315234375,-15.453552722930908,0.0003,0.01796032,0.2,0.9994438886642456,-0.007465777476318181,0.04871173948049545,887.1161499023438,887.31
441,1774,8237,3633152,0.5813826322555542,0.2045544907450676,8865,0.28876953125,-15.429778575897217,0.0003,0.023736909,0.2,0.9997742176055908,-0.009522759018000215,0.044397011399269104,879.7449951171875,887.31
441,1775,8241,3635200,0.5815765857696533,0.244029750674963,8870,0.51201171875,-15.422404623031616,0.0003,0.06762962,0.2,0.9994657039642334,0.005226060724817216,0.14392152428627014,877.9382934570312,887.31
441,1776,8246,3637248,0.5819976925849915,0.20777724012732507,8875,0.38798828125,-15.43134036064148,0.0003,0.025730222,0.2,0.9993321895599365,-0.0020000178599730136,0.09135621786117554,880.6288452148438,887.31
441,1777,8251,3639296,0.5815558433532715,0.10209536142647266,8880,0.5013671875,-15.435205268859864,0.0003,0.10919211,0.2,0.9996963143348694,0.029977168352343143,0.054367754608392715,876.6241455078125,887.31
441,1778,8256,3641344,0.5811779499053955,0.1447461225092411,8885,0.48037109375,-15.418691968917846,0.0003,0.040140197,0.2,0.9997439980506897,0.01463726805523038,0.06774483621120453,879.4813842773438,887.31
440,1779,8262,3643392,0.5814363956451416,0.15417765378952025,8890,0.4076171875,-15.417978382110595,0.0003,0.03892389,0.2,0.9995216131210327,-0.005495874839834869,0.08475308120250702,878.439697265625,887.31
440,1780,8266,3645440,0.5813552141189575,0.09858511835336685,8895,0.22646484375,-15.421660375595092,0.0003,0.017690104,0.2,0.9997721314430237,-0.008792728395201265,0.027082540094852448,883.9436645507812,887.31
440,1781,8272,3647488,0.5805439949035645,0.07266865391284227,8900,0.23466796875,-15.404971933364868,0.0003,0.030245606,0.2,0.9997039437294006,-0.010294737340882421,0.03627151623368263,877.201171875,883.03
440,1782,8277,3649536,0.5800912380218506,120.37862663269043,8905,0.34873046875,-15.378017091751099,0.0003,0.039292578,0.2,0.7260777950286865,0.001700674300082028,82.32008361816406,884.1124267578125,883.81
440,1783,8282,3651584,0.5799987316131592,47.15155897140503,8910,0.17998046875,-15.370155000686646,0.0003,0.029274462,0.2,0.9218881726264954,-0.007071035937406123,22.79313087463379,885.0694580078125,883.81
440,1784,8287,3653632,0.5798243284225464,0.4271899677813053,8915,0.17119140625,-15.36597499847412,0.0003,0.015907042,0.2,0.9982208013534546,-0.012355456757359207,0.09608882665634155,885.0694580078125,883.81
440,1785,8293,3655680,0.5796388387680054,0.1600226189941168,8920,0.26845703125,-15.357992362976074,0.0003,0.016555885,0.2,0.9997286200523376,-0.011672290181741119,0.02526073530316353,889.8382568359375,891.79
440,1786,8298,3657728,0.5795233249664307,0.26353920847177503,8925,0.39111328125,-15.350797271728515,0.0003,0.02779824,0.2,0.999660074710846,0.001119772670790553,0.10573945194482803,903.4650268554688,905.39
440,1787,8302,3659776,0.5795881748199463,0.29603552371263503,8930,0.220703125,-15.347063875198364,0.0003,0.02083481,0.2,0.9996323585510254,-0.00793113666586578,0.14581917226314545,911.708740234375,910.67
440,1788,8307,3661824,0.5795670747756958,0.18037705589085817,8935,0.171875,-15.348955249786377,0.0003,0.016218835,0.2,0.9998680949211121,-0.013009178196080029,0.011389780789613724,911.708740234375,910.67
440,1789,8312,3663872,0.5795224905014038,0.2003418505191803,8940,0.55048828125,-15.346684122085572,0.0003,0.063547984,0.2,0.9998682141304016,0.04291513774078339,0.12381444126367569,941.7265014648438,937.88
440,1790,8317,3665920,0.5794520974159241,0.16037001721560956,8945,0.309765625,-15.346911573410035,0.0003,0.02668043,0.2,0.9995981454849243,-0.015047307126224041,0.0714503675699234,948.0828857421875,948.84
440,1791,8322,3667968,0.5792202353477478,0.11487272828817367,8950,0.32880859375,-15.343079423904419,0.0003,0.035732824,0.2,0.9997828006744385,-0.006313911941833794,0.05876823514699936,952.1914672851562,954.62
440,1792,8326,3670016,0.5787332653999329,0.07433802988380193,8955,0.3283203125,-15.333026313781739,0.0003,0.025488246,0.2,0.999880313873291,-0.007618145854212344,0.010583160445094109,952.1914672851562,954.62
440,1793,8332,3672064,0.5785948038101196,0.04986768327653408,8960,0.2337890625,-15.319299697875977,0.0003,0.016982248,0.2,0.9999399781227112,-0.010460649710148573,0.010135568678379059,971.646728515625,970.1
440,1794,8337,3674112,0.578653872013092,68.46195774078369,8965,0.25458984375,-15.317025423049927,0.0003,0.02467385,0.2,0.884293258190155,-0.0014589526457712055,25.394180297851562,975.8524169921875,973.59
440,1795,8342,3676160,0.57864910364151,61.07835583686828,8970,0.11787109375,-15.317173385620118,0.0003,0.017240679,0.2,0.8748646974563599,-0.005930314492434263,32.56642532348633,970.4227294921875,966.11
440,1796,8347,3678208,0.5786466002464294,92.89670295715332,8975,0.105859375,-15.316497230529786,0.0003,0.017288048,0.2,0.8083510398864746,-0.009251688583754003,48.19618606567383,959.3504638671875,963.05
440,1797,8352,3680256,0.5785922408103943,79.8475996017456,8980,0.0939453125,-15.315278720855712,0.0003,0.018117568,0.2,0.8385661840438843,-0.008171718777157366,40.29374313354492,959.7493896484375,956.82
440,1798,8357,3682304,0.578599750995636,144.39190750122071,8985,0.0638671875,-15.313664150238036,0.0003,0.011235501,0.2,0.6465176343917847,-0.007077776687219739,85.77775573730469,955.4096069335938,956.82
440,1799,8362,3684352,0.5786053538322449,1.2501130819320678,8990,0.10341796875,-15.31418399810791,0.0003,0.014207692,0.2,0.9922798275947571,-0.011301720491610467,0.20110000669956207,954.216796875,956.22
440,1800,8368,3686400,0.578697919845581,30.595588302612306,8995,0.210546875,-15.316757202148438,0.0003,0.028636986,0.2,0.8911723494529724,-0.007618802739307285,14.438897132873535,948.89453125,951.64
440,1801,8374,3688448,0.5787904858589172,31.57248682975769,9000,0.1548828125,-15.31913652420044,0.0003,0.024226543,0.2,0.8993130326271057,-0.009639781690202654,4.811686992645264,950.0867309570312,951.64
440,1802,8378,3690496,0.578711211681366,0.6589903831481934,9005,0.12744140625,-15.320380163192748,0.0003,0.015400894,0.2,0.9987332820892334,-0.01057375903474167,0.14934363961219788,950.0867309570312,951.64
440,1803,8382,3692544,0.5781707167625427,0.1932489924132824,9010,0.2091796875,-15.312153911590576,0.0003,0.026560742,0.2,0.9994258880615234,-0.010576516442233697,0.06000087782740593,950.5139770507812,951.64
440,1804,8388,3694592,0.5779834985733032,0.20683423429727554,9015,0.23076171875,-15.295254039764405,0.0003,0.018159125,0.2,0.9995595216751099,-0.005978807527571917,0.07930096238851547,945.0537719726562,953.55
440,1805,8393,3696640,0.5781726241111755,45.44183607101441,9020,0.2306640625,-15.296115112304687,0.0003,0.032492854,0.2,0.889827311038971,-0.009686957753729075,26.08592987060547,939.3154907226562,954.13
440,1806,8397,3698688,0.5781568288803101,0.5478454679250717,9025,0.18828125,-15.298391008377076,0.0003,0.023235543,0.2,0.9988638162612915,-0.004963978659361601,0.19158434867858887,939.3154907226562,954.13
440,1807,8402,3700736,0.5780179500579834,0.30236785262823107,9030,0.133984375,-15.296232509613038,0.0003,0.013693983,0.2,0.9996642470359802,-0.009936259756796063,0.06895729899406433,944.1365356445312,954.13
440,1808,8407,3702784,0.5777305960655212,0.3161135945469141,9035,0.14580078125,-15.289167547225953,0.0003,0.017444761,0.2,0.9994358420372009,-0.009425423410721123,0.06243923306465149,936.1322631835938,954.13
440,1809,8412,3704832,0.5773188471794128,0.32921177744865415,9040,0.1921875,-15.279858875274659,0.0003,0.026231417,0.2,0.9992735385894775,-0.007219854759750888,0.1771129071712494,940.3780517578125,954.13
440,1810,8417,3706880,0.5771317481994629,0.30746082216501236,9045,0.35087890625,-15.26746220588684,0.0003,0.043180197,0.2,0.9990243911743164,-0.009961013740394264,0.13167893886566162,937.8700561523438,948.53
440,1811,8423,3708928,0.5771539211273193,57.71914367675781,9050,0.240234375,-15.265855932235718,0.0003,0.035258725,0.2,0.7640989422798157,-0.0087265265872702,35.5244255065918,933.385498046875,948.53
440,1812,8428,3710976,0.5776436924934387,0.43559972271323205,9055,0.1869140625,-15.269692277908325,0.0003,0.0240922,0.2,0.9948762059211731,-0.006798871932551265,0.08876018971204758,931.2867431640625,946.9
440,1813,8433,3713024,0.5775507092475891,32.56512448787689,9060,0.584765625,-15.28182511329651,0.0003,0.24785121,0.2,0.7172496318817139,0.010328433196991681,19.01946449279785,923.7603149414062,946.63
440,1814,8438,3715072,0.5775037407875061,26.919006013870238,9065,0.339453125,-15.279997444152832,0.0003,0.0563518,0.2,0.8280936479568481,-0.008075609593652189,16.03925323486328,919.616943359375,942.18
440,1815,8443,3717120,0.5774892568588257,66.03916368484497,9070,0.2025390625,-15.280581378936768,0.0003,0.035333566,0.2,0.6449209451675415,-0.01059706900268793,45.7805061340332,903.10546875,937.27
440,1816,8448,3719168,0.577518880367279,49.589016151428225,9075,0.1732421875,-15.28154010772705,0.0003,0.03325843,0.2,0.656448483467102,-0.010368627053685487,30.587553024291992,902.5126342773438,937.27
440,1817,8454,3721216,0.5780160427093506,0.6624972328543663,9080,0.13759765625,-15.287244129180909,0.0003,0.013560716,0.2,0.9836114645004272,-0.009705499559640885,0.1595553457736969,894.3290405273438,936.95
440,1818,8459,3723264,0.5784747004508972,39.518070983886716,9085,0.46533203125,-15.306791591644288,0.0003,0.082306236,0.2,0.7602310180664062,0.0029804425314068793,12.257303237915039,894.3290405273438,936.95
440,1819,8464,3725312,0.5783702731132507,0.23123392127454281,9090,0.15888671875,-15.311041069030761,0.0003,0.015935715,0.2,0.9981310963630676,-0.010658037150278687,0.06841064989566803,893.4330444335938,936.95
440,1820,8469,3727360,0.5778468251228333,0.2942400239408016,9095,0.33046875,-15.298232269287109,0.0003,0.025560103,0.2,0.9986985325813293,-0.005408716574311257,0.10602296143770218,894.77685546875,936.95
440,1821,8474,3729408,0.577444314956665,0.21267300322651864,9100,0.2193359375,-15.28300757408142,0.0003,0.0143610025,0.2,0.9991146922111511,-0.006159140169620514,0.05465047061443329,892.131591796875,936.95
440,1822,8479,3731456,0.5769635438919067,0.1973698128014803,9105,0.55615234375,-15.263894987106323,0.0003,0.17659004,0.2,0.9994708895683289,0.049606155091896656,0.0767652615904808,889.277587890625,936.95
439,1823,8485,3733504,0.5771620869636536,0.08443075865507126,9110,0.36015625,-15.257861185073853,0.0003,0.035990786,0.2,0.9997771978378296,0.002495619549881667,0.024973399937152863,893.995361328125,936.95
439,1824,8490,3735552,0.5769264698028564,0.1995881713926792,9115,0.3470703125,-15.256630039215088,0.0003,0.03222151,0.2,0.9995490908622742,-0.009675849741324783,0.04740740731358528,889.7296752929688,934.85
439,1825,8495,3737600,0.5767901539802551,31.299244499206544,9120,0.3162109375,-15.24599747657776,0.0003,0.043236766,0.2,0.9260433912277222,-0.009314463275950402,17.608470916748047,889.74951171875,934.85
439,1826,8500,3739648,0.5770711898803711,0.28502981662750243,9125,0.31796875,-15.247612237930298,0.0003,0.0312884,0.2,0.9988732933998108,-0.002062799851410091,0.107139453291893,890.1708374023438,934.37
439,1827,8506,3741696,0.5771772861480713,62.03671741485596,9130,0.2517578125,-15.253079605102538,0.0003,0.02894022,0.2,0.8315474987030029,-0.004744494741316885,19.96718978881836,892.0933837890625,936.02
439,1828,8511,3743744,0.5771509408950806,0.6523841835558415,9135,0.1322265625,-15.253974628448486,0.0003,0.013354524,0.2,0.9977819919586182,-0.009806167683564126,0.10262033343315125,891.490966796875,938.32
439,1829,8516,3745792,0.5770346522331238,0.24213262125849724,9140,0.194140625,-15.252583694458007,0.0003,0.015613126,0.2,0.9989364147186279,-0.008406505780294537,0.06740708649158478,896.4707641601562,938.32
439,1830,8521,3747840,0.5765340924263,0.25971983894705775,9145,0.3115234375,-15.24179940223694,0.0003,0.02274257,0.2,0.9997155666351318,-0.0033033616724424063,0.11025194823741913,898.6915893554688,938.32
439,1831,8526,3749888,0.5757966637611389,0.22032700069248676,9150,0.63115234375,-15.217718505859375,0.0003,0.15207526,0.2,0.9995505213737488,0.035079457506071776,0.18128247559070587,898.2628173828125,938.32
439,1832,8532,3751936,0.5760849714279175,0.20333405323326587,9155,0.30498046875,-15.209514474868774,0.0003,0.027619036,0.2,0.9995059370994568,-0.0028080612886697055,0.12621212005615234,900.55126953125,938.32
439,1833,8536,3753984,0.5761927962303162,0.21399856433272363,9160,0.1751953125,-15.219345378875733,0.0003,0.023699049,0.2,0.9994788765907288,-0.007364363595843315,0.10247714817523956,901.4939575195312,938.32
439,1834,8541,3756032,0.5761699080467224,0.28289688415825365,9165,0.3322265625,-15.215587759017945,0.0003,0.03452562,0.2,0.9997923970222473,-0.004976994008757174,0.08569231629371643,899.5899047851562,938.32
439,1835,8548,3758080,0.5762839317321777,0.11381474398076534,9170,0.29541015625,-15.214812231063842,0.0003,0.12809083,0.2,0.9997630715370178,0.005250259931199252,0.1745804250240326,884.9781494140625,919.0
439,1836,8553,3760128,0.5763586759567261,256.4870460510254,9175,0.203515625,-15.216680717468261,0.0003,0.023248477,0.2,0.46263957023620605,-0.00444744813721627,114.49131774902344,881.7955322265625,914.23
439,1837,8557,3762176,0.5764052867889404,38.55687656402588,9180,0.14619140625,-15.217450618743896,0.0003,0.021919008,0.2,0.9165964126586914,-0.008794445358216763,22.516170501708984,879.0694580078125,909.99
439,1838,8563,3764224,0.5764744281768799,30.765023469924927,9185,0.19140625,-15.219325637817382,0.0003,0.029917778,0.2,0.9325143694877625,-0.012071920558810234,18.293766021728516,871.6763916015625,899.68
439,1839,8568,3766272,0.5764831304550171,197.13702468872071,9190,0.04443359375,-15.220253610610962,0.0003,0.01015989,0.2,0.5208421945571899,-0.007305033225566149,79.91040802001953,881.3406372070312,913.58
439,1840,8573,3768320,0.5765077471733093,1.966175451874733,9195,0.09912109375,-15.220217084884643,0.0003,0.015151478,0.2,0.9898147583007812,-0.008627930982038378,0.548957347869873,881.3836059570312,912.38
439,1841,8577,3770368,0.5766861438751221,93.9440761566162,9200,0.170703125,-15.222971630096435,0.0003,0.027894286,0.2,0.6579352021217346,-0.009287003241479398,53.413475036621094,883.468017578125,912.38
439,1842,8582,3772416,0.5767844915390015,1.1616196990013123,9205,0.1119140625,-15.228120136260987,0.0003,0.013307394,0.2,0.9939637780189514,-0.008162769116461277,0.3724137842655182,879.9357299804688,912.38
439,1843,8587,3774464,0.5769428610801697,0.7683668479323387,9210,0.23310546875,-15.231435012817382,0.0003,0.018028025,0.2,0.9964764714241028,-0.004227596306009218,0.1628493368625641,883.4767456054688,918.61
439,1844,8592,3776512,0.5768659114837646,0.8020622164011002,9215,0.1556640625,-15.234285640716553,0.0003,0.013075861,0.2,0.9962040185928345,-0.008741340576671064,0.21783843636512756,884.817626953125,919.21
439,1845,8597,3778560,0.5768542885780334,0.4836616314947605,9220,0.16669921875,-15.231004190444946,0.0003,0.014477048,0.2,0.9971662163734436,-0.011781058507040143,0.09097503125667572,889.9905395507812,923.79
439,1846,8602,3780608,0.5770591497421265,0.3914415083825588,9225,0.1505859375,-15.234133625030518,0.0003,0.0153794475,0.2,0.9977689385414124,-0.00962139725452289,0.1139066219329834,886.6404418945312,923.79
439,1847,8607,3782656,0.5770590901374817,0.37969274297356603,9230,0.1953125,-15.237222719192506,0.0003,0.014180061,0.2,0.9987117648124695,-0.006098225014284253,0.0955805703997612,886.089599609375,923.79
439,1848,8612,3784704,0.5767723917961121,0.4322616532444954,9235,0.203125,-15.23156304359436,0.0003,0.016920324,0.2,0.998863697052002,-0.007869281037710608,0.10414767265319824,891.8169555664062,923.79
439,1849,8618,3786752,0.5766506791114807,0.2542062267661095,9240,0.2970703125,-15.221781396865845,0.0003,0.026380196,0.2,0.9991752505302429,-0.01024894219590351,0.0775391086935997,892.6701049804688,923.79
439,1850,8623,3788800,0.5764517784118652,0.2493850938975811,9245,0.24130859375,-15.217401218414306,0.0003,0.02371422,0.2,0.9993917346000671,-0.012144449399784207,0.08095023781061172,890.460693359375,925.38
439,1851,8628,3790848,0.5760107040405273,0.29253546968102456,9250,0.1673828125,-15.207113647460938,0.0003,0.016864419,0.2,0.9993835687637329,-0.011102902237325907,0.07499972730875015,892.9947509765625,925.38
439,1852,8633,3792896,0.575713574886322,0.21531491950154305,9255,0.24150390625,-15.19154658317566,0.0003,0.06719374,0.2,0.9993525147438049,-0.0018796252086758613,0.10840673744678497,893.74853515625,925.38
439,1853,8637,3794944,0.5756307244300842,0.2133165519684553,9260,0.3451171875,-15.18673334121704,0.0003,0.043404542,0.2,0.9995025992393494,0.0016950302757322787,0.10733846575021744,897.4328002929688,925.38
439,1854,8643,3796992,0.5758740901947021,0.16084497123956681,9265,0.52783203125,-15.187078285217286,0.0003,0.052175254,0.2,0.999516487121582,0.015206473111175001,0.0852985680103302,894.2439575195312,925.38
439,1855,8647,3799040,0.5757046341896057,0.16243320591747762,9270,0.36845703125,-15.18698172569275,0.0003,0.039244078,0.2,0.9993540048599243,0.000993672211188823,0.05790228396654129,891.4630737304688,925.38
439,1856,8652,3801088,0.5755888223648071,0.09697324335575104,9275,0.32314453125,-15.18031449317932,0.0003,0.044699363,0.2,0.9995341897010803,-0.0011463761562481522,0.0479845330119133,895.8301391601562,930.98
439,1857,8657,3803136,0.5754028558731079,0.1517638985067606,9280,0.3599609375,-15.176523113250733,0.0003,0.032002885,0.2,0.9994078874588013,-0.009078364376910031,0.056598126888275146,895.6130981445312,930.98
439,1858,8663,3805184,0.575202226638794,0.0884698774665594,9285,0.451171875,-15.167938280105592,0.0003,0.073216416,0.2,0.9997813701629639,0.011696656653657555,0.07818814367055893,900.940673828125,932.88
439,1859,8667,3807232,0.574907660484314,0.1820612482726574,9290,0.494921875,-15.161345863342286,0.0003,0.060831998,0.2,0.999502420425415,0.025013734633103014,0.07618522644042969,900.940673828125,932.88
439,1860,8672,3809280,0.5741459727287292,0.19041126165539027,9295,0.4818359375,-15.14371829032898,0.0003,0.079185545,0.2,0.9998356103897095,0.018212495534680784,0.18005003035068512,910.822998046875,942.24
439,1861,8677,3811328,0.5739304423332214,0.202718647941947,9300,0.169921875,-15.126374101638794,0.0003,0.023905542,0.2,0.9995194673538208,-0.007247494079638273,0.046016134321689606,911.0806884765625,942.24
439,1862,8683,3813376,0.5738816857337952,0.11598857101052999,9305,0.2240234375,-15.121386051177979,0.0003,0.021858213,0.2,0.9998053908348083,-0.004816396138630807,0.031269751489162445,919.9660034179688,942.24
439,1863,8687,3815424,0.5736668705940247,0.14404278993606567,9310,0.199609375,-15.117584991455079,0.0003,0.01936949,0.2,0.9996685981750488,-0.006488049135077745,0.05291145294904709,920.1265869140625,942.56
439,1864,8692,3817472,0.5732643604278564,0.21957747414708137,9315,0.50625,-15.101225137710571,0.0003,0.077139124,0.2,0.9998385310173035,0.013610077300108969,0.0638427734375,923.85302734375,942.56
439,1865,8697,3819520,0.573022723197937,0.09991286527365446,9320,0.28935546875,-15.093864250183106,0.0003,0.030446757,0.2,0.9998672008514404,-0.012550436321180313,0.011449337005615234,923.8031005859375,942.56
439,1866,8702,3821568,0.5722104907035828,0.07724645864218474,9325,0.35517578125,-15.075774002075196,0.0003,0.045287225,0.2,0.9998444318771362,-0.005409540887922048,0.02242215722799301,931.9744262695312,942.56
439,1867,8707,3823616,0.5717909336090088,0.1455597484484315,9330,0.24638671875,-15.056670999526977,0.0003,0.02159813,0.2,0.9997353553771973,-0.003611188195645809,0.035723112523555756,929.6441650390625,942.56
439,1868,8711,3825664,0.5712361931800842,0.09366879872977733,9335,0.26337890625,-15.0384925365448,0.0003,0.020152304,0.2,0.9997750520706177,-0.003953955136239529,0.07070915400981903,934.51953125,942.56
439,1869,8716,3827712,0.5710060000419617,0.10306428987532854,9340,0.204296875,-15.022366189956665,0.0003,0.018002898,0.2,0.999731719493866,-0.011189190327422693,0.04311877116560936,930.8929443359375,942.56
439,1870,8721,3829760,0.5708563923835754,0.11253343392163515,9345,0.2189453125,-15.016210556030273,0.0003,0.023627482,0.2,0.9994356632232666,-0.007556559285148978,0.05165013670921326,935.471923828125,944.66
439,1871,8726,3831808,0.5708328485488892,0.09313629828393459,9350,0.294921875,-15.013156414031982,0.0003,0.025149748,0.2,0.9996482729911804,-0.003682713641319424,0.045590952038764954,930.0720825195312,939.4
439,1872,8731,3833856,0.5708473920822144,32.777385807037355,9355,0.53916015625,-15.013737678527832,0.0003,0.17358837,0.2,0.8947520852088928,0.014994771173223852,10.079070091247559,934.0487670898438,942.21
439,1873,8736,3835904,0.5708456039428711,0.28819586113095286,9360,0.1806640625,-15.013276672363281,0.0003,0.014191057,0.2,0.9987911581993103,-0.009768707468174398,0.05295228213071823,936.2633666992188,942.21
439,1874,8742,3837952,0.5709691047668457,0.11573304366320372,9365,0.25185546875,-15.014257383346557,0.0003,0.019152328,0.2,0.9996982216835022,-0.0033207140513695776,0.05357415974140167,935.3870239257812,942.21
438,1875,8747,3840000,0.5710193514823914,0.13371353633701802,9370,0.1978515625,-15.01823649406433,0.0003,0.018276785,0.2,0.9997584223747253,-0.012420337519142777,0.02734767086803913,931.9383544921875,942.21
438,1876,8752,3842048,0.5713532567024231,0.11944066695868968,9375,0.38701171875,-15.025407075881958,0.0003,0.031492695,0.2,0.9998596906661987,0.0024688812205567955,0.02852422371506691,936.6419677734375,942.21
438,1877,8757,3844096,0.571172833442688,0.07824305221438407,9380,0.418359375,-15.027277994155884,0.0003,0.022205327,0.2,0.9999091625213623,0.0043615725124254824,0.03481389209628105,929.215576171875,933.12
438,1878,8763,3846144,0.5711710453033447,133.13488311767577,9385,0.3748046875,-15.02702169418335,0.0003,0.057896525,0.2,0.8214840888977051,0.00244987930636853,68.29755401611328,905.6073608398438,917.37
438,1879,8768,3848192,0.5711981654167175,303.5564483642578,9390,0.0279296875,-15.0278329372406,0.0003,0.006308678,0.2,0.6777275800704956,-0.004328246298246086,141.80856323242188,893.035888671875,907.09
438,1880,8773,3850240,0.5712766647338867,107.8996826171875,9395,0.04541015625,-15.029460859298705,0.0003,0.011497252,0.2,0.8236792683601379,-0.0062554321018978955,50.244598388671875,899.0064086914062,908.73
438,1881,8778,3852288,0.5712606906890869,129.31198348999024,9400,0.044921875,-15.031209945678711,0.0003,0.009389561,0.2,0.7262932658195496,-0.004907035594806075,49.908382415771484,906.3154907226562,909.92
438,1882,8784,3854336,0.5712350606918335,110.8149543762207,9405,0.09375,-15.030394744873046,0.0003,0.014590396,0.2,0.7789463400840759,-0.008908913074992596,42.54264831542969,908.7196655273438,915.22
438,1883,8788,3856384,0.5712823867797852,113.15051765441895,9410,0.11015625,-15.031019353866578,0.0003,0.017405592,0.2,0.6825497150421143,-0.008218730543740093,94.01899719238281,916.4570922851562,919.82
438,1884,8793,3858432,0.5711849927902222,1.518681100010872,9415,0.1328125,-15.03187108039856,0.0003,0.019112237,0.2,0.9946802258491516,-0.011024132138118148,0.26103368401527405,915.9678344726562,918.56
438,1885,8798,3860480,0.5711663961410522,29.524764251708984,9420,0.16572265625,-15.029450035095214,0.0003,0.02425034,0.2,0.881402850151062,-0.004113990836776793,18.983322143554688,912.964111328125,918.56
438,1886,8803,3862528,0.5711410641670227,0.7723011642694473,9425,0.17216796875,-15.02915072441101,0.0003,0.01632559,0.2,0.9979642033576965,-0.005236650840379298,0.17572623491287231,926.6035766601562,928.42
438,1887,8808,3864576,0.5711514949798584,0.9078536748886108,9430,0.15537109375,-15.027872610092164,0.0003,0.016657906,0.2,0.997910737991333,-0.008374644373543561,0.18945293128490448,932.2408447265625,928.42
438,1888,8813,3866624,0.5710251331329346,0.363598470389843,9435,0.1162109375,-15.027164745330811,0.0003,0.013482844,0.2,0.9989124536514282,-0.008382276259362697,0.09220801293849945,930.1847534179688,928.42
438,1889,8818,3868672,0.5710702538490295,0.6599619574844837,9440,0.29228515625,-15.02586989402771,0.0003,0.025917225,0.2,0.9990054368972778,0.00018539046868681908,0.5352964401245117,927.669677734375,928.42
438,1890,8823,3870720,0.5711801052093506,0.26243492066860197,9445,0.214453125,-15.026904582977295,0.0003,0.01876443,0.2,0.9988765120506287,-0.010077855235431343,0.06444989889860153,928.683349609375,928.42
438,1891,8828,3872768,0.5710645318031311,0.36659845486283305,9450,0.1935546875,-15.027504873275756,0.0003,0.021244956,0.2,0.9986889362335205,-0.01096549112116918,0.11011137068271637,928.1063842773438,928.42
438,1892,8832,3874816,0.5712251663208008,0.164945163205266,9455,0.32998046875,-15.024963188171387,0.0003,0.019359425,0.2,0.9996515512466431,-0.0007805357687175274,0.03432396799325943,926.572509765625,928.42
438,1893,8837,3876864,0.571443498134613,0.29568332359194754,9460,0.31796875,-15.029251670837402,0.0003,0.025426295,0.2,0.9997223019599915,0.0002883125562220812,0.07964655756950378,926.4954833984375,928.42
438,1894,8842,3878912,0.5714753270149231,0.10532019846141338,9465,0.45908203125,-15.032587957382201,0.0003,0.08119661,0.2,0.9998114705085754,0.025485614826902748,0.08355874568223953,926.7686157226562,928.42
438,1895,8847,3880960,0.5716835856437683,0.17534546554088593,9470,0.41748046875,-15.031959819793702,0.0003,0.058524713,0.2,0.9997387528419495,0.015835722186602653,0.061320800334215164,927.00048828125,928.42
438,1896,8852,3883008,0.5720421671867371,0.14774501863867046,9475,0.29775390625,-15.040684175491332,0.0003,0.028572291,0.2,0.999825119972229,0.0024342579185031355,0.21675577759742737,932.1132202148438,928.42
438,1897,8857,3885056,0.5719017386436462,0.10239315312355757,9480,0.27041015625,-15.04649510383606,0.0003,0.022692911,0.2,0.9996492266654968,-0.009689642861485482,0.018119782209396362,935.9422607421875,928.42
438,1898,8863,3887104,0.5716807842254639,0.09527939669787884,9485,0.3580078125,-15.038508749008178,0.0003,0.037174534,0.2,0.9997988343238831,-0.0055379824596457185,0.04800746962428093,924.8696899414062,928.42
438,1899,8867,3889152,0.571423351764679,0.16797663420438766,9490,0.3287109375,-15.03335099220276,0.0003,0.021156717,0.2,0.9996126294136047,0.00016833302797749638,0.04820568114519119,927.793701171875,928.42
438,1900,8872,3891200,0.5713524222373962,0.1773909203708172,9495,0.333984375,-15.027788019180297,0.0003,0.030128162,0.2,0.9998164772987366,-0.006666218466125429,0.03749649226665497,931.2555541992188,928.42
438,1901,8877,3893248,0.571242094039917,0.10325209051370621,9500,0.2796875,-15.025395107269286,0.0003,0.036586292,0.2,0.9996381402015686,-0.0049645172664895655,0.05093611776828766,935.4488525390625,928.42
438,1902,8883,3895296,0.5709875226020813,0.07623995859175921,9505,0.2669921875,-15.015808725357056,0.0003,0.018687284,0.2,0.9995107650756836,-0.009304613329004497,0.029306869953870773,935.891357421875,928.42
438,1903,8888,3897344,0.5705364942550659,0.08103445637971163,9510,0.25712890625,-15.003029680252075,0.0003,0.02811691,0.2,0.9997730255126953,-0.007273572485428303,0.03520643338561058,931.415283203125,928.42
438,1904,8893,3899392,0.5699183344841003,0.0664423082023859,9515,0.260546875,-14.98630747795105,0.0003,0.018390222,0.2,0.9998654127120972,-0.015178445901256055,0.01171567291021347,932.03955078125,928.42
438,1905,8899,3901440,0.5693003535270691,0.08679187074303626,9520,0.28212890625,-14.964238786697388,0.0003,0.018319719,0.2,0.9998065829277039,-0.008302984246984123,0.006380397826433182,935.6200561523438,928.42
438,1906,8904,3903488,0.5686416029930115,0.07259695269167424,9525,0.2357421875,-14.941242122650147,0.0003,0.021017019,0.2,0.9998787045478821,-0.010164764546789228,0.002408042550086975,939.635498046875,928.42
438,1907,8910,3905536,0.5682664513587952,0.07106675524264575,9530,0.1841796875,-14.921101474761963,0.0003,0.014769558,0.2,0.9998272061347961,-0.007776114623993635,-0.0010226089507341385,941.9545288085938,927.66
438,1908,8915,3907584,0.5681806206703186,40.78179936408996,9535,0.298046875,-14.91086277961731,0.0003,0.04589764,0.2,0.8505517244338989,-0.005764725781045854,23.568214416503906,935.644287109375,927.66
438,1909,8920,3909632,0.5680762529373169,0.19260679371654987,9540,0.15810546875,-14.90926775932312,0.0003,0.016837964,0.2,0.9989868402481079,-0.009198180795647205,0.11217556148767471,936.7198486328125,927.66
438,1910,8925,3911680,0.5681872367858887,0.16306205838918686,9545,0.1537109375,-14.907957601547242,0.0003,0.016316863,0.2,0.9997013211250305,-0.010591226001270115,0.04306495189666748,934.6509399414062,927.66
438,1911,8929,3913728,0.5681372284889221,0.10382867064327002,9550,0.30908203125,-14.911063146591186,0.0003,0.019292485,0.2,0.9998950362205505,-0.0075472448719665405,0.02320772036910057,928.3377075195312,921.9
438,1912,8934,3915776,0.5679520964622498,84.41759133338928,9555,0.4486328125,-14.90661039352417,0.0003,0.10376754,0.2,0.852661669254303,0.012558297300711275,33.53683090209961,934.4623413085938,921.9
438,1913,8940,3917824,0.5680031180381775,0.37266567870974543,9560,0.1470703125,-14.904776620864869,0.0003,0.01762778,0.2,0.9986366629600525,-0.01171377394348383,0.06131505221128464,921.7893676757812,914.04
438,1914,8945,3919872,0.5680116415023804,125.1461338043213,9565,0.20419921875,-14.904551649093628,0.0003,0.022286674,0.2,0.7821344137191772,-0.0031717590056359766,72.78509521484375,919.6402587890625,909.6
438,1915,8951,3921920,0.5680112838745117,60.23243112564087,9570,0.1337890625,-14.904206085205079,0.0003,0.021821601,0.2,0.8599663376808167,-0.007514557079412043,33.95644760131836,917.86328125,904.49
438,1916,8956,3923968,0.5679757595062256,183.43694839477538,9575,0.04482421875,-14.90400071144104,0.0003,0.009651005,0.2,0.24621284008026123,-0.007876074709929525,137.8428497314453,909.4840087890625,901.68
438,1917,8961,3926016,0.5679843425750732,28.816601085662843,9580,0.19091796875,-14.903254842758178,0.0003,0.029707022,0.2,0.8083171248435974,-0.008216176927089692,12.48629379272461,900.2425537109375,893.6
438,1918,8967,3928064,0.5678784847259521,73.52293138504028,9585,0.273828125,-14.902003526687622,0.0003,0.03915678,0.2,0.49941110610961914,-0.009157762059476226,34.03706359863281,896.4310913085938,890.43
438,1919,8971,3930112,0.5678256750106812,76.4744062423706,9590,0.16943359375,-14.899372720718384,0.0003,0.023526631,0.2,0.47641390562057495,-0.008238454186357557,43.938838958740234,893.8184204101562,888.12
438,1920,8976,3932160,0.5677487254142761,41.45740790367127,9595,0.13857421875,-14.897817850112915,0.0003,0.019957699,0.2,0.8187125325202942,-0.010585454339161516,11.928242683410645,881.0744018554688,884.79
438,1921,8981,3934208,0.5676573514938354,46.02911500930786,9600,0.18134765625,-14.894590711593628,0.0003,0.030415399,0.2,0.8395067453384399,-0.010620559775270521,21.43593978881836,887.0333862304688,891.23
438,1922,8986,3936256,0.5675618648529053,1.0012433767318725,9605,0.1623046875,-14.892150020599365,0.0003,0.016028274,0.2,0.9965968132019043,-0.008830334711819886,0.2528620958328247,895.6709594726562,898.63
438,1923,8991,3938304,0.5673475861549377,0.6766245096921921,9610,0.2251953125,-14.889108657836914,0.0003,0.025284113,0.2,0.9976488351821899,-0.004436947242356837,0.2744273543357849,907.2499389648438,907.38
437,1924,8996,3940352,0.5670544505119324,0.6654496200382709,9615,0.2232421875,-14.881041765213013,0.0003,0.021792743,0.2,0.9989550709724426,-0.010927757062017918,0.3376431465148926,910.8060302734375,914.09
437,1925,9001,3942400,0.5669659972190857,0.6491692118346691,9620,0.1359375,-14.874972486495972,0.0003,0.020071799,0.2,0.9990836977958679,-0.008566411549691112,0.4286137819290161,924.6378784179688,925.14
437,1926,9006,3944448,0.5668565630912781,0.45442641228437425,9625,0.1537109375,-14.873627138137817,0.0003,0.016536709,0.2,0.9986521601676941,-0.010392935806885361,0.09429129958152771,930.6364135742188,934.51
437,1927,9011,3946496,0.5668395757675171,0.4471071779727936,9630,0.2296875,-14.869289255142212,0.0003,0.018516062,0.2,0.9992858171463013,-0.0013646714156493544,0.14558866620063782,928.8629150390625,939.27
437,1928,9015,3948544,0.5669615268707275,26.01251964569092,9635,0.2658203125,-14.869711780548096,0.0003,0.029472472,0.2,0.9336877465248108,-0.0102777065243572,15.849973678588867,930.33203125,939.27
437,1929,9020,3950592,0.5669304132461548,0.3416417151689529,9640,0.17939453125,-14.870708417892455,0.0003,0.01719824,0.2,0.9991230368614197,-0.01274555861018598,0.08994781970977783,934.5413208007812,944.2
437,1930,9025,3952640,0.5672053694725037,0.23954736217856407,9645,0.2986328125,-14.87258701324463,0.0003,0.08514082,0.2,0.9995434284210205,0.008162612409796566,0.12046351283788681,934.8364868164062,945.46
437,1931,9030,3954688,0.5670743584632874,0.15164033584296704,9650,0.30869140625,-14.87759575843811,0.0003,0.050872806,0.2,0.9994732141494751,-0.003072815970517695,0.06104263663291931,939.9544677734375,945.46
437,1932,9035,3956736,0.5671137571334839,0.2581004299223423,9655,0.4091796875,-14.87104573249817,0.0003,0.040344305,0.2,0.9992667436599731,0.005153842107392848,0.1388334035873413,932.8329467773438,943.54
437,1933,9040,3958784,0.5672486424446106,24.994977140426634,9660,0.35009765625,-14.874334955215454,0.0003,0.07842651,0.2,0.9038546681404114,-0.007239314948674291,6.198027610778809,924.908203125,935.85
437,1934,9045,3960832,0.5672960877418518,125.75792217254639,9665,0.08427734375,-14.877336454391479,0.0003,0.012868298,0.2,0.6326199769973755,-0.006778623827267438,85.80973052978516,918.5565795898438,931.81
437,1935,9050,3962880,0.5672614574432373,71.75679597854614,9670,0.10078125,-14.87735013961792,0.0003,0.018536687,0.2,0.8567839860916138,-0.008509237132966519,36.976417541503906,916.5870971679688,930.38
437,1936,9055,3964928,0.5672473907470703,29.656252002716066,9675,0.137890625,-14.87509994506836,0.0003,0.025259234,0.2,0.9370611906051636,-0.008569392783101648,18.995403289794922,913.0661010742188,929.76
437,1937,9060,3966976,0.5674119591712952,34.260704565048215,9680,0.1759765625,-14.87686014175415,0.0003,0.026862666,0.2,0.9311779141426086,-0.006987730297259987,13.217727661132812,917.5993041992188,929.76
437,1938,9065,3969024,0.5673612356185913,0.6019469067454338,9685,0.19375,-14.879526805877685,0.0003,0.018893173,0.2,0.9980882406234741,-0.011097315623192116,0.1960793137550354,915.714111328125,924.28
437,1939,9069,3971072,0.5673103332519531,35.11845071315766,9690,0.31982421875,-14.879149913787842,0.0003,0.04246856,0.2,0.9038307070732117,-0.004324304743204266,16.986602783203125,915.5402221679688,924.28
437,1940,9074,3973120,0.5672990083694458,0.6183390587568283,9695,0.1310546875,-14.879260969161987,0.0003,0.01589405,0.2,0.998289942741394,-0.011756100202910602,0.29768601059913635,910.688232421875,924.28
437,1941,9079,3975168,0.5673472881317139,0.24609278067946433,9700,0.20830078125,-14.880586671829224,0.0003,0.01821574,0.2,0.9993628859519958,-0.015470675192773342,0.07523740828037262,909.4353637695312,924.28
437,1942,9084,3977216,0.5672309994697571,0.4005979709327221,9705,0.24638671875,-14.879432153701782,0.0003,0.028652098,0.2,0.9990702867507935,-0.0018809540197253227,0.102573461830616,906.3587646484375,924.28
437,1943,9089,3979264,0.5672637224197388,0.24113677963614463,9710,0.20625,-14.877831172943115,0.0003,0.018436255,0.2,0.9990399479866028,-0.010711633577011525,0.07596735656261444,907.2476806640625,924.28
437,1944,9094,3981312,0.5673285722732544,0.2059439517557621,9715,0.24658203125,-14.879879808425903,0.0003,0.021684928,0.2,0.9995230436325073,-0.011449886846821754,0.11321702599525452,907.4500122070312,924.28
437,1945,9100,3983360,0.5674764513969421,0.16886364258825778,9720,0.24150390625,-14.882567071914673,0.0003,0.017842323,0.2,0.999567449092865,-0.010203888383693993,0.0474424809217453,896.2390747070312,924.28
437,1946,9105,3985408,0.5671984553337097,0.21517727375030518,9725,0.31474609375,-14.878421258926391,0.0003,0.02951867,0.2,0.9993540644645691,-0.008064394467510283,0.08141986280679703,893.5427856445312,924.28
437,1947,9110,3987456,0.5669621229171753,0.13120224848389625,9730,0.308984375,-14.868373203277589,0.0003,0.030845758,0.2,0.9996516108512878,-0.008511694835033268,0.023818962275981903,892.4768676757812,920.63
437,1948,9115,3989504,0.5668641328811646,71.669873046875,9735,0.43212890625,-14.863448905944825,0.0003,0.09264924,0.2,0.8575111031532288,-0.0021313075500074773,37.76358413696289,892.4768676757812,920.63
437,1949,9121,3991552,0.5665022730827332,0.33470555022358894,9740,0.13642578125,-14.860233688354493,0.0003,0.012225058,0.2,0.9987717866897583,-0.00791161876404658,0.06834787875413895,894.449951171875,920.63
437,1950,9127,3993600,0.5661908388137817,0.21897367686033248,9745,0.2255859375,-14.846048974990845,0.0003,0.018889112,0.2,0.9995698928833008,-0.012837965914513916,0.08282072842121124,900.193115234375,920.63
437,1951,9132,3995648,0.5663082599639893,0.0925939779728651,9750,0.4138671875,-14.84287748336792,0.0003,0.059916552,0.2,0.9997730851173401,0.012086070096120238,0.03812902793288231,888.3967895507812,919.43
437,1952,9137,3997696,0.5662614703178406,80.54182205200195,9755,0.40126953125,-14.845634651184081,0.0003,0.052818365,0.2,0.8300288319587708,0.0010256722802296282,30.830810546875,888.3967895507812,919.43
437,1953,9143,3999744,0.5662107467651367,0.31380641236901285,9760,0.157421875,-14.84400520324707,0.0003,0.016609354,0.2,0.9966819286346436,-0.009954149869736284,0.09438430517911911,889.6365356445312,917.77
437,1954,9149,4001792,0.5662368535995483,79.08036212921142,9765,0.18623046875,-14.843801832199096,0.0003,0.02937106,0.2,0.4418960213661194,-0.009058017446659506,55.76567840576172,891.0535278320312,917.77
437,1955,9154,4003840,0.5663015842437744,0.6844356000423432,9770,0.172265625,-14.84476342201233,0.0003,0.016271036,0.2,0.9896438717842102,-0.013380145211704076,0.1361168473958969,890.6846313476562,914.17
437,1956,9159,4005888,0.5662831664085388,62.69664468765259,9775,0.1560546875,-14.845428895950317,0.0003,0.023703441,0.2,0.6211735010147095,-0.008365790778771042,22.538740158081055,890.6846313476562,914.17
437,1957,9164,4007936,0.5661729574203491,0.39732912480831145,9780,0.1814453125,-14.842902660369873,0.0003,0.013681276,0.2,0.9966005086898804,-0.012803629518020897,0.08034548163414001,891.2857055664062,919.42
437,1958,9169,4009984,0.5662923455238342,48.74959273338318,9785,0.20673828125,-14.84383420944214,0.0003,0.029949442,0.2,0.8232313990592957,-0.006920639192685485,9.178570747375488,895.455322265625,919.87
437,1959,9174,4012032,0.5663712620735168,60.00398321151734,9790,0.16728515625,-14.848158502578736,0.0003,0.027775872,0.2,0.7191437482833862,-0.007475237711332738,31.755884170532227,901.7185668945312,929.46
437,1960,9178,4014080,0.5663866996765137,0.8403855502605438,9795,0.14755859375,-14.851223802566528,0.0003,0.018855194,0.2,0.9944664239883423,-0.008600738272070885,0.1800706833600998,901.7185668945312,929.46
437,1961,9184,4016128,0.566423773765564,0.525978047400713,9800,0.2130859375,-14.851405382156372,0.0003,0.02497484,0.2,0.9971975088119507,-0.005745208566077053,0.22268851101398468,900.8800048828125,939.83
437,1962,9189,4018176,0.5664604306221008,0.6764576837420464,9805,0.1818359375,-14.851942110061646,0.0003,0.014654786,0.2,0.9959043860435486,-0.0073142681736499075,0.18658286333084106,907.0556030273438,942.64
437,1963,9194,4020224,0.5663030743598938,0.37959072813391687,9810,0.11982421875,-14.851636028289795,0.0003,0.012335379,0.2,0.9983748197555542,-0.00861312283668667,0.05144375562667847,916.560546875,948.07
437,1964,9199,4022272,0.566368043422699,0.33932644203305246,9815,0.248046875,-14.849029970169067,0.0003,0.01745319,0.2,0.9985062479972839,-0.010126627271529288,0.11010478436946869,923.945068359375,953.14
437,1965,9204,4024320,0.5660280585289001,0.11026974245905877,9820,0.275,-14.84889588356018,0.0003,0.026893217,0.2,0.9994274973869324,-0.009636244084686042,0.027767961844801903,924.6428833007812,953.89
437,1966,9209,4026368,0.565841019153595,0.2018077328801155,9825,0.26376953125,-14.83661184310913,0.0003,0.017151732,0.2,0.9989139437675476,-0.010783016530331225,0.0581527054309845,930.5830688476562,961.86
437,1967,9214,4028416,0.5654400587081909,0.14234737530350686,9830,0.27451171875,-14.82783055305481,0.0003,0.032062244,0.2,0.9993425607681274,-8.292770944535732e-05,0.03318650275468826,925.5830688476562,958.73
437,1968,9219,4030464,0.5653231143951416,60.54437704086304,9835,0.47783203125,-14.817903137207031,0.0003,0.061370037,0.2,0.8460503816604614,0.013367412029765546,35.27473068237305,917.8548583984375,951.84
437,1969,9224,4032512,0.5652652382850647,203.54307136535644,9840,0.1970703125,-14.816943979263305,0.0003,0.021630678,0.2,0.5498771667480469,-0.004113445663824678,94.14634704589844,913.3107299804688,948.55
437,1970,9228,4034560,0.5653082728385925,29.72711524963379,9845,0.1455078125,-14.816240882873535,0.0003,0.020952813,0.2,0.9261403679847717,-0.009990278165787458,11.73383903503418,911.548095703125,948.55
437,1971,9233,4036608,0.565349817276001,0.47481504753232,9850,0.12685546875,-14.81834921836853,0.0003,0.015987666,0.2,0.999427318572998,-0.010835323529317976,0.10715022683143616,909.26123046875,946.45
437,1972,9239,4038656,0.5654144287109375,40.449443912506105,9855,0.314453125,-14.819898986816407,0.0003,0.043844435,0.2,0.900820255279541,-0.006803938141092658,18.33775520324707,910.9425659179688,946.45
437,1973,9243,4040704,0.5652039051055908,0.573393902182579,9860,0.10595703125,-14.819503736495971,0.0003,0.012881505,0.2,0.9991365671157837,-0.008820432820357382,0.190657377243042,917.5496215820312,949.45
437,1974,9248,4042752,0.5650046467781067,0.42469373494386675,9865,0.1529296875,-14.8115074634552,0.0003,0.014574908,0.2,0.9991331696510315,-0.008574844058603048,0.07339958846569061,918.3244018554688,949.45
437,1975,9253,4044800,0.5648396015167236,0.40865178480744363,9870,0.1955078125,-14.80633578300476,0.0003,0.02192949,0.2,0.9995746612548828,-0.009098633204121142,0.20522689819335938,917.6529541015625,949.45
437,1976,9258,4046848,0.5645251870155334,0.41522531807422636,9875,0.1759765625,-14.800171709060669,0.0003,0.023034597,0.2,0.9984501600265503,-0.006251874985173345,0.16856607794761658,924.2059326171875,948.17
437,1977,9264,4048896,0.5644506812095642,114.971604347229,9880,0.2548828125,-14.79163064956665,0.0003,0.039181706,0.2,0.7333503365516663,-0.007367927441373467,67.41759490966797,924.0607299804688,948.17
437,1978,9269,4050944,0.5641469955444336,0.6898568645119667,9885,0.1818359375,-14.787710857391357,0.0003,0.024790969,0.2,0.9983634948730469,-0.013343487586826085,0.1764645278453827,920.0262451171875,948.17
437,1979,9274,4052992,0.5639153718948364,0.3979932129383087,9890,0.14970703125,-14.778319835662842,0.0003,0.013233561,0.2,0.9994558691978455,-0.008201605593785643,0.11060219258069992,925.5739135742188,949.23
436,1980,9279,4055040,0.5638661980628967,26.115014839172364,9895,0.2408203125,-14.774908876419067,0.0003,0.028456455,0.2,0.9521171450614929,-0.008423557097557932,11.15739917755127,939.3086547851562,954.83
437,1981,9283,4057088,0.563747227191925,0.6722652554512024,9900,0.15732421875,-14.772651052474975,0.0003,0.01717552,0.2,0.9987810850143433,-0.011673317104578019,0.22186771035194397,940.2675170898438,956.9
436,1982,9288,4059136,0.5636112093925476,0.25623991936445234,9905,0.20986328125,-14.768343114852906,0.0003,0.022711646,0.2,0.9996128082275391,-0.008025124378036708,0.11473105102777481,946.3534545898438,959.54
436,1983,9293,4061184,0.563501238822937,73.13292274475097,9910,0.2115234375,-14.762774991989136,0.0003,0.031996526,0.2,0.8409730792045593,-0.007763835717923939,28.160579681396484,951.6691284179688,960.16
436,1984,9298,4063232,0.563414454460144,0.8022659912705421,9915,0.14033203125,-14.761054182052613,0.0003,0.015446158,0.2,0.9960633516311646,-0.009398731414694338,0.17856450378894806,947.188720703125,960.16
436,1985,9304,4065280,0.5634247064590454,0.32229581400752066,9920,0.2935546875,-14.75853180885315,0.0003,0.020500395,0.2,0.9984099268913269,-0.0036105704959481953,0.09637242555618286,937.8375244140625,953.09
436,1986,9308,4067328,0.5634968280792236,165.0673683166504,9925,0.423046875,-14.758647203445435,0.0003,0.055624135,0.2,0.39434242248535156,0.004022002662532031,81.22191619873047,937.6051025390625,953.09
436,1987,9313,4069376,0.5635403394699097,0.9200517073273659,9930,0.14677734375,-14.760906982421876,0.0003,0.013403413,0.2,0.9952424168586731,-0.010419385530985892,0.1736416071653366,937.8192749023438,953.09
436,1988,9318,4071424,0.5635569095611572,0.48954285085201266,9935,0.3166015625,-14.761483907699585,0.0003,0.024103254,0.2,0.9976509809494019,-0.0032858079532161353,0.10925870388746262,932.5384521484375,952.09
436,1989,9324,4073472,0.5634090900421143,39.55661020278931,9940,0.308203125,-14.758546543121337,0.0003,0.041900694,0.2,0.9004339575767517,-0.011408485332503914,10.308854103088379,930.2988891601562,952.09
436,1990,9329,4075520,0.5633848905563354,0.8549099937081337,9945,0.173828125,-14.755511283874512,0.0003,0.020097913,0.2,0.9956760406494141,-0.010142615460790694,0.23229441046714783,937.0798950195312,952.09
436,1991,9334,4077568,0.563267707824707,0.346264673769474,9950,0.1900390625,-14.753100442886353,0.0003,0.016161408,0.2,0.999190628528595,-0.0077736986801028255,0.08356472849845886,937.0798950195312,952.09
436,1992,9339,4079616,0.563054084777832,0.42504253014922144,9955,0.480859375,-14.74120306968689,0.0003,0.03998238,0.2,0.9996038675308228,0.029834904917515816,0.08169105648994446,938.5747680664062,952.09
436,1993,9344,4081664,0.5631117820739746,0.296797101944685,9960,0.2173828125,-14.738030290603637,0.0003,0.021704394,0.2,0.9993283152580261,-0.005963408143725246,0.08229880034923553,946.7346801757812,955.74
436,1994,9349,4083712,0.5631240010261536,0.2584189705550671,9965,0.241015625,-14.738668441772461,0.0003,0.020700084,0.2,0.9994201064109802,-0.006272052507847547,0.07351792603731155,949.5582885742188,955.74
436,1995,9354,4085760,0.5631051063537598,0.36436315029859545,9970,0.3591796875,-14.737400150299072,0.0003,0.07776371,0.2,0.9995484352111816,0.009995900280773639,0.10631736367940903,952.456298828125,953.92
436,1996,9358,4087808,0.563088595867157,74.14473237991334,9975,0.32216796875,-14.738315010070801,0.0003,0.04329426,0.2,0.7430018186569214,-0.006497509311884642,23.79232406616211,950.5945434570312,953.92
436,1997,9364,4089856,0.562946617603302,0.3782373026013374,9980,0.18544921875,-14.735370683670045,0.0003,0.012156247,0.2,0.9973453879356384,-0.006707672635093332,0.12212280929088593,948.5953369140625,955.12
436,1998,9368,4091904,0.5628571510314941,0.3072363637387753,9985,0.20400390625,-14.729061794281005,0.0003,0.017583752,0.2,0.9979463815689087,-0.013048407970927656,0.09211131930351257,952.5724487304688,955.12
436,1999,9373,4093952,0.5629915595054626,0.2946496278047562,9990,0.24814453125,-14.730215930938721,0.0003,0.016785009,0.2,0.9985949397087097,-0.008115794800687581,0.12224641442298889,954.8663940429688,957.54
436,2000,9379,4096000,0.5631621479988098,0.2120159648358822,9995,0.278125,-14.73637523651123,0.0003,0.017233802,0.2,0.9985890984535217,-0.007639867777470499,0.05080427974462509,956.3887329101562,954.91
436,2001,9384,4098048,0.5631396770477295,56.446589660644534,10000,0.36474609375,-14.740842008590699,0.0003,0.049859673,0.2,0.770866870880127,-0.004911584302317351,31.28318214416504,957.68017578125,954.91
436,2002,9388,4100096,0.5629971623420715,0.2522197410464287,10005,0.20126953125,-14.737626218795777,0.0003,0.022055564,0.2,0.9984631538391113,-0.010320299118757249,0.06929919123649597,960.433837890625,958.51
436,2003,9393,4102144,0.5630542039871216,0.13837343491613865,10010,0.29208984375,-14.73405318260193,0.0003,0.032448646,0.2,0.9996966123580933,-0.0030081742501351983,0.0383838415145874,963.1271362304688,960.65
436,2004,9399,4104192,0.5629708170890808,0.22992780730128287,10015,0.368359375,-14.731707334518433,0.0003,0.027262593,0.2,0.9992750287055969,0.008908157411497086,0.08657825738191605,964.43017578125,960.54
436,2005,9404,4106240,0.5629658102989197,74.87916383743286,10020,0.3953125,-14.727063846588134,0.0003,0.06653348,0.2,0.8339508771896362,0.004596927086822689,8.36626148223877,960.5161743164062,960.54
436,2006,9409,4108288,0.5627418160438538,0.4183647118508816,10025,0.25986328125,-14.726336145401001,0.0003,0.025606306,0.2,0.9977306127548218,-0.00944088960532099,0.07466524094343185,960.941162109375,960.54
436,2007,9414,4110336,0.562511682510376,0.28814726769924165,10030,0.42177734375,-14.714664745330811,0.0003,0.0609202,0.2,0.99932861328125,0.015455871354788542,0.129386305809021,966.2996215820312,960.54
436,2008,9419,4112384,0.5620380640029907,0.15418728590011596,10035,0.31337890625,-14.706476831436158,0.0003,0.060190782,0.2,0.9995688796043396,0.0015934035764075816,0.14096280932426453,966.0993041992188,960.54
436,2009,9423,4114432,0.5614945888519287,0.1213693831115961,10040,0.36630859375,-14.688311672210693,0.0003,0.036340766,0.2,0.999383807182312,-0.006561668077483773,0.05260010063648224,966.0332641601562,960.54
436,2010,9428,4116480,0.5614563226699829,0.07432296462357044,10045,0.46826171875,-14.684115648269653,0.0003,0.05804587,0.2,0.9997636675834656,0.010916439181892201,0.04102027416229248,964.0103759765625,960.54
436,2011,9434,4118528,0.5612154603004456,0.08169584088027478,10050,0.46689453125,-14.677158880233765,0.0003,0.04071115,0.2,0.9998171329498291,0.017227992904372512,0.04685966297984123,954.633544921875,960.54
436,2012,9440,4120576,0.5616281032562256,0.08930104486644268,10055,0.33125,-14.676929616928101,0.0003,0.030508013,0.2,0.9997527599334717,-0.005271049495786428,0.03393634781241417,953.9107666015625,956.79
436,2013,9445,4122624,0.5618500113487244,58.3852566242218,10060,0.37451171875,-14.689549779891967,0.0003,0.063459404,0.2,0.7781217694282532,-0.0008122282801195979,18.98272705078125,958.072265625,957.44
436,2014,9451,4124672,0.5618721842765808,0.3495026588439941,10065,0.16201171875,-14.693062686920166,0.0003,0.012897658,0.2,0.997361421585083,-0.006086209393106401,0.06842685490846634,956.8474731445312,952.94
436,2015,9456,4126720,0.5617932677268982,68.40395984649658,10070,0.1455078125,-14.691980743408203,0.0003,0.017902033,0.2,0.7371647357940674,-0.009371928800828756,21.87704086303711,968.6473999023438,958.59
436,2016,9462,4128768,0.5616774559020996,0.5024771556258202,10075,0.16376953125,-14.688977193832397,0.0003,0.014988434,0.2,0.9949329495429993,-0.011393382679671049,0.13657298684120178,974.90771484375,965.92
436,2017,9467,4130816,0.5616468191146851,0.30318397395312785,10080,0.29052734375,-14.684389019012452,0.0003,0.024257015,0.2,0.9984731078147888,-0.00750702892546542,0.07672090083360672,974.3663330078125,965.92
436,2018,9472,4132864,0.5609385967254639,0.16519416011869908,10085,0.3109375,-14.675722455978393,0.0003,0.03737737,0.2,0.9989914298057556,-0.0016032678773626684,0.05205529183149338,970.2831420898438,960.61
436,2019,9477,4134912,0.5605061650276184,109.62083892822265,10090,0.43603515625,-14.65517635345459,0.0003,0.06959095,0.2,0.744617223739624,0.006173833226785064,92.45849609375,970.0803833007812,960.61
436,2020,9482,4136960,0.5602257251739502,0.2760466955602169,10095,0.1484375,-14.64670901298523,0.0003,0.017351892,0.2,0.9993088245391846,-0.009403537004254758,0.09767752140760422,969.9863891601562,960.61
436,2021,9486,4139008,0.5600546598434448,0.29317800179123876,10100,0.15556640625,-14.638811016082764,0.0003,0.01877713,0.2,0.999697208404541,-0.007478483451995999,0.14463314414024353,968.5611572265625,960.61
436,2022,9491,4141056,0.5598094463348389,0.1230453111231327,10105,0.2103515625,-14.63239598274231,0.0003,0.017737094,0.2,0.9997847080230713,-0.00988520758692175,0.021052449941635132,962.7958374023438,960.61
436,2023,9497,4143104,0.5597455501556396,0.1172538548707962,10110,0.27314453125,-14.62729434967041,0.0003,0.036757722,0.2,0.9997067451477051,-0.0036626298911869525,0.038599397987127304,957.904541015625,956.72
436,2024,9502,4145152,0.5598695278167725,91.46706409454346,10115,0.4736328125,-14.629763555526733,0.0003,0.09990071,0.2,0.8013194799423218,0.007991492992732673,43.11880874633789,962.9232788085938,956.72
436,2025,9507,4147200,0.5599154233932495,0.478647205978632,10120,0.15400390625,-14.632305192947388,0.0003,0.023415823,0.2,0.9945762753486633,-0.007184807350859046,0.15367639064788818,964.2966918945312,956.55
436,2026,9511,4149248,0.559931218624115,35.123582023382184,10125,0.38759765625,-14.632189464569091,0.0003,0.057570186,0.2,0.7543796300888062,-0.0021093149436637757,19.19190216064453,960.5656127929688,956.55
436,2027,9517,4151296,0.5599490404129028,0.49888843595981597,10130,0.19013671875,-14.63292932510376,0.0003,0.018728442,0.2,0.9895398020744324,-0.009814407920930534,0.14611822366714478,947.611083984375,956.55
436,2028,9522,4153344,0.559973418712616,0.37804697155952455,10135,0.18291015625,-14.6348237991333,0.0003,0.016681595,0.2,0.998560905456543,-0.00781234372407198,0.08476318418979645,946.960205078125,957.31
436,2029,9527,4155392,0.5595750212669373,0.2149200454354286,10140,0.3685546875,-14.631267261505126,0.0003,0.052884337,0.2,0.9994254112243652,0.005282869748771191,0.06920024752616882,940.65771484375,953.82
436,2030,9532,4157440,0.5594104528427124,55.70869884490967,10145,0.3845703125,-14.61937141418457,0.0003,0.06752511,0.2,0.8737744092941284,-0.002630748855881393,21.325620651245117,937.6525268554688,950.74
436,2031,9538,4159488,0.5595196485519409,60.82298316955566,10150,0.1734375,-14.619410610198974,0.0003,0.029423328,0.2,0.8668745756149292,-0.005650657881051302,41.43620681762695,947.0446166992188,960.13
436,2032,9543,4161536,0.5595639944076538,0.5350485935807228,10155,0.14189453125,-14.62188024520874,0.0003,0.022088379,0.2,0.9979805946350098,-0.008142416150076316,0.13184642791748047,952.0549926757812,960.55
436,2033,9547,4163584,0.5594697594642639,0.1899914715439081,10160,0.17509765625,-14.621906089782716,0.0003,0.014304253,0.2,0.9994140267372131,-0.011804377380758523,0.026316555216908455,960.4386596679688,963.29
436,2034,9553,4165632,0.5591645836830139,0.13463964648544788,10165,0.2259765625,-14.61578950881958,0.0003,0.020536127,0.2,0.9996513724327087,-0.010424279281869531,0.039814822375774384,967.9745483398438,963.29
436,2035,9557,4167680,0.5589368343353271,0.168963260948658,10170,0.24541015625,-14.60478138923645,0.0003,0.033100337,0.2,0.9994748830795288,-0.007853024161886425,0.04826240986585617,969.970458984375,963.82
436,2036,9562,4169728,0.5587204694747925,54.317451095581056,10175,0.29404296875,-14.596927165985107,0.0003,0.041895885,0.2,0.9111887216567993,-0.0035359020228497686,11.450411796569824,969.7515869140625,963.82
436,2037,9567,4171776,0.5585033893585205,0.35975565314292907,10180,0.14052734375,-14.590190649032593,0.0003,0.015815305,0.2,0.9987624883651733,-0.010389152145944536,0.11114154756069183,966.9761962890625,961.35
436,2038,9572,4173824,0.5582864880561829,35.82815036773682,10185,0.379296875,-14.581088542938232,0.0003,0.061772503,0.2,0.947209894657135,-0.008895177068188787,13.979971885681152,970.3465576171875,961.35
435,2039,9577,4175872,0.5580528378486633,0.40503345653414724,10190,0.145703125,-14.575166177749633,0.0003,0.015788665,0.2,0.9995290040969849,-0.012425240688025951,0.08152756094932556,975.7537231445312,959.58
435,2040,9582,4177920,0.5580328106880188,75.91912269592285,10195,0.18876953125,-14.569008159637452,0.0003,0.024477892,0.2,0.8540667295455933,-0.007509087724611163,43.905731201171875,967.74462890625,957.09
435,2041,9587,4179968,0.5582088232040405,28.823125219345094,10200,0.19716796875,-14.571385383605957,0.0003,0.02666919,0.2,0.9245222210884094,-0.011935722827911378,6.127737998962402,963.885009765625,957.09
435,2042,9592,4182016,0.5582108497619629,0.6046493947505951,10205,0.175,-14.575583505630494,0.0003,0.021593336,0.2,0.9992761015892029,-0.006616440182551741,0.1334960013628006,958.013916015625,958.91
435,2043,9597,4184064,0.558217465877533,0.3118466384708881,10210,0.22421875,-14.575294637680054,0.0003,0.018444575,0.2,0.9987056255340576,-0.010926576657220721,0.06829211115837097,961.6035766601562,958.91
435,2044,9602,4186112,0.5580994486808777,0.24491434693336486,10215,0.2654296875,-14.574875211715698,0.0003,0.033645935,0.2,0.9976187348365784,-0.0039621723350137476,0.1665867418050766,952.9029541015625,954.14
435,2045,9607,4188160,0.5577524900436401,30.085019445419313,10220,0.548828125,-14.565204000473022,0.0003,0.122648604,0.2,0.895525336265564,0.0007178569794632494,12.323433876037598,949.0540771484375,954.14
435,2046,9612,4190208,0.557698130607605,0.27314146161079406,10225,0.13505859375,-14.560342407226562,0.0003,0.0136192925,0.2,0.9991207718849182,-0.0060468749259598555,0.04793538525700569,942.9618530273438,956.77
435,2047,9617,4192256,0.5575483441352844,0.21250761561095716,10230,0.25078125,-14.556341648101807,0.0003,0.019688234,0.2,0.9995661377906799,-0.005529030063189566,0.04015747457742691,937.02099609375,955.2
435,2048,9621,4194304,0.5574377179145813,65.65470485687256,10235,0.2890625,-14.550082349777222,0.0003,0.03911707,0.2,0.7824249267578125,-0.0037618722999468446,8.417891502380371,938.245361328125,955.2
435,2049,9626,4196352,0.5574761033058167,0.5583172746002674,10240,0.118359375,-14.548533630371093,0.0003,0.01444319,0.2,0.9983884692192078,-0.008021635469049215,0.07352561503648758,933.5764770507812,955.2
435,2050,9631,4198400,0.5576537251472473,0.2151162415742874,10245,0.25419921875,-14.552263641357422,0.0003,0.024251165,0.2,0.9992995858192444,-0.003376163716893643,0.07944712042808533,935.4586791992188,954.82
435,2051,9636,4200448,0.5574883818626404,81.46990375518799,10250,0.2646484375,-14.552118062973022,0.0003,0.044140123,0.2,0.6887214779853821,-0.006770875968504697,22.421682357788086,940.769775390625,954.82
435,2052,9641,4202496,0.5574891567230225,0.5054851353168488,10255,0.177734375,-14.5481463432312,0.0003,0.016522601,0.2,0.9951803684234619,-0.01158787771128118,0.16949844360351562,941.6671752929688,954.82
435,2053,9646,4204544,0.5575070381164551,0.20102139078080655,10260,0.20078125,-14.550283861160278,0.0003,0.018903403,0.2,0.9987725019454956,-0.014192186738364398,0.022154895588755608,940.4840087890625,954.82
435,2054,9651,4206592,0.5576062798500061,0.25112101025879385,10265,0.236328125,-14.551388454437255,0.0003,0.020288086,0.2,0.9992788434028625,3.534986171871424e-05,0.08004924654960632,938.672119140625,954.82
435,2055,9656,4208640,0.5578183531761169,0.3259502358734608,10270,0.25400390625,-14.555867385864257,0.0003,0.018005608,0.2,0.9994504451751709,-0.005252245150040835,0.0926968902349472,946.07373046875,954.82
435,2056,9661,4210688,0.5576179027557373,0.22930701822042465,10275,0.2171875,-14.557225847244263,0.0003,0.021592487,0.2,0.9997009634971619,-0.002509685209952295,0.036542098969221115,949.598388671875,954.82
435,2057,9666,4212736,0.5570550560951233,0.12497808411717415,10280,0.26123046875,-14.542832565307616,0.0003,0.016220784,0.2,0.9997363090515137,-0.006230354611761868,0.026704048737883568,949.9550170898438,954.82
435,2058,9671,4214784,0.5567086338996887,0.12292099930346012,10285,0.38974609375,-14.527515029907226,0.0003,0.034915105,0.2,0.9996837973594666,0.002952068962622434,0.05057232826948166,954.099853515625,954.82
435,2059,9676,4216832,0.5568282008171082,0.16301902271807195,10290,0.3169921875,-14.521539211273193,0.0003,0.025223807,0.2,0.9995093941688538,-0.006930437800474465,0.03322688490152359,950.9749145507812,954.82
435,2060,9681,4218880,0.5570074915885925,0.10729929246008396,10295,0.3294921875,-14.528332281112672,0.0003,0.024912758,0.2,0.9996099472045898,-0.008998165786033496,0.016661297529935837,952.3037719726562,959.98
435,2061,9686,4220928,0.5568297505378723,57.903725719451906,10300,0.532421875,-14.526387262344361,0.0003,0.14265004,0.2,0.8674684762954712,0.01244413597160019,21.15435218811035,945.4092407226562,955.56
435,2062,9691,4222976,0.5568476319313049,30.725829696655275,10305,0.23671875,-14.522280311584472,0.0003,0.034978006,0.2,0.934978187084198,-0.008266564691439271,7.667670249938965,949.12548828125,955.56
435,2063,9696,4225024,0.5566913485527039,0.4263909265398979,10310,0.20283203125,-14.521174955368043,0.0003,0.024422139,0.2,0.9993941783905029,-0.012776060122996568,0.22650660574436188,948.8094482421875,952.48
435,2064,9700,4227072,0.556602954864502,42.61026244163513,10315,0.20087890625,-14.51544256210327,0.0003,0.03486523,0.2,0.9139122366905212,-0.009066855534911156,23.73076629638672,948.0538330078125,952.48
435,2065,9705,4229120,0.5565770268440247,0.26613414511084554,10320,0.19658203125,-14.514009428024291,0.0003,0.016394226,0.2,0.9989173412322998,-0.008800992532633245,0.12489654868841171,947.3001708984375,954.77
435,2066,9710,4231168,0.5560044050216675,0.15973918102681636,10325,0.2873046875,-14.504177141189576,0.0003,0.040255703,0.2,0.9994354248046875,0.0004261729889549315,0.09824281930923462,957.0044555664062,959.89
435,2067,9715,4233216,0.5559551119804382,0.21032801680266858,10330,0.3333984375,-14.481559801101685,0.0003,0.024790142,0.2,0.9995126724243164,-0.0022266527288593353,0.07904887944459915,954.5536499023438,958.74
435,2068,9720,4235264,0.5562734007835388,37.129452514648435,10335,0.40732421875,-14.486976766586304,0.0003,0.05447753,0.2,0.9318649768829346,-0.0009292662027291954,21.010204315185547,945.7835693359375,955.29
435,2069,9725,4237312,0.5562982559204102,31.441149091720582,10340,0.2548828125,-14.491354036331177,0.0003,0.03128921,0.2,0.953473687171936,-0.008861570339649915,16.058048248291016,944.7528686523438,953.2
435,2070,9730,4239360,0.5563982129096985,72.33720350265503,10345,0.14375,-14.49299955368042,0.0003,0.01927337,0.2,0.8583817481994629,-0.006801796390209347,30.799585342407227,947.9771118164062,958.37
435,2071,9735,4241408,0.5566413402557373,0.38238211125135424,10350,0.17509765625,-14.496292924880981,0.0003,0.017911734,0.2,0.9980668425559998,-0.01438185926526785,0.11603738367557526,947.8004150390625,958.37
435,2072,9739,4243456,0.5568962097167969,0.19934458732604982,10355,0.1955078125,-14.505043649673462,0.0003,0.017160002,0.2,0.9994043707847595,-0.01029688004637137,0.04649229347705841,952.256103515625,961.49
435,2073,9744,4245504,0.5568193793296814,0.18847811222076416,10360,0.21494140625,-14.507777738571168,0.0003,0.022023797,0.2,0.9997575879096985,-0.0031868404301349075,0.04624990001320839,953.5516967773438,961.49
435,2074,9749,4247552,0.5565589070320129,0.2953935720026493,10365,0.21533203125,-14.50199031829834,0.0003,0.018469889,0.2,0.9997015595436096,-0.011558913788758219,0.10421106964349747,961.3226318359375,961.49
435,2075,9754,4249600,0.5565720796585083,0.18172601088881493,10370,0.22744140625,-14.496505069732667,0.0003,0.02821749,0.2,0.9998102188110352,-0.01140498702879995,0.02983035519719124,966.1309204101562,961.49
435,2076,9759,4251648,0.5563749670982361,0.2626825712621212,10375,0.319921875,-14.494948816299438,0.0003,0.041301575,0.2,0.9996922016143799,-0.007439247332513332,0.11358821392059326,970.1585083007812,964.98
435,2077,9764,4253696,0.5562558770179749,0.2400976110249758,10380,0.26767578125,-14.489884996414185,0.0003,0.022952916,0.2,0.9998351335525513,-0.012438135338015854,0.08184760808944702,976.1607666015625,968.06
435,2078,9768,4255744,0.5560324192047119,0.17677699849009515,10385,0.28720703125,-14.482310009002685,0.0003,0.025806617,0.2,0.9996888637542725,-0.0072146372287534176,0.054777130484580994,975.6631469726562,968.06
435,2079,9773,4257792,0.5557171702384949,0.11545943766832352,10390,0.349609375,-14.47362723350525,0.0003,0.03255102,0.2,0.9996525645256042,-0.008691380778327585,0.05598536133766174,976.207275390625,968.06
435,2080,9778,4259840,0.5553224086761475,0.1256413644179702,10395,0.36708984375,-14.461875724792481,0.0003,0.031111658,0.2,0.9998080730438232,0.004397778422571719,0.05191267281770706,968.114501953125,968.06
435,2081,9783,4261888,0.554986834526062,0.12504088655114173,10400,0.2638671875,-14.448750305175782,0.0003,0.020147143,0.2,0.9998085498809814,-0.007116809533908963,0.031021250411868095,969.7806396484375,968.06
435,2082,9788,4263936,0.5551717281341553,0.08500637896358967,10405,0.47109375,-14.443858766555786,0.0003,0.055004932,0.2,0.9995444416999817,0.021360875526443123,0.06428786367177963,965.3975830078125,968.06
435,2083,9793,4265984,0.5550720691680908,0.07681299019604922,10410,0.3529296875,-14.446457052230835,0.0003,0.038373068,0.2,0.9996896982192993,-0.005551708582788706,0.02496243081986904,964.236083984375,968.53
435,2084,9798,4268032,0.5543720722198486,0.06080393027514219,10415,0.31298828125,-14.435670280456543,0.0003,0.053783335,0.2,0.9996494054794312,-0.001393499958794564,0.01744527742266655,972.045166015625,971.0
435,2085,9803,4270080,0.5537384152412415,0.09624264184385538,10420,0.3103515625,-14.4130268573761,0.0003,0.01665143,0.2,0.9996254444122314,-0.00031606517732143404,0.04397718235850334,965.2920532226562,970.57
435,2086,9808,4272128,0.5535532236099243,46.09038105010986,10425,0.226953125,-14.39854645729065,0.0003,0.024967154,0.2,0.8781192302703857,-0.004604734480381012,39.93389129638672,964.1138305664062,962.69
435,2087,9813,4274176,0.5535685420036316,228.79877319335938,10430,0.09130859375,-14.396715021133422,0.0003,0.011673819,0.2,0.6294256448745728,-0.00476928791613318,72.73047637939453,958.4793090820312,953.76
435,2088,9818,4276224,0.5535847544670105,104.70539321899415,10435,0.16826171875,-14.397245597839355,0.0003,0.027530845,0.2,0.7162449359893799,-0.009715466853231191,46.925201416015625,953.7613525390625,952.34
435,2089,9822,4278272,0.5535933971405029,48.34623022079468,10440,0.1943359375,-14.398124599456787,0.0003,0.0325231,0.2,0.7594748735427856,-0.005264371144585311,19.485340118408203,956.8253173828125,952.09
435,2090,9827,4280320,0.5536312460899353,36.46829581260681,10445,0.15947265625,-14.399039459228515,0.0003,0.02731454,0.2,0.8288314938545227,-0.008665043441578747,25.537334442138672,958.4979858398438,952.09
435,2091,9832,4282368,0.5534951686859131,0.44157635793089867,10450,0.158203125,-14.399109697341919,0.0003,0.018822048,0.2,0.9971762895584106,-0.005581762921065092,0.14337453246116638,967.2634887695312,956.86
435,2092,9837,4284416,0.553305447101593,0.1435200810432434,10455,0.2609375,-14.389494514465332,0.0003,0.019202247,0.2,0.9993472099304199,0.00121366003586445,0.0490386076271534,967.9439086914062,956.86
435,2093,9842,4286464,0.5527238249778748,0.08621770460158587,10460,0.2259765625,-14.378060007095337,0.0003,0.024575647,0.2,0.9998229146003723,-0.008117452671285719,0.00819716602563858,970.3638916015625,956.86
435,2094,9847,4288512,0.5522931814193726,0.149298382923007,10465,0.266015625,-14.356279706954956,0.0003,0.024802031,0.2,0.9998114109039307,-0.00470083235995844,0.044518180191516876,971.6849975585938,958.0
435,2095,9852,4290560,0.5522373914718628,32.883781862258914,10470,0.334375,-14.348099517822266,0.0003,0.060507543,0.2,0.9317219853401184,-0.009173005446791649,4.141279697418213,971.3005981445312,958.0
435,2096,9856,4292608,0.5519710183143616,0.3204270236194134,10475,0.166796875,-14.343535757064819,0.0003,0.01663466,0.2,0.9986065030097961,-0.012624524650163949,0.088356152176857,974.15185546875,958.0
435,2097,9861,4294656,0.5518268346786499,0.1951446957886219,10480,0.25654296875,-14.333155965805053,0.0003,0.016408497,0.2,0.9994043707847595,-0.005724047042895109,0.08622279763221741,972.31201171875,959.12
435,2098,9866,4296704,0.5517153739929199,0.3572563759982586,10485,0.4265625,-14.32893681526184,0.0003,0.039929792,0.2,0.9997381567955017,0.01041870549088344,0.16319885849952698,974.5067138671875,959.12
435,2099,9871,4298752,0.5514472126960754,0.14173831194639205,10490,0.362890625,-14.324688005447388,0.0003,0.07344859,0.2,0.9992972016334534,0.003466951334849,0.12497171759605408,974.8643188476562,959.12
435,2100,9876,4300800,0.5509916543960571,0.15541232004761696,10495,0.2640625,-14.311252546310424,0.0003,0.029026937,0.2,0.9989562630653381,-0.004589906323235482,0.06230003014206886,975.5458374023438,959.12
435,2101,9881,4302848,0.5504581332206726,0.15142720341682434,10500,0.3037109375,-14.295274543762208,0.0003,0.029201064,0.2,0.9994418025016785,-0.005808452540077269,0.028557831421494484,973.8140869140625,959.12
435,2102,9886,4304896,0.550171971321106,0.30191349759697916,10505,0.32763671875,-14.281524038314819,0.0003,0.036945067,0.2,0.9994727373123169,-0.00031015510903671385,0.050402045249938965,971.955322265625,959.12
435,2103,9891,4306944,0.5504090785980225,0.12366654835641384,10510,0.2927734375,-14.279431009292603,0.0003,0.032162562,0.2,0.9993520379066467,-0.000853288674261421,0.05110013112425804,964.0396728515625,959.12
435,2104,9896,4308992,0.5507397651672363,0.08671179171651602,10515,0.3267578125,-14.286309337615966,0.0003,0.03913638,0.2,0.9997755885124207,8.43781977891922e-05,0.03919772058725357,957.471435546875,954.55
435,2105,9901,4311040,0.5508229732513428,88.8364185333252,10520,0.465625,-14.292921543121338,0.0003,0.10633593,0.2,0.8147796392440796,0.014823900815099478,36.59832763671875,952.867431640625,940.86
435,2106,9906,4313088,0.5508530139923096,221.2775535583496,10525,0.135546875,-14.295972633361817,0.0003,0.014965577,0.2,0.49957597255706787,-0.005830733606126159,140.94833374023438,952.4939575195312,942.2
435,2107,9911,4315136,0.5508633852005005,30.99288428425789,10530,0.17822265625,-14.29631814956665,0.0003,0.031897977,0.2,0.7242019176483154,-0.0047613783739507195,0.7397292852401733,931.215087890625,929.1
435,2108,9917,4317184,0.5508166551589966,92.06280364990235,10535,0.2771484375,-14.29527587890625,0.0003,0.04200389,0.2,0.7364038228988647,-0.010905312420800329,44.309791564941406,919.69677734375,919.53
435,2109,9922,4319232,0.5508173108100891,112.09274520874024,10540,0.13212890625,-14.294694328308106,0.0003,0.015799604,0.2,0.7693691253662109,-0.005634910054504871,48.24808883666992,916.53466796875,919.53
435,2110,9928,4321280,0.5507449507713318,1.511132800579071,10545,0.14140625,-14.294003057479859,0.0003,0.017425718,0.2,0.9952413439750671,-0.00946266979444772,0.3419766426086426,906.0371704101562,912.0
435,2111,9933,4323328,0.5506930947303772,105.40664596557617,10550,0.11904296875,-14.291563272476196,0.0003,0.01841598,0.2,0.6931132078170776,-0.0077270411653444174,59.71312713623047,905.5253295898438,909.52
435,2112,9938,4325376,0.5506716966629028,56.06349868774414,10555,0.10556640625,-14.291052055358886,0.0003,0.015984604,0.2,0.7025402784347534,-0.009952941373921931,31.133771896362305,905.24365234375,910.67
435,2113,9944,4327424,0.5505969524383545,1.0771754458546638,10560,0.10078125,-14.290060901641846,0.0003,0.01581555,0.2,0.9958116412162781,-0.009695214801467955,0.2191857397556305,914.3961791992188,916.21
435,2114,9949,4329472,0.5504058599472046,0.5356630101799965,10565,0.142578125,-14.286655712127686,0.0003,0.016766258,0.2,0.9990050792694092,-0.010215839557349681,0.06961490213871002,917.6383666992188,916.21
435,2115,9955,4331520,0.5502364039421082,0.4953803800046444,10570,0.1607421875,-14.279807376861573,0.0003,0.014188719,0.2,0.999261736869812,-0.006714597763493657,0.11051207780838013,915.70556640625,916.21
435,2116,9960,4333568,0.5501963496208191,0.29615737721323965,10575,0.1474609375,-14.27573390007019,0.0003,0.015425682,0.2,0.9992902278900146,-0.009992802632041276,0.09597848355770111,915.890869140625,916.21
435,2117,9965,4335616,0.5503909587860107,0.2508840087801218,10580,0.17431640625,-14.277066087722778,0.0003,0.018844085,0.2,0.999591588973999,-0.012332279211841523,0.06277314573526382,917.7753295898438,916.21
435,2118,9971,4337664,0.5504779815673828,0.45551594644784926,10585,0.20654296875,-14.282906913757325,0.0003,0.022034574,0.2,0.9994441866874695,-0.01048638520296663,0.12406660616397858,918.0614624023438,916.21
434,2119,9977,4339712,0.5502272844314575,0.2473602905869484,10590,0.1578125,-14.2797776222229,0.0003,0.014394655,0.2,0.9995134472846985,-0.008145204675383867,0.08713968098163605,907.694580078125,911.41
434,2120,9982,4341760,0.550093948841095,55.86528582572937,10595,0.23271484375,-14.271782445907593,0.0003,0.03132579,0.2,0.881966769695282,-0.006738694803789258,21.222652435302734,903.3934936523438,911.41
434,2121,9987,4343808,0.5500694513320923,0.36158872991800306,10600,0.13828125,-14.27064824104309,0.0003,0.0136832595,0.2,0.9976402521133423,-0.00937912289518863,0.0667300671339035,908.7902221679688,911.41
434,2122,9992,4345856,0.5498908758163452,0.25483993217349055,10605,0.1869140625,-14.270230388641357,0.0003,0.019095363,0.2,0.998843789100647,-0.008691814122721553,0.07891227304935455,901.0463256835938,911.41
434,2123,9998,4347904,0.5495808720588684,0.18048737496137618,10610,0.25341796875,-14.264548206329346,0.0003,0.019135255,0.2,0.999606728553772,-0.005618727346882224,0.1271028071641922,896.5599365234375,911.41
434,2124,10003,4349952,0.5493141412734985,0.3213408596813679,10615,0.205859375,-14.256288957595824,0.0003,0.016281761,0.2,0.9992339015007019,-0.003855844936333597,0.10445871949195862,888.9595336914062,906.22
434,2125,10008,4352000,0.5491785407066345,104.72296466827393,10620,0.22275390625,-14.248453378677368,0.0003,0.03050328,0.2,0.7749572992324829,-0.008580866851843894,69.1086196899414,888.7794799804688,903.23
434,2126,10013,4354048,0.5492203831672668,57.94592409133911,10625,0.1869140625,-14.246982669830322,0.0003,0.028166804,0.2,0.8630490303039551,-0.008582585828844459,40.29498291015625,887.9412231445312,903.23
434,2127,10019,4356096,0.5490034818649292,0.5952061243355274,10630,0.1447265625,-14.245697164535523,0.0003,0.016908236,0.2,0.9981319308280945,-0.010245259385555983,0.10972590744495392,880.900146484375,903.23
434,2128,10024,4358144,0.5489804744720459,0.5402955070137978,10635,0.2078125,-14.239002704620361,0.0003,0.020858308,0.2,0.9984914660453796,-0.01150087125133723,0.12339724600315094,886.5996704101562,903.23
434,2129,10029,4360192,0.5488044023513794,0.40786541923880576,10640,0.18876953125,-14.238855171203614,0.0003,0.01704111,0.2,0.9988446235656738,-0.009180426341481506,0.11121250689029694,890.8540649414062,903.66
434,2130,10034,4362240,0.548267662525177,0.19237750135362147,10645,0.28037109375,-14.22660698890686,0.0003,0.04045006,0.2,0.999435544013977,-0.006339574605226517,0.04986381530761719,890.310546875,904.76
434,2131,10039,4364288,0.5479551553726196,0.18578900769352913,10650,0.3072265625,-14.213282060623168,0.0003,0.025582891,0.2,0.9993327856063843,-0.001562956371344626,0.08269529789686203,897.034912109375,912.15
434,2132,10044,4366336,0.5475670099258423,0.19981706887483597,10655,0.29541015625,-14.202475547790527,0.0003,0.019183092,0.2,0.9989915490150452,-0.0066920211189426485,0.05765669792890549,904.4957885742188,921.57
434,2133,10050,4368384,0.5471866130828857,0.13820885568857194,10660,0.38916015625,-14.188287115097046,0.0003,0.036074106,0.2,0.9992212057113647,-0.006624293653294444,0.061340562999248505,898.0287475585938,924.33
434,2134,10054,4370432,0.5470134615898132,30.38158360719681,10665,0.497265625,-14.178547048568726,0.0003,0.1238834,0.2,0.9103779196739197,-0.005183565011247992,24.2925968170166,898.0287475585938,924.33
434,2135,10060,4372480,0.5468465685844421,0.23391313925385476,10670,0.1517578125,-14.1737699508667,0.0003,0.010439238,0.2,0.9994899034500122,-0.010331606003455817,0.09354287385940552,895.3250732421875,923.5
434,2136,10065,4374528,0.5467113256454468,43.03010883331299,10675,0.2453125,-14.166674757003785,0.0003,0.056204554,0.2,0.9181573390960693,-0.009940306167118251,12.543807029724121,890.9879150390625,919.94
434,2137,10070,4376576,0.5467353463172913,106.89708728790283,10680,0.21962890625,-14.164118766784668,0.0003,0.03193688,0.2,0.8270882964134216,-0.01085391010856256,38.781734466552734,893.684814453125,918.85
434,2138,10075,4378624,0.5468054413795471,47.38306810855865,10685,0.2056640625,-14.165929317474365,0.0003,0.028229715,0.2,0.9139811992645264,-0.0021446894388645887,9.24060344696045,893.684814453125,918.85
434,2139,10081,4380672,0.546823263168335,0.6260891914367676,10690,0.1599609375,-14.166738414764405,0.0003,0.021268982,0.2,0.9978953003883362,-0.007534290931653231,0.13858507573604584,880.1324462890625,914.52
434,2140,10086,4382720,0.5469043850898743,101.84468479156494,10695,0.34775390625,-14.167289066314698,0.0003,0.055602457,0.2,0.7295819520950317,-0.007682014373131096,38.336143493652344,880.7567138671875,914.52
434,2141,10091,4384768,0.5468466281890869,0.5986880704760551,10700,0.12861328125,-14.168478059768677,0.0003,0.014474267,0.2,0.9978910684585571,-0.009340705862268806,0.14973565936088562,877.3822021484375,914.52
434,2142,10095,4386816,0.5467177629470825,0.36465449184179305,10705,0.1755859375,-14.164778852462769,0.0003,0.017944936,0.2,0.9986280798912048,-0.011224135290831327,0.05969736725091934,877.3822021484375,914.52
434,2143,10102,4388864,0.5466211438179016,0.29314667358994484,10710,0.2263671875,-14.157960844039916,0.0003,0.015754988,0.2,0.99941486120224,-0.0076942335115745665,0.06802411377429962,867.345703125,914.52
434,2144,10106,4390912,0.5466079711914062,0.3629412606358528,10715,0.2263671875,-14.157225179672242,0.0003,0.028598703,0.2,0.9988707304000854,-0.007764899474568665,0.12221743166446686,869.4413452148438,914.52
434,2145,10111,4392960,0.546654462814331,0.5358937285840512,10720,0.27236328125,-14.158080673217773,0.0003,0.024399944,0.2,0.9994942545890808,-0.0019492574501782656,0.4778921902179718,872.121337890625,914.52
434,2146,10117,4395008,0.5466029047966003,0.37623510658741,10725,0.2205078125,-14.15943260192871,0.0003,0.015922539,0.2,0.9996238946914673,-0.007967705698683858,0.0896325558423996,873.872314453125,914.52
434,2147,10122,4397056,0.5465790033340454,0.3362091541290283,10730,0.26220703125,-14.157350826263428,0.0003,0.019691242,0.2,0.9995399713516235,-0.00914564859122038,0.04094935953617096,878.8771362304688,914.52
434,2148,10127,4399104,0.5464270710945129,0.2522171847522259,10735,0.17470703125,-14.154641580581664,0.0003,0.01844364,0.2,0.9993674159049988,-0.011387478606775404,0.09691206365823746,884.4395141601562,914.52
434,2149,10132,4401152,0.5462761521339417,0.13525393418967724,10740,0.27138671875,-14.150145244598388,0.0003,0.019963091,0.2,0.9996542930603027,-0.0065539468778297305,0.02228781022131443,884.0697631835938,916.45
434,2150,10137,4403200,0.5461738109588623,0.12483431734144687,10745,0.27529296875,-14.144780921936036,0.0003,0.020063303,0.2,0.9995519518852234,-0.0052165650762617585,0.029061943292617798,895.0916137695312,921.2
434,2151,10143,4405248,0.5457255840301514,0.12902524545788766,10750,0.24384765625,-14.138710260391235,0.0003,0.016716981,0.2,0.9997190237045288,-0.007448604214005172,0.019267071038484573,911.1919555664062,932.44
434,2152,10147,4407296,0.5454913377761841,94.78374900817872,10755,0.2099609375,-14.126092576980591,0.0003,0.026029622,0.2,0.7708364725112915,-0.008312776335515082,46.20405578613281,911.1919555664062,932.44
434,2153,10152,4409344,0.5455025434494019,0.6022791162133216,10760,0.14892578125,-14.122994232177735,0.0003,0.016818654,0.2,0.9968212842941284,-0.00851105311885476,0.2007434070110321,911.1919555664062,932.44
434,2154,10157,4411392,0.545281708240509,0.15985067039728165,10765,0.1552734375,-14.120581007003784,0.0003,0.015090587,0.2,0.9993891716003418,-0.006177624082192778,0.024049360305070877,932.7198486328125,949.64
434,2155,10163,4413440,0.5451773405075073,0.2499925646930933,10770,0.34296875,-14.111131048202514,0.0003,0.029313516,0.2,0.9997189044952393,-0.0014401765540242196,0.04912988841533661,945.48876953125,958.19
434,2156,10168,4415488,0.5450576543807983,0.2989240922033787,10775,0.27373046875,-14.107120037078857,0.0003,0.031280912,0.2,0.9989359974861145,-0.009652791207190602,0.12192636728286743,945.48876953125,958.19
434,2157,10173,4417536,0.5450056195259094,0.18333203047513963,10780,0.24921875,-14.10244436264038,0.0003,0.019042153,0.2,0.9997718930244446,-0.004646134865470231,0.0387498140335083,945.48876953125,958.19
434,2158,10179,4419584,0.5447372794151306,0.20322374068200588,10785,0.2376953125,-14.098994016647339,0.0003,0.027866904,0.2,0.9998296499252319,0.001793500198982656,0.09936745464801788,947.48193359375,967.28
434,2159,10184,4421632,0.5444992780685425,31.976888799667357,10790,0.3423828125,-14.088489055633545,0.0003,0.040884376,0.2,0.9229995012283325,-0.00788004063651897,10.060832023620605,949.1710815429688,967.28
434,2160,10189,4423680,0.5442031025886536,0.2550962746143341,10795,0.2287109375,-14.082449197769165,0.0003,0.034234315,0.2,0.9992524981498718,-0.0060358000686392185,0.06890793889760971,949.1710815429688,967.28
434,2161,10194,4425728,0.5435984134674072,0.12373864091932774,10800,0.26728515625,-14.063780307769775,0.0003,0.02734578,0.2,0.9996179938316345,-0.0022422261303290726,0.023077314719557762,949.1710815429688,967.28
434,2162,10199,4427776,0.5435895919799805,0.12585161793977023,10805,0.341015625,-14.049580478668213,0.0003,0.036650974,0.2,0.9998621940612793,0.001961099961772561,0.017741424962878227,954.14990234375,966.03
434,2163,10206,4429824,0.5438032150268555,83.42487595081329,10810,0.35703125,-14.052766513824462,0.0003,0.05366306,0.2,0.7823637127876282,-0.004717424139380455,32.44123458862305,956.391845703125,964.96
434,2164,10211,4431872,0.5439510941505432,49.72433776855469,10815,0.18720703125,-14.058135604858398,0.0003,0.02758641,0.2,0.9085135459899902,-0.0047079823212698105,5.742570877075195,956.391845703125,964.96
434,2165,10215,4433920,0.5439488887786865,0.6080164462327957,10820,0.15771484375,-14.060328483581543,0.0003,0.01847836,0.2,0.9977500438690186,-0.007916445774026216,0.09432680159807205,956.391845703125,964.96
433,2166,10222,4435968,0.5435104966163635,0.11281892098486423,10825,0.3314453125,-14.056205368041992,0.0003,0.044508833,0.2,0.9997139573097229,-0.003988569742068649,0.09621196240186691,963.0516357421875,969.76
433,2167,10227,4438016,0.5433342456817627,0.30039084106683733,10830,0.34638671875,-14.045950365066528,0.0003,0.03204445,0.2,0.9992396235466003,-0.002511667483486235,0.1046852171421051,967.1506958007812,969.01
433,2168,10233,4440064,0.5433889627456665,63.27224180698395,10835,0.4248046875,-14.04350471496582,0.0003,0.066745624,0.2,0.7872365713119507,0.005517783691175282,6.21752405166626,959.4879150390625,961.29
433,2169,10238,4442112,0.5434183478355408,106.00835552215577,10840,0.13203125,-14.045296382904052,0.0003,0.016623959,0.2,0.6895490884780884,-0.006897503463551402,44.85137939453125,955.10986328125,955.86
433,2170,10244,4444160,0.5434415340423584,61.304658794403075,10845,0.19833984375,-14.046102952957153,0.0003,0.032334797,0.2,0.8532984852790833,-0.011283898667898029,37.385406494140625,960.6264038085938,954.78
433,2171,10249,4446208,0.5434779524803162,62.740045356750485,10850,0.1439453125,-14.047578239440918,0.0003,0.02355145,0.2,0.8489203453063965,-0.009437938465271144,43.66299819946289,963.9456787109375,956.31
433,2172,10255,4448256,0.5435029864311218,56.902261638641356,10855,0.09619140625,-14.048326683044433,0.0003,0.01621046,0.2,0.8899264335632324,-0.00812523951753974,24.054677963256836,961.7158813476562,949.36
433,2173,10260,4450304,0.5435023903846741,134.94053573608397,10860,0.0888671875,-14.049085998535157,0.0003,0.016915893,0.2,0.7829577922821045,-0.007558234082534909,66.77062225341797,957.0228881835938,946.43
433,2174,10266,4452352,0.5434637665748596,46.69434537887573,10865,0.1263671875,-14.048973512649535,0.0003,0.015102035,0.2,0.9141445755958557,-0.006554740550927818,16.83007049560547,961.8831176757812,946.43
433,2175,10271,4454400,0.5435371994972229,0.9790452614426612,10870,0.130859375,-14.048259210586547,0.0003,0.010598499,0.2,0.9975222945213318,-0.011052694066893309,0.3262820541858673,959.2811889648438,946.43
433,2176,10277,4456448,0.5434722304344177,0.612434121966362,10875,0.20068359375,-14.048641395568847,0.0003,0.011963872,0.2,0.9989397525787354,-0.008146154833957553,0.171124666929245,954.78759765625,941.47
433,2177,10282,4458496,0.5434186458587646,46.515279340744016,10880,0.28603515625,-14.046268796920776,0.0003,0.04290235,0.2,0.8980533480644226,-0.007930498081259429,10.461918830871582,951.75439453125,941.47
433,2178,10287,4460544,0.5432806015014648,0.6438813507556915,10885,0.115625,-14.04460391998291,0.0003,0.013214834,0.2,0.9987533688545227,-0.00997047359123826,0.17011818289756775,957.297119140625,941.47
433,2179,10292,4462592,0.5433058738708496,0.3591320738196373,10890,0.17626953125,-14.042646217346192,0.0003,0.015670659,0.2,0.999272882938385,-0.01046333012636751,0.035054758191108704,970.1168212890625,941.47
433,2180,10298,4464640,0.54327392578125,0.3387256786227226,10895,0.2154296875,-14.043551969528199,0.0003,0.021733714,0.2,0.9996896982192993,-0.009955541510134936,0.09163273125886917,979.3521728515625,944.37
433,2181,10302,4466688,0.542719841003418,0.31732646748423576,10900,0.3439453125,-14.035356855392456,0.0003,0.057850648,0.2,0.9983774423599243,0.004708145675249398,0.10555300116539001,976.3447875976562,944.37
433,2182,10307,4468736,0.5426557064056396,0.1961660712957382,10905,0.3802734375,-14.02286467552185,0.0003,0.025210828,0.2,0.9993903040885925,0.00997637661639601,0.06721970438957214,975.491455078125,947.79
433,2183,10313,4470784,0.5423359274864197,0.13019971810281278,10910,0.30927734375,-14.022006177902222,0.0003,0.0294935,0.2,0.9998273253440857,-0.010079115838743746,0.020711733028292656,973.7720947265625,949.02
433,2184,10319,4472832,0.5422977805137634,0.2516463313251734,10915,0.25400390625,-14.014122533798218,0.0003,0.024166498,0.2,0.9996263384819031,-0.012300610961392521,0.05130176991224289,976.4305419921875,952.51
433,2185,10324,4474880,0.5420923829078674,0.2065770573914051,10920,0.25673828125,-14.011115980148315,0.0003,0.016457334,0.2,0.9994906783103943,-0.006130039232084527,0.05814628303050995,981.4854736328125,952.51
433,2186,10329,4476928,0.5418354272842407,0.08369273021817207,10925,0.2435546875,-14.001298809051514,0.0003,0.019480228,0.2,0.9997405409812927,-0.010161319840699434,0.053156528621912,984.2946166992188,950.01
433,2187,10334,4478976,0.5417776107788086,67.75731000900268,10930,0.25771484375,-13.996651363372802,0.0003,0.037892543,0.2,0.846254825592041,-0.006457421439699828,14.9049654006958,989.358642578125,950.01
433,2188,10339,4481024,0.5419919490814209,0.47974628806114195,10935,0.25419921875,-13.99875431060791,0.0003,0.020019611,0.2,0.998690664768219,-0.0026193888392299415,0.1192510575056076,990.431884765625,950.01
433,2189,10344,4483072,0.5423290133476257,0.20981490537524222,10940,0.24091796875,-14.008263635635377,0.0003,0.019048449,0.2,0.9992977976799011,-0.005769722093828022,0.06598140299320221,991.860595703125,950.01
433,2190,10349,4485120,0.5419792532920837,0.12155687808990479,10945,0.335546875,-14.014715433120728,0.0003,0.049252056,0.2,0.9997301697731018,-0.0028303176630288364,0.05395518243312836,997.18212890625,950.01
433,2191,10354,4487168,0.54200679063797,0.09861680306494236,10950,0.329296875,-14.006370115280152,0.0003,0.029337931,0.2,0.9998088479042053,-0.005057414481416345,0.024249035865068436,994.0614624023438,950.01
433,2192,10360,4489216,0.5417969226837158,0.08885507322847844,10955,0.4359375,-14.00132350921631,0.0003,0.058493797,0.2,0.9997249841690063,0.004948838870041073,0.021732371300458908,991.22998046875,944.25
433,2193,10364,4491264,0.5416446328163147,64.91378993988037,10960,0.39150390625,-13.988955879211426,0.0003,0.08072419,0.2,0.8461052775382996,0.0013408435857854783,39.20448303222656,991.22998046875,944.25
433,2194,10369,4493312,0.5415156483650208,0.21116669625043868,10965,0.223828125,-13.98473563194275,0.0003,0.019574197,0.2,0.9983232617378235,-0.012202367081772535,0.0509294755756855,987.9964599609375,944.25
433,2195,10375,4495360,0.5414299368858337,0.18379794992506504,10970,0.21728515625,-13.97892141342163,0.0003,0.017999899,0.2,0.9994410872459412,-0.0092044627701398,0.008473780006170273,983.5784912109375,944.25
433,2196,10381,4497408,0.5415287017822266,0.15230263844132425,10975,0.43291015625,-13.976632261276245,0.0003,0.15032022,0.2,0.9995296001434326,0.014874662249349057,0.1722925752401352,973.97998046875,944.25
433,2197,10386,4499456,0.5418184399604797,36.26449046134949,10980,0.42470703125,-13.983911514282227,0.0003,0.06817077,0.2,0.9047679305076599,-0.0013244013767689466,13.48427963256836,964.8599243164062,938.15
433,2198,10392,4501504,0.5418931841850281,99.83424663543701,10985,0.1248046875,-13.989313840866089,0.0003,0.015049847,0.2,0.7633119225502014,-0.005619904596824199,39.02865982055664,960.8131103515625,935.73
433,2199,10398,4503552,0.5419206619262695,112.511341381073,10990,0.05703125,-13.991299486160278,0.0003,0.011062099,0.2,0.7520998120307922,-0.007185817626304924,80.70378112792969,955.115234375,925.52
433,2200,10403,4505600,0.5418694019317627,202.92020149230956,10995,0.03623046875,-13.99063687324524,0.0003,0.009119929,0.2,0.676935076713562,-0.006303706043399871,143.8834991455078,951.7368774414062,918.18
433,2201,10408,4507648,0.5418853759765625,111.99003887176514,11000,0.11669921875,-13.989070606231689,0.0003,0.019188736,0.2,0.7634588479995728,-0.01047360070515424,70.4254150390625,952.669921875,918.18
433,2202,10413,4509696,0.5420206189155579,0.7052499063313007,11005,0.12021484375,-13.991566133499145,0.0003,0.01704131,0.2,0.9977182745933533,-0.007792409544344991,0.10305368155241013,951.1470947265625,918.18
433,2203,10419,4511744,0.5420073866844177,0.38865087144076826,11010,0.15087890625,-13.994350576400757,0.0003,0.014590301,0.2,0.9986556768417358,-0.010036088223569096,0.04787660762667656,950.5700073242188,918.01
433,2204,10424,4513792,0.5419535040855408,46.26315212249756,11015,0.346484375,-13.991573905944824,0.0003,0.047203634,0.2,0.8934442400932312,-0.004878158518113196,17.692970275878906,943.76123046875,917.69
432,2205,10429,4515840,0.5420125722885132,26.564777755737303,11020,0.178515625,-13.992748498916626,0.0003,0.018221714,0.2,0.9482399821281433,-0.009954636439215393,21.14611053466797,940.887451171875,914.29
432,2206,10434,4517888,0.5420788526535034,45.554565238952634,11025,0.21533203125,-13.993989181518554,0.0003,0.024288803,0.2,0.9099632501602173,-0.007570507423952222,19.543731689453125,933.313720703125,905.43
432,2207,10439,4519936,0.5420935153961182,196.70912437438966,11030,0.13857421875,-13.995523309707641,0.0003,0.02102366,0.2,0.562677264213562,-0.006403818912804127,66.71778106689453,932.3554077148438,906.5
432,2208,10444,4521984,0.542066752910614,1.434558591246605,11035,0.11259765625,-13.995063543319702,0.0003,0.015281383,0.2,0.9914471507072449,-0.009603192447684705,0.24007344245910645,929.138671875,906.5
432,2209,10449,4524032,0.5419691205024719,0.5509431064128876,11040,0.22119140625,-13.993598937988281,0.0003,0.019475337,0.2,0.9981014132499695,-0.011002293694764376,0.12229356914758682,925.1260986328125,903.76
432,2210,10454,4526080,0.5418659448623657,31.731046152114867,11045,0.2771484375,-13.989412069320679,0.0003,0.031294722,0.2,0.9063503742218018,-0.007755729113705456,15.047455787658691,921.7072143554688,903.76
432,2211,10459,4528128,0.5419838428497314,0.4589236706495285,11050,0.17041015625,-13.989860534667969,0.0003,0.018520769,0.2,0.9985187649726868,-0.009280965523794293,0.12806043028831482,921.517333984375,903.76
432,2212,10463,4530176,0.5421391129493713,0.34799558371305467,11055,0.53349609375,-13.997732448577882,0.0003,0.0778331,0.2,0.9994524717330933,0.030605514749186113,0.12225501984357834,919.4344482421875,904.51
432,2213,10469,4532224,0.5419772863388062,0.26525889076292514,11060,0.29541015625,-13.998511791229248,0.0003,0.030490316,0.2,0.9994490742683411,-0.00883837891742587,0.12579208612442017,931.918701171875,917.66
432,2214,10474,4534272,0.5417195558547974,0.3102121755480766,11065,0.16533203125,-13.98958854675293,0.0003,0.016549777,0.2,0.9993340373039246,-0.007110127562191338,0.16135090589523315,932.1473388671875,917.66
432,2215,10478,4536320,0.5415363311767578,0.2680979363620281,11070,0.2646484375,-13.981754922866822,0.0003,0.023140084,0.2,0.9996280074119568,-0.013612058269791305,0.04788614436984062,930.135009765625,917.66
432,2216,10484,4538368,0.541638970375061,0.14152770377695562,11075,0.3380859375,-13.983843898773193,0.0003,0.033589754,0.2,0.9997627139091492,-0.006102719088084995,0.03205444663763046,925.4740600585938,918.23
432,2217,10489,4540416,0.5417081117630005,136.31614608764647,11080,0.68173828125,-13.986842393875122,0.0003,0.73609877,0.2,0.7777364253997803,0.06765170181170106,51.48591995239258,926.4176635742188,920.58
432,2218,10494,4542464,0.5418847799301147,63.53099021911621,11085,0.176171875,-13.992493677139283,0.0003,0.025207717,0.2,0.882774293422699,-0.010187338618561626,30.265827178955078,910.5187377929688,910.34
432,2219,10498,4544512,0.5419860482215881,66.95914220809937,11090,0.20048828125,-13.99760365486145,0.0003,0.032234114,0.2,0.8898742198944092,-0.008442245039623231,32.14871597290039,901.8607788085938,906.02
432,2220,10504,4546560,0.5420230031013489,30.413974666595458,11095,0.24765625,-13.999821090698243,0.0003,0.03365851,0.2,0.9530037045478821,-0.00879454188980162,18.08424949645996,899.9681396484375,898.84
432,2221,10509,4548608,0.5420018434524536,177.3962661743164,11100,0.0814453125,-14.00052614212036,0.0003,0.013729127,0.2,0.7506155371665955,-0.006488144770264626,83.28751373291016,903.3309936523438,898.84
432,2222,10514,4550656,0.5418651103973389,1.1064264819025993,11105,0.15087890625,-13.999067735671996,0.0003,0.014985795,0.2,0.9968858361244202,-0.0075383735820651054,0.2261306643486023,891.25,894.85
432,2223,10519,4552704,0.5417201519012451,30.609922432899474,11110,0.30986328125,-13.994445991516113,0.0003,0.036725983,0.2,0.9504412412643433,-0.00792838326888159,13.164632797241211,873.054931640625,889.33
432,2224,10524,4554752,0.5417613983154297,104.12129516601563,11115,0.19033203125,-13.993509674072266,0.0003,0.033719584,0.2,0.7902647256851196,-0.009664788376539946,39.76715087890625,876.8953857421875,889.33
432,2225,10529,4556800,0.5419036149978638,0.8721031248569489,11120,0.23212890625,-13.997068214416505,0.0003,0.029974898,0.2,0.9881983995437622,-0.010823296825401485,0.2632017731666565,871.1830444335938,882.35
432,2226,10534,4558848,0.5418699979782104,62.790572547912596,11125,0.3703125,-13.999624490737915,0.0003,0.044039503,0.2,0.6777458786964417,-0.00557902866275981,20.163347244262695,867.9838256835938,879.52
432,2227,10539,4560896,0.541831374168396,57.61879348754883,11130,0.26337890625,-13.998918390274047,0.0003,0.03938806,0.2,0.7389722466468811,-0.009922591783106328,25.33024024963379,859.1814575195312,879.52
432,2228,10543,4562944,0.5415642261505127,1.0406168758869172,11135,0.216015625,-13.994291687011719,0.0003,0.039550222,0.2,0.9955861568450928,-0.004995836853049695,0.32043159008026123,857.9014892578125,879.52
432,2229,10548,4564992,0.54110187292099,0.6240776300430297,11140,0.192578125,-13.981747770309449,0.0003,0.016506877,0.2,0.9976564645767212,-0.008203055011108518,0.22380942106246948,857.1553344726562,883.29
432,2230,10553,4567040,0.5408525466918945,0.47469509318470954,11145,0.194140625,-13.97034411430359,0.0003,0.017415363,0.2,0.9987035989761353,-0.009478049236349761,0.10322687029838562,853.1611938476562,883.29
432,2231,10558,4569088,0.5410445928573608,0.5071488626301288,11150,0.242578125,-13.966326713562012,0.0003,0.026614621,0.2,0.9989722371101379,-0.011921053403057158,0.18026497960090637,855.8125,883.29
432,2232,10563,4571136,0.5410887598991394,0.7698505207896232,11155,0.3302734375,-13.970717573165894,0.0003,0.021911487,0.2,0.9993087649345398,0.0034279294894076886,0.6017618775367737,854.6129150390625,883.29
432,2233,10568,4573184,0.5410830974578857,0.7418616138398647,11160,0.24794921875,-13.97050404548645,0.0003,0.015667222,0.2,0.9993315935134888,-0.0047258779581170526,0.52239990234375,852.2234497070312,883.29
432,2234,10574,4575232,0.5408185124397278,0.6941095106303692,11165,0.3802734375,-13.967271184921264,0.0003,0.10006127,0.2,0.9994386434555054,0.016454704440548085,0.5196950435638428,857.60791015625,883.29
432,2235,10579,4577280,0.5406436920166016,0.57843137383461,11170,0.17158203125,-13.960084486007691,0.0003,0.014312902,0.2,0.9985681176185608,-0.004999515926465392,0.1501685529947281,866.62353515625,889.05
432,2236,10584,4579328,0.5404489040374756,0.24170116260647773,11175,0.407421875,-13.952922058105468,0.0003,0.03808002,0.2,0.9991934299468994,0.009671749174594879,0.07719001919031143,866.62353515625,889.05
432,2237,10589,4581376,0.5402135848999023,0.36545145213603974,11180,0.50439453125,-13.946028566360473,0.0003,0.075690046,0.2,0.9988214373588562,0.02055756631307304,0.10846958309412003,864.2850952148438,889.05
432,2238,10594,4583424,0.5402520298957825,0.2611525937914848,11185,0.31640625,-13.942258405685426,0.0003,0.03939164,0.2,0.9993046522140503,-0.0030635727336630223,0.13465134799480438,871.1143188476562,889.05
432,2239,10600,4585472,0.540346622467041,0.23452355340123177,11190,0.242578125,-13.943928909301757,0.0003,0.037161104,0.2,0.9993820190429688,-0.007229659822769463,0.07855184376239777,874.8673706054688,889.05
432,2240,10604,4587520,0.5408284664154053,0.18868376985192298,11195,0.27392578125,-13.949232912063598,0.0003,0.034481682,0.2,0.9994078874588013,-0.006438392237760127,0.09609473496675491,874.8673706054688,889.05
432,2241,10609,4589568,0.5409478545188904,0.15908347703516484,11200,0.285546875,-13.961504554748535,0.0003,0.026892018,0.2,0.9997425079345703,-0.007820688583888114,0.036955226212739944,882.9138793945312,892.16
432,2242,10614,4591616,0.5409005880355835,0.28486859872937204,11205,0.24521484375,-13.958836030960082,0.0003,0.026847936,0.2,0.9998025894165039,-0.008986896276474,0.14509229362010956,894.7500610351562,899.5
432,2243,10619,4593664,0.541063129901886,0.251627454906702,11210,0.24130859375,-13.960336494445801,0.0003,0.024057994,0.2,0.99958735704422,-0.01290378151461482,0.10206052660942078,896.7256469726562,908.29
432,2244,10623,4595712,0.5411441922187805,0.16271488927304745,11215,0.24853515625,-13.966754484176636,0.0003,0.024618264,0.2,0.9996864795684814,-0.00520780673250556,0.07559162378311157,896.7256469726562,908.29
432,2245,10628,4597760,0.5409179329872131,0.21815254241228105,11220,0.32197265625,-13.968726444244385,0.0003,0.03228864,0.2,0.9998324513435364,-0.001324226544238627,0.07911954820156097,912.5982666015625,919.71
432,2246,10633,4599808,0.540343165397644,0.11741939596831799,11225,0.3740234375,-13.958141231536866,0.0003,0.07003063,0.2,0.9997698068618774,0.015395649429410695,0.09990628063678741,910.2725219726562,921.63
432,2247,10639,4601856,0.5400175452232361,0.10791009329259396,11230,0.458203125,-13.940161275863648,0.0003,0.0743726,0.2,0.9997172355651855,0.008010407746769487,0.04835961014032364,907.554443359375,921.63
432,2248,10643,4603904,0.5395839810371399,0.10392110496759414,11235,0.3,-13.930274248123169,0.0003,0.027134202,0.2,0.9996972680091858,-0.006882240809500217,0.01776188798248768,907.554443359375,921.63
432,2249,10649,4605952,0.5399298667907715,0.096841698884964,11240,0.35537109375,-13.922576522827148,0.0003,0.054118834,0.2,0.9998409748077393,-0.004566631943453104,0.05340981483459473,918.0083618164062,920.93
432,2250,10654,4608000,0.5401809215545654,57.0177562713623,11245,0.30234375,-13.932678747177125,0.0003,0.068614684,0.2,0.7337100505828857,-0.00655218968167901,32.099979400634766,918.2017211914062,923.37
432,2251,10658,4610048,0.5401983857154846,84.26083965301514,11250,0.1943359375,-13.935623264312744,0.0003,0.031880304,0.2,0.7833185195922852,-0.01020275040064007,36.026611328125,920.326416015625,925.17
432,2252,10663,4612096,0.540591835975647,0.46807388961315155,11255,0.13037109375,-13.940476608276366,0.0003,0.014162031,0.2,0.9980348348617554,-0.010517286788672208,0.06489260494709015,920.326416015625,925.17
432,2253,10668,4614144,0.5409230589866638,0.2633162047713995,11260,0.15693359375,-13.95696301460266,0.0003,0.011409315,0.2,0.9992501735687256,-0.007865119469352066,0.06175559386610985,915.9092407226562,929.46
432,2254,10674,4616192,0.5406200289726257,0.24046294540166854,11265,0.15361328125,-13.95639147758484,0.0003,0.01269452,0.2,0.9995553493499756,-0.008477394632063807,0.06797613203525543,920.75537109375,932.2
432,2255,10679,4618240,0.5401752591133118,0.14816006645560265,11270,0.26533203125,-13.941935825347901,0.0003,0.03438914,0.2,0.9995951652526855,-0.007040379999671132,0.057149384170770645,918.3345947265625,932.2
432,2256,10684,4620288,0.5402165055274963,0.08097232356667519,11275,0.33271484375,-13.929941701889039,0.0003,0.042433083,0.2,0.9997661113739014,-0.0009727191179990768,0.03987675532698631,908.631591796875,924.53
432,2257,10689,4622336,0.5401930809020996,136.40757369995117,11280,0.5365234375,-13.9266432762146,0.0003,0.12569162,0.2,0.7644503116607666,0.010282554477453233,53.81093215942383,912.4879760742188,924.53
432,2258,10694,4624384,0.5404283404350281,0.5935699835419654,11285,0.15283203125,-13.9288170337677,0.0003,0.0151116215,0.2,0.9946661591529846,-0.01043545906431973,0.12823781371116638,904.5589599609375,924.12
432,2259,10699,4626432,0.5406293869018555,31.968588876724244,11290,0.3970703125,-13.937599182128906,0.0003,0.05361987,0.2,0.8657386302947998,-0.0022862789453938605,15.385580062866211,897.7511596679688,914.46
432,2260,10705,4628480,0.5406849384307861,131.5539608001709,11295,0.16328125,-13.941883850097657,0.0003,0.02017299,0.2,0.676542341709137,-0.004385433089919388,40.214256286621094,894.1260986328125,915.64
432,2261,10710,4630528,0.5406751036643982,69.85906791687012,11300,0.1658203125,-13.943156957626343,0.0003,0.022504188,0.2,0.8366985321044922,-0.012219778005965054,42.685569763183594,894.1260986328125,915.64
432,2262,10715,4632576,0.5406553149223328,0.8399372190237046,11305,0.1203125,-13.942783498764038,0.0003,0.014675198,0.2,0.9980290532112122,-0.012254471553023904,0.18375951051712036,898.723388671875,920.64
432,2263,10720,4634624,0.540725588798523,0.3112614810466766,11310,0.2404296875,-13.942563247680663,0.0003,0.024854966,0.2,0.9994967579841614,-0.006353647937066853,0.09089484810829163,903.1365356445312,925.39
432,2264,10725,4636672,0.5406865477561951,0.4736989714205265,11315,0.27666015625,-13.943028450012207,0.0003,0.041633386,0.2,0.9992814064025879,0.005542767100268975,0.10009270161390305,923.3175659179688,939.95
432,2265,10730,4638720,0.540506899356842,0.39873492270708083,11320,0.2064453125,-13.937176752090455,0.0003,0.022194557,0.2,0.9996613264083862,-0.008873036969453097,0.07210507988929749,927.1143188476562,944.22
432,2266,10735,4640768,0.5403982996940613,0.1967850398272276,11325,0.14814453125,-13.93042025566101,0.0003,0.0164989,0.2,0.9996518492698669,-0.009758270974271,0.054540470242500305,929.2791137695312,946.65
432,2267,10740,4642816,0.5404835939407349,0.16906293742358686,11330,0.32216796875,-13.92691535949707,0.0003,0.04716888,0.2,0.9998064637184143,-0.005779390479438007,0.08589084446430206,934.1116943359375,952.09
432,2268,10745,4644864,0.540905773639679,0.1754926022142172,11335,0.248046875,-13.934882307052613,0.0003,0.028283821,0.2,0.9996223449707031,-0.006959481514059007,0.049557700753211975,939.7987670898438,956.08
432,2269,10750,4646912,0.5407702922821045,0.13203892819583415,11340,0.28427734375,-13.944213056564331,0.0003,0.021281201,0.2,0.9997506141662598,-0.005213858059141785,0.03972724825143814,936.2086791992188,955.25
432,2270,10755,4648960,0.540165364742279,27.608776998519897,11345,0.384765625,-13.92650260925293,0.0003,0.06770839,0.2,0.9505860805511475,-0.006242966698482633,25.572839736938477,941.1574096679688,954.87
432,2271,10760,4651008,0.5400460362434387,51.256525945663455,11350,0.30107421875,-13.912936687469482,0.0003,0.0451527,0.2,0.9221196174621582,-0.007602702896110714,51.11396026611328,940.321044921875,952.46
432,2272,10765,4653056,0.5400436520576477,32.76202001571655,11355,0.20380859375,-13.910718393325805,0.0003,0.03274315,0.2,0.9552261233329773,-0.008799608261324466,17.141298294067383,950.4320068359375,959.44
432,2273,10770,4655104,0.5399506688117981,0.346727129817009,11360,0.1615234375,-13.909315061569213,0.0003,0.018503215,0.2,0.9994621276855469,-0.011905090045183897,0.07315759360790253,963.3696899414062,958.83
432,2274,10775,4657152,0.5401782393455505,27.710074281692506,11365,0.484765625,-13.909539461135864,0.0003,0.07948698,0.2,0.9578296542167664,-0.0005356367211788893,21.918338775634766,968.6618041992188,958.83
432,2275,10779,4659200,0.5403538942337036,0.21222640350461006,11370,0.22392578125,-13.917569494247436,0.0003,0.020675635,0.2,0.999629557132721,-0.009338209475390612,0.08327286690473557,965.571044921875,958.83
432,2276,10786,4661248,0.5402303338050842,0.15464101135730743,11375,0.20986328125,-13.919573545455933,0.0003,0.014629505,0.2,0.9997020959854126,-0.010585911315865814,0.025655612349510193,969.0850830078125,956.24
432,2277,10791,4663296,0.5400356650352478,81.97134218215942,11380,0.21572265625,-13.910402631759643,0.0003,0.027598515,0.2,0.8254338502883911,-0.007587646832689643,42.293827056884766,967.2899780273438,956.24
432,2278,10796,4665344,0.5402805805206299,0.42106684297323227,11385,0.2203125,-13.909956741333009,0.0003,0.017057016,0.2,0.9986914992332458,-0.007258444838225841,0.15764527022838593,968.65185546875,956.24
432,2279,10801,4667392,0.5403462052345276,0.16005196273326874,11390,0.2015625,-13.915926837921143,0.0003,0.016492281,0.2,0.999778687953949,-0.0089943902567029,0.0358063206076622,971.655029296875,956.24
432,2280,10807,4669440,0.5397143363952637,0.11546564511954785,11395,0.1966796875,-13.90688443183899,0.0003,0.021542996,0.2,0.9999069571495056,-0.010113601549528539,0.010384181514382362,965.846923828125,952.48
432,2281,10813,4671488,0.5392720103263855,34.83532032966614,11400,0.48779296875,-13.886491203308106,0.0003,0.1004924,0.2,0.937401294708252,0.0016225016908720136,9.56889820098877,958.7210083007812,951.39
432,2282,10818,4673536,0.5390251278877258,26.47515926361084,11405,0.27373046875,-13.876169776916504,0.0003,0.04161006,0.2,0.9556005597114563,-0.010022753733210266,16.16162109375,955.9783325195312,951.39
432,2283,10822,4675584,0.5387490391731262,0.32813225537538526,11410,0.18369140625,-13.867784118652343,0.0003,0.015439497,0.2,0.9995063543319702,-0.010787594388239086,0.0636928379535675,955.9783325195312,951.39
431,2284,10827,4677632,0.5382357239723206,0.12669665534049274,11415,0.27109375,-13.855523204803466,0.0003,0.039008923,0.2,0.9996511936187744,-0.0025605791248381137,0.04888409376144409,944.7295532226562,951.39
431,2285,10833,4679680,0.537621021270752,0.19366909563541412,11420,0.43369140625,-13.83548345565796,0.0003,0.03396289,0.2,0.999644935131073,0.01245037674671039,0.09538571536540985,948.8146362304688,951.39
431,2286,10838,4681728,0.5374891757965088,0.20089509710669518,11425,0.22734375,-13.822628593444824,0.0003,0.017091878,0.2,0.9995682835578918,-0.008485652029048652,0.07549090683460236,943.72802734375,951.39
431,2287,10843,4683776,0.5370007753372192,0.1178458034992218,11430,0.234765625,-13.813495683670045,0.0003,0.022150757,0.2,0.9996291995048523,-0.011587370024062692,0.022921649739146233,947.80029296875,951.39
431,2288,10849,4685824,0.536523699760437,0.23328805062919855,11435,0.260546875,-13.79333176612854,0.0003,0.017867021,0.2,0.9997908473014832,-0.007901087775826455,0.036410823464393616,936.64697265625,951.39
431,2289,10854,4687872,0.5363641977310181,0.1925294328480959,11440,0.24716796875,-13.78245406150818,0.0003,0.023546329,0.2,0.9988603591918945,-0.008795696729794144,0.10912622511386871,937.2505493164062,951.39
431,2290,10860,4689920,0.5362949371337891,0.12728794571012259,11445,0.308203125,-13.781604623794555,0.0003,0.04273738,0.2,0.9996525049209595,-0.005811030184850097,0.0774388536810875,942.7404174804688,951.39
431,2291,10865,4691968,0.5360991358757019,0.07485432997345924,11450,0.34599609375,-13.777304553985596,0.0003,0.0380497,0.2,0.9997854828834534,-0.0018806668929755687,0.02321331948041916,940.353271484375,951.39
431,2292,10871,4694016,0.5358197689056396,0.09526238255202771,11455,0.49189453125,-13.770210981369019,0.0003,0.03117787,0.2,0.9999106526374817,0.02136036683805287,0.01040123961865902,941.3533325195312,951.39
431,2293,10876,4696064,0.5355592370033264,0.13081542178988456,11460,0.53828125,-13.760306024551392,0.0003,0.05802267,0.2,0.999849796295166,0.01948572389082983,0.06323426961898804,941.3533325195312,951.39
431,2294,10881,4698112,0.5355131030082703,0.0730148907750845,11465,0.37626953125,-13.756568336486817,0.0003,0.037633076,0.2,0.9998458027839661,-0.0052303279051557185,0.02789725922048092,943.849853515625,951.39
431,2295,10886,4700160,0.5351885557174683,0.1039226982742548,11470,0.316796875,-13.75750184059143,0.0003,0.035608612,0.2,0.9998394250869751,-0.008352528000250459,0.05531350523233414,943.6981811523438,951.39
431,2296,10891,4702208,0.5345175862312317,0.04598222654312849,11475,0.33046875,-13.743779516220092,0.0003,0.022674814,0.2,0.9999318718910217,-0.009985769749619067,-0.0013351012021303177,951.0877075195312,956.84
431,2297,10896,4704256,0.5334183573722839,0.12460553571581841,11480,0.40078125,-13.717022514343261,0.0003,0.061350413,0.2,0.9994359612464905,0.009171015815809369,0.11224360018968582,949.0962524414062,957.72
431,2298,10901,4706304,0.532862663269043,29.765160608291627,11485,0.3708984375,-13.687017440795898,0.0003,0.042105794,0.2,0.902234673500061,-0.004199925600551069,13.369996070861816,946.2842407226562,950.16
431,2299,10906,4708352,0.5328223705291748,130.44748725891114,11490,0.1328125,-13.678965187072754,0.0003,0.020087797,0.2,0.7412965297698975,-0.00747827353188768,53.01839065551758,941.76123046875,949.39
431,2300,10912,4710400,0.5328186750411987,24.8949191570282,11495,0.183984375,-13.679038572311402,0.0003,0.021259753,0.2,0.9417410492897034,-0.007292821374721825,13.018391609191895,940.61669921875,947.07
431,2301,10917,4712448,0.5328894257545471,72.77445621490479,11500,0.0873046875,-13.680792570114136,0.0003,0.014125831,0.2,0.8500781059265137,-0.006079191702883691,25.340076446533203,940.61669921875,947.07
431,2302,10923,4714496,0.5328584313392639,0.896163672208786,11505,0.12470703125,-13.682301235198974,0.0003,0.016858926,0.2,0.9965399503707886,-0.009861645277123899,0.2042940855026245,944.103759765625,949.45
431,2303,10928,4716544,0.5328270196914673,43.50983762741089,11510,0.2958984375,-13.679315328598022,0.0003,0.029730054,0.2,0.8912272453308105,-0.007241535931825638,25.525672912597656,944.8705444335938,949.45
431,2304,10933,4718592,0.5325976610183716,0.42312409207224844,11515,0.19599609375,-13.675950288772583,0.0003,0.018272704,0.2,0.9994503855705261,-0.012162988528143615,0.09693923592567444,948.7993774414062,949.86
431,2305,10938,4720640,0.5324323773384094,0.30971126034855845,11520,0.15185546875,-13.669097471237183,0.0003,0.018261297,0.2,0.9994849562644958,-0.009571844385936857,0.12139386683702469,948.7993774414062,949.86
431,2306,10944,4722688,0.5324035882949829,0.2468944877386093,11525,0.12890625,-13.664715719223022,0.0003,0.0143147325,0.2,0.9996591210365295,-0.0053822144633159045,0.04747811704874039,954.5859985351562,955.6
431,2307,10949,4724736,0.5325396656990051,39.06878080368042,11530,0.2318359375,-13.665872859954835,0.0003,0.037762076,0.2,0.9195291996002197,-0.008447308302856981,22.35862159729004,965.99609375,959.36
431,2308,10954,4726784,0.5326417684555054,0.4150905519723892,11535,0.1822265625,-13.670252370834351,0.0003,0.018370142,0.2,0.9982361197471619,-0.009671204234473407,0.09457214176654816,965.8565673828125,959.36
431,2309,10959,4728832,0.5327938199043274,0.21443142667412757,11540,0.179296875,-13.673952531814574,0.0003,0.015293973,0.2,0.9994372129440308,-0.009517653845250607,0.08075736463069916,959.0925903320312,957.57
431,2310,10965,4730880,0.5328487157821655,45.85947823524475,11545,0.29462890625,-13.67715072631836,0.0003,0.051876437,0.2,0.8681414127349854,-0.007997646555304527,26.668901443481445,961.5023193359375,957.57
431,2311,10970,4732928,0.5327582955360413,0.3357424020767212,11550,0.17734375,-13.677147674560548,0.0003,0.023775421,0.2,0.9975345730781555,-0.011678494280204177,0.07041791081428528,961.9658813476562,957.57
431,2312,10975,4734976,0.5322448015213013,0.18334395214915275,11555,0.231640625,-13.671116495132447,0.0003,0.020661892,0.2,0.9993196725845337,-0.009057251468766481,0.039953410625457764,962.6897583007812,957.57
431,2313,10981,4737024,0.531600296497345,0.19162643142044544,11560,0.26357421875,-13.647571849822999,0.0003,0.06334716,0.2,0.9995912313461304,0.0038193460088223217,0.15680362284183502,959.6488037109375,957.57
431,2314,10985,4739072,0.5309903621673584,0.11386299878358841,11565,0.25634765625,-13.62704930305481,0.0003,0.032886386,0.2,0.9998870491981506,-0.0035938475281000136,0.01794825866818428,962.8740844726562,957.57
431,2315,10990,4741120,0.530275285243988,0.1154270138591528,11570,0.26416015625,-13.599785423278808,0.0003,0.02252884,0.2,0.9995953440666199,-0.009554390329867601,0.06090998649597168,957.957763671875,957.57
431,2316,10995,4743168,0.5293596386909485,0.09630921706557274,11575,0.31396484375,-13.570411014556885,0.0003,0.048199207,0.2,0.9996339678764343,-0.003021832770900801,0.03953887149691582,955.60498046875,957.57
431,2317,11000,4745216,0.5288150906562805,0.11433932594954968,11580,0.38232421875,-13.543372774124146,0.0003,0.022189468,0.2,0.9996395111083984,0.0018190117785707115,0.026396669447422028,955.4676513671875,960.86
431,2318,11005,4747264,0.5284425020217896,33.57586512565613,11585,0.3560546875,-13.52413296699524,0.0003,0.050604623,0.2,0.8542622923851013,-0.007812379999086261,17.32546615600586,956.5596313476562,963.27
431,2319,11010,4749312,0.5285426378250122,0.2968535616993904,11590,0.4271484375,-13.51792769432068,0.0003,0.05493587,0.2,0.9993923902511597,0.006986620766110718,0.06073268502950668,953.238037109375,963.27
431,2320,11015,4751360,0.5285981297492981,0.14219154343008994,11595,0.180078125,-13.521505165100098,0.0003,0.017438758,0.2,0.9993970990180969,-0.008440813637571409,0.04782281070947647,948.4578857421875,961.41
431,2321,11020,4753408,0.5286391973495483,76.82684659957886,11600,0.30810546875,-13.522593069076539,0.0003,0.048087917,0.2,0.786446213722229,-0.004243169852998108,44.25453186035156,942.822998046875,961.41
431,2322,11024,4755456,0.5284786224365234,0.3880564197897911,11605,0.18740234375,-13.523344802856446,0.0003,0.024703236,0.2,0.9974964261054993,-0.012162953126244247,0.13428013026714325,943.5508422851562,961.41
431,2323,11030,4757504,0.5282007455825806,0.1643138151615858,11610,0.2005859375,-13.516588973999024,0.0003,0.018833112,0.2,0.999167799949646,-0.012997244810685515,0.06292153149843216,938.2054443359375,964.0
431,2324,11035,4759552,0.5282191038131714,0.13850585073232652,11615,0.2296875,-13.510292911529541,0.0003,0.017409919,0.2,0.9996502995491028,-0.010625152010470628,0.05001550167798996,935.3171997070312,964.0
431,2325,11040,4761600,0.5280150175094604,0.11630811877548694,11620,0.21240234375,-13.509214448928834,0.0003,0.02009737,0.2,0.9998224973678589,-0.012315165484324098,0.01568450778722763,939.6673583984375,962.5
431,2326,11045,4763648,0.5278530716896057,73.26361684799194,11625,0.34140625,-13.499458026885986,0.0003,0.05248663,0.2,0.8691508769989014,-0.0030372443841770293,34.20623016357422,939.6673583984375,962.5
431,2327,11050,4765696,0.5277135372161865,0.24867179691791536,11630,0.17138671875,-13.495760440826416,0.0003,0.012955265,0.2,0.9989518523216248,-0.011433979053981603,0.0582270547747612,940.3778076171875,961.32
431,2328,11055,4767744,0.5276077389717102,205.83785400390624,11635,0.2501953125,-13.49005880355835,0.0003,0.03442805,0.2,0.6632571220397949,-0.0053539721760898825,145.84083557128906,943.7542724609375,960.88
431,2329,11060,4769792,0.5275141596794128,55.09466905593872,11640,0.3337890625,-13.487746906280517,0.0003,0.047601476,0.2,0.7612797617912292,-0.010725156439002603,36.23795700073242,938.892578125,959.96
431,2330,11064,4771840,0.5275431275367737,25.49904897212982,11645,0.2701171875,-13.486805105209351,0.0003,0.037831374,0.2,0.8909479975700378,-0.009585995390079916,8.035543441772461,937.4718627929688,959.96
431,2331,11070,4773888,0.5277445912361145,0.3224556691944599,11650,0.21572265625,-13.490474510192872,0.0003,0.018255072,0.2,0.9990435838699341,-0.006111783371306956,0.07780884951353073,947.907470703125,959.96
431,2332,11075,4775936,0.5281895995140076,0.20319679155945777,11655,0.2818359375,-13.501233434677124,0.0003,0.028134033,0.2,0.9992586374282837,-0.003724084049463272,0.06404178589582443,941.3487548828125,959.96
431,2333,11080,4777984,0.5276928544044495,0.1275847978889942,11660,0.343359375,-13.5056715965271,0.0003,0.033223756,0.2,0.9993612766265869,-0.003912265179678798,0.0631098672747612,938.6705322265625,959.96
431,2334,11085,4780032,0.5275562405586243,0.1081494390964508,11665,0.35556640625,-13.487885427474975,0.0003,0.032258485,0.2,0.9995914101600647,-0.0019513944978825748,0.020801225677132607,928.4662475585938,954.22
431,2335,11090,4782080,0.5277928113937378,54.50242357254028,11670,0.55556640625,-13.489995527267457,0.0003,0.1406666,0.2,0.863006055355072,0.0022970309713855387,25.251089096069336,915.609619140625,945.65
431,2336,11096,4784128,0.5278117656707764,74.2511999130249,11675,0.2365234375,-13.494074964523316,0.0003,0.030600525,0.2,0.6876260042190552,-0.011922587966546416,44.63475036621094,908.0177612304688,941.52
431,2337,11101,4786176,0.5278593301773071,36.587815284729004,11680,0.20615234375,-13.494997692108154,0.0003,0.021912131,0.2,0.8021032810211182,-0.00959005590993911,19.691495895385742,893.0953369140625,930.85
431,2338,11106,4788224,0.5277982950210571,132.70037078857422,11685,0.1298828125,-13.494799423217774,0.0003,0.018842915,0.2,0.6237741708755493,-0.009151027910411358,50.081790924072266,893.0953369140625,930.85
431,2339,11110,4790272,0.5273981094360352,0.6789149671792984,11690,0.194140625,-13.488693857192994,0.0003,0.019250259,0.2,0.9977691769599915,-0.00960842501372099,0.15087853372097015,887.90966796875,930.85
431,2340,11116,4792320,0.5273401737213135,0.34029883295297625,11695,0.210546875,-13.476236009597779,0.0003,0.023072071,0.2,0.9993389844894409,-0.006227969890460372,0.087293840944767,878.5567016601562,929.39
431,2341,11121,4794368,0.5273973941802979,36.56521234512329,11700,0.364453125,-13.47726035118103,0.0003,0.078171045,0.2,0.9269745945930481,-0.009772223769687116,10.15685749053955,886.4136962890625,929.39
431,2342,11125,4796416,0.5272406935691833,0.7037093341350555,11705,0.13857421875,-13.47512183189392,0.0003,0.016303604,0.2,0.9987288117408752,-0.0093275411054492,0.1782507300376892,886.4136962890625,929.39
431,2343,11130,4798464,0.5273672342300415,0.2681052919477224,11710,0.1830078125,-13.471548652648925,0.0003,0.019142421,0.2,0.9992744326591492,-0.013976454245857894,0.06322958320379257,891.51025390625,930.15
431,2344,11135,4800512,0.5274553894996643,0.2871521681547165,11715,0.22236328125,-13.476353549957276,0.0003,0.017146956,0.2,0.9995313882827759,-0.008720234222710132,0.04113694280385971,900.73095703125,937.71
431,2345,11140,4802560,0.5275874137878418,0.2494889482855797,11720,0.2333984375,-13.480645084381104,0.0003,0.023866246,0.2,0.9994620680809021,-0.011322441510856152,0.05163681507110596,903.1397705078125,938.48
431,2346,11145,4804608,0.5275146961212158,0.30699127838015555,11725,0.1734375,-13.48299174308777,0.0003,0.014855729,0.2,0.9992828965187073,-0.009448141208849847,0.11955784261226654,903.1397705078125,938.48
431,2347,11150,4806656,0.5270475149154663,0.09474313911050558,11730,0.21181640625,-13.473345756530762,0.0003,0.020241145,0.2,0.9992374777793884,-0.011281734984368085,0.02776821330189705,909.340087890625,940.36
431,2348,11155,4808704,0.5268081426620483,79.36502037048339,11735,0.2306640625,-13.45630087852478,0.0003,0.028409783,0.2,0.41280096769332886,-0.0073675611056387424,12.365918159484863,914.2567138671875,945.65
431,2349,11160,4810752,0.5267229676246643,0.26615338027477264,11740,0.23154296875,-13.449504327774047,0.0003,0.03506676,0.2,0.9960634708404541,-0.003783896006643772,0.09851232916116714,916.7623291015625,945.65
431,2350,11165,4812800,0.5266764163970947,0.19161150008440017,11745,0.2767578125,-13.44409236907959,0.0003,0.019256305,0.2,0.9992482662200928,-0.004010353470221162,0.04439234733581543,916.7623291015625,945.65
431,2351,11170,4814848,0.5266023278236389,0.15583792012184858,11750,0.205078125,-13.438630485534668,0.0003,0.015521295,0.2,0.99961256980896,-0.008282872056588531,0.14415498077869415,918.501220703125,945.65
431,2352,11175,4816896,0.5263282060623169,0.12177613936364651,11755,0.34892578125,-13.433291006088258,0.0003,0.032450244,0.2,0.9997690320014954,-0.007045775139704347,0.03057861328125,919.4420166015625,945.65
431,2353,11180,4818944,0.5260463356971741,0.11790895797312259,11760,0.29638671875,-13.422894048690797,0.0003,0.021563973,0.2,0.9997225999832153,-0.009844386810436844,0.02903704345226288,918.3994750976562,949.47
431,2354,11185,4820992,0.525739848613739,25.60689768791199,11765,0.3984375,-13.409702062606812,0.0003,0.06610135,0.2,0.9160059094429016,-0.006656699348241091,15.83281421661377,918.3994750976562,949.47
431,2355,11190,4823040,0.5256814956665039,0.19716328233480454,11770,0.1888671875,-13.402608394622803,0.0003,0.032708272,0.2,0.9993360638618469,-0.007046247506514192,0.09808038175106049,924.547119140625,951.26
430,2356,11195,4825088,0.5257284641265869,0.16163685470819472,11775,0.19873046875,-13.399880409240723,0.0003,0.016070258,0.2,0.9992445707321167,-0.011360938055440783,0.035580091178417206,925.5975952148438,947.84
430,2357,11199,4827136,0.5258551239967346,35.822902750968936,11780,0.22724609375,-13.401419830322265,0.0003,0.032824002,0.2,0.8664418458938599,-0.004320918000303209,15.721671104431152,922.3058471679688,947.84
431,2358,11204,4829184,0.5259952545166016,0.2779006391763687,11785,0.1482421875,-13.40611457824707,0.0003,0.016883442,0.2,0.9990498423576355,-0.012492749141529202,0.06055375561118126,923.12890625,947.84
430,2359,11209,4831232,0.525763988494873,0.12029163893312216,11790,0.20673828125,-13.408185148239136,0.0003,0.027460655,0.2,0.9995360374450684,-0.005104004993336275,0.027114063501358032,919.388671875,947.84
430,2360,11215,4833280,0.5256151556968689,0.16052486300468444,11795,0.28349609375,-13.39952211380005,0.0003,0.019129433,0.2,0.999561071395874,-0.0008729360764846205,0.03437318280339241,917.5867309570312,946.4
430,2361,11220,4835328,0.525729775428772,108.60298099517823,11800,0.36796875,-13.398193359375,0.0003,0.054012924,0.2,0.7689604163169861,0.0018163805129006506,40.318946838378906,917.5867309570312,946.4
430,2362,11224,4837376,0.5257692933082581,0.7067692831158638,11805,0.10302734375,-13.399483728408814,0.0003,0.013344799,0.2,0.9933698773384094,-0.009254539641551674,0.14574596285820007,918.5100708007812,946.4
430,2363,11230,4839424,0.5257154107093811,0.4378196869045496,11810,0.20556640625,-13.398638248443604,0.0003,0.015369507,0.2,0.9984332323074341,-0.009299144928809256,0.11373621225357056,928.2023315429688,949.84
430,2364,11235,4841472,0.5254784822463989,0.2218140359967947,11815,0.2876953125,-13.394320821762085,0.0003,0.021051504,0.2,0.9991170167922974,-0.011846069875173271,0.04623102396726608,929.6765747070312,949.84
430,2365,11240,4843520,0.5251880288124084,0.1339144643396139,11820,0.25048828125,-13.380998992919922,0.0003,0.02742197,0.2,0.9993836283683777,-0.008319344185292721,0.06023622304201126,929.6765747070312,949.84
430,2366,11244,4845568,0.5248992443084717,0.11289638578891754,11825,0.30908203125,-13.37141194343567,0.0003,0.070548564,0.2,0.9997749328613281,0.002897486905567348,0.12683498859405518,930.88671875,949.84
430,2367,11250,4847616,0.5246127843856812,0.11679556071758271,11830,0.29609375,-13.363308525085449,0.0003,0.02537743,0.2,0.9996447563171387,-0.005125273356679827,0.01803653873503208,936.0228271484375,955.14
430,2368,11255,4849664,0.5245136022567749,0.1390892494469881,11835,0.2455078125,-13.35504379272461,0.0003,0.017192889,0.2,0.9995200037956238,-0.00929029423277825,0.04423119127750397,945.1238403320312,955.14
430,2369,11259,4851712,0.5240260362625122,0.10890833102166653,11840,0.2494140625,-13.34454050064087,0.0003,0.019115906,0.2,0.9996752142906189,-0.008249083417467773,0.03513472527265549,945.1238403320312,955.14
430,2370,11264,4853760,0.5234771370887756,0.06727072224020958,11845,0.32138671875,-13.32457971572876,0.0003,0.024528693,0.2,0.9997955560684204,-0.011353689664974808,0.013867899775505066,950.9191284179688,955.14
430,2371,11269,4855808,0.5233708620071411,0.05901781599968672,11850,0.2755859375,-13.310698843002319,0.0003,0.033417944,0.2,0.9998180866241455,-0.005339497304521501,0.011979224160313606,949.2028198242188,955.14
430,2372,11274,4857856,0.523043155670166,0.08703538961708546,11855,0.38955078125,-13.307124948501587,0.0003,0.025939437,0.2,0.9997884631156921,0.0006198311923071742,0.03152719512581825,943.89990234375,956.64
430,2373,11279,4859904,0.5227347016334534,0.10679558254778385,11860,0.2958984375,-13.292267179489135,0.0003,0.022951083,0.2,0.9997124671936035,-0.013246027007699012,0.03580771014094353,943.89990234375,956.64
430,2374,11284,4861952,0.5224120616912842,0.06044039260596037,11865,0.25478515625,-13.281705236434936,0.0003,0.0190556,0.2,0.999889075756073,-0.011373877967707812,-0.007020995020866394,949.0525512695312,958.24
430,2375,11289,4864000,0.5221297740936279,0.06674721911549568,11870,0.245703125,-13.271029281616212,0.0003,0.019324081,0.2,0.9998893737792969,-0.011884364299476147,0.005896175280213356,955.7642822265625,963.11
430,2376,11295,4866048,0.5219112038612366,0.07411258481442928,11875,0.2501953125,-13.26048173904419,0.0003,0.020931263,0.2,0.9998502731323242,-0.01359745537629351,0.015790697187185287,961.1812744140625,964.03
430,2377,11299,4868096,0.5216010808944702,0.08545119911432267,11880,0.29189453125,-13.251331996917724,0.0003,0.0226449,0.2,0.9996209740638733,-0.01130077870329842,0.03235049173235893,961.1812744140625,964.03
430,2378,11305,4870144,0.5213955640792847,0.047649790346622464,11885,0.2482421875,-13.242551708221436,0.0003,0.019619765,0.2,0.9998677372932434,-0.009758801688440144,0.006835665553808212,950.0230712890625,960.09
430,2379,11310,4872192,0.5213491916656494,94.11690292358398,11890,0.35380859375,-13.237452268600464,0.0003,0.033448085,0.2,0.741148829460144,0.004981424775905907,34.21418762207031,953.390625,958.33
430,2380,11315,4874240,0.5213893055915833,46.371887016296384,11895,0.15693359375,-13.23638219833374,0.0003,0.020142812,0.2,0.8616045117378235,-0.00629191983025521,24.791994094848633,961.2899169921875,958.26
430,2381,11320,4876288,0.5213887691497803,60.70629591941834,11900,0.2396484375,-13.237733268737793,0.0003,0.03971682,0.2,0.838591992855072,-0.00820011890027672,28.261079788208008,959.1213989257812,954.65
430,2382,11325,4878336,0.5213994383811951,29.811080408096313,11905,0.33271484375,-13.23748712539673,0.0003,0.055648956,0.2,0.9092087149620056,-0.011248792381957173,6.236756324768066,960.3673706054688,956.35
430,2383,11330,4880384,0.5214273929595947,101.84683513641357,11910,0.1072265625,-13.238043165206909,0.0003,0.024044227,0.2,0.7752378582954407,-0.006226871360559017,49.919708251953125,964.465087890625,960.48
430,2384,11335,4882432,0.5213578343391418,0.8196734026074409,11915,0.1599609375,-13.23792314529419,0.0003,0.023414876,0.2,0.995484471321106,-0.010371703642886133,0.28211963176727295,967.0635986328125,960.58
430,2385,11341,4884480,0.5213595628738403,31.069900530576707,11920,0.23447265625,-13.235919427871703,0.0003,0.021770151,0.2,0.8535856008529663,-0.0018754203571006655,0.8094251751899719,965.0907592773438,953.21
430,2386,11346,4886528,0.521385669708252,168.29265670776368,11925,0.11923828125,-13.236449241638184,0.0003,0.0148299355,0.2,0.6181081533432007,-0.003284740820527077,100.72990417480469,958.2020263671875,945.25
430,2387,11351,4888576,0.5214061737060547,69.58481359481812,11930,0.19248046875,-13.237383174896241,0.0003,0.028835665,0.2,0.7930643558502197,-0.007321542326826603,34.3438606262207,943.1150512695312,936.38
430,2388,11355,4890624,0.5214745998382568,113.34265651702881,11935,0.06943359375,-13.239511251449585,0.0003,0.013139934,0.2,0.590418815612793,-0.005609769118018448,55.98442459106445,943.1150512695312,936.38
430,2389,11361,4892672,0.521478533744812,1.2727781683206558,11940,0.063671875,-13.241913509368896,0.0003,0.011683688,0.2,0.9875538349151611,-0.00791391120874323,0.18552574515342712,940.9420166015625,933.39
430,2390,11366,4894720,0.5214903354644775,34.140016889572145,11945,0.22119140625,-13.241637039184571,0.0003,0.03495247,0.2,0.8921208381652832,-0.008782403322402387,21.60947036743164,940.9420166015625,933.39
430,2391,11371,4896768,0.5215502977371216,0.4625064045190811,11950,0.20107421875,-13.242643308639526,0.0003,0.02399047,0.2,0.9986392259597778,-0.009350576018914581,0.09213774651288986,941.87548828125,933.39
430,2392,11376,4898816,0.5215842723846436,0.42081609219312666,11955,0.20419921875,-13.243379688262939,0.0003,0.014937521,0.2,0.9992924332618713,-0.007231650198809803,0.09674464911222458,942.4243774414062,933.83
430,2393,11381,4900864,0.5215435028076172,0.24141195118427278,11960,0.22333984375,-13.242233228683471,0.0003,0.018735364,0.2,0.9997987747192383,-0.011800512706395238,0.03443686291575432,934.3968505859375,933.83
430,2394,11385,4902912,0.5215086936950684,0.24493835270404815,11965,0.242578125,-13.239713716506959,0.0003,0.023039747,0.2,0.9994235038757324,-0.008932787796948106,0.10108894109725952,934.3968505859375,933.83
430,2395,11390,4904960,0.521310567855835,0.13079673647880555,11970,0.3767578125,-13.240366744995118,0.0003,0.0256906,0.2,0.9997739195823669,0.0036112681264057755,0.0917021781206131,927.452880859375,933.83
430,2396,11395,4907008,0.5211741328239441,0.16341196857392787,11975,0.2455078125,-13.234715032577515,0.0003,0.017966878,0.2,0.9996843338012695,-0.005509627726860344,0.06312523037195206,928.247802734375,933.83
430,2397,11400,4909056,0.5210726261138916,0.16809213757514954,11980,0.257421875,-13.233099842071534,0.0003,0.019999871,0.2,0.9998248815536499,-0.01049157716333866,0.06958092749118805,928.3778686523438,933.83
430,2398,11405,4911104,0.5208035111427307,0.14949589297175409,11985,0.25625,-13.228660726547242,0.0003,0.021020798,0.2,0.9997298121452332,-0.01065316719468683,0.030071169137954712,928.3778686523438,933.83
430,2399,11410,4913152,0.5202493667602539,0.12364296317100525,11990,0.29306640625,-13.21588487625122,0.0003,0.022275206,0.2,0.9998427033424377,-0.003174279106315225,0.055460114032030106,932.9760131835938,933.93
430,2400,11415,4915200,0.5196077823638916,0.10100360326468945,11995,0.28232421875,-13.19532265663147,0.0003,0.02126108,0.2,0.9997733235359192,-0.009403740055859089,0.04824966564774513,932.76953125,933.93
430,2401,11420,4917248,0.5193201899528503,0.20973348021507263,12000,0.32705078125,-13.180851268768311,0.0003,0.018069621,0.2,0.9996646642684937,0.004436885192990303,0.09279747307300568,933.380859375,934.57
430,2402,11425,4919296,0.5192407965660095,61.29426965713501,12005,0.35146484375,-13.174154615402221,0.0003,0.049525507,0.2,0.8523210883140564,-0.00452138016698882,29.495807647705078,933.2333374023438,934.57
430,2403,11430,4921344,0.5189564228057861,0.147940032184124,12010,0.19560546875,-13.170235443115235,0.0003,0.01830342,0.2,0.9992431998252869,-0.012611770001240075,0.042908862233161926,938.3197631835938,934.57
430,2404,11435,4923392,0.5183563828468323,0.14585425108671188,12015,0.2556640625,-13.15259222984314,0.0003,0.018746879,0.2,0.9996805191040039,-0.009586147009395063,0.03798939660191536,932.2306518554688,934.3
430,2405,11440,4925440,0.518279492855072,35.04531627893448,12020,0.3140625,-13.139704656600951,0.0003,0.047143597,0.2,0.9158796072006226,-0.00909036013763398,28.361122131347656,933.0571899414062,934.3
430,2406,11444,4927488,0.5181667804718018,0.23388682305812836,12025,0.2802734375,-13.137026166915893,0.0003,0.01845453,0.2,0.9995332956314087,-0.008609439339488744,0.06424149870872498,934.2865600585938,934.74
430,2407,11449,4929536,0.5184667706489563,0.10132982954382896,12030,0.26611328125,-13.13533582687378,0.0003,0.0568017,0.2,0.9998387098312378,0.00014344167429953815,0.07145426422357559,935.5468139648438,935.74
430,2408,11454,4931584,0.5184930562973022,0.07375204414129258,12035,0.34443359375,-13.141426372528077,0.0003,0.03097633,0.2,0.9998592138290405,-0.005347941257059574,0.030480140820145607,930.4664306640625,935.74
430,2409,11459,4933632,0.5182957053184509,0.1868018288165331,12040,0.37919921875,-13.137348842620849,0.0003,0.026837908,0.2,0.9999038577079773,0.0037121566012501715,0.036896832287311554,929.516357421875,934.4
430,2410,11464,4935680,0.5181697010993958,35.702066564559935,12045,0.335546875,-13.13098931312561,0.0003,0.04441288,0.2,0.9239423274993896,-0.0073668427998200055,19.707077026367188,929.5719604492188,934.4
430,2411,11468,4937728,0.5177821516990662,0.24993238747119903,12050,0.2783203125,-13.124395036697388,0.0003,0.019655311,0.2,0.9990909695625305,-0.004749989858828485,0.057443104684352875,931.3687744140625,934.4
430,2412,11473,4939776,0.5176058411598206,0.1530393598601222,12055,0.27236328125,-13.111679315567017,0.0003,0.027317967,0.2,0.9996749758720398,-0.007488176319748163,0.011639788746833801,937.9177856445312,934.4
430,2413,11479,4941824,0.5172582268714905,0.1301384788006544,12060,0.27392578125,-13.105291700363159,0.0003,0.027995616,0.2,0.9995243549346924,-0.002573551470413804,0.07606671750545502,928.355712890625,934.4
430,2414,11484,4943872,0.5169080495834351,0.1426557432860136,12065,0.3404296875,-13.087227153778077,0.0003,0.040769033,0.2,0.9994176626205444,-0.000646133755799383,0.06645486503839493,930.3417358398438,934.4
430,2415,11489,4945920,0.5168925523757935,0.10897198114544153,12070,0.30390625,-13.078958225250243,0.0003,0.067555845,0.2,0.9996862411499023,-0.00021998161682859063,0.020566733554005623,923.7576293945312,929.56
430,2416,11494,4947968,0.5169435143470764,59.705927562713626,12075,0.3703125,-13.079255676269531,0.0003,0.059369534,0.2,0.8602966070175171,-0.00018185278167948127,51.102298736572266,915.8141479492188,928.85
430,2417,11499,4950016,0.5168642997741699,54.33669891357422,12080,0.20673828125,-13.07963252067566,0.0003,0.036907617,0.2,0.9063861966133118,-0.012709625763818622,24.016992568969727,913.23974609375,928.85
430,2418,11504,4952064,0.516771674156189,0.4285104475915432,12085,0.40615234375,-13.076694583892822,0.0003,0.0441201,0.2,0.9997370839118958,0.01633954983553849,0.2637530267238617,919.0906982421875,928.85
430,2419,11509,4954112,0.5166462063789368,0.26433423943817613,12090,0.31630859375,-13.07276463508606,0.0003,0.033657923,0.2,0.9996028542518616,-0.002848443645052612,0.03960827738046646,914.5655517578125,928.85
430,2420,11514,4956160,0.5166406631469727,0.14138569869101048,12095,0.26533203125,-13.070016622543335,0.0003,0.018795293,0.2,0.9997867345809937,-0.013393643865128979,0.07139995694160461,911.9804077148438,928.85
430,2421,11519,4958208,0.5166010856628418,0.18890386261045933,12100,0.31240234375,-13.066779232025146,0.0003,0.023174657,0.2,0.9992055296897888,-0.003229553170967847,0.02528589777648449,913.0758056640625,928.85
430,2422,11523,4960256,0.5158953666687012,0.23652920480817557,12105,0.32431640625,-13.057151460647583,0.0003,0.037965078,0.2,0.9994365572929382,0.0038365935906767845,0.40835148096084595,914.7481079101562,928.85
430,2423,11528,4962304,0.515753984451294,0.0903591476380825,12110,0.2177734375,-13.036906290054322,0.0003,0.016251864,0.2,0.9993973970413208,-0.010028760903514922,0.03517652302980423,922.970947265625,928.94
430,2424,11534,4964352,0.515841007232666,0.289907081797719,12115,0.21044921875,-13.035323190689088,0.0003,0.020845525,0.2,0.9994994401931763,-0.010707357386127114,0.0899406224489212,926.0823364257812,926.08
430,2425,11538,4966400,0.5158862471580505,134.97166061401367,12120,0.11806640625,-13.03646149635315,0.0003,0.019190514,0.2,0.48947662115097046,-0.005666180793195963,57.69859313964844,926.462890625,926.08
430,2426,11543,4968448,0.5160818696022034,0.39444646388292315,12125,0.1708984375,-13.038641691207886,0.0003,0.016459387,0.2,0.9940088987350464,-0.01224162569269538,0.052210889756679535,928.0015869140625,930.19
430,2427,11549,4970496,0.5161999464035034,92.74175453186035,12130,0.29345703125,-13.047041893005371,0.0003,0.03883512,0.2,0.4648626446723938,-0.005111229745671153,27.883975982666016,926.4407958984375,930.67
430,2428,11554,4972544,0.5162062644958496,106.71721324920654,12135,0.1498046875,-13.04805302619934,0.0003,0.022080295,0.2,0.6809837818145752,-0.010235748428385705,40.86648941040039,919.50341796875,923.95
430,2429,11559,4974592,0.5162217617034912,87.2960786819458,12140,0.23642578125,-13.04918041229248,0.0003,0.04202317,0.2,0.7634621858596802,-0.013286609807983041,45.77018356323242,918.7781982421875,923.84
430,2430,11564,4976640,0.5161783695220947,78.79786701202393,12145,0.21318359375,-13.04864993095398,0.0003,0.03635713,0.2,0.8393589854240417,-0.010548731847666203,41.250728607177734,926.5318603515625,924.46
430,2431,11569,4978688,0.5162140727043152,150.26395015716554,12150,0.08994140625,-13.048627614974976,0.0003,0.017301533,0.2,0.6693922281265259,-0.007937344931997358,132.32904052734375,934.769775390625,934.72
430,2432,11574,4980736,0.5162116289138794,1.194302812218666,12155,0.05830078125,-13.049660682678223,0.0003,0.0101944255,0.2,0.9938618540763855,-0.006571153504773974,0.2262381613254547,944.7923583984375,939.51
430,2433,11578,4982784,0.5161855220794678,0.5270399115979671,12160,0.14736328125,-13.04923095703125,0.0003,0.017737817,0.2,0.9983543157577515,-0.010463957604952157,0.09653996676206589,949.81494140625,943.78
430,2434,11583,4984832,0.5162274837493896,0.42331127226352694,12165,0.19296875,-13.049054288864136,0.0003,0.014834014,0.2,0.999346137046814,-0.005587038234807551,0.08967769891023636,951.6010131835938,948.38
430,2435,11588,4986880,0.5164960026741028,0.38976108431816103,12170,0.17646484375,-13.053821754455566,0.0003,0.018778738,0.2,0.9994655251502991,-0.012239915365353227,0.06325182318687439,963.2091674804688,951.37
430,2436,11593,4988928,0.5164042711257935,0.3328933149576187,12175,0.18583984375,-13.058982515335083,0.0003,0.02527813,0.2,0.9992249011993408,-0.007190779480151832,0.13739092648029327,963.819580078125,951.37
430,2437,11597,4990976,0.5162676572799683,0.43022972270846366,12180,0.1767578125,-13.05224151611328,0.0003,0.019006971,0.2,0.9994621276855469,-0.009510691720061004,0.2566457688808441,962.6842041015625,951.37
430,2438,11603,4993024,0.5164292454719543,0.14414812326431276,12185,0.21513671875,-13.051422023773194,0.0003,0.018800676,0.2,0.999678909778595,-0.010523099848069251,0.03804565221071243,961.149658203125,947.15
430,2439,11608,4995072,0.5165724158287048,121.64662895202636,12190,0.15537109375,-13.058440685272217,0.0003,0.01859363,0.2,0.6729545593261719,-0.004242629039799795,64.58295440673828,968.093017578125,947.15
430,2440,11612,4997120,0.5166206955909729,0.9352147549390792,12195,0.105078125,-13.061584043502808,0.0003,0.013033401,0.2,0.9926028251647949,-0.010022791428491473,0.25854992866516113,968.9823608398438,947.15
430,2441,11617,4999168,0.5164369940757751,0.2632972538471222,12200,0.253125,-13.060170888900757,0.0003,0.026314009,0.2,0.9980933666229248,-0.012623295898083597,0.04597333073616028,972.4653930664062,947.15
430,2442,11623,5001216,0.5161603689193726,0.15377883799374104,12205,0.32109375,-13.051303720474243,0.0003,0.055108976,0.2,0.9993256330490112,-0.0004678715020418167,0.052899010479450226,976.3872680664062,947.15
430,2443,11628,5003264,0.5161083936691284,0.18507338538765908,12210,0.38017578125,-13.04771728515625,0.0003,0.03653568,0.2,0.9991254210472107,-0.005711805820465088,0.04776458069682121,973.989990234375,944.06
430,2444,11632,5005312,0.5162206888198853,42.06195507049561,12215,0.43642578125,-13.050757646560669,0.0003,0.060447633,0.2,0.856485903263092,0.0003370029269717634,16.18174934387207,973.989990234375,944.06
430,2445,11637,5007360,0.5159599781036377,0.2118055049329996,12220,0.25078125,-13.049672985076905,0.0003,0.02421718,0.2,0.998940110206604,-0.0005007273866795003,0.029365312308073044,968.297119140625,942.65
430,2446,11642,5009408,0.5157968997955322,41.45065889358521,12225,0.39072265625,-13.040714263916016,0.0003,0.076395154,0.2,0.9083918929100037,-0.003966099501121789,13.932198524475098,962.93798828125,940.89
430,2447,11647,5011456,0.5158392786979675,81.27145614624024,12230,0.13046875,-13.040082597732544,0.0003,0.018855687,0.2,0.8237133622169495,-0.008290866878814996,44.463356018066406,967.6489868164062,940.89
430,2448,11652,5013504,0.5157788395881653,0.6334951892495155,12235,0.11171875,-13.04035506248474,0.0003,0.0126213245,0.2,0.9979885816574097,-0.009113133256323635,0.11128582805395126,959.364013671875,933.13
430,2449,11657,5015552,0.5157285332679749,154.92786903381347,12240,0.141015625,-13.036543989181519,0.0003,0.019788563,0.2,0.5860676765441895,-0.006861013267189265,96.05988311767578,958.425537109375,930.47
430,2450,11662,5017600,0.5157479643821716,66.66208581924438,12245,0.152734375,-13.036644554138183,0.0003,0.027380865,0.2,0.7862703800201416,-0.006300903693772853,41.28192138671875,959.1846923828125,930.47
430,2451,11667,5019648,0.5156667828559875,0.7745964214205742,12250,0.1408203125,-13.037131643295288,0.0003,0.015251953,0.2,0.995231032371521,-0.011308395420201123,0.24749311804771423,964.7115478515625,930.47
430,2452,11672,5021696,0.5154877305030823,0.4639095179736614,12255,0.19833984375,-13.03281636238098,0.0003,0.020890761,0.2,0.9984349608421326,-0.009951241919770837,0.0809284895658493,962.9509887695312,927.35
430,2453,11676,5023744,0.515343964099884,56.09531679153442,12260,0.28212890625,-13.0270565032959,0.0003,0.039664537,0.2,0.8317596316337585,-0.008814964420162141,19.277599334716797,967.66845703125,927.35
430,2454,11681,5025792,0.5152468681335449,0.4814520820975304,12265,0.15908203125,-13.023945474624634,0.0003,0.019327337,0.2,0.999337911605835,-0.01126302732154727,0.1192505955696106,971.7421875,927.35
430,2455,11687,5027840,0.515075147151947,0.3014083795249462,12270,0.1578125,-13.018851470947265,0.0003,0.014279319,0.2,0.9996927380561829,-0.008530443324707449,0.050833623856306076,977.1580200195312,928.69
430,2456,11693,5029888,0.5148122310638428,0.3431252263486385,12275,0.21142578125,-13.011316156387329,0.0003,0.024756014,0.2,0.9994705319404602,-0.012807316123507917,0.09473162889480591,968.7572021484375,927.43
430,2457,11699,5031936,0.5145042538642883,29.934633350372316,12280,0.28447265625,-13.00022234916687,0.0003,0.038070776,0.2,0.8810708522796631,-0.009492220322135836,21.994260787963867,968.798828125,927.43
430,2458,11704,5033984,0.5140018463134766,0.2447144791483879,12285,0.17744140625,-12.989335870742797,0.0003,0.017209006,0.2,0.9991676211357117,-0.01197678637690842,0.05116603896021843,968.798828125,927.43
430,2459,11710,5036032,0.5137584209442139,0.23881761133670806,12290,0.399609375,-12.972599077224732,0.0003,0.027421096,0.2,0.9996764659881592,0.008793863747268916,0.06776750832796097,975.0054931640625,927.43
429,2460,11717,5038080,0.5139672160148621,0.17403131164610386,12295,0.3029296875,-12.974182081222533,0.0003,0.035013773,0.2,0.9996770024299622,-0.002130776026751846,0.09105071425437927,981.035400390625,932.27
429,2461,11722,5040128,0.5142708420753479,0.1739929635077715,12300,0.33544921875,-12.986768674850463,0.0003,0.0486864,0.2,0.9995698928833008,-0.0059766507882159205,0.08215032517910004,981.830322265625,932.7
429,2462,11726,5042176,0.514255702495575,0.128350692987442,12305,0.391015625,-12.99127287864685,0.0003,0.040792946,0.2,0.999823808670044,0.00039158600848168137,0.03207193687558174,981.830322265625,932.7
429,2463,11731,5044224,0.514484167098999,0.07690488900989294,12310,0.26396484375,-12.993798398971558,0.0003,0.021776482,0.2,0.9997885227203369,-0.009910089895129204,0.0011655427515506744,984.8182983398438,932.98
429,2464,11737,5046272,0.5141061544418335,0.15978650152683258,12315,0.34130859375,-12.994580411911011,0.0003,0.039165866,0.2,0.9994562268257141,6.890528602525592e-05,0.08576370775699615,986.99658203125,932.98
429,2465,11741,5048320,0.5139533281326294,0.16851889826357364,12320,0.309375,-12.979569911956787,0.0003,0.020720342,0.2,0.9991747140884399,0.0007827411871403455,0.04389423877000809,980.5928955078125,932.98
429,2466,11746,5050368,0.513555645942688,0.06888609332963824,12325,0.3033203125,-12.97001509666443,0.0003,0.024444103,0.2,0.9998525381088257,-0.0061879216227680445,0.010663537308573723,977.400390625,932.98
429,2467,11752,5052416,0.5129349827766418,0.04982381472364068,12330,0.37158203125,-12.950296115875243,0.0003,0.03846915,0.2,0.9999058842658997,0.0034727895632386207,0.01997414045035839,969.6122436523438,930.9
429,2468,11757,5054464,0.5123448967933655,26.60402250289917,12335,0.5900390625,-12.92979645729065,0.0003,0.20470867,0.2,0.9317973852157593,-0.0011200062464922667,13.49050235748291,966.14306640625,931.67
429,2469,11762,5056512,0.5124041438102722,0.4352617457509041,12340,0.1837890625,-12.923351573944093,0.0003,0.017251031,0.2,0.9993098378181458,-0.006751539476681501,0.12634262442588806,971.7254638671875,933.29
429,2470,11767,5058560,0.5121976733207703,0.24379690662026404,12345,0.18720703125,-12.924275064468384,0.0003,0.01869305,0.2,0.9996953010559082,-0.011064014676958323,0.07046587020158768,969.7042846679688,931.2
429,2471,11772,5060608,0.511979341506958,76.07417697906494,12350,0.1345703125,-12.915482711791991,0.0003,0.018510059,0.2,0.783854603767395,-0.006993555510416627,27.273849487304688,969.0013427734375,938.02
429,2472,11777,5062656,0.5117844939231873,0.6697589531540871,12355,0.16962890625,-12.9100980758667,0.0003,0.019825576,0.2,0.9970853924751282,-0.01382822603918612,0.13219928741455078,975.1043090820312,942.59
429,2473,11782,5064704,0.511479377746582,0.2252863012254238,12360,0.22783203125,-12.901769971847534,0.0003,0.016418984,0.2,0.9990612864494324,-0.012448756524827331,0.05763578042387962,975.7184448242188,945.0
429,2474,11787,5066752,0.5114331841468811,0.1434254337102175,12365,0.2943359375,-12.891750383377076,0.0003,0.018553853,0.2,0.9996538758277893,-0.008190392632968724,0.026711251586675644,982.71142578125,948.98
429,2475,11792,5068800,0.5115911364555359,0.08834171202033758,12370,0.2427734375,-12.89432258605957,0.0003,0.023647722,0.2,0.9997434020042419,-0.007873494550585747,0.011344516649842262,997.701416015625,960.93
429,2476,11797,5070848,0.5117952823638916,0.12147672139108182,12375,0.4396484375,-12.90407600402832,0.0003,0.052646287,0.2,0.9996896982192993,0.00855971307028085,0.07189443707466125,997.701416015625,960.93
429,2477,11801,5072896,0.5118525624275208,0.26019653491675854,12380,0.32587890625,-12.91089849472046,0.0003,0.035627753,0.2,0.9997913837432861,-0.0017725236713886261,0.06569880992174149,1001.8916625976562,965.25
429,2478,11807,5074944,0.5119181871414185,0.12899198662489653,12385,0.2259765625,-12.911134910583495,0.0003,0.026540983,0.2,0.9996932148933411,-0.00663109818706289,0.031121253967285156,996.3831787109375,961.39
429,2479,11813,5076992,0.5119839906692505,235.32647933959962,12390,0.26591796875,-12.914273595809936,0.0003,0.030430913,0.2,0.6598933935165405,0.001446297753136605,135.35243225097656,991.8314208984375,957.62
429,2480,11817,5079040,0.5119330286979675,77.44126062393188,12395,0.172265625,-12.914845180511474,0.0003,0.030392982,0.2,0.8232073187828064,-0.01035693078301847,24.77313232421875,984.6032104492188,951.84
429,2481,11822,5081088,0.512021005153656,27.166861486434936,12400,0.29189453125,-12.915252161026,0.0003,0.03542529,0.2,0.8323084712028503,-0.009681396675296128,16.309803009033203,984.6032104492188,951.84
429,2482,11827,5083136,0.5122656226158142,0.2034050852060318,12405,0.2658203125,-12.920376062393188,0.0003,0.03433177,0.2,0.9974836111068726,-0.006084256363101304,0.08524391055107117,972.51806640625,951.84
429,2483,11832,5085184,0.5121805667877197,0.23149729371070862,12410,0.30234375,-12.925173044204712,0.0003,0.02621284,0.2,0.9989978671073914,-0.009978020982816815,0.08437579870223999,972.06591796875,955.46
429,2484,11837,5087232,0.5119796991348267,0.17617697678506375,12415,0.165234375,-12.916365146636963,0.0003,0.013185909,0.2,0.999416172504425,-0.008900619368068874,0.0406440906226635,971.84130859375,956.06
429,2485,11841,5089280,0.5117042064666748,0.13383741341531277,12420,0.258203125,-12.906780576705932,0.0003,0.023257328,0.2,0.999372661113739,-0.008027535036671907,0.05432122200727463,971.84130859375,956.06
429,2486,11847,5091328,0.5115000605583191,0.11624017544090748,12425,0.2716796875,-12.8935218334198,0.0003,0.018333655,0.2,0.9996787309646606,-0.006879715551622212,0.013934047892689705,960.1637573242188,948.47
429,2487,11852,5093376,0.5113968849182129,151.74001922607422,12430,0.27392578125,-12.887875318527222,0.0003,0.025824925,0.2,0.6292415857315063,0.009682675858493894,67.46813201904297,958.1670532226562,948.47
429,2488,11856,5095424,0.511544942855835,0.41792101636528967,12435,0.2677734375,-12.887762355804444,0.0003,0.025993725,0.2,0.999045729637146,-0.005757107562385499,0.09031952917575836,952.505126953125,944.51
429,2489,11861,5097472,0.5117173790931702,37.52019395828247,12440,0.3015625,-12.892773914337159,0.0003,0.037924897,0.2,0.9298081398010254,-0.007580448407679796,26.916217803955078,952.1992797851562,941.25
429,2490,11867,5099520,0.5118460059165955,77.99571723937989,12445,0.17724609375,-12.896917533874511,0.0003,0.03301265,0.2,0.8542420268058777,-0.008461963792797178,56.06757354736328,960.14208984375,945.75
429,2491,11872,5101568,0.5120946764945984,0.45402040928602216,12450,0.21474609375,-12.903011369705201,0.0003,0.018555261,0.2,0.9986488819122314,-0.014309544127900153,0.17972375452518463,962.205322265625,945.75
429,2492,11876,5103616,0.5121586322784424,0.36427724808454515,12455,0.18974609375,-12.907213973999024,0.0003,0.022138463,0.2,0.9994478821754456,-0.008486062695737928,0.09645338356494904,959.5560302734375,947.51
429,2493,11881,5105664,0.5123507976531982,0.16303001567721367,12460,0.19248046875,-12.906458759307862,0.0003,0.027159799,0.2,0.9997095465660095,-0.009141195542179048,0.07665088772773743,961.1412353515625,947.51
429,2494,11887,5107712,0.5123369693756104,0.09195830207318068,12465,0.32802734375,-12.909589529037476,0.0003,0.021938855,0.2,0.9997372031211853,0.001975261326879263,0.027914229780435562,961.8956909179688,954.63
429,2495,11891,5109760,0.512095034122467,0.11968037523329259,12470,0.2818359375,-12.900030136108398,0.0003,0.01973099,0.2,0.9996078014373779,-0.00325221111997962,0.042430926114320755,963.8744506835938,958.05
429,2496,11896,5111808,0.5116841793060303,0.10696268007159233,12475,0.25576171875,-12.884587717056274,0.0003,0.019569557,0.2,0.9997445344924927,-0.011162336752749979,0.02884102612733841,967.5399169921875,958.82
429,2497,11901,5113856,0.5114630460739136,0.0959410734474659,12480,0.2904296875,-12.868463945388793,0.0003,0.021353228,0.2,0.9997984170913696,-0.007145761768333614,0.03136404976248741,971.9002075195312,960.98
429,2498,11906,5115904,0.5113048553466797,0.06733506284654141,12485,0.27177734375,-12.8625018119812,0.0003,0.018731114,0.2,0.9998650550842285,-0.0006242496659979224,0.024957166984677315,968.798583984375,963.82
429,2499,11911,5117952,0.511218786239624,31.172116374969484,12490,0.421484375,-12.858436918258667,0.0003,0.08780093,0.2,0.9323745369911194,-0.003517779568210244,12.388809204101562,971.8197631835938,963.82
429,2500,11916,5120000,0.511374294757843,0.32860784232616425,12495,0.2537109375,-12.860128402709961,0.0003,0.015794262,0.2,0.9987620115280151,-0.0072336005046963695,0.13118107616901398,968.7528686523438,963.82
429,2501,11920,5122048,0.511335551738739,0.22759247161448,12500,0.192578125,-12.86381916999817,0.0003,0.019783854,0.2,0.9988716244697571,-0.00863930252380669,0.07407757639884949,965.2762451171875,963.82
429,2502,11926,5124096,0.5110259056091309,0.1470373511314392,12505,0.260546875,-12.857620096206665,0.0003,0.036493696,0.2,0.9993215203285217,-0.006516994081903249,0.03897181898355484,961.8571166992188,963.82
429,2503,11931,5126144,0.5108218789100647,0.11955431327223778,12510,0.28095703125,-12.84622597694397,0.0003,0.021609385,0.2,0.9998295903205872,-0.010725629283115268,0.04945523664355278,962.3009643554688,964.67
429,2504,11935,5128192,0.5107511878013611,38.08902940750122,12515,0.33916015625,-12.844415760040283,0.0003,0.05169774,0.2,0.9485054612159729,-0.0032914063660427926,18.700183868408203,962.3009643554688,964.67
429,2505,11941,5130240,0.5108363032341003,0.23667896054685117,12520,0.201953125,-12.843417119979858,0.0003,0.020607276,0.2,0.9995219707489014,-0.00984796539414674,0.041056107729673386,969.3887329101562,964.67
429,2506,11946,5132288,0.5103270411491394,0.1149134624749422,12525,0.359765625,-12.840806531906129,0.0003,0.028094837,0.2,0.9998199343681335,-0.008104951470158994,0.012597177177667618,971.941650390625,964.67
429,2507,11951,5134336,0.5094160437583923,0.11517180055379868,12530,0.40927734375,-12.8144850730896,0.0003,0.048000835,0.2,0.9995893836021423,0.009526491141878068,0.026530321687459946,963.4611206054688,964.67
429,2508,11955,5136384,0.5093485116958618,0.10324070900678635,12535,0.36904296875,-12.798089170455933,0.0003,0.035925485,0.2,0.9995443820953369,0.0012006179546006023,0.041347935795784,963.4611206054688,964.67
429,2509,11961,5138432,0.5094418525695801,0.10398351904004813,12540,0.3349609375,-12.79601593017578,0.0003,0.06403713,0.2,0.9997907876968384,0.0014879537280648946,0.020340226590633392,958.6843872070312,964.67
429,2510,11966,5140480,0.5093665719032288,0.29545139595866204,12545,0.35546875,-12.793180227279663,0.0003,0.039267413,0.2,0.9996312260627747,-0.006393629778176546,0.15041787922382355,960.00537109375,963.93
429,2511,11970,5142528,0.5093972682952881,53.41234292984009,12550,0.18212890625,-12.791626739501954,0.0003,0.02446216,0.2,0.853312611579895,-0.006563353899400682,36.56863784790039,960.3173217773438,963.93
429,2512,11975,5144576,0.509323000907898,0.2424084059894085,12555,0.19833984375,-12.791676807403565,0.0003,0.02254884,0.2,0.9990045428276062,-0.011218249658122658,0.08178897202014923,958.7704467773438,960.52
429,2513,11980,5146624,0.5093792676925659,64.01712052822113,12560,0.18525390625,-12.791047811508179,0.0003,0.022993606,0.2,0.8303713202476501,-0.006463068258017302,37.671817779541016,958.2196655273438,960.52
429,2514,11985,5148672,0.509441077709198,0.3362529590725899,12565,0.12119140625,-12.792916107177735,0.0003,0.012712816,0.2,0.9977580308914185,-0.010570186912082136,0.048392944037914276,961.8273315429688,962.6
429,2515,11990,5150720,0.5091159343719482,0.13457934148609638,12570,0.175,-12.785482692718507,0.0003,0.01609228,0.2,0.9995577335357666,-0.01126264634076506,0.0224517360329628,965.1844482421875,962.6
429,2516,11995,5152768,0.5090245604515076,0.08098092582076788,12575,0.24013671875,-12.772366189956665,0.0003,0.026846811,0.2,0.9997692108154297,-0.006891533709131181,0.046283058822155,964.0385131835938,962.6
429,2517,12000,5154816,0.5088562369346619,0.08200036473572254,12580,0.35322265625,-12.767743396759034,0.0003,0.030556662,0.2,0.9998214840888977,-0.003641024976968765,0.04598361253738403,967.26220703125,964.69
429,2518,12005,5156864,0.5088335275650024,0.12892596870660783,12585,0.4470703125,-12.761287498474122,0.0003,0.058915783,0.2,0.9996086359024048,0.004027454869356006,0.08587378263473511,965.5306396484375,957.48
429,2519,12010,5158912,0.5088797807693481,145.55349998474122,12590,0.30166015625,-12.759586715698243,0.0003,0.031783424,0.2,0.5007490515708923,-0.002848739898763597,80.23590087890625,965.2759399414062,954.4
429,2520,12015,5160960,0.5089271068572998,58.28655872344971,12595,0.1337890625,-12.761329507827758,0.0003,0.01800396,0.2,0.6263269186019897,-0.006241884198971093,32.153831481933594,963.4114990234375,950.62
429,2521,12020,5163008,0.5088666081428528,41.24449898004532,12600,0.3068359375,-12.76239891052246,0.0003,0.04891853,0.2,0.7560305595397949,-0.0057432953733950855,34.38914489746094,956.1389770507812,950.62
429,2522,12025,5165056,0.5086431503295898,0.549684876948595,12605,0.18232421875,-12.758861923217774,0.0003,0.015607395,0.2,0.9954066872596741,-0.010461637959815561,0.12194646149873734,957.2843627929688,950.62
429,2523,12030,5167104,0.5085700750350952,0.4021407082676888,12610,0.20751953125,-12.750896215438843,0.0003,0.017993405,0.2,0.9981631636619568,-0.008564296655822545,0.0931575819849968,953.5410766601562,950.62
429,2524,12034,5169152,0.5087683200836182,0.27528298944234847,12615,0.21845703125,-12.753044843673706,0.0003,0.019759739,0.2,0.999299943447113,-0.008218003413639962,0.05526066944003105,958.4190063476562,954.38
429,2525,12040,5171200,0.5087910890579224,0.18502649795264006,12620,0.19619140625,-12.757598638534546,0.0003,0.014989267,0.2,0.9996820092201233,-0.007008138531818986,0.038099952042102814,961.7581176757812,955.41
429,2526,12045,5173248,0.5087488293647766,0.33818684220314027,12625,0.3580078125,-12.752148723602295,0.0003,0.045976244,0.2,0.9993304014205933,0.010557162994518875,0.16119953989982605,959.779052734375,956.73
429,2527,12049,5175296,0.5088627338409424,0.15875590592622757,12630,0.2466796875,-12.751776647567748,0.0003,0.023094146,0.2,0.9991095662117004,-0.006975510495249182,0.053819846361875534,958.8605346679688,960.5
429,2528,12054,5177344,0.5087068676948547,0.1171478781849146,12635,0.30615234375,-12.748489046096802,0.0003,0.023101639,0.2,0.999384880065918,-0.012370828120037914,0.02219986543059349,967.5752563476562,964.86
429,2529,12059,5179392,0.5084002017974854,48.80255546569824,12640,0.3515625,-12.741114330291747,0.0003,0.05803983,0.2,0.5702812671661377,-0.0021897387690842153,17.967626571655273,969.307373046875,964.86
429,2530,12064,5181440,0.5078206062316895,0.28106108531355856,12645,0.204296875,-12.728544759750367,0.0003,0.019171009,0.2,0.9917328953742981,-0.009324548975564539,0.07620324194431305,967.15673828125,964.86
429,2531,12069,5183488,0.5073337554931641,0.11914646700024605,12650,0.44111328125,-12.70800838470459,0.0003,0.035025395,0.2,0.999100387096405,0.014792331226635725,0.0355711467564106,968.8121337890625,964.86
429,2532,12074,5185536,0.5072575807571411,0.1054433673620224,12655,0.30556640625,-12.69823670387268,0.0003,0.02587882,0.2,0.9993893504142761,6.788386963307858e-06,0.030690107494592667,968.7072143554688,965.61
429,2533,12079,5187584,0.507061779499054,0.10094094015657902,12660,0.25947265625,-12.697420406341553,0.0003,0.021729609,0.2,0.9995099306106567,-0.0036611030693165956,0.016181431710720062,968.94921875,968.94
429,2534,12084,5189632,0.506887674331665,0.1582693237811327,12665,0.26826171875,-12.684189558029175,0.0003,0.01615463,0.2,0.9992986917495728,-0.0020787934539839626,0.037651143968105316,965.71533203125,972.45
429,2535,12089,5191680,0.506713330745697,0.08605010788887739,12670,0.2578125,-12.680546474456786,0.0003,0.026492728,0.2,0.9997731447219849,-0.007890449976548553,0.027638453990221024,965.6180419921875,972.45
429,2536,12094,5193728,0.506766676902771,0.1600871566683054,12675,0.24443359375,-12.67818193435669,0.0003,0.022942333,0.2,0.9997842907905579,-0.0061080299667082725,0.1202237531542778,967.6906127929688,976.41
429,2537,12099,5195776,0.5065664649009705,0.12243697214871645,12680,0.230078125,-12.680004215240478,0.0003,0.028386522,0.2,0.9998657703399658,-0.004308326460886747,0.02318589761853218,967.7968139648438,979.67
429,2538,12104,5197824,0.5066618919372559,0.09919954724609852,12685,0.3544921875,-12.67282476425171,0.0003,0.03462825,0.2,0.9997811913490295,0.00275814839405939,0.0640411376953125,971.5887451171875,975.69
429,2539,12109,5199872,0.5069100260734558,59.03748369216919,12690,0.4087890625,-12.6801016330719,0.0003,0.07969404,0.2,0.8173744678497314,0.004576783417724073,16.91620445251465,967.872314453125,975.69
429,2540,12114,5201920,0.5067700743675232,0.3598488710820675,12695,0.14296875,-12.68218536376953,0.0003,0.019783704,0.2,0.9972737431526184,-0.005348601029254496,0.06485502421855927,964.5021362304688,975.69
429,2541,12118,5203968,0.5063160061836243,0.08549222145229578,12700,0.30224609375,-12.670326375961304,0.0003,0.035476275,0.2,0.9993855953216553,-0.0033938125008717178,0.023493224754929543,966.300537109375,975.69
429,2542,12124,5206016,0.5060820579528809,0.11276450920850038,12705,0.399609375,-12.65317792892456,0.0003,0.045245923,0.2,0.9996355175971985,0.004115938948234543,0.03698337450623512,963.13037109375,975.69
429,2543,12129,5208064,0.5060189366340637,0.13320382498204708,12710,0.247265625,-12.650361776351929,0.0003,0.017543945,0.2,0.9997204542160034,-0.010399610409513116,0.07602523267269135,953.83837890625,968.42
429,2544,12134,5210112,0.5060172080993652,91.74513149261475,12715,0.20693359375,-12.648244333267211,0.0003,0.030246925,0.2,0.8034292459487915,-0.010609090328216553,70.69775390625,952.8429565429688,968.42
429,2545,12138,5212160,0.5062260031700134,0.3853748105466366,12720,0.176953125,-12.65101990699768,0.0003,0.017434109,0.2,0.9981350302696228,-0.011393206659704447,0.05447258800268173,944.50927734375,963.91
429,2546,12144,5214208,0.5063141584396362,27.48591284751892,12725,0.3556640625,-12.656824207305908,0.0003,0.07034963,0.2,0.9397998452186584,-0.0075608653947710994,7.477664470672607,952.8133544921875,964.19
429,2547,12149,5216256,0.5062285661697388,0.38497001975774764,12730,0.18349609375,-12.655165767669677,0.0003,0.021722414,0.2,0.9991752505302429,-0.012891277833841742,0.13534370064735413,956.8345947265625,964.19
429,2548,12154,5218304,0.506290078163147,0.1723166149109602,12735,0.19482421875,-12.652165126800536,0.0003,0.022782423,0.2,0.999714195728302,-0.008239347545895725,0.05167536064982414,941.4722900390625,956.46
429,2549,12159,5220352,0.5062583684921265,71.70842208862305,12740,0.21748046875,-12.653515338897705,0.0003,0.024997087,0.2,0.8488062620162964,-0.007300483784638346,19.397262573242188,943.735595703125,956.46
429,2550,12164,5222400,0.5062376260757446,1.2337506651878356,12745,0.096484375,-12.651317358016968,0.0003,0.015994731,0.2,0.9923493266105652,-0.009015132952481509,0.16204051673412323,948.6356201171875,956.87
429,2551,12169,5224448,0.5062169432640076,0.3726612001657486,12750,0.19052734375,-12.651349449157715,0.0003,0.025399636,0.2,0.9988982677459717,-0.0030709866317920388,0.1200103759765625,943.7193603515625,954.25
429,2552,12173,5226496,0.506231427192688,80.29157695770263,12755,0.2470703125,-12.649168300628663,0.0003,0.030926898,0.2,0.8200014233589172,-0.007804822875186801,37.49977111816406,934.7880249023438,954.25
429,2553,12179,5228544,0.5060999989509583,0.4493173837661743,12760,0.1322265625,-12.648583841323852,0.0003,0.014821856,0.2,0.9989300966262817,-0.00961799374781549,0.10712233185768127,937.9447021484375,954.25
429,2554,12183,5230592,0.5058572292327881,0.22175028398633004,12765,0.16806640625,-12.640617513656617,0.0003,0.015838236,0.2,0.9994143843650818,-0.010149648413062096,0.046768758445978165,940.4122924804688,954.25
429,2555,12188,5232640,0.5057486891746521,0.1748649187386036,12770,0.159765625,-12.63200364112854,0.0003,0.014585126,0.2,0.9994050860404968,-0.009458954306319356,0.04682343080639839,947.792236328125,954.25
429,2556,12194,5234688,0.5057483315467834,0.09601866360753775,12775,0.27265625,-12.628948593139649,0.0003,0.030602932,0.2,0.9997775554656982,-0.013026441633701324,0.041714124381542206,951.77294921875,947.62
429,2557,12198,5236736,0.5057728290557861,165.4634216308594,12780,0.176953125,-12.627659940719605,0.0003,0.021277377,0.2,0.6681234836578369,-0.0045262075727805495,63.250545501708984,946.886474609375,947.59
429,2558,12203,5238784,0.5058007836341858,72.51573028564454,12785,0.18369140625,-12.628200387954712,0.0003,0.020470047,0.2,0.8169654011726379,-0.012036171596264467,59.49504089355469,945.8211669921875,946.01
429,2559,12207,5240832,0.5058095455169678,29.77277789115906,12790,0.194921875,-12.628670692443848,0.0003,0.027310697,0.2,0.9247149229049683,-0.009546031081117689,14.910699844360352,945.8211669921875,946.01
429,2560,12213,5242880,0.5058628916740417,0.5423841685056686,12795,0.20185546875,-12.630175685882568,0.0003,0.01736299,0.2,0.9991732835769653,-0.011380952910985797,0.18654954433441162,938.9998168945312,943.08
429,2561,12218,5244928,0.5058721303939819,30.74558219909668,12800,0.278125,-12.631487560272216,0.0003,0.04172936,0.2,0.9117746353149414,-0.012103947438299656,22.440980911254883,942.023681640625,943.08
429,2562,12223,5246976,0.5058161020278931,0.4703143984079361,12805,0.2046875,-12.632595777511597,0.0003,0.028685417,0.2,0.9988898038864136,-0.00839128999505192,0.11447066068649292,938.455322265625,943.08
429,2563,12228,5249024,0.5054519772529602,0.23647978380322457,12810,0.16875,-12.627514982223511,0.0003,0.016740901,0.2,0.999455988407135,-0.00823600955773145,0.061630979180336,935.439453125,939.88
429,2564,12233,5251072,0.5052981972694397,107.56341934204102,12815,0.1873046875,-12.616101932525634,0.0003,0.030150155,0.2,0.7902949452400208,-0.006129340676125139,63.18430709838867,939.4494018554688,944.97
429,2565,12238,5253120,0.5051802396774292,0.6451316267251969,12820,0.22724609375,-12.612433338165284,0.0003,0.021504689,0.2,0.9971303343772888,-0.014469435857608914,0.17189861834049225,944.9762573242188,947.09
429,2566,12243,5255168,0.5048359632492065,0.24163608364760875,12825,0.15546875,-12.607939291000367,0.0003,0.014992043,0.2,0.9994151592254639,-0.010034726420417427,0.034261927008628845,944.279296875,950.17
429,2567,12248,5257216,0.5045114159584045,0.21104148477315904,12830,0.41123046875,-12.59501895904541,0.0003,0.02719802,0.2,0.9996730089187622,0.013941055128816516,0.05527261272072792,949.9285278320312,953.95
429,2568,12253,5259264,0.5047270655632019,0.20172527953982353,12835,0.25859375,-12.593845462799072,0.0003,0.01767273,0.2,0.9996678829193115,-0.00541047026636079,0.045676231384277344,949.828125,953.95
429,2569,12258,5261312,0.5046887397766113,0.4054397836327553,12840,0.328515625,-12.600225925445557,0.0003,0.11237513,0.2,0.9990947842597961,0.021165928849950433,0.1935291886329651,943.4281005859375,946.26
429,2570,12262,5263360,0.5047675967216492,127.07810974121094,12845,0.37001953125,-12.599986362457276,0.0003,0.04800252,0.2,0.6648155450820923,-0.0030215010279789566,81.22344970703125,943.4281005859375,946.26
429,2571,12268,5265408,0.5047932267189026,0.44688488990068437,12850,0.1400390625,-12.603149604797363,0.0003,0.011895547,0.2,0.998250424861908,-0.010371050727553666,0.02738896943628788,943.8646850585938,946.26
429,2572,12274,5267456,0.5049455761909485,0.3176947750151157,12855,0.297265625,-12.606039142608642,0.0003,0.023772303,0.2,0.9995205402374268,-0.005899913981556893,0.10948559641838074,943.4022827148438,946.26
429,2573,12278,5269504,0.5051962733268738,0.34058064594864845,12860,0.31796875,-12.612331581115722,0.0003,0.037824936,0.2,0.9980687499046326,0.00195579812861979,0.06986705958843231,944.0513916015625,946.26
429,2574,12283,5271552,0.5052787065505981,0.2123246558010578,12865,0.2306640625,-12.617534303665161,0.0003,0.020480901,0.2,0.9981500506401062,-0.007204962777905166,0.07151846587657928,944.0513916015625,946.26
429,2575,12287,5273600,0.5052769184112549,0.12949205450713636,12870,0.305078125,-12.616169786453247,0.0003,0.026485814,0.2,0.9993276000022888,-0.009551918052602559,0.014522042125463486,945.520263671875,947.68
429,2576,12293,5275648,0.5051411986351013,0.13881838265806437,12875,0.29599609375,-12.616612434387207,0.0003,0.022251679,0.2,0.9994592070579529,-0.008765910705551504,0.04074479639530182,951.5035400390625,947.68
429,2577,12298,5277696,0.5046639442443848,0.28088178113102913,12880,0.2689453125,-12.607263946533203,0.0003,0.023181641,0.2,0.9994286894798279,-0.009619887173175811,0.073069266974926,957.7445068359375,947.68
429,2578,12302,5279744,0.5036163926124573,0.10288085155189038,12885,0.390625,-12.581186771392822,0.0003,0.036091838,0.2,0.9997788071632385,-0.004777594050392508,0.03910156339406967,957.7445068359375,947.68
429,2579,12308,5281792,0.5029133558273315,0.0506517780944705,12890,0.48017578125,-12.546288347244262,0.0003,0.056297883,0.2,0.9999346733093262,0.02082195532275364,0.030496934428811073,946.17431640625,933.31
429,2580,12313,5283840,0.5026533007621765,269.6787239074707,12895,0.55361328125,-12.528554916381836,0.0003,0.12154912,0.2,0.2840307950973511,0.059818779770284894,170.18414306640625,944.9087524414062,932.33
429,2581,12319,5285888,0.5026905536651611,41.23130979537964,12900,0.2197265625,-12.524134349822997,0.0003,0.02463581,0.2,0.8373079299926758,-0.0065747845103032885,12.142914772033691,903.683349609375,901.92
429,2582,12324,5287936,0.502769947052002,195.0319797515869,12905,0.18623046875,-12.527340364456176,0.0003,0.029601647,0.2,0.6821451187133789,-0.00943359148222953,95.57457733154297,900.0139770507812,896.63
429,2583,12329,5289984,0.5028769969940186,96.54543037414551,12910,0.1767578125,-12.530447292327882,0.0003,0.024792867,0.2,0.7443697452545166,-0.010704161506146193,55.353187561035156,891.6908569335938,884.97
429,2584,12334,5292032,0.5029923915863037,120.15396614074707,12915,0.1900390625,-12.534391593933105,0.0003,0.0329618,0.2,0.4881698489189148,-0.009817514382302762,56.41368103027344,887.0908813476562,879.9
429,2585,12339,5294080,0.5030158162117004,13.171722772717477,12920,0.16826171875,-12.536417531967164,0.0003,0.020526398,0.2,0.9552473425865173,-0.007984390412457288,0.3265979588031769,879.9383544921875,879.9
429,2586,12344,5296128,0.5029842853546143,0.9552756503224373,12925,0.1931640625,-12.536381435394286,0.0003,0.023828879,0.2,0.9951416850090027,-0.0038065417436882855,0.2736269235610962,879.6871948242188,879.9
429,2587,12349,5298176,0.5027897953987122,0.8343566834926606,12930,0.1607421875,-12.532944059371948,0.0003,0.012215542,0.2,0.9973768591880798,-0.002400796988513321,0.15115708112716675,895.6740112304688,891.26
429,2588,12354,5300224,0.5027125477790833,70.7134620666504,12935,0.2259765625,-12.52751865386963,0.0003,0.029476766,0.2,0.677116334438324,-0.005793168256059289,37.79065704345703,889.163330078125,887.98
429,2589,12358,5302272,0.5027183890342712,60.159521389007566,12940,0.207421875,-12.527061176300048,0.0003,0.034624714,0.2,0.6872988939285278,-0.009156241081655025,44.38117218017578,886.2513427734375,887.98
429,2590,12363,5304320,0.5027722716331482,1.2036368146538734,12945,0.12197265625,-12.528228950500488,0.0003,0.013543397,0.2,0.9938499331474304,-0.010827446798793971,0.1957414150238037,889.4896850585938,887.98
428,2591,12369,5306368,0.5025213360786438,0.6505250796675682,12950,0.1263671875,-12.526469612121582,0.0003,0.015231468,0.2,0.9970214366912842,-0.008253485686145723,0.09749618172645569,892.7550048828125,892.96
428,2592,12374,5308416,0.5022567510604858,0.688875199854374,12955,0.174609375,-12.51526756286621,0.0003,0.014594566,0.2,0.9975895285606384,-0.010847506672143936,0.1587962955236435,900.9252319335938,895.29
429,2593,12378,5310464,0.5019475221633911,37.37583549022675,12960,0.46640625,-12.5036030292511,0.0003,0.09784506,0.2,0.9142456650733948,-0.002630101912654936,17.22417640686035,900.9252319335938,895.29
429,2594,12383,5312512,0.5017626285552979,0.3979110740125179,12965,0.18779296875,-12.496560049057006,0.0003,0.015076919,0.2,0.9991313815116882,-0.011138537037186324,0.1050039753317833,903.0321655273438,895.29
428,2595,12388,5314560,0.5016639232635498,0.22882989495992662,12970,0.19306640625,-12.49027328491211,0.0003,0.01815425,0.2,0.9994900822639465,-0.010081930947490037,0.08343647420406342,896.4986572265625,897.91
428,2596,12393,5316608,0.5014734268188477,0.4610467657446861,12975,0.37685546875,-12.484538698196411,0.0003,0.031917427,0.2,0.9988711476325989,0.005432736640796065,0.17448528110980988,895.0083618164062,896.17
428,2597,12398,5318656,0.501327395439148,28.786112987995146,12980,0.364453125,-12.474740266799927,0.0003,0.059344187,0.2,0.8399140238761902,-0.0008633165387436747,12.633819580078125,895.0083618164062,896.17
428,2598,12403,5320704,0.501343846321106,0.4100227490067482,12985,0.15712890625,-12.471890735626221,0.0003,0.013309648,0.2,0.9950615763664246,-0.008427056740038097,0.07152049988508224,895.9058837890625,896.17
428,2599,12408,5322752,0.5013886094093323,0.17573354132473468,12990,0.228125,-12.475010871887207,0.0003,0.0198435,0.2,0.9984142780303955,-0.00944428879301995,0.05269244685769081,889.0610961914062,900.18
428,2600,12413,5324800,0.501420259475708,0.27771344855427743,12995,0.27568359375,-12.480140256881715,0.0003,0.025890898,0.2,0.9977776408195496,-0.007964305533096194,0.120673269033432,885.7299194335938,900.76
428,2601,12417,5326848,0.5013678669929504,0.2551202945411205,13000,0.2982421875,-12.48252215385437,0.0003,0.04161145,0.2,0.9993111491203308,-0.0075138689135201275,0.14291107654571533,885.7299194335938,900.76
428,2602,12422,5328896,0.5010710954666138,0.12838091980665922,13005,0.27158203125,-12.478784942626953,0.0003,0.01871049,0.2,0.9996927976608276,-0.006443750648759306,0.01792130246758461,889.5092163085938,903.54
428,2603,12428,5330944,0.5008847117424011,0.13795780204236507,13010,0.22939453125,-12.466674709320069,0.0003,0.026921734,0.2,0.9997384548187256,-0.004828716930933297,0.15207211673259735,908.8527221679688,911.49
428,2604,12433,5332992,0.5004337430000305,0.3000289112329483,13015,0.3671875,-12.459754610061646,0.0003,0.037025914,0.2,0.9991498589515686,-0.0005508153233677148,0.12887495756149292,908.9117431640625,911.49
428,2605,12438,5335040,0.5002316832542419,0.1284481406211853,13020,0.32060546875,-12.445829725265503,0.0003,0.028929707,0.2,0.9995878338813782,-0.00529113479424268,0.050639186054468155,908.9117431640625,911.49
428,2606,12444,5337088,0.5000911951065063,0.06872473079711199,13025,0.3626953125,-12.442032194137573,0.0003,0.044652123,0.2,0.9996934533119202,0.009952915646135808,0.0493384413421154,903.59228515625,908.83
428,2607,12450,5339136,0.49988943338394165,45.97724974155426,13030,0.5267578125,-12.435350036621093,0.0003,0.12302269,0.2,0.8365662097930908,0.002488616819027811,19.228187561035156,910.934814453125,912.03
428,2608,12455,5341184,0.49993249773979187,0.31599161922931673,13035,0.259375,-12.432371139526367,0.0003,0.020240227,0.2,0.9988747239112854,-0.015185109758749604,0.10035055875778198,909.681396484375,912.03
428,2609,12460,5343232,0.49991029500961304,0.21691541448235513,13040,0.3138671875,-12.43045482635498,0.0003,0.03445095,0.2,0.9993106126785278,-0.009566799202002586,0.06974636763334274,909.681396484375,912.03
428,2610,12466,5345280,0.5000429749488831,0.054594732075929644,13045,0.3212890625,-12.429855394363404,0.0003,0.04686605,0.2,0.9997559189796448,-0.0006732550216838717,0.02985292114317417,911.768310546875,912.03
428,2611,12472,5347328,0.5004516243934631,0.10739780887961388,13050,0.44296875,-12.44019045829773,0.0003,0.055374667,0.2,0.9995747804641724,0.0019913812866434455,0.055140648037195206,911.5074462890625,912.03
428,2612,12477,5349376,0.500527024269104,0.20504277050495148,13055,0.32578125,-12.446259212493896,0.0003,0.032494105,0.2,0.9991549849510193,0.0034037866396829488,0.10270043462514877,911.9443969726562,912.02
428,2613,12482,5351424,0.5004797577857971,47.34446516036987,13060,0.41728515625,-12.441028118133545,0.0003,0.073040076,0.2,0.8134171962738037,-0.0033263106364756823,44.98155975341797,906.82958984375,906.58
428,2614,12488,5353472,0.5004879832267761,43.38748760223389,13065,0.18681640625,-12.439872694015502,0.0003,0.022377837,0.2,0.8838329315185547,-0.008572733751498163,34.872135162353516,915.6865844726562,910.6
428,2615,12494,5355520,0.500201940536499,0.3132503665983677,13070,0.25283203125,-12.436245393753051,0.0003,0.028746756,0.2,0.9987626075744629,-0.002725180797278881,0.0881199911236763,911.9609375,914.27
428,2616,12500,5357568,0.5003629922866821,0.13865218944847585,13075,0.36943359375,-12.430456304550171,0.0003,0.030701809,0.2,0.999517023563385,-0.008609264995902777,0.041985347867012024,912.5010986328125,914.27
428,2617,12505,5359616,0.5001585483551025,0.06814853306859732,13080,0.29794921875,-12.434988355636596,0.0003,0.033588298,0.2,0.9998053312301636,-0.004417425405699759,0.021320335566997528,909.5772094726562,914.27
428,2618,12512,5361664,0.4996531307697296,0.062286412343382835,13085,0.31748046875,-12.418419933319091,0.0003,0.033591922,0.2,0.9996679425239563,-0.011685593123547732,0.026468515396118164,905.0614013671875,912.81
428,2619,12518,5363712,0.49954932928085327,30.24064713716507,13090,0.49228515625,-12.404254674911499,0.0003,0.16058987,0.2,0.8955423831939697,0.0009989222511649133,20.48119354248047,903.6531982421875,912.81
428,2620,12524,5365760,0.49960529804229736,0.18102644421160222,13095,0.25068359375,-12.404722785949707,0.0003,0.019627603,0.2,0.9993757009506226,-0.010289187799207867,0.08914855867624283,906.971923828125,912.81
428,2621,12530,5367808,0.49952220916748047,0.23307491429150104,13100,0.42080078125,-12.40426869392395,0.0003,0.089951955,0.2,0.999793529510498,0.01662917424691841,0.12547580897808075,908.7771606445312,912.81
428,2622,12537,5369856,0.4996633529663086,0.13704131804406644,13105,0.25556640625,-12.404003000259399,0.0003,0.020984046,0.2,0.9994426369667053,-0.00878594173118472,0.025962498039007187,903.7015380859375,912.81
428,2623,12544,5371904,0.4995713233947754,0.11340436115860938,13110,0.412109375,-12.403365087509155,0.0003,0.08567921,0.2,0.9997164607048035,0.007060407078824937,0.09141255170106888,912.904052734375,918.9
428,2624,12551,5373952,0.4993859529495239,0.1117628425359726,13115,0.447265625,-12.396029567718506,0.0003,0.044817667,0.2,0.9997458457946777,0.001206681434996426,0.03774658590555191,917.6724853515625,921.0
428,2625,12557,5376000,0.49941083788871765,0.09543974567204713,13120,0.48583984375,-12.389559364318847,0.0003,0.06821098,0.2,0.9998795390129089,0.012408621958456933,0.051639266312122345,927.7483520507812,927.18
428,2626,12564,5378048,0.49936994910240173,0.0616447564214468,13125,0.3435546875,-12.387592315673828,0.0003,0.025505545,0.2,0.999830424785614,-0.002588243596255779,0.02229323983192444,928.4151000976562,928.61
427,2627,12572,5380096,0.4994145631790161,55.97526712417603,13130,0.33212890625,-12.387014961242675,0.0003,0.03932286,0.2,0.8285552263259888,-0.004906907421536743,23.456953048706055,942.8718872070312,944.2
427,2628,12578,5382144,0.4996604919433594,0.3311146304011345,13135,0.20625,-12.391310262680054,0.0003,0.018997107,0.2,0.9990784525871277,-0.008230653940699995,0.06895889341831207,942.8718872070312,944.2
427,2629,12585,5384192,0.4996906816959381,0.23228553608059882,13140,0.23173828125,-12.40159478187561,0.0003,0.018572582,0.2,0.9997880458831787,-0.008268910110928118,0.022809430956840515,959.6984252929688,958.52
427,2630,12592,5386240,0.4994575083255768,0.11778572965413332,13145,0.209765625,-12.400062608718873,0.0003,0.021380877,0.2,0.999824047088623,-0.008241801499389112,0.034328751266002655,970.0711059570312,967.83
427,2631,12600,5388288,0.4991549253463745,0.07192765213549138,13150,0.28935546875,-12.391156244277955,0.0003,0.03466205,0.2,0.9998266696929932,-0.009621644229628145,0.0037582237273454666,987.5140380859375,979.9
427,2632,12607,5390336,0.49885818362236023,0.13958793692290783,13155,0.49326171875,-12.382184600830078,0.0003,0.045549233,0.2,0.9997625946998596,0.012931324949022382,0.04649338498711586,987.5140380859375,979.9
427,2633,12614,5392384,0.49840444326400757,0.05293350350111723,13160,0.3125,-12.370653867721558,0.0003,0.0336032,0.2,0.9996969699859619,-0.00289534127805382,0.040682654827833176,991.0238037109375,979.9
427,2634,12621,5394432,0.49816736578941345,0.07484219186007976,13165,0.27578125,-12.35692777633667,0.0003,0.01735397,0.2,0.999829113483429,-0.01029676548205316,0.008032158017158508,999.2825927734375,979.9
427,2635,12629,5396480,0.4978823661804199,0.07632276285439729,13170,0.30673828125,-12.348848438262939,0.0003,0.03084386,0.2,0.9998788833618164,-0.005318733735475689,0.030943406745791435,994.2357788085938,980.32
427,2636,12636,5398528,0.49782446026802063,0.07274391707032919,13175,0.2904296875,-12.339656400680543,0.0003,0.020083092,0.2,0.9998794794082642,-0.008967259782366455,0.009920626878738403,994.2357788085938,980.32
427,2637,12644,5400576,0.49758851528167725,0.04589037019759416,13180,0.28310546875,-12.334942197799682,0.0003,0.020559864,0.2,0.9999301433563232,-0.01102613026741892,0.015248414129018784,997.00146484375,979.18
426,2638,12652,5402624,0.4975126087665558,142.19578437805177,13185,0.25283203125,-12.32627592086792,0.0003,0.03258601,0.2,0.7092373371124268,-0.002262663561850786,49.45644760131836,994.4036865234375,976.56
426,2639,12660,5404672,0.49756303429603577,52.26903276443481,13190,0.23017578125,-12.32607822418213,0.0003,0.03348252,0.2,0.8570864796638489,-0.010411688475869596,30.75339126586914,990.4227905273438,976.56
426,2640,12668,5406720,0.4975155293941498,0.4743761941790581,13195,0.17197265625,-12.3263445854187,0.0003,0.0152337765,0.2,0.9984369874000549,-0.010359670221805572,0.06678027659654617,990.6423950195312,976.56
426,2641,12677,5408768,0.497337281703949,0.1628635574132204,13200,0.2587890625,-12.321694803237914,0.0003,0.024039546,0.2,0.9996493458747864,-0.00823679172899574,0.022493505850434303,991.4491577148438,976.98
426,2642,12686,5410816,0.49733176827430725,0.24745051562786102,13205,0.2201171875,-12.316260480880738,0.0003,0.020196766,0.2,0.9995120167732239,-0.006977968802675605,0.051171544939279556,1001.101318359375,976.98
426,2643,12694,5412864,0.49726927280426025,0.3018452554941177,13210,0.20478515625,-12.314566326141357,0.0003,0.01990955,0.2,0.9994983673095703,-0.006200525787426159,0.057037536054849625,993.1649780273438,975.13
426,2644,12702,5414912,0.4972650110721588,42.967866563796996,13215,0.3212890625,-12.312371349334716,0.0003,0.05254805,0.2,0.7533531785011292,-0.006914670276455581,5.87351655960083,986.78515625,972.04
426,2645,12708,5416960,0.4972940981388092,47.2206992149353,13220,0.1599609375,-12.313322591781617,0.0003,0.025841612,0.2,0.7266907691955566,-0.008752930106129497,29.679494857788086,989.0865478515625,972.04
426,2646,12716,5419008,0.49739599227905273,0.32243165485560893,13225,0.1693359375,-12.315957403182983,0.0003,0.022351908,0.2,0.9956355690956116,-0.005667323258239776,0.07115545123815536,990.0323486328125,972.04
426,2647,12725,5421056,0.4970110356807709,0.1256704706698656,13230,0.27880859375,-12.316325283050537,0.0003,0.03948087,0.2,0.9995123147964478,-0.00882561164908111,0.06469850242137909,989.1143798828125,972.04
425,2648,12734,5423104,0.49691882729530334,0.10355415381491184,13235,0.28017578125,-12.307890892028809,0.0003,0.020293698,0.2,0.9996480345726013,-0.004670385108329356,0.02744945138692856,977.4639892578125,965.86
425,2649,12743,5425152,0.4970666468143463,78.16964893341064,13240,0.64990234375,-12.310327625274658,0.0003,0.34953368,0.2,0.861740231513977,0.03251504141371697,23.694650650024414,980.5781860351562,965.86
425,2650,12752,5427200,0.49705415964126587,0.4628424376249313,13245,0.1287109375,-12.312805128097533,0.0003,0.016395139,0.2,0.9975537061691284,-0.006845620274543762,0.07555115222930908,971.5340576171875,961.35
425,2651,12761,5429248,0.49713945388793945,86.21121635437012,13250,0.1734375,-12.314570140838622,0.0003,0.019899867,0.2,0.8279277086257935,-0.005175661179237068,41.448577880859375,967.90087890625,959.03
425,2652,12771,5431296,0.4972112476825714,110.34548377990723,13255,0.13173828125,-12.318232011795043,0.0003,0.018796735,0.2,0.784656822681427,-0.009062506852205842,50.66655731201172,959.1591186523438,945.36
425,2653,12779,5433344,0.4972206652164459,154.53071174621581,13260,0.0724609375,-12.319583320617676,0.0003,0.015292413,0.2,0.7021534442901611,-0.007484067766927183,106.32006072998047,959.1591186523438,945.36
425,2654,12788,5435392,0.497261106967926,1.3312271296977998,13265,0.0685546875,-12.319584083557128,0.0003,0.011376319,0.2,0.9909152388572693,-0.007711696554906666,0.17201931774616241,948.09228515625,941.74
424,2655,12797,5437440,0.4973711371421814,35.95602569580078,13270,0.28115234375,-12.321615505218507,0.0003,0.052586205,0.2,0.9089388847351074,-0.008303372492082416,15.980538368225098,955.0527954101562,941.74
424,2656,12807,5439488,0.49743345379829407,0.6651163965463638,13275,0.17685546875,-12.324637508392334,0.0003,0.021991625,0.2,0.9992649555206299,-0.015189362969249488,0.19299985468387604,965.5064697265625,941.74
424,2657,12814,5441536,0.4976280927658081,0.378299580514431,13280,0.17294921875,-12.32789855003357,0.0003,0.029098641,0.2,0.9991319179534912,-0.008551101048942656,0.15841495990753174,965.5064697265625,941.74
424,2658,12823,5443584,0.49726539850234985,0.19564088862389326,13285,0.26376953125,-12.332755899429321,0.0003,0.027496958,0.2,0.9982410073280334,-0.009554159292019904,0.028556272387504578,955.3607177734375,938.33
424,2659,12833,5445632,0.49649307131767273,24.472825169563293,13290,0.64013671875,-12.306861734390258,0.0003,0.39896944,0.2,0.9288791418075562,0.01518796687014401,11.06548023223877,955.3805541992188,943.77
424,2660,12842,5447680,0.49610981345176697,0.3093863680958748,13295,0.18916015625,-12.289663648605346,0.0003,0.03591809,0.2,0.999352753162384,-0.008961267536506057,0.06022878363728523,951.2591552734375,943.77
424,2661,12850,5449728,0.49581459164619446,0.17154532745480539,13300,0.43486328125,-12.27494215965271,0.0003,0.03836917,0.2,0.9996513724327087,0.022827346390113235,0.0752113088965416,951.2591552734375,943.77
423,2662,12859,5451776,0.49577686190605164,0.08785290457308292,13305,0.2876953125,-12.269164752960204,0.0003,0.027087968,0.2,0.9997719526290894,-0.0035181106068193913,0.039484865963459015,962.56982421875,943.77
423,2663,12869,5453824,0.49532732367515564,0.22967602089047431,13310,0.31298828125,-12.260660314559937,0.0003,0.035567023,0.2,0.9993760585784912,-0.004302978119812906,0.07399877905845642,969.237060546875,943.77
423,2664,12877,5455872,0.4951755702495575,0.1887557752430439,13315,0.2740234375,-12.244722366333008,0.0003,0.025613824,0.2,0.9995102882385254,-0.011520931008271873,0.06937921792268753,971.1450805664062,945.23
423,2665,12885,5457920,0.4953528642654419,0.12202123031020165,13320,0.341015625,-12.244588565826415,0.0003,0.029222494,0.2,0.9997025728225708,-0.00947105756495148,0.04247674718499184,971.1450805664062,945.23
423,2666,12894,5459968,0.49537384510040283,0.06642700135707855,13325,0.37890625,-12.249835205078124,0.0003,0.045553163,0.2,0.9997762441635132,-0.0030487415380775927,0.03597354143857956,971.2583618164062,945.23
423,2667,12903,5462016,0.4951927363872528,0.11352294720709324,13330,0.3041015625,-12.250269365310668,0.0003,0.027855385,0.2,0.9997358322143555,-0.006169634778052569,0.033290766179561615,962.2355346679688,945.23
423,2668,12912,5464064,0.49436554312705994,0.08854107782244683,13335,0.34306640625,-12.231104183197022,0.0003,0.027793255,0.2,0.9998129606246948,-0.008591856039129198,0.028275679796934128,964.4932250976562,945.23
423,2669,12919,5466112,0.4939458668231964,0.11540929265320302,13340,0.274609375,-12.203834199905396,0.0003,0.02170535,0.2,0.9997386336326599,-0.010614630742929876,0.03969860449433327,964.4932250976562,945.23
422,2670,12929,5468160,0.4933129847049713,0.05441289320588112,13345,0.48076171875,-12.183626747131347,0.0003,0.03748847,0.2,0.9999172687530518,0.008723473339341582,0.022188624367117882,960.7888793945312,945.23
422,2671,12939,5470208,0.4929763972759247,0.10286032818257809,13350,0.45244140625,-12.161517477035522,0.0003,0.04188436,0.2,0.999817967414856,0.004675876698456705,0.030065838247537613,963.2620239257812,945.23
422,2672,12947,5472256,0.492645263671875,0.07144552767276764,13355,0.29814453125,-12.152188920974732,0.0003,0.020552311,0.2,0.999882161617279,-0.011833898699842393,0.04872506111860275,964.3956298828125,945.23
422,2673,12955,5474304,0.49236583709716797,0.08168752398341894,13360,0.36865234375,-12.134701585769653,0.0003,0.034886055,0.2,0.9997609257698059,0.006898771610576659,0.022798283025622368,964.3956298828125,945.23
422,2674,12964,5476352,0.4921274781227112,0.0795684196986258,13365,0.43935546875,-12.126776361465454,0.0003,0.102599844,0.2,0.9999181032180786,0.028289046231657268,0.08698739111423492,968.7837524414062,949.9
422,2675,12973,5478400,0.4924330711364746,0.08548046872019768,13370,0.44619140625,-12.127445840835572,0.0003,0.049486373,0.2,0.9998257160186768,0.011113500222563744,0.04181310907006264,973.2045288085938,949.9
422,2676,12982,5480448,0.4923638105392456,0.1870544496923685,13375,0.4279296875,-12.128672742843628,0.0003,0.08198965,0.2,0.9995940923690796,0.0039129485609009865,0.1634969264268875,968.0596923828125,946.47
422,2677,12991,5482496,0.49227583408355713,40.063467025756836,13380,0.22353515625,-12.12474422454834,0.0003,0.03515339,0.2,0.9101642966270447,-0.008401588269043714,26.61833381652832,956.1904907226562,944.5
421,2678,13001,5484544,0.4923512041568756,35.738416481018064,13385,0.24140625,-12.125080728530884,0.0003,0.04192517,0.2,0.943034827709198,-0.009022205811925232,20.830047607421875,949.0960693359375,935.1
421,2679,13010,5486592,0.49234649538993835,177.24029731750488,13390,0.0537109375,-12.127095079421997,0.0003,0.010113966,0.2,0.7205170392990112,-0.004973402805626392,92.95698547363281,933.8385009765625,925.39
421,2680,13019,5488640,0.49240028858184814,137.6687110900879,13395,0.10703125,-12.127927112579346,0.0003,0.017698694,0.2,0.4662702679634094,-0.009215373126789928,58.69917678833008,932.299560546875,922.58
421,2681,13027,5490688,0.4924377202987671,43.679434299468994,13400,0.15185546875,-12.12975058555603,0.0003,0.020594735,0.2,0.750687837600708,-0.009802566037978976,9.614301681518555,932.299560546875,922.58
421,2682,13037,5492736,0.4924609959125519,0.9974219784140587,13405,0.114453125,-12.131659603118896,0.0003,0.015538284,0.2,0.9884238839149475,-0.010692531429231166,0.2118244767189026,928.5654907226562,929.53
421,2683,13045,5494784,0.4924977719783783,31.41986563205719,13410,0.20380859375,-12.132202100753783,0.0003,0.026806677,0.2,0.8579512238502502,-0.010943556681741028,14.392416954040527,928.7484130859375,929.53
421,2684,13054,5496832,0.4927031099796295,0.772410349547863,13415,0.20302734375,-12.136275005340575,0.0003,0.026645752,0.2,0.998378336429596,-0.006467307941056788,0.1873125433921814,927.0769653320312,929.53
420,2685,13062,5498880,0.49269306659698486,0.49255245700478556,13420,0.13955078125,-12.141446256637574,0.0003,0.015182241,0.2,0.9984694123268127,-0.009858160372823476,0.04939731955528259,922.4481201171875,927.12
420,2686,13072,5500928,0.4927762448787689,26.681566524505616,13425,0.34140625,-12.140311861038208,0.0003,0.037136793,0.2,0.9297357797622681,-0.001440286822617054,16.468191146850586,923.740234375,927.12
420,2687,13081,5502976,0.492816299200058,0.3791266903281212,13430,0.1794921875,-12.143887186050415,0.0003,0.016904553,0.2,0.9991554617881775,-0.011437819700222462,0.14939993619918823,918.47412109375,927.12
420,2688,13089,5505024,0.4927622377872467,0.26121185049414636,13435,0.19736328125,-12.143818950653076,0.0003,0.016830038,0.2,0.9993310570716858,-0.0105438751867041,0.08946453779935837,916.0301513671875,927.12
420,2689,13098,5507072,0.4927751123905182,0.18917208686470985,13440,0.209375,-12.143271350860596,0.0003,0.017283319,0.2,0.9995471835136414,-0.007835574680939317,0.07311538606882095,918.5923461914062,930.71
420,2690,13107,5509120,0.4928574562072754,0.2888639234006405,13445,0.20283203125,-12.143318223953248,0.0003,0.018513571,0.2,0.9998153448104858,-0.006179715937469155,0.05059316009283066,926.5228881835938,933.8
420,2691,13116,5511168,0.49277788400650024,0.19724496714770795,13450,0.20234375,-12.141988039016724,0.0003,0.024792066,0.2,0.9996386766433716,-0.006981660705059766,0.07115207612514496,923.8992309570312,933.8
420,2692,13125,5513216,0.49258434772491455,0.08959807306528092,13455,0.44169921875,-12.132479238510133,0.0003,0.039326668,0.2,0.9998072981834412,0.005345450877211988,0.03581845015287399,927.8084106445312,933.8
419,2693,13135,5515264,0.4926414489746094,0.08464752640575171,13460,0.293359375,-12.129122734069824,0.0003,0.04283413,0.2,0.9998834729194641,-0.00427037124754861,0.028411278501152992,927.6846923828125,931.05
419,2694,13144,5517312,0.4925730526447296,31.885506534576415,13465,0.4265625,-12.125542783737183,0.0003,0.08842129,0.2,0.9290058612823486,-0.006769133743364364,8.857536315917969,931.1287231445312,937.23
419,2695,13152,5519360,0.49266672134399414,0.22716846875846386,13470,0.30029296875,-12.12375521659851,0.0003,0.11077032,0.2,0.9991597533226013,0.006443937588483095,0.10247166454792023,931.17138671875,937.23
419,2696,13161,5521408,0.4926445186138153,0.16305712647736073,13475,0.330078125,-12.122603416442871,0.0003,0.031524133,0.2,0.9994106888771057,0.0026364683173596857,0.05352850258350372,935.3682861328125,939.6
419,2697,13170,5523456,0.49264124035835266,33.17668623924256,13480,0.26025390625,-12.120463562011718,0.0003,0.031080272,0.2,0.8482681512832642,-0.0053743506781756874,25.402345657348633,939.6597900390625,941.26
419,2698,13179,5525504,0.49275219440460205,0.3230685770511627,13485,0.19765625,-12.122410345077515,0.0003,0.018453855,0.2,0.9987379312515259,-0.007353969168616459,0.14565369486808777,946.3292236328125,949.0
419,2699,13188,5527552,0.49301132559776306,0.2131151430308819,13490,0.24765625,-12.127923154830933,0.0003,0.026497444,0.2,0.9996146559715271,-0.013547603110782801,0.0773414820432663,946.3292236328125,949.0
418,2700,13197,5529600,0.49329471588134766,0.19181157797574996,13495,0.39794921875,-12.136636114120483,0.0003,0.043673687,0.2,0.9997236132621765,0.007608464290387929,0.07333377748727798,954.6138305664062,958.25
418,2701,13206,5531648,0.4933326542377472,0.1278206016868353,13500,0.30107421875,-12.140560197830201,0.0003,0.024675786,0.2,0.9998657703399658,-0.007951005198992788,0.04180380329489708,962.3397827148438,961.87
418,2702,13215,5533696,0.49312347173690796,0.0895155742764473,13505,0.261328125,-12.136414194107056,0.0003,0.02501668,0.2,0.9998380541801453,-0.012019363953731954,0.026071825996041298,956.4841918945312,961.87
418,2703,13223,5535744,0.492950975894928,0.12181668914854527,13510,0.2375,-12.126789236068726,0.0003,0.022799313,0.2,0.9996542930603027,-0.00947696624789387,0.048691101372241974,956.4841918945312,961.87
418,2704,13231,5537792,0.49308857321739197,0.056599140912294385,13515,0.25498046875,-12.124853706359863,0.0003,0.01945886,0.2,0.999885082244873,-0.008492549695074559,0.02668483555316925,949.5752563476562,961.87
418,2705,13240,5539840,0.4930306077003479,0.06460750438272952,13520,0.23740234375,-12.126853847503662,0.0003,0.021262351,0.2,0.9998937845230103,-0.010481444210745395,0.019682452082633972,960.340087890625,965.29
418,2706,13250,5541888,0.4928759038448334,0.09155809693038464,13525,0.26328125,-12.121882390975951,0.0003,0.021347126,0.2,0.9998556971549988,-0.007513645198196172,0.04480840638279915,966.6925659179688,965.29
418,2707,13259,5543936,0.49252426624298096,0.11154205054044723,13530,0.24599609375,-12.113247156143188,0.0003,0.019068578,0.2,0.9998398423194885,-0.01016366594703868,0.03242515027523041,966.6925659179688,965.29
417,2708,13268,5545984,0.4925157129764557,0.048463068157434466,13535,0.280859375,-12.101058769226075,0.0003,0.026180081,0.2,0.9999494552612305,-0.00858196394983679,0.023907620459794998,976.45556640625,965.29
417,2709,13277,5548032,0.4920048713684082,0.0795459421351552,13540,0.32744140625,-12.091603326797486,0.0003,0.03469295,0.2,0.9998372793197632,-0.006466446781996637,0.03671204298734665,960.042236328125,958.0
417,2710,13287,5550080,0.4916588366031647,163.60574378967286,13545,0.61279296875,-12.071830034255981,0.0003,0.18662024,0.2,0.6139816045761108,0.03635924505069852,45.59565353393555,950.8388061523438,953.11
417,2711,13295,5552128,0.49162641167640686,61.88298778533935,13550,0.13515625,-12.067798042297364,0.0003,0.019471176,0.2,0.8592259287834167,-0.009428308461792767,26.38307762145996,950.8388061523438,953.11
417,2712,13304,5554176,0.491552472114563,0.8282646492123604,13555,0.12080078125,-12.066692018508911,0.0003,0.0131470235,0.2,0.9967823028564453,-0.011551361955935136,0.11583833396434784,934.3681030273438,940.3
417,2713,13314,5556224,0.49153539538383484,128.02816047668458,13560,0.1255859375,-12.06518816947937,0.0003,0.014875824,0.2,0.7574571371078491,-0.006577336543705315,67.02864837646484,940.8119506835938,935.91
417,2714,13322,5558272,0.49154579639434814,106.6097484588623,13565,0.07587890625,-12.065800285339355,0.0003,0.013348296,0.2,0.7709240317344666,-0.008055607741698622,39.22235107421875,940.8119506835938,935.91
417,2715,13332,5560320,0.49160099029541016,1.1908663302659988,13570,0.144921875,-12.06727123260498,0.0003,0.023115398,0.2,0.9990817308425903,-0.007999924570322036,0.3842323422431946,921.3803100585938,921.21
416,2716,13341,5562368,0.4916161000728607,237.51967239379883,13575,0.11142578125,-12.069001197814941,0.0003,0.018337145,0.2,0.6465593576431274,-0.008055486378725617,84.6718978881836,915.6851806640625,920.46
416,2717,13350,5564416,0.4915945827960968,26.67376947402954,13580,0.09072265625,-12.068999338150025,0.0003,0.015269179,0.2,0.9195622205734253,-0.00800555219175294,14.474809646606445,905.587646484375,908.22
416,2718,13359,5566464,0.49155479669570923,149.9059803009033,13585,0.1177734375,-12.067579317092896,0.0003,0.016683338,0.2,0.4936119318008423,-0.008392283925786614,73.4410400390625,892.800537109375,895.92
416,2719,13367,5568512,0.4915531575679779,145.1993366241455,13590,0.13974609375,-12.067393350601197,0.0003,0.01772693,0.2,0.18811511993408203,-0.00964451243635267,75.5364990234375,895.5823364257812,895.92
416,2720,13375,5570560,0.49156761169433594,2.373482808470726,13595,0.08076171875,-12.067402982711792,0.0003,0.0140367765,0.2,0.969595730304718,-0.008378622448071837,0.3434422016143799,895.5823364257812,895.92
416,2721,13387,5572608,0.4915402829647064,1.26774413138628,13600,0.0724609375,-12.06761384010315,0.0003,0.011556027,0.2,0.9924030900001526,-0.007942126947455108,0.10249161720275879,900.223388671875,900.48
416,2722,13395,5574656,0.49153825640678406,99.39432201385497,13605,0.1380859375,-12.066026449203491,0.0003,0.022150045,0.2,0.7189468145370483,-0.006396339181810618,56.80832290649414,903.357177734375,900.48
416,2723,13404,5576704,0.49149295687675476,1.3783523499965669,13610,0.10068359375,-12.066187524795533,0.0003,0.012073496,0.2,0.9935794472694397,-0.00847920796368271,0.35855016112327576,896.9625244140625,898.16
415,2724,13413,5578752,0.49137619137763977,100.9235357284546,13615,0.18486328125,-12.062660408020019,0.0003,0.02479493,0.2,0.7659257650375366,-0.009415327897295355,50.031333923339844,903.1956176757812,903.68
415,2725,13422,5580800,0.49134111404418945,31.831614589691164,13620,0.270703125,-12.060515356063842,0.0003,0.049623787,0.2,0.9218510389328003,-0.008746805728878825,19.51747703552246,904.1758422851562,901.58
415,2726,13430,5582848,0.4913625717163086,23.71386992931366,13625,0.14482421875,-12.060115385055543,0.0003,0.023959916,0.2,0.903905987739563,-0.009854721766896547,21.574304580688477,904.1758422851562,901.58
415,2727,13439,5584896,0.49147579073905945,1.0699250400066376,13630,0.1044921875,-12.062224912643433,0.0003,0.013863709,0.2,0.9990275502204895,-0.008152016694657505,0.295342355966568,902.9453125,901.67
415,2728,13449,5586944,0.49141037464141846,0.7408885583281517,13635,0.1091796875,-12.065154981613158,0.0003,0.01070288,0.2,0.9983760118484497,-0.008659774728585035,0.15593796968460083,910.7316284179688,904.08
415,2729,13457,5588992,0.4912424683570862,0.6347258374094963,13640,0.14697265625,-12.06133337020874,0.0003,0.020750215,0.2,0.9988932609558105,-0.010450859344564379,0.17990796267986298,910.4307250976562,904.08
415,2730,13465,5591040,0.4911576509475708,0.5303161010146141,13645,0.24072265625,-12.056766891479493,0.0003,0.019675426,0.2,0.9993711113929749,-0.008945186121854931,0.15908215939998627,910.4307250976562,904.08
415,2731,13474,5593088,0.4909766614437103,0.24996964558959006,13650,0.19267578125,-12.053606367111206,0.0003,0.018885449,0.2,0.9998548030853271,-0.012485538446344435,0.021375007927417755,911.4464721679688,904.08
414,2732,13484,5595136,0.4909258484840393,0.36137166023254397,13655,0.32802734375,-12.048512935638428,0.0003,0.034907226,0.2,0.9996140003204346,-0.006405076966620982,0.07789296656847,914.455810546875,904.08
414,2733,13493,5597184,0.490958571434021,0.3680801935493946,13660,0.34931640625,-12.05015034675598,0.0003,0.035535723,0.2,0.9993866682052612,-0.003727804240770638,0.15549679100513458,913.8490600585938,904.08
414,2734,13501,5599232,0.49103593826293945,0.24126742407679558,13665,0.2716796875,-12.05128345489502,0.0003,0.022926476,0.2,0.9996418952941895,-0.007132812240161002,0.073041170835495,913.8490600585938,904.08
414,2735,13511,5601280,0.4910200834274292,0.0754773011431098,13670,0.32734375,-12.050306510925292,0.0003,0.033848282,0.2,0.999933660030365,-0.002669184794649482,0.031956709921360016,906.18505859375,904.08
414,2736,13521,5603328,0.4911651611328125,0.3019439049065113,13675,0.35654296875,-12.04900894165039,0.0003,0.038115483,0.2,0.9996297359466553,-0.003395883459597826,0.0926315039396286,916.4833374023438,906.83
414,2737,13529,5605376,0.49139055609703064,0.2563366934657097,13680,0.31806640625,-12.052576160430908,0.0003,0.029442616,0.2,0.9996445178985596,-0.008909749193117022,0.09735053032636642,913.518310546875,906.83
414,2738,13537,5607424,0.4907777011394501,0.11786528490483761,13685,0.36767578125,-12.04865870475769,0.0003,0.05141161,0.2,0.9998023509979248,-0.0014934211154468357,0.03308028727769852,913.518310546875,906.83
414,2739,13547,5609472,0.4906170070171356,0.05312779629603028,13690,0.36630859375,-12.02809705734253,0.0003,0.030427102,0.2,0.9999102354049683,0.0058168523712083696,0.016012517735362053,914.9827880859375,903.75
413,2740,13556,5611520,0.490702748298645,83.14454929828644,13695,0.62880859375,-12.030350923538208,0.0003,0.2832887,0.2,0.7721080780029297,0.015280302171595395,68.81584167480469,907.09521484375,905.79
413,2741,13564,5613568,0.4905852675437927,27.532387256622314,13700,0.2716796875,-12.028659200668335,0.0003,0.044695582,0.2,0.9076169729232788,-0.011360344104468822,4.066500186920166,903.22216796875,902.0
413,2742,13573,5615616,0.49056392908096313,40.35104722976685,13705,0.22841796875,-12.02357177734375,0.0003,0.025299057,0.2,0.9035921096801758,-0.008407843764871359,21.128366470336914,900.4369506835938,900.91
413,2743,13583,5617664,0.4905603229999542,32.8310800075531,13710,0.2119140625,-12.022944974899293,0.0003,0.02743768,0.2,0.9350706934928894,-0.009196044225245715,25.645465850830078,895.382568359375,897.75
413,2744,13592,5619712,0.4906114935874939,26.924862599372865,13715,0.28798828125,-12.02331838607788,0.0003,0.03239923,0.2,0.9458340406417847,-0.012121246824972332,22.400178909301758,896.2218627929688,896.67
413,2745,13601,5621760,0.49066871404647827,61.542756748199466,13720,0.20380859375,-12.025573205947875,0.0003,0.032651998,0.2,0.8539894819259644,-0.006959919491782785,25.159168243408203,895.482666015625,896.67
413,2746,13609,5623808,0.49054092168807983,1.0135600358247756,13725,0.199609375,-12.023908185958863,0.0003,0.016246345,0.2,0.9975192546844482,-0.010257521166931838,0.24305900931358337,889.31787109375,896.67
413,2747,13618,5625856,0.4903700053691864,0.38363179862499236,13730,0.1443359375,-12.017477369308471,0.0003,0.01569385,0.2,0.9981449842453003,-0.0051066263811662795,0.10543964803218842,889.2463989257812,896.56
412,2748,13627,5627904,0.4902442395687103,30.207803869247435,13735,0.32109375,-12.012484884262085,0.0003,0.05543299,0.2,0.7894740104675293,-0.011309930589050055,16.761043548583984,882.5315551757812,896.56
412,2749,13635,5629952,0.49028894305229187,0.41236946657299994,13740,0.2328125,-12.010924291610717,0.0003,0.01972488,0.2,0.9964531064033508,-0.009472267259843648,0.091032013297081,884.2706298828125,896.56
412,2750,13644,5632000,0.4902261197566986,0.16540009342134,13745,0.33388671875,-12.012563180923461,0.0003,0.03903786,0.2,0.9989874958992004,-0.002957007964141667,0.06193702667951584,880.9806518554688,896.56
412,2751,13655,5634048,0.4900403618812561,0.1509634494781494,13750,0.469921875,-12.003634071350097,0.0003,0.04962042,0.2,0.9996534585952759,0.016017883247695864,0.04991816729307175,864.5003051757812,896.56
412,2752,13665,5636096,0.4902852475643158,0.2804986506700516,13755,0.3666015625,-11.995913457870483,0.0003,0.0375526,0.2,0.9992448687553406,-0.0056134214508347215,0.0822521522641182,854.7129516601562,896.64
412,2753,13673,5638144,0.4905390739440918,0.1970276664942503,13760,0.33466796875,-11.999282741546631,0.0003,0.027786573,0.2,0.9993622899055481,-0.004124695435166359,0.05836767330765724,858.6295166015625,898.75
412,2754,13683,5640192,0.49030038714408875,0.10359811652451753,13765,0.29697265625,-11.997933101654052,0.0003,0.026875034,0.2,0.9997069835662842,-0.00807773182168603,0.022099776193499565,869.55126953125,904.95
412,2755,13692,5642240,0.4903143644332886,0.10113729946315289,13770,0.321484375,-11.992924785614013,0.0003,0.022088075,0.2,0.9997267723083496,-0.004834688431583345,0.042569421231746674,875.40576171875,908.74
411,2756,13700,5644288,0.4901270866394043,0.15036098100245,13775,0.3265625,-11.994151782989501,0.0003,0.026404573,0.2,0.9996042847633362,-0.002222655818331987,0.04396066069602966,881.9261474609375,913.35
411,2757,13709,5646336,0.4898723065853119,0.13106052577495575,13780,0.2982421875,-11.98439450263977,0.0003,0.025292676,0.2,0.9997188448905945,-0.009505697782151401,0.05712967738509178,889.6006469726562,918.13
411,2758,13719,5648384,0.4897477328777313,0.09137407299131155,13785,0.3408203125,-11.976202726364136,0.0003,0.03709236,0.2,0.9998229742050171,-0.008025182504206895,0.02516070567071438,891.81103515625,922.64
411,2759,13727,5650432,0.48983466625213623,0.11572239957749844,13790,0.3572265625,-11.974663019180298,0.0003,0.04905726,0.2,0.9998413324356079,0.011282281926833093,0.019639877602458,894.8624267578125,925.94
411,2760,13736,5652480,0.4893992841243744,0.1285513799637556,13795,0.405859375,-11.969400978088379,0.0003,0.049773578,0.2,0.9995790719985962,0.006661533552687615,0.05623432993888855,895.9434204101562,931.46
411,2761,13744,5654528,0.4892231225967407,0.23092554733157158,13800,0.4380859375,-11.96075348854065,0.0003,0.026266918,0.2,0.9997556805610657,0.016127961594611405,0.0496460385620594,902.0341186523438,935.24
411,2762,13754,5656576,0.48907873034477234,0.07479716204106808,13805,0.3662109375,-11.955513763427735,0.0003,0.07026008,0.2,0.9998476505279541,0.0014642528258264065,0.02097492665052414,915.0337524414062,944.75
411,2763,13762,5658624,0.48899126052856445,58.45652461051941,13810,0.669921875,-11.947663879394531,0.0003,0.30411977,0.2,0.8725204467773438,0.02001459903549403,32.52722930908203,914.867919921875,944.75
411,2764,13772,5660672,0.48884662985801697,0.34484794810414315,13815,0.14384765625,-11.943013668060303,0.0003,0.012298506,0.2,0.9974176287651062,-0.0068681871169246735,0.06891801208257675,919.0962524414062,951.87
410,2765,13780,5662720,0.4887932538986206,0.11105027534067631,13820,0.28671875,-11.939820861816406,0.0003,0.028037388,0.2,0.9996340870857239,-0.014771919394843281,0.02087670937180519,924.8466186523438,955.96
410,2766,13790,5664768,0.4885339140892029,0.06719226762652397,13825,0.21552734375,-11.933450889587402,0.0003,0.016118972,0.2,0.9998663663864136,-0.010484110238030553,0.018757861107587814,938.2052612304688,964.17
410,2767,13799,5666816,0.488296777009964,0.24177683405578138,13830,0.23193359375,-11.921151065826416,0.0003,0.015212923,0.2,0.9998122453689575,-0.009046050952747464,0.05229784920811653,936.2185668945312,964.6
410,2768,13808,5668864,0.48836278915405273,0.120540302246809,13835,0.2927734375,-11.917216682434082,0.0003,0.021576788,0.2,0.9998637437820435,-0.009460410184692592,0.023767173290252686,940.0205688476562,964.6
410,2769,13816,5670912,0.4883357584476471,0.14307997338473796,13840,0.27900390625,-11.920267915725708,0.0003,0.02483358,0.2,0.9995536208152771,-0.010522740869782865,0.10899364203214645,944.7108764648438,967.1
410,2770,13826,5672960,0.4880722761154175,0.11991297136992216,13845,0.18828125,-11.91406741142273,0.0003,0.016585106,0.2,0.9996498227119446,-0.007036708272062242,0.05105236917734146,954.4745483398438,973.87
410,2771,13836,5675008,0.48778077960014343,0.10127273872494698,13850,0.3703125,-11.900302124023437,0.0003,0.0535035,0.2,0.9995173215866089,0.00042470707558095455,0.06339409947395325,960.7540893554688,981.65
410,2772,13844,5677056,0.48773398995399475,0.07672127038240432,13855,0.34765625,-11.888094615936279,0.0003,0.032162536,0.2,0.9997218251228333,-0.007500958372838795,0.04436926543712616,964.838623046875,983.73
409,2773,13853,5679104,0.4873197376728058,0.07295259032398463,13860,0.3736328125,-11.87776141166687,0.0003,0.031860404,0.2,0.9998219013214111,-0.001067534857429564,0.025410618633031845,961.1942749023438,983.73
409,2774,13861,5681152,0.486388623714447,0.052707320638000967,13865,0.32646484375,-11.855479097366333,0.0003,0.026782919,0.2,0.9998862147331238,-0.010630384087562561,-0.0030462685972452164,969.005615234375,985.83
409,2775,13870,5683200,0.485891193151474,0.18881485648453236,13870,0.51962890625,-11.826901626586913,0.0003,0.08083455,0.2,0.9996963143348694,0.021103077474981545,0.06429454684257507,962.4288940429688,983.18
409,2776,13879,5685248,0.48575401306152344,30.97641339302063,13875,0.4392578125,-11.815597200393677,0.0003,0.07008734,0.2,0.8993988633155823,-0.004603728908114136,16.06257438659668,963.0505981445312,983.18
409,2777,13887,5687296,0.48591458797454834,0.19052295684814452,13880,0.24873046875,-11.81498098373413,0.0003,0.022381317,0.2,0.9993549585342407,-0.01238196882768534,0.043187323957681656,961.3657836914062,983.18
409,2778,13896,5689344,0.485967755317688,0.120164655148983,13885,0.16962890625,-11.819159126281738,0.0003,0.015027865,0.2,0.999799907207489,-0.012240882799960672,0.024069013074040413,953.6140747070312,983.18
409,2779,13907,5691392,0.4853634238243103,0.08147823605686426,13890,0.3345703125,-11.810936498641968,0.0003,0.035850145,0.2,0.9995535016059875,-0.005265447311103344,0.052558526396751404,955.2781372070312,983.18
409,2780,13916,5693440,0.48503434658050537,0.09198864214122296,13895,0.35478515625,-11.793262910842895,0.0003,0.100112416,0.2,0.9997056722640991,-0.0021445808466523885,0.05213208496570587,955.2781372070312,983.18
408,2781,13925,5695488,0.4849049746990204,0.14432413093745708,13900,0.27470703125,-11.784539842605591,0.0003,0.024087708,0.2,0.9998098611831665,-0.007825580844655632,0.04924973100423813,954.240478515625,983.18
408,2782,13936,5697536,0.4844004213809967,0.05250130044296384,13905,0.25673828125,-11.77610092163086,0.0003,0.017698206,0.2,0.9998736381530762,-0.008019579923711717,0.06254572421312332,959.5382690429688,978.32
408,2783,13951,5699584,0.4841352701187134,114.25431518554687,13910,0.36552734375,-11.762085151672363,0.0003,0.06687401,0.2,0.6811593770980835,0.002819440793246031,44.16535186767578,962.5209350585938,978.32
408,2784,13961,5701632,0.48408952355384827,0.45571362152695655,13915,0.101171875,-11.758741903305054,0.0003,0.011294718,0.2,0.9953325986862183,-0.00666921999072656,0.0738598182797432,949.6805419921875,970.33
408,2785,13973,5703680,0.4840080440044403,97.87569751739503,13920,0.13603515625,-11.756067037582397,0.0003,0.0207763,0.2,0.7588001489639282,-0.00867044748738408,85.48564147949219,944.9683837890625,966.55
408,2786,13983,5705728,0.4840431809425354,76.09440069198608,13925,0.0931640625,-11.754672002792358,0.0003,0.017567411,0.2,0.7202768325805664,-0.008648251870181412,54.69196701049805,941.9990844726562,960.89
407,2787,13993,5707776,0.4839995205402374,58.85295143127441,13930,0.18916015625,-11.754847288131714,0.0003,0.02837483,0.2,0.7937124371528625,-0.010663398122414947,25.055683135986328,946.7474975585938,960.89
407,2788,14002,5709824,0.48390668630599976,0.3888961337506771,13935,0.165234375,-11.75167989730835,0.0003,0.026208906,0.2,0.9983819127082825,-0.007873274583835155,0.11800859868526459,956.1509399414062,960.87
407,2789,14011,5711872,0.4838513135910034,71.03770999908447,13940,0.28056640625,-11.747552299499512,0.0003,0.03441917,0.2,0.363730788230896,-0.005233955557923764,23.645917892456055,963.9403076171875,965.5
407,2790,14020,5713920,0.4839858412742615,44.91934881210327,13945,0.19013671875,-11.748775815963745,0.0003,0.03054226,0.2,0.6670685410499573,-0.008405608730390668,36.27791976928711,958.53515625,966.58
407,2791,14027,5715968,0.48378700017929077,0.4465427629649639,13950,0.2203125,-11.750505495071412,0.0003,0.017724302,0.2,0.9943287372589111,-0.009704433660954238,0.10999858379364014,958.53515625,966.58
407,2792,14038,5718016,0.48387348651885986,0.19574401676654815,13955,0.25390625,-11.744332456588745,0.0003,0.03624981,0.2,0.9977118968963623,-0.001551895053125918,0.05370195209980011,955.8780517578125,966.58
407,2793,14047,5720064,0.48397839069366455,0.18331702314317228,13960,0.341015625,-11.753087091445924,0.0003,0.025313186,0.2,0.9989572167396545,-0.0016802794067189097,0.06830932199954987,952.9124145507812,966.23
407,2794,14057,5722112,0.48393577337265015,49.70968399047852,13965,0.44306640625,-11.750516223907471,0.0003,0.08738187,0.2,0.8620256781578064,0.0024815764714730903,28.61797332763672,947.2469482421875,966.23
406,2795,14066,5724160,0.48411887884140015,0.4324133612215519,13970,0.14453125,-11.75270218849182,0.0003,0.01724749,0.2,0.9966068267822266,-0.009057906363159418,0.09102272987365723,947.2469482421875,966.23
406,2796,14075,5726208,0.484243243932724,0.2835137665271759,13975,0.1953125,-11.75981526374817,0.0003,0.016433757,0.2,0.9989346265792847,-0.009581187186995521,0.04134953394532204,951.5032958984375,966.23
406,2797,14084,5728256,0.4839724004268646,0.16600270345807075,13980,0.16650390625,-11.756721305847169,0.0003,0.015185193,0.2,0.9992820620536804,-0.008719587465748191,0.03351869434118271,958.4503173828125,966.23
406,2798,14093,5730304,0.4836621880531311,0.18564658910036086,13985,0.27529296875,-11.742927646636963,0.0003,0.021645412,0.2,0.9989741444587708,-0.006495315046049654,0.047148872166872025,963.281494140625,966.23
406,2799,14102,5732352,0.4834701716899872,0.1919079225510359,13990,0.20048828125,-11.734398698806762,0.0003,0.029752553,0.2,0.999406635761261,-0.005931092868559062,0.04718833416700363,968.1127319335938,966.23
406,2800,14111,5734400,0.4832718074321747,0.1680925153195858,13995,0.2732421875,-11.724400568008424,0.0003,0.023271462,0.2,0.9996589422225952,-0.0026253905380144715,0.01900956779718399,968.458984375,966.23
406,2801,14120,5736448,0.4832952916622162,0.11723441500216722,14000,0.25078125,-11.720255088806152,0.0003,0.02334879,0.2,0.9997421503067017,-0.0075634638080373405,0.025230946019291878,960.5679931640625,960.82
406,2802,14129,5738496,0.48323187232017517,57.594504737854,14005,0.426953125,-11.71860384941101,0.0003,0.086956754,0.2,0.8342511057853699,0.0011691953404806554,22.940143585205078,963.310546875,960.82
406,2803,14136,5740544,0.482923299074173,0.3580926820635796,14010,0.196484375,-11.714204740524291,0.0003,0.019144041,0.2,0.9982592463493347,-0.011139397905208171,0.0993928611278534,963.310546875,960.82
405,2804,14144,5742592,0.4827265739440918,0.10720061976462603,14015,0.2359375,-11.703430366516113,0.0003,0.02107684,0.2,0.9992368817329407,-0.012016305164434016,0.04605657979846001,965.2501831054688,960.82
405,2805,14154,5744640,0.4824078381061554,0.07923188358545304,14020,0.33935546875,-11.697048902511597,0.0003,0.033439897,0.2,0.9995872378349304,-0.0008751703542657196,0.03802894055843353,956.6345825195312,960.82
405,2806,14164,5746688,0.4822317361831665,0.1028470728546381,14025,0.2740234375,-11.685394859313964,0.0003,0.024459623,0.2,0.9997506141662598,-0.011393083981238306,0.03522970527410507,956.8968505859375,960.82
405,2807,14173,5748736,0.48190975189208984,0.09167376644909382,14030,0.27509765625,-11.676621627807616,0.0003,0.018447693,0.2,0.9998123049736023,-0.013899015833158047,0.03108675219118595,956.8968505859375,960.82
405,2808,14183,5750784,0.48184987902641296,0.047836730256676674,14035,0.22158203125,-11.66700005531311,0.0003,0.018704278,0.2,0.9999126195907593,-0.010511308861896395,-0.0021580103784799576,954.8900756835938,962.16
405,2809,14193,5752832,0.48179829120635986,32.8860860824585,14040,0.3552734375,-11.66495189666748,0.0003,0.05897974,0.2,0.9363285303115845,-0.0041157315950840715,23.918386459350586,961.1925048828125,962.16
405,2810,14202,5754880,0.4814216196537018,0.09560153316706418,14045,0.29521484375,-11.660746860504151,0.0003,0.035217047,0.2,0.9997546672821045,-0.00586613779887557,0.04566638544201851,961.4932250976562,962.16
405,2811,14209,5756928,0.4806966185569763,0.11619610637426377,14050,0.34677734375,-11.64141755104065,0.0003,0.028167725,0.2,0.9996084570884705,-0.008342217793688178,0.044585905969142914,961.4932250976562,962.16
405,2812,14218,5758976,0.4801483154296875,0.043798656482249496,14055,0.38837890625,-11.616185903549194,0.0003,0.057271183,0.2,0.999909520149231,0.009409961546771229,0.019362732768058777,944.0177612304688,958.23
404,2813,14226,5761024,0.479998379945755,63.03339023590088,14060,0.5869140625,-11.599673986434937,0.0003,0.25684732,0.2,0.8786555528640747,0.020777279988396912,41.99305725097656,940.704345703125,956.44
404,2814,14236,5763072,0.48000356554985046,35.288597750663754,14065,0.314453125,-11.596389055252075,0.0003,0.042738054,0.2,0.9379457235336304,-0.004988841107115149,20.498048782348633,945.9967041015625,956.44
404,2815,14244,5765120,0.48007360100746155,0.25968644171953204,14070,0.1822265625,-11.597601509094238,0.0003,0.015905838,0.2,0.9992074966430664,-0.012248491682112218,0.05640217661857605,945.9967041015625,956.44
404,2816,14255,5767168,0.4798305332660675,0.09371471107006073,14075,0.2513671875,-11.597456169128417,0.0003,0.020514596,0.2,0.9996857047080994,-0.006768885883502662,0.017353124916553497,939.5042114257812,956.44
404,2817,14265,5769216,0.479711651802063,0.16012863330543042,14080,0.3412109375,-11.585279560089111,0.0003,0.032318827,0.2,0.9995933175086975,-0.0003737634280696511,0.09141635149717331,943.6710205078125,956.44
404,2818,14274,5771264,0.47948402166366577,0.1315298557281494,14085,0.24462890625,-11.577594137191772,0.0003,0.019810453,0.2,0.9997193813323975,-0.01295735421590507,0.02894636243581772,945.6058349609375,956.44
404,2819,14282,5773312,0.47937679290771484,0.07860150896012782,14090,0.2517578125,-11.567760705947876,0.0003,0.0271293,0.2,0.999705970287323,-0.0065082480548881,0.013836195692420006,940.4946899414062,951.49
404,2820,14292,5775360,0.479481965303421,69.32930221557618,14095,0.389453125,-11.567589282989502,0.0003,0.06891103,0.2,0.8373502492904663,0.000475125084631145,31.988920211791992,944.7786865234375,951.49
403,2821,14302,5777408,0.479375958442688,0.4355322651565075,14100,0.13916015625,-11.569029140472413,0.0003,0.016698992,0.2,0.9970160126686096,-0.00913822785951197,0.10090987384319305,941.0328369140625,951.49
403,2822,14311,5779456,0.47939035296440125,0.10570533275604248,14105,0.2625,-11.564479684829712,0.0003,0.03317108,0.2,0.9996392726898193,-0.005837130174040794,0.03180215507745743,940.2968139648438,948.56
403,2823,14320,5781504,0.47927066683769226,24.44649419784546,14110,0.5181640625,-11.562865018844604,0.0003,0.15097487,0.2,0.9348170757293701,-0.0018957378109917046,8.172706604003906,938.6776733398438,939.11
403,2824,14330,5783552,0.4792129099369049,212.03759384155273,14115,0.08974609375,-11.560600996017456,0.0003,0.014248115,0.2,0.3138570189476013,-0.006470914764213376,111.53965759277344,933.9198608398438,937.01
403,2825,14338,5785600,0.47915273904800415,40.48006181716919,14120,0.1349609375,-11.558869647979737,0.0003,0.017965702,0.2,0.8885204792022705,-0.00953894543927163,19.69254493713379,926.8807983398438,933.28
403,2826,14348,5787648,0.47925397753715515,62.8999906539917,14125,0.1814453125,-11.559153842926026,0.0003,0.024211748,0.2,0.8821428418159485,-0.009601272875443101,23.336410522460938,926.1456298828125,931.78
403,2827,14358,5789696,0.47932326793670654,69.06215190887451,14130,0.15,-11.563071250915527,0.0003,0.029040236,0.2,0.8809301853179932,-0.009350533224642276,17.497920989990234,920.52587890625,929.78
403,2828,14367,5791744,0.47936302423477173,74.92482137680054,14135,0.11982421875,-11.565012788772583,0.0003,0.020446949,0.2,0.831386148929596,-0.008958799089305103,32.11918640136719,924.2659912109375,931.43
402,2829,14378,5793792,0.4794279634952545,57.79477822780609,14140,0.18818359375,-11.567697286605835,0.0003,0.031645108,0.2,0.860215961933136,-0.011316119646653532,14.97028923034668,921.0814208984375,934.6
402,2830,14388,5795840,0.47947728633880615,86.19989910125733,14145,0.14658203125,-11.569774866104126,0.0003,0.020023283,0.2,0.8046746253967285,-0.009297895152121783,35.75361251831055,931.9258422851562,940.21
402,2831,14398,5797888,0.479509562253952,0.8622942939400673,14150,0.126953125,-11.571747636795044,0.0003,0.013704902,0.2,0.9975941777229309,-0.012234920635819435,0.20756155252456665,935.114990234375,941.72
402,2832,14409,5799936,0.47948014736175537,29.97688847184181,14155,0.156640625,-11.571424961090088,0.0003,0.020037482,0.2,0.898765504360199,-0.006772206188179553,9.227692604064941,933.2684326171875,939.59
402,2833,14419,5801984,0.4794831871986389,88.22010822296143,14160,0.15244140625,-11.570789623260499,0.0003,0.024439212,0.2,0.7242296934127808,-0.009327245946042239,35.5985221862793,924.20947265625,933.01
402,2834,14428,5804032,0.47942548990249634,107.7530086517334,14165,0.1736328125,-11.571044492721558,0.0003,0.028520867,0.2,0.6970052719116211,-0.010027867974713445,19.222911834716797,929.0155639648438,934.77
402,2835,14436,5806080,0.47934743762016296,43.070659160614014,14170,0.2458984375,-11.568063688278198,0.0003,0.036640923,0.2,0.8336458206176758,-0.008740521781146527,12.231534004211426,928.5486450195312,934.77
402,2836,14446,5808128,0.4792768061161041,0.4613747835159302,14175,0.14248046875,-11.565427446365357,0.0003,0.019535918,0.2,0.9977740049362183,-0.007264892919920385,0.04972708970308304,927.311767578125,932.17
401,2837,14458,5810176,0.47926774621009827,39.603054714202884,14180,0.40224609375,-11.562246704101563,0.0003,0.08928329,0.2,0.9206320643424988,0.0002771328727249056,4.3421549797058105,921.9783325195312,932.17
401,2838,14468,5812224,0.47945091128349304,0.6896429061889648,14185,0.17451171875,-11.563762664794922,0.0003,0.01947556,0.2,0.9988117814064026,-0.011654184851795434,0.21533283591270447,924.588134765625,932.63
401,2839,14477,5814272,0.4795539081096649,0.547211742401123,14190,0.1732421875,-11.570673036575318,0.0003,0.016671188,0.2,0.9987925291061401,-0.010532362665981055,0.21221400797367096,930.442138671875,932.63
401,2840,14485,5816320,0.4796067476272583,0.30362891107797624,14195,0.1400390625,-11.570786666870116,0.0003,0.014849062,0.2,0.9993494153022766,-0.007656189345289022,0.09496916830539703,934.0736694335938,932.63
401,2841,14494,5818368,0.479665070772171,0.39040902107954023,14200,0.19140625,-11.573520421981812,0.0003,0.019691791,0.2,0.9990167617797852,-0.009865900711156428,0.19917207956314087,935.0386962890625,932.63
401,2842,14503,5820416,0.47965845465660095,0.3665034495294094,14205,0.2126953125,-11.574376773834228,0.0003,0.020084307,0.2,0.9991867542266846,-0.007340295834001154,0.08969929814338684,937.0306396484375,932.63
401,2843,14511,5822464,0.47929254174232483,0.20164002403616904,14210,0.266796875,-11.570256423950195,0.0003,0.027469669,0.2,0.9993204474449158,-0.004694015812128782,0.0882277861237526,936.1654663085938,931.38
401,2844,14522,5824512,0.4789392650127411,26.472660493850707,14215,0.6279296875,-11.554950046539307,0.0003,0.17987122,0.2,0.9213913679122925,0.008040612074546516,8.494157791137695,935.7532958984375,931.38
400,2845,14532,5826560,0.4787746071815491,0.2884594202041626,14220,0.3130859375,-11.548581981658936,0.0003,0.023944445,0.2,0.9969707727432251,-0.005336793418973684,0.09598685055971146,930.5878295898438,931.38
400,2846,14543,5828608,0.47880375385284424,0.19486353322863578,14225,0.3099609375,-11.542408561706543,0.0003,0.02914925,0.2,0.9993389844894409,-0.007188111107097939,0.05511444807052612,928.46435546875,931.38
400,2847,14552,5830656,0.47912174463272095,0.18992574736475945,14230,0.33330078125,-11.546498870849609,0.0003,0.04691609,0.2,0.999510645866394,-0.004977288923691958,0.057268884032964706,929.059326171875,936.79
400,2848,14560,5832704,0.47922685742378235,0.14379404745996,14235,0.33095703125,-11.554711484909058,0.0003,0.08676377,0.2,0.9996176958084106,0.0018529665132518858,0.0937105119228363,930.7182006835938,936.79
400,2849,14570,5834752,0.4795229136943817,0.09663194343447686,14240,0.3736328125,-11.562538385391235,0.0003,0.036564704,0.2,0.9997401833534241,-0.003941925428807736,0.04574716091156006,931.816162109375,936.79
400,2850,14578,5836800,0.479541152715683,0.18010384850203992,14245,0.3634765625,-11.571454095840455,0.0003,0.022746218,0.2,0.9995954632759094,-0.0006969145382754504,0.04774108901619911,932.1844482421875,936.79
400,2851,14586,5838848,0.4793585538864136,0.1312473177909851,14250,0.2001953125,-11.563974285125733,0.0003,0.014171148,0.2,0.9992210268974304,-0.008290646492969244,0.023334767669439316,936.3382568359375,936.79
