time/time_elapsed,time/total_timesteps,time/iterations,time/fps,train/loss,train/clip_range,train/entropy_loss,train/std,train/n_updates,train/clip_fraction,train/explained_variance,train/approx_kl,train/policy_gradient_loss,train/value_loss,train/learning_rate,rollout/ep_rew_mean,rollout/ep_len_mean,eval/en_iyi_adim,eval/skor
1,4096,1,2144,,,,,,,,,,,,,,,
3,8192,2,2220,58.6663703918457,0.2,15.693449425697327,0.11051253229379654,310,0.079638671875,0.8845012187957764,0.010359619,-0.012128296136506834,136.55245246887208,0.0001,,,,
5,12288,3,2259,43.76138687133789,0.2,15.694329166412354,0.110504150390625,315,0.10234375,0.9084511995315552,0.010685798,-0.013010459777433425,98.92240600585937,0.0001,,,,
7,16384,4,2214,33.14422607421875,0.2,15.6956077337265,0.11050768941640854,320,0.082275390625,0.9349232912063599,0.01052133,-0.012598015015828423,91.07586193084717,0.0001,1920.678955078125,1000.0,,
9,20480,5,2235,36.636470794677734,0.2,15.6996009349823,0.11049415916204453,325,0.090625,0.9317704439163208,0.011598121,-0.013175041775684803,90.24826641082764,0.0001,1920.678955078125,1000.0,,
10,24576,6,2249,35.25068664550781,0.2,15.705222630500794,0.1104799285531044,330,0.112890625,0.9301199913024902,0.01177186,-0.013812288932967931,85.54669742584228,0.0001,1920.678955078125,1000.0,,
12,28672,7,2259,21.962785720825195,0.2,15.70808789730072,0.11050157994031906,335,0.11376953125,0.9461166262626648,0.0125774285,-0.01138244301546365,62.656648349761966,0.0001,1920.678955078125,1000.0,,
14,32768,8,2236,24.43988609313965,0.2,15.706145572662354,0.11051706224679947,340,0.111572265625,0.9550359845161438,0.010434214,-0.012174463452538475,61.736725425720216,0.0001,1914.914794921875,1000.0,,
16,36864,9,2247,33.411163330078125,0.2,15.71031150817871,0.11046873778104782,345,0.146923828125,0.9504783153533936,0.014567554,-0.014820492442231626,76.4556900024414,0.0001,1914.914794921875,1000.0,,
18,40960,10,2256,59.40925216674805,0.2,15.71870677471161,0.1104428768157959,350,0.07412109375,0.8151497840881348,0.008751603,-0.010712310229428113,147.99712467193604,0.0001,1914.914794921875,1000.0,,
19,45056,11,2264,35.06510925292969,0.2,15.721760320663453,0.11044665426015854,355,0.08173828125,0.8807249665260315,0.011461029,-0.011842934333253652,85.10369215011596,0.0001,1914.914794921875,1000.0,,
21,49152,12,2248,25.418445587158203,0.2,15.719167709350586,0.11047425866127014,360,0.10419921875,0.9192623496055603,0.011631308,-0.013833356770919635,71.00431785583496,0.0001,1814.2099609375,1000.0,,
23,53248,13,2241,34.76020812988281,0.2,15.71857147216797,0.11043182015419006,365,0.1390625,0.9236540198326111,0.013360687,-0.01626860594842583,79.41665687561036,0.0001,1814.2099609375,1000.0,,
25,57344,14,2242,28.6536808013916,0.2,15.725655937194825,0.11040284484624863,370,0.084765625,0.9063966274261475,0.010703603,-0.009851969126611949,76.96446466445923,0.0001,1814.2099609375,1000.0,,
27,61440,15,2248,27.407032012939453,0.2,15.726999878883362,0.11038866639137268,375,0.125439453125,0.8995991349220276,0.012401132,-0.013505301234545186,84.34127950668335,0.0001,1814.2099609375,1000.0,,
29,65536,16,2236,29.044702529907227,0.2,15.7279522895813,0.11037367582321167,380,0.10771484375,0.9230048656463623,0.012120774,-0.011729119782103226,72.93466815948486,0.0001,1821.053955078125,1000.0,,
31,69632,17,2240,44.2174072265625,0.2,15.730042505264283,0.11037758737802505,385,0.1375,0.8924999237060547,0.013259241,-0.013988846552092583,104.26983947753907,0.0001,1821.053955078125,1000.0,,
32,73728,18,2244,49.604244232177734,0.2,15.730704021453857,0.1103963628411293,390,0.119091796875,0.8928234577178955,0.011495035,-0.01171638407977298,115.04971809387207,0.0001,1821.053955078125,1000.0,,
34,77824,19,2247,50.54681396484375,0.2,15.733244800567627,0.11038298159837723,395,0.11982421875,0.8712199926376343,0.0124456445,-0.013110110117122532,117.63501033782958,0.0001,1821.053955078125,1000.0,,
36,81920,20,2238,50.3807258605957,0.2,15.736450290679931,0.11037751287221909,400,0.071142578125,0.840039074420929,0.009014862,-0.008707426715409384,135.731711769104,0.0001,1789.337158203125,1000.0,,
38,86016,21,2242,61.80409240722656,0.2,15.735338973999024,0.11038479208946228,405,0.108740234375,0.8591992259025574,0.0118781505,-0.013717932009603829,140.35007762908936,0.0001,1789.337158203125,1000.0,,
40,90112,22,2245,36.28238296508789,0.2,15.734374165534973,0.11040637642145157,410,0.08466796875,0.9073957204818726,0.011087498,-0.011427574302069842,93.95173168182373,0.0001,1789.337158203125,1000.0,,
41,94208,23,2248,30.561256408691406,0.2,15.733823013305663,0.11038617044687271,415,0.080224609375,0.9304139614105225,0.0097743245,-0.011112524563213811,77.9670970916748,0.0001,1789.337158203125,1000.0,,
43,98304,24,2240,22.49988555908203,0.2,15.742249917984008,0.11032198369503021,420,0.105029296875,0.9468564987182617,0.012441002,-0.012310581596102566,63.48842325210571,0.0001,1774.2171630859375,1000.0,,
45,102400,25,2242,47.905181884765625,0.2,15.750241708755492,0.11034701764583588,425,0.114501953125,0.8953285217285156,0.012269514,-0.013361764303408564,105.97284488677978,0.0001,1774.2171630859375,1000.0,,
47,106496,26,2245,43.168601989746094,0.2,15.747630882263184,0.11033689230680466,430,0.081494140625,0.7936287522315979,0.010033289,-0.012142068310640752,112.19486446380616,0.0001,1774.2171630859375,1000.0,,
49,110592,27,2246,51.07843780517578,0.2,15.750695300102233,0.11032014340162277,435,0.0796875,0.8129892945289612,0.010853924,-0.011582185875158756,124.29822998046875,0.0001,1774.2171630859375,1000.0,,
51,114688,28,2240,53.37020492553711,0.2,15.752525997161865,0.11030338704586029,440,0.074951171875,0.8433129191398621,0.010055477,-0.010184127581305802,123.84435958862305,0.0001,1752.262451171875,1000.0,,
53,118784,29,2241,42.9693717956543,0.2,15.756027746200562,0.1102733388543129,445,0.09921875,0.9283559322357178,0.011699393,-0.011543480004183948,97.41054935455323,0.0001,1752.262451171875,1000.0,,
54,122880,30,2243,39.996761322021484,0.2,15.763378858566284,0.11023496091365814,450,0.097021484375,0.9410980939865112,0.0116638,-0.009144893192569725,95.8785301208496,0.0001,1752.262451171875,1000.0,,
56,126976,31,2245,32.56071853637695,0.2,15.771141505241394,0.11021261662244797,455,0.141845703125,0.9559917449951172,0.013976645,-0.013240481738466769,77.553311252594,0.0001,1752.262451171875,1000.0,,
58,131072,32,2240,29.123565673828125,0.2,15.774368333816529,0.11019937694072723,460,0.155078125,0.9618668556213379,0.01446278,-0.015069067641161383,74.06219816207886,0.0001,1756.5194091796875,1000.0,,
60,135168,33,2242,36.72488021850586,0.2,15.775715661048888,0.11019641160964966,465,0.13720703125,0.9250273704528809,0.014406012,-0.0134211415075697,89.02163486480713,0.0001,1756.5194091796875,1000.0,,
62,139264,34,2244,36.860130310058594,0.2,15.778721904754638,0.11018010228872299,470,0.104443359375,0.879745602607727,0.011664557,-0.012281171948416159,95.07201099395752,0.0001,1756.5194091796875,1000.0,,
63,143360,35,2246,48.418968200683594,0.2,15.783469939231873,0.11017997562885284,475,0.100537109375,0.8503784537315369,0.010650454,-0.010468164493795484,115.34620952606201,0.0001,1756.5194091796875,1000.0,,
65,147456,36,2240,43.17625427246094,0.2,15.786786961555482,0.11015903204679489,480,0.078369140625,0.9007095694541931,0.009356252,-0.011505616793874652,100.3536262512207,0.0001,1741.4217529296875,1000.0,,
67,151552,37,2242,47.68466567993164,0.2,15.794934725761413,0.11011289060115814,485,0.10048828125,0.9110516905784607,0.010659449,-0.012026413681451232,100.2837308883667,0.0001,1741.4217529296875,1000.0,,
69,155648,38,2244,48.91654586791992,0.2,15.801760601997376,0.11007118225097656,490,0.113720703125,0.9152079820632935,0.012528591,-0.01325420111825224,106.20355472564697,0.0001,1741.4217529296875,1000.0,,
71,159744,39,2246,43.30918884277344,0.2,15.809549784660339,0.11002270877361298,495,0.12197265625,0.9294289350509644,0.013610557,-0.012139103899244219,99.94493541717529,0.0001,1741.4217529296875,1000.0,,
73,163840,40,2241,45.54595947265625,0.2,15.81613290309906,0.10993979126214981,500,0.141943359375,0.926354706287384,0.015860066,-0.013330521329771727,101.88535957336425,0.0001,1751.278564453125,1000.0,,
74,167936,41,2242,113.14260864257812,0.2,15.82164888381958,0.10992059856653214,505,0.085986328125,0.8080100417137146,0.009240618,-0.009187189891235903,270.1271713256836,0.0001,1751.278564453125,1000.0,,
76,172032,42,2244,48.72340774536133,0.2,15.821638655662536,0.10993731766939163,510,0.10400390625,0.9053890705108643,0.010901362,-0.013941022247308865,123.10714149475098,0.0001,1751.278564453125,1000.0,,
78,176128,43,2239,53.0018310546875,0.2,15.82209804058075,0.10992459207773209,515,0.09951171875,0.9177891612052917,0.011069215,-0.011601384938694536,115.97481365203858,0.0001,1745.7310791015625,1000.0,,
80,180224,44,2240,55.27421951293945,0.2,15.8295264005661,0.10987073183059692,520,0.092333984375,0.9117155075073242,0.010806759,-0.011553038345300592,123.14064750671386,0.0001,1745.7310791015625,1000.0,,
82,184320,45,2240,81.81993865966797,0.2,15.835669088363648,0.10985704511404037,525,0.054541015625,0.6842031478881836,0.0084677525,-0.00827873777016066,184.63533248901368,0.0001,1745.7310791015625,1000.0,,
84,188416,46,2241,66.30902862548828,0.2,15.837815475463866,0.10983956605195999,530,0.0564453125,0.7021077275276184,0.009642381,-0.008239016361767427,164.88102188110352,0.0001,1745.7310791015625,1000.0,,
86,192512,47,2236,78.63731384277344,0.2,15.839278554916381,0.10984046757221222,535,0.076025390625,0.7143915891647339,0.010729529,-0.009633847803343087,181.29814987182618,0.0001,1735.115966796875,1000.0,,
87,196608,48,2238,58.97959899902344,0.2,15.837868237495423,0.10984646528959274,540,0.110888671875,0.7972848415374756,0.011395602,-0.013781476090662182,145.13345050811768,0.0001,1735.115966796875,1000.0,,
89,200704,49,2239,62.72526168823242,0.2,15.837844944000244,0.10983429104089737,545,0.036669921875,0.7715267539024353,0.006370309,-0.006861116865184158,157.0365997314453,0.0001,1735.115966796875,1000.0,,
91,204800,50,2240,53.8126106262207,0.2,15.841427731513978,0.10979219526052475,550,0.062255859375,0.8315943479537964,0.011026304,-0.01027438416494988,137.0393949508667,0.0001,1735.115966796875,1000.0,,
93,208896,51,2236,50.30244064331055,0.2,15.849236130714417,0.10973257571458817,555,0.089208984375,0.8641179800033569,0.0126035195,-0.012587407964747398,126.9223648071289,0.0001,1743.8114013671875,1000.0,,
95,212992,52,2237,41.78813552856445,0.2,15.855111050605775,0.1096993014216423,560,0.09267578125,0.8886772990226746,0.011328908,-0.011788516759406776,106.08445072174072,0.0001,1743.8114013671875,1000.0,,
96,217088,53,2238,33.629878997802734,0.2,15.856098794937134,0.10970242321491241,565,0.081201171875,0.7678204774856567,0.010955686,-0.011827264211024157,83.60861511230469,0.0001,1743.8114013671875,1000.0,,
98,221184,54,2239,44.667755126953125,0.2,15.857435989379884,0.10966020077466965,570,0.089990234375,0.7531597018241882,0.01106078,-0.010813619090185966,96.45571269989014,0.0001,1743.8114013671875,1000.0,,
100,225280,55,2236,38.63987350463867,0.2,15.864464211463929,0.1096186637878418,575,0.11474609375,0.8179720640182495,0.012761379,-0.012710235361009837,93.52122497558594,0.0001,1725.68359375,1000.0,,
102,229376,56,2237,34.47960662841797,0.2,15.86836564540863,0.1095881462097168,580,0.12421875,0.8782998919487,0.013759576,-0.013421978475525976,80.78590412139893,0.0001,1725.68359375,1000.0,,
104,233472,57,2238,38.71238327026367,0.2,15.873898887634278,0.10956647247076035,585,0.11728515625,0.9016202688217163,0.013621743,-0.01226107797701843,81.38137760162354,0.0001,1725.68359375,1000.0,,
106,237568,58,2239,30.276735305786133,0.2,15.878418207168579,0.1095530092716217,590,0.114404296875,0.9018875360488892,0.012808492,-0.013748349074739962,79.16747455596924,0.0001,1725.68359375,1000.0,,
108,241664,59,2236,21.802244186401367,0.2,15.87723457813263,0.1095687747001648,595,0.162158203125,0.938960611820221,0.014511838,-0.015086521848570556,57.327529716491696,0.0001,1721.382080078125,1000.0,,
109,245760,60,2237,47.9627799987793,0.2,15.875974678993225,0.10956435650587082,600,0.15673828125,0.9106261134147644,0.014638825,-0.014021317305741831,98.79211196899413,0.0001,1721.382080078125,1000.0,,
111,249856,61,2238,107.42256927490234,0.2,15.879663896560668,0.10956563800573349,605,0.1236328125,0.8493247032165527,0.012703935,-0.01249821448000148,219.99084587097167,0.0001,1721.382080078125,1000.0,,
135,253952,62,1876,72.40143585205078,0.2,15.875917649269104,0.10959981381893158,610,0.1271484375,0.8850494623184204,0.013081741,-0.011244962498312815,165.41133670806886,0.0001,1721.382080078125,1000.0,250000,2.646728251828263
137,258048,63,1878,66.35565185546875,0.2,15.872898602485657,0.10961156338453293,615,0.12783203125,0.8998697996139526,0.013727353,-0.014221328683197499,137.46903591156007,0.0001,1709.30126953125,1000.0,,
139,262144,64,1882,34.8170280456543,0.2,15.874315571784972,0.10960182547569275,620,0.09765625,0.9100449085235596,0.011084279,-0.01213272376335226,78.030109500885,0.0001,1709.30126953125,1000.0,,
141,266240,65,1885,37.21895980834961,0.2,15.874646735191345,0.1095733493566513,625,0.100830078125,0.7856409549713135,0.011380382,-0.01075789775350131,93.89914722442627,0.0001,1709.30126953125,1000.0,,
143,270336,66,1888,39.7789306640625,0.2,15.874833559989929,0.10958464443683624,630,0.09072265625,0.8121147155761719,0.009964358,-0.01105377998901531,100.37236652374267,0.0001,1709.30126953125,1000.0,,
145,274432,67,1889,39.882408142089844,0.2,15.874829387664795,0.10953523218631744,635,0.10556640625,0.8362486362457275,0.012019442,-0.012052914206287823,98.2244680404663,0.0001,1692.9337158203125,1000.0,,
147,278528,68,1893,43.179412841796875,0.2,15.884387445449828,0.10947799682617188,640,0.14130859375,0.8132016658782959,0.014456867,-0.015663016797043385,92.4539056777954,0.0001,1692.9337158203125,1000.0,,
148,282624,69,1897,50.455501556396484,0.2,15.89072265625,0.10947029292583466,645,0.064697265625,0.7222449779510498,0.009329671,-0.010633553865773138,133.66654510498046,0.0001,1692.9337158203125,1000.0,,
150,286720,70,1901,37.0182991027832,0.2,15.892517828941346,0.10943739116191864,650,0.09521484375,0.7933513522148132,0.00998752,-0.010397748061222956,91.54319305419922,0.0001,1692.9337158203125,1000.0,,
152,290816,71,1903,45.478851318359375,0.2,15.898268795013427,0.1093888133764267,655,0.13291015625,0.7686411142349243,0.013182683,-0.013018644097610377,104.71954803466797,0.0001,1689.19287109375,1000.0,,
154,294912,72,1907,109.23675537109375,0.2,15.906886672973632,0.10933645069599152,660,0.071435546875,0.7108559012413025,0.008833613,-0.010679405310656875,220.15960578918458,0.0001,1689.19287109375,1000.0,,
156,299008,73,1911,118.58170318603516,0.2,15.913130259513855,0.10931827872991562,665,0.071923828125,0.5679975748062134,0.010275116,-0.01085939326439984,272.1128791809082,0.0001,1689.19287109375,1000.0,,
158,303104,74,1915,124.1617431640625,0.2,15.914649200439452,0.10929529368877411,670,0.067822265625,0.4764525294303894,0.008101224,-0.01107570743333781,291.21445655822754,0.0001,1689.19287109375,1000.0,,
160,307200,75,1916,89.4942855834961,0.2,15.917744731903076,0.10928003489971161,675,0.0595703125,0.6949916481971741,0.009098465,-0.009541981323854998,241.9208511352539,0.0001,1647.932373046875,1000.0,,
162,311296,76,1920,62.369911193847656,0.2,15.919429421424866,0.10927948355674744,680,0.08046875,0.8421295881271362,0.0096345935,-0.011313921550754457,151.67725276947021,0.0001,1647.932373046875,1000.0,,
163,315392,77,1924,47.035945892333984,0.2,15.92017662525177,0.10927905887365341,685,0.091455078125,0.8767805695533752,0.010829823,-0.010166862577898427,128.32677326202392,0.0001,1647.932373046875,1000.0,,
165,319488,78,1928,45.75289535522461,0.2,15.922637152671815,0.1092509999871254,690,0.0970703125,0.9025706648826599,0.012290377,-0.01162189444876276,117.25073890686035,0.0001,1647.932373046875,1000.0,,
167,323584,79,1929,62.91801452636719,0.2,15.926990413665772,0.10921155661344528,695,0.11162109375,0.8957157731056213,0.011873348,-0.011479720566421747,137.38570652008056,0.0001,1591.1741943359375,1000.0,,
169,327680,80,1933,53.169227600097656,0.2,15.931010532379151,0.10919864475727081,700,0.130224609375,0.7116418480873108,0.014083954,-0.015013325889594854,113.96822013854981,0.0001,1591.1741943359375,1000.0,,
171,331776,81,1936,41.893253326416016,0.2,15.933474946022034,0.10917993634939194,705,0.109716796875,0.6688259840011597,0.011760967,-0.011686766997445374,100.33188285827637,0.0001,1591.1741943359375,1000.0,,
173,335872,82,1940,44.59794616699219,0.2,15.936706447601319,0.10919084399938583,710,0.09169921875,0.7018117308616638,0.010186652,-0.012057717505376786,102.63189125061035,0.0001,1591.1741943359375,1000.0,,
175,339968,83,1940,38.32352066040039,0.2,15.937224507331848,0.10918134450912476,715,0.1037109375,0.7680716514587402,0.01233337,-0.011912130611017346,97.40763492584229,0.0001,1596.589111328125,1000.0,,
176,344064,84,1944,39.86376953125,0.2,15.93858802318573,0.1091594472527504,720,0.087060546875,0.8157170414924622,0.011300576,-0.011405805742833763,112.1199213027954,0.0001,1596.589111328125,1000.0,,
178,348160,85,1947,38.30792999267578,0.2,15.940300059318542,0.10918905586004257,725,0.086279296875,0.8083599805831909,0.011111546,-0.011409617704339325,97.38321151733399,0.0001,1596.589111328125,1000.0,,
180,352256,86,1948,33.57100296020508,0.2,15.936047625541686,0.10923018306493759,730,0.0955078125,0.8638801574707031,0.013360804,-0.011396619293373078,86.44331893920898,0.0001,1638.90673828125,1000.0,,
182,356352,87,1951,27.8624267578125,0.2,15.935642910003661,0.10919266939163208,735,0.1310546875,0.8988798260688782,0.013141654,-0.014791160635650159,71.16879825592041,0.0001,1638.90673828125,1000.0,,
184,360448,88,1954,54.58348846435547,0.2,15.945652222633361,0.10916212946176529,740,0.06533203125,0.8348270654678345,0.008200744,-0.008302601717878133,128.47328147888183,0.0001,1638.90673828125,1000.0,,
186,364544,89,1957,42.64255905151367,0.2,15.949233651161194,0.10913258790969849,745,0.087255859375,0.8503370881080627,0.011719182,-0.012045736669097095,111.3489179611206,0.0001,1638.90673828125,1000.0,,
188,368640,90,1958,44.929264068603516,0.2,15.953210163116456,0.10914123803377151,750,0.06796875,0.8577772974967957,0.010016462,-0.009599636006169022,111.27742214202881,0.0001,1697.904052734375,1000.0,,
190,372736,91,1961,48.5217170715332,0.2,15.954921007156372,0.10911566019058228,755,0.099951171875,0.8721432685852051,0.011941636,-0.01234857311937958,108.53252391815185,0.0001,1697.904052734375,1000.0,,
191,376832,92,1964,42.56967544555664,0.2,15.958885622024535,0.10910066962242126,760,0.071044921875,0.8966588973999023,0.010050286,-0.010237215552479029,131.0681478500366,0.0001,1697.904052734375,1000.0,,
193,380928,93,1966,45.58815383911133,0.2,15.95997862815857,0.1091255247592926,765,0.071728515625,0.8751786947250366,0.010836203,-0.010699817031854764,122.84877338409424,0.0001,1697.904052734375,1000.0,,
195,385024,94,1967,51.4759407043457,0.2,15.956640934944152,0.10913575440645218,770,0.098876953125,0.913266122341156,0.012035725,-0.013707881380105391,111.54779357910157,0.0001,1696.0714111328125,1000.0,,
197,389120,95,1970,33.43019104003906,0.2,15.954160809516907,0.10917142778635025,775,0.11533203125,0.9393326044082642,0.012508795,-0.013120911194710061,84.97423839569092,0.0001,1696.0714111328125,1000.0,,
199,393216,96,1973,54.925960540771484,0.2,15.95152552127838,0.10915747284889221,780,0.07763671875,0.8887624740600586,0.010164695,-0.010609406256116926,141.2588966369629,0.0001,1696.0714111328125,1000.0,,
201,397312,97,1975,52.668861389160156,0.2,15.957494831085205,0.10910318046808243,785,0.054638671875,0.8758909702301025,0.007891348,-0.007311872742138803,123.95192852020264,0.0001,1696.0714111328125,1000.0,,
203,401408,98,1976,53.17186737060547,0.2,15.968437838554383,0.10904398560523987,790,0.09755859375,0.8941225409507751,0.010091147,-0.010944464412750677,119.14499855041504,0.0001,1702.8048095703125,1000.0,,
204,405504,99,1979,46.78853988647461,0.2,15.977393746376038,0.10902728885412216,795,0.120263671875,0.9032660126686096,0.0130478395,-0.014402436441741884,107.95660305023193,0.0001,1702.8048095703125,1000.0,,
206,409600,100,1981,53.90652847290039,0.2,15.979182910919189,0.10901238024234772,800,0.09541015625,0.8695858120918274,0.009977617,-0.012049122346797957,128.82177696228027,0.0001,1702.8048095703125,1000.0,,
208,413696,101,1983,49.16366958618164,0.2,15.981107378005982,0.10900920629501343,805,0.092333984375,0.8689035773277283,0.010119025,-0.013133898400701583,119.20685329437256,0.0001,1702.8048095703125,1000.0,,
210,417792,102,1982,36.224971771240234,0.2,15.984071087837219,0.10894071310758591,810,0.09296875,0.8943665027618408,0.010905833,-0.01279528453014791,98.23286018371581,0.0001,1822.6512451171875,999.54,,
212,421888,103,1984,117.16490936279297,0.2,15.992380213737487,0.10891588032245636,815,0.07041015625,0.8246365785598755,0.009769785,-0.009967546444386244,253.3425422668457,0.0001,1822.6512451171875,999.54,,
214,425984,104,1987,112.14228057861328,0.2,15.995605611801148,0.10888270288705826,820,0.06884765625,0.8615388870239258,0.008731771,-0.009153920273820403,234.14872360229492,0.0001,1822.6512451171875,999.54,,
216,430080,105,1989,86.76766204833984,0.2,16.000841569900512,0.10886150598526001,825,0.097314453125,0.8788028359413147,0.011100689,-0.01167138876626268,194.70083389282226,0.0001,1822.6512451171875,999.54,,
218,434176,106,1988,79.05217742919922,0.2,16.003311109542846,0.10885614901781082,830,0.079150390625,0.903809666633606,0.010011526,-0.010759285779204219,186.1850757598877,0.0001,1820.775146484375,999.54,,
220,438272,107,1991,56.43849182128906,0.2,16.00918436050415,0.10878067463636398,835,0.11865234375,0.9204517602920532,0.0145621635,-0.013677610695594922,122.04438648223876,0.0001,1820.775146484375,999.54,,
221,442368,108,1993,31.22602081298828,0.2,16.021172094345093,0.10876470059156418,840,0.080908203125,0.9063542485237122,0.009833564,-0.009511788352392614,88.08515272140502,0.0001,1820.775146484375,999.54,,
223,446464,109,1995,25.195756912231445,0.2,16.024666404724123,0.10869327187538147,845,0.1357421875,0.9342408776283264,0.015739135,-0.011387857398949564,63.049419498443605,0.0001,1820.775146484375,999.54,,
225,450560,110,1994,22.876056671142578,0.2,16.032652282714842,0.10871940851211548,850,0.153515625,0.9437852501869202,0.016378272,-0.010440238687442616,54.312819480895996,0.0001,1763.4571533203125,999.54,,
227,454656,111,1995,29.0955810546875,0.2,16.030591201782226,0.10873744636774063,855,0.12880859375,0.9284353852272034,0.013395647,-0.01526611290173605,70.8014313697815,0.0001,1754.4356689453125,991.6,,
229,458752,112,1998,38.93364715576172,0.2,16.032146215438843,0.10871531069278717,860,0.0978515625,0.8876427412033081,0.011277521,-0.009479564923094586,119.92975254058838,0.0001,1754.4356689453125,991.6,,
231,462848,113,2000,23.22203826904297,0.2,16.034525918960572,0.10873682796955109,865,0.08466796875,0.9323315620422363,0.012707259,-0.011937078303890302,65.122265625,0.0001,1754.4356689453125,991.6,,
233,466944,114,1998,40.780242919921875,0.2,16.033094549179076,0.1087203249335289,870,0.112255859375,0.9242634773254395,0.012990344,-0.01428781762951985,93.50346584320069,0.0001,1735.151611328125,991.6,,
235,471040,115,1999,46.6416015625,0.2,16.038622331619262,0.10867457836866379,875,0.120703125,0.8853155374526978,0.012068529,-0.013596099521964788,114.68070983886719,0.0001,1727.930419921875,991.6,,
237,475136,116,2001,31.363422393798828,0.2,16.044955253601074,0.10865052044391632,880,0.11396484375,0.900039792060852,0.011631406,-0.011267651530215517,82.0117491722107,0.0001,1727.930419921875,991.6,,
239,479232,117,2003,28.564897537231445,0.2,16.0524423122406,0.1086137443780899,885,0.0806640625,0.9292129874229431,0.01084664,-0.008762377593666316,74.23186416625977,0.0001,1727.930419921875,991.6,,
241,483328,118,2001,32.791099548339844,0.2,16.0628613948822,0.10858207941055298,890,0.125390625,0.928523063659668,0.013431899,-0.014666632370790467,76.39217014312744,0.0001,1732.0152587890625,991.6,,
243,487424,119,2002,35.86113357543945,0.2,16.066596460342407,0.10859665274620056,895,0.133056640625,0.9366467595100403,0.013906099,-0.013390165159944446,83.43026676177979,0.0001,1732.0152587890625,991.6,,
245,491520,120,2004,47.37127685546875,0.2,16.06729679107666,0.1085694208741188,900,0.13232421875,0.9052287340164185,0.013300615,-0.015360980364494025,121.36197166442871,0.0001,1732.0152587890625,991.6,,
247,495616,121,2005,51.460208892822266,0.2,16.075205183029176,0.10853261500597,905,0.10166015625,0.9008165597915649,0.012086961,-0.011880802322411909,120.0924867630005,0.0001,1733.807373046875,991.6,,
249,499712,122,2004,39.89342498779297,0.2,16.080684900283813,0.10852999240159988,910,0.100048828125,0.933917760848999,0.013739971,-0.011837143846787513,91.14738693237305,0.0001,1781.368896484375,991.6,,
271,503808,123,1858,51.03117370605469,0.2,16.08175196647644,0.10851691663265228,915,0.0765625,0.8323185443878174,0.010441679,-0.01122094260645099,141.36270561218262,0.0001,1781.368896484375,991.6,500000,2.6548117442752015
272,507904,124,1861,41.63822555541992,0.2,16.08524160385132,0.10850394517183304,920,0.088134765625,0.8270586729049683,0.010282899,-0.01123750910628587,108.21993522644043,0.0001,1781.368896484375,991.6,,
275,512000,125,1861,44.9631462097168,0.2,16.089852714538573,0.10849077999591827,925,0.116943359375,0.8382226824760437,0.011475667,-0.014813685437547974,119.63616027832032,0.0001,1748.0234375,992.06,,
277,516096,126,1863,62.95170593261719,0.2,16.09556374549866,0.10845977067947388,930,0.108447265625,0.8290596008300781,0.011434419,-0.01367149080033414,139.49056568145753,0.0001,1742.28125,992.06,,
278,520192,127,1865,36.235347747802734,0.2,16.10199317932129,0.10844359546899796,935,0.1337890625,0.9334366917610168,0.013688076,-0.015439229237381369,86.44405937194824,0.0001,1742.28125,992.06,,
280,524288,128,1868,57.55774688720703,0.2,16.10592374801636,0.10844068974256516,940,0.080517578125,0.8860561847686768,0.011400126,-0.00962874508695677,141.70281829833985,0.0001,1742.28125,992.06,,
282,528384,129,1868,41.416202545166016,0.2,16.10685133934021,0.10842648148536682,945,0.06376953125,0.8970651626586914,0.00932675,-0.010749946383293718,125.13701553344727,0.0001,1812.177001953125,992.06,,
284,532480,130,1869,37.16886901855469,0.2,16.11058039665222,0.10840306431055069,950,0.107373046875,0.9258371591567993,0.012271306,-0.014059099194128066,103.84816265106201,0.0001,1792.39404296875,992.06,,
286,536576,131,1872,52.669029235839844,0.2,16.114196252822875,0.10837380588054657,955,0.12333984375,0.9491339921951294,0.013329364,-0.013766447216039524,119.23298835754395,0.0001,1792.39404296875,992.06,,
288,540672,132,1874,42.48847579956055,0.2,16.118865394592284,0.10840509086847305,960,0.142822265625,0.9575084447860718,0.015164742,-0.012096181616652758,91.01471786499023,0.0001,1792.39404296875,992.06,,
290,544768,133,1875,34.424957275390625,0.2,16.120165824890137,0.10838939249515533,965,0.159130859375,0.9662390947341919,0.015901241,-0.011815679573919624,74.61879119873046,0.0001,1815.8321533203125,992.06,,
292,548864,134,1876,33.724063873291016,0.2,16.128724098205566,0.10833942145109177,970,0.17490234375,0.9632613658905029,0.017134268,-0.013123086350969971,82.81526050567626,0.0001,1821.4066162109375,992.06,,
294,552960,135,1877,31.09681510925293,0.2,16.133722352981568,0.10835523158311844,975,0.124658203125,0.9561525583267212,0.013555314,-0.011687834787881001,68.45656042098999,0.0001,1821.4066162109375,992.06,,
296,557056,136,1879,43.52362823486328,0.2,16.129524326324464,0.10834544897079468,980,0.098779296875,0.938673734664917,0.012557102,-0.01216144323698245,109.46115341186524,0.0001,1821.4066162109375,992.06,,
298,561152,137,1879,38.027061462402344,0.2,16.136616897583007,0.10827293992042542,985,0.117626953125,0.9536835551261902,0.0128063075,-0.013004191522486507,91.07225284576415,0.0001,1855.0079345703125,1000.0,,
300,565248,138,1880,29.662616729736328,0.2,16.15028953552246,0.10822468996047974,990,0.1294921875,0.9648845195770264,0.014517995,-0.013327276601921767,70.4808783531189,0.0001,1835.567626953125,1000.0,,
303,569344,139,1874,46.75373077392578,0.2,16.15557289123535,0.10821618884801865,995,0.111328125,0.9384765625,0.013259504,-0.012478320370428264,116.77860870361329,0.0001,1835.567626953125,1000.0,,
310,573440,140,1849,36.408470153808594,0.2,16.158622646331786,0.1082019954919815,1000,0.09091796875,0.9543882608413696,0.012084924,-0.011886086268350481,86.13738269805908,0.0001,1835.567626953125,1000.0,,
316,577536,141,1827,32.931175231933594,0.2,16.162934923171996,0.10820832848548889,1005,0.09853515625,0.9651079177856445,0.011357535,-0.011336290556937457,81.45421762466431,0.0001,1821.274169921875,1000.0,,
320,581632,142,1814,31.982065200805664,0.2,16.167336320877077,0.10817170143127441,1010,0.11533203125,0.9623983502388,0.0139451865,-0.01268587721278891,71.38199996948242,0.0001,1824.46923828125,1000.0,,
322,585728,143,1815,14.566797256469727,0.2,16.17640380859375,0.10812799632549286,1015,0.10205078125,0.948311448097229,0.013512682,-0.010312457114923745,44.09283037185669,0.0001,1824.46923828125,1000.0,,
325,589824,144,1812,13.773573875427246,0.2,16.184782028198242,0.10807248204946518,1020,0.110888671875,0.9574258327484131,0.011627612,-0.011127989500528202,42.65061702728271,0.0001,1824.46923828125,1000.0,,
327,593920,145,1810,15.630508422851562,0.2,16.187702465057374,0.10809623450040817,1025,0.114794921875,0.9680600166320801,0.013885817,-0.010560107900528238,41.89936261177063,0.0001,1779.7667236328125,1000.0,,
330,598016,146,1811,25.42901611328125,0.2,16.18535566329956,0.1080988422036171,1030,0.13212890625,0.9547962546348572,0.012841273,-0.012845858791843056,63.25589447021484,0.0001,1767.5386962890625,1000.0,,
332,602112,147,1812,31.126676559448242,0.2,16.190659284591675,0.10809366405010223,1035,0.0998046875,0.9486256837844849,0.01140614,-0.012461117462953553,81.10529088973999,0.0001,1767.5386962890625,1000.0,,
334,606208,148,1814,29.737165451049805,0.2,16.19210591316223,0.10809612274169922,1040,0.119384765625,0.9516754746437073,0.013622298,-0.01361343355383724,75.9177550315857,0.0001,1767.5386962890625,1000.0,,
336,610304,149,1814,19.905391693115234,0.2,16.194678020477294,0.10805190354585648,1045,0.073974609375,0.9673095345497131,0.0102712,-0.008638797589810565,55.030959606170654,0.0001,1825.7388916015625,1000.0,,
338,614400,150,1815,32.50629806518555,0.2,16.202924966812134,0.10801691561937332,1050,0.12470703125,0.9391432404518127,0.013255597,-0.01327353554079309,77.35016803741455,0.0001,1825.505615234375,1000.0,,
340,618496,151,1817,34.53788375854492,0.2,16.205024003982544,0.10802168399095535,1055,0.072900390625,0.9021799564361572,0.010924991,-0.010701343021355569,89.19786386489868,0.0001,1825.505615234375,1000.0,,
342,622592,152,1819,61.1413688659668,0.2,16.203883028030397,0.10801289230585098,1060,0.049609375,0.8880404233932495,0.008669929,-0.008646925986977295,135.02661037445068,0.0001,1825.505615234375,1000.0,,
344,626688,153,1820,39.21363830566406,0.2,16.207301139831543,0.10796371102333069,1065,0.069970703125,0.9233906269073486,0.009077988,-0.010506644996348768,92.86160221099854,0.0001,1789.6612548828125,1000.0,,
346,630784,154,1821,52.806617736816406,0.2,16.21528277397156,0.10793119668960571,1070,0.12958984375,0.9354428052902222,0.013896581,-0.014917269931174815,130.5498233795166,0.0001,1763.2398681640625,1000.0,,
348,634880,155,1823,36.12166976928711,0.2,16.219052457809447,0.10793960839509964,1075,0.1046875,0.959976851940155,0.011681762,-0.012928698922041803,88.532061958313,0.0001,1763.2398681640625,1000.0,,
349,638976,156,1826,35.342124938964844,0.2,16.214784717559816,0.10795927047729492,1080,0.06650390625,0.9671950936317444,0.009938888,-0.00972327117342502,81.17116832733154,0.0001,1763.2398681640625,1000.0,,
352,643072,157,1826,27.188373565673828,0.2,16.212994194030763,0.10796526819467545,1085,0.09580078125,0.9786902070045471,0.011272296,-0.009797928581247107,63.767893409729005,0.0001,1772.01416015625,1000.0,,
354,647168,158,1827,70.28842163085938,0.2,16.213797950744627,0.10793498903512955,1090,0.064111328125,0.9336994290351868,0.009146059,-0.00925033410312608,168.08702964782714,0.0001,1788.595947265625,1000.0,,
355,651264,159,1830,89.85211944580078,0.2,16.219065046310426,0.10790340602397919,1095,0.082275390625,0.8681864142417908,0.010163775,-0.011879882600624114,214.21000328063965,0.0001,1788.595947265625,1000.0,,
357,655360,160,1831,66.2812728881836,0.2,16.220384311676025,0.10790803283452988,1100,0.0982421875,0.8717969655990601,0.012712302,-0.013620348914992064,177.8907054901123,0.0001,1769.615966796875,1000.0,,
360,659456,161,1831,74.92729949951172,0.2,16.222581672668458,0.10787391662597656,1105,0.11767578125,0.862628161907196,0.013123859,-0.016958643740508705,183.7385223388672,0.0001,1746.802001953125,999.91,,
361,663552,162,1833,73.08330535888672,0.2,16.227270650863648,0.10786265879869461,1110,0.088720703125,0.8379644155502319,0.009733459,-0.011592012888286263,219.67891445159913,0.0001,1746.802001953125,999.91,,
363,667648,163,1835,31.717388153076172,0.2,16.228335332870483,0.10785318911075592,1115,0.11162109375,0.9438593983650208,0.012922138,-0.013277729687979445,74.51131572723389,0.0001,1746.802001953125,999.91,,
365,671744,164,1836,25.46060562133789,0.2,16.23029203414917,0.10786641389131546,1120,0.132080078125,0.9623896479606628,0.0151197035,-0.013926687103230506,61.534278583526614,0.0001,1758.8990478515625,999.91,,
368,675840,165,1836,31.12184715270996,0.2,16.233917951583862,0.10784673690795898,1125,0.1275390625,0.9529654383659363,0.012413317,-0.01350431265309453,70.0026237487793,0.0001,1799.3125,999.91,,
369,679936,166,1838,45.269798278808594,0.2,16.24044289588928,0.10780420899391174,1130,0.115185546875,0.9123497009277344,0.013041292,-0.013913144043181091,106.68054676055908,0.0001,1799.3125,999.91,,
371,684032,167,1840,47.9725341796875,0.2,16.245937156677247,0.10776109248399734,1135,0.148193359375,0.9160330295562744,0.014390329,-0.014469209336675703,112.25721969604493,0.0001,1799.3125,999.91,,
373,688128,168,1840,44.001487731933594,0.2,16.250725507736206,0.10775285959243774,1140,0.10712890625,0.9280306696891785,0.011315871,-0.010383174422895537,98.31381702423096,0.0001,1833.9827880859375,999.91,,
375,692224,169,1842,44.92778396606445,0.2,16.253183031082152,0.10776665061712265,1145,0.19599609375,0.9436285495758057,0.018354706,-0.016384045832091944,92.85237522125244,0.0001,1836.8453369140625,999.91,,
377,696320,170,1844,21.703222274780273,0.2,16.25689277648926,0.10771382600069046,1150,0.124365234375,0.9631808400154114,0.013408347,-0.012705318897496909,64.48819999694824,0.0001,1836.8453369140625,999.91,,
379,700416,171,1846,25.27850341796875,0.2,16.267309045791627,0.10767088085412979,1155,0.14130859375,0.9594795107841492,0.013619957,-0.01383205862948671,66.02628879547119,0.0001,1836.8453369140625,999.91,,
381,704512,172,1845,37.087127685546875,0.2,16.274602794647215,0.10766357183456421,1160,0.15546875,0.9455923438072205,0.013797554,-0.015746992046479134,87.73958263397216,0.0001,1812.6048583984375,999.91,,
383,708608,173,1847,27.146255493164062,0.2,16.27867693901062,0.107647605240345,1165,0.151220703125,0.9602856040000916,0.015930746,-0.014904347294941545,61.86231632232666,0.0001,1803.1229248046875,999.91,,
385,712704,174,1849,85.9243392944336,0.2,16.28208441734314,0.10762152820825577,1170,0.105029296875,0.8833140134811401,0.010861598,-0.012093448033556341,204.9570400238037,0.0001,1803.1229248046875,999.91,,
387,716800,175,1851,76.61453247070312,0.2,16.284245204925536,0.10762783139944077,1175,0.10322265625,0.9051550030708313,0.010645613,-0.012847949331626297,167.02791366577148,0.0001,1803.1229248046875,999.91,,
389,720896,176,1851,81.93584442138672,0.2,16.282900905609132,0.10764630138874054,1180,0.105322265625,0.9116423726081848,0.011832221,-0.0134354695037473,164.63009033203124,0.0001,1761.2984619140625,999.91,,
391,724992,177,1852,70.02753448486328,0.2,16.28314628601074,0.1076149195432663,1185,0.134521484375,0.9188132882118225,0.014615677,-0.014096488856012002,151.68487300872803,0.0001,1758.18896484375,999.91,,
393,729088,178,1854,45.020084381103516,0.2,16.28338098526001,0.1076216921210289,1190,0.13798828125,0.9352802038192749,0.014599722,-0.013768512959359214,97.46986465454101,0.0001,1758.18896484375,999.91,,
394,733184,179,1856,38.05793762207031,0.2,16.285637617111206,0.10757875442504883,1195,0.099853515625,0.939538300037384,0.010322256,-0.010028600331861526,87.75839214324951,0.0001,1758.18896484375,999.91,,
397,737280,180,1855,39.29644775390625,0.2,16.296092414855956,0.10754857212305069,1200,0.083447265625,0.9373023509979248,0.0098930355,-0.010495110473129898,90.15973682403565,0.0001,1758.858642578125,999.91,,
399,741376,181,1857,46.03938293457031,0.2,16.299980878829956,0.10753103345632553,1205,0.106884765625,0.9434351921081543,0.012710536,-0.012414966698270292,100.16518707275391,0.0001,1758.82373046875,999.91,,
401,745472,182,1858,37.64762496948242,0.2,16.302315521240235,0.1075310930609703,1210,0.1197265625,0.947738766670227,0.013146413,-0.011673822783632205,85.01157321929932,0.0001,1758.82373046875,999.91,,
402,749568,183,1860,26.157859802246094,0.2,16.30268340110779,0.10752639174461365,1215,0.106201171875,0.9578813314437866,0.012591107,-0.010815628594718874,70.032382106781,0.0001,1758.82373046875,999.91,,
425,753664,184,1772,22.479341506958008,0.2,16.305687808990477,0.10752195119857788,1220,0.120751953125,0.9631479978561401,0.015786238,-0.012826504756230862,59.67887411117554,0.0001,1813.7373046875,1000.0,750000,2.6580284500831777
427,757760,185,1773,27.873645782470703,0.2,16.30483536720276,0.10752105712890625,1225,0.104296875,0.9619821310043335,0.013080826,-0.009951285645365715,58.37372875213623,0.0001,1815.923583984375,1000.0,,
429,761856,186,1775,32.661842346191406,0.2,16.30684413909912,0.10749872028827667,1230,0.118896484375,0.794751763343811,0.011048803,-0.011896350554889069,78.1063943862915,0.0001,1815.923583984375,1000.0,,
430,765952,187,1777,31.173036575317383,0.2,16.309613943099976,0.10748639702796936,1235,0.087939453125,0.7462152242660522,0.009694257,-0.011327169975265861,83.76601734161378,0.0001,1815.923583984375,1000.0,,
433,770048,188,1777,26.36528205871582,0.2,16.310754442214964,0.10749607533216476,1240,0.094287109375,0.7799125909805298,0.01243612,-0.012064198241569101,77.40111103057862,0.0001,1759.571044921875,1000.0,,
435,774144,189,1779,60.14090347290039,0.2,16.309719467163085,0.10751716792583466,1245,0.113427734375,0.8316416144371033,0.011769431,-0.013444543140940369,131.8625135421753,0.0001,1739.47412109375,1000.0,,
436,778240,190,1781,50.281742095947266,0.2,16.309001779556276,0.10753294080495834,1250,0.0853515625,0.8810641169548035,0.01062133,-0.010429795196978375,121.24266052246094,0.0001,1739.47412109375,1000.0,,
438,782336,191,1783,38.444828033447266,0.2,16.311310720443725,0.1074928268790245,1255,0.10673828125,0.9125286340713501,0.0101813115,-0.012292541621718556,104.14669628143311,0.0001,1739.47412109375,1000.0,,
441,786432,192,1783,46.49481201171875,0.2,16.318354272842406,0.10748165845870972,1260,0.10849609375,0.8985589742660522,0.012789825,-0.01395581650431268,117.47367267608642,0.0001,1746.908935546875,1000.0,,
443,790528,193,1784,31.103973388671875,0.2,16.32072219848633,0.10746119916439056,1265,0.103662109375,0.9369766116142273,0.012753798,-0.010974442114820704,75.32481575012207,0.0001,1740.9716796875,1000.0,,
444,794624,194,1785,31.362512588500977,0.2,16.324086952209473,0.10745442658662796,1270,0.12080078125,0.9468051791191101,0.015135235,-0.011961296451045201,67.63409252166748,0.0001,1740.9716796875,1000.0,,
446,798720,195,1787,18.910701751708984,0.2,16.32984142303467,0.10740800946950912,1275,0.15908203125,0.957226574420929,0.016128259,-0.014835626864805818,53.801257038116454,0.0001,1740.9716796875,1000.0,,
449,802816,196,1787,25.252283096313477,0.2,16.34256067276001,0.10733626037836075,1280,0.147216796875,0.9539512991905212,0.015243487,-0.014440507011022419,61.94508743286133,0.0001,1750.5401611328125,1000.0,,
451,806912,197,1788,34.335514068603516,0.2,16.351345682144164,0.10731077194213867,1285,0.128271484375,0.9302889108657837,0.013444215,-0.013456795021193102,81.87353916168213,0.0001,1735.049560546875,1000.0,,
453,811008,198,1790,45.290435791015625,0.2,16.3564866065979,0.10731900483369827,1290,0.0947265625,0.8702598810195923,0.011413867,-0.01261379616917111,115.96121006011963,0.0001,1735.049560546875,1000.0,,
454,815104,199,1792,38.31284713745117,0.2,16.356408405303956,0.10730220377445221,1295,0.09521484375,0.9165398478507996,0.011542462,-0.012204442883376031,87.05160865783691,0.0001,1735.049560546875,1000.0,,
457,819200,200,1792,23.772533416748047,0.2,16.359125518798827,0.10729286819696426,1300,0.0841796875,0.9450425505638123,0.011278566,-0.009535165911074728,64.21615009307861,0.0001,1802.3031005859375,1000.0,,
459,823296,201,1793,36.36885070800781,0.2,16.361520624160768,0.10728172212839127,1305,0.154296875,0.8977125883102417,0.017180445,-0.015251092211110517,78.74012241363525,0.0001,1797.596435546875,1000.0,,
460,827392,202,1795,44.0566291809082,0.2,16.364144849777222,0.1072842925786972,1310,0.134423828125,0.7990407943725586,0.012705611,-0.014433214953169227,105.34233894348145,0.0001,1797.596435546875,1000.0,,
462,831488,203,1796,39.310611724853516,0.2,16.366915369033812,0.10724983364343643,1315,0.135302734375,0.8330342173576355,0.013707975,-0.01295627595973201,93.95357322692871,0.0001,1786.5958251953125,1000.0,,
465,835584,204,1796,32.27408981323242,0.2,16.37429838180542,0.10721085965633392,1320,0.13427734375,0.8486320376396179,0.013655916,-0.0135325797367841,76.90032005310059,0.0001,1781.841064453125,1000.0,,
466,839680,205,1798,49.12235641479492,0.2,16.37994065284729,0.10717342793941498,1325,0.076171875,0.8764321208000183,0.010088061,-0.011395764484768733,117.41751823425292,0.0001,1781.841064453125,1000.0,,
468,843776,206,1800,66.52552795410156,0.2,16.38566517829895,0.10713198035955429,1330,0.072509765625,0.8522510528564453,0.010719064,-0.011525834084022791,156.43710060119628,0.0001,1781.841064453125,1000.0,,
470,847872,207,1801,38.82529067993164,0.2,16.39106078147888,0.10713285952806473,1335,0.090673828125,0.9095829129219055,0.011839045,-0.011872594722080975,92.79612808227539,0.0001,1746.06982421875,1000.0,,
472,851968,208,1801,40.95613098144531,0.2,16.39347939491272,0.1071232259273529,1340,0.109130859375,0.9264302849769592,0.013443005,-0.012744719674810768,90.05130519866944,0.0001,1788.559814453125,1000.0,,
474,856064,209,1803,34.678836822509766,0.2,16.39623980522156,0.10711922496557236,1345,0.06796875,0.9107959270477295,0.008897037,-0.009169776400085539,82.71760663986205,0.0001,1788.559814453125,1000.0,,
476,860160,210,1805,32.83224868774414,0.2,16.399658679962158,0.10710166394710541,1350,0.079296875,0.9270412921905518,0.010565055,-0.010817926708841696,83.75902767181397,0.0001,1788.559814453125,1000.0,,
478,864256,211,1805,27.627456665039062,0.2,16.407553720474244,0.10702133178710938,1355,0.15498046875,0.9431119561195374,0.015107752,-0.015368478372693062,67.16305170059204,0.0001,1800.9832763671875,1000.0,,
480,868352,212,1806,28.435611724853516,0.2,16.420205307006835,0.10693296790122986,1360,0.153564453125,0.94472336769104,0.015454203,-0.014891959610395133,66.41397953033447,0.0001,1792.6854248046875,1000.0,,
482,872448,213,1808,26.9959716796875,0.2,16.430607175827028,0.10688880831003189,1365,0.102685546875,0.9302094578742981,0.011885611,-0.01128376048291102,78.26307544708251,0.0001,1792.6854248046875,1000.0,,
484,876544,214,1809,38.88435363769531,0.2,16.434477186203004,0.10687676072120667,1370,0.097265625,0.8902621269226074,0.012476807,-0.01047339325014036,123.10862159729004,0.0001,1792.6854248046875,1000.0,,
486,880640,215,1809,31.967531204223633,0.2,16.43417634963989,0.10690749436616898,1375,0.091650390625,0.9400035738945007,0.01015685,-0.011739788134582341,87.6392951965332,0.0001,1817.387939453125,1000.0,,
488,884736,216,1810,20.40682029724121,0.2,16.431957530975343,0.10688211768865585,1380,0.125341796875,0.9494947195053101,0.015479328,-0.013896704535000026,61.11921329498291,0.0001,1812.735595703125,1000.0,,
490,888832,217,1812,32.17306137084961,0.2,16.43733367919922,0.10684170573949814,1385,0.0806640625,0.9270143508911133,0.0107753845,-0.009337394399335609,77.1415922164917,0.0001,1812.735595703125,1000.0,,
492,892928,218,1814,25.400177001953125,0.2,16.44137191772461,0.1068267673254013,1390,0.125048828125,0.938179612159729,0.014339853,-0.013593900913838297,65.38491954803467,0.0001,1812.735595703125,1000.0,,
494,897024,219,1814,30.20283317565918,0.2,16.443341541290284,0.10679911077022552,1395,0.1220703125,0.9294497966766357,0.014534143,-0.012368295609485358,79.21132793426514,0.0001,1806.37255859375,1000.0,,
496,901120,220,1815,39.690460205078125,0.2,16.443361282348633,0.10680115967988968,1400,0.112548828125,0.9228789806365967,0.0136033315,-0.014328930538613349,99.77497215270996,0.0001,1795.3809814453125,1000.0,,
498,905216,221,1816,66.54654693603516,0.2,16.442606449127197,0.10679475963115692,1405,0.06806640625,0.8400684595108032,0.010165149,-0.010962387936888262,159.93276844024658,0.0001,1795.3809814453125,1000.0,,
500,909312,222,1818,38.200035095214844,0.2,16.4435085773468,0.10678001493215561,1410,0.08388671875,0.8950175046920776,0.011535305,-0.011264800152275711,98.20101165771484,0.0001,1795.3809814453125,1000.0,,
502,913408,223,1818,33.808143615722656,0.2,16.446523666381836,0.10676805675029755,1415,0.076318359375,0.9050631523132324,0.011752656,-0.011590812262147665,95.19452505111694,0.0001,1816.9324951171875,1000.0,,
504,917504,224,1818,30.583629608154297,0.2,16.449486637115477,0.1067621186375618,1420,0.146630859375,0.9454292058944702,0.014537632,-0.01580611356184818,75.02373123168945,0.0001,1823.590576171875,1000.0,,
506,921600,225,1820,33.9522819519043,0.2,16.45131859779358,0.10674500465393066,1425,0.11328125,0.8929412364959717,0.012803856,-0.011542307422496378,88.49588737487792,0.0001,1823.590576171875,1000.0,,
508,925696,226,1822,51.1355094909668,0.2,16.452769470214843,0.10674829035997391,1430,0.1087890625,0.8349020481109619,0.0110699795,-0.013070813289959914,128.28422622680665,0.0001,1823.590576171875,1000.0,,
510,929792,227,1821,48.909507751464844,0.2,16.451952171325683,0.10675825923681259,1435,0.07919921875,0.8388325572013855,0.010566402,-0.01125563052482903,120.51845798492431,0.0001,1839.14697265625,1000.0,,
512,933888,228,1822,45.44892883300781,0.2,16.450372219085693,0.10677620023488998,1440,0.109521484375,0.8896500468254089,0.012884306,-0.013460877526085824,108.55442333221436,0.0001,1833.0841064453125,1000.0,,
514,937984,229,1824,77.98471069335938,0.2,16.448960924148558,0.10675963759422302,1445,0.064794921875,0.8504490256309509,0.009351947,-0.009501790819922463,182.8036231994629,0.0001,1833.0841064453125,1000.0,,
515,942080,230,1825,58.7161750793457,0.2,16.453374481201173,0.10673382133245468,1450,0.125390625,0.8881170153617859,0.012492511,-0.012905524141388014,159.0761562347412,0.0001,1833.0841064453125,1000.0,,
518,946176,231,1825,40.7639274597168,0.2,16.455690336227416,0.10673726350069046,1455,0.131689453125,0.9325007796287537,0.01441405,-0.014063997194170952,92.23384552001953,0.0001,1843.1448974609375,1000.0,,
520,950272,232,1826,42.24677276611328,0.2,16.457942247390747,0.10673457384109497,1460,0.108740234375,0.9098080992698669,0.01342828,-0.011959987657610327,92.82335834503174,0.0001,1846.9017333984375,1000.0,,
522,954368,233,1828,34.067108154296875,0.2,16.457952356338502,0.10673879086971283,1465,0.10458984375,0.8558403849601746,0.010786548,-0.011438775120768695,85.10565433502197,0.0001,1846.9017333984375,1000.0,,
523,958464,234,1829,28.3627986907959,0.2,16.460961198806764,0.10670647025108337,1470,0.130224609375,0.9045901298522949,0.01417441,-0.012978618274792098,70.14759922027588,0.0001,1846.9017333984375,1000.0,,
526,962560,235,1829,30.433761596679688,0.2,16.468641614913942,0.10670779645442963,1475,0.14169921875,0.8932526111602783,0.01410885,-0.014219635061454027,71.96359004974366,0.0001,1850.2628173828125,999.52,,
528,966656,236,1830,79.93585205078125,0.2,16.47001643180847,0.10671092569828033,1480,0.07666015625,0.7925916910171509,0.010189714,-0.011493271149811335,202.08958778381347,0.0001,1839.2542724609375,999.52,,
529,970752,237,1832,53.18487548828125,0.2,16.47280879020691,0.10667771846055984,1485,0.063037109375,0.8345698714256287,0.0080739455,-0.010046488896477968,147.8113431930542,0.0001,1839.2542724609375,999.52,,
531,974848,238,1833,57.04613494873047,0.2,16.477750492095947,0.10666000097990036,1490,0.097802734375,0.8726606369018555,0.011765422,-0.012272556609241292,135.75905151367186,0.0001,1839.2542724609375,999.52,,
533,978944,239,1833,41.38797378540039,0.2,16.47939443588257,0.10664037615060806,1495,0.08291015625,0.9158326387405396,0.009224065,-0.011202181340195239,107.35971450805664,0.0001,1812.408447265625,999.52,,
535,983040,240,1834,89.73831939697266,0.2,16.483938026428223,0.10662586987018585,1500,0.0755859375,0.8278120756149292,0.009537084,-0.010361918166745454,194.57706871032715,0.0001,1820.6363525390625,999.52,,
537,987136,241,1835,104.9259262084961,0.2,16.486099529266358,0.10663069039583206,1505,0.066650390625,0.7443398237228394,0.010092541,-0.010462249320698901,251.08778114318847,0.0001,1820.6363525390625,999.52,,
539,991232,242,1836,73.99974060058594,0.2,16.486821365356445,0.1066250279545784,1510,0.08427734375,0.7943896055221558,0.009910163,-0.010831853945273907,192.64666481018065,0.0001,1814.9962158203125,999.52,,
542,995328,243,1836,51.652076721191406,0.2,16.49040632247925,0.10662511736154556,1515,0.096826171875,0.8863491415977478,0.01331447,-0.012536766228731722,120.53622074127198,0.0001,1784.0546875,999.52,,
543,999424,244,1837,43.93195343017578,0.2,16.495109653472902,0.10660949349403381,1520,0.143115234375,0.9227327704429626,0.014722736,-0.01597306219046004,103.15285472869873,0.0001,1784.0546875,999.52,,
565,1003520,245,1773,45.24607467651367,0.2,16.501497888565062,0.10656474530696869,1525,0.118701171875,0.9206188917160034,0.012203934,-0.011762925167568028,109.2022590637207,0.0001,1784.0546875,999.52,750000,2.6321083477273244
568,1007616,246,1773,37.09464645385742,0.2,16.508945989608765,0.10652129352092743,1530,0.108251953125,0.9387683272361755,0.012968039,-0.013261963648255914,97.62901134490967,0.0001,1762.05029296875,999.52,,
570,1011712,247,1774,25.449932098388672,0.2,16.513669872283934,0.1065082773566246,1535,0.09658203125,0.9612870812416077,0.010738736,-0.011466784740332515,73.56680793762207,0.0001,1812.189208984375,999.52,,
572,1015808,248,1775,27.338943481445312,0.2,16.51626901626587,0.10647274553775787,1540,0.111328125,0.925273060798645,0.012362558,-0.011845272430218757,66.6318081855774,0.0001,1812.189208984375,999.52,,
573,1019904,249,1777,34.236488342285156,0.2,16.520398092269897,0.10647192597389221,1545,0.067431640625,0.8671724200248718,0.008836225,-0.008146102333557791,104.23512973785401,0.0001,1812.189208984375,999.52,,
576,1024000,250,1777,26.2194766998291,0.2,16.5199538230896,0.10645457357168198,1550,0.12216796875,0.9111660718917847,0.013459537,-0.01296579306363128,73.56257820129395,0.0001,1804.638916015625,999.52,,
578,1028096,251,1778,16.891162872314453,0.2,16.524629020690917,0.10643404722213745,1555,0.142529296875,0.9537919759750366,0.0150063,-0.012995060032699257,43.988358879089354,0.0001,1808.12158203125,999.52,,
579,1032192,252,1779,40.00807189941406,0.2,16.52769799232483,0.10643177479505539,1560,0.134326171875,0.8651084303855896,0.013633233,-0.012898630305426196,97.2782522201538,0.0001,1808.12158203125,999.52,,
581,1036288,253,1781,54.71754837036133,0.2,16.52935347557068,0.1064312607049942,1565,0.0876953125,0.7713143825531006,0.0097653195,-0.011313807219266891,137.65708351135254,0.0001,1808.12158203125,999.52,,
584,1040384,254,1781,46.613243103027344,0.2,16.531201076507568,0.10641441494226456,1570,0.134814453125,0.8339319229125977,0.014584604,-0.014886279811616988,97.15357151031495,0.0001,1809.208251953125,999.52,,
585,1044480,255,1782,48.48845291137695,0.2,16.536064434051514,0.10642319917678833,1575,0.1115234375,0.8935819268226624,0.013523862,-0.012070221433532424,108.35515041351319,0.0001,1789.1383056640625,999.52,,
587,1048576,256,1783,51.6600341796875,0.2,16.538547325134278,0.10640560835599899,1580,0.077587890625,0.921010434627533,0.0097749615,-0.009400473767891526,129.24256839752198,0.0001,1789.1383056640625,999.52,,
589,1052672,257,1785,40.46889877319336,0.2,16.540904474258422,0.10642292350530624,1585,0.08896484375,0.9413992762565613,0.011373701,-0.011243017367087304,103.81572933197022,0.0001,1789.1383056640625,999.52,,
591,1056768,258,1785,36.36196517944336,0.2,16.535944080352785,0.1064608097076416,1590,0.11376953125,0.9543101191520691,0.012481846,-0.012571195710916073,93.29590873718261,0.0001,1773.8714599609375,1000.0,,
593,1060864,259,1786,41.438236236572266,0.2,16.53441948890686,0.10642864555120468,1595,0.146923828125,0.9560739994049072,0.014993471,-0.014867230062372982,99.13127498626709,0.0001,1780.33056640625,1000.0,,
595,1064960,260,1787,23.672771453857422,0.2,16.540405607223512,0.10641642659902573,1600,0.1373046875,0.9565333127975464,0.014078913,-0.013192688638810068,67.31235904693604,0.0001,1780.33056640625,1000.0,,
597,1069056,261,1789,59.64371871948242,0.2,16.542990064620973,0.10640085488557816,1605,0.141748046875,0.9253659248352051,0.015050911,-0.013928902719635516,135.47908973693848,0.0001,1780.33056640625,1000.0,,
599,1073152,262,1789,68.81007385253906,0.2,16.55002646446228,0.10631194710731506,1610,0.15205078125,0.9440649747848511,0.016812624,-0.012715784384636209,130.1058650970459,0.0001,1837.34423828125,1000.0,,
601,1077248,263,1790,58.70147705078125,0.2,16.560871601104736,0.10627610981464386,1615,0.121630859375,0.91465163230896,0.013864857,-0.011887027806369587,154.6119342803955,0.0001,1812.4417724609375,1000.0,,
603,1081344,264,1791,66.527099609375,0.2,16.56179986000061,0.10631173849105835,1620,0.090869140625,0.8927454948425293,0.012609651,-0.012318438198417426,142.0217653274536,0.0001,1812.4417724609375,1000.0,,
605,1085440,265,1793,63.34724807739258,0.2,16.557798051834105,0.1063304916024208,1625,0.101171875,0.8940424919128418,0.012046495,-0.011892828019335866,137.3002010345459,0.0001,1812.4417724609375,1000.0,,
607,1089536,266,1793,54.523292541503906,0.2,16.55742573738098,0.10634385794401169,1630,0.08369140625,0.9098990559577942,0.010304447,-0.011526280618272721,135.11469573974608,0.0001,1846.3634033203125,1000.0,,
609,1093632,267,1794,38.07088088989258,0.2,16.560688543319703,0.10632934421300888,1635,0.171240234375,0.9547670483589172,0.015284616,-0.01550463456660509,74.85560760498046,0.0001,1844.6556396484375,1000.0,,
611,1097728,268,1795,48.76484680175781,0.2,16.568715620040894,0.10629316419363022,1640,0.1439453125,0.9292569160461426,0.014002219,-0.012970488716382534,99.33089866638184,0.0001,1844.6556396484375,1000.0,,
613,1101824,269,1796,38.46482467651367,0.2,16.57593903541565,0.10628371685743332,1645,0.067236328125,0.9187183380126953,0.00885169,-0.008082078804727643,112.57391986846923,0.0001,1844.6556396484375,1000.0,,
615,1105920,270,1796,24.05240821838379,0.2,16.579037380218505,0.10624271631240845,1650,0.098876953125,0.9440593719482422,0.011227359,-0.01159295160905458,68.05705223083496,0.0001,1836.54150390625,1000.0,,
617,1110016,271,1797,23.644121170043945,0.2,16.58790240287781,0.1062089279294014,1655,0.11650390625,0.9607776999473572,0.013606163,-0.012876788142602891,58.83283653259277,0.0001,1838.9393310546875,1000.0,,
619,1114112,272,1799,35.40410614013672,0.2,16.589970922470094,0.1062239333987236,1660,0.108935546875,0.9349263906478882,0.012200794,-0.011793101840885356,90.27631149291992,0.0001,1838.9393310546875,1000.0,,
621,1118208,273,1800,34.09352493286133,0.2,16.589211559295656,0.10619944334030151,1665,0.163037109375,0.9430956840515137,0.015116475,-0.015649733366444707,87.71550579071045,0.0001,1838.9393310546875,1000.0,,
623,1122304,274,1800,40.352569580078125,0.2,16.591245412826538,0.10623414814472198,1670,0.1390625,0.9428778886795044,0.01340099,-0.01376218394143507,97.64741439819336,0.0001,1804.4346923828125,1000.0,,
625,1126400,275,1801,39.94110107421875,0.2,16.58470573425293,0.10627209395170212,1675,0.140625,0.9559339284896851,0.01238315,-0.013177481153979898,88.1455680847168,0.0001,1797.4080810546875,1000.0,,
627,1130496,276,1802,23.78305435180664,0.2,16.582611656188966,0.10629048198461533,1680,0.141748046875,0.9655476212501526,0.014950558,-0.013571104756556452,53.012865924835204,0.0001,1797.4080810546875,1000.0,,
628,1134592,277,1803,27.120113372802734,0.2,16.58427529335022,0.10625923424959183,1685,0.12158203125,0.9685431718826294,0.013109049,-0.012310767360031605,55.67813625335693,0.0001,1797.4080810546875,1000.0,,
631,1138688,278,1803,17.961530685424805,0.2,16.5916627407074,0.10623665899038315,1690,0.141259765625,0.9760122895240784,0.014575054,-0.013054871989879757,47.794701957702635,0.0001,1763.780517578125,1000.0,,
633,1142784,279,1804,37.9091911315918,0.2,16.59428005218506,0.10620887577533722,1695,0.162548828125,0.9423819184303284,0.015177243,-0.01565915099927224,78.70667753219604,0.0001,1762.7442626953125,1000.0,,
635,1146880,280,1806,39.45652389526367,0.2,16.598699235916136,0.10618051886558533,1700,0.130126953125,0.9079222679138184,0.011831224,-0.012424510030541569,98.15428085327149,0.0001,1762.7442626953125,1000.0,,
636,1150976,281,1807,30.638107299804688,0.2,16.60603165626526,0.10614175349473953,1705,0.1109375,0.9283137917518616,0.0104566105,-0.011172927671577782,82.5889744758606,0.0001,1762.7442626953125,1000.0,,
639,1155072,282,1807,26.20979881286621,0.2,16.60910439491272,0.10613657534122467,1710,0.13232421875,0.9386955499649048,0.014653033,-0.015139084617840127,78.70436563491822,0.0001,1826.199951171875,1000.0,,
641,1159168,283,1808,32.64997482299805,0.2,16.611409997940065,0.10609457641839981,1715,0.154248046875,0.9378789067268372,0.015854627,-0.014863552351016551,78.01522312164306,0.0001,1814.8695068359375,1000.0,,
642,1163264,284,1809,31.02193832397461,0.2,16.619095134735108,0.10604386776685715,1720,0.104052734375,0.9122852683067322,0.012468604,-0.010467249539215118,80.80494327545166,0.0001,1814.8695068359375,1000.0,,
644,1167360,285,1809,33.190616607666016,0.2,16.625576496124268,0.10601698607206345,1725,0.114599609375,0.9404475092887878,0.012294076,-0.011187578085809946,76.77446346282959,0.0001,1789.0550537109375,1000.0,,
647,1171456,286,1810,27.50324249267578,0.2,16.628206253051758,0.10598740726709366,1730,0.1158203125,0.9468477964401245,0.013658506,-0.013620460988022387,65.3529878616333,0.0001,1769.4410400390625,1000.0,,
648,1175552,287,1811,27.707576751708984,0.2,16.63330821990967,0.10597503930330276,1735,0.167724609375,0.9671380519866943,0.016704086,-0.01614798523369245,70.5541012763977,0.0001,1769.4410400390625,1000.0,,
650,1179648,288,1812,37.78852844238281,0.2,16.63502769470215,0.1059655025601387,1740,0.130908203125,0.9502633810043335,0.01347231,-0.015399485814850778,98.71108512878418,0.0001,1769.4410400390625,1000.0,,
652,1183744,289,1813,32.825069427490234,0.2,16.637800693511963,0.10595383495092392,1745,0.123291015625,0.9613611102104187,0.012165388,-0.013290276937186717,85.44449100494384,0.0001,1767.559326171875,1000.0,,
654,1187840,290,1813,32.24567794799805,0.2,16.639237451553345,0.10596422106027603,1750,0.142724609375,0.9690724015235901,0.013785068,-0.013757533981697634,75.79654426574707,0.0001,1745.9339599609375,1000.0,,
656,1191936,291,1814,50.39537048339844,0.2,16.641185092926026,0.10595538467168808,1755,0.130126953125,0.9335269927978516,0.013184417,-0.013476262096082792,109.40499000549316,0.0001,1745.9339599609375,1000.0,,
658,1196032,292,1816,39.828208923339844,0.2,16.644041061401367,0.10590854287147522,1760,0.10498046875,0.9284307956695557,0.01257089,-0.012913266092073172,104.62933712005615,0.0001,1745.9339599609375,1000.0,,
660,1200128,293,1815,28.940555572509766,0.2,16.646271800994874,0.10595469921827316,1765,0.135595703125,0.9595990777015686,0.013088612,-0.014031621970934794,74.80258932113648,0.0001,1778.19287109375,1000.0,,
662,1204224,294,1816,33.49203872680664,0.2,16.64514741897583,0.10587921738624573,1770,0.122998046875,0.9608091711997986,0.013032237,-0.012703460233751684,76.11300468444824,0.0001,1769.52880859375,1000.0,,
664,1208320,295,1818,25.74710464477539,0.2,16.656995582580567,0.10580708086490631,1775,0.136865234375,0.9597538709640503,0.014376146,-0.013384530396433548,70.54680652618408,0.0001,1769.52880859375,1000.0,,
666,1212416,296,1819,23.27029037475586,0.2,16.659556722640993,0.10583434253931046,1780,0.129345703125,0.9583461284637451,0.01366481,-0.011937159241642802,69.21644506454467,0.0001,1769.52880859375,1000.0,,
668,1216512,297,1819,34.62154006958008,0.2,16.65419182777405,0.10582540929317474,1785,0.100341796875,0.958706796169281,0.013162255,-0.011618238931987435,87.13250570297241,0.0001,1810.2918701171875,1000.0,,
670,1220608,298,1820,21.6120548248291,0.2,16.65620937347412,0.10580544918775558,1790,0.126416015625,0.9685344696044922,0.013090844,-0.014260775106959046,64.36911697387696,0.0001,1811.720458984375,1000.0,,
672,1224704,299,1821,15.372551918029785,0.2,16.659727144241334,0.10575956106185913,1795,0.15947265625,0.9724239110946655,0.017683543,-0.012613307480933145,44.453502607345584,0.0001,1811.720458984375,1000.0,,
674,1228800,300,1822,66.57643127441406,0.2,16.66334114074707,0.10575971007347107,1800,0.16455078125,0.9220829606056213,0.012705151,-0.00856365883082617,155.9574016571045,0.0001,1801.6781005859375,998.45,,
676,1232896,301,1822,173.72804260253906,0.2,16.66142330169678,0.10578072816133499,1805,0.12109375,0.8711600303649902,0.0127243,-0.011953883559908719,284.88543739318845,0.0001,1887.1361083984375,998.45,,
678,1236992,302,1823,49.68443298339844,0.2,16.660952472686766,0.10576332360506058,1810,0.14560546875,0.9431892037391663,0.014872022,-0.012850790523225441,133.04910526275634,0.0001,1859.37890625,998.45,,
680,1241088,303,1824,72.38738250732422,0.2,16.663882160186766,0.1057611033320427,1815,0.10244140625,0.8904691338539124,0.0129122175,-0.011952266661683097,169.9532871246338,0.0001,1859.37890625,998.45,,
682,1245184,304,1825,100.74604797363281,0.2,16.6682137966156,0.10573521256446838,1820,0.11669921875,0.8770885467529297,0.011723947,-0.01228232595603913,220.16404418945314,0.0001,1850.1539306640625,998.45,,
684,1249280,305,1824,93.8218994140625,0.2,16.67262272834778,0.10575541853904724,1825,0.1447265625,0.8909932374954224,0.012910845,-0.012330136250238866,193.54031372070312,0.0001,1824.9423828125,998.45,,
706,1253376,306,1773,94.43293762207031,0.2,16.66830415725708,0.10579723864793777,1830,0.12197265625,0.8595826029777527,0.012064207,-0.012171269563259557,194.6795711517334,0.0001,1786.455322265625,998.45,750000,2.6246092954902114
708,1257472,307,1774,61.568973541259766,0.2,16.66494755744934,0.10578573495149612,1835,0.05205078125,0.7159539461135864,0.008307133,-0.007683343777898699,170.4471559524536,0.0001,1786.455322265625,998.45,,
710,1261568,308,1775,51.01649475097656,0.2,16.667629432678222,0.10577106475830078,1840,0.086865234375,0.8668210506439209,0.01041525,-0.011607210760121233,115.93884410858155,0.0001,1778.82373046875,998.45,,
712,1265664,309,1776,41.64004898071289,0.2,16.671262884140013,0.10573555529117584,1845,0.12978515625,0.9075251817703247,0.013213925,-0.01396087093744427,89.70097579956055,0.0001,1748.2930908203125,998.45,,
714,1269760,310,1776,43.28657531738281,0.2,16.676938152313234,0.10572662204504013,1850,0.142041015625,0.9340137839317322,0.015490401,-0.015633166278712453,88.487668800354,0.0001,1760.6907958984375,998.45,,
716,1273856,311,1777,26.157615661621094,0.2,16.67846269607544,0.10572829097509384,1855,0.10048828125,0.918723464012146,0.01227007,-0.012585154722910375,77.46631240844727,0.0001,1760.6907958984375,998.45,,
718,1277952,312,1778,25.05959701538086,0.2,16.680442237854002,0.10571376979351044,1860,0.09072265625,0.9138513803482056,0.01118331,-0.010176391928689554,70.98482131958008,0.0001,1760.9024658203125,998.45,,
720,1282048,313,1778,35.18240737915039,0.2,16.683370351791382,0.10570065677165985,1865,0.130078125,0.9177861213684082,0.012919333,-0.012416901552933268,81.22614765167236,0.0001,1755.507080078125,998.45,,
722,1286144,314,1779,25.404285430908203,0.2,16.68458571434021,0.10568928718566895,1870,0.173974609375,0.9505692720413208,0.015919581,-0.016312721651047468,70.24610567092896,0.0001,1748.6009521484375,998.45,,
724,1290240,315,1780,34.30548858642578,0.2,16.69091124534607,0.10563921928405762,1875,0.1458984375,0.9425403475761414,0.014828748,-0.01353207635693252,86.37258262634278,0.0001,1748.6009521484375,998.45,,
726,1294336,316,1781,24.947437286376953,0.2,16.70204472541809,0.10559187084436417,1880,0.131884765625,0.9597540497779846,0.013451054,-0.013384222856257112,59.874462890625,0.0001,1738.10205078125,998.45,,
728,1298432,317,1782,27.821765899658203,0.2,16.70424089431763,0.10560600459575653,1885,0.12685546875,0.9619773626327515,0.014316917,-0.012634829385206103,68.92396602630615,0.0001,1804.626220703125,998.45,,
730,1302528,318,1782,41.20133590698242,0.2,16.701755142211915,0.10564066469669342,1890,0.15048828125,0.9280605912208557,0.014622835,-0.01467410036129877,95.06024131774902,0.0001,1801.147216796875,998.45,,
732,1306624,319,1784,33.83732223510742,0.2,16.697406768798828,0.10564576834440231,1895,0.146826171875,0.9239659309387207,0.015136467,-0.013470013040932826,79.5299638748169,0.0001,1801.147216796875,998.45,,
734,1310720,320,1784,48.36992263793945,0.2,16.693427944183348,0.10568494349718094,1900,0.12109375,0.9078180193901062,0.013304992,-0.01232212534523569,116.85258884429932,0.0001,1788.70068359375,998.45,,
736,1314816,321,1785,49.85857009887695,0.2,16.688686990737914,0.10565906018018723,1905,0.153955078125,0.9191697835922241,0.015506831,-0.016963996703270822,122.06266651153564,0.0001,1785.367919921875,998.45,,
738,1318912,322,1786,37.0873908996582,0.2,16.693838262557982,0.10563082247972488,1910,0.136474609375,0.940967321395874,0.015852416,-0.01569409085204825,98.91985721588135,0.0001,1784.17041015625,998.45,,
740,1323008,323,1787,24.986682891845703,0.2,16.697215795516968,0.10562318563461304,1915,0.095556640625,0.9538800716400146,0.011765549,-0.012016294139903039,69.41841545104981,0.0001,1784.17041015625,998.45,,
742,1327104,324,1788,25.36126136779785,0.2,16.696785640716552,0.10564479976892471,1920,0.102978515625,0.9440279006958008,0.01224072,-0.01235032225959003,70.17031545639038,0.0001,1754.194580078125,998.45,,
744,1331200,325,1788,16.230588912963867,0.2,16.699157619476317,0.10559060424566269,1925,0.14208984375,0.9726624488830566,0.016910166,-0.015557139465818182,42.18440170288086,0.0001,1740.434326171875,1000.0,,
746,1335296,326,1788,19.37940216064453,0.2,16.713657236099245,0.10553904622793198,1930,0.17021484375,0.9682276248931885,0.014991455,-0.014772495071520097,50.12778186798096,0.0001,1735.04931640625,1000.0,,
748,1339392,327,1790,19.11545181274414,0.2,16.719188594818114,0.10555169731378555,1935,0.124267578125,0.9623652100563049,0.012580568,-0.011382506019435823,49.90285453796387,0.0001,1735.04931640625,1000.0,,
750,1343488,328,1790,34.78271484375,0.2,16.721414947509764,0.10552555322647095,1940,0.09912109375,0.9419349431991577,0.009854624,-0.010566877928795293,82.03873920440674,0.0001,1729.40576171875,1000.0,,
752,1347584,329,1790,26.071556091308594,0.2,16.72739968299866,0.10551028698682785,1945,0.12685546875,0.9586402177810669,0.0126268305,-0.013973976741544903,65.24047517776489,0.0001,1818.111083984375,1000.0,,
754,1351680,330,1791,64.00475311279297,0.2,16.72827739715576,0.10553552955389023,1950,0.09296875,0.8781357407569885,0.010598708,-0.011241094185970723,133.57815113067628,0.0001,1818.111083984375,1000.0,,
756,1355776,331,1792,50.84095764160156,0.2,16.72611231803894,0.10554251074790955,1955,0.093115234375,0.8483312129974365,0.010141425,-0.01149280981044285,127.46863269805908,0.0001,1818.111083984375,1000.0,,
758,1359872,332,1793,51.899234771728516,0.2,16.72725443840027,0.10553652048110962,1960,0.111328125,0.8727312684059143,0.01293545,-0.012582388590089977,109.47537288665771,0.0001,1805.35107421875,1000.0,,
760,1363968,333,1793,52.68950653076172,0.2,16.732565307617186,0.10549409687519073,1965,0.11787109375,0.8724998831748962,0.01223813,-0.014374539407435804,121.6797119140625,0.0001,1896.73681640625,1000.0,,
762,1368064,334,1794,50.70003128051758,0.2,16.738670206069948,0.10550472885370255,1970,0.087353515625,0.8715254664421082,0.011238602,-0.012778859172249213,136.7865488052368,0.0001,1896.73681640625,1000.0,,
764,1372160,335,1795,24.954214096069336,0.2,16.737715244293213,0.1055135577917099,1975,0.116162109375,0.9219338297843933,0.013238867,-0.013823417806997895,70.57095222473144,0.0001,1896.73681640625,1000.0,,
766,1376256,336,1795,22.50737762451172,0.2,16.735851192474364,0.10549039393663406,1980,0.113037109375,0.9431374073028564,0.0131339785,-0.013149600516771897,60.82078838348389,0.0001,1913.6875,1000.0,,
768,1380352,337,1796,21.210527420043945,0.2,16.739020013809203,0.10543759167194366,1985,0.132275390625,0.9525997042655945,0.015065776,-0.014103339877328836,55.74136304855347,0.0001,1909.345458984375,1000.0,,
770,1384448,338,1797,42.856529235839844,0.2,16.745426511764528,0.10540943592786789,1990,0.112939453125,0.8731434941291809,0.011281976,-0.012585739721544087,90.36319618225097,0.0001,1909.345458984375,1000.0,,
771,1388544,339,1798,32.6591682434082,0.2,16.746762704849242,0.10541299730539322,1995,0.093310546875,0.9048596024513245,0.012288798,-0.010899896913906559,93.85717515945434,0.0001,1909.345458984375,1000.0,,
774,1392640,340,1798,15.488115310668945,0.2,16.745112657546997,0.10542955994606018,2000,0.112939453125,0.9536588788032532,0.013850618,-0.011988293321337551,43.967793464660645,0.0001,1799.367919921875,1000.0,,
776,1396736,341,1799,23.027446746826172,0.2,16.74737153053284,0.10540786385536194,2005,0.1544921875,0.9557430148124695,0.015527439,-0.014599643246037885,54.30053358078003,0.0001,1800.456298828125,1000.0,,
778,1400832,342,1800,32.66287612915039,0.2,16.752836894989013,0.10537083446979523,2010,0.0912109375,0.9358665347099304,0.011600352,-0.006373914598952979,96.82514724731445,0.0001,1800.456298828125,1000.0,,
779,1404928,343,1801,25.62051773071289,0.2,16.758020544052123,0.10534567385911942,2015,0.11435546875,0.953251838684082,0.012757806,-0.011805982477380895,68.23986110687255,0.0001,1798.2598876953125,999.2,,
782,1409024,344,1801,85.37759399414062,0.2,16.760928916931153,0.10531002283096313,2020,0.107958984375,0.8679690957069397,0.011838458,-0.012008110279566608,180.96285133361818,0.0001,1827.4681396484375,999.2,,
784,1413120,345,1802,28.437705993652344,0.2,16.767864561080934,0.10527000576257706,2025,0.123681640625,0.9480079412460327,0.013500659,-0.014417983475141227,72.64901828765869,0.0001,1821.0341796875,999.2,,
785,1417216,346,1803,29.797340393066406,0.2,16.772975158691406,0.10524691641330719,2030,0.1189453125,0.9306778907775879,0.013586968,-0.012317966111004353,76.66630716323853,0.0001,1821.0341796875,999.2,,
787,1421312,347,1804,29.85857391357422,0.2,16.775113153457642,0.10523367673158646,2035,0.07861328125,0.887036144733429,0.011953973,-0.009812298000906595,90.17865114212036,0.0001,1811.3121337890625,999.2,,
790,1425408,348,1804,31.275035858154297,0.2,16.77894425392151,0.10522657632827759,2040,0.107666015625,0.8986716866493225,0.012075668,-0.010537827614462003,81.00243654251099,0.0001,1833.92578125,999.2,,
791,1429504,349,1805,27.938262939453125,0.2,16.783566331863405,0.10522739589214325,2045,0.133544921875,0.925764262676239,0.015058028,-0.013111348787788302,62.53087434768677,0.0001,1824.272705078125,999.2,,
793,1433600,350,1806,19.671472549438477,0.2,16.789185333251954,0.105189248919487,2050,0.172314453125,0.9464560151100159,0.016579939,-0.017034886800684036,53.80601978302002,0.0001,1824.272705078125,999.2,,
795,1437696,351,1806,18.659912109375,0.2,16.7975802898407,0.10519780218601227,2055,0.161962890625,0.9443675875663757,0.016049877,-0.013441658078227193,44.77767791748047,0.0001,1811.7945556640625,999.2,,
797,1441792,352,1807,15.436426162719727,0.2,16.79997878074646,0.10518874228000641,2060,0.1791015625,0.9570071697235107,0.017466525,-0.015148474334273488,40.48711581230164,0.0001,1772.074951171875,999.2,,
799,1445888,353,1807,28.401485443115234,0.2,16.80240683555603,0.10519502311944962,2065,0.173583984375,0.9462323784828186,0.016214315,-0.015017825819086283,66.36367530822754,0.0001,1770.1260986328125,999.2,,
801,1449984,354,1808,29.034255981445312,0.2,16.804605197906493,0.10518716275691986,2070,0.133984375,0.9550253748893738,0.013032784,-0.014478483723360113,76.38989505767822,0.0001,1770.1260986328125,999.2,,
803,1454080,355,1809,49.07559585571289,0.2,16.80847897529602,0.10517706722021103,2075,0.116650390625,0.9379587173461914,0.010855341,-0.013963291211985052,112.54012966156006,0.0001,1754.145263671875,999.2,,
805,1458176,356,1809,38.47605895996094,0.2,16.81082954406738,0.10517536103725433,2080,0.10234375,0.947098970413208,0.013044563,-0.012191855686251075,85.199147605896,0.0001,1793.92431640625,999.2,,
807,1462272,357,1810,37.950870513916016,0.2,16.8142840385437,0.10514945536851883,2085,0.12158203125,0.9440720677375793,0.012695255,-0.01310901427641511,106.8574649810791,0.0001,1766.545166015625,991.6,,
809,1466368,358,1811,149.6588592529297,0.2,16.81923589706421,0.10514196753501892,2090,0.0912109375,0.8425549268722534,0.010015942,-0.009949123061960562,318.9327590942383,0.0001,1766.545166015625,991.6,,
811,1470464,359,1811,36.866783142089844,0.2,16.819722175598145,0.10513310879468918,2095,0.1009765625,0.944001317024231,0.012358844,-0.012961774668656289,94.84528350830078,0.0001,1751.197998046875,991.6,,
813,1474560,360,1811,37.51278305053711,0.2,16.821966028213502,0.10513100028038025,2100,0.118701171875,0.9544479846954346,0.011669881,-0.012490249110851438,87.55570201873779,0.0001,1736.67822265625,991.6,,
815,1478656,361,1812,39.43112564086914,0.2,16.82452211380005,0.10511220246553421,2105,0.1107421875,0.936298668384552,0.01262487,-0.014337003964465111,94.79913864135742,0.0001,1735.07373046875,991.6,,
817,1482752,362,1813,37.922122955322266,0.2,16.82657656669617,0.10512799024581909,2110,0.083544921875,0.8981785774230957,0.010700597,-0.01190194907831028,97.18540019989014,0.0001,1735.07373046875,991.6,,
819,1486848,363,1814,29.11528778076172,0.2,16.827801513671876,0.10508585721254349,2115,0.102099609375,0.9334761500358582,0.013260544,-0.01230362092028372,78.47010231018066,0.0001,1729.7379150390625,991.6,,
821,1490944,364,1814,23.800931930541992,0.2,16.835396003723144,0.10507173091173172,2120,0.128955078125,0.9396075010299683,0.013838211,-0.013136552879586816,60.92314653396606,0.0001,1806.4217529296875,991.6,,
823,1495040,365,1814,22.10897445678711,0.2,16.839082098007204,0.10507131367921829,2125,0.1091796875,0.9352440237998962,0.012523789,-0.012385413315496408,62.174599933624265,0.0001,1829.21533203125,991.6,,
825,1499136,366,1815,39.81021499633789,0.2,16.83920111656189,0.105091392993927,2130,0.127734375,0.8443140983581543,0.012680919,-0.012355764111271128,97.01098289489747,0.0001,1829.21533203125,991.6,,
848,1503232,367,1772,34.39803695678711,0.2,16.837762355804443,0.10508940368890762,2135,0.096484375,0.853000819683075,0.0110030025,-0.010895977460313589,91.36056385040283,0.0001,1832.1116943359375,990.0,1500000,2.6647061004196617
850,1507328,368,1772,66.43360137939453,0.2,16.83893747329712,0.10506834834814072,2140,0.08203125,0.8013206124305725,0.011089043,-0.009740097139729186,188.94369945526122,0.0001,1804.6778564453125,990.8,,
852,1511424,369,1773,54.301753997802734,0.2,16.840671968460082,0.1050640195608139,2145,0.06142578125,0.9007208943367004,0.008778051,-0.009907784953247756,149.36324939727783,0.0001,1796.349853515625,990.8,,
854,1515520,370,1774,74.05390930175781,0.2,16.842051887512206,0.10504373908042908,2150,0.059423828125,0.9020823836326599,0.009469958,-0.00794251634797547,172.1281295776367,0.0001,1794.9921875,990.8,,
856,1519616,371,1774,61.632755279541016,0.2,16.845668983459472,0.1050269603729248,2155,0.0818359375,0.9159204959869385,0.010421425,-0.011938574514351786,149.76611347198485,0.0001,1783.6556396484375,990.8,,
858,1523712,372,1774,50.21441650390625,0.2,16.847216844558716,0.10502340644598007,2160,0.076953125,0.9156171679496765,0.011055596,-0.010670755850151181,127.86735305786132,0.0001,1761.3809814453125,990.8,,
860,1527808,373,1775,52.14763641357422,0.2,16.84793128967285,0.10502356290817261,2165,0.089111328125,0.8727418184280396,0.011361895,-0.012268526566913351,131.28944187164308,0.0001,1766.414794921875,990.8,,
862,1531904,374,1776,46.584747314453125,0.2,16.8492431640625,0.10504249483346939,2170,0.11435546875,0.8584460616111755,0.011808073,-0.014355065493145958,130.28702354431152,0.0001,1760.6011962890625,989.7,,
864,1536000,375,1776,49.40689468383789,0.2,16.850314998626708,0.10503251850605011,2175,0.09501953125,0.8489400744438171,0.011862759,-0.012138378364033997,196.34568824768067,0.0001,1780.8358154296875,989.7,,
866,1540096,376,1776,51.514827728271484,0.2,16.852619075775145,0.10500843822956085,2180,0.1201171875,0.9007514715194702,0.013597135,-0.014443227532319724,123.91117439270019,0.0001,1775.6070556640625,989.7,,
868,1544192,377,1777,31.00423812866211,0.2,16.856888389587404,0.10496371984481812,2185,0.115771484375,0.9449886679649353,0.012813408,-0.011607166030444205,74.17726707458496,0.0001,1775.6070556640625,989.7,,
870,1548288,378,1778,31.9329833984375,0.2,16.865425395965577,0.10491742938756943,2190,0.133837890625,0.9525562524795532,0.014045204,-0.013374186726287008,70.6646933555603,0.0001,1764.3782958984375,989.7,,
873,1552384,379,1778,22.704317092895508,0.2,16.874233627319335,0.10481276363134384,2195,0.146435546875,0.9641048312187195,0.014858125,-0.013668743090238421,54.06843538284302,0.0001,1761.8470458984375,989.7,,
875,1556480,380,1778,22.29117202758789,0.2,16.88290548324585,0.10479980707168579,2200,0.192724609375,0.9702406525611877,0.017958345,-0.013934892584802582,51.69703311920166,0.0001,1754.5152587890625,989.7,,
877,1560576,381,1779,44.563232421875,0.2,16.882518768310547,0.10479386895895004,2205,0.126171875,0.890610933303833,0.012126746,-0.010195876174839214,114.3678316116333,0.0001,1754.5152587890625,989.7,,
878,1564672,382,1780,57.413761138916016,0.2,16.886200618743896,0.10477665066719055,2210,0.097607421875,0.8983442187309265,0.011951919,-0.011745027801953255,125.59994392395019,0.0001,1768.0028076171875,989.7,,
881,1568768,383,1780,38.192359924316406,0.2,16.890282440185548,0.10475105792284012,2215,0.097705078125,0.9292144775390625,0.01184403,-0.012746063177473843,88.48679733276367,0.0001,1800.12158203125,997.3,,
883,1572864,384,1780,30.90209197998047,0.2,16.900512981414796,0.1046580895781517,2220,0.12802734375,0.9175752401351929,0.013586696,-0.013175161031540483,72.63005447387695,0.0001,1798.70703125,997.3,,
885,1576960,385,1781,23.849225997924805,0.2,16.91096420288086,0.10461119562387466,2225,0.122509765625,0.8869551420211792,0.013574982,-0.013768582936609163,71.87103605270386,0.0001,1798.70703125,997.3,,
887,1581056,386,1782,17.254940032958984,0.2,16.916496562957764,0.10454199463129044,2230,0.1388671875,0.9272273182868958,0.013360228,-0.012020745972404257,49.61464834213257,0.0001,1785.4971923828125,997.3,,
889,1585152,387,1782,18.242076873779297,0.2,16.922930431365966,0.10458851605653763,2235,0.177099609375,0.9237261414527893,0.018177528,-0.01626580934971571,47.55376901626587,0.0001,1795.114013671875,997.3,,
891,1589248,388,1782,25.395185470581055,0.2,16.92054753303528,0.1045316755771637,2240,0.153759765625,0.9129749536514282,0.013274752,-0.01183556771138683,60.00065402984619,0.0001,1784.22265625,997.3,,
893,1593344,389,1783,54.52949905395508,0.2,16.936214113235472,0.10448390245437622,2245,0.10205078125,0.7731841206550598,0.011164768,-0.009625641710590572,116.79100131988525,0.0001,1784.22265625,997.3,,
895,1597440,390,1784,20.271764755249023,0.2,16.943222188949584,0.10444045066833496,2250,0.1466796875,0.9239212274551392,0.015109961,-0.014260878856293856,50.3385835647583,0.0001,1776.916259765625,997.3,,
897,1601536,391,1784,21.684099197387695,0.2,16.95096626281738,0.10442346334457397,2255,0.13740234375,0.9241232872009277,0.015674314,-0.014780161442467942,55.97429838180542,0.0001,1741.587646484375,998.9,,
899,1605632,392,1784,26.091876983642578,0.2,16.956845998764038,0.10438434779644012,2260,0.138134765625,0.9207955598831177,0.01482424,-0.014021649095229804,66.05236129760742,0.0001,1749.36572265625,998.9,,
901,1609728,393,1785,40.98564147949219,0.2,16.966562366485597,0.10437998920679092,2265,0.1580078125,0.8743424415588379,0.017261917,-0.014246480725705623,92.09503536224365,0.0001,1748.5543212890625,998.9,,
903,1613824,394,1786,40.681541442871094,0.2,16.967917919158936,0.10436220467090607,2270,0.141162109375,0.8759926557540894,0.013449935,-0.014106751908548177,97.0885124206543,0.0001,1750.92529296875,998.9,,
905,1617920,395,1786,49.818660736083984,0.2,16.973333740234374,0.10433045029640198,2275,0.151123046875,0.8836409449577332,0.015915997,-0.015495728235691786,105.62501697540283,0.0001,1749.2333984375,998.9,,
907,1622016,396,1786,51.36376953125,0.2,16.9821316242218,0.10428732633590698,2280,0.140283203125,0.8875972032546997,0.013708148,-0.012691504874965176,114.29585342407226,0.0001,1752.37646484375,998.9,,
909,1626112,397,1787,54.75935745239258,0.2,16.987979459762574,0.10429371893405914,2285,0.09453125,0.8654922246932983,0.010962082,-0.009505398303736002,134.9906970977783,0.0001,1769.130126953125,998.9,,
911,1630208,398,1788,48.160552978515625,0.2,16.9882860660553,0.10428357869386673,2290,0.129296875,0.9026822447776794,0.013057634,-0.013045469851931557,114.247314453125,0.0001,1781.5589599609375,998.9,,
913,1634304,399,1788,35.97357940673828,0.2,16.992061138153076,0.10427004843950272,2295,0.12451171875,0.9341104030609131,0.013735672,-0.013288337865378707,86.14722881317138,0.0001,1787.5341796875,1000.0,,
915,1638400,400,1788,34.424015045166016,0.2,17.001119089126586,0.10419420152902603,2300,0.13037109375,0.9281781315803528,0.013729247,-0.015009899029973895,76.34382991790771,0.0001,1772.1019287109375,1000.0,,
917,1642496,401,1789,16.808265686035156,0.2,17.01352915763855,0.10416501760482788,2305,0.06923828125,0.9303603172302246,0.009233226,-0.008111112081678584,58.84402437210083,0.0001,1758.2261962890625,1000.0,,
919,1646592,402,1790,23.998924255371094,0.2,17.01674461364746,0.10414552688598633,2310,0.080078125,0.9237055778503418,0.012038974,-0.008977615105686709,64.46469106674195,0.0001,1763.3331298828125,1000.0,,
921,1650688,403,1790,19.005022048950195,0.2,17.020731687545776,0.10412272065877914,2315,0.132373046875,0.9535578489303589,0.014060546,-0.011539136758074164,49.10731792449951,0.0001,1801.4130859375,1000.0,,
924,1654784,404,1790,25.969898223876953,0.2,17.02442035675049,0.10410144180059433,2320,0.13203125,0.9281668663024902,0.013580749,-0.013225823541870341,69.43471012115478,0.0001,1796.53564453125,1000.0,,
925,1658880,405,1791,38.39772415161133,0.2,17.028940200805664,0.10408661514520645,2325,0.107763671875,0.8868284225463867,0.012204481,-0.012848899140954018,99.97836723327637,0.0001,1789.6434326171875,1000.0,,
927,1662976,406,1792,45.7744255065918,0.2,17.033233642578125,0.10405872017145157,2330,0.113232421875,0.8735896944999695,0.011458161,-0.013363023789133876,119.54842433929443,0.0001,1789.524658203125,1000.0,,
930,1667072,407,1792,40.15082931518555,0.2,17.038426399230957,0.10403857380151749,2335,0.09853515625,0.8801999688148499,0.01004836,-0.011207818106049672,103.52209777832032,0.0001,1788.8785400390625,1000.0,,
932,1671168,408,1792,42.496673583984375,0.2,17.040498161315917,0.10405105352401733,2340,0.103125,0.8899261355400085,0.012982408,-0.011920853788615205,100.06234626770019,0.0001,1776.4532470703125,1000.0,,
934,1675264,409,1793,28.165485382080078,0.2,17.04198327064514,0.10401838272809982,2345,0.13876953125,0.9371359348297119,0.014562486,-0.013547292398288845,70.37986478805541,0.0001,1763.7918701171875,1000.0,,
936,1679360,410,1793,18.076284408569336,0.2,17.05184769630432,0.1039799228310585,2350,0.144677734375,0.9534605741500854,0.015687775,-0.013927668950054794,53.256380271911624,0.0001,1762.2835693359375,1000.0,,
938,1683456,411,1794,21.458168029785156,0.2,17.05997815132141,0.10395433753728867,2355,0.15322265625,0.9466730356216431,0.015847068,-0.01271245493553579,60.20494737625122,0.0001,1765.0955810546875,1000.0,,
940,1687552,412,1794,25.89610481262207,0.2,17.062775802612304,0.10396790504455566,2360,0.137548828125,0.9543598294258118,0.013362976,-0.011884996664593927,61.54530620574951,0.0001,1757.5198974609375,1000.0,,
942,1691648,413,1795,41.1983757019043,0.2,17.064646100997926,0.1039406880736351,2365,0.114208984375,0.921347975730896,0.010833832,-0.008154560264665633,107.21441993713378,0.0001,1757.1951904296875,1000.0,,
944,1695744,414,1795,40.20134353637695,0.2,17.07076802253723,0.10389629006385803,2370,0.12783203125,0.9404588341712952,0.013422011,-0.01218425357947126,91.31290588378906,0.0001,1771.8955078125,1000.0,,
946,1699840,415,1795,38.16154098510742,0.2,17.07505397796631,0.10385698825120926,2375,0.14755859375,0.947550892829895,0.014712014,-0.013736002263613045,85.47672252655029,0.0001,1795.08935546875,1000.0,,
948,1703936,416,1796,24.438003540039062,0.2,17.081823921203615,0.10380738228559494,2380,0.131494140625,0.8944462537765503,0.012390237,-0.012717298872303218,61.38624963760376,0.0001,1795.08935546875,1000.0,,
950,1708032,417,1797,16.01421356201172,0.2,17.08904366493225,0.10376470535993576,2385,0.162841796875,0.9124681353569031,0.015966404,-0.013872383954003453,44.13150196075439,0.0001,1796.290283203125,1000.0,,
952,1712128,418,1797,19.078800201416016,0.2,17.095251941680907,0.10374747961759567,2390,0.13251953125,0.8736248016357422,0.012518635,-0.011826880590524525,61.088894081115725,0.0001,1811.6143798828125,1000.0,,
954,1716224,419,1797,14.193303108215332,0.2,17.101351070404053,0.10371118783950806,2395,0.128515625,0.9040701389312744,0.015386945,-0.014166300848592073,44.45151128768921,0.0001,1816.418701171875,1000.0,,
956,1720320,420,1798,36.794803619384766,0.2,17.105787754058838,0.1036839708685875,2400,0.115576171875,0.8729108572006226,0.013166537,-0.011898319970350712,94.66027374267578,0.0001,1816.418701171875,1000.0,,
958,1724416,421,1799,32.41742706298828,0.2,17.10910544395447,0.10366058349609375,2405,0.117138671875,0.9318363070487976,0.012605146,-0.013223544484935701,83.81169757843017,0.0001,1811.56689453125,1000.0,,
960,1728512,422,1799,34.80441665649414,0.2,17.11257667541504,0.10364016145467758,2410,0.100390625,0.9415565133094788,0.0128105795,-0.010022847243817523,91.14556522369385,0.0001,1857.9569091796875,1000.0,,
962,1732608,423,1799,35.044921875,0.2,17.11683020591736,0.10359471291303635,2415,0.090673828125,0.9502416253089905,0.010377249,-0.01119668937753886,88.79807777404785,0.0001,1874.5860595703125,1000.0,,
964,1736704,424,1800,31.941612243652344,0.2,17.124972105026245,0.10355216264724731,2420,0.100341796875,0.9595385789871216,0.011949567,-0.011479776806663722,80.45209007263183,0.0001,1874.5860595703125,1000.0,,
966,1740800,425,1800,28.483205795288086,0.2,17.12953805923462,0.10351727157831192,2425,0.12666015625,0.9540537595748901,0.014437934,-0.011536688171327114,68.30780515670776,0.0001,1859.103271484375,1000.0,,
968,1744896,426,1800,21.057052612304688,0.2,17.130279207229613,0.1035253256559372,2430,0.13525390625,0.958699107170105,0.013369184,-0.01100979798939079,55.50895671844482,0.0001,1878.119873046875,1000.0,,
971,1748992,427,1801,25.408781051635742,0.2,17.127603816986085,0.10358692705631256,2435,0.1576171875,0.9528529047966003,0.015616827,-0.013864584569819271,66.28768272399903,0.0001,1876.282958984375,1000.0,,
993,1753088,428,1765,45.29426574707031,0.2,17.125395584106446,0.10356572270393372,2440,0.114013671875,0.8925337195396423,0.011015965,-0.012671376531943678,112.37100811004639,0.0001,1876.282958984375,1000.0,1500000,2.6007021270696966
994,1757184,429,1766,27.416427612304688,0.2,17.135063457489014,0.10351643711328506,2445,0.100341796875,0.9445331692695618,0.010513168,-0.01136440240079537,70.85295810699463,0.0001,1869.35205078125,1000.0,,
997,1761280,430,1766,23.326807022094727,0.2,17.14358744621277,0.10350759327411652,2450,0.126025390625,0.9557458162307739,0.01503275,-0.014791242231149226,63.368924903869626,0.0001,1928.0048828125,1000.0,,
999,1765376,431,1766,18.06012725830078,0.2,17.144162797927855,0.10350250452756882,2455,0.203564453125,0.9633493423461914,0.01904821,-0.017121188883902506,42.657458019256595,0.0001,1922.4267578125,1000.0,,
1001,1769472,432,1767,31.972867965698242,0.2,17.14666132926941,0.10346578806638718,2460,0.146142578125,0.9110231399536133,0.012229183,-0.009467753570061178,79.76846342086792,0.0001,1922.4267578125,1000.0,,
1003,1773568,433,1767,13.94653034210205,0.2,17.154436683654787,0.10340303927659988,2465,0.157666015625,0.9550211429595947,0.017509162,-0.013143317762296648,38.868892669677734,0.0001,1926.307373046875,1000.0,,
1005,1777664,434,1768,14.970409393310547,0.2,17.163954877853392,0.10337216407060623,2470,0.18994140625,0.9616585969924927,0.017874159,-0.011980193969793617,38.21741542816162,0.0001,1961.1058349609375,1000.0,,
1007,1781760,435,1768,17.26874351501465,0.2,17.16487874984741,0.10342273861169815,2475,0.16337890625,0.9629422426223755,0.015872981,-0.010728450515307486,44.27128081321716,0.0001,1963.8394775390625,1000.0,,
1009,1785856,436,1769,48.08546447753906,0.2,17.155813550949098,0.10344719886779785,2480,0.17275390625,0.925029456615448,0.013533663,-0.009819417085964233,112.06483306884766,0.0001,1954.1405029296875,1000.0,,
1011,1789952,437,1769,59.057403564453125,0.2,17.154911613464357,0.10343507677316666,2485,0.073828125,0.8719544410705566,0.008338722,-0.009870327776297927,172.03562698364257,0.0001,1964.5106201171875,1000.0,,
1013,1794048,438,1769,60.51353073120117,0.2,17.157200622558594,0.10344414412975311,2490,0.140283203125,0.8804826140403748,0.015003853,-0.012358409524313173,139.92472171783447,0.0001,1939.989501953125,1000.0,,
1015,1798144,439,1770,71.31427764892578,0.2,17.157759523391725,0.10345376282930374,2495,0.113720703125,0.8620696067810059,0.01288331,-0.011771630647126585,155.46057624816893,0.0001,1919.3765869140625,1000.0,,
1017,1802240,440,1770,49.29520034790039,0.2,17.15750026702881,0.10345053672790527,2500,0.08740234375,0.8612903356552124,0.011260347,-0.011853388627059758,122.20637550354004,0.0001,1919.151123046875,1000.0,,
1019,1806336,441,1771,37.99371337890625,0.2,17.1581223487854,0.10344865173101425,2505,0.127734375,0.9050365686416626,0.012492101,-0.014074089424684643,94.60517883300781,0.0001,1921.0726318359375,1000.0,,
1021,1810432,442,1771,23.686838150024414,0.2,17.158695459365845,0.10346827656030655,2510,0.166064453125,0.9454255104064941,0.015574757,-0.015658785507548602,63.070441818237306,0.0001,1926.474365234375,1000.0,,
1024,1814528,443,1771,31.390621185302734,0.2,17.15910005569458,0.10346557945013046,2515,0.162451171875,0.9487698078155518,0.015303245,-0.013201199879404157,68.78505926132202,0.0001,1921.2080078125,1000.0,,
1025,1818624,444,1772,26.02967643737793,0.2,17.161774682998658,0.10343343019485474,2520,0.1357421875,0.9665412902832031,0.0142899975,-0.0110635980614461,60.75517015457153,0.0001,1911.7734375,1000.0,,
1027,1822720,445,1773,29.797639846801758,0.2,17.164304351806642,0.10342854261398315,2525,0.121728515625,0.9564716219902039,0.014541513,-0.011101045097166206,80.33895759582519,0.0001,1909.7012939453125,1000.0,,
1030,1826816,446,1773,19.308460235595703,0.2,17.16651816368103,0.10340210050344467,2530,0.13388671875,0.9722767472267151,0.0138735175,-0.012188506103120745,52.67370185852051,0.0001,1896.70166015625,1000.0,,
1032,1830912,447,1773,28.060543060302734,0.2,17.172429609298707,0.10340380668640137,2535,0.154931640625,0.9578816890716553,0.014450533,-0.014361942850518972,73.91835031509399,0.0001,1904.344482421875,1000.0,,
1034,1835008,448,1774,23.83233070373535,0.2,17.175755405426024,0.10337670147418976,2540,0.1291015625,0.9497366547584534,0.013008315,-0.012745306751457974,66.2632625579834,0.0001,1889.5548095703125,1000.0,,
1036,1839104,449,1774,34.52975082397461,0.2,17.17999839782715,0.1033841222524643,2545,0.131689453125,0.9405360221862793,0.015211429,-0.0103529472486116,83.93215808868408,0.0001,1890.27099609375,1000.0,,
1038,1843200,450,1775,30.994056701660156,0.2,17.17992057800293,0.1033741757273674,2550,0.1388671875,0.9269622564315796,0.015683608,-0.013606490870006382,84.1149673461914,0.0001,1876.6363525390625,1000.0,,
1040,1847296,451,1775,41.62153625488281,0.2,17.185990953445433,0.10337390005588531,2555,0.111572265625,0.9285540580749512,0.01222628,-0.010709843866061419,115.08512287139892,0.0001,1876.2364501953125,1000.0,,
1042,1851392,452,1775,32.54563522338867,0.2,17.189864301681517,0.10333806276321411,2560,0.13642578125,0.9511262774467468,0.013199083,-0.014439020922873169,80.86809883117675,0.0001,1861.76806640625,1000.0,,
1044,1855488,453,1776,32.81521987915039,0.2,17.198656225204466,0.10326484590768814,2565,0.088671875,0.9568197131156921,0.012535656,-0.010144450736697763,74.60673151016235,0.0001,1859.7845458984375,1000.0,,
1046,1859584,454,1776,45.99527359008789,0.2,17.208916902542114,0.10324720293283463,2570,0.0966796875,0.951261579990387,0.011855288,-0.011469627846963704,101.3329252243042,0.0001,1842.9844970703125,1000.0,,
1048,1863680,455,1776,45.170806884765625,0.2,17.209841442108154,0.10323768854141235,2575,0.095947265625,0.8989271521568298,0.010409055,-0.011689888400724158,96.98539524078369,0.0001,1831.36669921875,1000.0,,
1050,1867776,456,1777,34.37353515625,0.2,17.21186590194702,0.1032191812992096,2580,0.077294921875,0.8996033072471619,0.01006124,-0.010004686180036516,86.97219638824463,0.0001,1823.8590087890625,1000.0,,
1053,1871872,457,1777,23.689233779907227,0.2,17.21290044784546,0.10321608185768127,2585,0.086474609375,0.9212695956230164,0.012062566,-0.010121349152177573,62.814621925354004,0.0001,1832.2384033203125,1000.0,,
1055,1875968,458,1777,17.262937545776367,0.2,17.214807653427123,0.10320141911506653,2590,0.089208984375,0.934157133102417,0.010389123,-0.010759133874671534,53.20309591293335,0.0001,1839.7108154296875,1000.0,,
1057,1880064,459,1778,28.347700119018555,0.2,17.217759990692137,0.10316458344459534,2595,0.136962890625,0.8968236446380615,0.013288844,-0.01322328466339968,68.89829092025757,0.0001,1839.7108154296875,1000.0,,
1059,1884160,460,1778,27.394468307495117,0.2,17.221726512908937,0.10315108299255371,2600,0.168115234375,0.9281392097473145,0.017237853,-0.013825757778249681,67.300772190094,0.0001,1834.27392578125,1000.0,,
1061,1888256,461,1778,29.11697006225586,0.2,17.221454000473024,0.10316158086061478,2605,0.18193359375,0.9358969330787659,0.015694834,-0.013233290013158695,74.89433393478393,0.0001,1845.837158203125,1000.0,,
1063,1892352,462,1779,28.078824996948242,0.2,17.215468549728392,0.10317569971084595,2610,0.15595703125,0.933609664440155,0.014664212,-0.013277131709037349,76.65895128250122,0.0001,1817.18310546875,1000.0,,
1065,1896448,463,1779,29.87294578552246,0.2,17.21485319137573,0.10315628349781036,2615,0.153369140625,0.9492153525352478,0.014735455,-0.012955929822055623,73.66139373779296,0.0001,1817.18310546875,1000.0,,
1067,1900544,464,1780,33.524906158447266,0.2,17.218051385879516,0.10313786566257477,2620,0.14384765625,0.9409792423248291,0.013068929,-0.012482399155851453,82.44688873291015,0.0001,1801.2779541015625,1000.0,,
1069,1904640,465,1780,23.370840072631836,0.2,17.224979591369628,0.10306984186172485,2625,0.130126953125,0.9621507525444031,0.0124959145,-0.012848796241451054,61.09671897888184,0.0001,1832.337158203125,1000.0,,
1071,1908736,466,1780,27.52338409423828,0.2,17.238835668563844,0.10299596190452576,2630,0.149853515625,0.9684484004974365,0.014228837,-0.014586337888613344,56.823459434509275,0.0001,1840.5595703125,1000.0,,
1073,1912832,467,1781,20.59729766845703,0.2,17.246728038787843,0.10300419479608536,2635,0.100634765625,0.9393987655639648,0.011470598,-0.010293998010456561,75.27630319595337,0.0001,1840.5595703125,1000.0,,
1075,1916928,468,1782,99.55086517333984,0.2,17.243006944656372,0.103005051612854,2640,0.11962890625,0.8534574508666992,0.012804121,-0.012563045648857952,209.51195182800294,0.0001,1827.3404541015625,1000.0,,
1077,1921024,469,1782,84.18940734863281,0.2,17.241161394119263,0.10303478688001633,2645,0.132421875,0.8541986346244812,0.012902826,-0.01292015324725071,178.01784858703613,0.0001,1831.828857421875,1000.0,,
1080,1925120,470,1782,39.509952545166016,0.2,17.239079999923707,0.10300057381391525,2650,0.154541015625,0.9153321385383606,0.015506718,-0.015398986486252398,95.48674049377442,0.0001,1811.72705078125,1000.0,,
1081,1929216,471,1783,42.83317947387695,0.2,17.244710683822632,0.1029820591211319,2655,0.1142578125,0.9206418991088867,0.012894162,-0.01255248473607935,105.78376502990723,0.0001,1811.72705078125,1000.0,,
1083,1933312,472,1783,30.54399299621582,0.2,17.246778440475463,0.10294871777296066,2660,0.113916015625,0.9410577416419983,0.013027266,-0.012398461683187634,75.28971004486084,0.0001,1809.7264404296875,1000.0,,
1086,1937408,473,1783,35.49394989013672,0.2,17.252868843078613,0.10291536897420883,2665,0.114453125,0.930962860584259,0.012086604,-0.013506118732038885,93.157839012146,0.0001,1832.621826171875,1000.0,,
1088,1941504,474,1784,37.74541091918945,0.2,17.257495069503783,0.10289742797613144,2670,0.10146484375,0.9277897477149963,0.0131111555,-0.011677197215612977,91.17730140686035,0.0001,1811.19970703125,1000.0,,
1090,1945600,475,1784,101.887451171875,0.2,17.26184501647949,0.1028749942779541,2675,0.1080078125,0.7833836674690247,0.012420581,-0.010733273037476464,212.3271942138672,0.0001,1805.0999755859375,1000.0,,
1092,1949696,476,1785,95.52916717529297,0.2,17.264662122726442,0.10286898910999298,2680,0.12041015625,0.8117976188659668,0.013869856,-0.014875212998595089,195.78583526611328,0.0001,1814.8778076171875,1000.0,,
1094,1953792,477,1785,90.43368530273438,0.2,17.26196599006653,0.10287771373987198,2685,0.09892578125,0.8393172025680542,0.012498667,-0.012663286237511784,213.39427337646484,0.0001,1803.5194091796875,1000.0,,
1096,1957888,478,1785,59.399898529052734,0.2,17.260203266143797,0.10289042443037033,2690,0.13173828125,0.9037413001060486,0.014266921,-0.013097086304333061,129.0237949371338,0.0001,1803.705810546875,1000.0,,
1098,1961984,479,1786,50.24475860595703,0.2,17.257736253738404,0.10291891545057297,2695,0.145263671875,0.8867176175117493,0.015489021,-0.013324124086648226,136.1845901489258,0.0001,1809.37548828125,1000.0,,
1100,1966080,480,1786,22.08510971069336,0.2,17.25618257522583,0.10292298346757889,2700,0.114306640625,0.9640282988548279,0.013973826,-0.012655102933058516,60.50171556472778,0.0001,1797.1090087890625,1000.0,,
1102,1970176,481,1787,23.417131423950195,0.2,17.25885977745056,0.1028846800327301,2705,0.12099609375,0.9710109829902649,0.013626797,-0.010883468354586512,67.17559223175049,0.0001,1830.81787109375,1000.0,,
1104,1974272,482,1787,30.35268783569336,0.2,17.267730236053467,0.10282231867313385,2710,0.14375,0.9445479512214661,0.014637287,-0.014199212688254192,86.62605266571045,0.0001,1823.690673828125,1000.0,,
1106,1978368,483,1788,35.68393325805664,0.2,17.27422595024109,0.10279705375432968,2715,0.095458984375,0.884907066822052,0.01170957,-0.008480896765831858,92.20166988372803,0.0001,1816.8717041015625,1000.0,,
1108,1982464,484,1788,43.73991775512695,0.2,17.273007917404176,0.10282345861196518,2720,0.094921875,0.8663924336433411,0.011140855,-0.011297770187957213,107.19278831481934,0.0001,1821.32470703125,1000.0,,
1110,1986560,485,1788,37.90793991088867,0.2,17.269090509414674,0.10282355546951294,2725,0.127587890625,0.9014957547187805,0.012225175,-0.012136187456781045,99.17087574005127,0.0001,1835.46337890625,1000.0,,
1112,1990656,486,1789,32.62212371826172,0.2,17.272852754592897,0.10279025882482529,2730,0.132666015625,0.9197132587432861,0.013657495,-0.014607320044888183,81.4696590423584,0.0001,1832.56640625,1000.0,,
1114,1994752,487,1789,25.464799880981445,0.2,17.276115131378173,0.10278157889842987,2735,0.11689453125,0.9532161355018616,0.013319363,-0.011341877491213381,67.6975492477417,0.0001,1816.1768798828125,1000.0,,
1116,1998848,488,1790,20.672420501708984,0.2,17.273989486694337,0.1027790904045105,2740,0.1224609375,0.9513671398162842,0.012566262,-0.013872383674606682,61.783019638061525,0.0001,1816.62158203125,1000.0,,
1139,2002944,489,1758,19.07310676574707,0.2,17.27553286552429,0.10277553647756577,2745,0.14306640625,0.9651369452476501,0.017053228,-0.014499742473708466,54.322279167175296,0.0001,1842.67529296875,1000.0,1500000,2.6156306362120976
1141,2007040,490,1758,30.880327224731445,0.2,17.279880952835082,0.10276548564434052,2750,0.1423828125,0.9358934760093689,0.013798337,-0.014126301289070397,80.35748929977417,0.0001,1833.3416748046875,1000.0,,
1143,2011136,491,1758,28.97938346862793,0.2,17.281910705566407,0.10278205573558807,2755,0.126611328125,0.9248487949371338,0.013999677,-0.012512581347255036,77.45034971237183,0.0001,1824.338134765625,1000.0,,
1145,2015232,492,1759,44.53362274169922,0.2,17.28006386756897,0.10277721285820007,2760,0.12802734375,0.9027722477912903,0.012998406,-0.01332772821187973,116.08133125305176,0.0001,1812.396728515625,1000.0,,
1147,2019328,493,1759,34.11759567260742,0.2,17.284429407119752,0.10275778919458389,2765,0.147509765625,0.9327006936073303,0.015351308,-0.01342102798516862,83.18803176879882,0.0001,1815.090576171875,1000.0,,
1149,2023424,494,1760,31.30200958251953,0.2,17.292227029800415,0.10271044820547104,2770,0.141455078125,0.9568621516227722,0.013699967,-0.011905222438508644,79.69183959960938,0.0001,1813.947021484375,1000.0,,
1151,2027520,495,1760,25.542226791381836,0.2,17.29662322998047,0.10266664624214172,2775,0.11533203125,0.9644604325294495,0.014206028,-0.009506215684814379,70.33753480911255,0.0001,1815.7347412109375,1000.0,,
1153,2031616,496,1760,26.32514762878418,0.2,17.301061344146728,0.10262817144393921,2780,0.13193359375,0.9523410201072693,0.012865555,-0.011374144302681088,77.65085229873657,0.0001,1812.4215087890625,1000.0,,
1155,2035712,497,1761,21.00697135925293,0.2,17.307826471328735,0.10256404429674149,2785,0.1435546875,0.9695479273796082,0.014127165,-0.011709884193260222,52.97059564590454,0.0001,1822.35693359375,1000.0,,
1157,2039808,498,1761,28.053884506225586,0.2,17.315006303787232,0.10252393782138824,2790,0.15888671875,0.9523085355758667,0.013805443,-0.012538784233038313,73.92436504364014,0.0001,1816.8798828125,1000.0,,
1159,2043904,499,1762,47.822105407714844,0.2,17.318418073654176,0.10253304243087769,2795,0.091552734375,0.9127631187438965,0.009077354,-0.007539158372674137,122.80454139709472,0.0001,1820.2225341796875,1000.0,,
1162,2048000,500,1762,46.89423370361328,0.2,17.317875385284424,0.10252464562654495,2800,0.107958984375,0.934019923210144,0.01468206,-0.012300191703252495,107.64333820343018,0.0001,1883.7255859375,1000.0,,
1164,2052096,501,1762,31.428197860717773,0.2,17.32105956077576,0.10253500938415527,2805,0.134423828125,0.9582834243774414,0.013001775,-0.012034124182537197,75.28460483551025,0.0001,1878.4375,1000.0,,
1165,2056192,502,1763,27.86741828918457,0.2,17.317691230773924,0.10254564136266708,2810,0.1271484375,0.9492581486701965,0.013242307,-0.011228366644354537,67.01692409515381,0.0001,1878.4375,1000.0,,
1167,2060288,503,1764,31.51805305480957,0.2,17.318822860717773,0.10255011916160583,2815,0.17353515625,0.9544737339019775,0.01639884,-0.012622694933088496,63.134705543518066,0.0001,1872.4788818359375,1000.0,,
1170,2064384,504,1764,28.072568893432617,0.2,17.322127771377563,0.10255595296621323,2820,0.135693359375,0.9581282734870911,0.015088268,-0.01348319383105263,68.6914291381836,0.0001,1867.736083984375,1000.0,,
1172,2068480,505,1764,23.281190872192383,0.2,17.32536177635193,0.10250215977430344,2825,0.13095703125,0.9614819288253784,0.013526518,-0.01467469788622111,64.30334167480468,0.0001,1860.4173583984375,1000.0,,
1174,2072576,506,1765,45.08218002319336,0.2,17.32975277900696,0.10249776393175125,2830,0.162939453125,0.9310802221298218,0.014852077,-0.01448706757510081,108.23719139099121,0.0001,1860.4173583984375,1000.0,,
1176,2076672,507,1765,31.887393951416016,0.2,17.330862283706665,0.10247240960597992,2835,0.1181640625,0.9560702443122864,0.013455211,-0.01333125982200727,87.11497011184693,0.0001,1842.3460693359375,1000.0,,
1178,2080768,508,1765,30.131391525268555,0.2,17.33507776260376,0.1024492159485817,2840,0.118505859375,0.9592215418815613,0.015306269,-0.011875780089758337,79.48288192749024,0.0001,1845.60693359375,1000.0,,
1180,2084864,509,1765,37.88780212402344,0.2,17.339213943481447,0.10244343429803848,2845,0.159423828125,0.9596081972122192,0.016654432,-0.01546011520549655,77.74842586517335,0.0001,1865.49169921875,1000.0,,
1182,2088960,510,1766,46.1233024597168,0.2,17.341465950012207,0.10242459923028946,2850,0.10615234375,0.9235551953315735,0.012614286,-0.012309172132518142,131.64464569091797,0.0001,1865.49169921875,1000.0,,
1184,2093056,511,1767,43.21844482421875,0.2,17.343872547149658,0.10241442918777466,2855,0.09267578125,0.9312886595726013,0.010805905,-0.011678320670034737,121.47158508300781,0.0001,1860.688720703125,1000.0,,
1186,2097152,512,1767,45.99675369262695,0.2,17.3458212852478,0.1024031713604927,2860,0.095556640625,0.9346046447753906,0.011046685,-0.012465668120421469,126.90762004852294,0.0001,1871.31201171875,1000.0,,
1188,2101248,513,1767,35.01022720336914,0.2,17.34805359840393,0.1023847833275795,2865,0.142724609375,0.9555209875106812,0.014516895,-0.01260292669176124,87.84606189727783,0.0001,1846.0045166015625,1000.0,,
1190,2105344,514,1768,36.321353912353516,0.2,17.35331735610962,0.1023445576429367,2870,0.109521484375,0.9375805258750916,0.011451245,-0.011096456681843846,90.37219295501708,0.0001,1846.0045166015625,1000.0,,
1192,2109440,515,1768,38.794769287109375,0.2,17.35825138092041,0.10233037173748016,2875,0.140478515625,0.9258286952972412,0.014738097,-0.01373569761053659,89.20802478790283,0.0001,1823.2509765625,1000.0,,
1194,2113536,516,1768,20.854331970214844,0.2,17.361442375183106,0.10231614112854004,2880,0.12724609375,0.9429705142974854,0.014057248,-0.012972114025615156,55.57075386047363,0.0001,1853.0096435546875,1000.0,,
1196,2117632,517,1769,23.23957061767578,0.2,17.367385149002075,0.10226950794458389,2885,0.14189453125,0.9522548913955688,0.014023825,-0.011809989064931869,58.205226039886476,0.0001,1847.3070068359375,1000.0,,
1198,2121728,518,1769,50.16963195800781,0.2,17.377844285964965,0.10221633315086365,2890,0.14404296875,0.9169923663139343,0.013053436,-0.012696058859000913,112.65660572052002,0.0001,1847.3013916015625,1000.0,,
1200,2125824,519,1770,45.53132247924805,0.2,17.38724818229675,0.10218553990125656,2895,0.098046875,0.9217104911804199,0.011397482,-0.01123155999230221,120.7761344909668,0.0001,1850.4315185546875,1000.0,,
1203,2129920,520,1770,30.167509078979492,0.2,17.39462466239929,0.1021464541554451,2900,0.159375,0.9532848596572876,0.017097242,-0.015101036871783435,70.02385387420654,0.0001,1862.5081787109375,1000.0,,
1205,2134016,521,1770,33.32260513305664,0.2,17.401461458206178,0.102114737033844,2905,0.096630859375,0.9354989528656006,0.010630008,-0.011181937844958157,88.93837203979493,0.0001,1871.74462890625,1000.0,,
1207,2138112,522,1771,37.79212188720703,0.2,17.40457887649536,0.10210736095905304,2910,0.0970703125,0.9417393803596497,0.012589388,-0.01126791865681298,91.60219345092773,0.0001,1870.87548828125,1000.0,,
1208,2142208,523,1771,42.58705139160156,0.2,17.403898429870605,0.10210566967725754,2915,0.096826171875,0.9426574110984802,0.011792518,-0.010730618721572683,93.18828430175782,0.0001,1863.35986328125,1000.0,,
1211,2146304,524,1772,42.56521224975586,0.2,17.40222010612488,0.10212652385234833,2920,0.110888671875,0.9385780096054077,0.01188015,-0.01158133747521788,104.67816619873047,0.0001,1852.8458251953125,1000.0,,
1213,2150400,525,1772,35.34822082519531,0.2,17.396955299377442,0.1021428108215332,2925,0.131201171875,0.9598414301872253,0.014303339,-0.014173594256862997,87.90460548400878,0.0001,1855.58837890625,1000.0,,
1215,2154496,526,1772,20.636207580566406,0.2,17.39913663864136,0.10209387540817261,2930,0.15166015625,0.9655884504318237,0.013049781,-0.0139154621923808,70.01611566543579,0.0001,1854.5758056640625,1000.0,,
1217,2158592,527,1773,15.822148323059082,0.2,17.410857105255126,0.10209403187036514,2935,0.158154296875,0.9805346131324768,0.017275034,-0.011010355345206335,45.348820781707765,0.0001,1851.9447021484375,1000.0,,
1219,2162688,528,1773,22.91783905029297,0.2,17.412609148025513,0.1020413264632225,2940,0.206201171875,0.9703869223594666,0.01678671,-0.01494114741217345,61.95717182159424,0.0001,1880.576416015625,1000.0,,
1221,2166784,529,1773,34.908050537109375,0.2,17.417292308807372,0.10200709849596024,2945,0.1072265625,0.9555747509002686,0.012717018,-0.010239476460264995,83.77181577682495,0.0001,1875.327392578125,1000.0,,
1223,2170880,530,1774,39.444114685058594,0.2,17.42105951309204,0.10198261588811874,2950,0.109423828125,0.9315618276596069,0.014841802,-0.010882360383402557,107.81426239013672,0.0001,1873.84716796875,1000.0,,
1225,2174976,531,1775,46.68714141845703,0.2,17.425321292877197,0.10197493433952332,2955,0.1009765625,0.931205689907074,0.012426122,-0.010759293904993684,116.30755271911622,0.0001,1855.9876708984375,1000.0,,
1227,2179072,532,1775,28.914175033569336,0.2,17.428387212753297,0.1019711121916771,2960,0.14541015625,0.9606946110725403,0.014950504,-0.01417496519861743,76.0522027015686,0.0001,1914.12451171875,1000.0,,
1229,2183168,533,1775,31.92671775817871,0.2,17.426692533493043,0.10200062394142151,2965,0.157080078125,0.9624038338661194,0.015599888,-0.013048701058141886,62.14201259613037,0.0001,1909.05419921875,1000.0,,
1231,2187264,534,1775,36.646278381347656,0.2,17.42659549713135,0.10198909789323807,2970,0.120703125,0.9409450888633728,0.011223259,-0.011291603208519518,85.42103118896485,0.0001,1901.045654296875,1000.0,,
1233,2191360,535,1776,42.240516662597656,0.2,17.43070273399353,0.10198182612657547,2975,0.134521484375,0.9486411809921265,0.014921164,-0.01254160653334111,98.5206205368042,0.0001,1884.037841796875,1000.0,,
1235,2195456,536,1776,28.910329818725586,0.2,17.430953979492188,0.10197127610445023,2980,0.1228515625,0.9577264785766602,0.013301985,-0.011885643360437825,82.24579067230225,0.0001,1918.27587890625,1000.0,,
1237,2199552,537,1776,59.72279739379883,0.2,17.432871341705322,0.10197470337152481,2985,0.11953125,0.9064972996711731,0.012825475,-0.013449132739333436,147.480930519104,0.0001,1905.16552734375,1000.0,,
1239,2203648,538,1777,65.94676208496094,0.2,17.434674119949342,0.10195686668157578,2990,0.109716796875,0.8850220441818237,0.011419398,-0.011815477046184242,180.09395866394044,0.0001,1900.9730224609375,1000.0,,
1241,2207744,539,1777,57.957340240478516,0.2,17.437261390686036,0.10196996480226517,2995,0.099169921875,0.9114798307418823,0.0109637175,-0.010875105208833702,146.0716733932495,0.0001,1911.63818359375,1000.0,,
1244,2211840,540,1777,41.069313049316406,0.2,17.437492179870606,0.10195325314998627,3000,0.137744140625,0.9279549717903137,0.012977253,-0.014055898872902617,116.3126148223877,0.0001,1891.6417236328125,1000.0,,
1246,2215936,541,1778,71.31132507324219,0.2,17.441438055038454,0.10193652659654617,3005,0.098974609375,0.9211512207984924,0.010573858,-0.010186327307019382,177.4491813659668,0.0001,1891.6417236328125,1000.0,,
1248,2220032,542,1778,51.72654724121094,0.2,17.44314250946045,0.10194418579339981,3010,0.108203125,0.9436230063438416,0.011482842,-0.012548338662600144,130.39892959594727,0.0001,1878.0614013671875,1000.0,,
1250,2224128,543,1778,34.778587341308594,0.2,17.44431343078613,0.10193343460559845,3015,0.147021484375,0.9566791653633118,0.012735905,-0.015129052859265357,85.53345031738282,0.0001,1889.737548828125,1000.0,,
1252,2228224,544,1778,23.749544143676758,0.2,17.444925355911256,0.10195305198431015,3020,0.136328125,0.9642561674118042,0.013738688,-0.014333529374562204,62.11359262466431,0.0001,1882.0128173828125,1000.0,,
1254,2232320,545,1779,36.567176818847656,0.2,17.445609521865844,0.10192564129829407,3025,0.134375,0.9285944700241089,0.012990072,-0.012658605474280193,99.14713115692139,0.0001,1882.0128173828125,1000.0,,
1256,2236416,546,1780,37.58989715576172,0.2,17.452238035202026,0.10189396888017654,3030,0.121875,0.9215059876441956,0.0154517125,-0.012437082384712994,94.09635620117187,0.0001,1871.35205078125,1000.0,,
1258,2240512,547,1780,31.281150817871094,0.2,17.45596694946289,0.10189057886600494,3035,0.138525390625,0.9506832957267761,0.015235839,-0.013506848749238997,69.78904552459717,0.0001,1895.3731689453125,1000.0,,
1260,2244608,548,1780,28.93692970275879,0.2,17.458567953109743,0.10187766700983047,3040,0.1390625,0.9409716725349426,0.013270695,-0.014384742837864905,74.5574794769287,0.0001,1884.1746826171875,1000.0,,
1262,2248704,549,1781,20.947803497314453,0.2,17.463275480270386,0.10188812762498856,3045,0.119482421875,0.9315869212150574,0.011722679,-0.011682618779013864,70.19957981109619,0.0001,1884.1746826171875,1000.0,,
1284,2252800,550,1753,20.6221866607666,0.2,17.46183314323425,0.10189288854598999,3050,0.132421875,0.940775990486145,0.013757253,-0.014286742854164914,53.75111103057861,0.0001,1849.553466796875,995.28,1500000,2.612174827469266
1287,2256896,551,1753,52.2477912902832,0.2,17.46029257774353,0.10189454257488251,3055,0.14052734375,0.9105074405670166,0.016689975,-0.012745984934736044,106.32447023391724,0.0001,1859.5140380859375,995.28,,
1289,2260992,552,1753,17.897722244262695,0.2,17.458363676071166,0.10192129760980606,3060,0.14423828125,0.9383373260498047,0.0167228,-0.014332362078130245,52.83912696838379,0.0001,1860.34716796875,995.28,,
1291,2265088,553,1754,23.34145164489746,0.2,17.452784395217897,0.10197564959526062,3065,0.173681640625,0.925582766532898,0.016830215,-0.010201201547170058,60.8781078338623,0.0001,1856.2427978515625,994.86,,
1293,2269184,554,1754,59.044036865234375,0.2,17.446783018112182,0.10200230777263641,3070,0.171337890625,0.8890452980995178,0.018336315,-0.009731094969902187,119.54321174621582,0.0001,1860.3927001953125,994.86,,
1295,2273280,555,1754,15.36751937866211,0.2,17.450192737579346,0.1019408106803894,3075,0.174072265625,0.9622446894645691,0.018577013,-0.012884122354444116,39.334641218185425,0.0001,1858.525146484375,994.86,,
1297,2277376,556,1755,25.804420471191406,0.2,17.46246781349182,0.10189806669950485,3080,0.17861328125,0.9378899931907654,0.016353024,-0.013447599770734087,58.944410705566405,0.0001,1860.72705078125,994.86,,
1299,2281472,557,1755,31.279422760009766,0.2,17.469670867919923,0.10188765078783035,3085,0.116357421875,0.8886525630950928,0.0118298195,-0.010860142100136727,88.5767993927002,0.0001,1847.578125,994.86,,
1301,2285568,558,1755,41.49193572998047,0.2,17.46876940727234,0.10189235210418701,3090,0.12890625,0.9118264317512512,0.011444601,-0.013717824360355735,92.71740741729737,0.0001,1853.234375,994.86,,
1303,2289664,559,1756,37.949703216552734,0.2,17.464881420135498,0.1019352450966835,3095,0.120556640625,0.9299775958061218,0.011889493,-0.01337458283524029,89.77446308135987,0.0001,1812.6690673828125,994.86,,
1305,2293760,560,1756,33.714351654052734,0.2,17.460773944854736,0.10190002620220184,3100,0.13759765625,0.9364959597587585,0.012893509,-0.013807115150848403,79.60543031692505,0.0001,1803.47705078125,994.86,,
1307,2297856,561,1757,49.14103317260742,0.2,17.464088487625123,0.10188258439302444,3105,0.145263671875,0.9057811498641968,0.013544483,-0.012955542892450466,107.56835250854492,0.0001,1793.2523193359375,994.86,,
1309,2301952,562,1757,40.05518341064453,0.2,17.464874601364137,0.10185717046260834,3110,0.173583984375,0.9174188375473022,0.015866576,-0.013353127404116094,107.50735702514649,0.0001,1789.811767578125,994.86,,
1311,2306048,563,1757,36.1333122253418,0.2,17.46997594833374,0.10178103297948837,3115,0.180810546875,0.9210298657417297,0.015125873,-0.012910243310034274,97.4258876800537,0.0001,1810.9493408203125,994.86,,
1313,2310144,564,1758,44.11746597290039,0.2,17.482215261459352,0.10173308104276657,3120,0.1443359375,0.9144736528396606,0.011677536,-0.012399952067062259,99.64481906890869,0.0001,1807.944580078125,994.86,,
1315,2314240,565,1758,42.24041748046875,0.2,17.48992567062378,0.10167290270328522,3125,0.16181640625,0.9098477363586426,0.017262667,-0.014474981895182282,97.63977966308593,0.0001,1803.93408203125,994.86,,
1317,2318336,566,1759,40.48074722290039,0.2,17.49524040222168,0.10162485390901566,3130,0.15966796875,0.9188973307609558,0.016644469,-0.013355021609459072,98.9331443786621,0.0001,1811.879638671875,994.86,,
1320,2322432,567,1759,30.796350479125977,0.2,17.499894666671754,0.10161289572715759,3135,0.15107421875,0.9481156468391418,0.012848297,-0.012920289509929716,77.01162805557252,0.0001,1830.310791015625,994.86,,
1322,2326528,568,1759,39.91246032714844,0.2,17.504118537902833,0.10162707418203354,3140,0.123583984375,0.9245857000350952,0.012070072,-0.01506119715049863,104.61092700958253,0.0001,1826.2186279296875,994.86,,
1324,2330624,569,1760,87.28521728515625,0.2,17.502860879898073,0.10164029896259308,3145,0.076708984375,0.8690490126609802,0.009969704,-0.010255389334633946,201.8899356842041,0.0001,1809.91015625,994.86,,
1326,2334720,570,1760,80.78436279296875,0.2,17.50166735649109,0.10162965208292007,3150,0.0869140625,0.8693972826004028,0.010483677,-0.011653572029899806,203.99645080566407,0.0001,1802.7674560546875,994.86,,
1328,2338816,571,1760,38.41413879394531,0.2,17.504484033584596,0.10161291062831879,3155,0.101904296875,0.9142975211143494,0.011730578,-0.01300034663581755,113.56913204193116,0.0001,1779.6422119140625,994.86,,
1330,2342912,572,1761,27.94087791442871,0.2,17.50755109786987,0.10161187499761581,3160,0.131396484375,0.9480573534965515,0.014518022,-0.0134125727112405,69.33723621368408,0.0001,1773.7454833984375,989.83,,
1332,2347008,573,1761,31.678693771362305,0.2,17.508679628372192,0.10162738710641861,3165,0.13359375,0.9312492609024048,0.012620021,-0.012286151351872832,124.64577083587646,0.0001,1767.9588623046875,989.83,,
1334,2351104,574,1762,20.28000259399414,0.2,17.509654426574706,0.10160587728023529,3170,0.091943359375,0.9666637182235718,0.011816647,-0.01173577825538814,59.66695289611816,0.0001,1774.15625,989.83,,
1336,2355200,575,1762,20.031455993652344,0.2,17.51523175239563,0.10158862918615341,3175,0.1359375,0.9676077961921692,0.014274234,-0.014777152508031577,59.113994884490964,0.0001,1797.0736083984375,994.55,,
1338,2359296,576,1762,43.50373458862305,0.2,17.52034511566162,0.10153778642416,3180,0.1228515625,0.9598684310913086,0.013645389,-0.013161305349785834,105.54294986724854,0.0001,1776.914794921875,994.55,,
1340,2363392,577,1763,31.092004776000977,0.2,17.52361969947815,0.10153255611658096,3185,0.17724609375,0.9721310138702393,0.017541414,-0.013663125201128423,81.8372935295105,0.0001,1765.6806640625,994.55,,
1342,2367488,578,1763,38.648284912109375,0.2,17.522433280944824,0.10150951147079468,3190,0.16728515625,0.970061182975769,0.016054645,-0.012921991603798233,89.84494953155517,0.0001,1757.375,994.55,,
1344,2371584,579,1763,37.945556640625,0.2,17.527997064590455,0.10147310793399811,3195,0.161279296875,0.9750972986221313,0.014913348,-0.012881486222613602,81.75156373977661,0.0001,1751.6976318359375,994.97,,
1346,2375680,580,1763,45.28061294555664,0.2,17.533217000961304,0.10145711898803711,3200,0.09443359375,0.9459155201911926,0.010068588,-0.00664050281047821,113.98478908538819,0.0001,1758.428466796875,994.97,,
1348,2379776,581,1764,34.55722427368164,0.2,17.536384534835815,0.10142678022384644,3205,0.11005859375,0.9236147403717041,0.012030555,-0.01022228124202229,84.39398708343506,0.0001,1747.707763671875,994.97,,
1351,2383872,582,1764,40.748470306396484,0.2,17.538643026351927,0.1014394760131836,3210,0.1294921875,0.9270533919334412,0.012099173,-0.01196017904439941,98.16891975402832,0.0001,1739.1365966796875,994.97,,
1353,2387968,583,1764,39.52900695800781,0.2,17.53686990737915,0.10143852233886719,3215,0.14658203125,0.9360637664794922,0.01438058,-0.012882555660326034,89.29398002624512,0.0001,1773.8538818359375,994.97,,
1355,2392064,584,1764,40.466339111328125,0.2,17.535610675811768,0.10143338888883591,3220,0.083154296875,0.8778465986251831,0.009217404,-0.009352317807497457,104.20496349334717,0.0001,1771.037353515625,994.97,,
1357,2396160,585,1765,54.532535552978516,0.2,17.537709999084473,0.10141179710626602,3225,0.095703125,0.8755292892456055,0.010735493,-0.012760447076288983,123.73591289520263,0.0001,1759.4208984375,994.97,,
1359,2400256,586,1765,40.192359924316406,0.2,17.541657972335816,0.10140129178762436,3230,0.082421875,0.9243074655532837,0.0111719165,-0.010535503446590155,100.7956974029541,0.0001,1764.6099853515625,994.97,,
1361,2404352,587,1765,33.459808349609375,0.2,17.54164481163025,0.10140162706375122,3235,0.098193359375,0.9312146902084351,0.011422875,-0.012038530630525202,93.54296531677247,0.0001,1762.9200439453125,994.97,,
1363,2408448,588,1766,23.279300689697266,0.2,17.543469619750976,0.1013820618391037,3240,0.163916015625,0.9619292616844177,0.017585618,-0.0120939404994715,50.38063793182373,0.0001,1762.9200439453125,994.97,,
1365,2412544,589,1766,11.223114967346191,0.2,17.551815032958984,0.10136464983224869,3245,0.20439453125,0.9755722284317017,0.016866324,-0.009590637474320828,32.17565140724182,0.0001,1754.55419921875,994.97,,
1367,2416640,590,1766,14.018146514892578,0.2,17.56161642074585,0.10135059803724289,3250,0.184423828125,0.9678474068641663,0.01633644,-0.009551146044395864,38.65635604858399,0.0001,1780.75146484375,994.97,,
1369,2420736,591,1767,15.500094413757324,0.2,17.564371252059935,0.10138051211833954,3255,0.169091796875,0.9746222496032715,0.016728448,-0.01311940880259499,36.97312479019165,0.0001,1806.7301025390625,994.97,,
1371,2424832,592,1767,19.9941463470459,0.2,17.565390157699586,0.10138785094022751,3260,0.1796875,0.9636974334716797,0.015731357,-0.016136667417595164,53.258552360534665,0.0001,1806.7301025390625,994.97,,
1373,2428928,593,1768,29.645519256591797,0.2,17.56633324623108,0.10140154510736465,3265,0.11650390625,0.9455416798591614,0.0124410065,-0.007061637169681489,87.84603929519653,0.0001,1806.595947265625,994.97,,
1375,2433024,594,1768,47.34846115112305,0.2,17.564517879486083,0.1013941764831543,3270,0.111328125,0.9422747492790222,0.013376294,-0.013203796476591378,111.44615592956544,0.0001,1832.0540771484375,994.97,,
1378,2437120,595,1768,49.3358154296875,0.2,17.566912031173707,0.1013834998011589,3275,0.088427734375,0.9323139786720276,0.011500511,-0.01203371919109486,118.87070941925049,0.0001,1831.9765625,994.97,,
1379,2441216,596,1769,56.14945602416992,0.2,17.569306087493896,0.1013583168387413,3280,0.1013671875,0.8552728891372681,0.011206455,-0.012037515395786614,139.2605447769165,0.0001,1832.05908203125,994.97,,
1381,2445312,597,1769,65.76773834228516,0.2,17.574598360061646,0.10134559869766235,3285,0.109130859375,0.7649604082107544,0.011900051,-0.011980972130550072,155.89045505523683,0.0001,1832.05908203125,994.97,,
1384,2449408,598,1769,56.40068435668945,0.2,17.576274061203,0.10136382281780243,3290,0.102685546875,0.6826397180557251,0.011579816,-0.011737877829000353,140.1190019607544,0.0001,1865.184814453125,1000.0,,
1386,2453504,599,1769,55.464115142822266,0.2,17.573595666885375,0.10135938972234726,3295,0.123291015625,0.8225094676017761,0.013359448,-0.015137764328392223,125.4707181930542,0.0001,1846.357177734375,1000.0,,
1388,2457600,600,1770,31.816892623901367,0.2,17.577316522598267,0.10133781284093857,3300,0.09814453125,0.9212388396263123,0.011783427,-0.011453688109759242,81.02392873764038,0.0001,1841.358154296875,1000.0,,
1390,2461696,601,1770,47.85163879394531,0.2,17.5822669506073,0.10131537169218063,3305,0.07392578125,0.8897289037704468,0.010772245,-0.009942684078123421,134.00717754364013,0.0001,1830.8095703125,1000.0,,
1392,2465792,602,1771,46.651737213134766,0.2,17.584918546676636,0.1012997254729271,3310,0.09423828125,0.9041789770126343,0.012789752,-0.013316594139905647,129.86033267974852,0.0001,1887.2923583984375,1000.0,,
1394,2469888,603,1771,57.189022064208984,0.2,17.588985776901247,0.10128045082092285,3315,0.080908203125,0.8909989595413208,0.010763866,-0.010717217344790697,143.6246395111084,0.0001,1863.0592041015625,1000.0,,
1396,2473984,604,1771,57.369476318359375,0.2,17.59460778236389,0.10125190019607544,3320,0.102978515625,0.906197190284729,0.013227895,-0.01254639372928068,133.81141757965088,0.0001,1844.0994873046875,1000.0,,
1398,2478080,605,1772,49.17757034301758,0.2,17.60309681892395,0.10119014978408813,3325,0.11748046875,0.9284910559654236,0.012284096,-0.01313885102281347,109.114182472229,0.0001,1842.5029296875,1000.0,,
1400,2482176,606,1772,30.438453674316406,0.2,17.609939861297608,0.10117413103580475,3330,0.1138671875,0.9549274444580078,0.012184354,-0.010583954281173646,75.20763626098633,0.0001,1867.306884765625,1000.0,,
1402,2486272,607,1772,36.70002365112305,0.2,17.608298683166502,0.1012144610285759,3335,0.15986328125,0.9494200944900513,0.016828105,-0.01216713993344456,95.3487720489502,0.0001,1845.088623046875,1000.0,,
1404,2490368,608,1773,29.11996078491211,0.2,17.606638860702514,0.1012117937207222,3340,0.157958984375,0.9474054574966431,0.015614968,-0.013361705467104912,74.4142554283142,0.0001,1853.5106201171875,1000.0,,
1406,2494464,609,1773,22.863096237182617,0.2,17.609820747375487,0.10119366645812988,3345,0.119921875,0.9554137587547302,0.014894365,-0.012748711206950248,63.453004932403566,0.0001,1844.700439453125,1000.0,,
1408,2498560,610,1773,24.154102325439453,0.2,17.61470036506653,0.1011970043182373,3350,0.158056640625,0.9634063243865967,0.016600352,-0.012158734491094947,60.85573225021362,0.0001,1884.2801513671875,1000.0,,
1431,2502656,611,1748,49.740665435791016,0.2,17.6134202003479,0.10120351612567902,3355,0.1484375,0.9131267070770264,0.014998779,-0.011425363703165204,116.42630252838134,0.0001,1871.4268798828125,1000.0,1500000,2.58101443009209
1432,2506752,612,1749,41.633541107177734,0.2,17.61301474571228,0.10117165744304657,3360,0.116015625,0.9077458381652832,0.01262478,-0.010879717509669717,102.6524850845337,0.0001,1856.54345703125,1000.0,,
1434,2510848,613,1749,25.393217086791992,0.2,17.61611819267273,0.1011534333229065,3365,0.11748046875,0.9269455075263977,0.01289369,-0.010765713185537606,77.31761884689331,0.0001,1860.780029296875,1000.0,,
1437,2514944,614,1750,26.03342056274414,0.2,17.619070196151732,0.10113272815942764,3370,0.11591796875,0.9226468801498413,0.013798455,-0.0117599438293837,72.91806735992432,0.0001,1884.3251953125,1000.0,,
1439,2519040,615,1750,39.61286926269531,0.2,17.62418131828308,0.10111169517040253,3375,0.148681640625,0.9356704950332642,0.0152016245,-0.01234042834257707,97.10478973388672,0.0001,1879.3499755859375,1000.0,,
1441,2523136,616,1750,38.130516052246094,0.2,17.62597985267639,0.10110649466514587,3380,0.14111328125,0.9445251226425171,0.016206445,-0.013068785099312663,95.33010292053223,0.0001,1866.205810546875,1000.0,,
1443,2527232,617,1751,21.038522720336914,0.2,17.62639446258545,0.10111279040575027,3385,0.165869140625,0.9687209725379944,0.0152776325,-0.014605926163494588,55.80724210739136,0.0001,1864.737060546875,1000.0,,
1445,2531328,618,1751,17.40675926208496,0.2,17.630493497848512,0.10110022872686386,3390,0.14462890625,0.9727737307548523,0.014634004,-0.014704268574132585,46.137926769256595,0.0001,1884.6182861328125,1000.0,,
1447,2535424,619,1751,35.13627243041992,0.2,17.63927788734436,0.10105448961257935,3395,0.129736328125,0.9464108943939209,0.012637823,-0.010746688465587795,78.0751350402832,0.0001,1882.4605712890625,1000.0,,
1449,2539520,620,1752,27.416427612304688,0.2,17.65249800682068,0.10094914585351944,3400,0.144482421875,0.9630749225616455,0.013872729,-0.010613551386632026,64.98726720809937,0.0001,1867.1051025390625,1000.0,,
1451,2543616,621,1752,27.699678421020508,0.2,17.666880941390993,0.10096292197704315,3405,0.180712890625,0.9628197550773621,0.017324392,-0.012863545946311205,69.56356287002563,0.0001,1849.1138916015625,1000.0,,
1453,2547712,622,1752,42.9371223449707,0.2,17.666586923599244,0.10098297894001007,3410,0.19140625,0.9538353681564331,0.019045543,-0.01195469374069944,93.9437852859497,0.0001,1887.9044189453125,1000.0,,
1455,2551808,623,1753,47.3129997253418,0.2,17.670031833648682,0.1009792611002922,3415,0.1337890625,0.9140530824661255,0.012175562,-0.011400739272357897,116.19615802764892,0.0001,1898.2965087890625,1000.0,,
1457,2555904,624,1753,49.45261001586914,0.2,17.673825979232788,0.10095174610614777,3420,0.140478515625,0.9107152223587036,0.014041543,-0.013950156234204768,110.05337829589844,0.0001,1881.2987060546875,1000.0,,
1459,2560000,625,1753,52.8070068359375,0.2,17.677021980285645,0.10095106810331345,3425,0.149267578125,0.8771167397499084,0.015766649,-0.013190477504394948,131.28359451293946,0.0001,1863.6573486328125,1000.0,,
1461,2564096,626,1754,35.353179931640625,0.2,17.678030443191528,0.10095582157373428,3430,0.16064453125,0.9003614783287048,0.014850275,-0.013520522380713374,102.08044948577881,0.0001,1856.131103515625,1000.0,,
1463,2568192,627,1754,66.44292449951172,0.2,17.676898527145386,0.10094567388296127,3435,0.089404296875,0.8935460448265076,0.01078411,-0.009423831128515303,149.3767984390259,0.0001,1837.5653076171875,1000.0,,
1465,2572288,628,1755,41.438819885253906,0.2,17.68011589050293,0.10088378936052322,3440,0.12265625,0.9306391477584839,0.012646817,-0.013428600813494996,101.38291702270507,0.0001,1834.7822265625,1000.0,,
1467,2576384,629,1755,34.25376892089844,0.2,17.68783655166626,0.10085456818342209,3445,0.11796875,0.9485802054405212,0.011636114,-0.011253697090432979,86.9970474243164,0.0001,1854.7071533203125,1000.0,,
1470,2580480,630,1755,26.831321716308594,0.2,17.69069037437439,0.10082396864891052,3450,0.165771484375,0.960165798664093,0.014988592,-0.013564764475449919,69.51265697479248,0.0001,1844.2879638671875,1000.0,,
1471,2584576,631,1756,28.165481567382812,0.2,17.693874263763426,0.10083350539207458,3455,0.11474609375,0.9637385010719299,0.012623269,-0.011909390112850814,69.93747644424438,0.0001,1844.2879638671875,1000.0,,
1473,2588672,632,1756,29.018131256103516,0.2,17.691194009780883,0.10085125267505646,3460,0.13359375,0.9628256559371948,0.013994838,-0.013054110278608278,74.35613832473754,0.0001,1849.096923828125,1000.0,,
1476,2592768,633,1756,25.801748275756836,0.2,17.69110589027405,0.10083310306072235,3465,0.146533203125,0.9720190167427063,0.016939417,-0.013190035452134907,64.88796825408936,0.0001,1863.9468994140625,1000.0,,
1478,2596864,634,1756,25.301218032836914,0.2,17.698274898529053,0.10079077631235123,3470,0.151318359375,0.9687843918800354,0.013920587,-0.013349977263715118,67.5284592628479,0.0001,1864.50732421875,1000.0,,
1480,2600960,635,1757,37.497554779052734,0.2,17.705014038085938,0.10077383369207382,3475,0.112646484375,0.8933733701705933,0.013609311,-0.010998379514785484,85.29174537658692,0.0001,1853.096435546875,1000.0,,
1481,2605056,636,1757,25.061412811279297,0.2,17.709720516204833,0.10073672980070114,3480,0.112109375,0.8356248140335083,0.01210013,-0.009875978931086138,71.794260597229,0.0001,1853.096435546875,1000.0,,
1484,2609152,637,1757,18.71455192565918,0.2,17.716454553604127,0.10071887820959091,3485,0.14873046875,0.9179800152778625,0.016696269,-0.012466205970849843,55.12185440063477,0.0001,1850.5970458984375,1000.0,,
1486,2613248,638,1758,25.069171905517578,0.2,17.72450432777405,0.10065454244613647,3490,0.13798828125,0.9245803952217102,0.012919895,-0.009481848415452987,65.65373964309693,0.0001,1840.67724609375,1000.0,,
1488,2617344,639,1758,36.67683792114258,0.2,17.735153102874754,0.10060357302427292,3495,0.130859375,0.9184719324111938,0.012366635,-0.010930148902116344,81.18185930252075,0.0001,1839.8946533203125,999.56,,
1490,2621440,640,1759,55.1168098449707,0.2,17.738497161865233,0.10058052092790604,3500,0.1017578125,0.8114401698112488,0.010441652,-0.011410026426892728,201.60835456848145,0.0001,1841.8148193359375,999.56,,
1492,2625536,641,1759,49.3913459777832,0.2,17.739643907547,0.100590281188488,3505,0.105810546875,0.9190323948860168,0.011835784,-0.012998809831333346,105.64908981323242,0.0001,1881.124267578125,999.56,,
1494,2629632,642,1759,48.02081298828125,0.2,17.742097473144533,0.10055682808160782,3510,0.135498046875,0.9254395365715027,0.012830841,-0.01347762876539491,106.85037593841552,0.0001,1855.16015625,999.56,,
1496,2633728,643,1760,38.65449142456055,0.2,17.75008249282837,0.10051041096448898,3515,0.126904296875,0.9145489931106567,0.015427877,-0.013873268710449338,82.86225156784057,0.0001,1842.7373046875,999.56,,
1498,2637824,644,1760,28.521953582763672,0.2,17.757052659988403,0.10052774101495743,3520,0.078466796875,0.8754884600639343,0.0095070135,-0.009264757396886125,84.52844562530518,0.0001,1836.093017578125,999.56,,
1500,2641920,645,1760,25.9689998626709,0.2,17.75778512954712,0.10050168633460999,3525,0.10419921875,0.8583569526672363,0.012793682,-0.010667479713447392,71.38140602111817,0.0001,1832.325439453125,999.56,,
1502,2646016,646,1760,25.285619735717773,0.2,17.767137861251832,0.10047871619462967,3530,0.11875,0.9079824090003967,0.013063412,-0.011465583852259442,65.25607042312622,0.0001,1816.7205810546875,999.56,,
1504,2650112,647,1761,33.608951568603516,0.2,17.77124834060669,0.10047603398561478,3535,0.140185546875,0.9210880994796753,0.014028322,-0.012813031696714461,81.59168729782104,0.0001,1809.6585693359375,999.56,,
1506,2654208,648,1761,24.463184356689453,0.2,17.771375465393067,0.10044003278017044,3540,0.150830078125,0.9500983357429504,0.016950734,-0.014231758908135817,62.407911682128905,0.0001,1814.2059326171875,999.56,,
1508,2658304,649,1762,14.40414047241211,0.2,17.779542922973633,0.10039301216602325,3545,0.1095703125,0.9639922380447388,0.013208546,-0.012110028695315123,46.005200719833375,0.0001,1855.2176513671875,999.56,,
1510,2662400,650,1762,21.163177490234375,0.2,17.786374282836913,0.10035949945449829,3550,0.174462890625,0.9595818519592285,0.018108737,-0.014986145368311554,46.148489475250244,0.0001,1851.98095703125,999.56,,
1512,2666496,651,1762,28.150646209716797,0.2,17.796453046798707,0.10032287985086441,3555,0.15205078125,0.9269349575042725,0.0137149915,-0.010327301561483182,57.523774242401124,0.0001,1846.74462890625,999.56,,
1514,2670592,652,1763,20.939157485961914,0.2,17.803580570220948,0.10031449049711227,3560,0.164013671875,0.9099377393722534,0.01370548,-0.012905221339315176,60.73966808319092,0.0001,1843.884033203125,999.56,,
1516,2674688,653,1763,19.854001998901367,0.2,17.806209897994997,0.10032112151384354,3565,0.17119140625,0.9423910975456238,0.01573842,-0.013833337387768551,48.756146335601805,0.0001,1872.478759765625,999.56,,
1518,2678784,654,1763,33.287349700927734,0.2,17.811121892929076,0.10030843317508698,3570,0.134619140625,0.9437586665153503,0.013115535,-0.01256755599169992,80.22017860412598,0.0001,1866.337158203125,999.56,,
1520,2682880,655,1764,23.272159576416016,0.2,17.814871978759765,0.10027060657739639,3575,0.15166015625,0.9461542963981628,0.0147292875,-0.015630908380262553,69.07402801513672,0.0001,1870.4984130859375,999.56,,
1522,2686976,656,1764,24.48102569580078,0.2,17.8191180229187,0.10026826709508896,3580,0.149560546875,0.9510117769241333,0.014351862,-0.014181664073839783,69.06864442825318,0.0001,1865.104248046875,999.56,,
1525,2691072,657,1764,18.875587463378906,0.2,17.823431968688965,0.1002010926604271,3585,0.197607421875,0.9728264808654785,0.018057942,-0.015295347024220973,46.72308349609375,0.0001,1856.0433349609375,999.56,,
1527,2695168,658,1764,28.783979415893555,0.2,17.834381294250488,0.10016264021396637,3590,0.213330078125,0.9296912550926208,0.016975187,-0.013960626121843234,64.1416672706604,0.0001,1857.447021484375,999.56,,
1529,2699264,659,1765,28.675277709960938,0.2,17.83961992263794,0.10015672445297241,3595,0.11787109375,0.8471664190292358,0.012473109,-0.011595838592620566,87.96850204467773,0.0001,1852.2896728515625,999.56,,
1531,2703360,660,1765,19.13591766357422,0.2,17.841509437561037,0.10016530007123947,3600,0.14130859375,0.9218872785568237,0.016305793,-0.013283216918352991,51.18845853805542,0.0001,1848.843017578125,999.56,,
1533,2707456,661,1765,19.697551727294922,0.2,17.844361448287962,0.10014474391937256,3605,0.1642578125,0.9351655840873718,0.016634634,-0.01393265402293764,48.98762435913086,0.0001,1875.9893798828125,999.56,,
1535,2711552,662,1766,47.86726379394531,0.2,17.84517741203308,0.10011210292577744,3610,0.16875,0.7880465388298035,0.015328761,-0.013549071399029344,106.81781578063965,0.0001,1870.4847412109375,999.56,,
1537,2715648,663,1766,38.070556640625,0.2,17.849578857421875,0.10005875676870346,3615,0.15390625,0.7455850839614868,0.014663082,-0.012944998277816921,104.01974067687988,0.0001,1860.37548828125,999.56,,
1539,2719744,664,1766,36.49884796142578,0.2,17.855489492416382,0.10004184395074844,3620,0.174560546875,0.804625391960144,0.016150441,-0.01400141534395516,90.80283317565917,0.0001,1865.7913818359375,999.56,,
1541,2723840,665,1766,25.896089553833008,0.2,17.85738410949707,0.10004031658172607,3625,0.1416015625,0.8654526472091675,0.015268695,-0.011765892338007688,60.30024709701538,0.0001,1829.0704345703125,1000.0,,
1543,2727936,666,1767,37.09385681152344,0.2,17.85696487426758,0.1000383272767067,3630,0.14677734375,0.8585198521614075,0.01231516,-0.013844455959042535,87.54950141906738,0.0001,1825.91552734375,1000.0,,
1545,2732032,667,1767,40.85811233520508,0.2,17.85761480331421,0.10000192373991013,3635,0.11484375,0.8934499621391296,0.013076418,-0.010085705987876281,85.98782863616944,0.0001,1825.7109375,1000.0,,
1547,2736128,668,1767,40.809627532958984,0.2,17.86451373100281,0.0999724417924881,3640,0.1203125,0.8975226879119873,0.013390217,-0.011556330730672925,101.80125751495362,0.0001,1850.70458984375,1000.0,,
1549,2740224,669,1768,41.72060012817383,0.2,17.870429611206056,0.09990005940198898,3645,0.129052734375,0.9115657806396484,0.013936803,-0.010392619401682169,89.09130764007568,0.0001,1846.3631591796875,1000.0,,
1551,2744320,670,1768,51.87403869628906,0.2,17.882538747787475,0.09986798465251923,3650,0.116552734375,0.8017815351486206,0.012054317,-0.011648012039950117,137.50796909332274,0.0001,1828.98291015625,1000.0,,
1553,2748416,671,1769,50.3552131652832,0.2,17.885711860656738,0.0998549610376358,3655,0.10126953125,0.8081652522087097,0.012945628,-0.012842333276057615,138.7212936401367,0.0001,1828.98291015625,1000.0,,
1576,2752512,672,1746,48.58732604980469,0.2,17.88663969039917,0.09986025094985962,3660,0.076806640625,0.8469847440719604,0.011141352,-0.010045979579444975,147.30941066741943,0.0001,1853.822998046875,1000.0,1500000,2.525741718493113
1578,2756608,673,1746,45.593963623046875,0.2,17.88642554283142,0.09983856976032257,3665,0.09521484375,0.8815445303916931,0.011645439,-0.011371676425915212,136.47373485565186,0.0001,1824.1212158203125,1000.0,,
1580,2760704,674,1747,48.13324737548828,0.2,17.89186577796936,0.09980554133653641,3670,0.088427734375,0.9239569902420044,0.011228062,-0.011437650478910655,104.87280883789063,0.0001,1808.1806640625,1000.0,,
1581,2764800,675,1747,39.923194885253906,0.2,17.896178197860717,0.09978964179754257,3675,0.133056640625,0.931910514831543,0.013016744,-0.012579963984899223,95.18443126678467,0.0001,1808.1806640625,1000.0,,
1584,2768896,676,1747,34.03488540649414,0.2,17.89660210609436,0.09982865303754807,3680,0.127978515625,0.9334819912910461,0.012989849,-0.012170801206957549,90.98180465698242,0.0001,1835.1346435546875,1000.0,,
1586,2772992,677,1748,26.975109100341797,0.2,17.89493074417114,0.09983758628368378,3685,0.143212890625,0.9416440725326538,0.0136914225,-0.013299038051627576,69.51547985076904,0.0001,1811.8681640625,1000.0,,
1588,2777088,678,1748,23.201095581054688,0.2,17.896276473999023,0.09979824721813202,3690,0.145068359375,0.9404201507568359,0.016040385,-0.014520801609614864,73.43195209503173,0.0001,1803.8302001953125,1000.0,,
1590,2781184,679,1749,30.530067443847656,0.2,17.90152144432068,0.09976169466972351,3695,0.140380859375,0.9284099340438843,0.013236564,-0.01442618276923895,83.80520610809326,0.0001,1803.8302001953125,1000.0,,
1592,2785280,680,1748,34.12002944946289,0.2,17.905793046951295,0.09972834587097168,3700,0.131396484375,0.9161064028739929,0.0126399975,-0.012350561289349572,92.86669216156005,0.0001,1839.76904296875,1000.0,,
1594,2789376,681,1748,33.39461898803711,0.2,17.91144986152649,0.09969140589237213,3705,0.15546875,0.9321591854095459,0.014995309,-0.012738070939667523,77.8383882522583,0.0001,1805.6572265625,1000.0,,
1596,2793472,682,1749,20.182147979736328,0.2,17.917587327957154,0.0996532216668129,3710,0.152978515625,0.9547452926635742,0.015099126,-0.012713085522409528,59.06633892059326,0.0001,1793.7327880859375,1000.0,,
1598,2797568,683,1749,17.836959838867188,0.2,17.925755786895753,0.09958996623754501,3715,0.173876953125,0.9632658958435059,0.017465502,-0.011925986548885704,41.50118842124939,0.0001,1806.76220703125,1000.0,,
1600,2801664,684,1750,12.853814125061035,0.2,17.93550729751587,0.09955384582281113,3720,0.14931640625,0.9668822884559631,0.01419019,-0.013805341435363517,36.57491135597229,0.0001,1805.14990234375,1000.0,,
1602,2805760,685,1750,25.01680564880371,0.2,17.93823637962341,0.09957930445671082,3725,0.14072265625,0.9546732306480408,0.014946897,-0.013123204960720614,67.84351930618286,0.0001,1807.4727783203125,1000.0,,
1604,2809856,686,1750,30.52151107788086,0.2,17.939266633987426,0.09955745190382004,3730,0.120068359375,0.9484531879425049,0.010286827,-0.010074572428129614,82.60550832748413,0.0001,1800.9002685546875,1000.0,,
1606,2813952,687,1751,48.17334747314453,0.2,17.94812445640564,0.09953193366527557,3735,0.115478515625,0.9414259195327759,0.011597091,-0.012380372150801122,106.7124153137207,0.0001,1800.1605224609375,1000.0,,
1609,2818048,688,1751,45.54039764404297,0.2,17.954258012771607,0.09949876368045807,3740,0.134375,0.9447051286697388,0.01531332,-0.014029512344859541,113.84940567016602,0.0001,1807.72607421875,1000.0,,
1611,2822144,689,1751,38.176700592041016,0.2,17.960970830917358,0.09945032745599747,3745,0.0986328125,0.9503750205039978,0.012628555,-0.00985353976720944,88.70180778503418,0.0001,1800.2587890625,1000.0,,
1613,2826240,690,1752,30.753219604492188,0.2,17.968826866149904,0.09942847490310669,3750,0.0822265625,0.9406449198722839,0.010027254,-0.010220043343724682,91.54728403091431,0.0001,1792.209228515625,1000.0,,
1615,2830336,691,1752,23.313095092773438,0.2,17.977044296264648,0.09935558587312698,3755,0.129833984375,0.9665314555168152,0.014938878,-0.011012071452569216,65.53829317092895,0.0001,1796.0426025390625,1000.0,,
1617,2834432,692,1752,24.122961044311523,0.2,17.990502882003785,0.09932465851306915,3760,0.16474609375,0.9693013429641724,0.016241126,-0.013313946570269764,62.28586893081665,0.0001,1785.971435546875,1000.0,,
1619,2838528,693,1752,24.180997848510742,0.2,18.00039677619934,0.0992932915687561,3765,0.178515625,0.9646750688552856,0.016240504,-0.013521223282441496,58.8137601852417,0.0001,1781.2650146484375,1000.0,,
1621,2842624,694,1753,21.049238204956055,0.2,18.006462860107423,0.09928832203149796,3770,0.146533203125,0.960026204586029,0.014078136,-0.012464039420592599,52.81200885772705,0.0001,1777.813720703125,1000.0,,
1623,2846720,695,1753,21.07097053527832,0.2,18.005652332305907,0.09928196668624878,3775,0.1015625,0.9545937776565552,0.0114525985,-0.009990322520025074,52.41253309249878,0.0001,1783.6668701171875,1000.0,,
1625,2850816,696,1753,17.574462890625,0.2,18.009200620651246,0.09925232082605362,3780,0.11103515625,0.9501199126243591,0.011657106,-0.011252839106600732,50.393323516845705,0.0001,1812.349365234375,1000.0,,
1627,2854912,697,1754,45.576255798339844,0.2,18.01497001647949,0.09921541064977646,3785,0.10400390625,0.9058894515037537,0.011910946,-0.010257227439433336,110.74791088104249,0.0001,1807.1875,1000.0,,
1629,2859008,698,1754,46.45769119262695,0.2,18.02126274108887,0.09918922930955887,3790,0.129443359375,0.8888977766036987,0.0136424685,-0.013017464429140091,113.0186981201172,0.0001,1799.6802978515625,1000.0,,
1631,2863104,699,1755,38.563106536865234,0.2,18.030188751220702,0.09908716380596161,3795,0.145703125,0.9054498076438904,0.014611435,-0.014139225042890757,93.35738334655761,0.0001,1807.694091796875,1000.0,,
1633,2867200,700,1755,27.70722007751465,0.2,18.04555583000183,0.099036306142807,3800,0.1224609375,0.9385705590248108,0.015102898,-0.013692201022058726,77.8940601348877,0.0001,1846.774658203125,1000.0,,
1635,2871296,701,1755,31.698801040649414,0.2,18.04830756187439,0.09906768053770065,3805,0.135302734375,0.9564794898033142,0.015694086,-0.012165961210848763,70.88953428268432,0.0001,1849.73974609375,1000.0,,
1637,2875392,702,1755,32.31998062133789,0.2,18.04369740486145,0.09909292310476303,3810,0.15390625,0.9442922472953796,0.014253309,-0.013210547715425491,79.27415647506714,0.0001,1843.96044921875,1000.0,,
1639,2879488,703,1756,23.211469650268555,0.2,18.047767686843873,0.09903481602668762,3815,0.15078125,0.9672024250030518,0.015729465,-0.013223020924488082,56.62146549224853,0.0001,1853.6173095703125,1000.0,,
1641,2883584,704,1756,18.268150329589844,0.2,18.055973529815674,0.09904394298791885,3820,0.1857421875,0.9712533354759216,0.017742261,-0.014086912566563114,45.76780261993408,0.0001,1856.3197021484375,1000.0,,
1643,2887680,705,1756,54.70155334472656,0.2,18.047894620895384,0.09904474765062332,3825,0.125830078125,0.8984382748603821,0.010198961,-0.0071983431989792734,134.80030670166016,0.0001,1854.958740234375,1000.0,,
1645,2891776,706,1757,60.04568862915039,0.2,18.04912385940552,0.09904301911592484,3830,0.107421875,0.8821725845336914,0.011396732,-0.01271937670535408,157.63196601867676,0.0001,1837.0113525390625,1000.0,,
1647,2895872,707,1757,49.812217712402344,0.2,18.053374767303467,0.09900648891925812,3835,0.112060546875,0.9231252670288086,0.011550341,-0.012657038570614532,126.6827163696289,0.0001,1856.927978515625,1000.0,,
1650,2899968,708,1757,49.977970123291016,0.2,18.06051378250122,0.09899208694696426,3840,0.126318359375,0.9320142269134521,0.011927811,-0.012639094761107117,113.30870952606202,0.0001,1862.8114013671875,1000.0,,
1652,2904064,709,1757,86.21070098876953,0.2,18.063710021972657,0.09897220879793167,3845,0.07099609375,0.8496871590614319,0.009369131,-0.009829670307226479,178.63884162902832,0.0001,1856.2471923828125,1000.0,,
1654,2908160,710,1758,43.759124755859375,0.2,18.06560387611389,0.09896371513605118,3850,0.08369140625,0.8855480551719666,0.0113251,-0.010929280059644952,117.6707628250122,0.0001,1854.4693603515625,1000.0,,
1656,2912256,711,1758,31.83913803100586,0.2,18.06668629646301,0.0989387109875679,3855,0.127099609375,0.9379366040229797,0.012227906,-0.012489648268092424,82.31701641082763,0.0001,1859.3656005859375,1000.0,,
1658,2916352,712,1758,23.349895477294922,0.2,18.074304580688477,0.09890507161617279,3860,0.133056640625,0.9646050930023193,0.014540133,-0.013980814296519383,58.99357376098633,0.0001,1862.8929443359375,1000.0,,
1660,2920448,713,1758,36.09799575805664,0.2,18.080863523483277,0.09889212250709534,3865,0.115234375,0.9367835521697998,0.010704008,-0.011633008415810765,89.84445533752441,0.0001,1871.99755859375,1000.0,,
1662,2924544,714,1759,26.52028465270996,0.2,18.084278774261474,0.09881754964590073,3870,0.126611328125,0.9457798004150391,0.013909767,-0.012670681002782657,72.4140320777893,0.0001,1871.99755859375,1000.0,,
1664,2928640,715,1759,30.206998825073242,0.2,18.092416334152222,0.0988040491938591,3875,0.13701171875,0.9524209499359131,0.015434364,-0.013911217282293364,79.80975046157837,0.0001,1927.3717041015625,1000.0,,
1666,2932736,716,1759,28.089357376098633,0.2,18.089807415008544,0.09883563220500946,3880,0.1791015625,0.9650900363922119,0.01918721,-0.013903126004152,56.23974437713623,0.0001,1929.155517578125,1000.0,,
1668,2936832,717,1759,22.558914184570312,0.2,18.092520904541015,0.09879954904317856,3885,0.13388671875,0.947483241558075,0.015477497,-0.011356335680466146,55.955182266235354,0.0001,1919.942138671875,1000.0,,
1670,2940928,718,1760,62.779842376708984,0.2,18.102454662322998,0.09877775609493256,3890,0.17802734375,0.8795841932296753,0.016122427,-0.010971870110370218,130.48035335540771,0.0001,1919.942138671875,1000.0,,
1672,2945024,719,1760,30.278608322143555,0.2,18.102295255661012,0.09881395101547241,3895,0.17333984375,0.935808539390564,0.016695106,-0.012411025044275447,78.0067629814148,0.0001,1937.9525146484375,1000.0,,
1675,2949120,720,1760,42.28890609741211,0.2,18.099764776229858,0.09879698604345322,3900,0.1712890625,0.9203848242759705,0.016393162,-0.012019485561177134,98.5293062210083,0.0001,1933.9527587890625,1000.0,,
1676,2953216,721,1761,26.94322395324707,0.2,18.10424337387085,0.09878843277692795,3905,0.12275390625,0.928164005279541,0.011415184,-0.00995957648847252,82.91944847106933,0.0001,1921.6917724609375,1000.0,,
1678,2957312,722,1761,37.0841178894043,0.2,18.106493759155274,0.09876132756471634,3910,0.082861328125,0.9183586835861206,0.012010193,-0.01115544232307002,96.82222595214844,0.0001,1921.6917724609375,1000.0,,
1681,2961408,723,1761,23.88663101196289,0.2,18.113048791885376,0.09872102737426758,3915,0.125439453125,0.9454118013381958,0.012968591,-0.012307324720313772,69.76318864822387,0.0001,1909.2823486328125,1000.0,,
1683,2965504,724,1761,31.673978805541992,0.2,18.119536256790163,0.098663330078125,3920,0.15009765625,0.9566510915756226,0.015094814,-0.013925688457675278,74.88295307159424,0.0001,1894.3577880859375,1000.0,,
1685,2969600,725,1762,40.13878631591797,0.2,18.12498869895935,0.09863250702619553,3925,0.133251953125,0.9420676231384277,0.014211044,-0.012277253140928224,89.12736263275147,0.0001,1874.7088623046875,1000.0,,
1687,2973696,726,1762,38.522525787353516,0.2,18.12594790458679,0.09860795736312866,3930,0.071142578125,0.9256500601768494,0.010229667,-0.009194956795545295,109.5381498336792,0.0001,1883.5072021484375,1000.0,,
1689,2977792,727,1762,20.882204055786133,0.2,18.13119421005249,0.09857971221208572,3935,0.081884765625,0.9516241550445557,0.011256562,-0.010021076130215079,66.65542716979981,0.0001,1875.1680908203125,1000.0,,
1691,2981888,728,1763,44.09319305419922,0.2,18.136471605300905,0.09856933355331421,3940,0.0982421875,0.9282726049423218,0.012120768,-0.010024537317804061,111.00421352386475,0.0001,1872.2366943359375,1000.0,,
1693,2985984,729,1763,51.52933883666992,0.2,18.13860216140747,0.09856951236724854,3945,0.103466796875,0.9223651885986328,0.013878842,-0.0108975637529511,119.44835243225097,0.0001,1861.9827880859375,1000.0,,
1695,2990080,730,1763,44.19819641113281,0.2,18.13976550102234,0.09854060411453247,3950,0.1359375,0.9392731785774231,0.014423858,-0.011666429322212934,108.83877868652344,0.0001,1862.3865966796875,1000.0,,
1697,2994176,731,1763,42.525081634521484,0.2,18.146076488494874,0.09852436929941177,3955,0.10810546875,0.934578537940979,0.011461551,-0.012426961358869448,112.2996976852417,0.0001,1883.358154296875,1000.0,,
1699,2998272,732,1764,51.244876861572266,0.2,18.149261236190796,0.09850700199604034,3960,0.0947265625,0.9285414218902588,0.011854878,-0.011797217925777658,128.61272697448732,0.0001,1885.0428466796875,1000.0,,
1721,3002368,733,1743,57.33759689331055,0.2,18.153030967712404,0.0984978973865509,3965,0.098486328125,0.929740846157074,0.01063077,-0.011557769138016738,136.78771209716797,0.0001,1875.171142578125,1000.0,1500000,2.591094124524305
