time/time_elapsed,time/fps,time/iterations,time/total_timesteps,train/learning_rate,train/entropy_loss,train/approx_kl,train/n_updates,train/clip_range,train/loss,train/std,train/explained_variance,train/policy_gradient_loss,train/value_loss,train/clip_fraction,rollout/ep_len_mean,rollout/ep_rew_mean,eval/skor,eval/en_iyi_adim
3,1326,1,4096,,,,,,,,,,,,,,,
4,1659,2,8192,0.0001,28.382758378982544,0.012944442,4550,0.2,35.63079071044922,0.04999891296029091,0.9564607739448547,-0.001846397528424859,95.41971197128296,0.219140625,,,,
6,1829,3,12288,0.0001,28.38178062438965,0.013280464,4555,0.2,32.64065170288086,0.050005894154310226,0.955940842628479,-0.00977673038141802,102.48093738555909,0.1099609375,,,,
10,1520,4,16384,0.0001,28.37940068244934,0.013058643,4560,0.2,45.81891632080078,0.05000763759016991,0.9464555978775024,-0.012763212126446887,127.470849609375,0.117822265625,1000.0,1833.6273193359375,,
12,1586,5,20480,0.0001,28.37936487197876,0.016632363,4565,0.2,29.712242126464844,0.05000990256667137,0.962797224521637,-0.011567296797875316,79.1281434059143,0.122412109375,1000.0,1833.6273193359375,,
14,1674,6,24576,0.0001,28.37877516746521,0.0115142055,4570,0.2,77.85504150390625,0.050009872764348984,0.9099498987197876,-0.00847772650886327,185.44834518432617,0.098583984375,1000.0,1833.6273193359375,,
16,1742,7,28672,0.0001,28.379461526870728,0.015326279,4575,0.2,28.03891372680664,0.05000367388129234,0.9510490298271179,-0.010418048937572167,86.49807424545288,0.12705078125,1000.0,1833.6273193359375,,
20,1637,8,32768,0.0001,28.38284068107605,0.014240282,4580,0.2,29.53969383239746,0.049991805106401443,0.9506516456604004,-0.008790182229131461,86.18161811828614,0.13330078125,1000.0,1826.487060546875,,
21,1679,9,36864,0.0001,28.38486909866333,0.020420428,4585,0.2,22.4240665435791,0.05000120401382446,0.9644526839256287,-0.013469126308336854,59.54736070632934,0.2080078125,1000.0,1826.487060546875,,
23,1726,10,40960,0.0001,28.38017907142639,0.015249848,4590,0.2,47.66651916503906,0.050005894154310226,0.8929303884506226,-0.009696179605089127,116.57772541046143,0.177978515625,1000.0,1826.487060546875,,
25,1765,11,45056,0.0001,28.380639028549194,0.020913687,4595,0.2,24.959075927734375,0.05000166967511177,0.9466986656188965,-0.011129936843644828,63.735717105865476,0.198583984375,1000.0,1826.487060546875,,
28,1705,12,49152,0.0001,28.3829785823822,0.024624862,4600,0.2,14.752523422241211,0.04999581724405289,0.9696152210235596,-0.009101556113455445,41.321850538253784,0.21171875,1000.0,1814.5931396484375,,
30,1743,13,53248,0.0001,28.38505036490304,0.025621722,4603,0.2,25.62152862548828,0.049990132451057434,0.9669818878173828,-0.002302574481637705,56.922904786609465,0.26841517857142855,1000.0,1814.5931396484375,,
32,1774,14,57344,0.0001,28.384737825393678,0.013496848,4608,0.2,23.43052101135254,0.05000044405460358,0.939727783203125,-0.008295935567002744,82.60304965972901,0.191357421875,1000.0,1814.5931396484375,,
34,1801,15,61440,0.0001,28.38198027610779,0.019734148,4613,0.2,15.94701099395752,0.04999664053320885,0.9578841924667358,-0.011083767015952617,55.87292165756226,0.171240234375,1000.0,1814.5931396484375,,
37,1753,16,65536,0.0001,28.3822594165802,0.022343589,4618,0.2,19.18564224243164,0.05001054331660271,0.9687516689300537,-0.012577568518463523,48.3652304649353,0.225,1000.0,1824.8902587890625,,
39,1770,17,69632,0.0001,28.377619886398314,0.021518625,4623,0.2,15.699581146240234,0.050015661865472794,0.9786281585693359,-0.009806218720041216,40.93101425170899,0.24990234375,1000.0,1824.8902587890625,,
41,1793,18,73728,0.0001,28.37986054420471,0.017362196,4628,0.2,35.613590240478516,0.0499899685382843,0.9485582113265991,-0.007118188607273623,86.27861728668213,0.235546875,1000.0,1824.8902587890625,,
42,1814,19,77824,0.0001,28.391556549072266,0.018902697,4633,0.2,27.454938888549805,0.04996129125356674,0.9546545743942261,-0.012662338552763686,66.41331148147583,0.21416015625,1000.0,1824.8902587890625,,
46,1753,20,81920,0.0001,28.400650024414062,0.024737649,4638,0.2,15.564766883850098,0.04993520677089691,0.9720087647438049,-0.011270799417980015,44.61706233024597,0.260205078125,1000.0,1856.09375,,
48,1773,21,86016,0.0001,28.409017038345336,0.024009667,4643,0.2,24.003849029541016,0.04992329329252243,0.9716066718101501,-0.007736400398425758,53.667623901367186,0.2638671875,1000.0,1856.09375,,
50,1792,22,90112,0.0001,28.413265419006347,0.01840315,4648,0.2,19.85401725769043,0.049900416284799576,0.9682754874229431,-0.011098228802438825,51.779458332061765,0.21787109375,1000.0,1856.09375,,
52,1810,23,94208,0.0001,28.42003378868103,0.01819785,4653,0.2,18.723424911499023,0.0498940609395504,0.9735832214355469,-0.010301206656731666,46.68992519378662,0.205810546875,1000.0,1856.09375,,
56,1747,24,98304,0.0001,28.420540428161623,0.016608119,4658,0.2,15.794797897338867,0.04989755526185036,0.9714041352272034,-0.008932554442435504,50.8238883972168,0.21181640625,1000.0,1887.3790283203125,,
58,1763,25,102400,0.0001,28.419735145568847,0.018323002,4663,0.2,34.16315841674805,0.04989369586110115,0.9632870554924011,-0.008645758021157236,74.47886190414428,0.23515625,1000.0,1887.3790283203125,,
59,1778,26,106496,0.0001,28.421235132217408,0.011737017,4668,0.2,46.67222595214844,0.04989268258213997,0.9277588725090027,-0.005119893170194701,121.97332534790038,0.19970703125,1000.0,1887.3790283203125,,
61,1793,27,110592,0.0001,28.421928930282593,0.012566329,4673,0.2,45.40724182128906,0.04988839104771614,0.9462114572525024,-0.010907937260344624,108.86796970367432,0.111376953125,1000.0,1887.3790283203125,,
65,1760,28,114688,0.0001,28.42191038131714,0.017727517,4678,0.2,21.63753318786621,0.0498972088098526,0.9642916321754456,-0.0116941345972009,59.19682655334473,0.183251953125,1000.0,1847.54931640625,,
66,1774,29,118784,0.0001,28.41765875816345,0.021924615,4683,0.2,22.273359298706055,0.04990604147315025,0.9662250876426697,-0.008411393384449184,49.82841491699219,0.256103515625,1000.0,1847.54931640625,,
68,1787,30,122880,0.0001,28.41844434738159,0.015761971,4688,0.2,18.303977966308594,0.04988811910152435,0.9483999013900757,-0.007528438774170354,45.01222996711731,0.224755859375,1000.0,1847.54931640625,,
70,1800,31,126976,0.0001,28.425276613235475,0.018022794,4693,0.2,15.940736770629883,0.04988040030002594,0.9676453471183777,-0.010176011372823267,37.216181945800784,0.2099609375,1000.0,1847.54931640625,,
74,1764,32,131072,0.0001,28.425557374954224,0.01954984,4698,0.2,18.7282657623291,0.04988498240709305,0.9434537887573242,-0.006542421859921888,44.5190731048584,0.2349609375,1000.0,1865.37744140625,,
76,1777,33,135168,0.0001,28.425112009048462,0.016616784,4703,0.2,34.1249885559082,0.04987575113773346,0.9495752453804016,-0.0075098374742083255,80.76542453765869,0.187060546875,1000.0,1865.37744140625,,
77,1786,34,139264,0.0001,28.427172899246216,0.0132854795,4708,0.2,32.48836898803711,0.0498841293156147,0.9517982602119446,-0.007291790074668824,84.17250452041625,0.147412109375,1000.0,1865.37744140625,,
79,1796,35,143360,0.0001,28.429377460479735,0.01787716,4713,0.2,19.721012115478516,0.04984407126903534,0.9718279838562012,-0.011726207076571881,52.25631074905395,0.1953125,1000.0,1865.37744140625,,
83,1765,36,147456,0.0001,28.4442195892334,0.01631711,4718,0.2,22.548686981201172,0.049823418259620667,0.9671363234519958,-0.00924524754518643,60.11390380859375,0.22001953125,1000.0,1869.985107421875,,
85,1776,37,151552,0.0001,28.44890513420105,0.023400053,4723,0.2,25.983572006225586,0.04980725049972534,0.9464978575706482,-0.011253193474840373,61.37808198928833,0.2341796875,1000.0,1869.985107421875,,
87,1786,38,155648,0.0001,28.455500221252443,0.02098414,4728,0.2,16.80471420288086,0.04978927969932556,0.9273728132247925,-0.011336580733768642,53.229012966156006,0.208056640625,1000.0,1869.985107421875,,
89,1794,39,159744,0.0001,28.458384807293232,0.028613936,4732,0.2,14.11695671081543,0.049795687198638916,0.9596152305603027,-0.013461477230661191,35.91588497161865,0.2629206730769231,999.8,1865.8018798828125,,
92,1774,40,163840,0.0001,28.454671573638915,0.024268089,4737,0.2,23.99759864807129,0.04980343580245972,0.9313389658927917,-0.010804371500853449,78.5194354057312,0.264892578125,999.8,1905.471923828125,,
94,1783,41,167936,0.0001,28.45338020324707,0.011725918,4742,0.2,42.739402770996094,0.04980627819895744,0.9065883755683899,-0.009062460288987495,110.45181884765626,0.126611328125,999.8,1905.471923828125,,
95,1793,42,172032,0.0001,28.451605701446532,0.013332454,4747,0.2,22.932640075683594,0.04981507733464241,0.9410240650177002,-0.010572648682864384,70.53815565109252,0.117724609375,999.8,1905.471923828125,,
99,1768,43,176128,0.0001,28.450202846527098,0.016232343,4752,0.2,26.84911346435547,0.04980594292283058,0.9640336632728577,-0.01110640579718165,63.61952533721924,0.166455078125,999.8,1878.4415283203125,,
101,1775,44,180224,0.0001,28.454880046844483,0.018136084,4757,0.2,21.533287048339844,0.049797143787145615,0.9608238339424133,-0.014662733272416517,59.560519504547116,0.19052734375,999.8,1878.4415283203125,,
103,1783,45,184320,0.0001,28.455975008010864,0.01521239,4762,0.2,50.30615234375,0.04979773983359337,0.8040943741798401,-0.011171528097474948,144.67656936645508,0.16640625,999.8,1878.4415283203125,,
105,1792,46,188416,0.0001,28.4565007686615,0.012215685,4767,0.2,60.11738967895508,0.04978976771235466,0.8350241184234619,-0.012155275791883469,164.12700347900392,0.11494140625,999.8,1878.4415283203125,,
108,1770,47,192512,0.0001,28.460005712509155,0.014501088,4772,0.2,35.806312561035156,0.049783945083618164,0.8844337463378906,-0.010570837854174897,101.0500913619995,0.14287109375,999.8,1836.649169921875,,
110,1777,48,196608,0.0001,28.46247363090515,0.019400652,4777,0.2,35.87120819091797,0.049774784594774246,0.9291436672210693,-0.011133778234943747,81.76408309936524,0.20263671875,999.8,1836.649169921875,,
112,1785,49,200704,0.0001,28.46501088142395,0.014330655,4782,0.2,21.894798278808594,0.04976985231041908,0.9711278080940247,-0.011044498661067336,69.27114763259888,0.151806640625,999.8,1836.649169921875,,
114,1793,50,204800,0.0001,28.46920156478882,0.015967607,4787,0.2,20.466262817382812,0.04974554479122162,0.9750393033027649,-0.010205522092292085,49.255004692077634,0.15576171875,999.8,1836.649169921875,,
118,1769,51,208896,0.0001,28.480931091308594,0.019259334,4792,0.2,17.0478572845459,0.04971347376704216,0.9794794917106628,-0.01092456969199702,43.28787169456482,0.207666015625,999.8,1877.96826171875,,
120,1774,52,212992,0.0001,28.489484596252442,0.022372253,4797,0.2,23.0076961517334,0.049694932997226715,0.9754599928855896,-0.012288370012538508,52.54242992401123,0.245361328125,999.8,1877.96826171875,,
121,1781,53,217088,0.0001,28.495961809158324,0.014044629,4802,0.2,55.887969970703125,0.0496772862970829,0.8984456062316895,-0.00813480201177299,139.03596382141114,0.1798828125,999.8,1877.96826171875,,
123,1788,54,221184,0.0001,28.50026535987854,0.01620062,4807,0.2,32.254878997802734,0.04967625066637993,0.9175364971160889,-0.013578758726362139,102.33584976196289,0.15078125,999.8,1877.96826171875,,
127,1771,55,225280,0.0001,28.4984561920166,0.019450853,4812,0.2,38.21181869506836,0.04968288913369179,0.9275806546211243,-0.01461278562201187,97.7537612915039,0.193115234375,999.8,1876.22900390625,,
129,1777,56,229376,0.0001,28.496199131011963,0.019727916,4817,0.2,39.558162689208984,0.04969372972846031,0.9464375972747803,-0.011290027829818427,76.68728837966918,0.20009765625,999.8,1876.22900390625,,
130,1784,57,233472,0.0001,28.492468738555907,0.016818264,4822,0.2,48.31249237060547,0.04969820752739906,0.9348318576812744,-0.010100706957746296,99.23611965179444,0.18291015625,999.8,1876.22900390625,,
132,1791,58,237568,0.0001,28.49344401359558,0.019062568,4827,0.2,37.85206985473633,0.04968550428748131,0.9492440223693848,-0.010915192740503699,84.28170461654663,0.184033203125,999.8,1876.22900390625,,
136,1771,59,241664,0.0001,28.498076295852663,0.018674467,4832,0.2,52.073570251464844,0.049678776413202286,0.9337995052337646,-0.011405344225931913,127.5069133758545,0.200390625,999.8,1870.7020263671875,,
138,1778,60,245760,0.0001,28.505013847351073,0.019010168,4837,0.2,35.83906173706055,0.049638763070106506,0.9615484476089478,-0.013109748187707737,78.52995595932006,0.22119140625,999.8,1870.7020263671875,,
140,1784,61,249856,0.0001,28.51736626625061,0.015501568,4842,0.2,43.9099006652832,0.04961947351694107,0.9445961713790894,-0.010669645806774496,111.93537368774415,0.1859375,999.8,1870.7020263671875,,
164,1539,62,253952,0.0001,28.52050862312317,0.021823,4847,0.2,38.77657699584961,0.04962276294827461,0.9583446383476257,-0.012829874968156218,88.89018058776855,0.23271484375,999.8,1870.7020263671875,2.5673161839560263,250000
169,1524,63,258048,0.0001,28.519242382049562,0.016657995,4852,0.2,39.727447509765625,0.0496223121881485,0.9582354426383972,-0.008454237109981477,91.15124397277832,0.19794921875,1000.0,1836.9180908203125,,
171,1532,64,262144,0.0001,28.523963260650635,0.016564667,4857,0.2,30.970603942871094,0.049592625349760056,0.9550431370735168,-0.007276445341994986,81.17319564819336,0.18818359375,1000.0,1836.9180908203125,,
172,1540,65,266240,0.0001,28.533689165115355,0.017651202,4862,0.2,27.827219009399414,0.049579039216041565,0.9268699884414673,-0.006673273666820023,73.8736665725708,0.208837890625,1000.0,1836.9180908203125,,
174,1547,66,270336,0.0001,28.536344718933105,0.021577684,4867,0.2,21.712923049926758,0.049574218690395355,0.9490145444869995,-0.008788997289957478,55.78051204681397,0.234033203125,1000.0,1836.9180908203125,,
178,1537,67,274432,0.0001,28.538856649398802,0.021486878,4872,0.2,23.13987159729004,0.049565330147743225,0.9446287155151367,-0.007350217062048614,56.05186653137207,0.22412109375,1000.0,1793.60107421875,,
180,1545,68,278528,0.0001,28.544849109649657,0.01781366,4877,0.2,34.255001068115234,0.04953739792108536,0.9450884461402893,-0.009243039711145684,82.60249519348145,0.216845703125,1000.0,1793.60107421875,,
182,1552,69,282624,0.0001,28.55522232055664,0.015121978,4882,0.2,32.61899948120117,0.04951028525829315,0.9519063830375671,-0.008841257391031832,82.48708391189575,0.162255859375,1000.0,1793.60107421875,,
183,1559,70,286720,0.0001,28.562285137176513,0.01653387,4887,0.2,23.268146514892578,0.04950337111949921,0.9570621252059937,-0.0138476193533279,66.5763578414917,0.179833984375,1000.0,1793.60107421875,,
187,1549,71,290816,0.0001,28.56460485458374,0.015568782,4892,0.2,32.46438980102539,0.04949496313929558,0.9446452856063843,-0.012260523741133511,80.96258039474488,0.17021484375,1000.0,1809.47998046875,,
189,1556,72,294912,0.0001,28.565273332595826,0.017479954,4897,0.2,23.251972198486328,0.049504611641168594,0.9579641222953796,-0.01213717347709462,56.709089851379396,0.185595703125,1000.0,1809.47998046875,,
191,1563,73,299008,0.0001,28.562471389770508,0.017423082,4902,0.2,30.895999908447266,0.04950465261936188,0.9297281503677368,-0.009547104797093198,82.70883865356446,0.203125,1000.0,1809.47998046875,,
193,1569,74,303104,0.0001,28.563738965988158,0.021011183,4907,0.2,10.814844131469727,0.04949799180030823,0.9689760208129883,-0.00822294336539926,32.63597612380981,0.19384765625,1000.0,1809.47998046875,,
197,1554,75,307200,0.0001,28.56687240600586,0.021808734,4912,0.2,12.791565895080566,0.04948858171701431,0.9662228226661682,-0.005685332568828016,38.1848382472992,0.2453125,1000.0,1824.0682373046875,,
199,1561,76,311296,0.0001,28.571452045440672,0.01761214,4917,0.2,32.830230712890625,0.04947219789028168,0.9311116337776184,-0.010808333358727395,78.12230978012084,0.2240234375,1000.0,1824.0682373046875,,
201,1567,77,315392,0.0001,28.57545657157898,0.018095385,4922,0.2,24.595130920410156,0.04946969076991081,0.9478418231010437,-0.010586731065995992,67.34693403244019,0.208544921875,1000.0,1824.0682373046875,,
203,1573,78,319488,0.0001,28.578780603408813,0.021176811,4927,0.2,18.200754165649414,0.049445249140262604,0.9648631811141968,-0.006760792911518365,42.813680219650266,0.21962890625,1000.0,1824.0682373046875,,
206,1564,79,323584,0.0001,28.58919038772583,0.022942808,4932,0.2,15.055383682250977,0.04941989853978157,0.9564754366874695,-0.00973820547806099,41.528421020507814,0.21396484375,1000.0,1871.821044921875,,
208,1570,80,327680,0.0001,28.595528602600098,0.01176614,4937,0.2,44.59246826171875,0.04941380396485329,0.8908551931381226,-0.00405441471375525,130.1007293701172,0.19580078125,1000.0,1871.821044921875,,
210,1576,81,331776,0.0001,28.595510911941528,0.014272651,4942,0.2,40.44096755981445,0.049415215849876404,0.9173201322555542,-0.01072709434083663,108.37036247253418,0.118896484375,1000.0,1871.821044921875,,
212,1581,82,335872,0.0001,28.5951030254364,0.01494231,4947,0.2,43.15253829956055,0.049416765570640564,0.9380446076393127,-0.011459617142099887,100.21821098327636,0.149072265625,1000.0,1862.3543701171875,,
216,1573,83,339968,0.0001,28.59559283256531,0.018312648,4952,0.2,29.503206253051758,0.049412552267313004,0.9493587017059326,-0.015636351890861988,82.01024894714355,0.1767578125,1000.0,1829.0472412109375,,
217,1578,84,344064,0.0001,28.597984266281127,0.01832866,4957,0.2,37.10273742675781,0.04940050095319748,0.9558395743370056,-0.01302470118389465,99.19484806060791,0.201416015625,1000.0,1829.0472412109375,,
219,1584,85,348160,0.0001,28.60310788154602,0.016518913,4962,0.2,15.928098678588867,0.04938308894634247,0.9767957329750061,-0.009223178157117217,48.383466720581055,0.181298828125,1000.0,1829.0472412109375,,
223,1572,86,352256,0.0001,28.612796020507812,0.017791837,4967,0.2,15.104607582092285,0.0493474118411541,0.9787066578865051,-0.010346772172488273,48.28465123176575,0.1951171875,1000.0,1857.5435791015625,,
225,1577,87,356352,0.0001,28.625340747833253,0.02015752,4972,0.2,17.21176528930664,0.04932154342532158,0.9799870252609253,-0.012740229122573509,44.78451671600342,0.225537109375,1000.0,1857.5435791015625,,
227,1582,88,360448,0.0001,28.63180160522461,0.018817186,4977,0.2,22.113849639892578,0.049313247203826904,0.9423890709877014,-0.00869930029148236,60.02385921478272,0.21416015625,1000.0,1857.5435791015625,,
229,1588,89,364544,0.0001,28.63097529411316,0.022487659,4982,0.2,14.022797584533691,0.04932808503508568,0.9613569974899292,-0.007513883349020034,38.35215945243836,0.258154296875,1000.0,1857.5435791015625,,
234,1575,90,368640,0.0001,28.624898862838744,0.021871224,4987,0.2,13.434823989868164,0.04934139549732208,0.9670461416244507,-0.006875022815074771,34.44284586906433,0.2642578125,999.74,1897.1663818359375,,
235,1579,91,372736,0.0001,28.62360610961914,0.019920945,4992,0.2,35.532981872558594,0.04933176562190056,0.9319306015968323,-0.00956238347280305,101.08751983642578,0.25703125,991.69,1890.3382568359375,,
237,1585,92,376832,0.0001,28.627301502227784,0.014811711,4997,0.2,118.45408630371094,0.049328166991472244,0.8302530646324158,-0.009542385174427181,240.9165916442871,0.1685546875,991.69,1890.3382568359375,,
239,1590,93,380928,0.0001,28.62628607749939,0.01440271,5002,0.2,43.746299743652344,0.0493360310792923,0.9045625925064087,-0.013155734923202544,117.0574327468872,0.165625,991.69,1890.3382568359375,,
243,1582,94,385024,0.0001,28.62506232261658,0.016070943,5007,0.2,32.62928009033203,0.04933062195777893,0.9305372834205627,-0.012051660474389792,84.33918981552124,0.15517578125,991.69,1861.6959228515625,,
245,1586,95,389120,0.0001,28.629352855682374,0.015901506,5012,0.2,50.46152114868164,0.04931236803531647,0.9312978982925415,-0.014532383566256612,111.86864547729492,0.1697265625,991.69,1862.001708984375,,
247,1591,96,393216,0.0001,28.63294949531555,0.018456584,5017,0.2,36.1577033996582,0.04931897297501564,0.9510979652404785,-0.015389159065671265,86.7084337234497,0.21826171875,991.69,1862.001708984375,,
248,1596,97,397312,0.0001,28.63125925064087,0.017098546,5022,0.2,22.539783477783203,0.04931274428963661,0.9611855149269104,-0.01315750740468502,71.23764362335206,0.182861328125,991.69,1862.001708984375,,
252,1588,98,401408,0.0001,28.633324527740477,0.021343555,5027,0.2,18.216337203979492,0.04931429401040077,0.9694815874099731,-0.011902878643013537,55.81476526260376,0.202978515625,991.69,1850.1490478515625,,
254,1592,99,405504,0.0001,28.63074908256531,0.020077854,5032,0.2,24.599992752075195,0.049326494336128235,0.9712964296340942,-0.00926178012159653,57.6141939163208,0.22939453125,991.69,1837.7188720703125,,
256,1596,100,409600,0.0001,28.628251552581787,0.013853743,5037,0.2,31.00496482849121,0.049321338534355164,0.9148377180099487,-0.008063517592381686,102.66212587356567,0.19267578125,991.69,1837.7188720703125,,
258,1601,101,413696,0.0001,28.632429218292238,0.015258745,5042,0.2,31.073522567749023,0.04931032657623291,0.9254955649375916,-0.01138044303515926,87.37815237045288,0.15234375,991.69,1837.7188720703125,,
262,1593,102,417792,0.0001,28.63605389595032,0.017744076,5047,0.2,12.749914169311523,0.04929671064019203,0.9709002375602722,-0.01028637815034017,40.74753284454346,0.1853515625,991.69,1840.14501953125,,
264,1597,103,421888,0.0001,28.64202151298523,0.017678745,5052,0.2,21.48295021057129,0.04928263649344444,0.9595887064933777,-0.006136760453227907,51.20311050415039,0.23310546875,991.69,1835.1907958984375,,
265,1601,104,425984,0.0001,28.64643797874451,0.019494727,5057,0.2,23.975727081298828,0.049270980060100555,0.9143031239509583,-0.0068373752874322236,66.3497802734375,0.218798828125,991.69,1835.1907958984375,,
267,1606,105,430080,0.0001,28.65154137611389,0.017118704,5062,0.2,28.28171730041504,0.04925312101840973,0.9397109746932983,-0.008605453144991771,59.57839307785034,0.190576171875,991.69,1835.1907958984375,,
271,1600,106,434176,0.0001,28.655139446258545,0.020106409,5067,0.2,18.686338424682617,0.0492592379450798,0.9427570104598999,-0.010718213208019734,48.336150550842284,0.194873046875,991.69,1856.7554931640625,,
273,1603,107,438272,0.0001,28.653527355194093,0.017479472,5072,0.2,30.62982177734375,0.04924936220049858,0.929561972618103,-0.008641656819963827,81.42972412109376,0.23291015625,991.69,1861.26806640625,,
275,1608,108,442368,0.0001,28.6578067779541,0.012429522,5077,0.2,40.69986343383789,0.04924532026052475,0.8960833549499512,-0.012619554169941694,110.84004650115966,0.144287109375,991.69,1861.26806640625,,
276,1612,109,446464,0.0001,28.65878176689148,0.012852474,5082,0.2,40.32099533081055,0.04923902451992035,0.8963264226913452,-0.012336901808157563,115.67240657806397,0.11748046875,991.69,1861.26806640625,,
280,1605,110,450560,0.0001,28.662550163269042,0.01730908,5087,0.2,39.623722076416016,0.049224853515625,0.9220507144927979,-0.012220943724969402,101.86966228485107,0.18779296875,991.69,1841.8240966796875,,
282,1609,111,454656,0.0001,28.667507791519164,0.01885233,5092,0.2,37.227745056152344,0.0492141954600811,0.94082111120224,-0.011823520436882973,87.93064088821411,0.174560546875,991.69,1828.3712158203125,,
284,1613,112,458752,0.0001,28.66992039680481,0.016797733,5097,0.2,21.583166122436523,0.04921518638730049,0.9616143107414246,-0.008439298684243113,61.89491233825684,0.164013671875,991.69,1828.3712158203125,,
286,1617,113,462848,0.0001,28.670484685897826,0.0151776215,5102,0.2,27.45111083984375,0.049199726432561874,0.9485122561454773,-0.004068879236001521,69.31041383743286,0.193310546875,991.69,1828.3712158203125,,
289,1611,114,466944,0.0001,28.677301454544068,0.019165812,5107,0.2,14.778345108032227,0.04918830841779709,0.9660378694534302,-0.006261832674499601,40.148461771011355,0.211572265625,991.95,1822.70947265625,,
291,1615,115,471040,0.0001,28.682319498062135,0.02303273,5112,0.2,14.711771011352539,0.049162015318870544,0.9611067175865173,-0.005560362918186001,38.601867294311525,0.233935546875,991.95,1818.3416748046875,,
293,1619,116,475136,0.0001,28.693702363967894,0.01937195,5117,0.2,13.437310218811035,0.049128443002700806,0.9520324468612671,-0.006386679480783641,40.282396697998045,0.2275390625,991.95,1818.3416748046875,,
295,1623,117,479232,0.0001,28.705453538894652,0.020741917,5122,0.2,13.616052627563477,0.0491054393351078,0.964439868927002,-0.011271735280752182,36.611549949646,0.221044921875,991.95,1818.3416748046875,,
299,1616,118,483328,0.0001,28.713025331497192,0.019434605,5127,0.2,10.093707084655762,0.04908742010593414,0.9725435376167297,-0.009644731361186131,32.721982860565184,0.22587890625,1000.0,1826.0166015625,,
300,1620,119,487424,0.0001,28.717892980575563,0.019264568,5132,0.2,36.98305892944336,0.049077436327934265,0.9288449287414551,-0.009979061014018954,81.39774751663208,0.219482421875,1000.0,1826.0166015625,,
302,1624,120,491520,0.0001,28.722650861740114,0.01987801,5137,0.2,24.80801773071289,0.049057960510253906,0.9219717383384705,-0.01028781437780708,59.30595798492432,0.20927734375,1000.0,1826.0166015625,,
304,1627,121,495616,0.0001,28.728409337997437,0.022039015,5142,0.2,27.797964096069336,0.049050893634557724,0.9347832798957825,-0.007542771741282195,59.41950082778931,0.212841796875,1000.0,1830.22998046875,,
309,1615,122,499712,0.0001,28.732249069213868,0.019408222,5147,0.2,21.228782653808594,0.04902784153819084,0.9497926235198975,-0.005737463131663389,50.01419134140015,0.209423828125,1000.0,1847.3570556640625,,
332,1516,123,503808,0.0001,28.739031171798707,0.01671751,5152,0.2,24.06803321838379,0.049025971442461014,0.9251720309257507,-0.005200884270016104,72.09945650100708,0.203759765625,1000.0,1847.3570556640625,2.4753636792004965,250000
334,1520,124,507904,0.0001,28.739442014694212,0.01580425,5157,0.2,28.266340255737305,0.049017418175935745,0.9143603444099426,-0.01114706348744221,80.09162397384644,0.1775390625,1000.0,1847.3570556640625,,
337,1517,125,512000,0.0001,28.745860242843627,0.018654931,5162,0.2,24.70050048828125,0.048995207995176315,0.9311943054199219,-0.008615603134967387,62.624683666229245,0.18154296875,1000.0,1836.0528564453125,,
339,1519,126,516096,0.0001,28.750750970840453,0.01701049,5167,0.2,26.46954917907715,0.04898982122540474,0.9359043836593628,-0.010345099063124507,60.44941492080689,0.192724609375,1000.0,1820.4520263671875,,
341,1523,127,520192,0.0001,28.75289363861084,0.015597389,5172,0.2,39.92471694946289,0.04898788034915924,0.8895910382270813,-0.00978508808184415,99.10108299255371,0.161572265625,1000.0,1820.4520263671875,,
343,1527,128,524288,0.0001,28.752580690383912,0.014772758,5177,0.2,30.996824264526367,0.048990145325660706,0.9258438944816589,-0.008105416811304167,87.65710067749023,0.152392578125,1000.0,1820.4520263671875,,
346,1523,129,528384,0.0001,28.749570083618163,0.016031688,5182,0.2,47.4012336730957,0.04901088774204254,0.9126768708229065,-0.011326596239814534,112.26091156005859,0.174658203125,1000.0,1828.242919921875,,
349,1525,130,532480,0.0001,28.743599271774293,0.016306419,5187,0.2,41.929378509521484,0.049005452543497086,0.9123542308807373,-0.010425531421788037,119.69077644348144,0.179296875,1000.0,1825.126708984375,,
350,1529,131,536576,0.0001,28.748391103744506,0.019769583,5192,0.2,33.84170913696289,0.048995062708854675,0.9353399872779846,-0.013861469062976538,93.84846210479736,0.215869140625,1000.0,1825.126708984375,,
352,1533,132,540672,0.0001,28.751098442077637,0.020346772,5197,0.2,20.480958938598633,0.04899624362587929,0.9583814740180969,-0.009331597859272733,53.24579429626465,0.21748046875,1000.0,1825.126708984375,,
356,1529,133,544768,0.0001,28.74926586151123,0.020139787,5202,0.2,12.780548095703125,0.048997342586517334,0.9749990701675415,-0.0072506621945649385,41.198455238342284,0.20791015625,1000.0,1887.7259521484375,,
358,1533,134,548864,0.0001,28.745323801040648,0.018871162,5207,0.2,20.473594665527344,0.04902809485793114,0.965755045413971,-0.010853560670511797,53.02060766220093,0.24423828125,1000.0,1896.9381103515625,,
359,1536,135,552960,0.0001,28.735192441940306,0.015119006,5212,0.2,41.83869171142578,0.04903566092252731,0.9311540722846985,-0.00877758053247817,102.30238513946533,0.174755859375,1000.0,1896.9381103515625,,
361,1540,136,557056,0.0001,28.734513378143312,0.016032906,5217,0.2,20.00421714782715,0.04904143512248993,0.9562840461730957,-0.01209023422561586,61.43831176757813,0.1787109375,1000.0,1896.9381103515625,,
366,1531,137,561152,0.0001,28.734391355514525,0.016903669,5222,0.2,15.810547828674316,0.049028996378183365,0.9557012915611267,-0.009789080126211047,46.920009565353396,0.18525390625,1000.0,1897.204345703125,,
368,1534,138,565248,0.0001,28.738237592909073,0.030677887,5224,0.2,42.160423278808594,0.04902655631303787,0.9426940679550171,0.00722286415596803,96.72740173339844,0.21614583333333334,1000.0,1895.77392578125,,
370,1538,139,569344,0.0001,28.738622665405273,0.011449993,5229,0.2,48.19588088989258,0.0490255206823349,0.9041630625724792,-0.008387533074710518,137.13806667327881,0.098388671875,1000.0,1895.77392578125,,
371,1541,140,573440,0.0001,28.73929696083069,0.012260286,5234,0.2,39.435604095458984,0.04902344569563866,0.9390321373939514,-0.012267391930799931,116.65738677978516,0.11015625,1000.0,1895.77392578125,,
375,1537,141,577536,0.0001,28.73945822715759,0.014475102,5239,0.2,35.02154541015625,0.04902670904994011,0.9493292570114136,-0.012466834438964725,98.10444355010986,0.113232421875,1000.0,1868.5255126953125,,
377,1540,142,581632,0.0001,28.73698945045471,0.017007817,5244,0.2,42.74850082397461,0.04904191195964813,0.9413466453552246,-0.012901295500341803,105.0572172164917,0.1841796875,1000.0,1854.016357421875,,
379,1543,143,585728,0.0001,28.73307113647461,0.012988831,5249,0.2,39.60618209838867,0.049037739634513855,0.8586698174476624,-0.00884323155041784,115.30574474334716,0.13330078125,1000.0,1854.016357421875,,
381,1547,144,589824,0.0001,28.73595485687256,0.013256483,5254,0.2,43.15753173828125,0.049031391739845276,0.8674346804618835,-0.012644789961632341,135.69421215057372,0.138330078125,1000.0,1854.016357421875,,
385,1541,145,593920,0.0001,28.736725568771362,0.017033014,5259,0.2,33.36179733276367,0.049035344272851944,0.9091810584068298,-0.011618336336687208,95.08968467712403,0.168017578125,1000.0,1823.9371337890625,,
387,1543,146,598016,0.0001,28.736602210998534,0.018167265,5264,0.2,34.19099807739258,0.04902704432606697,0.9453328847885132,-0.012233784282580018,85.52468757629394,0.21708984375,1000.0,1829.4102783203125,,
389,1547,147,602112,0.0001,28.741317796707154,0.015936602,5269,0.2,25.334026336669922,0.04900991544127464,0.967884361743927,-0.008986026234924793,67.65948553085327,0.166796875,1000.0,1829.4102783203125,,
390,1550,148,606208,0.0001,28.74480938911438,0.014495218,5274,0.2,28.251420974731445,0.049011584371328354,0.9655913710594177,-0.008402414014562964,73.92775115966796,0.183251953125,1000.0,1829.4102783203125,,
394,1547,149,610304,0.0001,28.746209049224852,0.018514385,5279,0.2,26.270376205444336,0.04899604618549347,0.9738917350769043,-0.008539883111370727,61.92999143600464,0.22451171875,1000.0,1842.974365234375,,
396,1549,150,614400,0.0001,28.753014421463014,0.017176673,5284,0.2,26.511354446411133,0.04897937923669815,0.9603385925292969,-0.010368648555595428,68.16451330184937,0.207275390625,1000.0,1829.92041015625,,
398,1553,151,618496,0.0001,28.756641244888307,0.012078498,5289,0.2,25.82259750366211,0.04897752031683922,0.9386401176452637,-0.00826564350281842,86.12643518447877,0.13369140625,1000.0,1829.92041015625,,
400,1556,152,622592,0.0001,28.758176231384276,0.016821612,5294,0.2,31.029451370239258,0.04896335303783417,0.9638846516609192,-0.011752755602356047,77.87120685577392,0.187353515625,1000.0,1829.92041015625,,
404,1548,153,626688,0.0001,28.763282823562623,0.017609406,5299,0.2,27.940793991088867,0.04896119609475136,0.9605774879455566,-0.009485151374246926,68.78337774276733,0.17734375,1000.0,1796.46533203125,,
406,1551,154,630784,0.0001,28.760970640182496,0.016794393,5304,0.2,48.444034576416016,0.04897283390164375,0.9169334769248962,-0.007671932002995163,109.75870342254639,0.179541015625,1000.0,1787.4468994140625,,
408,1554,155,634880,0.0001,28.756980323791502,0.01534822,5309,0.2,54.951148986816406,0.04897802323102951,0.8934731483459473,-0.011980297008994967,131.54711151123047,0.171875,1000.0,1787.4468994140625,,
410,1557,156,638976,0.0001,28.758353328704835,0.016370077,5314,0.2,56.152034759521484,0.048963744193315506,0.8737121224403381,-0.015038681155419908,140.48375759124755,0.177392578125,1000.0,1787.4468994140625,,
414,1552,157,643072,0.0001,28.762815713882446,0.015882375,5319,0.2,60.102272033691406,0.048960283398628235,0.8687564730644226,-0.010481736913789064,151.05851135253906,0.136474609375,1000.0,1803.2470703125,,
416,1554,158,647168,0.0001,28.762276697158814,0.01624433,5324,0.2,73.833740234375,0.048963844776153564,0.8045876026153564,-0.013162558129988611,187.2976951599121,0.1646484375,1000.0,1781.45947265625,,
418,1557,159,651264,0.0001,28.75978856086731,0.015626239,5329,0.2,46.80419921875,0.04897654801607132,0.8013075590133667,-0.01366132391267456,121.81858940124512,0.145361328125,1000.0,1781.45947265625,,
420,1560,160,655360,0.0001,28.756197881698608,0.014068851,5334,0.2,37.40087890625,0.0489746630191803,0.8554539084434509,-0.010123302054125816,120.15302963256836,0.114013671875,1000.0,1774.97509765625,,
423,1556,161,659456,0.0001,28.760667037963866,0.01948008,5339,0.2,38.677696228027344,0.04895700886845589,0.8968506455421448,-0.010990626766579225,98.7438720703125,0.1931640625,1000.0,1805.342529296875,,
425,1559,162,663552,0.0001,28.765621185302734,0.016612435,5344,0.2,41.31576156616211,0.04894785210490227,0.8931344151496887,-0.012132426910102367,118.22500915527344,0.19248046875,1000.0,1805.342529296875,,
427,1562,163,667648,0.0001,28.769503784179687,0.017948732,5349,0.2,37.993629455566406,0.048934925347566605,0.912009060382843,-0.015315403789281845,111.40376224517823,0.20693359375,1000.0,1805.342529296875,,
429,1564,164,671744,0.0001,28.77289958000183,0.018914059,5354,0.2,14.702412605285645,0.04893627390265465,0.9651801586151123,-0.010446114098886027,47.03592858314514,0.19833984375,1000.0,1796.0018310546875,,
432,1561,165,675840,0.0001,28.770768690109254,0.022109043,5359,0.2,22.57726287841797,0.048947930335998535,0.9565490484237671,-0.006249420961830765,52.55765647888184,0.23408203125,1000.0,1827.3482666015625,,
434,1564,166,679936,0.0001,28.771006559714294,0.02514514,5364,0.2,21.423526763916016,0.048921409994363785,0.9344882369041443,-0.007933402684732126,51.851942209097054,0.29016426282051283,1000.0,1827.3482666015625,,
436,1566,167,684032,0.0001,28.780239582061768,0.023413222,5369,0.2,23.942007064819336,0.0489092618227005,0.9397166967391968,-0.006709309597499669,52.82463140487671,0.262060546875,1000.0,1827.3482666015625,,
440,1563,168,688128,0.0001,28.787118005752564,0.024376212,5374,0.2,16.560047149658203,0.04887506738305092,0.9641481637954712,-0.008149018429685384,35.741508674621585,0.279296875,1000.0,1891.587158203125,,
442,1565,169,692224,0.0001,28.798500728607177,0.025695017,5379,0.2,11.535884857177734,0.04885226488113403,0.9671723246574402,-0.007726692268624902,32.44918713569641,0.26201171875,1000.0,1890.9041748046875,,
444,1568,170,696320,0.0001,28.803939628601075,0.015320377,5384,0.2,33.60918045043945,0.04884792119264603,0.9001650214195251,-0.007486350042745471,85.84207019805908,0.220654296875,1000.0,1890.9041748046875,,
445,1570,171,700416,0.0001,28.80548577308655,0.013971054,5389,0.2,81.91351318359375,0.048842091113328934,0.7800320982933044,-0.010417928476817906,215.84350471496583,0.163232421875,1000.0,1890.9041748046875,,
449,1566,172,704512,0.0001,28.806312608718873,0.016678905,5394,0.2,36.18428039550781,0.04884660989046097,0.8692911863327026,-0.011852333004935645,88.2215711593628,0.205517578125,1000.0,1921.7493896484375,,
451,1568,173,708608,0.0001,28.80399832725525,0.024597371,5399,0.2,18.20933723449707,0.04885069280862808,0.9360743761062622,-0.009743934078142048,46.63209571838379,0.2107421875,1000.0,1900.46142578125,,
453,1571,174,712704,0.0001,28.80382194519043,0.01978479,5404,0.2,40.600830078125,0.048848263919353485,0.9221542477607727,-0.006046931562013924,108.20370388031006,0.2599609375,1000.0,1900.46142578125,,
455,1574,175,716800,0.0001,28.804624700546263,0.014066869,5409,0.2,53.89131546020508,0.048853714019060135,0.9073406457901001,-0.009778010688023642,137.9316764831543,0.14052734375,1000.0,1900.46142578125,,
458,1571,176,720896,0.0001,28.803772449493408,0.020457447,5414,0.2,17.25396728515625,0.048843007534742355,0.9551051259040833,-0.01108247431111522,63.69477205276489,0.186962890625,1000.0,1942.5994873046875,,
460,1573,177,724992,0.0001,28.812298345565797,0.020093117,5419,0.2,26.14091682434082,0.04880930110812187,0.9614412188529968,-0.011599823599681258,62.47509603500366,0.24814453125,1000.0,1928.3260498046875,,
462,1576,178,729088,0.0001,28.819615602493286,0.016480356,5424,0.2,31.80647850036621,0.048819709569215775,0.9362688064575195,-0.007928990939399227,76.13356723785401,0.20009765625,1000.0,1928.3260498046875,,
464,1578,179,733184,0.0001,28.815048503875733,0.018552111,5429,0.2,21.427066802978516,0.04881371185183525,0.9490006566047668,-0.00945831778808497,63.88532705307007,0.22021484375,1000.0,1928.3260498046875,,
468,1573,180,737280,0.0001,28.818480348587038,0.01690228,5434,0.2,22.001127243041992,0.04880966618657112,0.9582521319389343,-0.00700531970942393,55.12509880065918,0.204150390625,1000.0,1938.82763671875,,
470,1575,181,741376,0.0001,28.818694972991942,0.018406032,5439,0.2,29.241321563720703,0.048810724169015884,0.9529545307159424,-0.007524739150539972,76.49249696731567,0.2232421875,1000.0,1950.552978515625,,
472,1578,182,745472,0.0001,28.81887583732605,0.012709365,5444,0.2,84.68380737304688,0.04880928993225098,0.9148643016815186,-0.009643777381279505,193.73470802307128,0.167333984375,1000.0,1950.552978515625,,
474,1581,183,749568,0.0001,28.820293760299684,0.014826828,5449,0.2,43.73704528808594,0.04879973083734512,0.9539453983306885,-0.010334354697261006,118.92747936248779,0.1166015625,1000.0,1950.552978515625,,
499,1508,184,753664,0.0001,28.82397985458374,0.018044202,5454,0.2,30.678150177001953,0.04879387468099594,0.9628430604934692,-0.013398500671610237,83.91448888778686,0.190087890625,1000.0,1886.906982421875,2.5596915357756296,250000
501,1511,185,757760,0.0001,28.82550506591797,0.018658537,5459,0.2,34.730003356933594,0.04879452660679817,0.961173415184021,-0.01059414753690362,93.68916339874268,0.189404296875,1000.0,1882.411865234375,,
503,1514,186,761856,0.0001,28.82514605522156,0.01574764,5464,0.2,54.714969635009766,0.04878850653767586,0.9466742277145386,-0.012636629689950496,133.83261642456054,0.175341796875,1000.0,1882.411865234375,,
505,1516,187,765952,0.0001,28.82812819480896,0.014930258,5469,0.2,35.601661682128906,0.04878303036093712,0.9629027247428894,-0.013446318247588351,121.02151832580566,0.137451171875,1000.0,1882.411865234375,,
508,1514,188,770048,0.0001,28.828167772293092,0.016911376,5474,0.2,35.32589340209961,0.048788394778966904,0.9632551074028015,-0.012890168675221502,101.6332426071167,0.159228515625,1000.0,1888.2698974609375,,
510,1516,189,774144,0.0001,28.825997257232665,0.01691338,5479,0.2,41.505821228027344,0.048791687935590744,0.9442766904830933,-0.011298461235128343,109.96267948150634,0.16201171875,1000.0,1881.58349609375,,
512,1519,190,778240,0.0001,28.825909948349,0.017195683,5484,0.2,53.071964263916016,0.04878818616271019,0.909130334854126,-0.012065290217287838,144.13880424499513,0.174462890625,1000.0,1881.58349609375,,
514,1521,191,782336,0.0001,28.828862047195436,0.015643792,5489,0.2,50.13800811767578,0.04877524822950363,0.9366837739944458,-0.012664714135462418,121.57045249938965,0.1685546875,1000.0,1881.58349609375,,
517,1518,192,786432,0.0001,28.830127906799316,0.017285815,5494,0.2,33.38798522949219,0.04878973215818405,0.9600009322166443,-0.009255451342323796,81.21694974899292,0.179296875,1000.0,1877.1318359375,,
519,1520,193,790528,0.0001,28.828294038772583,0.020266328,5499,0.2,34.64292907714844,0.0487685389816761,0.9671712517738342,-0.010833166248630732,75.50746622085572,0.226708984375,1000.0,1882.9564208984375,,
521,1523,194,794624,0.0001,28.83687252998352,0.016770955,5504,0.2,41.83992385864258,0.04876403883099556,0.9478759765625,-0.009291606955230236,101.1673044204712,0.19052734375,1000.0,1882.9564208984375,,
523,1525,195,798720,0.0001,28.8381028175354,0.01600213,5509,0.2,27.93079376220703,0.04874527081847191,0.9445302486419678,-0.010926007817033678,82.29240121841431,0.185302734375,1000.0,1882.9564208984375,,
528,1519,196,802816,0.0001,28.84539122581482,0.021778926,5514,0.2,22.742773056030273,0.04873230680823326,0.959981381893158,-0.009800601506140084,61.627409076690675,0.252587890625,1000.0,1871.204345703125,,
530,1520,197,806912,0.0001,28.84945855140686,0.01729228,5519,0.2,48.750694274902344,0.0487230010330677,0.9390004277229309,-0.008159947773674504,128.5052631378174,0.19521484375,1000.0,1855.263427734375,,
532,1522,198,811008,0.0001,28.851331853866576,0.016079858,5524,0.2,47.72195053100586,0.04872046411037445,0.931464672088623,-0.01199967754073441,123.92728805541992,0.187158203125,1000.0,1855.263427734375,,
534,1524,199,815104,0.0001,28.852174854278566,0.01433941,5529,0.2,33.4260139465332,0.04871952161192894,0.9406042098999023,-0.013502591277938337,107.32385559082032,0.131298828125,1000.0,1855.263427734375,,
539,1519,200,819200,0.0001,28.85036964416504,0.015894156,5534,0.2,58.94371032714844,0.048732440918684006,0.9410402178764343,-0.008399435388855635,140.84775981903076,0.15419921875,1000.0,1819.59521484375,,
541,1521,201,823296,0.0001,28.848186445236205,0.019174643,5539,0.2,43.686649322509766,0.048727259039878845,0.9453369379043579,-0.016685962857445703,115.20343437194825,0.205517578125,1000.0,1819.59521484375,,
542,1524,202,827392,0.0001,28.85184850692749,0.018112198,5544,0.2,44.15425491333008,0.048709020018577576,0.9149284362792969,-0.010429827426560224,130.92275924682616,0.2021484375,1000.0,1819.59521484375,,
544,1525,203,831488,0.0001,28.85925006866455,0.015812106,5549,0.2,54.00147247314453,0.04869335889816284,0.9035766124725342,-0.01382540461490862,153.52514209747315,0.1859375,1000.0,1808.6824951171875,,
548,1522,204,835584,0.0001,28.862547731399538,0.016390715,5554,0.2,57.22249221801758,0.04869139939546585,0.9266255497932434,-0.01261770135606639,149.13246517181398,0.176416015625,1000.0,1811.95361328125,,
550,1525,205,839680,0.0001,28.862355089187623,0.018088277,5559,0.2,30.48406219482422,0.04869190230965614,0.9714791774749756,-0.009883611599798314,71.78138179779053,0.20419921875,1000.0,1811.95361328125,,
552,1527,206,843776,0.0001,28.863314390182495,0.016926352,5564,0.2,30.52490997314453,0.048686057329177856,0.9627584218978882,-0.011571930017089472,85.75787467956543,0.229052734375,1000.0,1811.95361328125,,
554,1529,207,847872,0.0001,28.866438913345338,0.01738058,5569,0.2,40.5015983581543,0.048673078417778015,0.9594249725341797,-0.012255208659917116,105.48023948669433,0.192138671875,1000.0,1797.89599609375,,
558,1525,208,851968,0.0001,28.87150721549988,0.01761086,5574,0.2,30.641775131225586,0.048660650849342346,0.9709764122962952,-0.012906797393225134,84.10367803573608,0.18046875,1000.0,1855.8118896484375,,
560,1527,209,856064,0.0001,28.876162481307983,0.015951507,5579,0.2,36.23514175415039,0.04864830896258354,0.9280328154563904,-0.009452400502050295,93.06761751174926,0.175439453125,1000.0,1855.8118896484375,,
562,1530,210,860160,0.0001,28.884419441223145,0.019220144,5584,0.2,16.684123992919922,0.048609599471092224,0.9717223644256592,-0.007352508069016039,40.668968486785886,0.222802734375,1000.0,1855.8118896484375,,
566,1526,211,864256,0.0001,28.89668126106262,0.018879678,5589,0.2,14.0844087600708,0.04859583079814911,0.971560537815094,-0.0027866851654835046,39.008794498443606,0.238818359375,1000.0,1886.219970703125,,
568,1527,212,868352,0.0001,28.8994754246303,0.02753436,5594,0.2,13.882462501525879,0.04858442023396492,0.9678053259849548,-0.009347885168556657,36.668442480904716,0.22572544642857142,1000.0,1875.7679443359375,,
570,1529,213,872448,0.0001,28.902188873291017,0.022921361,5599,0.2,29.483169555664062,0.048589348793029785,0.900061309337616,-0.014167458144947886,89.2826382637024,0.2466796875,1000.0,1875.7679443359375,,
572,1531,214,876544,0.0001,28.898949098587035,0.018095905,5604,0.2,31.81309700012207,0.0485985204577446,0.9144534468650818,-0.013012030266691,82.91714868545532,0.1994140625,1000.0,1875.7679443359375,,
575,1528,215,880640,0.0001,28.897386932373045,0.021290924,5609,0.2,20.22287368774414,0.048595868051052094,0.951957643032074,-0.009151719405781477,51.22276315689087,0.237841796875,998.86,1889.287353515625,,
577,1530,216,884736,0.0001,28.89852108955383,0.020438403,5614,0.2,19.568748474121094,0.048593416810035706,0.9377624988555908,-0.010293847939465195,95.05805053710938,0.2533203125,998.86,1874.87841796875,,
579,1533,217,888832,0.0001,28.89939064979553,0.020937134,5619,0.2,25.888629913330078,0.048588305711746216,0.9644259810447693,-0.008112497313413769,63.67877616882324,0.242529296875,998.86,1874.87841796875,,
581,1535,218,892928,0.0001,28.900123119354248,0.0171712,5624,0.2,39.21076583862305,0.04859520122408867,0.9469007253646851,-0.007502746023237705,117.20808296203613,0.233544921875,998.86,1874.87841796875,,
585,1532,219,897024,0.0001,28.89997992515564,0.019036846,5629,0.2,36.399078369140625,0.04858236759901047,0.9618886113166809,-0.011013149656355381,91.75132293701172,0.21015625,998.86,1871.3302001953125,,
587,1534,220,901120,0.0001,28.90983114242554,0.02291597,5634,0.2,34.381561279296875,0.04854435473680496,0.9574706554412842,-0.013884825282730162,83.34320316314697,0.231591796875,998.86,1853.76171875,,
589,1536,221,905216,0.0001,28.921956539154053,0.016619321,5639,0.2,35.37788391113281,0.04852116107940674,0.920428454875946,-0.010611044603865593,96.24260711669922,0.20849609375,998.86,1853.76171875,,
590,1538,222,909312,0.0001,28.926331281661987,0.024245236,5644,0.2,23.65109634399414,0.04852276295423508,0.9530337452888489,-0.011140574049204589,61.93368511199951,0.215478515625,998.86,1853.76171875,,
594,1536,223,913408,0.0001,28.92309775352478,0.020420127,5649,0.2,22.739042282104492,0.048534706234931946,0.9677069187164307,-0.00932254120707512,58.047267532348634,0.226904296875,998.86,1886.09375,,
596,1537,224,917504,0.0001,28.922330331802367,0.020523176,5654,0.2,25.848237991333008,0.04852021858096123,0.9779290556907654,-0.009581099054776132,58.99789152145386,0.2283203125,998.86,1879.42041015625,,
598,1540,225,921600,0.0001,28.929997444152832,0.022379845,5659,0.2,18.372304916381836,0.048500701785087585,0.9819928407669067,-0.005915821314556524,50.706135272979736,0.255322265625,998.86,1879.42041015625,,
600,1541,226,925696,0.0001,28.937500047683717,0.024096578,5664,0.2,14.719820976257324,0.048474449664354324,0.987648606300354,-0.00635112173622474,37.24308123588562,0.229638671875,998.86,1865.9217529296875,,
604,1539,227,929792,0.0001,28.94075603974171,0.026214808,5669,0.2,11.743897438049316,0.048502981662750244,0.9868619441986084,-0.003625047237922748,31.98958528958834,0.2851061698717949,998.86,1899.1490478515625,,
605,1541,228,933888,0.0001,28.928774690628053,0.019480886,5674,0.2,19.94826316833496,0.048521097749471664,0.9671653509140015,-0.005829194700345397,52.706734561920165,0.251025390625,998.86,1890.2327880859375,,
607,1543,229,937984,0.0001,28.927735805511475,0.018190075,5679,0.2,23.18190574645996,0.048512790352106094,0.9414061903953552,-0.011801736475899816,60.369097995758054,0.22021484375,998.86,1890.2327880859375,,
609,1544,230,942080,0.0001,28.930575942993165,0.0179528,5684,0.2,27.689668655395508,0.04850812628865242,0.9166334271430969,-0.011070263397414237,78.84579563140869,0.191748046875,998.86,1886.8865966796875,,
614,1539,231,946176,0.0001,28.932798290252684,0.018374734,5689,0.2,21.46949577331543,0.04849812015891075,0.9356215000152588,-0.01247074706479907,60.6354341506958,0.20029296875,998.86,1921.9769287109375,,
616,1541,232,950272,0.0001,28.938789701461793,0.018318847,5694,0.2,25.276525497436523,0.04847292602062225,0.9563355445861816,-0.011166207934729755,73.02424421310425,0.18544921875,998.86,1910.4151611328125,,
618,1543,233,954368,0.0001,28.94637198448181,0.018782634,5699,0.2,17.739824295043945,0.04846588149666786,0.9699391722679138,-0.009487146831816062,51.50211091041565,0.20439453125,998.86,1910.4151611328125,,
620,1545,234,958464,0.0001,28.945731782913207,0.01838594,5704,0.2,18.31113624572754,0.04847423732280731,0.9727954268455505,-0.0065051893994677815,53.29099388122559,0.231103515625,998.86,1896.6876220703125,,
623,1542,235,962560,0.0001,28.94198069572449,0.018471103,5709,0.2,24.54821014404297,0.04848060384392738,0.9647082090377808,-0.009331585641484707,65.88543443679809,0.232080078125,998.86,1886.705810546875,,
625,1544,236,966656,0.0001,28.939738845825197,0.01973116,5714,0.2,20.400442123413086,0.04849366471171379,0.9688547253608704,-0.011819671222474426,56.988516616821286,0.20673828125,998.86,1877.606201171875,,
627,1546,237,970752,0.0001,28.93442029953003,0.01335585,5719,0.2,29.230207443237305,0.04850129038095474,0.9572791457176208,-0.008840619085822255,83.31277513504028,0.1677734375,998.86,1877.606201171875,,
629,1548,238,974848,0.0001,28.934928369522094,0.014794443,5724,0.2,33.7274055480957,0.04849069565534592,0.9580983519554138,-0.008714075715397484,94.06888008117676,0.15986328125,998.86,1868.4854736328125,,
633,1545,239,978944,0.0001,28.9389705657959,0.018651685,5729,0.2,34.34592819213867,0.04848824068903923,0.9604544639587402,-0.013473274273565039,90.86048431396485,0.18935546875,1000.0,1881.5311279296875,,
635,1547,240,983040,0.0001,28.939657545089723,0.01706475,5734,0.2,41.88176727294922,0.048482321202754974,0.954794704914093,-0.015550190082285554,102.80781383514405,0.197802734375,1000.0,1856.8924560546875,,
637,1549,241,987136,0.0001,28.94194574356079,0.017124739,5739,0.2,25.12820053100586,0.04847680777311325,0.9630920886993408,-0.011910788912791759,68.95414600372314,0.177880859375,1000.0,1856.8924560546875,,
639,1551,242,991232,0.0001,28.94561128616333,0.0146391,5744,0.2,20.41741943359375,0.04846017435193062,0.9614128470420837,-0.011025576398242264,65.9184350013733,0.171923828125,1000.0,1846.3785400390625,,
643,1547,243,995328,0.0001,28.952012252807616,0.017922077,5749,0.2,18.419815063476562,0.048447709530591965,0.9647285342216492,-0.011706302338279784,55.30224161148071,0.176025390625,1000.0,1861.4481201171875,,
644,1549,244,999424,0.0001,28.955312252044678,0.017299298,5754,0.2,67.48098754882812,0.0484437420964241,0.9344621300697327,-0.012628026760648937,154.34678497314454,0.21318359375,1000.0,1861.4481201171875,,
668,1502,245,1003520,0.0001,28.95413875579834,0.019859733,5759,0.2,46.4380989074707,0.04845241457223892,0.9438197016716003,-0.01202112867613323,117.61545372009277,0.21376953125,1000.0,1861.4481201171875,2.472306123248094,250000
670,1503,246,1007616,0.0001,28.952882766723633,0.015154947,5764,0.2,29.334917068481445,0.04844577610492706,0.9635645747184753,-0.011001825280254706,74.92027978897094,0.18486328125,1000.0,1870.090576171875,,
674,1500,247,1011712,0.0001,28.955655097961426,0.016134942,5769,0.2,23.308317184448242,0.04843924567103386,0.963349461555481,-0.011583038209937512,68.00827379226685,0.189208984375,1000.0,1882.2650146484375,,
675,1502,248,1015808,0.0001,28.95932068824768,0.013670833,5774,0.2,57.06326675415039,0.048426710069179535,0.8957223296165466,-0.011633340938715264,143.25644130706786,0.1482421875,1000.0,1882.2650146484375,,
677,1504,249,1019904,0.0001,28.961760759353638,0.014068857,5779,0.2,67.33394622802734,0.04843314737081528,0.8906682729721069,-0.014701091835740953,195.5296485900879,0.146435546875,1000.0,1882.2650146484375,,
681,1502,250,1024000,0.0001,28.959024286270143,0.018327912,5784,0.2,52.49604415893555,0.04843117296695709,0.937642514705658,-0.015398290823213756,146.46551780700685,0.166943359375,1000.0,1835.9599609375,,
683,1503,251,1028096,0.0001,28.960722303390504,0.017176602,5789,0.2,50.69428634643555,0.04842989891767502,0.9274860620498657,-0.014949451084248722,138.00190658569335,0.185498046875,1000.0,1847.094482421875,,
685,1505,252,1032192,0.0001,28.96080799102783,0.019834865,5794,0.2,26.530614852905273,0.04842694103717804,0.9605057835578918,-0.011612414941191673,75.02885761260987,0.176416015625,1000.0,1847.094482421875,,
687,1507,253,1036288,0.0001,28.962478590011596,0.020583298,5799,0.2,19.193235397338867,0.04842044413089752,0.9637976288795471,-0.008345693716546521,63.356842041015625,0.23720703125,1000.0,1847.094482421875,,
690,1505,254,1040384,0.0001,28.96618585586548,0.021654094,5804,0.2,9.693450927734375,0.048409298062324524,0.9829534292221069,-0.0065607461030595,32.24900803565979,0.276513671875,1000.0,1861.065673828125,,
693,1506,255,1044480,0.0001,28.967727661132812,0.022887925,5809,0.2,16.792987823486328,0.04840637370944023,0.9760777950286865,-0.011709662689827382,50.369921875,0.2662109375,1000.0,1849.2366943359375,,
695,1508,256,1048576,0.0001,28.969329929351808,0.016397754,5814,0.2,36.403690338134766,0.04840342700481415,0.962297797203064,-0.00954682807205245,96.3991662979126,0.200732421875,1000.0,1849.2366943359375,,
697,1510,257,1052672,0.0001,28.97260174751282,0.01724549,5819,0.2,29.235958099365234,0.04838930815458298,0.9652562141418457,-0.01152203845558688,82.77074365615844,0.20078125,1000.0,1849.2366943359375,,
700,1508,258,1056768,0.0001,28.978311491012573,0.017522551,5824,0.2,26.260692596435547,0.048371683806180954,0.9689964056015015,-0.00927527187159285,70.19540710449219,0.212451171875,1000.0,1836.6798095703125,,
702,1509,259,1060864,0.0001,28.98421444892883,0.01810455,5829,0.2,24.852649688720703,0.04836423695087433,0.9720698595046997,-0.009733997425064445,61.329696559906004,0.219970703125,1000.0,1822.7996826171875,,
704,1511,260,1064960,0.0001,28.984702634811402,0.015161615,5834,0.2,31.217084884643555,0.04837096855044365,0.9579573273658752,-0.008318735216744245,80.80676612854003,0.15458984375,1000.0,1822.7996826171875,,
706,1513,261,1069056,0.0001,28.981892824172974,0.018288905,5839,0.2,16.67612648010254,0.04837152361869812,0.9694316983222961,-0.009033096174243837,49.40023717880249,0.15556640625,1000.0,1822.7996826171875,,
710,1510,262,1073152,0.0001,28.9805636882782,0.023264693,5844,0.2,18.12021255493164,0.04838503152132034,0.9709838032722473,-0.007414114463608712,49.75459671020508,0.22265625,1000.0,1858.703125,,
712,1512,263,1077248,0.0001,28.974623107910155,0.021332122,5849,0.2,25.96209144592285,0.048400405794382095,0.9737184047698975,-0.008071859006304295,56.24052934646606,0.241357421875,1000.0,1860.9398193359375,,
714,1513,264,1081344,0.0001,28.971440172195436,0.017202493,5854,0.2,37.680240631103516,0.048401761800050735,0.9540982842445374,-0.009909975517075509,98.47302379608155,0.193603515625,1000.0,1860.9398193359375,,
716,1515,265,1085440,0.0001,28.973205184936525,0.019098993,5859,0.2,24.135229110717773,0.04838675260543823,0.9705879092216492,-0.012330534571083263,61.59666757583618,0.200390625,1000.0,1840.1226806640625,,
720,1512,266,1089536,0.0001,28.97604751586914,0.019813892,5864,0.2,19.776416778564453,0.04839706793427467,0.9681420922279358,-0.012444239016622305,58.07605028152466,0.204833984375,1000.0,1882.5010986328125,,
722,1514,267,1093632,0.0001,28.97292823791504,0.016721126,5869,0.2,26.793811798095703,0.04839220270514488,0.9662210941314697,-0.01039677154039964,69.52307081222534,0.215087890625,1000.0,1869.3538818359375,,
724,1516,268,1097728,0.0001,28.975878143310545,0.021616835,5874,0.2,20.599201202392578,0.04838933050632477,0.9726275205612183,-0.010536541778128595,65.54158115386963,0.2328125,1000.0,1869.3538818359375,,
726,1517,269,1101824,0.0001,28.975866317749023,0.021791898,5879,0.2,39.23036193847656,0.04838797450065613,0.9654000997543335,-0.013788673875387758,93.90736236572266,0.226220703125,1000.0,1868.1441650390625,,
729,1515,270,1105920,0.0001,28.97650990486145,0.022065897,5884,0.2,18.320693969726562,0.04838196933269501,0.9768109321594238,-0.011611710005672649,52.52814817428589,0.21669921875,1000.0,1887.1600341796875,,
731,1517,271,1110016,0.0001,28.9798196383885,0.02565442,5888,0.2,25.951881408691406,0.04837336763739586,0.9758356213569641,-0.009030733814662588,58.65831552233015,0.25209263392857145,1000.0,1877.1787109375,,
733,1519,272,1114112,0.0001,28.982989931106566,0.0193843,5893,0.2,48.1647834777832,0.048368945717811584,0.9376375079154968,-0.01197593787801452,112.63384552001953,0.250146484375,1000.0,1877.1787109375,,
735,1520,273,1118208,0.0001,28.985931587219238,0.022942912,5898,0.2,31.692232131958008,0.04835289344191551,0.9618216156959534,-0.011726126808207482,79.6789529800415,0.178515625,1000.0,1868.086669921875,,
740,1516,274,1122304,0.0001,28.99060187339783,0.023971759,5903,0.2,26.509944915771484,0.04834650456905365,0.9658768177032471,-0.010239732050104066,67.11153049468994,0.216259765625,1000.0,1950.3472900390625,,
742,1518,275,1126400,0.0001,28.993446016311644,0.021120034,5908,0.2,37.842594146728516,0.04833780601620674,0.9552397131919861,-0.01173514147521928,96.04479866027832,0.242578125,1000.0,1933.443603515625,,
743,1519,276,1130496,0.0001,28.996341753005982,0.016776145,5913,0.2,23.195890426635742,0.04833206906914711,0.9585604667663574,-0.009426886081928387,65.59765930175782,0.1806640625,1000.0,1933.443603515625,,
745,1521,277,1134592,0.0001,28.997738647460938,0.015649468,5918,0.2,21.343048095703125,0.04832935705780983,0.9597765207290649,-0.00905873358133249,73.0110764503479,0.148974609375,1000.0,1939.747802734375,,
749,1519,278,1138688,0.0001,28.997137832641602,0.018110849,5923,0.2,26.441913604736328,0.04833769053220749,0.9673049449920654,-0.011715535097755492,69.72225103378295,0.193310546875,1000.0,1943.2406005859375,,
751,1520,279,1142784,0.0001,28.994968986511232,0.020053424,5928,0.2,39.83171081542969,0.048338036984205246,0.937691330909729,-0.015695454075466842,92.03914966583253,0.232373046875,1000.0,1929.4173583984375,,
753,1522,280,1146880,0.0001,28.994744396209718,0.020500224,5933,0.2,46.256710052490234,0.04833494871854782,0.9327958822250366,-0.010745022882474586,89.77778129577636,0.231396484375,1000.0,1929.4173583984375,,
755,1523,281,1150976,0.0001,28.99661464691162,0.021783458,5938,0.2,20.529861450195312,0.048330433666706085,0.9539245367050171,-0.010607584239915013,54.48034934997558,0.194970703125,1000.0,1934.5362548828125,,
758,1522,282,1155072,0.0001,29.003462886810304,0.023805384,5943,0.2,17.691612243652344,0.048292484134435654,0.9520927667617798,-0.010115237173158676,50.95032958984375,0.273974609375,1000.0,1964.8192138671875,,
760,1523,283,1159168,0.0001,29.01433653831482,0.017514624,5948,0.2,36.00337219238281,0.048287346959114075,0.9319779276847839,-0.01007626641949173,78.5310043334961,0.2271484375,1000.0,1962.6207275390625,,
762,1525,284,1163264,0.0001,29.012306213378906,0.016233442,5953,0.2,39.53783416748047,0.04829609394073486,0.9001179337501526,-0.011472036142367869,94.32729682922363,0.184326171875,1000.0,1962.6207275390625,,
764,1526,285,1167360,0.0001,29.01141490936279,0.017986031,5958,0.2,27.485403060913086,0.04828350245952606,0.9234840273857117,-0.014101671928074211,76.32872018814086,0.200537109375,1000.0,1965.504638671875,,
769,1521,286,1171456,0.0001,29.019042348861696,0.017180506,5963,0.2,17.81866455078125,0.04826299101114273,0.9525895118713379,-0.012293503707041964,50.32687225341797,0.200537109375,1000.0,1941.3839111328125,,
771,1523,287,1175552,0.0001,29.02611289024353,0.015712854,5968,0.2,66.37860107421875,0.04824375733733177,0.9217506051063538,-0.009833310218527912,157.62965183258058,0.1888671875,1000.0,1941.3839111328125,,
773,1525,288,1179648,0.0001,29.03278031349182,0.0155541375,5973,0.2,44.49577331542969,0.048228245228528976,0.955296516418457,-0.011539245693711564,111.45599575042725,0.15361328125,1000.0,1941.3839111328125,,
775,1526,289,1183744,0.0001,29.0395405292511,0.020835668,5978,0.2,30.167255401611328,0.04820571467280388,0.9675039052963257,-0.010872212832327931,72.97703800201415,0.24052734375,1000.0,1937.3526611328125,,
779,1523,290,1187840,0.0001,29.046266078948975,0.02199209,5983,0.2,34.181758880615234,0.04819486662745476,0.9608421325683594,-0.011101447523105889,78.40473737716675,0.24208984375,1000.0,1947.2113037109375,,
781,1524,291,1191936,0.0001,29.04844093322754,0.029417697,5985,0.2,108.70104217529297,0.048193469643592834,0.8754234910011292,0.007712132856249809,218.79620361328125,0.180078125,1000.0,1947.2113037109375,,
783,1526,292,1196032,0.0001,29.048485231399535,0.012865129,5990,0.2,49.107154846191406,0.04819555580615997,0.8842862844467163,-0.01175961383851245,139.59234771728515,0.1189453125,1000.0,1947.2113037109375,,
787,1524,293,1200128,0.0001,29.04888710975647,0.021191504,5995,0.2,25.454639434814453,0.048188164830207825,0.9375749826431274,-0.014122534391935915,77.03447523117066,0.194873046875,1000.0,1915.610107421875,,
789,1525,294,1204224,0.0001,29.051829767227172,0.020135567,6000,0.2,25.91517448425293,0.048184916377067566,0.9464797377586365,-0.015941480069886892,74.11933069229126,0.22412109375,1000.0,1904.64794921875,,
791,1527,295,1208320,0.0001,29.05169506072998,0.022052668,6005,0.2,14.08987045288086,0.048184141516685486,0.982776939868927,-0.010699091583956034,30.496080064773558,0.23369140625,1000.0,1904.64794921875,,
793,1528,296,1212416,0.0001,29.051235151290893,0.018906195,6010,0.2,14.513686180114746,0.048195064067840576,0.9735487699508667,-0.008390470244921743,39.15044083595276,0.231982421875,1000.0,1904.64794921875,,
796,1527,297,1216512,0.0001,29.051590538024904,0.019085381,6015,0.2,11.029245376586914,0.04816756770014763,0.9828211069107056,-0.007249593932647258,31.69908742904663,0.211328125,1000.0,1937.719482421875,,
798,1528,298,1220608,0.0001,29.060747337341308,0.02198314,6020,0.2,20.947587966918945,0.04816313832998276,0.9783130884170532,-0.007067937043029815,45.94035897254944,0.229833984375,1000.0,1927.2138671875,,
800,1529,299,1224704,0.0001,29.061030006408693,0.011506353,6025,0.2,94.00056457519531,0.048159461468458176,0.8969098329544067,-0.004252317658392712,233.94598960876465,0.1697265625,1000.0,1927.2138671875,,
802,1531,300,1228800,0.0001,29.06411747932434,0.01511479,6030,0.2,87.1913833618164,0.04814935848116875,0.9224854707717896,-0.011620913166552782,196.0484191894531,0.123974609375,1000.0,1927.2138671875,,
806,1529,301,1232896,0.0001,29.066166353225707,0.0155363185,6035,0.2,80.89908599853516,0.04815124347805977,0.9272946715354919,-0.010471408825833351,176.12534141540527,0.17470703125,1000.0,1853.92529296875,,
808,1530,302,1236992,0.0001,29.064636087417604,0.015290784,6040,0.2,55.73784255981445,0.048154670745134354,0.947289764881134,-0.013852642336860298,127.5302791595459,0.166357421875,1000.0,1847.21142578125,,
810,1531,303,1241088,0.0001,29.066607093811037,0.017162424,6045,0.2,55.596153259277344,0.04813750088214874,0.9116743803024292,-0.014391076529864221,138.5677755355835,0.16640625,1000.0,1847.21142578125,,
811,1533,304,1245184,0.0001,29.0715265750885,0.014932625,6050,0.2,41.8629264831543,0.048136040568351746,0.9193189144134521,-0.012097827717661857,125.65570983886718,0.14501953125,1000.0,1847.21142578125,,
816,1529,305,1249280,0.0001,29.072196626663207,0.015675664,6055,0.2,40.521141052246094,0.04812745749950409,0.9378499388694763,-0.012505870399763808,115.41398048400879,0.164111328125,1000.0,1840.5067138671875,,
839,1492,306,1253376,0.0001,29.07452721595764,0.015282641,6060,0.2,51.11469650268555,0.04812716692686081,0.9285401701927185,-0.014540555293206126,127.20829162597656,0.17099609375,1000.0,1816.377197265625,2.507096849845554,250000
841,1493,307,1257472,0.0001,29.075070333480834,0.015133758,6065,0.2,74.42284393310547,0.04812248796224594,0.8862757086753845,-0.013153790275100618,180.25313415527344,0.1626953125,1000.0,1816.377197265625,,
843,1495,308,1261568,0.0001,29.078174781799316,0.018990789,6070,0.2,21.45952033996582,0.048110201954841614,0.961199164390564,-0.013094433292280883,70.23333730697632,0.198828125,1000.0,1821.838134765625,,
847,1493,309,1265664,0.0001,29.080524730682374,0.017236881,6075,0.2,18.969579696655273,0.04811294004321098,0.9675158858299255,-0.008091404600418173,57.756252479553225,0.194677734375,1000.0,1825.434326171875,,
850,1493,310,1269760,0.0001,29.079817390441896,0.018798351,6080,0.2,52.24601364135742,0.04811008647084236,0.9418231248855591,-0.011123798612970859,120.9602575302124,0.209228515625,1000.0,1825.3839111328125,,
852,1494,311,1273856,0.0001,29.08115396499634,0.0138699245,6085,0.2,74.37955474853516,0.04810662940144539,0.9221609830856323,-0.011763647734187543,187.76086311340333,0.151318359375,1000.0,1825.3839111328125,,
854,1495,312,1277952,0.0001,29.082256078720093,0.017320108,6090,0.2,28.07286262512207,0.04810342565178871,0.9702672958374023,-0.012303068372420966,71.69464044570923,0.18447265625,1000.0,1817.0782470703125,,
857,1494,313,1282048,0.0001,29.08450131416321,0.019344462,6095,0.2,23.947038650512695,0.04809179529547691,0.970073401927948,-0.01177891570259817,64.18289413452149,0.202734375,1000.0,1786.9224853515625,,
859,1495,314,1286144,0.0001,29.089073514938356,0.017801464,6100,0.2,35.02570724487305,0.048082973808050156,0.9507911801338196,-0.01116558611392975,92.69542093276978,0.177978515625,1000.0,1783.8759765625,,
861,1497,315,1290240,0.0001,29.092129039764405,0.010307798,6105,0.2,60.03899002075195,0.04807519167661667,0.9002088904380798,-0.0068263696797657755,174.59429569244384,0.122314453125,1000.0,1783.8759765625,,
863,1498,316,1294336,0.0001,29.09441089630127,0.013030032,6110,0.2,50.52018737792969,0.048072557896375656,0.9353025555610657,-0.011672353127505631,131.88711547851562,0.129638671875,1000.0,1761.3779296875,,
867,1496,317,1298432,0.0001,29.096024131774904,0.015264377,6115,0.2,30.35770034790039,0.0480642206966877,0.9576437473297119,-0.01206023536506109,92.15630626678467,0.143896484375,1000.0,1764.001708984375,,
869,1497,318,1302528,0.0001,29.099628829956053,0.021109328,6120,0.2,41.79022979736328,0.04805488511919975,0.9675999283790588,-0.01109593886649236,87.94867534637451,0.209716796875,1000.0,1774.6395263671875,,
871,1499,319,1306624,0.0001,29.10138440132141,0.015278959,6125,0.2,43.30421829223633,0.04805664345622063,0.9600010514259338,-0.011895090888720006,107.37990818023681,0.178076171875,1000.0,1774.6395263671875,,
873,1500,320,1310720,0.0001,29.101385259628294,0.017017242,6130,0.2,40.83403015136719,0.048045746982097626,0.9697219729423523,-0.009984385507414118,88.98301391601562,0.1662109375,1000.0,1781.864013671875,,
877,1499,321,1314816,0.0001,29.105269193649292,0.018970437,6135,0.2,38.09471130371094,0.048045769333839417,0.9745897650718689,-0.007115156331565231,77.70238552093505,0.19677734375,1000.0,1745.4208984375,,
879,1500,322,1318912,0.0001,29.10325484275818,0.01827646,6140,0.2,27.246644973754883,0.04805044084787369,0.9783618450164795,-0.007996487396303565,64.1732741355896,0.200634765625,1000.0,1740.35400390625,,
880,1501,323,1323008,0.0001,29.104094611273872,0.02486732,6145,0.2,22.255966186523438,0.04803774133324623,0.977929413318634,-0.0059266067756753825,58.477879736158584,0.2634006076388889,1000.0,1740.35400390625,,
882,1503,324,1327104,0.0001,29.111311626434325,0.021707613,6150,0.2,14.023943901062012,0.0480206161737442,0.9867483377456665,-0.008702588453888892,46.390281200408936,0.2341796875,1000.0,1740.140625,,
886,1500,325,1331200,0.0001,29.11545934677124,0.0188496,6155,0.2,13.676926612854004,0.04800580069422722,0.9848260879516602,-0.006159639242105186,39.34847502708435,0.22548828125,1000.0,1828.2398681640625,,
888,1502,326,1335296,0.0001,29.120447206497193,0.021113627,6160,0.2,25.32037353515625,0.04800904542207718,0.9682916402816772,-0.008142411126755178,59.583349800109865,0.254931640625,1000.0,1828.2398681640625,,
890,1503,327,1339392,0.0001,29.116259384155274,0.014832528,6165,0.2,20.19522476196289,0.048015572130680084,0.9474139213562012,-0.008357701695058496,69.41135606765747,0.164892578125,1000.0,1828.2398681640625,,
892,1505,328,1343488,0.0001,29.1166974067688,0.018637415,6170,0.2,25.688434600830078,0.04801049456000328,0.9525044560432434,-0.011595187877537683,69.47349996566773,0.216748046875,1000.0,1827.2451171875,,
896,1502,329,1347584,0.0001,29.119931173324584,0.02420264,6175,0.2,19.45566177368164,0.04799807816743851,0.9608054757118225,-0.011405391478911042,46.771187210083006,0.258203125,1000.0,1822.8057861328125,,
898,1504,330,1351680,0.0001,29.122967386245726,0.015573513,6180,0.2,35.80501937866211,0.04799607768654823,0.9292879104614258,-0.005134727031691,104.38123836517335,0.2201171875,1000.0,1822.8057861328125,,
900,1505,331,1355776,0.0001,29.124483633041383,0.017492276,6185,0.2,51.375343322753906,0.04798536002635956,0.929786741733551,-0.011410351662198082,127.22720279693604,0.16357421875,1000.0,1822.8057861328125,,
902,1507,332,1359872,0.0001,29.12801241874695,0.017590363,6190,0.2,39.520172119140625,0.04798521101474762,0.9429186582565308,-0.012064553587697447,95.85068035125732,0.188623046875,1000.0,1824.232177734375,,
906,1505,333,1363968,0.0001,29.127370166778565,0.020160636,6195,0.2,45.388526916503906,0.04798084497451782,0.9321903586387634,-0.015363313897978514,115.94612426757813,0.193017578125,1000.0,1843.1455078125,,
907,1506,334,1368064,0.0001,29.130224227905273,0.020308565,6200,0.2,59.401851654052734,0.047972794622182846,0.9119992852210999,-0.009981206292286516,157.4584197998047,0.199169921875,1000.0,1843.1455078125,,
909,1508,335,1372160,0.0001,29.133038425445555,0.013566152,6205,0.2,51.39860534667969,0.0479656383395195,0.9091774821281433,-0.011083139420952648,133.3618787765503,0.143603515625,1000.0,1843.1455078125,,
913,1507,336,1376256,0.0001,29.13620262145996,0.014877987,6210,0.2,28.66534996032715,0.04795979708433151,0.9230346083641052,-0.009573281195480376,92.51029243469239,0.14111328125,1000.0,1892.14990234375,,
915,1508,337,1380352,0.0001,29.139697217941283,0.015153874,6215,0.2,32.14021682739258,0.04794101417064667,0.9520782828330994,-0.011593591968994588,86.91110134124756,0.16240234375,1000.0,1890.31591796875,,
917,1509,338,1384448,0.0001,29.148912334442137,0.017897472,6220,0.2,28.705047607421875,0.047912970185279846,0.9628279805183411,-0.012602376972790808,82.33023309707642,0.204150390625,1000.0,1890.31591796875,,
919,1510,339,1388544,0.0001,29.159791803359987,0.015444884,6225,0.2,23.016613006591797,0.04788506031036377,0.9641419649124146,-0.007455340737942606,84.83614044189453,0.196044921875,1000.0,1890.31591796875,,
922,1509,340,1392640,0.0001,29.167197942733765,0.020198034,6230,0.2,20.17866325378418,0.0478794164955616,0.9765441417694092,-0.007570952718378976,53.53809432983398,0.219970703125,1000.0,1954.9580078125,,
924,1510,341,1396736,0.0001,29.167136731355086,0.023325976,6233,0.2,24.49138069152832,0.04787973687052727,0.9768052101135254,0.0019390005820795245,56.786871371061906,0.2425271739130435,1000.0,1937.0899658203125,,
926,1511,342,1400832,0.0001,29.168515491485596,0.015513255,6238,0.2,37.426368713378906,0.04787299036979675,0.9453780651092529,-0.007904706755653024,96.64699821472168,0.209521484375,1000.0,1937.0899658203125,,
928,1513,343,1404928,0.0001,29.16910457611084,0.017907886,6243,0.2,28.640552520751953,0.04787727817893028,0.945850133895874,-0.01051625648397021,83.06495847702027,0.17607421875,1000.0,1937.0899658203125,,
932,1511,344,1409024,0.0001,29.167475080490114,0.02029802,6248,0.2,29.471555709838867,0.04787813127040863,0.9598482847213745,-0.008650221291463821,81.7658579826355,0.185400390625,1000.0,1915.0465087890625,,
934,1512,345,1413120,0.0001,29.166999721527098,0.019557716,6253,0.2,30.155332565307617,0.04788226634263992,0.9558308124542236,-0.009496110177133232,82.08528575897216,0.228515625,1000.0,1921.2716064453125,,
936,1513,346,1417216,0.0001,29.167653703689574,0.017841103,6258,0.2,38.786373138427734,0.04787261411547661,0.8889216780662537,-0.009584509138949215,99.00774803161622,0.193994140625,1000.0,1921.2716064453125,,
937,1515,347,1421312,0.0001,29.173064041137696,0.018201325,6263,0.2,21.957563400268555,0.04785074293613434,0.9300517439842224,-0.010548527049832047,59.48135404586792,0.169873046875,1000.0,1921.2716064453125,,
941,1513,348,1425408,0.0001,29.178621816635133,0.01850034,6268,0.2,17.123109817504883,0.04785507544875145,0.9497527480125427,-0.006844218098558485,53.332761192321776,0.1931640625,1000.0,1902.26416015625,,
943,1514,349,1429504,0.0001,29.172952270507814,0.020012105,6273,0.2,21.18804931640625,0.04787606745958328,0.9700208902359009,-0.008342784724663942,47.974708557128906,0.256982421875,1000.0,1879.72314453125,,
946,1515,350,1433600,0.0001,29.170320320129395,0.015489891,6278,0.2,26.963838577270508,0.04786105453968048,0.9415003657341003,-0.008366765250684693,73.21181697845459,0.230126953125,1000.0,1879.72314453125,,
948,1516,351,1437696,0.0001,29.176054286956788,0.018118465,6283,0.2,26.750322341918945,0.04785514995455742,0.9241915345191956,-0.011440320371184498,86.07762298583984,0.18486328125,1000.0,1879.2406005859375,,
952,1513,352,1441792,0.0001,29.17590923309326,0.018677117,6288,0.2,28.831375122070312,0.04785861819982529,0.9394670128822327,-0.010047279571881517,72.57634716033935,0.208447265625,1000.0,1846.7281494140625,,
954,1514,353,1445888,0.0001,29.175064611434937,0.022006342,6293,0.2,26.59721565246582,0.04785307124257088,0.9613943099975586,-0.013602722296491265,73.32903280258179,0.26591796875,1000.0,1835.4844970703125,,
957,1514,354,1449984,0.0001,29.178899478912353,0.019147754,6298,0.2,34.946022033691406,0.04784105345606804,0.9530224204063416,-0.008459035819396377,92.5786828994751,0.247998046875,1000.0,1835.4844970703125,,
959,1515,355,1454080,0.0001,29.18347821235657,0.01766279,6303,0.2,22.36270523071289,0.047833602875471115,0.9664170742034912,-0.007999398012179882,76.03153591156006,0.21240234375,1000.0,1824.2730712890625,,
962,1514,356,1458176,0.0001,29.186151940482002,0.027069569,6308,0.2,28.2667179107666,0.047825541347265244,0.9732603430747986,-0.0107933461400015,70.78899154663085,0.24006696428571428,1000.0,1841.26318359375,,
965,1514,357,1462272,0.0001,29.188880157470702,0.019942608,6313,0.2,24.400331497192383,0.04781739041209221,0.9770088791847229,-0.011441811476834119,51.00279264450073,0.2671875,1000.0,1837.038330078125,,
967,1516,358,1466368,0.0001,29.19368896484375,0.019994797,6318,0.2,15.082111358642578,0.04779670760035515,0.9840974807739258,-0.007856324431486428,43.26831493377686,0.234716796875,1000.0,1837.038330078125,,
969,1516,359,1470464,0.0001,29.20181837081909,0.016071895,6323,0.2,19.532508850097656,0.047780171036720276,0.9831361770629883,-0.007391105534043163,57.311202430725096,0.21767578125,1000.0,1839.6259765625,,
973,1515,360,1474560,0.0001,29.208477687835693,0.019568972,6328,0.2,12.97136116027832,0.04775766283273697,0.989939272403717,-0.0051839971914887425,37.473413133621214,0.249853515625,1000.0,1881.9111328125,,
975,1516,361,1478656,0.0001,29.214404821395874,0.01381649,6329,0.2,62.33382034301758,0.04775287210941315,0.9694486260414124,0.012688098999205977,131.95805835723877,0.185302734375,1000.0,1875.5943603515625,,
976,1517,362,1482752,0.0001,29.219029712677003,0.017435677,6334,0.2,40.98146438598633,0.04773188382387161,0.9694111347198486,-0.01107563844998367,97.54436073303222,0.198388671875,1000.0,1875.5943603515625,,
978,1518,363,1486848,0.0001,29.225515508651732,0.0176442,6339,0.2,36.38601303100586,0.04771830886602402,0.9720023274421692,-0.009838817815762013,89.25451011657715,0.19111328125,1000.0,1888.7667236328125,,
982,1517,364,1490944,0.0001,29.23086733818054,0.02089005,6344,0.2,29.403244018554688,0.04770159348845482,0.9775822758674622,-0.007017190754413605,75.90705509185791,0.2162109375,1000.0,1887.751220703125,,
984,1518,365,1495040,0.0001,29.236192083358766,0.01968164,6349,0.2,27.788576126098633,0.04769422113895416,0.9677284955978394,-0.009151912276865914,69.25086326599121,0.19462890625,1000.0,1880.641845703125,,
986,1519,366,1499136,0.0001,29.236552906036376,0.017007165,6354,0.2,39.03800964355469,0.047701165080070496,0.9242384433746338,-0.009421271405881271,98.63294124603271,0.196923828125,1000.0,1880.641845703125,,
1009,1488,367,1503232,0.0001,29.233936500549316,0.018235385,6359,0.2,20.934673309326172,0.047704484313726425,0.9620192646980286,-0.010653630713932216,51.73724193572998,0.210107421875,1000.0,1869.704833984375,2.503159103599159,250000
1013,1486,368,1507328,0.0001,29.233994007110596,0.019782301,6364,0.2,18.057912826538086,0.047703225165605545,0.961950957775116,-0.006883906171424314,47.05624694824219,0.199658203125,1000.0,1894.4512939453125,,
1015,1487,369,1511424,0.0001,29.234693384170534,0.021345716,6369,0.2,49.23760986328125,0.047695521265268326,0.8991480469703674,-0.012538086343556642,109.7466302871704,0.24443359375,1000.0,1894.4512939453125,,
1017,1489,370,1515520,0.0001,29.237098026275635,0.01672888,6374,0.2,47.20198059082031,0.04769686236977577,0.8789021968841553,-0.010836520954035223,126.11755504608155,0.169091796875,1000.0,1894.4512939453125,,
1019,1490,371,1519616,0.0001,29.236537504196168,0.019554429,6379,0.2,28.65517234802246,0.04769458621740341,0.9227933883666992,-0.01449331409530714,70.45443410873413,0.193701171875,1000.0,1910.528076171875,,
1023,1488,372,1523712,0.0001,29.239888525009157,0.018510718,6384,0.2,19.008071899414062,0.04767696559429169,0.9622398614883423,-0.01408001066884026,59.30353355407715,0.19833984375,1000.0,1939.7728271484375,,
1025,1489,373,1527808,0.0001,29.24657311439514,0.01351714,6389,0.2,28.124374389648438,0.04766476899385452,0.9550029635429382,-0.009643993619829417,91.89893493652343,0.14931640625,1000.0,1939.7728271484375,,
1028,1490,374,1531904,0.0001,29.24900617599487,0.011103766,6394,0.2,40.89051055908203,0.04766402393579483,0.9458668231964111,-0.008438117220066488,132.5365898132324,0.11181640625,1000.0,1939.7728271484375,,
1031,1489,375,1536000,0.0001,29.249733114242552,0.013829941,6399,0.2,37.9114990234375,0.047659292817115784,0.958061933517456,-0.013339549029478804,129.79019298553467,0.1259765625,1000.0,1951.9632568359375,,
1033,1489,376,1540096,0.0001,29.25273127555847,0.016650802,6404,0.2,32.06309509277344,0.04764812812209129,0.9641389846801758,-0.015390855126315727,90.83113231658936,0.152734375,1000.0,1947.4022216796875,,
1035,1490,377,1544192,0.0001,29.258242511749266,0.016893547,6409,0.2,30.855497360229492,0.04763026535511017,0.973835289478302,-0.011601024051196873,79.40659198760986,0.149169921875,1000.0,1947.4022216796875,,
1037,1491,378,1548288,0.0001,29.262441158294678,0.019028233,6414,0.2,29.17892837524414,0.047636255621910095,0.965582013130188,-0.010409062367398293,89.39447793960571,0.202880859375,1000.0,1947.4022216796875,,
1041,1490,379,1552384,0.0001,29.2572509765625,0.022185773,6419,0.2,26.11670684814453,0.047647953033447266,0.9754155278205872,-0.011754430062137545,72.6411639213562,0.2421875,1000.0,1995.4139404296875,,
1043,1491,380,1556480,0.0001,29.254170656204224,0.020516984,6424,0.2,23.42328643798828,0.04765554890036583,0.9714576005935669,-0.009281185988220387,76.17039766311646,0.24228515625,1000.0,1983.9580078125,,
1045,1492,381,1560576,0.0001,29.25236897468567,0.015446588,6429,0.2,56.22343444824219,0.04765595123171806,0.8828580975532532,-0.009612142285914161,131.35285892486573,0.16708984375,1000.0,1983.9580078125,,
1047,1493,382,1564672,0.0001,29.254519605636595,0.016369984,6434,0.2,29.454633712768555,0.047644197940826416,0.9423203468322754,-0.010661499729030766,82.61535043716431,0.16630859375,1000.0,1983.9580078125,,
1051,1492,383,1568768,0.0001,29.258151817321778,0.018598907,6439,0.2,30.322999954223633,0.04764313995838165,0.964799165725708,-0.011213872928055934,73.46838865280151,0.190869140625,1000.0,1932.86865234375,,
1053,1492,384,1572864,0.0001,29.258478747473823,0.025774889,6444,0.2,28.667158126831055,0.04764027148485184,0.9701731204986572,-0.012818756151116557,69.6866856680976,0.2545030381944444,1000.0,1930.7752685546875,,
1055,1494,385,1576960,0.0001,29.260059070587157,0.012657026,6449,0.2,63.31117248535156,0.04763130471110344,0.9347090125083923,-0.005032279796432703,174.50009307861328,0.200341796875,1000.0,1930.7752685546875,,
1057,1495,386,1581056,0.0001,29.262744235992432,0.013614034,6454,0.2,49.63807678222656,0.047626886516809464,0.9306011199951172,-0.010254761867690832,138.4245988845825,0.16015625,1000.0,1930.7752685546875,,
1061,1493,387,1585152,0.0001,29.26501398086548,0.015096145,6459,0.2,63.40702819824219,0.04761660099029541,0.9476768374443054,-0.009291824680985883,139.90656929016114,0.185302734375,1000.0,1905.705322265625,,
1063,1494,388,1589248,0.0001,29.270150804519652,0.019468421,6464,0.2,49.83876419067383,0.04760478809475899,0.9616421461105347,-0.009393213142175227,110.87435951232911,0.202099609375,1000.0,1901.93310546875,,
1065,1495,389,1593344,0.0001,29.273513984680175,0.0182456,6469,0.2,31.761436462402344,0.04759891331195831,0.9616609811782837,-0.008945166814373805,93.09684410095215,0.190869140625,1000.0,1901.93310546875,,
1067,1496,390,1597440,0.0001,29.274030256271363,0.017896734,6474,0.2,42.25471878051758,0.047601159662008286,0.9658178091049194,-0.008853976195678116,107.78354625701904,0.18798828125,1000.0,1891.543701171875,,
1071,1494,391,1601536,0.0001,29.273250246047972,0.016731724,6479,0.2,43.13798904418945,0.04760165140032768,0.9680459499359131,-0.00947164777899161,106.44155368804931,0.186083984375,1000.0,1890.427978515625,,
1073,1495,392,1605632,0.0001,29.27616024017334,0.020347659,6484,0.2,48.45684814453125,0.04758399724960327,0.9602308869361877,-0.012038020568434149,106.23781356811523,0.20185546875,1000.0,1888.7021484375,,
1075,1496,393,1609728,0.0001,29.27929310798645,0.016745249,6489,0.2,51.29283905029297,0.04759211838245392,0.9015792608261108,-0.01022761570638977,123.7891222000122,0.1802734375,1000.0,1888.7021484375,,
1077,1497,394,1613824,0.0001,29.27400493621826,0.018205225,6494,0.2,19.484472274780273,0.047602441161870956,0.9505449533462524,-0.012227887695189565,60.5862434387207,0.182275390625,1000.0,1874.19091796875,,
1081,1495,395,1617920,0.0001,29.27656021118164,0.023240432,6499,0.2,14.715499877929688,0.04757070541381836,0.964092493057251,-0.007650037331040948,42.79406633377075,0.22421875,1000.0,1796.271240234375,,
1083,1496,396,1622016,0.0001,29.286115598678588,0.020662935,6504,0.2,27.31576919555664,0.047571003437042236,0.9622795581817627,-0.006281812372617423,62.39911699295044,0.277734375,1000.0,1789.66796875,,
1085,1497,397,1626112,0.0001,29.281408882141115,0.025260879,6509,0.2,34.87513732910156,0.04758812114596367,0.9648902416229248,-0.00634436149848625,78.9144534111023,0.2376953125,993.1,1773.362548828125,,
1087,1498,398,1630208,0.0001,29.27668151855469,0.020391606,6514,0.2,77.42835235595703,0.047588665038347244,0.9283367395401001,-0.009929750871378928,207.7165958404541,0.27470703125,993.1,1758.6424560546875,,
1091,1497,399,1634304,0.0001,29.27813501358032,0.016552594,6519,0.2,21.184303283691406,0.04758843034505844,0.9748361706733704,-0.012281667973729782,62.89959888458252,0.20390625,993.1,1802.7113037109375,,
1093,1498,400,1638400,0.0001,29.276476526260375,0.01834218,6524,0.2,36.33732223510742,0.047596391290426254,0.9594196677207947,-0.01061395121505484,81.84146518707276,0.20556640625,993.1,1802.7113037109375,,
1095,1499,401,1642496,0.0001,29.275383138656615,0.016401391,6529,0.2,45.0479621887207,0.04758745804429054,0.9391394257545471,-0.01111007934086956,104.59061279296876,0.19482421875,993.1,1811.18505859375,,
1097,1500,402,1646592,0.0001,29.278168821334837,0.020639597,6534,0.2,44.522132873535156,0.04758921638131142,0.9426135420799255,-0.012291161541361362,110.95546855926514,0.223876953125,993.1,1793.376708984375,,
1100,1499,403,1650688,0.0001,29.27977600097656,0.017992157,6539,0.2,18.966922760009766,0.04756733402609825,0.9777296185493469,-0.009487288910895586,48.79838018417358,0.19638671875,993.1,1780.7060546875,,
1102,1501,404,1654784,0.0001,29.28991856575012,0.018450975,6544,0.2,37.39512252807617,0.04754428565502167,0.9476847052574158,-0.010372318007284775,79.91878299713134,0.2212890625,993.1,1780.7060546875,,
1104,1501,405,1658880,0.0001,29.296777296066285,0.018254869,6549,0.2,28.66667938232422,0.0475289560854435,0.936650276184082,-0.012044228770537301,86.17342510223389,0.17578125,993.1,1781.767822265625,,
1106,1502,406,1662976,0.0001,29.30058283805847,0.019377423,6554,0.2,22.944625854492188,0.047530125826597214,0.9501117467880249,-0.010288901781314053,70.68335943222046,0.20517578125,993.1,1776.9453125,,
1110,1501,407,1667072,0.0001,29.30142092704773,0.017717864,6559,0.2,27.9603214263916,0.04751943051815033,0.953661322593689,-0.011829100002069026,76.0406946182251,0.224853515625,993.1,1793.8095703125,,
1112,1502,408,1671168,0.0001,29.307594203948973,0.023568314,6564,0.2,27.678848266601562,0.047500237822532654,0.9202648997306824,-0.01209195947740227,77.82086896896362,0.2283203125,993.1,1793.8095703125,,
1114,1503,409,1675264,0.0001,29.31470904350281,0.022274572,6569,0.2,24.195493698120117,0.04747946187853813,0.931755542755127,-0.009881610795855523,61.23053140640259,0.2361328125,993.1,1799.66650390625,,
1116,1504,410,1679360,0.0001,29.321781587600707,0.019893799,6574,0.2,27.179046630859375,0.04746832698583603,0.924940824508667,-0.008691347955027596,70.40159215927125,0.230712890625,993.1,1789.963134765625,,
1119,1503,411,1683456,0.0001,29.323664665222168,0.021333624,6579,0.2,31.160263061523438,0.04746740683913231,0.8902059197425842,-0.008030453417450189,91.15348520278931,0.24677734375,993.1,1798.844970703125,,
1121,1504,412,1687552,0.0001,29.327442979812623,0.019876651,6584,0.2,37.634254455566406,0.047445304691791534,0.9313936829566956,-0.012273552984697744,85.48909645080566,0.21923828125,993.1,1798.844970703125,,
1123,1505,413,1691648,0.0001,29.33421957081762,0.025372136,6588,0.2,26.25519561767578,0.04743913188576698,0.952531635761261,-0.008270704781572366,62.043107394514415,0.23821390086206898,993.1,1792.280517578125,,
1125,1506,414,1695744,0.0001,29.33713655471802,0.017562728,6593,0.2,37.332523345947266,0.04742258042097092,0.9523683786392212,-0.007432113884715363,88.2287446975708,0.20830078125,993.1,1788.087646484375,,
1129,1505,415,1699840,0.0001,29.34117970466614,0.021132521,6598,0.2,40.11618423461914,0.04742969200015068,0.9595116972923279,-0.006242789013776928,83.87619476318359,0.22744140625,993.1,1801.300048828125,,
1130,1506,416,1703936,0.0001,29.33605341911316,0.017859686,6603,0.2,40.75971603393555,0.047438424080610275,0.9278397560119629,-0.008542404213221744,106.66708164215088,0.230810546875,993.1,1801.300048828125,,
1133,1507,417,1708032,0.0001,29.334796953201295,0.02011142,6608,0.2,24.31731605529785,0.047439251095056534,0.9493721723556519,-0.013806414674036205,74.62262840270996,0.218017578125,992.11,1774.2191162109375,,
1136,1506,418,1712128,0.0001,29.332958984375,0.019124523,6613,0.2,36.696861267089844,0.047448813915252686,0.9410573840141296,-0.010282683291006834,97.43061084747315,0.2091796875,992.11,1823.6019287109375,,
1138,1507,419,1716224,0.0001,29.331729555130003,0.01916383,6618,0.2,26.819459915161133,0.0474412702023983,0.9447066783905029,-0.00948929064325057,73.45038805007934,0.18515625,992.11,1823.6019287109375,,
1141,1507,420,1720320,0.0001,29.33529496192932,0.020278886,6623,0.2,32.806026458740234,0.04743711277842522,0.9261556267738342,-0.011221435770858079,92.38762130737305,0.22333984375,992.11,1824.6416015625,,
1143,1508,421,1724416,0.0001,29.33480191230774,0.01900531,6628,0.2,30.3668212890625,0.047446027398109436,0.9398888945579529,-0.010325461742468178,79.0942795753479,0.216552734375,992.11,1805.0592041015625,,
1147,1506,422,1728512,0.0001,29.333517265319824,0.020518696,6633,0.2,18.847312927246094,0.04743129760026932,0.9590306878089905,-0.008876185410190373,53.713000011444095,0.216845703125,999.01,1803.135498046875,,
1149,1507,423,1732608,0.0001,29.33829975128174,0.016303962,6634,0.2,33.94580841064453,0.04742838069796562,0.9423580169677734,0.011835795798106119,71.91582679748535,0.209716796875,999.01,1803.135498046875,,
1151,1508,424,1736704,0.0001,29.337596464157105,0.015860239,6639,0.2,28.97998046875,0.04743856564164162,0.9511523246765137,-0.012375234707724303,76.08170795440674,0.187255859375,999.01,1792.88720703125,,
1153,1509,425,1740800,0.0001,29.334376859664918,0.026729384,6644,0.2,16.96923828125,0.04744108393788338,0.9702672362327576,-0.009080715180607513,45.56519193649292,0.264697265625,999.01,1806.5313720703125,,
1156,1508,426,1744896,0.0001,29.337295678945686,0.023441557,6649,0.2,18.940631866455078,0.04741273075342178,0.9765248894691467,-0.009611988941637369,44.90275764465332,0.25505809294871795,999.01,1835.1796875,,
1158,1509,427,1748992,0.0001,29.346776058799342,0.027304994,6652,0.2,28.699777603149414,0.04740240052342415,0.9679516553878784,-0.0008191639422684124,70.13886883384303,0.22974917763157895,999.01,1835.1796875,,
1183,1481,428,1753088,0.0001,29.348911809921265,0.012532838,6657,0.2,76.52513885498047,0.04740394279360771,0.9245755076408386,-0.006610825040843338,189.703942489624,0.167431640625,999.01,1836.6129150390625,2.4942970511147617,250000
1184,1482,429,1757184,0.0001,29.34841208457947,0.012759742,6662,0.2,56.12574768066406,0.04739805683493614,0.9492291212081909,-0.012941048282664269,143.29530811309814,0.125,999.01,1826.2216796875,,
1188,1481,430,1761280,0.0001,29.349259614944458,0.01649516,6667,0.2,49.29282760620117,0.04740731790661812,0.9620310068130493,-0.013235259737120942,138.93832263946533,0.1634765625,999.01,1830.718017578125,,
1190,1482,431,1765376,0.0001,29.346432304382326,0.015902258,6672,0.2,46.24446487426758,0.047406211495399475,0.9658738374710083,-0.009975757281063124,113.51575393676758,0.171728515625,999.01,1830.718017578125,,
1192,1483,432,1769472,0.0001,29.349008989334106,0.019087553,6677,0.2,32.17219924926758,0.0473935529589653,0.9218677282333374,-0.014637277764268219,82.85481729507447,0.193017578125,999.01,1832.520263671875,,
1194,1484,433,1773568,0.0001,29.353343296051026,0.020375013,6682,0.2,25.060701370239258,0.04738696664571762,0.9458102583885193,-0.011772620130795986,62.41369295120239,0.194921875,999.01,1835.879638671875,,
1198,1482,434,1777664,0.0001,29.35427761077881,0.02071093,6687,0.2,26.3557071685791,0.04739328846335411,0.9431237578392029,-0.012075364938937128,64.00615873336793,0.23994140625,999.01,1837.04736328125,,
1200,1483,435,1781760,0.0001,29.34986548423767,0.022354659,6692,0.2,24.597888946533203,0.04740511626005173,0.956104040145874,-0.010996919183526188,62.99571056365967,0.211328125,999.01,1837.04736328125,,
1202,1484,436,1785856,0.0001,29.348743152618407,0.020294767,6697,0.2,27.973119735717773,0.04739414155483246,0.9642523527145386,-0.012076785031240433,63.20140600204468,0.233154296875,999.01,1814.677490234375,,
1204,1485,437,1789952,0.0001,29.35142822265625,0.016971644,6702,0.2,23.555810928344727,0.04740459471940994,0.9697492122650146,-0.008636916661635042,55.77402286529541,0.18603515625,999.01,1809.3037109375,,
1208,1484,438,1794048,0.0001,29.347585678100586,0.018430326,6707,0.2,32.92658233642578,0.04740530252456665,0.951032280921936,-0.01082508647814393,98.13813285827636,0.189208984375,999.01,1834.807373046875,,
1210,1485,439,1798144,0.0001,29.34763436317444,0.02041712,6712,0.2,41.45576477050781,0.04740872234106064,0.966481626033783,-0.013515131821623071,100.14290103912353,0.2142578125,999.01,1834.807373046875,,
1212,1486,440,1802240,0.0001,29.34762887954712,0.014366469,6717,0.2,66.9481201171875,0.047401607036590576,0.9415165781974792,-0.011212950019398704,173.1608741760254,0.2068359375,999.01,1838.0084228515625,,
1214,1487,441,1806336,0.0001,29.34881658554077,0.016465526,6722,0.2,31.70049285888672,0.04741035774350166,0.9684900045394897,-0.012359355133958161,109.26994304656982,0.165625,999.01,1837.7423095703125,,
1218,1486,442,1810432,0.0001,29.346063995361327,0.016500829,6727,0.2,48.9470329284668,0.04740796983242035,0.9609352350234985,-0.012266286858357489,130.51533451080323,0.18828125,1000.0,1895.4300537109375,,
1220,1487,443,1814528,0.0001,29.345397090911867,0.020562228,6732,0.2,43.33863830566406,0.047421980649232864,0.945157527923584,-0.010461793054128065,105.37395553588867,0.23642578125,1000.0,1895.4300537109375,,
1222,1488,444,1818624,0.0001,29.340392875671387,0.016270868,6737,0.2,54.885257720947266,0.047426577657461166,0.8843101859092712,-0.008536077477037907,136.18358249664306,0.182958984375,1000.0,1889.70654296875,,
1223,1489,445,1822720,0.0001,29.34061199909932,0.025458258,6742,0.2,22.871339797973633,0.04742682725191116,0.9546874165534973,-0.008972629564940124,58.786046517861855,0.22307854729729729,1000.0,1909.841552734375,,
1227,1488,446,1826816,0.0001,29.340190410614014,0.014371706,6743,0.2,29.5760498046875,0.04742719233036041,0.9545153379440308,0.008346206916030496,71.96398067474365,0.182861328125,1000.0,1968.021728515625,,
1229,1489,447,1830912,0.0001,29.33960852622986,0.022581566,6748,0.2,29.915969848632812,0.0474320724606514,0.9277645945549011,-0.01211013477295637,84.77645559310913,0.212451171875,1000.0,1968.021728515625,,
1231,1489,448,1835008,0.0001,29.337749004364014,0.019132216,6753,0.2,21.519142150878906,0.04743508994579315,0.9444301724433899,-0.011751034168992192,64.72775983810425,0.19326171875,1000.0,1958.9046630859375,,
1233,1490,449,1839104,0.0001,29.33550763130188,0.022596046,6758,0.2,21.060380935668945,0.04744771495461464,0.9530112743377686,-0.011740597884636373,55.341878986358644,0.260986328125,1000.0,1961.6583251953125,,
1237,1489,450,1843200,0.0001,29.334435367584227,0.019489031,6763,0.2,20.729721069335938,0.047432608902454376,0.9630871415138245,-0.00654316054424271,61.804490661621095,0.263134765625,1000.0,2038.4898681640625,,
1239,1490,451,1847296,0.0001,29.34279398918152,0.019742914,6768,0.2,39.289852142333984,0.04740985110402107,0.9572240710258484,-0.01260812971740961,94.95429000854492,0.26142578125,1000.0,2038.4898681640625,,
1241,1491,452,1851392,0.0001,29.34991536140442,0.014635563,6773,0.2,38.48089599609375,0.04739673063158989,0.9496205449104309,-0.008344097342342139,112.31821403503417,0.177978515625,1000.0,2024.056396484375,,
1243,1491,453,1855488,0.0001,29.35366849899292,0.018042754,6778,0.2,30.0836238861084,0.047390833497047424,0.9628493189811707,-0.010991954774362966,77.89582662582397,0.195849609375,1000.0,2009.467529296875,,
1247,1490,454,1859584,0.0001,29.353882932662962,0.0174107,6783,0.2,22.97860336303711,0.04739875718951225,0.953654944896698,-0.009847815474495291,62.45769567489624,0.18271484375,1000.0,2054.908203125,,
1249,1491,455,1863680,0.0001,29.352489614486693,0.021829894,6788,0.2,22.33734703063965,0.04739394038915634,0.9650099873542786,-0.010167834477033465,54.16915493011474,0.24287109375,1000.0,2054.908203125,,
1252,1491,456,1867776,0.0001,29.355101442337038,0.022645172,6793,0.2,16.46771240234375,0.047385141253471375,0.9711856842041016,-0.007150336285121739,44.3658082485199,0.27236328125,1000.0,2060.732177734375,,
1254,1492,457,1871872,0.0001,29.355080986022948,0.022891108,6798,0.2,22.89394760131836,0.04740371182560921,0.9675857424736023,-0.010254415695089846,57.320087623596194,0.27548828125,1000.0,2063.168701171875,,
1258,1491,458,1875968,0.0001,29.34866499900818,0.019787565,6803,0.2,26.129934310913086,0.04740944877266884,0.9631131887435913,-0.011114778672344982,64.91062288284301,0.250830078125,1000.0,2097.708984375,,
1260,1491,459,1880064,0.0001,29.352151823043823,0.022633258,6808,0.2,31.179931640625,0.04738704860210419,0.9328659772872925,-0.010790664877276868,72.93918628692627,0.248974609375,1000.0,2097.708984375,,
1262,1492,460,1884160,0.0001,29.360714292526247,0.022448853,6813,0.2,12.094009399414062,0.04736262559890747,0.9672427773475647,-0.006502911460120231,34.39711513519287,0.222705078125,1000.0,2089.057861328125,,
1265,1492,461,1888256,0.0001,29.366947809855144,0.021674156,6815,0.2,15.60033130645752,0.047359392046928406,0.972764253616333,0.005278770734245579,33.49048185348511,0.21272786458333334,1000.0,2104.188720703125,,
1268,1492,462,1892352,0.0001,29.368898582458495,0.023402758,6820,0.2,13.413841247558594,0.047346360981464386,0.9705979824066162,-0.00679561507422477,43.2600839138031,0.264697265625,1000.0,2104.188720703125,,
1270,1493,463,1896448,0.0001,29.373913049697876,0.018240077,6825,0.2,41.51742172241211,0.04734116420149803,0.955025315284729,-0.007216813764534891,92.06866512298583,0.221337890625,1000.0,2096.02783203125,,
1272,1494,464,1900544,0.0001,29.373850727081297,0.019417841,6830,0.2,27.95203399658203,0.047343891113996506,0.9668328762054443,-0.009501530311536045,66.95063095092773,0.1994140625,1000.0,2092.8447265625,,
1275,1493,465,1904640,0.0001,29.37165331840515,0.020275615,6835,0.2,14.03822135925293,0.04735419899225235,0.9814172983169556,-0.011124417849350721,39.544514656066895,0.20859375,1000.0,2100.421142578125,,
1278,1493,466,1908736,0.0001,29.369369761149088,0.025839688,6837,0.2,27.278858184814453,0.047353874891996384,0.9686490893363953,-0.0016149424870188038,61.33513666788737,0.21731770833333333,1000.0,2100.421142578125,,
1280,1493,467,1912832,0.0001,29.369676876068116,0.016631182,6842,0.2,55.084903717041016,0.04735521227121353,0.9314037561416626,-0.007978362852009013,131.843404006958,0.194921875,1000.0,2091.81298828125,,
1283,1493,468,1916928,0.0001,29.36935043334961,0.018986711,6847,0.2,27.533842086791992,0.047351036220788956,0.9650281667709351,-0.011016730673145503,73.28136968612671,0.19619140625,1000.0,2113.453125,,
1287,1492,469,1921024,0.0001,29.37046718597412,0.02190236,6852,0.2,29.005861282348633,0.04734994098544121,0.969099760055542,-0.012053675105562434,69.74313926696777,0.2310546875,1000.0,2089.44775390625,,
1289,1492,470,1925120,0.0001,29.372420358657838,0.018641394,6857,0.2,39.02728271484375,0.04734198376536369,0.9568537473678589,-0.009877312593744136,94.4106897354126,0.243505859375,1000.0,2089.44775390625,,
1292,1493,471,1929216,0.0001,29.37535047531128,0.015340498,6862,0.2,34.5275993347168,0.047334976494312286,0.9565422534942627,-0.01137342796428129,87.93853759765625,0.166943359375,1000.0,2089.84326171875,,
1294,1493,472,1933312,0.0001,29.377295398712157,0.016600177,6867,0.2,25.67162322998047,0.0473366416990757,0.9652698040008545,-0.010979609016794711,72.57934188842773,0.175,1000.0,2060.339111328125,,
1298,1491,473,1937408,0.0001,29.37438988685608,0.017859643,6872,0.2,29.008930206298828,0.04734634608030319,0.9642592072486877,-0.011811041797045618,80.24200458526612,0.19306640625,1000.0,2002.3822021484375,,
1300,1492,474,1941504,0.0001,29.371620178222656,0.020341117,6877,0.2,24.71053695678711,0.04734940081834793,0.9722195267677307,-0.009038337878882885,57.25137233734131,0.22900390625,1000.0,2002.3822021484375,,
1303,1493,475,1945600,0.0001,29.3736074924469,0.017918196,6882,0.2,19.083038330078125,0.047332003712654114,0.9636438488960266,-0.009239744674414397,54.219185543060306,0.211767578125,1000.0,2006.3638916015625,,
1305,1493,476,1949696,0.0001,29.379774856567384,0.016523689,6887,0.2,13.2421236038208,0.047326285392045975,0.9747324585914612,-0.006847978278528899,39.64639320373535,0.18974609375,1000.0,2000.61669921875,,
1309,1492,477,1953792,0.0001,29.380232715606688,0.020743737,6892,0.2,17.383501052856445,0.04732489213347435,0.971185028553009,-0.0105713703436777,49.5845121383667,0.229736328125,1000.0,2017.1812744140625,,
1311,1493,478,1957888,0.0001,29.38369765281677,0.022067178,6897,0.2,18.912616729736328,0.04730525240302086,0.9697036743164062,-0.006697782536502927,51.11338357925415,0.25390625,1000.0,2017.1812744140625,,
1313,1494,479,1961984,0.0001,29.389526653289796,0.015726568,6902,0.2,32.29414749145508,0.04729670658707619,0.9637516736984253,-0.006020295066991821,91.60344009399414,0.1892578125,1000.0,2004.9105224609375,,
1315,1495,480,1966080,0.0001,29.39156355857849,0.01518639,6907,0.2,41.05710220336914,0.047299791127443314,0.9607564806938171,-0.00951404036313761,105.09123878479004,0.173974609375,1000.0,1986.327392578125,,
1318,1493,481,1970176,0.0001,29.389108657836914,0.019129917,6912,0.2,29.058032989501953,0.04730413109064102,0.9631733894348145,-0.010740998748224229,83.97830085754394,0.180712890625,1000.0,1954.8048095703125,,
1320,1494,482,1974272,0.0001,29.387639045715332,0.019156815,6917,0.2,39.5944938659668,0.04730762541294098,0.9629306793212891,-0.010444925737101585,83.65227870941162,0.219091796875,1000.0,1954.8048095703125,,
1322,1495,483,1978368,0.0001,29.38937373161316,0.019022934,6922,0.2,37.43709182739258,0.04729176312685013,0.9545336365699768,-0.00999047615332529,97.448371219635,0.216748046875,1000.0,1952.10791015625,,
1324,1496,484,1982464,0.0001,29.392029094696046,0.020558253,6927,0.2,15.063604354858398,0.047306448221206665,0.9809386134147644,-0.00941557139158249,48.422990798950195,0.22158203125,1000.0,1946.8123779296875,,
1328,1495,485,1986560,0.0001,29.388397121429442,0.022943778,6932,0.2,16.190231323242188,0.047292325645685196,0.9733335971832275,-0.00965219055651687,54.740631914138795,0.254931640625,1000.0,1958.276611328125,,
1330,1495,486,1990656,0.0001,29.393662214279175,0.018056475,6937,0.2,23.348438262939453,0.047293394804000854,0.9641929864883423,-0.009653029826586135,68.71816625595093,0.2162109375,1000.0,1958.276611328125,,
1332,1496,487,1994752,0.0001,29.391329526901245,0.017657464,6942,0.2,31.519344329833984,0.047296542674303055,0.9400450587272644,-0.00711206462001428,86.44583950042724,0.1982421875,1000.0,1937.0462646484375,,
1334,1497,488,1998848,0.0001,29.39134874343872,0.015140797,6947,0.2,19.084861755371094,0.04729440435767174,0.9601585865020752,-0.004355859931092709,51.839905834198,0.193994140625,1000.0,1931.0999755859375,,
1360,1472,489,2002944,0.0001,29.39254961013794,0.017585583,6952,0.2,17.287019729614258,0.047292862087488174,0.9629108905792236,-0.008783367939759045,47.79211235046387,0.21650390625,1000.0,1933.411865234375,2.480855209042446,250000
