time/fps,time/time_elapsed,time/total_timesteps,time/iterations,train/loss,train/learning_rate,train/value_loss,train/entropy_loss,train/approx_kl,train/std,train/explained_variance,train/n_updates,train/policy_gradient_loss,train/clip_range,train/clip_fraction,rollout/ep_rew_mean,rollout/ep_len_mean,eval/skor,eval/en_iyi_adim
977,4,4096,1,,,,,,,,,,,,,,,
1368,5,8192,2,89.81387329101562,0.0001,229.47191848754883,15.906611108779908,0.008230239,0.09999433159828186,0.866325318813324,310,-0.009124047472141683,0.2,0.051806640625,,,,
1591,7,12288,3,96.20954132080078,0.0001,236.07552185058594,15.906232261657715,0.006394244,0.09999999403953552,0.8634619116783142,315,-0.00790364269632846,0.2,0.02373046875,,,,
1440,11,16384,4,57.325809478759766,0.0001,164.81708126068116,15.904967641830444,0.0092936475,0.10000567883253098,0.8941941857337952,320,-0.009695227682823316,0.2,0.042919921875,1470.46875,996.625,,
1489,13,20480,5,107.03753662109375,0.0001,267.86487884521483,15.903690576553345,0.011082105,0.1000179722905159,0.8462575674057007,325,-0.010789536393713207,0.2,0.06259765625,1470.46875,996.625,,
1582,15,24576,6,53.665565490722656,0.0001,139.69602088928224,15.901894569396973,0.007117339,0.1000220999121666,0.7951235771179199,330,-0.006779327179538086,0.2,0.02685546875,1470.46875,996.625,,
1652,17,28672,7,55.37847137451172,0.0001,138.61626224517823,15.902178287506104,0.010963611,0.10001161694526672,0.7689542770385742,335,-0.009756665397435426,0.2,0.053076171875,1470.46875,996.625,,
1557,21,32768,8,68.79275512695312,0.0001,167.83879127502442,15.905678749084473,0.009480668,0.09998314082622528,0.7203244566917419,340,-0.00913520235917531,0.2,0.052392578125,1445.1365966796875,998.3125,,
1607,22,36864,9,56.54787826538086,0.0001,136.3798517227173,15.90965416431427,0.013395216,0.09998191893100739,0.7601741552352905,345,-0.014317644946277141,0.2,0.104541015625,1445.1365966796875,998.3125,,
1662,24,40960,10,35.37007522583008,0.0001,98.47515144348145,15.909018802642823,0.01002934,0.09997321665287018,0.5705956220626831,350,-0.010225669259671121,0.2,0.058251953125,1445.1365966796875,998.3125,,
1709,26,45056,11,27.574419021606445,0.0001,88.70124893188476,15.911114859580994,0.012193835,0.09996456652879715,0.6808421611785889,355,-0.01309239657712169,0.2,0.092919921875,1445.1365966796875,998.3125,,
1660,29,49152,12,35.890743255615234,0.0001,85.67027282714844,15.91245470046997,0.012852356,0.09996039420366287,0.6869454383850098,360,-0.011133424733998254,0.2,0.094921875,1399.7235107421875,998.875,,
1680,31,53248,13,36.82500076293945,0.0001,82.6115182876587,15.915764307975769,0.013144581,0.09991714358329773,0.7661039233207703,365,-0.015064414800144732,0.2,0.12763671875,1399.7235107421875,998.875,,
1717,33,57344,14,43.84336471557617,0.0001,125.09406204223633,15.922612261772155,0.007272246,0.09990443289279938,0.741595447063446,370,-0.007284623081795871,0.2,0.03515625,1399.7235107421875,998.875,,
1750,35,61440,15,45.19752883911133,0.0001,109.33304939270019,15.921832823753357,0.009693755,0.0999177023768425,0.7502243518829346,375,-0.0076605378650128845,0.2,0.045703125,1399.7235107421875,998.875,,
1675,39,65536,16,52.57341384887695,0.0001,117.17687358856202,15.921030163764954,0.010821184,0.09990909695625305,0.7287604212760925,380,-0.01211639252724126,0.2,0.07802734375,1380.545654296875,999.15625,,
1704,40,69632,17,33.58576202392578,0.0001,88.83379077911377,15.921798753738404,0.0124060875,0.09991516917943954,0.7570309042930603,385,-0.015033782983664423,0.2,0.104833984375,1380.545654296875,999.15625,,
1731,42,73728,18,45.11497116088867,0.0001,118.61744995117188,15.922511720657349,0.010023026,0.09988945722579956,0.460030734539032,390,-0.009929275640752166,0.2,0.075048828125,1380.545654296875,999.15625,,
1755,44,77824,19,46.032230377197266,0.0001,118.68116207122803,15.927402997016907,0.011552155,0.09987489134073257,0.5604768395423889,395,-0.012960731203202158,0.2,0.09521484375,1380.545654296875,999.15625,,
1708,47,81920,20,46.71458435058594,0.0001,105.23307037353516,15.929519534111023,0.011764826,0.09985639154911041,0.7005667090415955,400,-0.011646195675712078,0.2,0.087060546875,1416.526611328125,999.325,,
1730,49,86016,21,45.923980712890625,0.0001,107.62896041870117,15.931305027008056,0.013087656,0.09986281394958496,0.7909553647041321,405,-0.014074585668276995,0.2,0.115576171875,1416.526611328125,999.325,,
1750,51,90112,22,62.357444763183594,0.0001,166.81585960388185,15.930664658546448,0.009576166,0.09985718876123428,0.6093555688858032,410,-0.011135428695706651,0.2,0.0572265625,1416.526611328125,999.325,,
1769,53,94208,23,64.20343780517578,0.0001,150.50055160522462,15.932705044746399,0.011569049,0.09983812272548676,0.6427109241485596,415,-0.01099274069420062,0.2,0.06689453125,1416.526611328125,999.325,,
1701,57,98304,24,66.09313201904297,0.0001,149.4400381088257,15.93924880027771,0.012131132,0.09978519380092621,0.6331973075866699,420,-0.013426007889211177,0.2,0.083935546875,1409.640625,999.4375,,
1720,59,102400,25,55.88087844848633,0.0001,124.8897518157959,15.945512747764587,0.013392482,0.09977921098470688,0.6904474496841431,425,-0.01494014646159485,0.2,0.12294921875,1409.640625,999.4375,,
1739,61,106496,26,46.313236236572266,0.0001,128.88308563232422,15.946145462989808,0.008970416,0.09976699203252792,0.5581930875778198,430,-0.009155012923292816,0.2,0.04931640625,1409.640625,999.4375,,
1754,63,110592,27,40.50153350830078,0.0001,103.36086196899414,15.950641775131226,0.011480515,0.09972604364156723,0.6673340797424316,435,-0.01197012141929008,0.2,0.077783203125,1409.640625,999.4375,,
1717,66,114688,28,45.74436569213867,0.0001,96.45827445983886,15.958534145355225,0.0108004715,0.09968777000904083,0.671186089515686,440,-0.013051392795750872,0.2,0.08447265625,1365.311279296875,1000.0,,
1733,68,118784,29,42.663429260253906,0.0001,102.96403903961182,15.96530020236969,0.011556219,0.09964928030967712,0.7028976678848267,445,-0.01158499593148008,0.2,0.07080078125,1365.311279296875,1000.0,,
1749,70,122880,30,20.740276336669922,0.0001,59.26746416091919,15.969592881202697,0.010998702,0.09965086728334427,0.8017547130584717,450,-0.010681677504908293,0.2,0.06962890625,1365.311279296875,1000.0,,
1764,71,126976,31,19.784921646118164,0.0001,52.09301891326904,15.967457246780395,0.013152605,0.09966565668582916,0.8377886414527893,455,-0.01569360983557999,0.2,0.113232421875,1365.311279296875,1000.0,,
1728,75,131072,32,16.466381072998047,0.0001,43.82858285903931,15.966216087341309,0.01220938,0.0996633917093277,0.8884509205818176,460,-0.012290953082265332,0.2,0.1060546875,1396.7216796875,1000.0,,
1738,77,135168,33,33.426151275634766,0.0001,72.78939418792724,15.967121195793151,0.01402268,0.09965035319328308,0.7953096032142639,465,-0.014573296171147377,0.2,0.143701171875,1396.7216796875,1000.0,,
1751,79,139264,34,34.22185134887695,0.0001,80.46505031585693,15.966850852966308,0.01182696,0.09968168288469315,0.7589603066444397,470,-0.01131594820180908,0.2,0.093115234375,1396.7216796875,1000.0,,
1760,81,143360,35,30.746627807617188,0.0001,71.85030269622803,15.968887114524842,0.014452558,0.0995815098285675,0.7852954268455505,475,-0.013907315477263182,0.2,0.110107421875,1383.1934814453125,1000.0,,
1728,85,147456,36,33.82586669921875,0.0001,75.34416618347169,15.988614153861999,0.011558542,0.09952282905578613,0.800861120223999,480,-0.014928812102880329,0.2,0.130029296875,1396.06201171875,1000.0,,
1741,87,151552,37,43.9558219909668,0.0001,112.96875438690185,15.99516019821167,0.008092651,0.09947336465120316,0.7228281497955322,485,-0.007978253241162747,0.2,0.041064453125,1396.06201171875,1000.0,,
1753,88,155648,38,52.70806884765625,0.0001,127.32277698516846,16.006410360336304,0.0101836715,0.09941856563091278,0.6490335464477539,490,-0.010114437097217887,0.2,0.0626953125,1396.06201171875,1000.0,,
1761,90,159744,39,40.21074676513672,0.0001,97.97060470581054,16.012711381912233,0.009275015,0.09940579533576965,0.7276846766471863,495,-0.009807774389628321,0.2,0.06474609375,1388.6676025390625,1000.0,,
1740,94,163840,40,48.790748596191406,0.0001,102.9245231628418,16.01590962409973,0.011215853,0.0993703156709671,0.7476733922958374,500,-0.01030164462281391,0.2,0.069091796875,1454.4158935546875,1000.0,,
1750,95,167936,41,52.9289665222168,0.0001,129.94128761291503,16.020090675354005,0.009148162,0.0993812307715416,0.7286121249198914,505,-0.009267764911055566,0.2,0.048193359375,1454.4158935546875,1000.0,,
1761,97,172032,42,60.12388229370117,0.0001,153.24544315338136,16.016608047485352,0.0076879617,0.0993918776512146,0.748659074306488,510,-0.007777504291152581,0.2,0.033251953125,1454.4158935546875,1000.0,,
1759,100,176128,43,63.98818588256836,0.0001,163.03970069885253,16.016918849945068,0.012192848,0.0993710458278656,0.7733252048492432,515,-0.012649635574780405,0.2,0.08203125,1432.166259765625,999.43,,
1751,102,180224,44,66.98157501220703,0.0001,177.51826457977296,16.02333083152771,0.01228857,0.09933166205883026,0.7655741572380066,520,-0.012398095655953512,0.2,0.10224609375,1432.166259765625,999.43,,
1761,104,184320,45,58.78443908691406,0.0001,147.17638149261475,16.028264331817628,0.008649438,0.09932082146406174,0.5217958688735962,525,-0.00895360970753245,0.2,0.04453125,1432.166259765625,999.43,,
1770,106,188416,46,60.74013137817383,0.0001,146.8373025894165,16.030305862426758,0.009861637,0.09929442405700684,0.5251208543777466,530,-0.01113467532559298,0.2,0.06806640625,1432.166259765625,999.43,,
1746,110,192512,47,61.66753387451172,0.0001,130.28067569732667,16.035582494735717,0.010827154,0.09927570819854736,0.6361351013183594,535,-0.013612620998173952,0.2,0.07978515625,1433.2613525390625,998.41,,
1750,112,196608,48,81.49641418457031,0.0001,249.64873161315919,16.038370609283447,0.009738784,0.09925936162471771,0.6679293513298035,540,-0.011966472363565118,0.2,0.069970703125,1433.2613525390625,998.41,,
1759,114,200704,49,52.61750030517578,0.0001,136.71200256347657,16.039864206314085,0.00975938,0.09926365315914154,0.7769640684127808,545,-0.012016358348773792,0.2,0.050146484375,1433.2613525390625,998.41,,
1765,116,204800,50,43.73613357543945,0.0001,115.02501239776612,16.03780665397644,0.012229136,0.09928176552057266,0.810691237449646,550,-0.014013802117551677,0.2,0.074072265625,1416.7047119140625,998.41,,
1747,119,208896,51,46.119163513183594,0.0001,122.54634742736816,16.036583852767944,0.00831873,0.09926852583885193,0.8063775300979614,555,-0.009611658268840983,0.2,0.04150390625,1451.0380859375,998.41,,
1753,121,212992,52,46.18283462524414,0.0001,108.96443996429443,16.041886711120604,0.014465841,0.09922020137310028,0.8195081949234009,560,-0.014986089756712317,0.2,0.12119140625,1451.0380859375,998.41,,
1761,123,217088,53,68.051513671875,0.0001,162.58451442718507,16.050883865356447,0.007709138,0.09917791932821274,0.3761708736419678,565,-0.008481837337603793,0.2,0.040283203125,1451.0380859375,998.41,,
1767,125,221184,54,62.86101531982422,0.0001,145.46196174621582,16.05669770240784,0.010880044,0.0991644561290741,0.5659569501876831,570,-0.013792410271707922,0.2,0.0953125,1446.0938720703125,998.41,,
1739,129,225280,55,64.0432357788086,0.0001,141.98808784484862,16.055663299560546,0.011510275,0.09918177872896194,0.6433013081550598,575,-0.014408909744815901,0.2,0.102978515625,1450.0682373046875,998.41,,
1746,131,229376,56,53.28022766113281,0.0001,122.44056568145751,16.053973722457886,0.0121731805,0.09918028116226196,0.726598858833313,580,-0.013307771540712564,0.2,0.101025390625,1450.0682373046875,998.41,,
1754,133,233472,57,55.80181121826172,0.0001,153.27370681762696,16.055755519866942,0.007767515,0.09916611760854721,0.6694291830062866,585,-0.008187183225527406,0.2,0.0322265625,1450.0682373046875,998.41,,
1759,135,237568,58,63.16349792480469,0.0001,137.16900844573973,16.057927417755128,0.009556659,0.09915279597043991,0.7145975828170776,590,-0.010307782789459452,0.2,0.06064453125,1441.7841796875,998.41,,
1742,138,241664,59,67.40650177001953,0.0001,149.3084674835205,16.061862659454345,0.012279984,0.0991251990199089,0.7371056079864502,595,-0.01411251932149753,0.2,0.100634765625,1444.1357421875,998.41,,
1749,140,245760,60,61.36723327636719,0.0001,129.03476600646974,16.07068877220154,0.012974583,0.09905286133289337,0.7990067005157471,600,-0.014406480686739087,0.2,0.120068359375,1444.1357421875,998.41,,
1755,142,249856,61,63.47976303100586,0.0001,153.40564517974855,16.08153009414673,0.013329622,0.09901037812232971,0.6793174743652344,605,-0.015386411640793084,0.2,0.114111328125,1444.1357421875,998.41,,
1612,157,253952,62,68.2398452758789,0.0001,151.95039196014403,16.08647222518921,0.013313742,0.09900937974452972,0.7342206835746765,610,-0.0139411615265999,0.2,0.102685546875,1432.05908203125,998.41,2.8626845037860194,250000
1597,161,258048,63,52.43040466308594,0.0001,119.56547985076904,16.08306384086609,0.01494007,0.09903474897146225,0.8159942030906677,615,-0.015906036752858198,0.2,0.14296875,1434.4906005859375,998.41,,
1605,163,262144,64,59.101070404052734,0.0001,130.51246070861816,16.08563413619995,0.014871955,0.09897040575742722,0.7738736867904663,620,-0.016137361235450953,0.2,0.139453125,1434.4906005859375,998.41,,
1613,165,266240,65,52.182010650634766,0.0001,130.28286437988282,16.096260499954223,0.008647979,0.0989237129688263,0.3635721206665039,625,-0.008669156453106553,0.2,0.043408203125,1434.4906005859375,998.41,,
1618,166,270336,66,50.95402908325195,0.0001,121.01481342315674,16.105301904678345,0.011575039,0.0988803282380104,0.530729353427887,630,-0.009890351066133007,0.2,0.065087890625,1412.9906005859375,998.41,,
1606,170,274432,67,48.792362213134766,0.0001,118.31549682617188,16.10809988975525,0.0110621285,0.09890071302652359,0.6249857544898987,635,-0.012414651835570112,0.2,0.084716796875,1362.69970703125,998.98,,
1614,172,278528,68,71.31023406982422,0.0001,165.3321388244629,16.104495573043824,0.010962337,0.09889737516641617,0.5883998870849609,640,-0.01263665136648342,0.2,0.084130859375,1362.69970703125,998.98,,
1621,174,282624,69,95.87986755371094,0.0001,233.84071998596193,16.10900378227234,0.009877844,0.09885197132825851,0.446905255317688,645,-0.012090940630878321,0.2,0.0763671875,1362.69970703125,998.98,,
1625,176,286720,70,129.32179260253906,0.0001,278.5124713897705,16.11519498825073,0.011173866,0.09885668754577637,0.5092489719390869,650,-0.014605615148320794,0.2,0.09140625,1351.864990234375,998.98,,
1614,180,290816,71,132.4225616455078,0.0001,285.45754661560056,16.11190609931946,0.011362907,0.09886590391397476,0.5450465083122253,655,-0.013054793700575829,0.2,0.09775390625,1393.8270263671875,1000.0,,
1621,181,294912,72,65.8201675415039,0.0001,161.83917541503905,16.11216449737549,0.010576532,0.09885933250188828,0.6411399841308594,660,-0.0121846703637857,0.2,0.076123046875,1393.8270263671875,1000.0,,
1628,183,299008,73,52.51374816894531,0.0001,120.71750335693359,16.11445770263672,0.011222184,0.09883486479520798,0.6573691368103027,665,-0.01254284756432753,0.2,0.096923828125,1393.8270263671875,1000.0,,
1633,185,303104,74,59.136722564697266,0.0001,144.81768398284913,16.117977619171143,0.012703834,0.09882716834545135,0.7136865854263306,670,-0.013411614182405173,0.2,0.087060546875,1387.6014404296875,999.58,,
1620,189,307200,75,128.60537719726562,0.0001,232.5283115386963,16.120550680160523,0.012027701,0.09880784153938293,0.62253737449646,675,-0.013703268574317917,0.2,0.097802734375,1419.465576171875,999.58,,
1627,191,311296,76,57.411163330078125,0.0001,130.6074234008789,16.12693123817444,0.015753824,0.09875771403312683,0.6826794147491455,680,-0.016594632511259987,0.2,0.146484375,1419.465576171875,999.58,,
1633,193,315392,77,82.62432098388672,0.0001,184.624613571167,16.13149814605713,0.008981599,0.0987684354186058,0.5893092155456543,685,-0.010279204847756773,0.2,0.062109375,1419.465576171875,999.58,,
1637,195,319488,78,69.87358093261719,0.0001,146.3236967086792,16.13217077255249,0.012437766,0.09872719645500183,0.6073155403137207,690,-0.011718156177084892,0.2,0.110009765625,1408.9652099609375,998.44,,
1622,199,323584,79,99.97710418701172,0.0001,226.0300449371338,16.141906881332396,0.012584544,0.09868417680263519,0.5135462880134583,695,-0.015320590359624475,0.2,0.11787109375,1426.791259765625,998.44,,
1629,201,327680,80,49.328453063964844,0.0001,115.8614673614502,16.14673352241516,0.013767263,0.09866411983966827,0.5098811388015747,700,-0.013246334076393395,0.2,0.10576171875,1426.791259765625,998.44,,
1635,202,331776,81,52.94437789916992,0.0001,126.16965713500977,16.150017976760864,0.011457397,0.09864667057991028,0.5276774168014526,705,-0.009942685067653657,0.2,0.06875,1426.791259765625,998.44,,
1639,204,335872,82,52.930301666259766,0.0001,135.5047248840332,16.15427107810974,0.009828748,0.09861579537391663,0.6734422445297241,710,-0.010803696565562858,0.2,0.070654296875,1415.7403564453125,998.44,,
1630,208,339968,83,42.71237564086914,0.0001,104.74295616149902,16.158907556533812,0.012901711,0.09860557317733765,0.806574821472168,715,-0.011265624768566341,0.2,0.089501953125,1406.17919921875,998.44,,
1636,210,344064,84,67.26232147216797,0.0001,133.5185031890869,16.161135292053224,0.014228832,0.09857767820358276,0.7748982906341553,720,-0.014556658052606508,0.2,0.12021484375,1406.17919921875,998.44,,
1641,212,348160,85,82.00104522705078,0.0001,183.79731101989745,16.165861654281617,0.011807977,0.09856893122196198,0.7705522179603577,725,-0.012505429692100733,0.2,0.09306640625,1393.1630859375,998.44,,
1633,215,352256,86,69.16818237304688,0.0001,168.6738307952881,16.167184829711914,0.011487059,0.09854766726493835,0.8129602670669556,730,-0.012843701714882628,0.2,0.086083984375,1406.53125,998.44,,
1638,217,356352,87,70.50108337402344,0.0001,162.17704811096192,16.173435926437378,0.010615836,0.09850476682186127,0.8149333596229553,735,-0.01027638019877486,0.2,0.07392578125,1406.53125,998.44,,
1643,219,360448,88,79.66770935058594,0.0001,177.88578109741212,16.178455352783203,0.00783574,0.09850543737411499,0.573313295841217,740,-0.00979355324525386,0.2,0.04365234375,1406.53125,998.44,,
1646,221,364544,89,72.84614562988281,0.0001,179.19405784606934,16.176822662353516,0.005236213,0.09851180762052536,0.30000513792037964,745,-0.005191554495831951,0.2,0.014453125,1388.8160400390625,998.44,,
1636,225,368640,90,67.95474243164062,0.0001,155.54740715026855,16.177558612823486,0.01063035,0.09849461168050766,0.23585277795791626,750,-0.009993223997298628,0.2,0.059130859375,1424.18212890625,998.44,,
1640,227,372736,91,52.0446662902832,0.0001,124.75721092224121,16.18310766220093,0.012608582,0.09845057874917984,0.5505290031433105,755,-0.012854845193214715,0.2,0.100341796875,1424.18212890625,998.44,,
1645,228,376832,92,39.729209899902344,0.0001,104.42400531768799,16.18950915336609,0.00942541,0.09844054281711578,0.7310591340065002,760,-0.008125846367329359,0.2,0.054931640625,1424.18212890625,998.44,,
1649,230,380928,93,42.53725051879883,0.0001,103.45705966949463,16.18940453529358,0.011223614,0.09843876957893372,0.7791450619697571,765,-0.009724740264937281,0.2,0.063720703125,1432.6611328125,998.44,,
1641,234,385024,94,65.98759460449219,0.0001,130.91632614135742,16.190786790847778,0.01412225,0.09841997921466827,0.7588621377944946,770,-0.01391427467460744,0.2,0.104248046875,1447.3692626953125,998.44,,
1645,236,389120,95,89.4429931640625,0.0001,198.79680290222169,16.19530358314514,0.013443199,0.09840618818998337,0.7250255346298218,775,-0.014463822869583965,0.2,0.11328125,1447.3692626953125,998.44,,
1650,238,393216,96,100.15782165527344,0.0001,241.50287399291992,16.197214603424072,0.011398032,0.09838790446519852,0.658491849899292,780,-0.013048475980758667,0.2,0.067041015625,1447.3692626953125,998.44,,
1654,240,397312,97,82.72029876708984,0.0001,193.68286056518554,16.200148725509642,0.011306079,0.09837935864925385,0.784527063369751,785,-0.012002456956543029,0.2,0.06845703125,1432.5447998046875,998.44,,
1643,244,401408,98,95.80088806152344,0.0001,235.83921165466307,16.203757333755494,0.012987888,0.0983334481716156,0.788292646408081,790,-0.012439730169717222,0.2,0.09501953125,1421.0245361328125,998.86,,
1648,245,405504,99,60.23006820678711,0.0001,146.1734603881836,16.211939334869385,0.011809504,0.09830610454082489,0.8141376376152039,795,-0.013130389410071075,0.2,0.101025390625,1421.0245361328125,998.86,,
1653,247,409600,100,40.829383850097656,0.0001,115.55953025817871,16.214851713180543,0.010415615,0.09830103814601898,0.7371282577514648,800,-0.011515358497854322,0.2,0.063232421875,1421.0245361328125,998.86,,
1656,249,413696,101,66.0013656616211,0.0001,156.199853515625,16.216198015213013,0.012166125,0.09828945249319077,0.7691373825073242,805,-0.013389625324634835,0.2,0.09345703125,1403.0784912109375,998.86,,
1647,253,417792,102,66.76971435546875,0.0001,160.49915657043456,16.219984197616576,0.01312834,0.0982578694820404,0.778242290019989,810,-0.015603107004426419,0.2,0.1275390625,1438.8302001953125,1000.0,,
1651,255,421888,103,52.43684768676758,0.0001,121.57703075408935,16.226193618774413,0.012788231,0.09821808338165283,0.7863638401031494,815,-0.013823494431562722,0.2,0.097412109375,1438.8302001953125,1000.0,,
1656,257,425984,104,69.67005920410156,0.0001,169.99476852416993,16.233827304840087,0.0098885875,0.09818331152200699,0.4732632040977478,820,-0.011853570176754147,0.2,0.076025390625,1438.8302001953125,1000.0,,
1659,259,430080,105,54.6255989074707,0.0001,140.84306640625,16.240962266921997,0.010842448,0.09813489764928818,0.5106028318405151,825,-0.012289132492151111,0.2,0.0873046875,1433.3603515625,1000.0,,
1654,262,434176,106,59.884422302246094,0.0001,119.31088848114014,16.24944624900818,0.012963247,0.09809347987174988,0.6464490294456482,830,-0.015210768638644368,0.2,0.118603515625,1439.0771484375,1000.0,,
1659,264,438272,107,40.89932632446289,0.0001,91.23856315612792,16.25358557701111,0.014639845,0.09809372574090958,0.7807871103286743,835,-0.014760410474264064,0.2,0.143603515625,1439.0771484375,1000.0,,
1663,265,442368,108,40.977439880371094,0.0001,103.18666820526123,16.252796602249145,0.012752395,0.09810123592615128,0.6061370968818665,840,-0.012475060694850982,0.2,0.10029296875,1439.0771484375,1000.0,,
1666,267,446464,109,37.84376907348633,0.0001,105.7428581237793,16.25072364807129,0.010383606,0.09811606258153915,0.6465885043144226,845,-0.013214962172787637,0.2,0.08203125,1457.67041015625,1000.0,,
1658,271,450560,110,49.2526969909668,0.0001,117.16774368286133,16.25020589828491,0.011106698,0.09810163080692291,0.6676063537597656,850,-0.013954358780756593,0.2,0.076025390625,1494.768798828125,1000.0,,
1663,273,454656,111,54.49923324584961,0.0001,146.74496059417726,16.252626514434816,0.011626435,0.09810036420822144,0.667860746383667,855,-0.010287949268240481,0.2,0.07236328125,1494.768798828125,1000.0,,
1666,275,458752,112,58.04425811767578,0.0001,168.70339069366455,16.25287833213806,0.0075471015,0.0980902686715126,0.5912213325500488,860,-0.006551507345284336,0.2,0.035009765625,1494.768798828125,1000.0,,
1669,277,462848,113,67.23006439208984,0.0001,158.49721298217773,16.25659909248352,0.012235647,0.09806209802627563,0.5799189209938049,865,-0.012854792352300137,0.2,0.1001953125,1467.96435546875,1000.0,,
1664,280,466944,114,47.32539367675781,0.0001,116.8432580947876,16.26008620262146,0.013107583,0.09805964678525925,0.6744900345802307,870,-0.014540104707702995,0.2,0.131591796875,1482.8599853515625,1000.0,,
1668,282,471040,115,29.389568328857422,0.0001,68.63109102249146,16.264595365524293,0.014205614,0.09798449277877808,0.7550764083862305,875,-0.011894307134207338,0.2,0.110595703125,1482.8599853515625,1000.0,,
1672,284,475136,116,32.63492965698242,0.0001,72.82494220733642,16.28246874809265,0.013778651,0.09789591282606125,0.664374053478241,880,-0.012897378194611519,0.2,0.116943359375,1482.8599853515625,1000.0,,
1675,286,479232,117,33.488914489746094,0.0001,81.75762872695923,16.295144891738893,0.010841995,0.09783654659986496,0.669601559638977,885,-0.011481160746188834,0.2,0.0806640625,1458.673583984375,1000.0,,
1668,289,483328,118,48.095218658447266,0.0001,114.45156402587891,16.303764629364014,0.0117502175,0.09781429171562195,0.6153421401977539,890,-0.012741983571322635,0.2,0.094775390625,1438.417236328125,1000.0,,
1672,291,487424,119,96.67771911621094,0.0001,231.04566688537597,16.307018852233888,0.00813964,0.09778868407011032,0.5312171578407288,895,-0.009925648156786338,0.2,0.048095703125,1438.417236328125,1000.0,,
1676,293,491520,120,100.62454986572266,0.0001,241.510640335083,16.312533044815062,0.009198174,0.09775201976299286,0.6551927328109741,900,-0.010394122026627883,0.2,0.054052734375,1438.417236328125,1000.0,,
1678,295,495616,121,88.16288757324219,0.0001,211.25766983032227,16.319126749038695,0.01169448,0.0977305993437767,0.7428295016288757,905,-0.014118320867419243,0.2,0.086083984375,1393.7171630859375,1000.0,,
1671,298,499712,122,103.40806579589844,0.0001,228.33298416137694,16.321519947052003,0.008472397,0.0977175235748291,0.7524082660675049,910,-0.00899072557222098,0.2,0.052587890625,1411.78515625,1000.0,,
1615,311,503808,123,31.383190155029297,0.0001,77.68930196762085,16.323511266708373,0.01321225,0.09771726280450821,0.810467541217804,915,-0.012810406455537304,0.2,0.084326171875,1411.78515625,1000.0,2.858330739440174,250000
1619,313,507904,124,35.48562240600586,0.0001,86.98352098464966,16.324882984161377,0.013466366,0.09769347310066223,0.7800644040107727,920,-0.013914877193747089,0.2,0.11953125,1411.78515625,1000.0,,
1614,317,512000,125,36.658355712890625,0.0001,86.71284980773926,16.33048195838928,0.013281964,0.09765800833702087,0.836616039276123,925,-0.013103913777740672,0.2,0.0984375,1421.935302734375,1000.0,,
1614,319,516096,126,41.76200485229492,0.0001,96.37746295928955,16.33531584739685,0.01165793,0.09765718132257462,0.8316708207130432,930,-0.013751753862015903,0.2,0.10751953125,1421.935302734375,1000.0,,
1618,321,520192,127,52.09125900268555,0.0001,132.09368629455565,16.334792184829713,0.010353003,0.09764736145734787,0.7662992477416992,935,-0.010642030648887158,0.2,0.0607421875,1421.935302734375,1000.0,,
1620,323,524288,128,45.41627502441406,0.0001,102.93800563812256,16.336954402923585,0.011792989,0.09763944149017334,0.8081788420677185,940,-0.011193143844138831,0.2,0.0724609375,1402.798095703125,1000.0,,
1610,328,528384,129,63.24817657470703,0.0001,145.07644176483154,16.336667680740355,0.013111546,0.0976584181189537,0.8007652163505554,945,-0.014669219354982489,0.2,0.121337890625,1400.72802734375,1000.0,,
1607,331,532480,130,55.74296951293945,0.0001,113.21446628570557,16.33559355735779,0.01205009,0.09763219952583313,0.8193112015724182,950,-0.01255033605848439,0.2,0.11015625,1400.72802734375,1000.0,,
1607,333,536576,131,55.04655838012695,0.0001,131.68114795684815,16.338811922073365,0.012022403,0.09763950854539871,0.6373685598373413,955,-0.011258867371361702,0.2,0.09306640625,1400.72802734375,1000.0,,
1607,336,540672,132,64.31805419921875,0.0001,150.5435619354248,16.33560085296631,0.012054563,0.0976535826921463,0.6201453804969788,960,-0.012101616465952248,0.2,0.11240234375,1393.2930908203125,1000.0,,
1596,341,544768,133,73.36616516113281,0.0001,154.357088470459,16.338495445251464,0.012804747,0.09760013222694397,0.6902775764465332,965,-0.014556644356343896,0.2,0.1404296875,1400.5723876953125,1000.0,,
1596,343,548864,134,55.754249572753906,0.0001,116.89727840423583,16.346512126922608,0.01609538,0.09760148823261261,0.7613003849983215,970,-0.016502449463587254,0.2,0.1455078125,1400.5723876953125,1000.0,,
1596,346,552960,135,32.81100845336914,0.0001,85.12144298553467,16.34403510093689,0.0120853335,0.09759063273668289,0.6822646856307983,975,-0.011423010658472777,0.2,0.095068359375,1400.5723876953125,1000.0,,
1596,348,557056,136,32.740966796875,0.0001,74.43494491577148,16.349803686141968,0.011681587,0.09754490852355957,0.7018117904663086,980,-0.011647498139063827,0.2,0.088525390625,1394.25830078125,1000.0,,
1584,354,561152,137,29.4128475189209,0.0001,68.75762119293213,16.358990049362184,0.012746723,0.09749449789524078,0.7602216601371765,985,-0.012458430716651491,0.2,0.10068359375,1395.328125,1000.0,,
1581,357,565248,138,36.782691955566406,0.0001,93.12835311889648,16.364780235290528,0.01293016,0.09750019013881683,0.7760779857635498,990,-0.014107355731539428,0.2,0.119775390625,1395.328125,1000.0,,
1580,360,569344,139,74.22313690185547,0.0001,195.7523494720459,16.362147712707518,0.0074039614,0.09750466048717499,0.7539023160934448,995,-0.008692396362312138,0.2,0.0375,1395.328125,1000.0,,
1579,362,573440,140,87.6541519165039,0.0001,218.78901176452638,16.36203827857971,0.009867271,0.09750346839427948,0.776369571685791,1000,-0.009378987143281847,0.2,0.0498046875,1386.92333984375,1000.0,,
1570,367,577536,141,94.7676010131836,0.0001,196.21119499206543,16.360813713073732,0.011823246,0.09752940386533737,0.8200587034225464,1005,-0.012837215984473006,0.2,0.081298828125,1364.57177734375,1000.0,,
1570,370,581632,142,70.32208251953125,0.0001,153.7400318145752,16.357546758651733,0.01446984,0.09752197563648224,0.7952350378036499,1010,-0.015188326477073133,0.2,0.147607421875,1364.57177734375,1000.0,,
1570,373,585728,143,71.68524169921875,0.0001,195.81377639770508,16.358342266082765,0.0053320806,0.09752671420574188,-0.023846983909606934,1015,-0.005398744728881866,0.2,0.01953125,1364.57177734375,1000.0,,
1569,375,589824,144,53.35974884033203,0.0001,115.3967399597168,16.358707761764528,0.011527876,0.09750965237617493,0.4279337525367737,1020,-0.01058043164666742,0.2,0.057080078125,1367.6207275390625,999.76,,
1557,381,593920,145,53.17158508300781,0.0001,142.89749431610107,16.36327729225159,0.00910961,0.09749075025320053,0.5697463750839233,1025,-0.00910420332220383,0.2,0.044677734375,1336.9150390625,999.76,,
1557,383,598016,146,48.90616226196289,0.0001,106.88113422393799,16.366860961914064,0.011475749,0.09745673090219498,0.7597808837890625,1030,-0.012958258792059496,0.2,0.0861328125,1336.9150390625,999.76,,
1556,386,602112,147,67.55321502685547,0.0001,155.68454818725587,16.374972772598266,0.011446906,0.09741121530532837,0.7871139049530029,1035,-0.012924463883973659,0.2,0.1068359375,1336.9150390625,999.76,,
1554,389,606208,148,78.06967163085938,0.0001,166.33085250854492,16.382598447799683,0.010536546,0.09737705439329147,0.8163004517555237,1040,-0.012201100902166218,0.2,0.079296875,1339.042236328125,999.76,,
1547,394,610304,149,68.82923126220703,0.0001,161.03123741149903,16.389658069610597,0.009800595,0.09733108431100845,0.8241937756538391,1045,-0.010473918606294319,0.2,0.07548828125,1329.502197265625,999.76,,
1547,397,614400,150,51.54636001586914,0.0001,108.56263847351075,16.397654008865356,0.01189684,0.09729365259408951,0.808437705039978,1050,-0.011360763199627399,0.2,0.093603515625,1329.502197265625,999.76,,
1547,399,618496,151,40.137481689453125,0.0001,108.2978437423706,16.407081890106202,0.012894861,0.09722304344177246,0.34179478883743286,1055,-0.013370892097009346,0.2,0.110107421875,1329.502197265625,999.76,,
1546,402,622592,152,55.891571044921875,0.0001,125.61785774230957,16.417150211334228,0.012021133,0.09719690680503845,0.5211520195007324,1060,-0.01323033138178289,0.2,0.1173828125,1325.1832275390625,999.76,,
1538,407,626688,153,41.97532653808594,0.0001,96.23121376037598,16.4210223197937,0.01199569,0.09717485308647156,0.7134831547737122,1065,-0.013781146169640124,0.2,0.113330078125,1305.9700927734375,999.76,,
1538,409,630784,154,55.11648178100586,0.0001,146.31052532196045,16.424255466461183,0.009142703,0.0971689522266388,0.6989926099777222,1070,-0.009095422003883868,0.2,0.05498046875,1305.9700927734375,999.76,,
1537,412,634880,155,98.70948028564453,0.0001,215.15605354309082,16.426471376419066,0.010300981,0.09713748097419739,0.4622232913970947,1075,-0.011162112199235708,0.2,0.07041015625,1305.9700927734375,999.76,,
1537,415,638976,156,92.11841583251953,0.0001,216.64166679382325,16.43237109184265,0.011389253,0.09711877256631851,0.5342183709144592,1080,-0.011851309385383502,0.2,0.084375,1277.26123046875,999.76,,
1531,419,643072,157,69.41883087158203,0.0001,158.011696434021,16.43147521018982,0.011687972,0.09714924544095993,0.646763026714325,1085,-0.014224683225620538,0.2,0.10546875,1282.887451171875,999.76,,
1534,421,647168,158,69.74687957763672,0.0001,167.27651901245116,16.426214838027953,0.010695636,0.09716255217790604,0.6836904883384705,1090,-0.0113700246962253,0.2,0.064599609375,1282.887451171875,999.76,,
1536,423,651264,159,75.67864990234375,0.0001,182.86811294555665,16.424180030822754,0.013716467,0.09718193113803864,0.6504981517791748,1095,-0.017350652255117893,0.2,0.1208984375,1282.887451171875,999.76,,
1538,426,655360,160,81.49161529541016,0.0001,173.88652267456055,16.42292103767395,0.011740474,0.09715784341096878,0.6768046021461487,1100,-0.012909947987645864,0.2,0.097265625,1269.6650390625,999.76,,
1534,429,659456,161,70.78980255126953,0.0001,157.56817932128905,16.43008394241333,0.012551075,0.09711591899394989,0.7502217292785645,1105,-0.014019385335268452,0.2,0.103662109375,1291.8641357421875,999.76,,
1536,431,663552,162,44.69205093383789,0.0001,111.20613632202148,16.43653335571289,0.012352986,0.09708796441555023,0.7777234315872192,1110,-0.014154452967341058,0.2,0.110400390625,1291.8641357421875,999.76,,
1538,433,667648,163,50.852073669433594,0.0001,120.32118682861328,16.44225106239319,0.012330099,0.09705545008182526,0.7886686325073242,1115,-0.013158424201537854,0.2,0.105419921875,1288.9541015625,999.07,,
1540,435,671744,164,57.40560531616211,0.0001,161.5154016494751,16.449314975738524,0.014130691,0.09700732678174973,0.7576416730880737,1120,-0.013354786206036806,0.2,0.123681640625,1281.6502685546875,999.07,,
1537,439,675840,165,54.1840934753418,0.0001,129.22647762298584,16.45683546066284,0.011831437,0.09698469936847687,0.8102842569351196,1125,-0.01236082382965833,0.2,0.106689453125,1289.55078125,999.07,,
1540,441,679936,166,51.737525939941406,0.0001,132.32198238372803,16.46051068305969,0.009364093,0.09695503115653992,0.6156138181686401,1130,-0.010546493588481098,0.2,0.066015625,1289.55078125,999.07,,
1542,443,684032,167,58.45261001586914,0.0001,136.9832670211792,16.462606334686278,0.013056054,0.09697717428207397,0.492185115814209,1135,-0.014377305482048542,0.2,0.1078125,1279.7015380859375,999.07,,
1539,447,688128,168,51.479583740234375,0.0001,119.57841606140137,16.463663387298585,0.011424737,0.09691610187292099,0.5869317054748535,1140,-0.012351067806594073,0.2,0.110693359375,1357.2528076171875,999.31,,
1540,449,692224,169,43.63493728637695,0.0001,107.84666709899902,16.476266622543335,0.01317759,0.0968681052327156,0.6567108631134033,1145,-0.012096438521984965,0.2,0.10146484375,1357.2528076171875,999.31,,
1543,451,696320,170,45.29759216308594,0.0001,106.10833683013917,16.481662368774415,0.009408724,0.09685161709785461,0.6309217214584351,1150,-0.008717390111996792,0.2,0.04931640625,1357.2528076171875,999.31,,
1545,453,700416,171,29.861570358276367,0.0001,76.72460327148437,16.48506259918213,0.016413406,0.09683368355035782,0.6879345178604126,1155,-0.018727913103066384,0.2,0.148876953125,1361.0472412109375,999.31,,
1541,457,704512,172,34.77589416503906,0.0001,79.62733364105225,16.48774528503418,0.01359619,0.09681146591901779,0.6846661567687988,1160,-0.01424498757114634,0.2,0.126953125,1422.5618896484375,999.31,,
1542,459,708608,173,28.568443298339844,0.0001,67.36705121994018,16.49414825439453,0.01634963,0.09677180647850037,0.7780529856681824,1165,-0.013719201786443591,0.2,0.1294921875,1422.5618896484375,999.31,,
1545,461,712704,174,70.6335220336914,0.0001,172.3291015625,16.50042486190796,0.0124119,0.09674789011478424,0.539861798286438,1170,-0.01249288636026904,0.2,0.1099609375,1422.5618896484375,999.31,,
1547,463,716800,175,82.07070922851562,0.0001,182.02746696472167,16.503025388717653,0.01211014,0.09674437344074249,0.522632360458374,1175,-0.012126885814359412,0.2,0.0888671875,1412.0723876953125,999.31,,
1544,466,720896,176,84.79904174804688,0.0001,204.93928871154785,16.50311131477356,0.0101560615,0.09675021469593048,0.610454797744751,1180,-0.011024781677406281,0.2,0.086767578125,1423.8070068359375,999.31,,
1546,468,724992,177,85.65796661376953,0.0001,180.65063514709473,16.50409827232361,0.012150056,0.096718430519104,0.7554607391357422,1185,-0.013601678097620607,0.2,0.10078125,1423.8070068359375,999.31,,
1548,470,729088,178,49.175899505615234,0.0001,116.45440578460693,16.510206079483034,0.013358317,0.09670483320951462,0.8059206008911133,1190,-0.01296204951358959,0.2,0.108447265625,1423.8070068359375,999.31,,
1550,472,733184,179,53.59856033325195,0.0001,118.19349403381348,16.515662145614623,0.014288633,0.09664670377969742,0.8101471066474915,1195,-0.015338609216269106,0.2,0.15009765625,1424.7254638671875,999.31,,
1546,476,737280,180,49.4973258972168,0.0001,127.76024513244629,16.52433099746704,0.0126519,0.09661989659070969,0.8534764051437378,1200,-0.013530455878935754,0.2,0.112109375,1430.0362548828125,999.31,,
1549,478,741376,181,42.57737350463867,0.0001,101.36647338867188,16.527433729171754,0.013527573,0.09661133587360382,0.8449371457099915,1205,-0.014393555436981842,0.2,0.1087890625,1430.0362548828125,999.31,,
1551,480,745472,182,67.16506958007812,0.0001,142.91862087249757,16.528789854049684,0.011437233,0.09660559892654419,0.6142427325248718,1210,-0.012961560720577836,0.2,0.089990234375,1430.0362548828125,999.31,,
1553,482,749568,183,85.77134704589844,0.0001,182.90887832641602,16.530778026580812,0.010970877,0.09659058600664139,0.617933452129364,1215,-0.011697950633242726,0.2,0.0806640625,1420.1004638671875,999.31,,
1514,497,753664,184,59.57205581665039,0.0001,148.94792404174805,16.53519034385681,0.012855066,0.09656017273664474,0.6805110573768616,1220,-0.01436747316038236,0.2,0.116943359375,1433.3966064453125,999.31,2.841711468516554,250000
1516,499,757760,185,58.52018356323242,0.0001,140.46082820892335,16.53935298919678,0.012519455,0.09654875099658966,0.7775813341140747,1225,-0.010367136023705825,0.2,0.07099609375,1433.3966064453125,999.31,,
1518,501,761856,186,80.30844116210938,0.0001,186.6334312438965,16.542636775970458,0.010760073,0.09652191400527954,0.7397072315216064,1230,-0.011691512016113847,0.2,0.067578125,1433.3966064453125,999.31,,
1520,503,765952,187,94.74488830566406,0.0001,208.6268424987793,16.5470251083374,0.010474224,0.09650422632694244,0.7091107368469238,1235,-0.012574786168988794,0.2,0.08056640625,1433.4625244140625,999.31,,
1514,508,770048,188,76.37349700927734,0.0001,183.54258918762207,16.55013527870178,0.011563542,0.0964868888258934,0.7507866621017456,1240,-0.014016285870457067,0.2,0.08974609375,1464.091552734375,1000.0,,
1516,510,774144,189,64.04425811767578,0.0001,135.32274913787842,16.55421586036682,0.013936702,0.09645366668701172,0.7964743375778198,1245,-0.014458035409916192,0.2,0.1251953125,1464.091552734375,1000.0,,
1518,512,778240,190,51.624229431152344,0.0001,134.30151271820068,16.5623987197876,0.013598249,0.09640736132860184,0.7326747179031372,1250,-0.013833083095960319,0.2,0.116943359375,1459.5435791015625,999.78,,
1520,514,782336,191,82.86758422851562,0.0001,184.36048698425293,16.567361783981323,0.011790522,0.09640906006097794,0.6900632977485657,1255,-0.013896143808960915,0.2,0.104833984375,1452.03076171875,999.78,,
1516,518,786432,192,55.744415283203125,0.0001,134.4274179458618,16.56678376197815,0.010910468,0.09639701247215271,0.7498736381530762,1260,-0.013127033330965788,0.2,0.0880859375,1481.5145263671875,999.78,,
1518,520,790528,193,42.321388244628906,0.0001,99.54715061187744,16.572753572463988,0.013215937,0.09633124619722366,0.8079226016998291,1265,-0.013422780157998204,0.2,0.1115234375,1481.5145263671875,999.78,,
1518,523,794624,194,37.035030364990234,0.0001,92.79146938323974,16.581438302993774,0.012592645,0.09634219855070114,0.7734747529029846,1270,-0.011783821688732132,0.2,0.09521484375,1475.408447265625,999.78,,
1518,526,798720,195,36.06868362426758,0.0001,92.06361751556396,16.57805209159851,0.011982426,0.0963362455368042,0.8006563186645508,1275,-0.014403920533368364,0.2,0.100732421875,1469.3720703125,999.78,,
1513,530,802816,196,54.31963348388672,0.0001,117.46618728637695,16.58307957649231,0.013830848,0.0963030532002449,0.796223521232605,1280,-0.014947301778011023,0.2,0.118310546875,1465.1495361328125,999.78,,
1514,532,806912,197,48.980186462402344,0.0001,124.95557231903076,16.5874445438385,0.01546888,0.09629103541374207,0.7939001321792603,1285,-0.01504459292627871,0.2,0.130126953125,1465.1495361328125,999.78,,
1514,535,811008,198,75.47016906738281,0.0001,177.4453857421875,16.58859896659851,0.010106371,0.09627966582775116,0.7259220480918884,1290,-0.010718042857479303,0.2,0.070166015625,1446.0189208984375,999.78,,
1513,538,815104,199,69.39797973632812,0.0001,161.18679332733154,16.592506980895998,0.011096051,0.09625324606895447,0.7700524926185608,1295,-0.013849219353869558,0.2,0.092578125,1430.7392578125,999.78,,
1507,543,819200,200,68.0197982788086,0.0001,153.5388511657715,16.59820318222046,0.01076168,0.09621885418891907,0.794849157333374,1300,-0.013308597990544513,0.2,0.093896484375,1417.0986328125,999.78,,
1507,546,823296,201,92.66464233398438,0.0001,193.2918342590332,16.601886892318724,0.012564567,0.09622306376695633,0.866948664188385,1305,-0.01519140056334436,0.2,0.106982421875,1417.0986328125,999.78,,
1507,548,827392,202,88.1084976196289,0.0001,198.30847549438477,16.603153896331786,0.009892191,0.09618522971868515,0.8696760535240173,1310,-0.011706543795298785,0.2,0.07568359375,1404.4293212890625,999.78,,
1507,551,831488,203,85.26496887207031,0.0001,192.90016174316406,16.611001539230347,0.011720547,0.09615509957075119,0.872839629650116,1315,-0.01360362598206848,0.2,0.1044921875,1378.76025390625,999.78,,
1503,555,835584,204,87.87422943115234,0.0001,193.94190406799316,16.615975666046143,0.009157541,0.09613140672445297,0.895207941532135,1320,-0.01138129438040778,0.2,0.091796875,1411.21484375,999.78,,
1504,558,839680,205,49.39419174194336,0.0001,121.92802734375,16.619773960113527,0.010966787,0.0961109921336174,0.7757782936096191,1325,-0.012141072284430265,0.2,0.078759765625,1411.21484375,999.78,,
1504,561,843776,206,52.406307220458984,0.0001,144.94964351654053,16.623541831970215,0.0088741295,0.09609515964984894,0.6523826122283936,1330,-0.00948752932017669,0.2,0.0470703125,1405.403076171875,999.78,,
1503,563,847872,207,60.217185974121094,0.0001,139.29408588409424,16.629032039642333,0.0116529465,0.09603806585073471,0.652032196521759,1335,-0.013526068754435983,0.2,0.094482421875,1407.509521484375,999.78,,
1499,567,851968,208,61.21754455566406,0.0001,142.14499130249024,16.639849281311037,0.010544761,0.09599880874156952,0.6955499649047852,1340,-0.011714380409102887,0.2,0.078076171875,1410.0875244140625,999.78,,
1500,570,856064,209,75.24420166015625,0.0001,161.00831680297853,16.644863080978393,0.009514504,0.09597746282815933,0.27976441383361816,1345,-0.010722185240592808,0.2,0.056494140625,1410.0875244140625,999.78,,
1499,573,860160,210,47.66206359863281,0.0001,114.15573081970214,16.648424482345582,0.008334296,0.09596067667007446,0.4277593493461609,1350,-0.008277377020567656,0.2,0.045556640625,1420.3336181640625,999.78,,
1495,577,864256,211,61.1416015625,0.0001,132.88957996368407,16.652438974380495,0.011677533,0.09592920541763306,0.6874079704284668,1355,-0.010581399765214883,0.2,0.071337890625,1407.96484375,999.78,,
1494,580,868352,212,48.766387939453125,0.0001,110.29176082611085,16.65966191291809,0.014307439,0.09589561820030212,0.7693965435028076,1360,-0.01670580931240693,0.2,0.120458984375,1407.96484375,999.78,,
1495,583,872448,213,65.73779296875,0.0001,157.04069404602052,16.663503694534302,0.012334622,0.0958884060382843,0.620613157749176,1365,-0.014640168577898294,0.2,0.10615234375,1407.96484375,999.78,,
1495,586,876544,214,77.00299835205078,0.0001,178.46504249572754,16.660234785079957,0.012685604,0.0959334671497345,0.6326335072517395,1370,-0.014451829576864838,0.2,0.11904296875,1395.309326171875,999.78,,
1492,589,880640,215,76.04229736328125,0.0001,162.27985343933105,16.653602266311644,0.016711239,0.09594807773828506,0.6379668116569519,1375,-0.015424102323595434,0.2,0.144873046875,1411.1519775390625,1000.0,,
1494,591,884736,216,58.581504821777344,0.0001,136.1555955886841,16.65273952484131,0.012228181,0.09594183415174484,0.6762929558753967,1380,-0.01543156685656868,0.2,0.115478515625,1411.1519775390625,1000.0,,
1496,593,888832,217,50.79275131225586,0.0001,124.13881931304931,16.65460162162781,0.011741206,0.09593411535024643,0.8321393728256226,1385,-0.01231040108250454,0.2,0.088037109375,1411.1519775390625,1000.0,,
1498,596,892928,218,61.49000930786133,0.0001,166.65419998168946,16.657572937011718,0.0096880505,0.09590849280357361,0.832817018032074,1390,-0.009960450243670493,0.2,0.0685546875,1409.8118896484375,1000.0,,
1495,599,897024,219,59.515018463134766,0.0001,135.61961193084716,16.662626266479492,0.012068832,0.09588340669870377,0.8645694851875305,1395,-0.013288526004180313,0.2,0.112890625,1411.0350341796875,1000.0,,
1497,601,901120,220,45.63259506225586,0.0001,109.12668399810791,16.67193717956543,0.013331033,0.09580212086439133,0.8907074332237244,1400,-0.015116261271759867,0.2,0.13095703125,1411.0350341796875,1000.0,,
1499,603,905216,221,90.76771545410156,0.0001,228.1124122619629,16.683694076538085,0.0069980267,0.0957726240158081,0.6727300882339478,1405,-0.007388662628363818,0.2,0.03603515625,1411.0350341796875,1000.0,,
1500,605,909312,222,81.17477416992188,0.0001,197.53248825073243,16.688534927368163,0.010015532,0.09573511779308319,0.6647605895996094,1410,-0.010940675489837303,0.2,0.05498046875,1401.279541015625,1000.0,,
1497,609,913408,223,80.5361099243164,0.0001,193.37848472595215,16.694683361053468,0.011951195,0.09572833776473999,0.6832737326622009,1415,-0.012230696296319366,0.2,0.07890625,1434.916259765625,1000.0,,
1499,611,917504,224,63.141937255859375,0.0001,151.30909748077391,16.69523243904114,0.012462215,0.0957174003124237,0.6983507871627808,1420,-0.01536364866187796,0.2,0.11640625,1434.916259765625,1000.0,,
1501,613,921600,225,32.29836654663086,0.0001,81.99129867553711,16.69760580062866,0.011023961,0.09569540619850159,0.7200223803520203,1425,-0.011799155944027006,0.2,0.092919921875,1434.916259765625,1000.0,,
1501,616,925696,226,44.6956901550293,0.0001,108.09895362854004,16.702962827682494,0.012837489,0.09566651284694672,0.668483555316925,1430,-0.013630519900470973,0.2,0.12158203125,1420.9415283203125,1000.0,,
1498,620,929792,227,35.904632568359375,0.0001,89.14710121154785,16.704578256607057,0.013049163,0.09568183124065399,0.7224874496459961,1435,-0.014453320566099137,0.2,0.142041015625,1443.632080078125,1000.0,,
1500,622,933888,228,46.95025634765625,0.0001,103.47205295562745,16.7037615776062,0.014834859,0.0956771969795227,0.7691750526428223,1440,-0.01380372600397095,0.2,0.141943359375,1443.632080078125,1000.0,,
1502,624,937984,229,60.2100715637207,0.0001,164.66713161468505,16.70511908531189,0.013620314,0.09565505385398865,0.6295391917228699,1445,-0.014778837369522079,0.2,0.136669921875,1443.632080078125,1000.0,,
1504,626,942080,230,52.954742431640625,0.0001,143.8021553039551,16.709346199035643,0.014208235,0.09564636647701263,0.6414427757263184,1450,-0.016025758103933186,0.2,0.1205078125,1434.6444091796875,1000.0,,
1502,629,946176,231,45.289215087890625,0.0001,113.11839618682862,16.711668062210084,0.012448452,0.09562191367149353,0.6977587938308716,1455,-0.01279423133819364,0.2,0.095849609375,1462.3668212890625,1000.0,,
1504,631,950272,232,36.18356704711914,0.0001,89.7475019454956,16.71573143005371,0.0131248385,0.095609150826931,0.7941701412200928,1460,-0.014647076040273533,0.2,0.107861328125,1462.3668212890625,1000.0,,
1505,634,954368,233,32.504329681396484,0.0001,79.06186218261719,16.7211706161499,0.01540884,0.0955536961555481,0.8320914506912231,1465,-0.016510137653676794,0.2,0.159716796875,1456.335205078125,1000.0,,
1506,636,958464,234,30.47494125366211,0.0001,71.73897666931153,16.73288826942444,0.014001825,0.09549647569656372,0.8511103987693787,1470,-0.013779939460800961,0.2,0.14697265625,1455.2801513671875,1000.0,,
1504,639,962560,235,37.205543518066406,0.0001,83.20307731628418,16.741088581085204,0.014325137,0.09546217322349548,0.865585446357727,1475,-0.012470351258525626,0.2,0.12236328125,1499.6839599609375,1000.0,,
1506,641,966656,236,36.871307373046875,0.0001,86.82113113403321,16.748898553848267,0.015066087,0.09541070461273193,0.8277339339256287,1480,-0.016102322848746554,0.2,0.158642578125,1499.6839599609375,1000.0,,
1507,643,970752,237,40.29714584350586,0.0001,99.68964252471923,16.757922315597533,0.013034774,0.09538129717111588,0.8227320909500122,1485,-0.012646497215609998,0.2,0.1171875,1488.78076171875,1000.0,,
1508,646,974848,238,40.167667388916016,0.0001,99.04182777404785,16.763806200027467,0.013354406,0.09533712267875671,0.861539363861084,1490,-0.014704798709135502,0.2,0.120556640625,1476.7784423828125,1000.0,,
1505,650,978944,239,50.993534088134766,0.0001,125.0038724899292,16.770181465148926,0.012222399,0.09532500803470612,0.8389079570770264,1495,-0.012921993964118883,0.2,0.106396484375,1507.3157958984375,1000.0,,
1507,652,983040,240,46.145931243896484,0.0001,102.65500431060791,16.771932554244994,0.0124392565,0.09530811756849289,0.8479151725769043,1500,-0.014335550286341458,0.2,0.101611328125,1507.3157958984375,1000.0,,
1509,654,987136,241,55.46103286743164,0.0001,146.95063076019287,16.775512886047363,0.01096027,0.09529277682304382,0.7898871898651123,1505,-0.011310630827210844,0.2,0.079052734375,1499.4866943359375,1000.0,,
1510,656,991232,242,49.017215728759766,0.0001,119.4490982055664,16.780329370498656,0.012098644,0.09524497389793396,0.837152361869812,1510,-0.011865278315963224,0.2,0.0783203125,1489.4482421875,1000.0,,
1508,659,995328,243,69.68029022216797,0.0001,141.5384948730469,16.789993047714233,0.012423278,0.09520197659730911,0.8418089151382446,1515,-0.012133490294218063,0.2,0.102685546875,1504.9007568359375,1000.0,,
1509,661,999424,244,61.1104736328125,0.0001,130.73445644378663,16.795941257476805,0.0151023865,0.09518586099147797,0.865024209022522,1520,-0.016635440476238727,0.2,0.14375,1504.9007568359375,1000.0,,
1485,675,1003520,245,63.2625617980957,0.0001,150.33501129150392,16.79775004386902,0.010775452,0.09518710523843765,0.8360155820846558,1525,-0.011304772109724581,0.2,0.078955078125,1501.3720703125,1000.0,2.8360330386021135,250000
1487,677,1007616,246,69.5499038696289,0.0001,164.47431449890138,16.799756240844726,0.011876335,0.09514856338500977,0.8224043846130371,1530,-0.011884737224318088,0.2,0.101953125,1489.794677734375,1000.0,,
1482,682,1011712,247,80.72130584716797,0.0001,178.96111907958985,16.806989431381226,0.013001358,0.09513001143932343,0.8325061798095703,1535,-0.015835025068372487,0.2,0.130908203125,1515.50244140625,1000.0,,
1484,684,1015808,248,53.54719924926758,0.0001,141.2744655609131,16.80964641571045,0.010622028,0.09510735422372818,0.6716772317886353,1540,-0.012142155587207526,0.2,0.09228515625,1515.50244140625,1000.0,,
1486,686,1019904,249,41.91415023803711,0.0001,107.13264274597168,16.813359594345094,0.01006522,0.09509504586458206,0.6872380971908569,1545,-0.008752990537323058,0.2,0.044091796875,1506.8790283203125,1000.0,,
1482,690,1024000,250,28.502883911132812,0.0001,75.10052843093872,16.814441299438478,0.012560302,0.09510118514299393,0.7231036424636841,1550,-0.011685176822356879,0.2,0.086328125,1477.3499755859375,1000.0,,
1483,692,1028096,251,29.92505645751953,0.0001,68.14762783050537,16.816182374954224,0.013555943,0.09506388753652573,0.7510384321212769,1555,-0.013225979078561068,0.2,0.104150390625,1477.3499755859375,1000.0,,
1485,694,1032192,252,64.8480224609375,0.0001,142.04363346099854,16.8227258682251,0.010883514,0.09504686295986176,0.13860785961151123,1560,-0.011957353563047945,0.2,0.090869140625,1477.3499755859375,1000.0,,
1486,696,1036288,253,69.27122497558594,0.0001,153.1437744140625,16.824797534942626,0.009606615,0.09503725171089172,0.24658775329589844,1565,-0.010868016176391392,0.2,0.0677734375,1469.55810546875,1000.0,,
1484,700,1040384,254,68.51820373535156,0.0001,159.24975776672363,16.827320957183836,0.010715738,0.09501112997531891,0.535746693611145,1570,-0.011831968883052468,0.2,0.08095703125,1468.4381103515625,1000.0,,
1485,702,1044480,255,61.193336486816406,0.0001,138.1597137451172,16.83376431465149,0.012545145,0.09497911483049393,0.6589228510856628,1575,-0.013349988107802347,0.2,0.100048828125,1468.4381103515625,1000.0,,
1487,704,1048576,256,48.405765533447266,0.0001,116.56261405944824,16.840182542800903,0.01078639,0.0949348509311676,0.8541129231452942,1580,-0.01128644896671176,0.2,0.091015625,1468.4381103515625,1000.0,,
1488,707,1052672,257,36.03083419799805,0.0001,92.93684597015381,16.847294664382936,0.0123252515,0.09491438418626785,0.9017623662948608,1585,-0.012998256360879168,0.2,0.104541015625,1454.376708984375,1000.0,,
1486,711,1056768,258,34.910362243652344,0.0001,91.45085372924805,16.855282163619997,0.012658378,0.09483332931995392,0.8926348090171814,1590,-0.013430823211092503,0.2,0.105224609375,1399.59521484375,1000.0,,
1487,713,1060864,259,27.464303970336914,0.0001,70.73666629791259,16.86731629371643,0.015202014,0.09481488168239594,0.9006335139274597,1595,-0.015070155891589821,0.2,0.163525390625,1399.59521484375,1000.0,,
1489,715,1064960,260,52.017704010009766,0.0001,128.5663164138794,16.86699891090393,0.009639161,0.09480440616607666,0.8006937503814697,1600,-0.0077849737426731735,0.2,0.07802734375,1399.59521484375,1000.0,,
1490,717,1069056,261,37.893516540527344,0.0001,101.7415943145752,16.872561025619508,0.012252115,0.09477012604475021,0.8053077459335327,1605,-0.0123621980776079,0.2,0.095703125,1390.1884765625,1000.0,,
1488,721,1073152,262,37.209808349609375,0.0001,93.10696659088134,16.877966690063477,0.013349289,0.09475111216306686,0.836283802986145,1610,-0.014328061835840344,0.2,0.13203125,1420.1925048828125,1000.0,,
1489,723,1077248,263,47.4057731628418,0.0001,113.01658668518067,16.87748885154724,0.0126136,0.0947795882821083,0.8494548201560974,1615,-0.012647447356721386,0.2,0.11083984375,1420.1925048828125,1000.0,,
1491,725,1081344,264,93.80724334716797,0.0001,211.7169982910156,16.874066066741943,0.009981126,0.09476783871650696,0.6563998460769653,1620,-0.010260362364351749,0.2,0.0728515625,1420.1925048828125,1000.0,,
1492,727,1085440,265,96.79779815673828,0.0001,209.01894340515136,16.87974934577942,0.011675535,0.09473151713609695,0.692529559135437,1625,-0.013800689904019236,0.2,0.11220703125,1404.8590087890625,1000.0,,
1489,731,1089536,266,85.16639709472656,0.0001,205.16347045898436,16.884102869033814,0.012825979,0.09472750872373581,0.7087229490280151,1630,-0.012884373951237649,0.2,0.104052734375,1417.46630859375,1000.0,,
1490,733,1093632,267,71.42477416992188,0.0001,161.66790351867675,16.88723931312561,0.014166788,0.09468887746334076,0.7902053594589233,1635,-0.015003957552835345,0.2,0.11904296875,1417.46630859375,1000.0,,
1492,735,1097728,268,67.44915008544922,0.0001,156.15125617980956,16.892556619644164,0.01165046,0.09468179196119308,0.7929415702819824,1640,-0.012439879507292062,0.2,0.095556640625,1417.46630859375,1000.0,,
1492,737,1101824,269,74.27359771728516,0.0001,166.04695930480958,16.894769287109376,0.011025141,0.0946597084403038,0.7856804728507996,1645,-0.011974555952474476,0.2,0.0931640625,1410.5863037109375,1000.0,,
1488,742,1105920,270,59.128448486328125,0.0001,134.42666664123536,16.8991286277771,0.012611003,0.09464237838983536,0.8111099004745483,1650,-0.012909192836377769,0.2,0.10576171875,1432.1595458984375,1000.0,,
1490,744,1110016,271,42.83321762084961,0.0001,100.01447257995605,16.903594493865967,0.014511818,0.09460373967885971,0.8034135699272156,1655,-0.014082447873079218,0.2,0.1349609375,1432.1595458984375,1000.0,,
1491,747,1114112,272,65.00161743164062,0.0001,148.1382713317871,16.908750009536742,0.009823206,0.0946010872721672,0.48443180322647095,1660,-0.00975983789539896,0.2,0.07001953125,1418.467529296875,1000.0,,
1492,749,1118208,273,49.14275360107422,0.0001,118.93873958587646,16.90948882102966,0.01046389,0.09458911418914795,0.6134337186813354,1665,-0.01057600659551099,0.2,0.06611328125,1413.2437744140625,1000.0,,
1490,752,1122304,274,67.17768096923828,0.0001,147.1907875061035,16.909643745422365,0.013902593,0.09461214393377304,0.6956201791763306,1670,-0.016867371159605682,0.2,0.14287109375,1454.05029296875,1000.0,,
1492,754,1126400,275,45.84078598022461,0.0001,97.20976295471192,16.90822916030884,0.015493857,0.09458579123020172,0.729499101638794,1675,-0.016873416502494364,0.2,0.1578125,1454.05029296875,1000.0,,
1493,757,1130496,276,52.74216079711914,0.0001,129.72253131866455,16.91217694282532,0.013902443,0.09458756446838379,0.3578408360481262,1680,-0.014650074066594243,0.2,0.14013671875,1449.9459228515625,1000.0,,
1494,759,1134592,277,52.52387619018555,0.0001,126.8334903717041,16.914355945587157,0.012425464,0.09454510360956192,0.4195905327796936,1685,-0.013821503368671984,0.2,0.099267578125,1441.2261962890625,1000.0,,
1492,762,1138688,278,42.938499450683594,0.0001,110.92065601348877,16.924975204467774,0.012421054,0.094483882188797,0.5159556269645691,1690,-0.011909505157382228,0.2,0.10078125,1446.0255126953125,1000.0,,
1494,764,1142784,279,50.180171966552734,0.0001,117.82650089263916,16.934677648544312,0.012054689,0.0944480448961258,0.7628005146980286,1695,-0.013207582861650736,0.2,0.095556640625,1446.0255126953125,1000.0,,
1495,766,1146880,280,54.8388671875,0.0001,119.9362756729126,16.939241933822633,0.011729825,0.09444587677717209,0.7927533388137817,1700,-0.009563593997154386,0.2,0.07431640625,1439.800048828125,1000.0,,
1496,769,1150976,281,54.61149597167969,0.0001,121.98818340301514,16.93927550315857,0.01161833,0.09442602097988129,0.8329819440841675,1705,-0.010564859746955335,0.2,0.084716796875,1434.703857421875,1000.0,,
1495,772,1155072,282,54.22087478637695,0.0001,132.3672441482544,16.945319843292236,0.01008163,0.09438059478998184,0.8707708120346069,1710,-0.009170491399709135,0.2,0.05791015625,1486.36962890625,1000.0,,
1496,774,1159168,283,40.565731048583984,0.0001,95.95266094207764,16.954058122634887,0.012921933,0.09434857964515686,0.7949374914169312,1715,-0.012735276954481378,0.2,0.108642578125,1486.36962890625,1000.0,,
1497,776,1163264,284,37.893890380859375,0.0001,92.27896556854247,16.96001887321472,0.015128192,0.09430043399333954,0.7138922214508057,1720,-0.012665883684530855,0.2,0.1240234375,1474.266357421875,1000.0,,
1498,778,1167360,285,43.167823791503906,0.0001,103.09244937896729,16.969826412200927,0.014451355,0.09425897896289825,0.7121291160583496,1725,-0.013708021841011941,0.2,0.131884765625,1471.8167724609375,1000.0,,
1495,783,1171456,286,48.49843215942383,0.0001,110.49000148773193,16.977422142028807,0.012187924,0.09422454237937927,0.7050118446350098,1730,-0.013797205570153893,0.2,0.1099609375,1462.0609130859375,1000.0,,
1497,785,1175552,287,69.49199676513672,0.0001,143.96563453674315,16.98257279396057,0.012099832,0.0942053571343422,0.6758878231048584,1735,-0.011715832978370599,0.2,0.099169921875,1462.0609130859375,1000.0,,
1498,787,1179648,288,79.5804672241211,0.0001,195.32626876831054,16.985192346572877,0.0096975025,0.09419063478708267,0.5242620706558228,1740,-0.010345932643394918,0.2,0.06005859375,1452.8822021484375,1000.0,,
1499,789,1183744,289,99.55521392822266,0.0001,217.66830139160157,16.98999433517456,0.011612935,0.09415778517723083,0.44780534505844116,1745,-0.011724276933819056,0.2,0.095166015625,1433.7423095703125,1000.0,,
1498,792,1187840,290,98.05052185058594,0.0001,203.45439109802246,16.9939124584198,0.011689146,0.0941610112786293,0.6360109448432922,1750,-0.013099533959757537,0.2,0.11806640625,1431.573486328125,1000.0,,
1499,795,1191936,291,107.61714935302734,0.0001,248.60968894958495,16.994907474517824,0.01080855,0.09412816166877747,0.4670634865760803,1755,-0.011617410415783524,0.2,0.092431640625,1431.573486328125,1000.0,,
1500,797,1196032,292,115.91593933105469,0.0001,280.5805381774902,17.000104665756226,0.009733589,0.09412550926208496,0.5336626172065735,1760,-0.010651945613790303,0.2,0.0634765625,1424.15380859375,1000.0,,
1498,801,1200128,293,99.59773254394531,0.0001,232.45266494750976,16.998435497283936,0.009703293,0.09413440525531769,0.6358450651168823,1765,-0.009996001911349594,0.2,0.06865234375,1353.7197265625,1000.0,,
1499,803,1204224,294,83.29305267333984,0.0001,218.518062210083,17.000849103927614,0.010268844,0.09409543871879578,0.6970988512039185,1770,-0.012396180874202401,0.2,0.0826171875,1353.7197265625,1000.0,,
1501,804,1208320,295,46.19551086425781,0.0001,103.49954185485839,17.008318567276,0.012521127,0.09407047927379608,0.7448378205299377,1775,-0.013226385466987267,0.2,0.103466796875,1353.7197265625,1000.0,,
1501,807,1212416,296,49.9862060546875,0.0001,115.16755065917968,17.00988373756409,0.010363142,0.09408391267061234,0.7565374970436096,1780,-0.01140135564492084,0.2,0.096484375,1342.33984375,1000.0,,
1499,811,1216512,297,57.75386047363281,0.0001,128.09430408477783,17.00850510597229,0.011883145,0.0940687507390976,0.751411497592926,1785,-0.011695408262312412,0.2,0.120947265625,1372.0513916015625,1000.0,,
1500,813,1220608,298,46.41850662231445,0.0001,112.74918098449707,17.0139111995697,0.014240193,0.09403102099895477,0.8497885465621948,1790,-0.013977271900512279,0.2,0.1466796875,1372.0513916015625,1000.0,,
1502,815,1224704,299,76.79562377929688,0.0001,195.85991821289062,17.01900706291199,0.010741711,0.09401700645685196,0.818385124206543,1795,-0.011238077806774526,0.2,0.082958984375,1372.0513916015625,1000.0,,
1503,817,1228800,300,69.66899108886719,0.0001,172.17436027526855,17.024440479278564,0.011072092,0.0939629077911377,0.8182618618011475,1800,-0.012162797804921865,0.2,0.094384765625,1365.4024658203125,1000.0,,
1501,821,1232896,301,71.5576400756836,0.0001,163.2120491027832,17.03211579322815,0.010602202,0.09395880997180939,0.8407871127128601,1805,-0.011965423100627958,0.2,0.10693359375,1361.129638671875,1000.0,,
1502,823,1236992,302,68.00823974609375,0.0001,148.3239574432373,17.02976288795471,0.011488687,0.09398150444030762,0.8700472712516785,1810,-0.013210179843008518,0.2,0.11162109375,1361.129638671875,1000.0,,
1503,825,1241088,303,92.94950103759766,0.0001,217.12380676269532,17.029235696792604,0.011671404,0.09395085275173187,0.6432211399078369,1815,-0.012417578767053784,0.2,0.087255859375,1361.129638671875,1000.0,,
1504,827,1245184,304,76.10489654541016,0.0001,193.0396327972412,17.034445571899415,0.013467135,0.09394566714763641,0.7104170322418213,1820,-0.01331015380565077,0.2,0.11005859375,1354.89697265625,1000.0,,
1502,831,1249280,305,78.4079818725586,0.0001,196.09107208251953,17.03418836593628,0.010443887,0.09394189715385437,0.7306405305862427,1825,-0.010785171133466064,0.2,0.0744140625,1350.8057861328125,1000.0,,
1483,844,1253376,306,77.54507446289062,0.0001,161.2418083190918,17.03513584136963,0.012978598,0.09393789619207382,0.738213062286377,1830,-0.01352078554336913,0.2,0.11484375,1350.8057861328125,1000.0,2.826983084277535,250000
1485,846,1257472,307,69.8563232421875,0.0001,176.79062271118164,17.035941696166994,0.010341233,0.09393635392189026,0.613344669342041,1835,-0.010477295843884349,0.2,0.07158203125,1350.8057861328125,1000.0,,
1486,848,1261568,308,44.16007614135742,0.0001,127.25807495117188,17.036013555526733,0.01071909,0.09393224865198135,0.5948129892349243,1840,-0.012325758760562166,0.2,0.071533203125,1340.0645751953125,1000.0,,
1484,852,1265664,309,52.748619079589844,0.0001,137.31055088043212,17.0370285987854,0.01142109,0.09393009543418884,0.5070515871047974,1845,-0.012164347257930785,0.2,0.08857421875,1318.91845703125,1000.0,,
1486,854,1269760,310,37.84452819824219,0.0001,94.25640029907227,17.03753843307495,0.014890201,0.09392624348402023,0.8513755798339844,1850,-0.01515923865372315,0.2,0.147509765625,1318.91845703125,1000.0,,
1487,856,1273856,311,65.56726837158203,0.0001,169.6796588897705,17.03910026550293,0.008740354,0.09390804916620255,0.7939289808273315,1855,-0.008795120997820049,0.2,0.0701171875,1318.91845703125,1000.0,,
1488,858,1277952,312,46.94335174560547,0.0001,126.0904914855957,17.043862199783327,0.011421932,0.09387918561697006,0.8214524388313293,1860,-0.010622349032200874,0.2,0.081591796875,1321.61328125,1000.0,,
1487,862,1282048,313,70.55509948730469,0.0001,171.70052223205568,17.050502157211305,0.011523219,0.09383761137723923,0.7745676040649414,1865,-0.012397914408938959,0.2,0.100390625,1280.255126953125,1000.0,,
1488,864,1286144,314,62.380645751953125,0.0001,137.96950187683106,17.060846471786498,0.013583923,0.09377077221870422,0.7728481292724609,1870,-0.01443848415510729,0.2,0.12333984375,1280.255126953125,1000.0,,
1489,866,1290240,315,36.81715393066406,0.0001,102.24534664154052,17.073487520217896,0.011787241,0.09371642023324966,0.7747824192047119,1875,-0.01175826438702643,0.2,0.092724609375,1267.4664306640625,1000.0,,
1490,868,1294336,316,38.77480697631836,0.0001,91.19829635620117,17.082724475860594,0.012872315,0.09366747736930847,0.8606967926025391,1880,-0.013329770986456425,0.2,0.12509765625,1252.54931640625,1000.0,,
1489,871,1298432,317,35.43118667602539,0.0001,83.91234836578369,17.09129695892334,0.014011957,0.0936250314116478,0.8918918371200562,1885,-0.011993553151842206,0.2,0.13642578125,1329.1573486328125,1000.0,,
1490,873,1302528,318,58.78822708129883,0.0001,132.02055397033692,17.09897847175598,0.011258166,0.0935857892036438,0.8203392028808594,1890,-0.008384764357469977,0.2,0.099755859375,1329.1573486328125,1000.0,,
1492,875,1306624,319,83.64199829101562,0.0001,198.25265769958497,17.103938627243043,0.012141442,0.09358575940132141,0.544287919998169,1895,-0.01381788841681555,0.2,0.116748046875,1320.895751953125,1000.0,,
1493,877,1310720,320,85.36264038085938,0.0001,201.07172889709472,17.103621673583984,0.013457689,0.09357932209968567,0.5497236251831055,1900,-0.014006184006575495,0.2,0.125048828125,1326.1839599609375,1000.0,,
1491,881,1314816,321,79.54178619384766,0.0001,196.16617965698242,17.104471302032472,0.011493807,0.09358256310224533,0.563190221786499,1905,-0.012613137130392716,0.2,0.10791015625,1323.591064453125,1000.0,,
1492,883,1318912,322,80.85388946533203,0.0001,165.0582950592041,17.101886415481566,0.011622525,0.09360472112894058,0.8324246406555176,1910,-0.012887592910556123,0.2,0.098486328125,1323.591064453125,1000.0,,
1493,885,1323008,323,76.13016510009766,0.0001,170.77754249572754,17.09918341636658,0.011347008,0.09360046684741974,0.8537812232971191,1915,-0.011601487681036814,0.2,0.0931640625,1308.658935546875,1000.0,,
1494,887,1327104,324,78.53007507324219,0.0001,178.85256690979003,17.102690982818604,0.010991441,0.09357224404811859,0.8544638752937317,1920,-0.011066435812972486,0.2,0.07607421875,1294.7904052734375,1000.0,,
1492,891,1331200,325,80.6214370727539,0.0001,182.56525993347168,17.108439683914185,0.010530451,0.09354079514741898,0.8687828779220581,1925,-0.010715406766394153,0.2,0.065185546875,1344.788330078125,1000.0,,
1493,893,1335296,326,50.66166305541992,0.0001,126.67279872894287,17.114863872528076,0.014116198,0.09350758790969849,0.8028168082237244,1930,-0.015758711204398423,0.2,0.118359375,1344.788330078125,1000.0,,
1495,895,1339392,327,31.269668579101562,0.0001,83.76775007247925,17.122184467315673,0.012931505,0.09345769882202148,0.8293087482452393,1935,-0.012608661846024915,0.2,0.104931640625,1338.3612060546875,1000.0,,
1496,897,1343488,328,33.5338020324707,0.0001,82.66254959106445,17.133524322509764,0.01325932,0.09339400380849838,0.8505078554153442,1940,-0.014408788795117288,0.2,0.13466796875,1332.2685546875,1000.0,,
1494,901,1347584,329,36.43022155761719,0.0001,88.51269340515137,17.142388153076173,0.013502318,0.09337443858385086,0.829552412033081,1945,-0.012959849240723997,0.2,0.132861328125,1350.0548095703125,1000.0,,
1495,903,1351680,330,55.02303695678711,0.0001,132.97556018829346,17.14484920501709,0.0139865,0.09336219727993011,0.6421729326248169,1950,-0.016253412200603633,0.2,0.132861328125,1350.0548095703125,1000.0,,
1496,905,1355776,331,68.50485229492188,0.0001,156.92860221862793,17.14847731590271,0.012927222,0.09332823753356934,0.6591861248016357,1955,-0.010775501991156488,0.2,0.08408203125,1337.2254638671875,1000.0,,
1497,907,1359872,332,68.68534088134766,0.0001,147.28958950042724,17.154152393341064,0.013095919,0.09331835806369781,0.7382304668426514,1960,-0.012909822864457965,0.2,0.11142578125,1324.76318359375,1000.0,,
1496,911,1363968,333,60.38779830932617,0.0001,134.63527717590333,17.157246541976928,0.013515211,0.09328481554985046,0.720252513885498,1965,-0.014221221930347383,0.2,0.134423828125,1366.481689453125,1000.0,,
1497,913,1368064,334,57.44050216674805,0.0001,132.48067970275878,17.16404538154602,0.010925282,0.09325898438692093,0.7630933523178101,1970,-0.012162807586719282,0.2,0.10224609375,1366.481689453125,1000.0,,
1498,915,1372160,335,46.49843215942383,0.0001,114.84419670104981,17.167892456054688,0.011530608,0.0932370275259018,0.7405939102172852,1975,-0.01119701392017305,0.2,0.09091796875,1360.5823974609375,1000.0,,
1495,920,1376256,336,38.26840591430664,0.0001,93.3121976852417,17.17259588241577,0.013153326,0.0932072103023529,0.8211054801940918,1980,-0.0134276527678594,0.2,0.135107421875,1446.047607421875,1000.0,,
1496,922,1380352,337,41.39141082763672,0.0001,97.51535491943359,17.17813858985901,0.012607107,0.09317982941865921,0.8128923177719116,1985,-0.012987354511278682,0.2,0.1208984375,1446.047607421875,1000.0,,
1498,924,1384448,338,40.02243423461914,0.0001,98.1920379638672,17.1849063873291,0.011778697,0.09314247220754623,0.5844406485557556,1990,-0.011780865595210344,0.2,0.103369140625,1446.047607421875,1000.0,,
1499,926,1388544,339,30.14492416381836,0.0001,90.11590871810913,17.191906929016113,0.011540117,0.09310658276081085,0.6180574893951416,1995,-0.011320353683549911,0.2,0.083544921875,1437.5809326171875,1000.0,,
1497,929,1392640,340,29.42510223388672,0.0001,76.34703168869018,17.197814321517946,0.0120079145,0.0930928960442543,0.6199034452438354,2000,-0.011275794042740017,0.2,0.104052734375,1482.56005859375,1000.0,,
1499,931,1396736,341,33.510860443115234,0.0001,83.21804981231689,17.199025249481203,0.012822006,0.09308213740587234,0.6383458375930786,2005,-0.01364768932107836,0.2,0.133154296875,1482.56005859375,1000.0,,
1500,933,1400832,342,33.239234924316406,0.0001,87.40009288787842,17.20320920944214,0.010329387,0.09305007755756378,0.6639193296432495,2010,-0.009560597443487496,0.2,0.08701171875,1480.423583984375,998.83,,
1501,935,1404928,343,53.639404296875,0.0001,107.66799383163452,17.208273506164552,0.011899036,0.0930391475558281,0.6217455863952637,2015,-0.010584674117853864,0.2,0.086083984375,1480.423583984375,998.83,,
1499,939,1409024,344,31.07317352294922,0.0001,73.99765758514404,17.209619283676147,0.015602816,0.09302863478660583,0.7717711925506592,2020,-0.013430146471364424,0.2,0.136328125,1477.3746337890625,998.83,,
1500,941,1413120,345,23.226741790771484,0.0001,59.61109457015991,17.211832809448243,0.01393645,0.09301551431417465,0.8019806146621704,2025,-0.011397665552794933,0.2,0.138623046875,1477.3746337890625,998.83,,
1501,943,1417216,346,63.19166946411133,0.0001,151.80026092529297,17.213340997695923,0.009755269,0.09300850331783295,0.5090206861495972,2030,-0.009557748545194044,0.2,0.08369140625,1475.869384765625,998.83,,
1503,945,1421312,347,62.32558059692383,0.0001,153.09345893859864,17.21515874862671,0.013342127,0.09300412982702255,0.5724540948867798,2035,-0.01297938844654709,0.2,0.11787109375,1475.869384765625,998.83,,
1500,949,1425408,348,57.393062591552734,0.0001,131.10472526550294,17.21650061607361,0.012211748,0.09298907965421677,0.7107641100883484,2040,-0.013160133850760758,0.2,0.123193359375,1462.64111328125,998.83,,
1502,951,1429504,349,47.63274383544922,0.0001,103.56435127258301,17.222493410110474,0.013016213,0.09294180572032928,0.8299264907836914,2045,-0.012920746038435026,0.2,0.1287109375,1462.64111328125,998.83,,
1503,953,1433600,350,38.09207534790039,0.0001,106.56061382293701,17.231570863723753,0.012104621,0.0929006040096283,0.6816016435623169,2050,-0.01378976526320912,0.2,0.123046875,1460.389404296875,998.83,,
1504,955,1437696,351,35.0680046081543,0.0001,94.99852352142334,17.235655641555788,0.011972255,0.09290987998247147,0.5736316442489624,2055,-0.013147341436706483,0.2,0.117626953125,1460.389404296875,998.83,,
1502,959,1441792,352,35.197322845458984,0.0001,91.5603796005249,17.23589692115784,0.011830397,0.09288002550601959,0.6966911554336548,2060,-0.012660860453615896,0.2,0.107861328125,1447.4898681640625,998.83,,
1503,961,1445888,353,32.80378341674805,0.0001,80.67461948394775,17.242376136779786,0.012378949,0.09285321831703186,0.7599563002586365,2065,-0.012557408411521465,0.2,0.104833984375,1447.4898681640625,998.83,,
1504,963,1449984,354,46.19985580444336,0.0001,125.89862480163575,17.248049020767212,0.009617142,0.09281641244888306,0.6229698657989502,2070,-0.013168065037461929,0.2,0.096484375,1447.1728515625,998.83,,
1506,965,1454080,355,43.149497985839844,0.0001,116.91658058166504,17.253156614303588,0.011716057,0.09281071275472641,0.7682257294654846,2075,-0.014111169113311917,0.2,0.10087890625,1447.1728515625,998.83,,
1504,969,1458176,356,56.61261749267578,0.0001,133.94809646606444,17.250710868835448,0.012217279,0.09283027052879333,0.8117130994796753,2080,-0.013618519401643426,0.2,0.101123046875,1495.5654296875,998.83,,
1505,971,1462272,357,58.877567291259766,0.0001,121.66727409362792,17.247062015533448,0.016696904,0.09286291152238846,0.7871417999267578,2085,-0.016739592229714616,0.2,0.15732421875,1495.5654296875,998.83,,
1506,973,1466368,358,81.8285903930664,0.0001,192.81606063842773,17.24232120513916,0.012676211,0.09285970777273178,0.6219498515129089,2090,-0.01413264567963779,0.2,0.105078125,1488.1630859375,998.83,,
1507,975,1470464,359,85.525146484375,0.0001,177.4993808746338,17.243640613555907,0.012838343,0.09286431223154068,0.6624208688735962,2095,-0.013736531545873731,0.2,0.118603515625,1475.8526611328125,998.83,,
1506,978,1474560,360,83.87871551513672,0.0001,181.14350280761718,17.24220480918884,0.010664457,0.09286985546350479,0.6101380586624146,2100,-0.010328510496765374,0.2,0.092236328125,1475.80517578125,998.83,,
1507,980,1478656,361,62.69040298461914,0.0001,134.7494676589966,17.239950752258302,0.012104953,0.09288845956325531,0.7354074716567993,2105,-0.011967486154753714,0.2,0.11044921875,1475.80517578125,998.83,,
1508,983,1482752,362,64.80826568603516,0.0001,164.3174270629883,17.23878288269043,0.012205898,0.09287446737289429,0.7683309316635132,2110,-0.013920850836439059,0.2,0.10625,1478.3812255859375,998.83,,
1509,985,1486848,363,73.63357543945312,0.0001,159.70636596679688,17.24389410018921,0.012411409,0.09284011274576187,0.7870142459869385,2115,-0.0131534447951708,0.2,0.115234375,1472.0465087890625,998.83,,
1507,988,1490944,364,83.41944122314453,0.0001,172.02963829040527,17.24966769218445,0.013065191,0.09281910210847855,0.807364821434021,2120,-0.014622504625003785,0.2,0.11982421875,1480.628173828125,998.83,,
1508,990,1495040,365,38.90974426269531,0.0001,88.20600547790528,17.252908372879027,0.015376741,0.0928092673420906,0.8342446088790894,2125,-0.014962708123493939,0.2,0.1287109375,1479.5736083984375,997.39,,
1509,992,1499136,366,67.72664642333984,0.0001,123.6547607421875,17.253495693206787,0.013472227,0.09281465411186218,0.566429853439331,2130,-0.01487303846515715,0.2,0.120703125,1479.5736083984375,997.39,,
1493,1006,1503232,367,23.628684997558594,0.0001,63.155760765075684,17.251202297210693,0.01288761,0.0928378477692604,0.7539358139038086,2135,-0.01593182609649375,0.2,0.12216796875,1480.926513671875,997.39,2.8087687821845835,250000
1491,1010,1507328,368,21.7161865234375,0.0001,55.47870626449585,17.2471613407135,0.0152749345,0.09284868836402893,0.8323950171470642,2140,-0.01368485220009461,0.2,0.148193359375,1499.8265380859375,998.56,,
1492,1012,1511424,369,39.57743453979492,0.0001,105.34523830413818,17.24879789352417,0.011652639,0.09281650930643082,0.812360405921936,2145,-0.011199770693201572,0.2,0.10146484375,1488.227783203125,998.56,,
1493,1014,1515520,370,67.71370697021484,0.0001,165.55996685028077,17.254419374465943,0.010052339,0.09279990196228027,0.6873642206192017,2150,-0.010955913190264255,0.2,0.077294921875,1488.227783203125,998.56,,
1494,1016,1519616,371,64.93302917480469,0.0001,157.9859006881714,17.260101795196533,0.01421839,0.0927504301071167,0.7394641041755676,2155,-0.015853034553583712,0.2,0.1294921875,1481.835205078125,996.29,,
1493,1019,1523712,372,83.17106628417969,0.0001,230.1137565612793,17.27054672241211,0.012510406,0.0926956757903099,0.6928099393844604,2160,-0.012706269859336317,0.2,0.098095703125,1525.14990234375,996.29,,
1494,1022,1527808,373,35.41944122314453,0.0001,107.00790605545043,17.279230785369872,0.009358712,0.09266744554042816,0.7598634958267212,2165,-0.010497287521138788,0.2,0.0498046875,1521.7672119140625,996.29,,
1496,1023,1531904,374,40.778236389160156,0.0001,118.87329177856445,17.282401609420777,0.009666659,0.09266793727874756,0.6955509781837463,2170,-0.010637294338084757,0.2,0.071728515625,1521.7672119140625,996.29,,
1493,1028,1536000,375,43.8482551574707,0.0001,116.75415000915527,17.283843898773192,0.011793854,0.0926331877708435,0.7560562491416931,2175,-0.012641680194064975,0.2,0.09853515625,1540.946533203125,996.29,,
1494,1030,1540096,376,50.13861083984375,0.0001,123.8506534576416,17.291595220565796,0.013699058,0.09260433912277222,0.8229267001152039,2180,-0.014758241397794336,0.2,0.135986328125,1540.946533203125,996.29,,
1495,1032,1544192,377,29.1693058013916,0.0001,81.12749605178833,17.295695352554322,0.011821214,0.0925876647233963,0.7882354855537415,2185,-0.012061786220874638,0.2,0.10673828125,1532.130126953125,996.29,,
1496,1034,1548288,378,41.21138000488281,0.0001,101.35362892150879,17.29671597480774,0.012439964,0.09260126948356628,0.8329956531524658,2190,-0.012743429659167305,0.2,0.11455078125,1532.130126953125,996.29,,
1495,1038,1552384,379,30.219186782836914,0.0001,73.57807855606079,17.29194369316101,0.012982491,0.0926242470741272,0.8789978623390198,2195,-0.013814551947871224,0.2,0.122802734375,1544.06689453125,996.29,,
1496,1040,1556480,380,30.32514762878418,0.0001,71.2355185508728,17.295177221298218,0.015274417,0.09254924207925797,0.886425256729126,2200,-0.015195245400536805,0.2,0.1404296875,1544.06689453125,996.29,,
1497,1042,1560576,381,31.274404525756836,0.0001,86.70490531921386,17.31228675842285,0.012276745,0.09247903525829315,0.899756669998169,2205,-0.012813993042800575,0.2,0.139306640625,1548.1033935546875,996.29,,
1497,1044,1564672,382,33.359737396240234,0.0001,92.16287727355957,17.31899495124817,0.012737123,0.09248042106628418,0.896405816078186,2210,-0.012876084935851396,0.2,0.106201171875,1536.53955078125,996.29,,
1496,1048,1568768,383,33.59168243408203,0.0001,78.05176906585693,17.319284915924072,0.013405726,0.09245797991752625,0.8959904313087463,2215,-0.012765431916341186,0.2,0.1130859375,1514.5029296875,996.29,,
1497,1050,1572864,384,33.11320877075195,0.0001,77.62663383483887,17.324112272262575,0.016035222,0.09245321154594421,0.8949494957923889,2220,-0.016462605504784733,0.2,0.157080078125,1514.5029296875,996.29,,
1498,1052,1576960,385,66.08165740966797,0.0001,156.7704650878906,17.325317764282225,0.011326639,0.0924285426735878,0.6512356996536255,2225,-0.01252218461013399,0.2,0.08466796875,1509.94677734375,996.29,,
1499,1054,1581056,386,73.26184844970703,0.0001,165.9403869628906,17.32983741760254,0.0119414255,0.09241713583469391,0.7156988382339478,2230,-0.013450644491240383,0.2,0.11767578125,1502.0799560546875,996.29,,
1497,1058,1585152,387,61.492069244384766,0.0001,121.23402271270751,17.332581949234008,0.014501731,0.09239151328802109,0.7563598155975342,2235,-0.015518529550172388,0.2,0.137744140625,1514.2069091796875,996.29,,
1499,1060,1589248,388,57.29298400878906,0.0001,138.5565782546997,17.34046893119812,0.012290551,0.09232944995164871,0.7471951246261597,2240,-0.01453129089786671,0.2,0.130078125,1514.2069091796875,996.29,,
1499,1062,1593344,389,53.21293640136719,0.0001,143.23539333343507,17.350692462921142,0.009781942,0.09230180084705353,0.698106050491333,2245,-0.01076132026501,0.2,0.063720703125,1500.9525146484375,996.29,,
1500,1064,1597440,390,60.17953872680664,0.0001,142.73144245147705,17.353798151016235,0.011424486,0.09229196608066559,0.5560065507888794,2250,-0.011966504051815718,0.2,0.077392578125,1504.4786376953125,996.29,,
1499,1067,1601536,391,93.40309143066406,0.0001,201.82437057495116,17.355627489089965,0.011324917,0.09228184819221497,0.5716767311096191,2255,-0.01232502980856225,0.2,0.08134765625,1480.193603515625,997.73,,
1500,1069,1605632,392,41.949668884277344,0.0001,97.14701194763184,17.359433364868163,0.0147807915,0.09224365651607513,0.753354549407959,2260,-0.014429941494017839,0.2,0.14765625,1480.193603515625,997.73,,
1501,1071,1609728,393,37.26953887939453,0.0001,115.0992473602295,17.36630277633667,0.010601136,0.09222809225320816,0.7991526126861572,2265,-0.011897734832018614,0.2,0.09521484375,1475.108642578125,997.73,,
1502,1074,1613824,394,61.37773513793945,0.0001,157.61849994659423,17.366776275634766,0.009815713,0.09223201125860214,0.7443796396255493,2270,-0.011766369317774661,0.2,0.0826171875,1469.779052734375,997.73,,
1501,1077,1617920,395,45.08706283569336,0.0001,138.27167644500733,17.366091108322145,0.011672194,0.09223851561546326,0.7433830499649048,2275,-0.011098175938241184,0.2,0.066796875,1430.9501953125,1000.0,,
1501,1079,1622016,396,59.04018020629883,0.0001,146.913596534729,17.366630029678344,0.014935709,0.09221364557743073,0.7693424224853516,2280,-0.01545400287141092,0.2,0.1279296875,1401.7862548828125,1000.0,,
1503,1081,1626112,397,68.37767791748047,0.0001,162.38621444702147,17.371118307113647,0.012018988,0.0922083631157875,0.8162341117858887,2285,-0.012374479754362256,0.2,0.081884765625,1401.7862548828125,1000.0,,
1503,1084,1630208,398,44.530086517333984,0.0001,110.3863971710205,17.374030017852782,0.0111945355,0.09216488897800446,0.8825264573097229,2290,-0.012975171802099793,0.2,0.113427734375,1386.321533203125,1000.0,,
1502,1087,1634304,399,55.84214401245117,0.0001,122.64475345611572,17.38382844924927,0.01263975,0.09212139248847961,0.8786997199058533,2295,-0.014099179673939944,0.2,0.11865234375,1389.4532470703125,1000.0,,
1503,1089,1638400,400,56.35923767089844,0.0001,145.59409217834474,17.389453506469728,0.0126382,0.09210970997810364,0.783406674861908,2300,-0.014742215344449505,0.2,0.128662109375,1371.36767578125,1000.0,,
1504,1091,1642496,401,65.19049072265625,0.0001,158.828955078125,17.389923286437988,0.011843753,0.09211237728595734,0.5112801790237427,2305,-0.0142905802000314,0.2,0.095361328125,1371.36767578125,1000.0,,
1505,1093,1646592,402,57.111568450927734,0.0001,137.70282230377197,17.390969228744506,0.011527667,0.09209781140089035,0.5703480243682861,2310,-0.01277692646253854,0.2,0.082373046875,1372.025634765625,1000.0,,
1503,1098,1650688,403,52.30483627319336,0.0001,133.82712650299072,17.397351264953613,0.0139207635,0.09204024076461792,0.7024490833282471,2315,-0.014131861075293272,0.2,0.130859375,1348.9298095703125,1000.0,,
1503,1100,1654784,404,47.24110412597656,0.0001,121.99638404846192,17.406386137008667,0.013667118,0.09202545881271362,0.7682663798332214,2320,-0.013847695023287088,0.2,0.1212890625,1336.1478271484375,1000.0,,
1504,1102,1658880,405,52.807334899902344,0.0001,146.74133968353271,17.407598352432252,0.011112729,0.09201490134000778,0.6507123708724976,2325,-0.01113342649769038,0.2,0.076953125,1336.1478271484375,1000.0,,
1505,1104,1662976,406,76.39077758789062,0.0001,175.39973258972168,17.409689092636107,0.01249497,0.09200577437877655,0.6997417211532593,2330,-0.012488773930817843,0.2,0.089599609375,1326.8900146484375,1000.0,,
1504,1108,1667072,407,89.37586975097656,0.0001,169.29540367126464,17.413082456588747,0.011072276,0.09198437631130219,0.723548173904419,2335,-0.01116398704762105,0.2,0.1029296875,1331.469482421875,1000.0,,
1505,1110,1671168,408,50.728824615478516,0.0001,117.70464630126953,17.417810249328614,0.01321814,0.09194163233041763,0.5861085653305054,2340,-0.014832332299556583,0.2,0.155810546875,1323.5540771484375,1000.0,,
1506,1112,1675264,409,65.04874420166016,0.0001,170.26958408355713,17.42751669883728,0.011910775,0.09190461039543152,0.3118526339530945,2345,-0.012257846526335926,0.2,0.10107421875,1323.5540771484375,1000.0,,
1506,1114,1679360,410,64.11156463623047,0.0001,162.86615905761718,17.432450437545775,0.012688817,0.09189599007368088,0.4634639620780945,2350,-0.012784826150164009,0.2,0.12509765625,1329.1956787109375,1000.0,,
1505,1118,1683456,411,54.22247314453125,0.0001,152.1484251022339,17.434442615509035,0.012419116,0.09186910092830658,0.5167853832244873,2355,-0.012399560760241003,0.2,0.10546875,1343.563232421875,1000.0,,
1505,1120,1687552,412,37.116973876953125,0.0001,78.68181715011596,17.43906435966492,0.011974154,0.0918695256114006,0.766023576259613,2360,-0.012893330975202844,0.2,0.12216796875,1339.908935546875,1000.0,,
1507,1122,1691648,413,34.62753677368164,0.0001,95.46854629516602,17.439736080169677,0.014944965,0.09184648841619492,0.7369692325592041,2365,-0.015552628668956459,0.2,0.158740234375,1339.908935546875,1000.0,,
1507,1124,1695744,414,36.9234733581543,0.0001,95.22131061553955,17.444267749786377,0.016939487,0.091827891767025,0.797570526599884,2370,-0.013554899382870644,0.2,0.166162109375,1343.8394775390625,1000.0,,
1506,1128,1699840,415,43.3668098449707,0.0001,96.0203893661499,17.445617580413817,0.016192744,0.09184946864843369,0.8123061060905457,2375,-0.013129680405836553,0.2,0.168798828125,1376.49951171875,1000.0,,
1507,1130,1703936,416,27.697969436645508,0.0001,72.87143783569336,17.44284372329712,0.014545908,0.09182676672935486,0.8669838905334473,2380,-0.011862064118031413,0.2,0.110498046875,1362.9608154296875,1000.0,,
1508,1132,1708032,417,30.16818618774414,0.0001,73.48698644638061,17.448771953582764,0.012694202,0.09181836247444153,0.8561029434204102,2385,-0.010772072640247644,0.2,0.108740234375,1362.9608154296875,1000.0,,
1506,1136,1712128,418,34.63597869873047,0.0001,81.98714265823364,17.44724087715149,0.015166951,0.09183254837989807,0.8602125644683838,2390,-0.013132207293529064,0.2,0.147021484375,1429.403564453125,1000.0,,
1506,1138,1716224,419,29.637277603149414,0.0001,74.45074844360352,17.444419574737548,0.013632056,0.09183648973703384,0.8441455364227295,2395,-0.012719021376688034,0.2,0.120947265625,1429.403564453125,1000.0,,
1507,1140,1720320,420,64.29121398925781,0.0001,155.14684658050538,17.445843124389647,0.010237845,0.0918312594294548,0.503462553024292,2400,-0.010803658905206247,0.2,0.102685546875,1420.0648193359375,1000.0,,
1508,1143,1724416,421,76.56928253173828,0.0001,164.16823959350586,17.447632312774658,0.013947798,0.09180743247270584,0.5495378971099854,2405,-0.015810989611782133,0.2,0.124072265625,1419.974365234375,1000.0,,
1507,1146,1728512,422,85.19990539550781,0.0001,182.50595626831054,17.451291227340697,0.012945717,0.09180205315351486,0.5652768611907959,2410,-0.015656796807888895,0.2,0.129541015625,1443.626708984375,1000.0,,
1508,1148,1732608,423,76.56990814208984,0.0001,182.1628433227539,17.45398736000061,0.012959668,0.09177084267139435,0.6199301481246948,2415,-0.015953732805792244,0.2,0.138916015625,1443.626708984375,1000.0,,
1509,1150,1736704,424,80.84176635742188,0.0001,185.88671073913574,17.460508489608763,0.009709319,0.09174583107233047,0.6842449903488159,2420,-0.009749160864157603,0.2,0.0708984375,1426.43359375,1000.0,,
1509,1153,1740800,425,70.63548278808594,0.0001,165.03600845336913,17.46237368583679,0.014545711,0.09175319224596024,0.7433004975318909,2425,-0.013949681003578008,0.2,0.13544921875,1412.872802734375,1000.0,,
1507,1157,1744896,426,63.014041900634766,0.0001,153.54146156311035,17.459387731552123,0.014694081,0.09177562594413757,0.7161961793899536,2430,-0.014493852225132286,0.2,0.139013671875,1439.810791015625,1000.0,,
1508,1159,1748992,427,67.81928253173828,0.0001,153.4777359008789,17.459787464141847,0.013367554,0.09173253178596497,0.699822723865509,2435,-0.014070117264054716,0.2,0.140380859375,1439.810791015625,1000.0,,
1494,1172,1753088,428,65.12828826904297,0.0001,155.4956844329834,17.468504333496092,0.009933266,0.09171148389577866,0.7575191259384155,2440,-0.011035922105656936,0.2,0.093896484375,1429.500732421875,1000.0,2.7840216416166457,250000
1495,1174,1757184,429,62.37167739868164,0.0001,149.95141620635985,17.4733455657959,0.011321484,0.091665118932724,0.7527461051940918,2445,-0.012426066678017378,0.2,0.091796875,1427.127197265625,1000.0,,
1494,1178,1761280,430,62.03410720825195,0.0001,142.5689796447754,17.481682872772218,0.013946341,0.09164651483297348,0.7513808608055115,2450,-0.012082138902042062,0.2,0.111572265625,1431.6729736328125,1000.0,,
1495,1180,1765376,431,55.34667205810547,0.0001,123.37650642395019,17.48427724838257,0.014024945,0.09162693470716476,0.7716244459152222,2455,-0.013751226977910846,0.2,0.128076171875,1431.6729736328125,1000.0,,
1495,1182,1769472,432,48.31886672973633,0.0001,114.44845314025879,17.490242624282835,0.011850152,0.09158328920602798,0.7687380313873291,2460,-0.011328730953391642,0.2,0.110302734375,1421.5574951171875,1000.0,,
1496,1184,1773568,433,49.526771545410156,0.0001,117.78532390594482,17.496186542510987,0.013055127,0.0915846973657608,0.7855654358863831,2465,-0.015124074532650411,0.2,0.13076171875,1428.4927978515625,1000.0,,
1495,1188,1777664,434,41.38487243652344,0.0001,102.18357124328614,17.495041704177858,0.011980468,0.09158828854560852,0.8031296133995056,2470,-0.01346316102426499,0.2,0.129296875,1427.680908203125,1000.0,,
1496,1190,1781760,435,40.254844665527344,0.0001,89.99269275665283,17.49580807685852,0.011934007,0.09156626462936401,0.8477623462677002,2475,-0.010188411944545806,0.2,0.089306640625,1427.680908203125,1000.0,,
1497,1192,1785856,436,35.6093864440918,0.0001,93.87677974700928,17.5020667552948,0.009398425,0.09153718501329422,0.7640954256057739,2480,-0.009397655096836387,0.2,0.08330078125,1419.903076171875,1000.0,,
1498,1194,1789952,437,31.345829010009766,0.0001,78.73736143112183,17.5059935092926,0.012355132,0.09151915460824966,0.8078152537345886,2485,-0.01220817700959742,0.2,0.101611328125,1408.0126953125,1000.0,,
1497,1198,1794048,438,35.19084930419922,0.0001,86.75287590026855,17.509166383743285,0.010970926,0.09150490164756775,0.7779129147529602,2490,-0.012998072235495784,0.2,0.094580078125,1438.000732421875,1000.0,,
1497,1200,1798144,439,47.08310317993164,0.0001,110.3061502456665,17.51363949775696,0.015103109,0.09147164970636368,0.8078269362449646,2495,-0.016193683474557474,0.2,0.158154296875,1426.59521484375,1000.0,,
1498,1202,1802240,440,92.14273834228516,0.0001,198.9971668243408,17.52072677612305,0.013012109,0.09143674373626709,0.7203162312507629,2500,-0.013032249658135698,0.2,0.13515625,1426.59521484375,1000.0,,
1499,1204,1806336,441,104.20549774169922,0.0001,238.1066967010498,17.525780200958252,0.010636035,0.09142722934484482,0.6848846673965454,2505,-0.010835876991041004,0.2,0.085498046875,1445.10498046875,1000.0,,
1498,1208,1810432,442,107.98674011230469,0.0001,236.25565414428712,17.526726007461548,0.0103027485,0.09142228960990906,0.5953316688537598,2510,-0.011355210188776254,0.2,0.08486328125,1467.5367431640625,1000.0,,
1499,1210,1814528,443,79.31074523925781,0.0001,184.4852722167969,17.528269481658935,0.010903581,0.09141022711992264,0.7244153022766113,2515,-0.01142461754498072,0.2,0.076904296875,1443.4263916015625,1000.0,,
1500,1212,1818624,444,76.02571868896484,0.0001,178.265710067749,17.530915451049804,0.010026628,0.09139856696128845,0.7803442478179932,2520,-0.011732542532263324,0.2,0.09072265625,1443.4263916015625,1000.0,,
1500,1214,1822720,445,71.99163055419922,0.0001,169.86122665405273,17.53248200416565,0.010845536,0.09139278531074524,0.7769101858139038,2525,-0.011998307227622717,0.2,0.10048828125,1447.6607666015625,1000.0,,
1499,1218,1826816,446,75.16957092285156,0.0001,183.64984893798828,17.53437261581421,0.012019888,0.09137696027755737,0.8050828576087952,2530,-0.013209396402817219,0.2,0.111962890625,1462.0902099609375,1000.0,,
1500,1220,1830912,447,67.55908966064453,0.0001,146.6444646835327,17.538762426376344,0.012619599,0.091340571641922,0.7708344459533691,2535,-0.012439075278234669,0.2,0.105224609375,1454.046142578125,1000.0,,
1501,1222,1835008,448,86.68975830078125,0.0001,206.6345588684082,17.543974018096925,0.009234222,0.09133531153202057,0.40615999698638916,2540,-0.01039531925925985,0.2,0.073779296875,1454.046142578125,1000.0,,
1501,1224,1839104,449,99.62250518798828,0.0001,231.08501472473145,17.546090030670165,0.009762845,0.0913083478808403,0.2037537693977356,2545,-0.010599628672935069,0.2,0.0697265625,1457.9237060546875,1000.0,,
1500,1228,1843200,450,97.40385437011719,0.0001,219.03961753845215,17.554170846939087,0.010715474,0.0912565141916275,0.34625476598739624,2550,-0.012406547053251416,0.2,0.099072265625,1495.9892578125,1000.0,,
1501,1230,1847296,451,84.61234283447266,0.0001,167.7862289428711,17.565688037872313,0.012093425,0.09118868410587311,0.5906437635421753,2555,-0.012470279293484054,0.2,0.103662109375,1485.9810791015625,1000.0,,
1502,1232,1851392,452,69.86859130859375,0.0001,150.02505950927736,17.57716851234436,0.012482664,0.09114880114793777,0.572379469871521,2560,-0.0137216808157973,0.2,0.11865234375,1485.9810791015625,1000.0,,
1503,1234,1855488,453,69.9776611328125,0.0001,159.49776496887208,17.584533548355104,0.011883967,0.09111019968986511,0.5285738706588745,2565,-0.01257190426113084,0.2,0.104541015625,1478.4178466796875,1000.0,,
1501,1238,1859584,454,62.96112823486328,0.0001,149.49292221069337,17.589302682876585,0.014885219,0.09111151844263077,0.6098271608352661,2570,-0.016772664454765617,0.2,0.1587890625,1529.9376220703125,1000.0,,
1502,1240,1863680,455,53.7669792175293,0.0001,135.03881454467773,17.58791160583496,0.010286028,0.09111874550580978,0.7410241365432739,2575,-0.011141113296616822,0.2,0.092626953125,1510.0927734375,1000.0,,
1503,1242,1867776,456,55.58110809326172,0.0001,141.22185821533202,17.587353801727296,0.009621788,0.09111247956752777,0.763165295124054,2580,-0.011800370260607452,0.2,0.08349609375,1510.0927734375,1000.0,,
1504,1244,1871872,457,56.190765380859375,0.0001,128.52922191619874,17.58939838409424,0.011842891,0.0910966545343399,0.7983208894729614,2585,-0.012053658056538552,0.2,0.111572265625,1490.8157958984375,1000.0,,
1503,1247,1875968,458,63.43340301513672,0.0001,140.4889326095581,17.59312105178833,0.011615666,0.09107666462659836,0.794539213180542,2590,-0.011137757764663548,0.2,0.092333984375,1566.4324951171875,1000.0,,
1504,1249,1880064,459,46.01252365112305,0.0001,114.0994312286377,17.595892477035523,0.012680304,0.09107039868831635,0.12302076816558838,2595,-0.01375336452620104,0.2,0.135107421875,1560.505126953125,1000.0,,
1505,1251,1884160,460,56.02533721923828,0.0001,122.98054122924805,17.597088718414305,0.014023345,0.09106429666280746,0.0205918550491333,2600,-0.015005666785873473,0.2,0.1189453125,1560.505126953125,1000.0,,
1504,1255,1888256,461,53.189735412597656,0.0001,125.76814765930176,17.599953842163085,0.012703624,0.09104172140359879,0.1506483554840088,2605,-0.013057499274145812,0.2,0.109326171875,1551.41064453125,1000.0,,
1504,1257,1892352,462,31.28725242614746,0.0001,78.66210556030273,17.603142642974852,0.014564661,0.0910385251045227,0.7059159278869629,2610,-0.012694673496298492,0.2,0.13896484375,1551.41064453125,1000.0,,
1505,1259,1896448,463,66.19375610351562,0.0001,150.20050258636473,17.60527458190918,0.012777102,0.09100493788719177,0.6162348985671997,2615,-0.011925892147701234,0.2,0.12744140625,1532.2227783203125,1000.0,,
1506,1261,1900544,464,53.528831481933594,0.0001,139.61998825073243,17.612000370025633,0.011742009,0.0909854844212532,0.6331318616867065,2620,-0.014256086829118431,0.2,0.1046875,1523.7657470703125,1000.0,,
1505,1265,1904640,465,69.80580139160156,0.0001,162.31443729400635,17.61475682258606,0.010847946,0.09097502380609512,0.614484965801239,2625,-0.011632844794075937,0.2,0.08876953125,1479.9208984375,1000.0,,
1505,1267,1908736,466,62.682373046875,0.0001,149.07909564971925,17.618791007995604,0.0124629345,0.0909356027841568,0.6219414472579956,2630,-0.013169247744372115,0.2,0.116796875,1479.9208984375,1000.0,,
1506,1269,1912832,467,50.02275848388672,0.0001,128.983802986145,17.62692537307739,0.012852643,0.09090451151132584,0.7472725510597229,2635,-0.014286678988719359,0.2,0.132373046875,1470.07958984375,1000.0,,
1507,1271,1916928,468,68.08164978027344,0.0001,149.17180423736573,17.632179832458498,0.013079308,0.09086894989013672,0.7515878677368164,2640,-0.012559158925432712,0.2,0.131689453125,1449.7850341796875,1000.0,,
1505,1275,1921024,469,68.9446029663086,0.0001,147.39658718109132,17.640080976486207,0.012981418,0.0908287763595581,0.779691219329834,2645,-0.013356653670780361,0.2,0.1365234375,1440.8109130859375,1000.0,,
1506,1277,1925120,470,65.44222259521484,0.0001,137.8037660598755,17.646850061416625,0.013976097,0.09080509096384048,0.7663707733154297,2650,-0.014511545374989509,0.2,0.15478515625,1440.8109130859375,1000.0,,
1507,1279,1929216,471,44.92477798461914,0.0001,116.04390754699708,17.652186107635497,0.0133808395,0.09076954424381256,0.739050567150116,2655,-0.013120081019587814,0.2,0.135302734375,1424.68603515625,1000.0,,
1508,1281,1933312,472,42.011940002441406,0.0001,115.5071517944336,17.66103630065918,0.012488694,0.09071209281682968,0.7617558836936951,2660,-0.012015853356570006,0.2,0.1009765625,1419.9716796875,1000.0,,
1507,1285,1937408,473,44.743717193603516,0.0001,117.33480091094971,17.669113874435425,0.01318449,0.0907016471028328,0.7744388580322266,2665,-0.01406945672351867,0.2,0.125537109375,1452.9273681640625,1000.0,,
1507,1287,1941504,474,44.70840835571289,0.0001,114.55251960754394,17.67000803947449,0.013777886,0.09068717807531357,0.7974263429641724,2670,-0.013435197819489986,0.2,0.129736328125,1452.9273681640625,1000.0,,
1508,1289,1945600,475,46.7900505065918,0.0001,114.60245571136474,17.674173641204835,0.011591051,0.09066315740346909,0.7935715317726135,2675,-0.011370938271284103,0.2,0.098779296875,1428.766357421875,1000.0,,
1509,1291,1949696,476,44.6440315246582,0.0001,113.20649127960205,17.681685209274292,0.012952842,0.0906156525015831,0.7606388330459595,2680,-0.014122074068291112,0.2,0.1244140625,1416.3760986328125,1000.0,,
1508,1295,1953792,477,41.911949157714844,0.0001,99.6918113708496,17.691598653793335,0.012568702,0.09056434035301208,0.8199442625045776,2685,-0.011423661513254047,0.2,0.123046875,1429.4381103515625,1000.0,,
1509,1297,1957888,478,31.00809669494629,0.0001,75.59551038742066,17.699763822555543,0.012506131,0.09053803235292435,0.8395977020263672,2690,-0.011641771660652011,0.2,0.10849609375,1428.0096435546875,998.25,,
1509,1299,1961984,479,129.7330322265625,0.0001,217.7246349334717,17.70492000579834,0.012151616,0.0905100554227829,0.6651085615158081,2695,-0.010859017155598848,0.2,0.118310546875,1428.0096435546875,998.25,,
1510,1301,1966080,480,51.70805740356445,0.0001,119.32970352172852,17.709185981750487,0.011615265,0.09050016850233078,0.7957212924957275,2700,-0.012063131452305243,0.2,0.104248046875,1418.47119140625,998.25,,
1509,1305,1970176,481,53.887962341308594,0.0001,121.56239223480225,17.71059293746948,0.013278022,0.09048749506473541,0.7914031744003296,2705,-0.01606356059201062,0.2,0.14580078125,1453.180908203125,998.25,,
1510,1307,1974272,482,47.025089263916016,0.0001,110.37847919464112,17.715415477752686,0.012293791,0.09045162796974182,0.8090423345565796,2710,-0.011531919805565848,0.2,0.125927734375,1436.951416015625,998.25,,
1510,1309,1978368,483,33.664268493652344,0.0001,96.13507041931152,17.722111892700195,0.0078013334,0.09041827917098999,0.7357184290885925,2715,-0.010765119711868465,0.2,0.08642578125,1436.951416015625,998.25,,
1511,1311,1982464,484,41.14789581298828,0.0001,104.93837108612061,17.72798099517822,0.010960313,0.09039803594350815,0.7662702798843384,2720,-0.012111108493991196,0.2,0.09853515625,1425.9384765625,998.25,,
1510,1315,1986560,485,46.41472244262695,0.0001,105.76017913818359,17.736334371566773,0.013455441,0.0903177559375763,0.79153972864151,2725,-0.013528997078537941,0.2,0.135205078125,1457.490966796875,998.25,,
1511,1317,1990656,486,40.63877487182617,0.0001,84.85237197875976,17.756111669540406,0.015175746,0.09021350741386414,0.8378175497055054,2730,-0.01274983158800751,0.2,0.17060546875,1449.2440185546875,998.25,,
1511,1319,1994752,487,40.853118896484375,0.0001,98.6749532699585,17.769493675231935,0.015266948,0.09019841253757477,0.8306078910827637,2735,-0.01440166940446943,0.2,0.1697265625,1449.2440185546875,998.25,,
1512,1321,1998848,488,27.341981887817383,0.0001,76.57500772476196,17.769342374801635,0.012575848,0.09020091593265533,0.8517276048660278,2740,-0.012414019103744067,0.2,0.138818359375,1436.0255126953125,998.25,,
1498,1336,2002944,489,32.2894287109375,0.0001,78.76183414459229,17.770207786560057,0.01222366,0.09020005911588669,0.8615086078643799,2745,-0.011885006679221988,0.2,0.139990234375,1491.643798828125,998.25,2.7571807123560577,250000
1498,1339,2007040,490,49.25099563598633,0.0001,117.26682987213135,17.768466329574586,0.015298083,0.09020727872848511,0.6907217502593994,2750,-0.014032848784700036,0.2,0.14267578125,1479.0843505859375,998.25,,
1499,1341,2011136,491,62.534000396728516,0.0001,135.55735301971436,17.76764783859253,0.013815171,0.09020444005727768,0.6446056365966797,2755,-0.01261579355923459,0.2,0.13388671875,1479.0843505859375,998.25,,
1499,1343,2015232,492,38.67625427246094,0.0001,103.59125843048096,17.770550537109376,0.012648789,0.09018778055906296,0.710143506526947,2760,-0.010958553885575383,0.2,0.12744140625,1486.405517578125,998.25,,
1498,1347,2019328,493,45.717613220214844,0.0001,114.93439254760742,17.772818756103515,0.012309388,0.09018979966640472,0.7295169830322266,2765,-0.009099161409540101,0.2,0.126611328125,1552.229736328125,998.25,,
1499,1349,2023424,494,47.68787384033203,0.0001,104.41823406219483,17.772004175186158,0.011821453,0.09019729495048523,0.7705228924751282,2770,-0.011569081048946828,0.2,0.1169921875,1552.229736328125,998.25,,
1500,1351,2027520,495,61.87080001831055,0.0001,160.97062492370605,17.771397876739503,0.011056259,0.09018775820732117,0.6733109951019287,2775,-0.012037587794475257,0.2,0.08623046875,1552.229736328125,998.25,,
1500,1354,2031616,496,58.924373626708984,0.0001,156.5645408630371,17.773943424224854,0.009901652,0.09017445892095566,0.6614457368850708,2780,-0.011499833827838302,0.2,0.06982421875,1530.1339111328125,998.25,,
1499,1357,2035712,497,75.18170928955078,0.0001,159.85516891479492,17.77552499771118,0.013506964,0.09017589688301086,0.7302618622779846,2785,-0.012597740447381512,0.2,0.10400390625,1516.5101318359375,998.25,,
1500,1359,2039808,498,42.46883010864258,0.0001,101.16118774414062,17.776544857025147,0.011178999,0.09015204012393951,0.7938228845596313,2790,-0.013263200671644881,0.2,0.10263671875,1516.5101318359375,998.25,,
1500,1361,2043904,499,32.1024055480957,0.0001,87.24646167755127,17.782553243637086,0.012377559,0.09012831747531891,0.8275258541107178,2795,-0.012777139316312969,0.2,0.107958984375,1516.5101318359375,998.25,,
1500,1365,2048000,500,39.027198791503906,0.0001,98.30364799499512,17.78306727409363,0.014737828,0.09014483541250229,0.8578741550445557,2800,-0.016659329988760872,0.2,0.13837890625,1533.7091064453125,998.25,,
1499,1368,2052096,501,47.41176223754883,0.0001,108.400950050354,17.780817317962647,0.014607685,0.09013648331165314,0.8729503154754639,2805,-0.012951762980083003,0.2,0.1212890625,1523.146240234375,998.25,,
1500,1370,2056192,502,55.98094940185547,0.0001,127.26008625030518,17.7846951007843,0.01336562,0.09012677520513535,0.5822105407714844,2810,-0.013146210584091022,0.2,0.12705078125,1523.146240234375,998.25,,
1501,1372,2060288,503,32.22344207763672,0.0001,100.65976467132569,17.78598036766052,0.011843804,0.09011659771203995,0.5272783041000366,2815,-0.013513318472541868,0.2,0.103271484375,1523.146240234375,998.25,,
1499,1376,2064384,504,50.35100555419922,0.0001,131.9883918762207,17.7899911403656,0.011980997,0.0900825783610344,0.4559517502784729,2820,-0.012112965143751353,0.2,0.09443359375,1505.5074462890625,1000.0,,
1500,1378,2068480,505,46.84911346435547,0.0001,119.81149578094482,17.796011877059936,0.012488398,0.09006611257791519,0.6302740573883057,2825,-0.013531602267175914,0.2,0.098583984375,1499.3974609375,1000.0,,
1501,1380,2072576,506,40.29126739501953,0.0001,102.9071418762207,17.798699045181273,0.014213522,0.09004846215248108,0.7330667972564697,2830,-0.011795967898797244,0.2,0.115771484375,1499.3974609375,1000.0,,
1501,1382,2076672,507,49.35198974609375,0.0001,125.01281223297119,17.802434301376344,0.012887714,0.09003356844186783,0.7020758390426636,2835,-0.01260988882277161,0.2,0.1154296875,1492.239501953125,1000.0,,
1500,1386,2080768,508,42.897125244140625,0.0001,106.19634971618652,17.804491996765137,0.014781196,0.0900261327624321,0.7748247385025024,2840,-0.016083490138407798,0.2,0.147802734375,1523.032470703125,1000.0,,
1501,1388,2084864,509,39.694557189941406,0.0001,98.04257183074951,17.806817722320556,0.013303915,0.09000302851200104,0.8087605237960815,2845,-0.013053142558783292,0.2,0.119140625,1496.40966796875,1000.0,,
1501,1390,2088960,510,90.40709686279297,0.0001,204.28291778564454,17.812355995178223,0.010904274,0.08997484296560287,0.487698495388031,2850,-0.011945350118912757,0.2,0.094775390625,1496.40966796875,1000.0,,
1502,1392,2093056,511,60.24351501464844,0.0001,168.50582065582276,17.81620583534241,0.010446683,0.08996740728616714,0.5614795684814453,2855,-0.01134167353156954,0.2,0.082177734375,1491.1387939453125,1000.0,,
1500,1397,2097152,512,80.1924057006836,0.0001,168.53691177368165,17.81825189590454,0.011890175,0.08994469791650772,0.6350009441375732,2860,-0.01210353230126202,0.2,0.08837890625,1473.2740478515625,1000.0,,
1501,1399,2101248,513,73.29946899414062,0.0001,167.69697914123535,17.82203984260559,0.012177618,0.08994540572166443,0.714735209941864,2865,-0.01306568569270894,0.2,0.10732421875,1468.93017578125,1000.0,,
1502,1401,2105344,514,66.96231079101562,0.0001,163.4114646911621,17.821367835998537,0.011657975,0.08993354439735413,0.6475495100021362,2870,-0.011673779087141156,0.2,0.101171875,1468.93017578125,1000.0,,
1502,1403,2109440,515,75.8043441772461,0.0001,174.3248306274414,17.820690536499022,0.013996114,0.08997344970703125,0.6734517812728882,2875,-0.014259647415019571,0.2,0.12138671875,1450.5882568359375,1000.0,,
1501,1407,2113536,516,73.66185760498047,0.0001,161.8060733795166,17.813458299636842,0.011065379,0.08998572826385498,0.6366569995880127,2880,-0.011738510231953114,0.2,0.1126953125,1433.9339599609375,1000.0,,
1501,1410,2117632,517,62.44358444213867,0.0001,139.91443881988525,17.812279605865477,0.015175715,0.08999180048704147,0.712672233581543,2885,-0.013459496130235494,0.2,0.144189453125,1426.7652587890625,1000.0,,
1502,1411,2121728,518,89.33355712890625,0.0001,204.78018493652343,17.812456607818604,0.0134653915,0.08998026698827744,0.7320952415466309,2890,-0.014937897806521504,0.2,0.13359375,1426.7652587890625,1000.0,,
1503,1414,2125824,519,90.9917221069336,0.0001,197.89092521667482,17.81624698638916,0.011714679,0.08995284140110016,0.7671276926994324,2895,-0.01171186434221454,0.2,0.097802734375,1419.97265625,1000.0,,
1501,1418,2129920,520,89.67076110839844,0.0001,190.59958763122557,17.82194652557373,0.013202129,0.08993002772331238,0.8041330575942993,2900,-0.014459217863623053,0.2,0.110888671875,1446.33251953125,1000.0,,
1502,1420,2134016,521,68.13816833496094,0.0001,147.80710563659667,17.829915380477907,0.015556317,0.08986105024814606,0.8208110928535461,2905,-0.015511343430262059,0.2,0.1701171875,1434.5670166015625,1000.0,,
1503,1422,2138112,522,56.31292724609375,0.0001,140.7181182861328,17.842267942428588,0.0113527905,0.08982236683368683,0.7221064567565918,2910,-0.010235466290032491,0.2,0.084130859375,1434.5670166015625,1000.0,,
1503,1424,2142208,523,54.035892486572266,0.0001,131.92825031280518,17.84718499183655,0.012182085,0.089808888733387,0.6609445810317993,2915,-0.011752424447331577,0.2,0.09990234375,1420.34423828125,1000.0,,
1502,1428,2146304,524,60.22997283935547,0.0001,141.18658599853515,17.852831602096558,0.012546944,0.08975011110305786,0.5886989235877991,2920,-0.014542185381287709,0.2,0.11572265625,1435.6539306640625,1000.0,,
1502,1430,2150400,525,58.32770538330078,0.0001,145.49579772949218,17.864707899093627,0.013403812,0.08971153199672699,0.7151345014572144,2925,-0.0139509491273202,0.2,0.121533203125,1417.675048828125,1000.0,,
1503,1432,2154496,526,56.26803970336914,0.0001,134.04161911010743,17.86863570213318,0.009708164,0.08970896154642105,0.8044927716255188,2930,-0.010787982790498063,0.2,0.09921875,1417.675048828125,1000.0,,
1503,1436,2158592,527,56.94557189941406,0.0001,139.81530418395997,17.8681312084198,0.008750557,0.08970964699983597,0.7898252606391907,2935,-0.009057059738552198,0.2,0.065478515625,1429.9293212890625,1000.0,,
1501,1440,2162688,528,53.97761154174805,0.0001,147.32503108978273,17.870308017730714,0.011688188,0.08968096226453781,0.7961623668670654,2940,-0.012763746862765402,0.2,0.099462890625,1460.819580078125,1000.0,,
1501,1443,2166784,529,50.802066802978516,0.0001,113.55892486572266,17.87704119682312,0.013689138,0.08965292572975159,0.8584704995155334,2945,-0.013335306209046393,0.2,0.134912109375,1440.9423828125,1000.0,,
1500,1446,2170880,530,61.05474090576172,0.0001,146.63246879577636,17.884291696548463,0.011185957,0.08959611505270004,0.8486860394477844,2950,-0.010867468523792922,0.2,0.1025390625,1440.9423828125,1000.0,,
1500,1449,2174976,531,77.78276824951172,0.0001,201.90070343017578,17.894396448135375,0.011581892,0.08956651389598846,0.8338127136230469,2955,-0.0137580590788275,0.2,0.098486328125,1449.682373046875,1000.0,,
1498,1453,2179072,532,70.93507385253906,0.0001,155.54448699951172,17.897780847549438,0.01457111,0.08955702185630798,0.8776788711547852,2960,-0.01655957762268372,0.2,0.15068359375,1438.4510498046875,1000.0,,
1498,1456,2183168,533,48.375221252441406,0.0001,105.33274936676025,17.899884557724,0.0151373595,0.08954683691263199,0.8997451066970825,2965,-0.013431832916103304,0.2,0.1337890625,1419.422607421875,1000.0,,
1498,1459,2187264,534,60.495445251464844,0.0001,145.83591957092284,17.90119071006775,0.012215302,0.0895497277379036,0.8487551808357239,2970,-0.012383582780603319,0.2,0.133447265625,1419.422607421875,1000.0,,
1497,1463,2191360,535,72.28738403320312,0.0001,176.30346069335937,17.904495668411254,0.012981528,0.08951184153556824,0.8474712371826172,2975,-0.013174967444501817,0.2,0.127783203125,1420.7928466796875,1000.0,,
1494,1468,2195456,536,62.07155227661133,0.0001,140.43346042633056,17.912106132507326,0.014623896,0.08947083353996277,0.8836095333099365,2980,-0.014770306713762693,0.2,0.1533203125,1431.6339111328125,1000.0,,
1494,1471,2199552,537,59.67215347290039,0.0001,143.88376979827882,17.918840312957762,0.012024263,0.08945052325725555,0.813280463218689,2985,-0.01217252392671071,0.2,0.112255859375,1431.6339111328125,1000.0,,
1493,1475,2203648,538,69.79119873046875,0.0001,188.95605392456054,17.923826503753663,0.011840221,0.0894215777516365,0.5062780976295471,2990,-0.012886422741576097,0.2,0.1068359375,1431.6339111328125,1000.0,,
1493,1477,2207744,539,61.9197998046875,0.0001,153.93109645843506,17.931086158752443,0.011789894,0.08937251567840576,0.5077149868011475,2995,-0.012775054306257517,0.2,0.09765625,1419.5556640625,1000.0,,
1491,1482,2211840,540,52.56271743774414,0.0001,130.1822244644165,17.939684534072875,0.012878938,0.08934969455003738,0.5464671850204468,3000,-0.01394031330710277,0.2,0.114013671875,1434.139892578125,1000.0,,
1491,1485,2215936,541,39.56248474121094,0.0001,95.8498384475708,17.940230417251588,0.014687773,0.08936427533626556,0.6259698867797852,3005,-0.015141320729162544,0.2,0.16083984375,1434.139892578125,1000.0,,
1490,1489,2220032,542,64.92247009277344,0.0001,159.99687080383302,17.939370584487914,0.011772118,0.08934280276298523,0.35746538639068604,3010,-0.012345254170941188,0.2,0.100390625,1434.139892578125,1000.0,,
1488,1493,2224128,543,66.83686828613281,0.0001,164.22436904907227,17.946323299407958,0.012729144,0.08930423855781555,0.4507567882537842,3015,-0.013051686971448363,0.2,0.121728515625,1455.733642578125,1000.0,,
1488,1497,2228224,544,52.82235336303711,0.0001,120.93361759185791,17.95164566040039,0.013172727,0.08929595351219177,0.6974846124649048,3020,-0.012785031081875786,0.2,0.12431640625,1433.59033203125,1000.0,,
1488,1499,2232320,545,46.2235107421875,0.0001,115.51393051147461,17.952993392944336,0.0113037005,0.08927623182535172,0.7079707980155945,3025,-0.01237428350141272,0.2,0.106005859375,1433.59033203125,1000.0,,
1487,1503,2236416,546,43.73141098022461,0.0001,123.092799949646,17.9588981628418,0.012820231,0.08924826979637146,0.7440887689590454,3030,-0.013875055155949667,0.2,0.1287109375,1428.96923828125,1000.0,,
1485,1508,2240512,547,46.745765686035156,0.0001,121.25758953094483,17.95964159965515,0.015426431,0.08927473425865173,0.7683700323104858,3035,-0.01601972708012909,0.2,0.163232421875,1423.57666015625,1000.0,,
1485,1511,2244608,548,48.12388229370117,0.0001,101.45290412902833,17.954609298706053,0.014018334,0.08929451555013657,0.7479850649833679,3040,-0.014891444268869236,0.2,0.165869140625,1420.6112060546875,1000.0,,
1484,1514,2248704,549,23.85497283935547,0.0001,61.47014226913452,17.956383895874023,0.01381135,0.08923628181219101,0.7745583057403564,3045,-0.011486639323993585,0.2,0.1203125,1420.6112060546875,1000.0,,
1469,1532,2252800,550,28.204999923706055,0.0001,71.31807317733765,17.968690729141237,0.0144528,0.08921105414628983,0.6917104721069336,3050,-0.01247100707842037,0.2,0.148193359375,1412.104736328125,1000.0,2.7399401371456222,250000
1467,1537,2256896,551,35.86764144897461,0.0001,99.40003566741943,17.970848178863527,0.014874204,0.08919358253479004,0.7020536661148071,3055,-0.017074475524714215,0.2,0.15615234375,1418.884521484375,1000.0,,
1467,1540,2260992,552,33.7884407043457,0.0001,83.48501968383789,17.97585015296936,0.013766962,0.0891680121421814,0.7920178771018982,3060,-0.014451863762224093,0.2,0.139208984375,1411.5479736328125,1000.0,,
1467,1543,2265088,553,56.901798248291016,0.0001,147.55380458831786,17.981238889694215,0.013294388,0.08913885056972504,0.6693925857543945,3065,-0.012627631495706736,0.2,0.118896484375,1411.5479736328125,1000.0,,
1467,1546,2269184,554,60.5969123840332,0.0001,143.61918659210204,17.98519983291626,0.011531392,0.08913776278495789,0.6933537721633911,3070,-0.0113730450917501,0.2,0.089990234375,1401.189697265625,1000.0,,
1464,1551,2273280,555,67.2376480102539,0.0001,158.5618469238281,17.986182737350465,0.011920191,0.08912438899278641,0.7179927229881287,3075,-0.015201904869172722,0.2,0.1177734375,1384.8448486328125,1000.0,,
1463,1555,2277376,556,48.167144775390625,0.0001,114.01938457489014,17.990545511245728,0.014671961,0.08909155428409576,0.7672962546348572,3080,-0.012288686170359142,0.2,0.140673828125,1363.5179443359375,1000.0,,
1464,1558,2281472,557,40.364593505859375,0.0001,98.21941299438477,17.997300577163696,0.013080774,0.0890708714723587,0.6686305999755859,3085,-0.012310544267529621,0.2,0.130615234375,1363.5179443359375,1000.0,,
1464,1560,2285568,558,26.83695411682129,0.0001,77.06458177566529,18.002541971206664,0.011112799,0.08902249485254288,0.6664148569107056,3090,-0.009701286884956061,0.2,0.10244140625,1357.6441650390625,1000.0,,
1462,1566,2289664,559,33.45920944213867,0.0001,80.6817611694336,18.01318383216858,0.014600465,0.0889829471707344,0.7109431028366089,3095,-0.014514397660968825,0.2,0.15234375,1458.5390625,1000.0,,
1461,1569,2293760,560,42.05466842651367,0.0001,100.63194351196289,18.019993400573732,0.015824523,0.08894415944814682,0.702904462814331,3100,-0.01313839556532912,0.2,0.1439453125,1449.9124755859375,1000.0,,
1461,1572,2297856,561,40.8682975769043,0.0001,101.16889801025391,18.03172297477722,0.012046163,0.08886956423521042,0.7380656003952026,3105,-0.012155353487469257,0.2,0.121337890625,1449.9124755859375,1000.0,,
1461,1575,2301952,562,39.815765380859375,0.0001,91.60948886871338,18.041790151596068,0.015082942,0.0888671875,0.8061513304710388,3110,-0.014273550684447401,0.2,0.147021484375,1433.3548583984375,1000.0,,
1459,1580,2306048,563,39.778404235839844,0.0001,97.53482875823974,18.041178035736085,0.013666981,0.08885405957698822,0.8214165568351746,3115,-0.014828408730681985,0.2,0.1271484375,1417.90283203125,1000.0,,
1459,1583,2310144,564,43.98383331298828,0.0001,98.8280574798584,18.041383934020995,0.012451617,0.08887293934822083,0.7866370677947998,3120,-0.01398635542136617,0.2,0.1619140625,1419.0074462890625,1000.0,,
1459,1586,2314240,565,37.68343734741211,0.0001,103.0272258758545,18.038096046447755,0.011165721,0.08887375891208649,0.342224657535553,3125,-0.012309284484945237,0.2,0.10234375,1419.0074462890625,1000.0,,
1457,1590,2318336,566,30.34067153930664,0.0001,80.21637887954712,18.040851879119874,0.011062248,0.08884767442941666,0.4701673984527588,3130,-0.01102574021788314,0.2,0.0927734375,1420.462646484375,1000.0,,
1456,1595,2322432,567,28.24609375,0.0001,78.95341444015503,18.043110513687132,0.010349492,0.08886875957250595,0.5804287195205688,3135,-0.011472215282265098,0.2,0.08818359375,1453.594970703125,1000.0,,
1455,1598,2326528,568,37.73139190673828,0.0001,93.03839282989502,18.0388427734375,0.014548199,0.0888708084821701,0.721139669418335,3140,-0.01608657093020156,0.2,0.14072265625,1441.506591796875,1000.0,,
1455,1600,2330624,569,50.94009017944336,0.0001,130.25274181365967,18.040580844879152,0.0096584,0.08885855227708817,0.6448320150375366,3145,-0.009574618143960833,0.2,0.084033203125,1441.506591796875,1000.0,,
1455,1604,2334720,570,41.77735137939453,0.0001,112.77049961090088,18.04352750778198,0.010168541,0.08883645385503769,0.7341164350509644,3150,-0.009781832504086197,0.2,0.073095703125,1439.0654296875,1000.0,,
1453,1609,2338816,571,47.91595458984375,0.0001,104.90107536315918,18.048181772232056,0.013281995,0.08882546424865723,0.8238263130187988,3155,-0.014276318449992687,0.2,0.16083984375,1473.6712646484375,1000.0,,
1452,1612,2342912,572,62.551761627197266,0.0001,166.42147903442384,18.050073528289794,0.010824613,0.08881425112485886,0.6839561462402344,3160,-0.011961089010583237,0.2,0.101123046875,1468.08154296875,1000.0,,
1452,1615,2347008,573,73.95800018310547,0.0001,189.8194236755371,18.05139226913452,0.008442143,0.08881468325853348,0.6927844882011414,3165,-0.009106978366617113,0.2,0.05244140625,1468.08154296875,1000.0,,
1452,1619,2351104,574,87.68353271484375,0.0001,215.97728424072267,18.05157494544983,0.014573364,0.08880804479122162,0.7012021541595459,3170,-0.012990823539439589,0.2,0.108056640625,1459.3179931640625,1000.0,,
1450,1623,2355200,575,96.631103515625,0.0001,207.24128837585448,18.054657316207887,0.014088433,0.08878076076507568,0.7432435750961304,3175,-0.014298040448920801,0.2,0.1228515625,1468.4412841796875,1000.0,,
1449,1627,2359296,576,42.74351119995117,0.0001,100.843630027771,18.059508943557738,0.014187753,0.08877081423997879,0.739682674407959,3180,-0.01286649989488069,0.2,0.130224609375,1468.4412841796875,1000.0,,
1449,1630,2363392,577,41.020118713378906,0.0001,89.64664630889892,18.06035304069519,0.01543281,0.08876604586839676,0.7067320346832275,3185,-0.012962748890276998,0.2,0.155322265625,1468.4412841796875,1000.0,,
1449,1633,2367488,578,61.09975814819336,0.0001,117.08809299468994,18.0630663394928,0.016559647,0.08874650299549103,0.7167723774909973,3190,-0.013825737714068965,0.2,0.1583984375,1468.408447265625,1000.0,,
1448,1637,2371584,579,36.51835250854492,0.0001,92.64978408813477,18.06879868507385,0.017279197,0.08870576322078705,0.7519875764846802,3195,-0.016731469571823254,0.2,0.181396484375,1495.60205078125,1000.0,,
1448,1640,2375680,580,48.628421783447266,0.0001,103.96996250152588,18.075908279418947,0.013751085,0.08868630230426788,0.6587381362915039,3200,-0.012831847567576915,0.2,0.1423828125,1495.60205078125,1000.0,,
1449,1642,2379776,581,54.35774230957031,0.0001,135.12113399505614,18.078576231002806,0.010272112,0.08867300301790237,0.6044975519180298,3205,-0.01110427980311215,0.2,0.09482421875,1495.60205078125,1000.0,,
1449,1644,2383872,582,58.909751892089844,0.0001,158.21728458404542,18.083417558670043,0.010350931,0.08863266557455063,0.6425820589065552,3210,-0.010876056842971594,0.2,0.07841796875,1503.34130859375,1000.0,,
