time/time_elapsed,time/fps,time/iterations,time/total_timesteps,train/std,train/policy_gradient_loss,train/loss,train/learning_rate,train/approx_kl,train/explained_variance,train/value_loss,train/clip_fraction,train/entropy_loss,train/n_updates,train/clip_range,rollout/ep_len_mean,rollout/ep_rew_mean
3,596,1,2048,,,,,,,,,,,,,
5,691,2,4096,0.15001556277275085,-0.01597245458397083,69.59717559814453,0.0001,0.008795987,0.8786291480064392,151.62110443115233,0.04013671875,8.606309080123902,5,0.2,,
8,736,3,6144,0.1500111222267151,-0.00529739250196144,66.90518951416016,0.0001,0.0027256077,0.8904696702957153,144.40438652038574,0.00283203125,8.605139970779419,10,0.2,,
12,681,4,8192,0.1499871015548706,-0.007826804253272712,67.4745101928711,0.0001,0.005229355,0.8814167976379395,146.03927764892578,0.0162109375,8.607169198989869,15,0.2,1000.0,1718.500732421875
14,702,5,10240,0.14996519684791565,-0.00670544751919806,70.63721466064453,0.0001,0.0051119425,0.8729349374771118,148.2306999206543,0.0119140625,8.610181999206542,20,0.2,1000.0,1718.500732421875
17,718,6,12288,0.14995509386062622,-0.0031300173606723545,22.52311897277832,0.0001,0.002318934,0.9631184339523315,84.01797599792481,0.00224609375,8.61224684715271,25,0.2,1000.0,1718.500732421875
19,729,7,14336,0.149934321641922,-0.006965286284685135,26.017763137817383,0.0001,0.0039607952,0.9369845390319824,68.3469045639038,0.00615234375,8.61342740058899,30,0.2,1000.0,1718.500732421875
23,706,8,16384,0.14991635084152222,-0.0043394177395384755,25.41924285888672,0.0001,0.0035682612,0.9416311979293823,72.96237392425537,0.0060546875,8.616298580169678,35,0.2,1000.0,1959.9267578125
25,716,9,18432,0.14988091588020325,-0.00790300618391484,38.80897521972656,0.0001,0.0064521497,0.8896598815917969,83.97769279479981,0.01904296875,8.619013404846191,40,0.2,1000.0,1959.9267578125
28,725,10,20480,0.1498173028230667,-0.009151954285334796,45.15647506713867,0.0001,0.0076426044,0.9092806577682495,86.56049308776855,0.0306640625,8.62440857887268,45,0.2,1000.0,1959.9267578125
30,731,11,22528,0.1497706174850464,-0.012925424310378731,35.490447998046875,0.0001,0.011874735,0.9194715023040771,76.93492012023925,0.057421875,8.632524538040162,50,0.2,1000.0,1959.9267578125
35,702,12,24576,0.14983147382736206,-0.010770569927990437,41.61210250854492,0.0001,0.010486781,0.911323606967926,80.04463577270508,0.053515625,8.632385158538819,55,0.2,1000.0,1979.2513427734375
37,707,13,26624,0.14984795451164246,-0.009109263867139816,55.83260726928711,0.0001,0.0059804916,0.8798466324806213,117.51934204101562,0.01708984375,8.625716018676759,60,0.2,1000.0,1979.2513427734375
40,712,14,28672,0.14982736110687256,-0.0039780947612598535,86.15469360351562,0.0001,0.0031592022,0.8150874972343445,191.3542381286621,0.0037109375,8.626750278472901,65,0.2,1000.0,1979.2513427734375
42,716,15,30720,0.14981675148010254,-0.0057952677132561805,93.41476440429688,0.0001,0.0031425296,0.8287919759750366,184.62933197021485,0.00498046875,8.62884693145752,70,0.2,1000.0,1979.2513427734375
46,701,16,32768,0.1498010903596878,-0.0053082472179085015,114.3522720336914,0.0001,0.0028280288,0.8218704462051392,213.12865600585937,0.00302734375,8.63005952835083,75,0.2,1000.0,1882.26318359375
49,704,17,34816,0.1497248411178589,-0.010713281435891986,75.65956115722656,0.0001,0.006820242,0.8703374266624451,142.2051918029785,0.023828125,8.634805583953858,80,0.2,1000.0,1882.26318359375
52,708,18,36864,0.14967291057109833,-0.002102128532715142,23.258371353149414,0.0001,0.0020038853,0.9399927258491516,63.45767650604248,0.0013671875,8.643890714645385,85,0.2,1000.0,1882.26318359375
54,712,19,38912,0.1496116816997528,-0.007002000161446631,25.964994430541992,0.0001,0.0054084826,0.9383447170257568,56.42885875701904,0.01396484375,8.649534797668457,90,0.2,1000.0,1882.26318359375
58,695,20,40960,0.14954537153244019,-0.004446418606676161,22.742435455322266,0.0001,0.004056331,0.9383290410041809,48.86819438934326,0.00927734375,8.657527780532837,95,0.2,1000.0,1929.54296875
61,698,21,43008,0.14943599700927734,-0.01446661059744656,45.65420150756836,0.0001,0.014932047,0.8497557044029236,91.47192611694337,0.08623046875,8.667902851104737,100,0.2,1000.0,1929.54296875
64,697,22,45056,0.1493327021598816,-0.013188318605534733,57.78744125366211,0.0001,0.012046019,0.8085274696350098,107.00662155151367,0.0578125,8.681115627288818,105,0.2,1000.0,1929.54296875
67,699,23,47104,0.14928634464740753,-0.013420578860677778,48.756187438964844,0.0001,0.013075985,0.8130753040313721,93.73472328186035,0.06650390625,8.691072845458985,110,0.2,1000.0,1929.54296875
71,691,24,49152,0.1492660641670227,-0.009923246374819427,50.15717697143555,0.0001,0.011332941,0.8309507369995117,95.8682746887207,0.051171875,8.694378662109376,115,0.2,1000.0,1937.9012451171875
73,694,25,51200,0.14922527968883514,-0.010939448268618434,61.84131622314453,0.0001,0.009133432,0.7975210547447205,125.55553321838379,0.0388671875,8.697626304626464,120,0.2,1000.0,1937.9012451171875
76,697,26,53248,0.1492065191268921,-0.016407096141483633,37.1102294921875,0.0001,0.018962871,0.8749960660934448,72.92717895507812,0.1138671875,8.702145910263061,125,0.2,1000.0,1937.9012451171875
78,700,27,55296,0.14918452501296997,-0.013936832174658775,48.856353759765625,0.0001,0.01298127,0.8510663509368896,93.03987884521484,0.06708984375,8.703938579559326,130,0.2,1000.0,1937.9012451171875
83,683,28,57344,0.14918352663516998,-0.013286766322562472,36.1870231628418,0.0001,0.01301287,0.8712231516838074,73.0148983001709,0.066015625,8.70601782798767,135,0.2,1000.0,1931.3406982421875
86,686,29,59392,0.1492076963186264,-0.009781196917174384,36.6264762878418,0.0001,0.010211867,0.8716347217559814,65.75059833526612,0.04462890625,8.704303169250489,140,0.2,1000.0,1931.3406982421875
89,689,30,61440,0.14917272329330444,-0.007319684303365648,38.32518768310547,0.0001,0.0073514436,0.8629536628723145,75.78143424987793,0.0255859375,8.703805446624756,145,0.2,1000.0,1931.3406982421875
91,691,31,63488,0.1491420865058899,-0.01255650578532368,35.7350959777832,0.0001,0.01136598,0.8680307865142822,73.50162620544434,0.05400390625,8.709115028381348,150,0.2,1000.0,1931.3406982421875
95,685,32,65536,0.14907534420490265,-0.013302861363627017,33.066429138183594,0.0001,0.014727398,0.8814617395401001,72.41821174621582,0.0814453125,8.71374545097351,155,0.2,1000.0,1927.70654296875
98,687,33,67584,0.14902037382125854,-0.011208284122403711,25.566940307617188,0.0001,0.011254067,0.9343720078468323,55.668260955810545,0.04541015625,8.722158908843994,160,0.2,1000.0,1927.70654296875
100,689,34,69632,0.14898549020290375,-0.0030130806728266178,15.925037384033203,0.0001,0.0035037105,0.965396523475647,37.43345718383789,0.0052734375,8.727054691314697,165,0.2,1000.0,1927.70654296875
103,691,35,71680,0.14898480474948883,-0.011303520598448812,17.695514678955078,0.0001,0.013593993,0.9614353179931641,35.21107969284058,0.08076171875,8.730263900756835,170,0.2,1000.0,1927.70654296875
107,686,36,73728,0.14898476004600525,-0.007826686277985573,14.517714500427246,0.0001,0.006287909,0.9673823714256287,32.46892967224121,0.01796875,8.729399156570434,175,0.2,1000.0,1953.3275146484375
109,689,37,75776,0.14894609153270721,-0.014275359513703734,31.717666625976562,0.0001,0.015086921,0.7944002151489258,59.539326667785645,0.078515625,8.731722927093506,180,0.2,1000.0,1953.3275146484375
112,691,38,77824,0.1488669067621231,-0.00808074304368347,12.006604194641113,0.0001,0.010313767,0.7515969276428223,25.21096878051758,0.0431640625,8.737932395935058,185,0.2,1000.0,1953.3275146484375
115,693,39,79872,0.1487525850534439,-0.004676451859995723,15.12650203704834,0.0001,0.0069588777,0.6503944396972656,32.18497457504272,0.03251953125,8.74961061477661,190,0.2,1000.0,1953.3275146484375
118,689,40,81920,0.14864301681518555,-0.008798587997443975,12.993576049804688,0.0001,0.011792092,0.6706721782684326,26.55757122039795,0.0728515625,8.764666080474854,195,0.2,1000.0,1999.8863525390625
121,691,41,83968,0.1486015021800995,-0.009768106986302882,21.937477111816406,0.0001,0.009599239,0.9055753946304321,42.58925437927246,0.0509765625,8.774288845062255,200,0.2,1000.0,1999.8863525390625
124,693,42,86016,0.14856472611427307,-0.017625867505557835,13.915311813354492,0.0001,0.020675413,0.9429784417152405,26.236144542694092,0.11201171875,8.777805471420288,205,0.2,1000.0,1999.8863525390625
128,687,43,88064,0.14846587181091309,-0.014895023149438202,11.861861228942871,0.0001,0.018342622,0.9484139680862427,23.780175304412843,0.1111328125,8.785326623916626,210,0.2,1000.0,2009.0489501953125
131,687,44,90112,0.14838725328445435,-0.012580032180994748,15.537088394165039,0.0001,0.015936434,0.9409623146057129,26.248322010040283,0.08837890625,8.797454214096069,215,0.2,1000.0,2009.0489501953125
133,689,45,92160,0.14834603667259216,-0.005111100769136101,24.22200584411621,0.0001,0.0053264303,0.8787047863006592,48.17607040405274,0.01328125,8.804174566268921,220,0.2,1000.0,2009.0489501953125
136,690,46,94208,0.14824718236923218,-0.013953380240127444,11.153080940246582,0.0001,0.013834771,0.9466115236282349,23.99182186126709,0.0755859375,8.811686086654664,225,0.2,1000.0,2009.0489501953125
140,687,47,96256,0.1481592208147049,-0.014567745616659522,15.492318153381348,0.0001,0.01512011,0.9189520478248596,33.47379760742187,0.0986328125,8.824469900131225,230,0.2,1000.0,2026.6497802734375
142,688,48,98304,0.14809153974056244,-0.010337015439290553,17.060062408447266,0.0001,0.011110023,0.921115517616272,37.420228004455566,0.04609375,8.8336256980896,235,0.2,1000.0,2026.6497802734375
145,690,49,100352,0.1480969339609146,-0.009825529344379903,13.471158981323242,0.0001,0.00993203,0.945395827293396,27.79944477081299,0.04384765625,8.838671445846558,240,0.2,1000.0,2026.6497802734375
148,691,50,102400,0.14809106290340424,-0.007068032142706215,12.055442810058594,0.0001,0.005873278,0.9568406939506531,25.85888090133667,0.01591796875,8.836845922470093,245,0.2,1000.0,2026.6497802734375
151,688,51,104448,0.14806044101715088,-0.0074524949071928855,10.971237182617188,0.0001,0.007390538,0.960215151309967,22.53033866882324,0.0287109375,8.839820051193238,250,0.2,1000.0,2033.698486328125
154,690,52,106496,0.14806681871414185,-0.0114397962577641,30.13106918334961,0.0001,0.012882346,0.881412148475647,65.53240280151367,0.07041015625,8.84207181930542,255,0.2,1000.0,2033.698486328125
157,691,53,108544,0.14807571470737457,-0.0024000571807846426,78.80611419677734,0.0001,0.001967554,0.8282548189163208,177.42987976074218,0.0015625,8.840376567840575,260,0.2,1000.0,2033.698486328125
159,692,54,110592,0.14807066321372986,-0.002763205097289756,56.87009048461914,0.0001,0.0010571547,0.8759229183197021,128.4128932952881,9.765625e-05,8.840102195739746,265,0.2,1000.0,2033.698486328125
163,689,55,112640,0.1480591595172882,-0.0022953885491006076,71.22306823730469,0.0001,0.0010485746,0.8755236268043518,144.9272762298584,0.0001953125,8.841186904907227,270,0.2,1000.0,2024.66796875
165,691,56,114688,0.14803536236286163,-0.005287252459675073,58.547542572021484,0.0001,0.0021496909,0.8879845142364502,121.00298461914062,0.00205078125,8.843235301971436,275,0.2,1000.0,2024.66796875
168,692,57,116736,0.1480167657136917,-0.0031643663067370655,17.761106491088867,0.0001,0.0017490874,0.9612396359443665,38.56470241546631,0.00078125,8.846101903915406,280,0.2,1000.0,2024.66796875
171,694,58,118784,0.14800851047039032,-0.0014846842736005784,22.42361831665039,0.0001,0.0014165523,0.9524791836738586,47.01918258666992,0.000390625,8.847726726531983,285,0.2,1000.0,2024.66796875
174,690,59,120832,0.14800675213336945,-0.005505203199572861,15.940638542175293,0.0001,0.0031133736,0.9635060429573059,31.607813167572022,0.0041015625,8.848362064361572,290,0.2,1000.0,2034.9515380859375
177,692,60,122880,0.14799228310585022,-0.01007814034819603,21.91840934753418,0.0001,0.0068375487,0.9457311034202576,43.91592102050781,0.02294921875,8.849050045013428,295,0.2,1000.0,2034.9515380859375
180,693,61,124928,0.14795780181884766,-0.010219636745750904,15.578094482421875,0.0001,0.009846095,0.9525185823440552,29.580396747589113,0.0412109375,8.852011919021606,300,0.2,1000.0,2034.9515380859375
182,694,62,126976,0.14789803326129913,-0.009817198221571743,13.863968849182129,0.0001,0.007402012,0.9560882449150085,28.679422283172606,0.0275390625,8.857488632202148,305,0.2,1000.0,2034.9515380859375
186,691,63,129024,0.1478470116853714,-0.01160333283478394,12.860430717468262,0.0001,0.010958314,0.9519230127334595,27.65540180206299,0.04931640625,8.864702939987183,310,0.2,1000.0,2059.859130859375
189,692,64,131072,0.14778175950050354,-0.012387610925361513,24.900360107421875,0.0001,0.010322881,0.9231860041618347,52.01907749176026,0.04765625,8.87159185409546,315,0.2,1000.0,2059.859130859375
191,693,65,133120,0.1477304846048355,-0.007299810973927378,13.901137351989746,0.0001,0.006771898,0.9519592523574829,29.182016849517822,0.02001953125,8.878811931610107,320,0.2,1000.0,2059.859130859375
194,694,66,135168,0.14769330620765686,-0.006414854107424617,18.279613494873047,0.0001,0.0072216433,0.9324468374252319,41.088012313842775,0.023046875,8.884293556213379,325,0.2,1000.0,2059.859130859375
199,687,67,137216,0.14763833582401276,-0.01198228111024946,18.5167293548584,0.0001,0.014912771,0.9340353012084961,37.04060535430908,0.09755859375,8.889541625976562,330,0.2,1000.0,2080.982421875
202,688,68,139264,0.1476324200630188,-0.007687911437824368,15.456542015075684,0.0001,0.009202067,0.9437554478645325,36.38165225982666,0.04150390625,8.894449710845947,335,0.2,1000.0,2080.982421875
204,690,69,141312,0.14761120080947876,-0.009468328685034066,11.095799446105957,0.0001,0.008866994,0.9453597664833069,23.564017486572265,0.03642578125,8.894687223434449,340,0.2,1000.0,2080.982421875
207,690,70,143360,0.14757516980171204,-0.01623706289101392,13.357460975646973,0.0001,0.015226268,0.9341481924057007,25.299323081970215,0.09326171875,8.898952865600586,345,0.2,1000.0,2080.982421875
211,688,71,145408,0.14755108952522278,-0.014157536905258894,9.740927696228027,0.0001,0.01862704,0.9536312222480774,18.36568412780762,0.11787109375,8.90230450630188,350,0.2,1000.0,2054.188720703125
213,689,72,147456,0.1475048065185547,-0.009844315663212911,19.809062957763672,0.0001,0.010095794,0.888642430305481,44.530423164367676,0.04228515625,8.906125164031982,355,0.2,1000.0,2054.188720703125
216,690,73,149504,0.14746491611003876,-0.012409725645557045,16.14362144470215,0.0001,0.017414005,0.9237975478172302,29.980006313323976,0.09716796875,8.91211256980896,360,0.2,1000.0,2054.188720703125
219,691,74,151552,0.14743971824645996,-0.009010658948682249,15.671626091003418,0.0001,0.008516615,0.9225054383277893,32.1868109703064,0.03173828125,8.915836906433105,365,0.2,1000.0,2054.188720703125
222,689,75,153600,0.14740632474422455,-0.012378856237046421,14.75045108795166,0.0001,0.015506143,0.9314635396003723,28.57680654525757,0.08486328125,8.919136381149292,370,0.2,1000.0,2077.492919921875
225,689,76,155648,0.14736801385879517,-0.0055116777424700555,25.562496185302734,0.0001,0.0044361786,0.8739215731620789,50.95856990814209,0.009765625,8.92369818687439,375,0.2,1000.0,2077.492919921875
228,690,77,157696,0.14735130965709686,-0.012974996212869882,15.846055030822754,0.0001,0.014285704,0.9303690195083618,29.39559507369995,0.07431640625,8.927617120742799,380,0.2,1000.0,2077.492919921875
231,691,78,159744,0.1473713219165802,-0.014161912119016051,14.130232810974121,0.0001,0.0151516935,0.924875020980835,29.882280921936037,0.0794921875,8.927311992645263,385,0.2,1000.0,2077.492919921875
234,688,79,161792,0.14733105897903442,-0.00842935109976679,14.8945894241333,0.0001,0.0101160845,0.922560453414917,30.924813556671143,0.0435546875,8.926966428756714,390,0.2,1000.0,2074.914306640625
237,689,80,163840,0.14732424914836884,-0.009788309608120471,40.79928970336914,0.0001,0.010483803,0.585024356842041,96.00485496520996,0.0478515625,8.93209490776062,395,0.2,1000.0,2074.914306640625
240,690,81,165888,0.14734213054180145,-0.005309710610890761,50.10212707519531,0.0001,0.0037033889,0.39556366205215454,99.57424736022949,0.005859375,8.930556058883667,400,0.2,1000.0,2074.914306640625
242,691,82,167936,0.14734430611133575,-0.004637236252892763,46.88738250732422,0.0001,0.0055515477,0.3001740574836731,85.97172508239746,0.01669921875,8.928872632980347,405,0.2,1000.0,2074.914306640625
246,689,83,169984,0.14734378457069397,-0.008042937866412104,34.88486862182617,0.0001,0.010397298,0.35452741384506226,77.7475528717041,0.04306640625,8.929438495635987,410,0.2,1000.0,2114.378662109375
249,689,84,172032,0.14729495346546173,-0.005567860134760849,27.016340255737305,0.0001,0.00780461,0.9273473024368286,52.943231391906735,0.034375,8.930778789520264,415,0.2,1000.0,2114.378662109375
252,690,85,174080,0.14718997478485107,-0.01667401324957609,9.633088111877441,0.0001,0.019173104,0.97154700756073,22.22674779891968,0.12666015625,8.94112811088562,420,0.2,1000.0,2114.378662109375
255,688,86,176128,0.14698658883571625,-0.013854318170342595,13.588706016540527,0.0001,0.017720137,0.9643402695655823,27.921921920776366,0.1296875,8.959444618225097,425,0.2,1000.0,2099.53271484375
258,689,87,178176,0.14686816930770874,-0.013071755040436983,13.927992820739746,0.0001,0.015331936,0.9648120999336243,26.9138201713562,0.090625,8.981188201904297,430,0.2,1000.0,2099.53271484375
261,690,88,180224,0.1468326300382614,-0.009180215816013516,13.833592414855957,0.0001,0.011039015,0.9431652426719666,26.174744510650633,0.04833984375,8.990123748779297,435,0.2,1000.0,2099.53271484375
264,690,89,182272,0.14681316912174225,-0.006553610204719007,13.294404983520508,0.0001,0.0064681256,0.9483303427696228,28.42578067779541,0.0208984375,8.993018007278442,440,0.2,1000.0,2099.53271484375
267,688,90,184320,0.14676064252853394,-0.013139491435140371,12.107356071472168,0.0001,0.014858774,0.9558902382850647,24.55829248428345,0.08876953125,8.99681921005249,445,0.2,1000.0,2091.4091796875
270,688,91,186368,0.14671877026557922,-0.00731216436251998,18.790754318237305,0.0001,0.009001365,0.9284344911575317,36.70291309356689,0.04052734375,9.003513765335082,450,0.2,1000.0,2091.4091796875
273,689,92,188416,0.14666202664375305,-0.007229286455549299,23.335988998413086,0.0001,0.0077328524,0.838585376739502,46.51971950531006,0.02939453125,9.00890154838562,455,0.2,1000.0,2091.4091796875
275,690,93,190464,0.14661850035190582,-0.008155384403653442,21.517139434814453,0.0001,0.0065867202,0.8358569741249084,44.26600570678711,0.0197265625,9.015729475021363,460,0.2,1000.0,2091.4091796875
279,688,94,192512,0.14659056067466736,-0.008705546357668936,24.23125648498535,0.0001,0.009305499,0.8109744191169739,51.109077072143556,0.03916015625,9.019934511184692,465,0.2,1000.0,2072.591796875
282,689,95,194560,0.14657732844352722,-0.00658349614823237,38.44313430786133,0.0001,0.004800211,0.7354689836502075,79.77456016540528,0.01162109375,9.022461080551148,470,0.2,1000.0,2072.591796875
284,689,96,196608,0.14657537639141083,-0.010689300554804503,29.731374740600586,0.0001,0.0111542735,0.8065785765647888,55.441152000427245,0.05029296875,9.023623085021972,475,0.2,1000.0,2072.591796875
287,690,97,198656,0.1465466171503067,-0.011116615537321194,37.5551872253418,0.0001,0.0131679885,0.7243969440460205,73.01952838897705,0.071875,9.024710750579834,480,0.2,1000.0,2072.591796875
291,688,98,200704,0.14650647342205048,-0.015474325139075517,17.238719940185547,0.0001,0.02120316,0.8603253960609436,39.10827083587647,0.11953125,9.029535007476806,485,0.2,1000.0,2073.5517578125
294,689,99,202752,0.14646556973457336,-0.009790038911160082,45.62242126464844,0.0001,0.010938332,0.6901667714118958,104.43190116882325,0.06083984375,9.034434032440185,490,0.2,1000.0,2073.5517578125
296,689,100,204800,0.14645057916641235,-0.012917343352455646,42.905479431152344,0.0001,0.016240057,0.7804714441299438,85.34301528930663,0.07783203125,9.038583707809448,495,0.2,1000.0,2073.5517578125
299,690,101,206848,0.1464584469795227,-0.009285980788990855,26.658443450927734,0.0001,0.008846893,0.8629032373428345,58.58427047729492,0.03193359375,9.038576459884643,500,0.2,1000.0,2073.5517578125
303,687,102,208896,0.1464904248714447,-0.0074375570169650015,23.0247802734375,0.0001,0.01071354,0.8787227272987366,50.56414680480957,0.05087890625,9.036707639694214,505,0.2,1000.0,2092.17431640625
306,688,103,210944,0.14649692177772522,-0.005402295605745166,49.87873077392578,0.0001,0.0035107434,0.8333887457847595,105.53322334289551,0.0052734375,9.033023357391357,510,0.2,1000.0,2092.17431640625
309,689,104,212992,0.14647306501865387,-0.004355314711574465,53.11659240722656,0.0001,0.0041840067,0.8702226877212524,118.26462173461914,0.00927734375,9.034542989730834,515,0.2,1000.0,2092.17431640625
311,689,105,215040,0.14645642042160034,-0.0068863412830978635,49.158836364746094,0.0001,0.0040363027,0.8900558352470398,98.03799476623536,0.0078125,9.03737964630127,520,0.2,1000.0,2092.17431640625
316,686,106,217088,0.14646290242671967,-0.00224512632121332,25.831443786621094,0.0001,0.0023971547,0.9284303784370422,63.55106658935547,0.00185546875,9.0381498336792,525,0.2,1000.0,2064.2216796875
318,687,107,219136,0.14646989107131958,-0.010944798425771295,35.633174896240234,0.0001,0.008776021,0.8989886045455933,71.94336433410645,0.03505859375,9.036908864974976,530,0.2,1000.0,2064.2216796875
321,688,108,221184,0.14645691215991974,-0.0011203313479200006,11.856901168823242,0.0001,0.0020514182,0.9500057101249695,31.83464422225952,0.00166015625,9.036920642852783,535,0.2,1000.0,2064.2216796875
324,688,109,223232,0.14642120897769928,-0.005195265193469823,9.544353485107422,0.0001,0.003604257,0.9504700899124146,24.626684284210206,0.005078125,9.039920091629028,540,0.2,1000.0,2064.2216796875
328,686,110,225280,0.14639486372470856,-0.004749865247868001,9.858611106872559,0.0001,0.0047284244,0.950006365776062,22.849367523193358,0.01123046875,9.044441270828248,545,0.2,1000.0,2089.291748046875
330,687,111,227328,0.14638923108577728,-0.008275920478627085,17.368715286254883,0.0001,0.012949763,0.9384490847587585,36.637743186950686,0.0560546875,9.046240520477294,550,0.2,1000.0,2089.291748046875
333,687,112,229376,0.14639294147491455,-0.0037592977285385134,10.69566822052002,0.0001,0.004213148,0.9715624451637268,26.58704843521118,0.00966796875,9.046465730667114,555,0.2,1000.0,2089.291748046875
336,688,113,231424,0.14640794694423676,-0.010261117876507343,8.50201416015625,0.0001,0.013864342,0.9740127921104431,18.678594493865965,0.0734375,9.045608615875244,560,0.2,1000.0,2089.291748046875
339,686,114,233472,0.146401047706604,-0.006198175938334316,12.996315956115723,0.0001,0.007174163,0.9566066265106201,27.64497299194336,0.03818359375,9.043919610977174,565,0.2,1000.0,2104.375732421875
343,686,115,235520,0.14637413620948792,-0.001452023896854371,23.60051155090332,0.0001,0.008085325,0.8248933553695679,55.13299980163574,0.05,9.047282886505126,570,0.2,1000.0,2104.375732421875
345,687,116,237568,0.1463695466518402,-0.009403218142688274,22.653873443603516,0.0001,0.014118966,0.8071087598800659,46.22671394348144,0.0845703125,9.049148893356323,575,0.2,1000.0,2104.375732421875
348,687,117,239616,0.1463324874639511,-0.013268536340910941,14.403390884399414,0.0001,0.017337099,0.8679022789001465,29.194968891143798,0.1001953125,9.050922298431397,580,0.2,1000.0,2104.375732421875
352,686,118,241664,0.1462736278772354,-0.014918562187813223,11.910477638244629,0.0001,0.018221105,0.8955445289611816,23.846150398254395,0.10341796875,9.056649255752564,585,0.2,1000.0,2119.943359375
354,686,119,243712,0.14621292054653168,-0.011229525972157716,21.029767990112305,0.0001,0.012960708,0.9336047172546387,40.1765531539917,0.075,9.06462802886963,590,0.2,1000.0,2119.943359375
357,687,120,245760,0.1461331993341446,-0.006382291880436241,11.243475914001465,0.0001,0.0066015087,0.9738951921463013,23.878984451293945,0.02275390625,9.072085046768189,595,0.2,1000.0,2119.943359375
360,688,121,247808,0.14604654908180237,-0.0060127133969217535,10.611028671264648,0.0001,0.011275975,0.9701776504516602,24.095445346832275,0.043359375,9.083695125579833,600,0.2,1000.0,2119.943359375
364,686,122,249856,0.14602252840995789,-0.007444776070769876,14.084065437316895,0.0001,0.009171998,0.9639668464660645,27.527073001861574,0.03671875,9.091113567352295,605,0.2,1000.0,2147.53955078125
366,686,123,251904,0.14601847529411316,-0.006307963002473116,20.73980140686035,0.0001,0.009337125,0.9271774888038635,40.749619483947754,0.03818359375,9.092330503463746,610,0.2,1000.0,2147.53955078125
369,687,124,253952,0.14600268006324768,-0.0046038027037866415,18.8311824798584,0.0001,0.004209364,0.9336923956871033,42.23705711364746,0.0083984375,9.09309787750244,615,0.2,1000.0,2147.53955078125
373,685,125,256000,0.14597168564796448,-0.016357311932370066,13.711709022521973,0.0001,0.018830823,0.9492262005805969,27.961671543121337,0.10625,9.096283864974975,620,0.2,1000.0,2149.31201171875
375,686,126,258048,0.14594605565071106,-0.013222037465311587,19.685880661010742,0.0001,0.015230766,0.923844575881958,42.08083839416504,0.081640625,9.09984130859375,625,0.2,1000.0,2149.31201171875
378,686,127,260096,0.14591196179389954,-0.013188973715296015,17.51618766784668,0.0001,0.017059658,0.9414007663726807,35.20768871307373,0.1037109375,9.103401041030883,630,0.2,1000.0,2149.31201171875
381,687,128,262144,0.14585080742835999,-0.012690026347991079,9.97766399383545,0.0001,0.016721493,0.9666785001754761,22.63402166366577,0.10390625,9.109010124206543,635,0.2,1000.0,2149.31201171875
385,686,129,264192,0.1457805186510086,-0.006749075022526085,9.588476181030273,0.0001,0.008616807,0.9720993041992188,20.852303218841552,0.0326171875,9.117107248306274,640,0.2,1000.0,2146.15771484375
387,686,130,266240,0.14572495222091675,-0.008944567246362566,9.646856307983398,0.0001,0.011045231,0.9644924402236938,22.18168363571167,0.05029296875,9.12534303665161,645,0.2,1000.0,2146.15771484375
390,687,131,268288,0.14569342136383057,-0.008345703687518835,18.04192352294922,0.0001,0.006906013,0.9464266300201416,38.07240896224975,0.0228515625,9.131035327911377,650,0.2,1000.0,2146.15771484375
393,687,132,270336,0.1456759124994278,-0.005794695229269564,10.803929328918457,0.0001,0.0062737903,0.9701407551765442,22.150623512268066,0.0177734375,9.13375473022461,655,0.2,1000.0,2146.15771484375
397,684,133,272384,0.14564020931720734,-0.006855012546293437,14.161942481994629,0.0001,0.0073229303,0.9610267281532288,30.118245315551757,0.0255859375,9.136722850799561,660,0.2,1000.0,2134.3623046875
400,685,134,274432,0.14560291171073914,-0.004819913976825773,13.120612144470215,0.0001,0.005264776,0.966576099395752,28.3892840385437,0.0154296875,9.141902494430543,665,0.2,1000.0,2134.3623046875
403,685,135,276480,0.14558586478233337,-0.010309557116124779,17.027751922607422,0.0001,0.0073589403,0.9595716595649719,36.7631441116333,0.0267578125,9.145260953903199,670,0.2,1000.0,2134.3623046875
405,686,136,278528,0.1455570012331009,-0.010002396965865046,16.039960861206055,0.0001,0.008161349,0.9633864164352417,32.919007015228274,0.0322265625,9.147704601287842,675,0.2,1000.0,2134.3623046875
409,685,137,280576,0.14552995562553406,-0.009312523948028683,15.690324783325195,0.0001,0.007044888,0.962931215763092,35.81466903686523,0.02314453125,9.151522159576416,680,0.2,1000.0,2135.951171875
411,686,138,282624,0.14554068446159363,-0.010520762391388416,23.97213363647461,0.0001,0.009235867,0.9482622146606445,47.893358612060545,0.04169921875,9.152886629104614,685,0.2,1000.0,2135.951171875
414,686,139,284672,0.14553457498550415,-0.005915098101831972,13.731017112731934,0.0001,0.0047486457,0.9686709642410278,31.102335453033447,0.01064453125,9.151855993270875,690,0.2,1000.0,2135.951171875
417,687,140,286720,0.14551886916160583,-0.002600074955262244,12.554397583007812,0.0001,0.0030031723,0.9659877419471741,29.339038372039795,0.0056640625,9.15360598564148,695,0.2,1000.0,2135.951171875
421,685,141,288768,0.14551347494125366,-0.0089148051221855,10.632798194885254,0.0001,0.009071371,0.9631911516189575,23.933540439605714,0.0388671875,9.15506978034973,700,0.2,1000.0,2162.541748046875
423,686,142,290816,0.14549469947814941,-0.008312756079249084,16.666061401367188,0.0001,0.01023233,0.9394641518592834,30.398678302764893,0.04091796875,9.156142950057983,705,0.2,1000.0,2162.541748046875
426,686,143,292864,0.14546172320842743,-0.01008237018249929,11.56531810760498,0.0001,0.011120031,0.87929368019104,22.797821140289308,0.05390625,9.159295845031739,710,0.2,1000.0,2162.541748046875
429,687,144,294912,0.14539997279644012,-0.009517001686617732,8.912104606628418,0.0001,0.015613005,0.8976285457611084,18.337518215179443,0.086328125,9.164943218231201,715,0.2,1000.0,2162.541748046875
432,686,145,296960,0.1453259289264679,-0.008536364207975567,13.162552833557129,0.0001,0.010054561,0.8655878305435181,27.187057495117188,0.0421875,9.173460388183594,720,0.2,1000.0,2183.352783203125
435,686,146,299008,0.14528055489063263,-0.015360240801237523,60.32414627075195,0.0001,0.016831396,0.6020756363868713,118.59981651306153,0.10302734375,9.181813097000122,725,0.2,1000.0,2183.352783203125
438,687,147,301056,0.14528211951255798,-0.010577763500623404,83.32284545898438,0.0001,0.010595541,0.5833954811096191,180.83181533813476,0.04873046875,9.184557914733887,730,0.2,1000.0,2183.352783203125
440,687,148,303104,0.14528067409992218,-0.010612631193362176,114.7789077758789,0.0001,0.009493128,0.5331490635871887,212.7201072692871,0.0396484375,9.183971691131593,735,0.2,1000.0,2183.352783203125
444,686,149,305152,0.14523553848266602,-0.013429382257163525,73.74855041503906,0.0001,0.012415294,0.5871962308883667,151.43871536254883,0.06328125,9.186405420303345,740,0.2,1000.0,2168.2919921875
447,686,150,307200,0.14516443014144897,-0.014870795945171267,43.028350830078125,0.0001,0.017218437,0.7929893732070923,94.9560333251953,0.09990234375,9.194146585464477,745,0.2,1000.0,2168.2919921875
450,686,151,309248,0.14512206614017487,-0.007740225899033249,12.57875919342041,0.0001,0.009171237,0.9617995023727417,26.56106824874878,0.03486328125,9.201306104660034,750,0.2,1000.0,2168.2919921875
453,686,152,311296,0.14506380259990692,-0.008012727764435113,17.02090072631836,0.0001,0.009099051,0.9494335055351257,35.65790481567383,0.03681640625,9.206496143341065,755,0.2,1000.0,2168.2919921875
457,685,153,313344,0.1450141817331314,-0.009177089080912993,12.226637840270996,0.0001,0.009966415,0.9530504941940308,24.537487506866455,0.045703125,9.214643192291259,760,0.2,1000.0,2200.34814453125
460,684,154,315392,0.14496566355228424,-0.012767898826859891,20.137584686279297,0.0001,0.015528744,0.8582471609115601,43.447045135498044,0.082421875,9.220435953140258,765,0.2,1000.0,2200.34814453125
463,684,155,317440,0.1449647843837738,-0.010023599525447935,15.438809394836426,0.0001,0.017600935,0.8696983456611633,30.893313026428224,0.0943359375,9.224180746078492,770,0.2,1000.0,2200.34814453125
466,684,156,319488,0.1449367105960846,-0.00902835321612656,8.867932319641113,0.0001,0.008466347,0.9198569059371948,18.696833896636964,0.03134765625,9.224391460418701,775,0.2,1000.0,2200.34814453125
470,682,157,321536,0.14486835896968842,-0.014278268115594983,12.32251262664795,0.0001,0.0191288,0.9003655910491943,23.647155570983887,0.14189453125,9.231497240066528,780,0.2,1000.0,2229.871826171875
474,682,158,323584,0.14483973383903503,-0.005732710449956357,16.16893768310547,0.0001,0.006304235,0.9429945945739746,36.454351615905765,0.0220703125,9.237377691268922,785,0.2,1000.0,2229.871826171875
477,682,159,325632,0.14483746886253357,-0.008474699850194157,12.052626609802246,0.0001,0.008946326,0.9666247367858887,25.542598724365234,0.0412109375,9.239646339416504,790,0.2,1000.0,2229.871826171875
480,681,160,327680,0.14482009410858154,-0.009767391066998244,15.224480628967285,0.0001,0.00913964,0.9633731842041016,31.102079105377197,0.03486328125,9.240126371383667,795,0.2,1000.0,2229.871826171875
485,679,161,329728,0.14480821788311005,-0.011788419331423938,11.57691478729248,0.0001,0.013444972,0.9698744416236877,24.491540145874023,0.078125,9.24235520362854,800,0.2,1000.0,2216.68603515625
488,679,162,331776,0.1447630375623703,-0.012189367040991782,22.495075225830078,0.0001,0.012894366,0.8720938563346863,47.54546928405762,0.065625,9.245067358016968,805,0.2,1000.0,2216.68603515625
492,678,163,333824,0.14474505186080933,-0.015574150625616312,11.299088478088379,0.0001,0.018546268,0.9042951464653015,22.59604835510254,0.11181640625,9.250378227233886,810,0.2,1000.0,2216.68603515625
495,677,164,335872,0.14473694562911987,-0.00778462381567806,18.340984344482422,0.0001,0.010472206,0.857274055480957,37.4445894241333,0.0458984375,9.251641225814819,815,0.2,1000.0,2216.68603515625
499,676,165,337920,0.14474298059940338,-0.011686859437031672,10.473213195800781,0.0001,0.016878266,0.9110604524612427,22.547202587127686,0.094921875,9.251874971389771,820,0.2,1000.0,2225.70166015625
503,675,166,339968,0.144738107919693,-0.004170980828348547,61.17766189575195,0.0001,0.0042292257,0.8334250450134277,124.69168891906739,0.0107421875,9.251473522186279,825,0.2,1000.0,2225.70166015625
506,675,167,342016,0.1447288990020752,-0.005991831363644451,40.313560485839844,0.0001,0.003746011,0.8725171089172363,89.80118331909179,0.00546875,9.25259771347046,830,0.2,1000.0,2225.70166015625
510,673,168,344064,0.14472121000289917,-0.007639887451659888,46.39091491699219,0.0001,0.006440245,0.8475188612937927,104.06588821411133,0.01875,9.25364418029785,835,0.2,1000.0,2214.77490234375
514,672,169,346112,0.14469213783740997,-0.0072089127032086255,45.297271728515625,0.0001,0.006478937,0.8612637519836426,94.37494506835938,0.02138671875,9.255391359329224,840,0.2,1000.0,2214.77490234375
517,672,170,348160,0.1446595937013626,-0.005378144001588226,13.7864408493042,0.0001,0.007070246,0.9324113130569458,32.09583988189697,0.0212890625,9.259666299819946,845,0.2,1000.0,2214.77490234375
521,672,171,350208,0.14464378356933594,-0.0038727163220755754,9.038461685180664,0.0001,0.0042109014,0.9589701890945435,24.03431901931763,0.00791015625,9.262812232971191,850,0.2,1000.0,2214.77490234375
525,669,172,352256,0.14461512863636017,-0.0075719235464930534,8.88640308380127,0.0001,0.009450726,0.9553143382072449,18.353704929351807,0.04462890625,9.264924621582031,855,0.2,1000.0,2226.086181640625
529,669,173,354304,0.14454230666160583,-0.010650854441337287,16.256393432617188,0.0001,0.014401929,0.9037569761276245,35.396956253051755,0.0697265625,9.270770168304443,860,0.2,1000.0,2226.086181640625
532,668,174,356352,0.14449769258499146,-0.013912839442491531,17.079700469970703,0.0001,0.022668105,0.9315136075019836,34.3282413482666,0.17080078125,9.28007607460022,865,0.2,1000.0,2226.086181640625
535,668,175,358400,0.14446789026260376,-0.014077703142538667,9.90230655670166,0.0001,0.019645885,0.9568198919296265,21.16392297744751,0.13486328125,9.283572006225587,870,0.2,1000.0,2226.086181640625
540,666,176,360448,0.1444482058286667,-0.011925011361017823,12.95392894744873,0.0001,0.017775645,0.9506571292877197,25.115186595916747,0.1064453125,9.286656379699707,875,0.2,1000.0,2233.701904296875
543,666,177,362496,0.1444319635629654,-0.00451182087417692,25.85861587524414,0.0001,0.005966325,0.8965206146240234,51.86147804260254,0.02333984375,9.289348697662353,880,0.2,1000.0,2233.701904296875
546,666,178,364544,0.1444348245859146,-0.006450527929700911,53.20625305175781,0.0001,0.004330598,0.45337218046188354,94.59768257141113,0.00908203125,9.290366506576538,885,0.2,1000.0,2233.701904296875
550,665,179,366592,0.14442694187164307,-0.007832762668840587,37.25277328491211,0.0001,0.0072638905,0.5788952708244324,76.53606834411622,0.02802734375,9.29020380973816,890,0.2,1000.0,2233.701904296875
554,664,180,368640,0.14440642297267914,-0.010503790178336202,33.81990432739258,0.0001,0.008382998,0.5372676849365234,66.45434455871582,0.03623046875,9.292061281204223,895,0.2,1000.0,2229.156005859375
557,664,181,370688,0.14438854157924652,-0.008629991346970201,28.201053619384766,0.0001,0.0088998005,0.755457878112793,58.78105697631836,0.03916015625,9.294652605056763,900,0.2,1000.0,2229.156005859375
560,665,182,372736,0.1443478763103485,-0.0158349787350744,12.056904792785645,0.0001,0.017231189,0.9475312829017639,24.98199872970581,0.115234375,9.297746181488037,905,0.2,1000.0,2229.156005859375
563,665,183,374784,0.14428874850273132,-0.013700920174596832,10.871190071105957,0.0001,0.017180715,0.9562380909919739,22.51042470932007,0.13955078125,9.304134559631347,910,0.2,1000.0,2229.156005859375
566,664,184,376832,0.14424143731594086,-0.014112062845379114,13.501420974731445,0.0001,0.014441004,0.9470402002334595,28.56930227279663,0.10166015625,9.311061811447143,915,0.2,1000.0,2225.843994140625
569,664,185,378880,0.14422164857387543,-0.005917430040426552,28.0768985748291,0.0001,0.0059881317,0.8983036279678345,66.03006076812744,0.01865234375,9.315640211105347,920,0.2,1000.0,2225.843994140625
572,664,186,380928,0.14420169591903687,-0.004432135279057547,60.73750305175781,0.0001,0.00443585,0.8454047441482544,140.18203468322753,0.0109375,9.31748595237732,925,0.2,1000.0,2225.843994140625
575,665,187,382976,0.14418727159500122,-0.007387466100044549,48.236473083496094,0.0001,0.0056995424,0.8868237733840942,97.81055068969727,0.01376953125,9.320030212402344,930,0.2,1000.0,2225.843994140625
580,663,188,385024,0.14417293667793274,-0.006480409170035273,57.4674072265625,0.0001,0.005581895,0.8939521908760071,100.41036338806153,0.01767578125,9.321557569503785,935,0.2,1000.0,2227.28759765625
583,663,189,387072,0.14414629340171814,-0.008070364245213568,34.95441818237305,0.0001,0.00828076,0.88282310962677,77.23062858581542,0.0361328125,9.324123859405518,940,0.2,1000.0,2227.28759765625
585,664,190,389120,0.14410564303398132,-0.004858861246611923,10.625524520874023,0.0001,0.004230801,0.9219383001327515,22.934294128417967,0.00771484375,9.327795553207398,945,0.2,1000.0,2227.28759765625
588,664,191,391168,0.14407169818878174,-0.004196593654341996,11.297015190124512,0.0001,0.005122542,0.8923743367195129,27.079973793029787,0.0154296875,9.333472442626952,950,0.2,1000.0,2227.28759765625
592,663,192,393216,0.144044429063797,-0.0030025517800822852,9.474223136901855,0.0001,0.00623452,0.9216477274894714,19.634635353088377,0.02109375,9.336655569076537,955,0.2,1000.0,2213.313232421875
595,663,193,395264,0.14402201771736145,-0.007053963164798916,37.04832458496094,0.0001,0.0073317466,0.8160872459411621,85.93336029052735,0.029296875,9.340241146087646,960,0.2,1000.0,2213.313232421875
598,663,194,397312,0.14401714503765106,-0.005006147758103907,77.32952880859375,0.0001,0.0034771904,0.7625120878219604,167.67989349365234,0.00703125,9.342040872573852,965,0.2,1000.0,2213.313232421875
601,664,195,399360,0.14400644600391388,-0.0035110389813780784,55.48023986816406,0.0001,0.0023959111,0.8206042647361755,109.4982723236084,0.0017578125,9.34264817237854,970,0.2,1000.0,2213.313232421875
605,663,196,401408,0.1439947783946991,-0.004600526648573577,55.054832458496094,0.0001,0.003968329,0.8350112438201904,111.45212211608887,0.0083984375,9.344324970245362,975,0.2,1000.0,2217.271484375
608,663,197,403456,0.14398270845413208,-0.010288565466180444,30.026750564575195,0.0001,0.0073756217,0.8671432733535767,66.04574050903321,0.0279296875,9.345776224136353,980,0.2,1000.0,2217.271484375
610,663,198,405504,0.14396172761917114,-0.011051153345033527,20.062171936035156,0.0001,0.008222761,0.913186252117157,41.123646926879886,0.03193359375,9.347434616088867,985,0.2,1000.0,2217.271484375
613,664,199,407552,0.14388495683670044,-0.011058380641043187,13.792705535888672,0.0001,0.012370171,0.9267345070838928,30.812255573272704,0.07001953125,9.35315113067627,990,0.2,1000.0,2217.271484375
617,663,200,409600,0.14384569227695465,-0.008525262237526476,14.14291000366211,0.0001,0.008258292,0.9368216395378113,27.096660614013672,0.03408203125,9.361840343475341,995,0.2,1000.0,2202.490234375
620,663,201,411648,0.14382904767990112,-0.01012708730995655,27.074098587036133,0.0001,0.009393804,0.9096548557281494,56.592444038391115,0.0423828125,9.36476182937622,1000,0.2,1000.0,2202.490234375
622,664,202,413696,0.14379189908504486,-0.011749974079430103,22.004962921142578,0.0001,0.011933618,0.9338873028755188,44.13077239990234,0.0568359375,9.367397356033326,1005,0.2,1000.0,2202.490234375
625,664,203,415744,0.1437544971704483,-0.010487498110160231,24.682437896728516,0.0001,0.009998882,0.9294942617416382,51.93800811767578,0.04541015625,9.372795867919923,1010,0.2,1000.0,2202.490234375
629,663,204,417792,0.1437406986951828,-0.009965378849301487,18.899202346801758,0.0001,0.0100448895,0.9477283358573914,37.70659198760986,0.042578125,9.376361989974976,1015,0.2,1000.0,2199.1552734375
632,663,205,419840,0.14372621476650238,-0.012104005692526698,19.103899002075195,0.0001,0.013376532,0.9524867534637451,40.050124168395996,0.07080078125,9.377622127532959,1020,0.2,1000.0,2199.1552734375
635,664,206,421888,0.14371365308761597,-0.008780710794962943,18.690258026123047,0.0001,0.009568861,0.9610762596130371,36.8805549621582,0.0443359375,9.379615545272827,1025,0.2,1000.0,2199.1552734375
638,664,207,423936,0.14367906749248505,-0.010807267017662525,16.778480529785156,0.0001,0.014045756,0.9619323015213013,34.494803524017335,0.0791015625,9.38227982521057,1030,0.2,1000.0,2199.1552734375
642,662,208,425984,0.1436121165752411,-0.011205708840861917,13.002184867858887,0.0001,0.012991777,0.9674731492996216,27.568157196044922,0.0677734375,9.388177061080933,1035,0.2,1000.0,2199.865966796875
645,663,209,428032,0.14357423782348633,-0.00619026978383772,45.01092529296875,0.0001,0.007482471,0.8671565651893616,100.08096542358399,0.03837890625,9.396159982681274,1040,0.2,1000.0,2199.865966796875
648,663,210,430080,0.1435655951499939,-0.001997202541679144,48.43605041503906,0.0001,0.0020939354,0.8757680654525757,104.40234298706055,0.00126953125,9.398568153381348,1045,0.2,1000.0,2199.865966796875
652,662,211,432128,0.14356128871440887,-0.008083981921663508,36.65180587768555,0.0001,0.0064637577,0.9042040109634399,78.94474830627442,0.02314453125,9.399452781677246,1050,0.2,1000.0,2181.753173828125
655,662,212,434176,0.1435503512620926,-0.00473074873443693,31.48027801513672,0.0001,0.0038663128,0.9177418351173401,75.73330059051514,0.005859375,9.400107622146606,1055,0.2,1000.0,2181.753173828125
658,662,213,436224,0.14353176951408386,-0.0025415111042093484,21.645200729370117,0.0001,0.0019630555,0.9333001971244812,47.13891162872314,0.0009765625,9.402180767059326,1060,0.2,1000.0,2181.753173828125
661,662,214,438272,0.14352038502693176,-0.0032086743856780233,16.107927322387695,0.0001,0.0017260622,0.9465015530586243,36.192789268493655,0.00087890625,9.404175519943237,1065,0.2,1000.0,2181.753173828125
665,661,215,440320,0.14350198209285736,-0.006193026050459594,16.517126083374023,0.0001,0.0044567925,0.9482828974723816,32.93458251953125,0.00966796875,9.405579376220704,1070,0.2,1000.0,2176.11279296875
668,661,216,442368,0.1434909701347351,-0.0037229169625788926,14.543383598327637,0.0001,0.0032487998,0.943044126033783,35.56943321228027,0.00361328125,9.408019638061523,1075,0.2,1000.0,2176.11279296875
671,662,217,444416,0.14348028600215912,-0.0031718251178972424,14.629066467285156,0.0001,0.0025484336,0.9700934290885925,33.81429758071899,0.0025390625,9.40887999534607,1080,0.2,1000.0,2176.11279296875
673,662,218,446464,0.14346377551555634,-0.003280209004878998,15.928352355957031,0.0001,0.004927951,0.9707509279251099,32.722982501983644,0.01279296875,9.410699462890625,1085,0.2,1000.0,2176.11279296875
677,661,219,448512,0.14343813061714172,-0.0032813473138958217,9.900800704956055,0.0001,0.0043416033,0.9771336913108826,24.017880630493163,0.0103515625,9.412953758239746,1090,0.2,1000.0,2175.745849609375
680,662,220,450560,0.14342276751995087,-0.01364740978460759,24.674816131591797,0.0001,0.014819017,0.933110773563385,43.7202709197998,0.09521484375,9.416376113891602,1095,0.2,1000.0,2175.745849609375
683,662,221,452608,0.14339977502822876,-0.0116910862037912,13.34695816040039,0.0001,0.017746482,0.9581670165061951,27.20490427017212,0.08671875,9.417654514312744,1100,0.2,1000.0,2175.745849609375
685,662,222,454656,0.14336758852005005,-0.010137041518464684,19.361812591552734,0.0001,0.011493997,0.9321187734603882,36.861009216308595,0.0509765625,9.421908092498779,1105,0.2,1000.0,2175.745849609375
689,661,223,456704,0.14330488443374634,-0.012922971765510738,13.962675094604492,0.0001,0.018746592,0.9448947906494141,27.43734188079834,0.1064453125,9.427516269683839,1110,0.2,1000.0,2171.904052734375
692,662,224,458752,0.14326739311218262,-0.00836160742910579,17.435474395751953,0.0001,0.010189459,0.906255304813385,36.16938400268555,0.04921875,9.434733486175537,1115,0.2,1000.0,2171.904052734375
695,662,225,460800,0.14325149357318878,-0.004216948611428961,22.04368019104004,0.0001,0.0058969986,0.8296588063240051,45.84037437438965,0.0205078125,9.437428331375122,1120,0.2,1000.0,2171.904052734375
698,663,226,462848,0.14323866367340088,-0.007434156839735806,16.792078018188477,0.0001,0.0076615764,0.8615503311157227,35.11937198638916,0.0296875,9.439630556106568,1125,0.2,1000.0,2171.904052734375
701,662,227,464896,0.14320503175258636,-0.008777989161899313,14.371994972229004,0.0001,0.010391566,0.8808492422103882,29.842347431182862,0.048046875,9.441727495193481,1130,0.2,1000.0,2184.884765625
704,662,228,466944,0.14310386776924133,-0.012666850863024593,17.459674835205078,0.0001,0.01529186,0.9391297101974487,36.46238403320312,0.0869140625,9.450038957595826,1135,0.2,1000.0,2184.884765625
707,663,229,468992,0.14303237199783325,-0.01400324241258204,7.256729602813721,0.0001,0.016511552,0.9765098690986633,13.928132009506225,0.10556640625,9.462029552459716,1140,0.2,1000.0,2184.884765625
710,663,230,471040,0.1429821252822876,-0.010541761410422623,10.338143348693848,0.0001,0.0139215775,0.9615525603294373,22.432520198822022,0.086328125,9.469677543640136,1145,0.2,1000.0,2184.884765625
713,662,231,473088,0.14290761947631836,-0.011985703988466411,11.003748893737793,0.0001,0.01459191,0.9598172307014465,24.31773443222046,0.09794921875,9.476991987228393,1150,0.2,1000.0,2182.475830078125
716,663,232,475136,0.14286798238754272,-0.008232445921748877,48.43578338623047,0.0001,0.007768756,0.8606757521629333,82.6038745880127,0.02802734375,9.484983253479005,1155,0.2,1000.0,2182.475830078125
719,663,233,477184,0.14286395907402039,-0.006265208357945085,21.294042587280273,0.0001,0.008585296,0.9088809490203857,49.667244338989256,0.033203125,9.48771653175354,1160,0.2,1000.0,2182.475830078125
722,663,234,479232,0.14285509288311005,-0.00784552926197648,31.263761520385742,0.0001,0.009145485,0.8734339475631714,58.723344039916995,0.03369140625,9.48774995803833,1165,0.2,1000.0,2182.475830078125
727,661,235,481280,0.1428244709968567,-0.0042078941594809295,30.982316970825195,0.0001,0.00585578,0.8641470074653625,59.62009754180908,0.01826171875,9.490445280075074,1170,0.2,1000.0,2204.802490234375
729,662,236,483328,0.14279145002365112,-0.01045802659355104,16.957120895385742,0.0001,0.011050815,0.9428827166557312,33.153376770019534,0.052734375,9.494574880599975,1175,0.2,1000.0,2204.802490234375
732,662,237,485376,0.14278899133205414,-0.00972966777626425,10.469014167785645,0.0001,0.011986089,0.964691162109375,22.137693309783934,0.064453125,9.497666263580323,1180,0.2,1000.0,2204.802490234375
735,662,238,487424,0.14277872443199158,-0.006634259561542422,12.73766040802002,0.0001,0.008041998,0.9585339426994324,28.972277545928954,0.03037109375,9.497146320343017,1185,0.2,1000.0,2204.802490234375
739,661,239,489472,0.14278466999530792,-0.007231017155572772,11.66852855682373,0.0001,0.009337609,0.9642119407653809,26.32537622451782,0.03505859375,9.498861980438232,1190,0.2,1000.0,2186.2529296875
742,662,240,491520,0.14279106259346008,-0.010833602491766214,17.42142677307129,0.0001,0.011039949,0.9364412426948547,37.21072578430176,0.056640625,9.497128915786742,1195,0.2,1000.0,2186.2529296875
744,662,241,493568,0.14277034997940063,-0.006561463989783078,10.166449546813965,0.0001,0.007705808,0.9611387848854065,19.895752048492433,0.0271484375,9.497475528717041,1200,0.2,1000.0,2186.2529296875
747,662,242,495616,0.14273080229759216,-0.009848152974154801,20.57637596130371,0.0001,0.011199684,0.9226157069206238,41.052508163452146,0.055859375,9.502259731292725,1205,0.2,1000.0,2186.2529296875
751,662,243,497664,0.14271681010723114,-0.012994391727261245,21.00019073486328,0.0001,0.01868836,0.9209074974060059,40.96573600769043,0.11328125,9.505622625350952,1210,0.2,1000.0,2171.145263671875
754,662,244,499712,0.14272387325763702,-0.013802134874276816,17.794475555419922,0.0001,0.017985182,0.9284809827804565,31.56460828781128,0.1275390625,9.505890130996704,1215,0.2,1000.0,2171.145263671875
757,662,245,501760,0.14270338416099548,-0.01111372587038204,10.98011589050293,0.0001,0.013429821,0.9469954967498779,21.710045051574706,0.06298828125,9.505889320373536,1220,0.2,1000.0,2171.145263671875
759,663,246,503808,0.14262224733829498,-0.012238341697957367,16.193439483642578,0.0001,0.015974134,0.9027869701385498,32.94994649887085,0.08896484375,9.512148427963258,1225,0.2,1000.0,2171.145263671875
763,662,247,505856,0.14254815876483917,-0.01328698438592255,12.114767074584961,0.0001,0.020319715,0.9374682307243347,24.897411632537843,0.1263671875,9.523598337173462,1230,0.2,1000.0,2212.123046875
766,662,248,507904,0.14250706136226654,-0.0044315693667158484,18.020891189575195,0.0001,0.009463738,0.9411311745643616,34.02608795166016,0.05087890625,9.530578804016113,1235,0.2,1000.0,2212.123046875
768,663,249,509952,0.14248812198638916,-0.007313906541094184,13.618780136108398,0.0001,0.008089968,0.9527729749679565,31.486792850494385,0.03212890625,9.53474669456482,1240,0.2,1000.0,2212.123046875
772,662,250,512000,0.14245721697807312,-0.010801135445944965,14.922342300415039,0.0001,0.013560783,0.954412579536438,31.4786226272583,0.0673828125,9.536920881271362,1245,0.2,1000.0,2213.0390625
775,662,251,514048,0.14244815707206726,-0.008636176949949004,15.347651481628418,0.0001,0.010148474,0.9549871683120728,31.99709196090698,0.04677734375,9.5407320022583,1250,0.2,1000.0,2213.0390625
778,663,252,516096,0.14244872331619263,-0.001997396576916799,40.36737060546875,0.0001,0.0035049934,0.9004053473472595,82.91704521179199,0.00615234375,9.54059362411499,1255,0.2,1000.0,2213.0390625
781,663,253,518144,0.14244645833969116,-0.004422250029165298,37.90380096435547,0.0001,0.003379505,0.9177888631820679,78.83504905700684,0.00458984375,9.541024160385131,1260,0.2,1000.0,2213.0390625
785,662,254,520192,0.1424381583929062,-0.0035821575555019082,29.54426383972168,0.0001,0.0036796327,0.9357737302780151,59.385866737365724,0.005078125,9.541405057907104,1265,0.2,1000.0,2210.4091796875
788,662,255,522240,0.1424354612827301,-0.00932363560423255,38.60068130493164,0.0001,0.00783452,0.9212209582328796,78.82002220153808,0.032421875,9.542437934875489,1270,0.2,1000.0,2210.4091796875
791,662,256,524288,0.14239805936813354,-0.013421157910488545,11.077239990234375,0.0001,0.018943565,0.9682923555374146,20.72861204147339,0.1208984375,9.544342613220214,1275,0.2,1000.0,2210.4091796875
793,662,257,526336,0.14233215153217316,-0.010165553074330091,10.09322738647461,0.0001,0.01796071,0.9677224159240723,19.926681423187254,0.125,9.551171398162841,1280,0.2,1000.0,2210.4091796875
798,661,258,528384,0.14226633310317993,-0.0152939239051193,8.659441947937012,0.0001,0.020171592,0.9716938734054565,17.353367710113524,0.13408203125,9.559713888168336,1285,0.2,1000.0,2200.26123046875
800,662,259,530432,0.14222969114780426,-0.00996221809182316,14.305941581726074,0.0001,0.01185192,0.936455488204956,38.618185424804686,0.06904296875,9.56700415611267,1290,0.2,1000.0,2200.26123046875
803,662,260,532480,0.14217326045036316,-0.009750295104458928,9.501550674438477,0.0001,0.011661363,0.9313746094703674,20.174168491363524,0.0591796875,9.571589946746826,1295,0.2,1000.0,2200.26123046875
806,662,261,534528,0.1421217918395996,-0.013841994188260287,9.194869041442871,0.0001,0.02137864,0.9317504167556763,19.757156467437746,0.1486328125,9.580057144165039,1300,0.2,1000.0,2200.26123046875
810,662,262,536576,0.14207547903060913,-0.01700968383811414,15.637691497802734,0.0001,0.019134765,0.8709518313407898,31.68621959686279,0.1087890625,9.585442352294923,1305,0.2,1000.0,2231.784912109375
813,662,263,538624,0.14204303920269012,-0.007702364027500153,14.18620491027832,0.0001,0.007635158,0.9272394776344299,29.461727142333984,0.025390625,9.590700054168702,1310,0.2,1000.0,2231.784912109375
815,662,264,540672,0.14202482998371124,-0.004332171636633575,11.069506645202637,0.0001,0.00512542,0.975749671459198,25.330730152130126,0.01630859375,9.593937873840332,1315,0.2,1000.0,2231.784912109375
818,663,265,542720,0.141989603638649,-0.004652697464916855,10.021390914916992,0.0001,0.0048888377,0.9715332388877869,21.269344520568847,0.0115234375,9.596509313583374,1320,0.2,1000.0,2231.784912109375
822,662,266,544768,0.1419483870267868,-0.0032894238247536123,9.49703311920166,0.0001,0.0037737833,0.9830973744392395,22.55423355102539,0.0076171875,9.602040243148803,1325,0.2,1000.0,2247.383544921875
825,662,267,546816,0.1418970227241516,-0.014654019428417087,24.24555778503418,0.0001,0.013938449,0.9082086086273193,44.58204307556152,0.07490234375,9.607939910888671,1330,0.2,1000.0,2247.383544921875
827,662,268,548864,0.1418437361717224,-0.013002917869016528,8.575523376464844,0.0001,0.017391674,0.9464402198791504,18.19647455215454,0.104296875,9.614249849319458,1335,0.2,1000.0,2247.383544921875
830,663,269,550912,0.14181235432624817,-0.006113009131513536,15.548735618591309,0.0001,0.010119095,0.9147075414657593,32.15931673049927,0.04892578125,9.620232725143433,1340,0.2,1000.0,2247.383544921875
834,662,270,552960,0.14179255068302155,-0.0046173399314284325,14.889615058898926,0.0001,0.007002612,0.9179324507713318,32.4535249710083,0.0267578125,9.623370027542114,1345,0.2,1000.0,2238.560546875
837,662,271,555008,0.1417558193206787,-0.007684722682461143,25.27519416809082,0.0001,0.0092509305,0.8977309465408325,57.81579856872558,0.0484375,9.626529359817505,1350,0.2,1000.0,2238.560546875
839,663,272,557056,0.1417272686958313,-0.004247277230024338,40.465980529785156,0.0001,0.0039523877,0.8926759958267212,96.89377555847167,0.0068359375,9.631690788269044,1355,0.2,1000.0,2238.560546875
842,663,273,559104,0.14172214269638062,-0.009278051916044205,31.71250343322754,0.0001,0.008044427,0.9328970313072205,60.2070255279541,0.03525390625,9.6337140083313,1360,0.2,1000.0,2238.560546875
846,662,274,561152,0.14175283908843994,-0.006293379282578826,34.70004653930664,0.0001,0.00518227,0.9258037805557251,68.37950897216797,0.01455078125,9.632653379440308,1365,0.2,1000.0,2229.5361328125
849,663,275,563200,0.1417662501335144,-0.010416516021359712,25.90483856201172,0.0001,0.01227286,0.9344822764396667,48.17839469909668,0.06611328125,9.628482866287232,1370,0.2,1000.0,2229.5361328125
851,663,276,565248,0.14174026250839233,-0.008029955788515508,13.857008934020996,0.0001,0.008864978,0.9547874927520752,30.306411266326904,0.0322265625,9.629816722869872,1375,0.2,1000.0,2229.5361328125
855,663,277,567296,0.1417122781276703,-0.009364660165738314,18.638032913208008,0.0001,0.014669222,0.9294348359107971,38.020511054992674,0.07880859375,9.633531284332275,1380,0.2,1000.0,2229.5361328125
858,662,278,569344,0.14169543981552124,-0.00635728762135841,8.890216827392578,0.0001,0.008522818,0.9688493013381958,21.836133003234863,0.03154296875,9.636434078216553,1385,0.2,1000.0,2238.88916015625
861,663,279,571392,0.14165814220905304,-0.010717911249957978,26.578088760375977,0.0001,0.013780726,0.90289306640625,49.6455192565918,0.08486328125,9.639429426193237,1390,0.2,1000.0,2238.88916015625
864,663,280,573440,0.14160169661045074,-0.010621409816667437,13.834081649780273,0.0001,0.012931179,0.9495352506637573,26.940598487854004,0.0662109375,9.645739459991455,1395,0.2,1000.0,2238.88916015625
866,663,281,575488,0.14149916172027588,-0.012813705636654049,8.454855918884277,0.0001,0.018539308,0.9619605541229248,18.575362968444825,0.11806640625,9.655276823043824,1400,0.2,1000.0,2238.88916015625
870,663,282,577536,0.14145517349243164,-0.013100332743488253,10.234644889831543,0.0001,0.014867453,0.9536639451980591,20.49428071975708,0.110546875,9.666450881958008,1405,0.2,1000.0,2247.67041015625
873,663,283,579584,0.14141260087490082,-0.010111963422968984,11.526066780090332,0.0001,0.014842156,0.9454453587532043,23.92468614578247,0.07919921875,9.670348834991454,1410,0.2,1000.0,2247.67041015625
876,663,284,581632,0.14135436713695526,-0.009410376567393542,12.664289474487305,0.0001,0.012567636,0.9436001181602478,25.868798828125,0.06025390625,9.677151584625244,1415,0.2,1000.0,2247.67041015625
879,663,285,583680,0.14128969609737396,-0.012833564775064588,6.807851314544678,0.0001,0.016938241,0.9639014005661011,14.678434038162232,0.1134765625,9.685436868667603,1420,0.2,1000.0,2247.67041015625
883,663,286,585728,0.14122122526168823,-0.013808033661916852,7.6016845703125,0.0001,0.018337991,0.9607967734336853,15.8601544380188,0.12265625,9.693503093719482,1425,0.2,1000.0,2267.927490234375
885,663,287,587776,0.14118313789367676,0.0015084303915500641,52.786136627197266,0.0001,0.0074501876,0.806585967540741,117.78949089050293,0.0529296875,9.701687908172607,1430,0.2,1000.0,2267.927490234375
888,663,288,589824,0.14116884768009186,-0.003372679522726685,58.16740036010742,0.0001,0.0030861548,0.8194456696510315,128.1547622680664,0.0029296875,9.704066514968872,1435,0.2,1000.0,2267.927490234375
891,663,289,591872,0.1411609947681427,-0.004036915046162904,56.15969467163086,0.0001,0.0033302582,0.829910933971405,122.94527702331543,0.00400390625,9.705845928192138,1440,0.2,1000.0,2267.927490234375
895,662,290,593920,0.14116623997688293,-0.004262841935269534,43.43020248413086,0.0001,0.003122137,0.8531484603881836,103.99482803344726,0.00439453125,9.706029319763184,1445,0.2,1000.0,2249.1748046875
898,663,291,595968,0.14117413759231567,-0.011632217676378787,9.904963493347168,0.0001,0.009384688,0.9652384519577026,22.947372150421142,0.0390625,9.705044746398926,1450,0.2,1000.0,2249.1748046875
901,663,292,598016,0.14115780591964722,-0.006855732144322247,9.689823150634766,0.0001,0.008567147,0.971426784992218,19.195792961120606,0.03486328125,9.704897260665893,1455,0.2,1000.0,2249.1748046875
905,662,293,600064,0.14112767577171326,-0.008340602461248636,11.443147659301758,0.0001,0.010360317,0.9626378417015076,23.55362148284912,0.05341796875,9.708381700515748,1460,0.2,1000.0,2211.020263671875
907,663,294,602112,0.14111442863941193,-0.012806538795121013,11.05085563659668,0.0001,0.016380679,0.9693257808685303,21.016357612609863,0.1107421875,9.711496686935424,1465,0.2,1000.0,2211.020263671875
910,663,295,604160,0.14111416041851044,-0.008669932000339031,34.16543960571289,0.0001,0.009653502,0.9293347001075745,68.42947044372559,0.04599609375,9.711999034881591,1470,0.2,1000.0,2211.020263671875
913,663,296,606208,0.14109700918197632,-0.007561561453621834,34.50560760498047,0.0001,0.0059627797,0.9210931062698364,74.95637702941895,0.01650390625,9.71291093826294,1475,0.2,1000.0,2211.020263671875
917,663,297,608256,0.14108531177043915,-0.011315108742564917,44.36460876464844,0.0001,0.011296199,0.9006249904632568,93.975341796875,0.06005859375,9.715344572067261,1480,0.2,1000.0,2201.984619140625
920,663,298,610304,0.1410745531320572,-0.009788899892009794,36.63796615600586,0.0001,0.010417795,0.9301508069038391,67.20830059051514,0.05263671875,9.716003847122192,1485,0.2,1000.0,2201.984619140625
923,663,299,612352,0.14105676114559174,-0.004874277208000421,11.4264497756958,0.0001,0.0047631892,0.9472547173500061,27.38825931549072,0.01171875,9.718359088897705,1490,0.2,1000.0,2201.984619140625
925,663,300,614400,0.14104191958904266,-0.004137291957158595,9.923968315124512,0.0001,0.0040125335,0.9524379968643188,21.890982627868652,0.007421875,9.72028226852417,1495,0.2,1000.0,2201.984619140625
929,663,301,616448,0.14102713763713837,-0.006375595438294112,9.68079662322998,0.0001,0.007653612,0.9579041004180908,20.907680988311768,0.02861328125,9.72228283882141,1500,0.2,1000.0,2213.4892578125
932,663,302,618496,0.14095792174339294,-0.011255887837614864,14.280611991882324,0.0001,0.014762735,0.9381356835365295,31.297955226898193,0.073828125,9.726369380950928,1505,0.2,1000.0,2213.4892578125
935,663,303,620544,0.14089637994766235,-0.009268780588172376,14.053637504577637,0.0001,0.0127399685,0.9556538462638855,30.01462459564209,0.0654296875,9.736322069168091,1510,0.2,1000.0,2213.4892578125
937,663,304,622592,0.14084859192371368,-0.006854186992859468,15.707321166992188,0.0001,0.008330074,0.9516458511352539,34.9251503944397,0.03701171875,9.742863035202026,1515,0.2,1000.0,2213.4892578125
941,663,305,624640,0.1408085823059082,-0.006302115984726697,16.123607635498047,0.0001,0.010037113,0.9541409015655518,32.811146068572995,0.043359375,9.748559045791627,1520,0.2,1000.0,2204.81396484375
944,663,306,626688,0.1407662034034729,-0.014975791377946735,20.814115524291992,0.0001,0.017896648,0.9480375051498413,38.581709480285646,0.1267578125,9.754044532775879,1525,0.2,1000.0,2204.81396484375
947,663,307,628736,0.1407279521226883,-0.009527393395546823,9.731083869934082,0.0001,0.010953741,0.9606427550315857,20.50251512527466,0.05419921875,9.758651304244996,1530,0.2,1000.0,2204.81396484375
949,664,308,630784,0.1407022774219513,-0.006440124241635203,8.067866325378418,0.0001,0.017583149,0.9660544991493225,17.36157579421997,0.09091796875,9.763817691802979,1535,0.2,1000.0,2204.81396484375
954,662,309,632832,0.14068610966205597,-0.015050539397634566,14.217252731323242,0.0001,0.024297291,0.9389285445213318,29.089416217803954,0.1578125,9.766264581680298,1540,0.2,1000.0,2222.754638671875
957,662,310,634880,0.1406627744436264,-0.009117865446023643,22.475643157958984,0.0001,0.017818071,0.8864484429359436,47.07443828582764,0.10634765625,9.768331718444824,1545,0.2,1000.0,2222.754638671875
960,663,311,636928,0.14064206182956696,-0.010904849972575903,10.94522762298584,0.0001,0.012304155,0.9240962862968445,21.804006004333495,0.062890625,9.77174677848816,1550,0.2,1000.0,2222.754638671875
963,663,312,638976,0.14062048494815826,-0.01582972372416407,8.979413032531738,0.0001,0.018069232,0.9277191758155823,22.056912422180176,0.135546875,9.774338102340698,1555,0.2,1000.0,2222.754638671875
966,663,313,641024,0.14056052267551422,-0.009409243683330714,10.035758972167969,0.0001,0.014363573,0.9394127130508423,21.218130683898927,0.0796875,9.778482341766358,1560,0.2,1000.0,2231.378173828125
969,663,314,643072,0.14049877226352692,-0.011057332064956427,16.003923416137695,0.0001,0.014435634,0.943291187286377,32.30113887786865,0.08984375,9.787894153594971,1565,0.2,1000.0,2231.378173828125
972,663,315,645120,0.1404290348291397,-0.011118332878686488,10.532602310180664,0.0001,0.0149478,0.9605594873428345,19.987916660308837,0.09267578125,9.795666027069093,1570,0.2,1000.0,2231.378173828125
975,663,316,647168,0.1403845101594925,-0.011501847859472036,8.37425708770752,0.0001,0.016254012,0.9659581780433655,16.440009832382202,0.10048828125,9.80362253189087,1575,0.2,1000.0,2231.378173828125
979,662,317,649216,0.14030924439430237,-0.015735774394124748,9.355469703674316,0.0001,0.018650033,0.9663698673248291,17.622522926330568,0.171484375,9.810381841659545,1580,0.2,1000.0,2222.5087890625
982,663,318,651264,0.14026445150375366,-0.0033647214528173207,32.137725830078125,0.0001,0.0042473758,0.8621747493743896,69.71958904266357,0.00869140625,9.819291114807129,1585,0.2,1000.0,2222.5087890625
985,663,319,653312,0.1402467042207718,-0.006297258962877095,36.85239028930664,0.0001,0.006136188,0.8374567031860352,76.38217544555664,0.01865234375,9.823188638687133,1590,0.2,1000.0,2222.5087890625
988,663,320,655360,0.14023452997207642,-0.0035391370300203564,39.75897216796875,0.0001,0.004936549,0.8393719792366028,78.93867263793945,0.010546875,9.824952793121337,1595,0.2,1000.0,2222.5087890625
992,662,321,657408,0.14023718237876892,-0.005731462338007987,34.45391845703125,0.0001,0.0053494866,0.8447141051292419,71.37693672180175,0.0140625,9.825905370712281,1600,0.2,1000.0,2202.546142578125
995,662,322,659456,0.14025163650512695,-0.011090765031985939,22.727277755737305,0.0001,0.01490709,0.8475974202156067,48.34056358337402,0.076953125,9.824605131149292,1605,0.2,1000.0,2202.546142578125
998,662,323,661504,0.14022882282733917,-0.007106145611032844,11.443878173828125,0.0001,0.008779384,0.8680742383003235,23.614692878723144,0.03369140625,9.824580144882201,1610,0.2,1000.0,2202.546142578125
1000,662,324,663552,0.14019839465618134,-0.007038604945410043,10.985856056213379,0.0001,0.008662923,0.8755075335502625,23.056506156921387,0.03466796875,9.828800201416016,1615,0.2,1000.0,2202.546142578125
1004,662,325,665600,0.1401658058166504,-0.004747241956647485,11.913549423217773,0.0001,0.010087027,0.8313365578651428,25.3730770111084,0.03779296875,9.832390022277831,1620,0.2,1000.0,2228.57177734375
1007,662,326,667648,0.1401251256465912,-0.010824778163805605,22.490575790405273,0.0001,0.012432002,0.8107103705406189,44.598069190979004,0.06728515625,9.837337350845337,1625,0.2,1000.0,2228.57177734375
1010,662,327,669696,0.14010405540466309,-0.010719879809767009,20.790725708007812,0.0001,0.011833105,0.8707157969474792,41.691457176208495,0.05458984375,9.84172043800354,1630,0.2,1000.0,2228.57177734375
1012,663,328,671744,0.14006562530994415,-0.009137667645700277,13.274715423583984,0.0001,0.013196455,0.8945646286010742,29.74179611206055,0.08525390625,9.844789457321166,1635,0.2,1000.0,2228.57177734375
1017,662,329,673792,0.1400233805179596,-0.011894710990600289,16.564470291137695,0.0001,0.0126776025,0.8808817863464355,35.09181451797485,0.08681640625,9.850730323791504,1640,0.2,1000.0,2234.70263671875
1019,662,330,675840,0.14000603556632996,-0.004805474821478128,40.96989822387695,0.0001,0.006856819,0.909730851650238,82.07834167480469,0.02568359375,9.854889869689941,1645,0.2,1000.0,2234.70263671875
1022,662,331,677888,0.13998694717884064,-0.005988519382663071,34.89596176147461,0.0001,0.005601844,0.9344906210899353,70.4305685043335,0.01572265625,9.856764888763427,1650,0.2,1000.0,2234.70263671875
1025,663,332,679936,0.13998562097549438,-0.009814126329729334,46.51946258544922,0.0001,0.008656924,0.921949028968811,87.32505149841309,0.0359375,9.858541631698609,1655,0.2,1000.0,2234.70263671875
1029,662,333,681984,0.13997775316238403,-0.006662817485630512,45.54835510253906,0.0001,0.005968158,0.9297083020210266,83.45722999572754,0.02294921875,9.858529996871948,1660,0.2,1000.0,2246.41015625
1032,662,334,684032,0.13996219635009766,-0.006936944823246449,29.856311798095703,0.0001,0.0055273743,0.8882362842559814,54.841676902771,0.0146484375,9.860229921340942,1665,0.2,1000.0,2246.41015625
1035,662,335,686080,0.1399480402469635,-0.015168934757821263,11.214977264404297,0.0001,0.019553753,0.9574359655380249,22.304655647277833,0.120703125,9.862272167205811,1670,0.2,1000.0,2246.41015625
1038,662,336,688128,0.13991707563400269,-0.008864475041627884,12.80128002166748,0.0001,0.010211204,0.939179003238678,28.830685424804688,0.0453125,9.864410877227783,1675,0.2,1000.0,2224.870361328125
1041,662,337,690176,0.13986724615097046,-0.010999418562278152,13.054898262023926,0.0001,0.014132583,0.9408381581306458,28.92034521102905,0.07646484375,9.870038843154907,1680,0.2,1000.0,2224.870361328125
1044,662,338,692224,0.13983413577079773,-0.0061294309794902805,11.28184700012207,0.0001,0.007478879,0.9793953895568848,23.280744647979738,0.0265625,9.875640487670898,1685,0.2,1000.0,2224.870361328125
1046,663,339,694272,0.1398017704486847,-0.005015542090404779,8.906391143798828,0.0001,0.00695468,0.9843655228614807,19.453868246078493,0.0203125,9.879206800460816,1690,0.2,1000.0,2224.870361328125
1050,662,340,696320,0.13977867364883423,-0.0072389508946798745,11.51034927368164,0.0001,0.008071878,0.98231041431427,24.58017578125,0.030859375,9.88356876373291,1695,0.2,1000.0,2260.697265625
1053,662,341,698368,0.13976849615573883,-0.011293798871338367,13.966242790222168,0.0001,0.014212413,0.9680644273757935,28.88974447250366,0.085546875,9.885586023330688,1700,0.2,1000.0,2260.697265625
1056,662,342,700416,0.13973505795001984,-0.003065996419172734,8.569486618041992,0.0001,0.004924818,0.9752947092056274,21.04201455116272,0.0123046875,9.887522220611572,1705,0.2,1000.0,2260.697265625
1059,662,343,702464,0.13968507945537567,-0.006210654065944255,8.941917419433594,0.0001,0.010151731,0.975466251373291,19.642112445831298,0.041015625,9.893803215026855,1710,0.2,1000.0,2260.697265625
1063,662,344,704512,0.13966117799282074,-0.006541414838284254,8.544098854064941,0.0001,0.0085963905,0.9747480750083923,19.19001684188843,0.0279296875,9.899196147918701,1715,0.2,1000.0,2278.707763671875
1066,662,345,706560,0.13967035710811615,-0.012201228598132729,24.55915641784668,0.0001,0.013214935,0.9212341904640198,48.41658992767334,0.07548828125,9.899923944473267,1720,0.2,1000.0,2278.707763671875
1069,662,346,708608,0.13968560099601746,-0.011662907502613961,32.546993255615234,0.0001,0.012718972,0.8943334817886353,66.547318649292,0.06357421875,9.898350048065186,1725,0.2,1000.0,2278.707763671875
1071,663,347,710656,0.13967514038085938,-0.008112766209524124,33.43569564819336,0.0001,0.0084305145,0.8951911926269531,68.12707176208497,0.03310546875,9.89720697402954,1730,0.2,1000.0,2278.707763671875
1076,662,348,712704,0.13963165879249573,-0.011912586889229715,41.04451370239258,0.0001,0.016170796,0.8894877433776855,71.1713457107544,0.098828125,9.901113367080688,1735,0.2,1000.0,2284.66357421875
1078,662,349,714752,0.13960710167884827,-0.007124629174359143,32.908992767333984,0.0001,0.007758194,0.8765455484390259,68.38147106170655,0.02919921875,9.90560073852539,1740,0.2,1000.0,2284.66357421875
1081,662,350,716800,0.1395961344242096,-0.012720069265924394,11.444068908691406,0.0001,0.0138346385,0.9465101361274719,22.84794330596924,0.08291015625,9.908100700378418,1745,0.2,1000.0,2284.66357421875
1084,663,351,718848,0.13955897092819214,-0.017461895104497673,10.582366943359375,0.0001,0.024467565,0.9490206241607666,21.83624382019043,0.17685546875,9.910634899139405,1750,0.2,1000.0,2284.66357421875
1088,662,352,720896,0.13951247930526733,-0.009002576838247478,12.957813262939453,0.0001,0.012324341,0.9438920617103577,25.621834468841552,0.0681640625,9.916345357894897,1755,0.2,1000.0,2296.263427734375
1090,662,353,722944,0.13946372270584106,-0.008991377707570792,28.7821044921875,0.0001,0.013720842,0.8648296594619751,63.15122356414795,0.07734375,9.923061561584472,1760,0.2,1000.0,2296.263427734375
1093,662,354,724992,0.13942736387252808,-0.008570006652735173,22.635902404785156,0.0001,0.011745555,0.9006552696228027,48.741905212402344,0.071875,9.928636360168458,1765,0.2,1000.0,2296.263427734375
1096,663,355,727040,0.1394089013338089,-0.004852889489848166,24.889020919799805,0.0001,0.0051440364,0.8895859718322754,53.973160362243654,0.01279296875,9.932287216186523,1770,0.2,1000.0,2296.263427734375
1099,662,356,729088,0.13940197229385376,-0.006795172847341746,25.45245933532715,0.0001,0.010198146,0.901766300201416,49.506846237182614,0.04990234375,9.933954334259033,1775,0.2,1000.0,2298.931884765625
1102,663,357,731136,0.13938525319099426,-0.01198297415394336,18.846467971801758,0.0001,0.01584251,0.9250994324684143,37.96971378326416,0.09765625,9.935093784332276,1780,0.2,1000.0,2298.931884765625
1105,663,358,733184,0.13933594524860382,-0.011666416143998503,6.954871654510498,0.0001,0.017779874,0.9735473394393921,12.926741552352905,0.11455078125,9.938745260238647,1785,0.2,1000.0,2298.931884765625
1108,663,359,735232,0.13929800689220428,-0.011199948820285499,12.016120910644531,0.0001,0.01810418,0.9512588977813721,23.335517978668214,0.10390625,9.945507860183715,1790,0.2,1000.0,2298.931884765625
1111,663,360,737280,0.13921262323856354,-0.013367415557149797,10.364326477050781,0.0001,0.015992675,0.9626637101173401,19.06196813583374,0.11416015625,9.952553081512452,1795,0.2,1000.0,2268.894287109375
1114,663,361,739328,0.1391674429178238,-0.004328904673457146,39.77116012573242,0.0001,0.004661368,0.8609645366668701,81.44681091308594,0.01328125,9.96213607788086,1800,0.2,1000.0,2268.894287109375
1117,663,362,741376,0.13915014266967773,-0.005875182617455721,32.209693908691406,0.0001,0.005516901,0.8853484988212585,75.3053409576416,0.01748046875,9.965810251235961,1805,0.2,1000.0,2268.894287109375
1120,663,363,743424,0.13914021849632263,-0.005461056437343359,38.27195358276367,0.0001,0.004602745,0.8689199090003967,85.88527412414551,0.00947265625,9.967389726638794,1810,0.2,1000.0,2268.894287109375
1124,663,364,745472,0.13912492990493774,-0.00846069260733202,42.80170822143555,0.0001,0.008307123,0.854241132736206,86.0683494567871,0.0359375,9.968990421295166,1815,0.2,1000.0,2250.03466796875
1127,663,365,747520,0.13913366198539734,-0.009498575329780578,17.355728149414062,0.0001,0.016042292,0.9527357816696167,37.512451839447024,0.07216796875,9.970031309127808,1820,0.2,1000.0,2250.03466796875
1129,663,366,749568,0.13914281129837036,-0.0037488433765247462,13.588358879089355,0.0001,0.0038187213,0.9720773100852966,26.7094162940979,0.0060546875,9.968198585510255,1825,0.2,1000.0,2250.03466796875
1132,663,367,751616,0.1391323059797287,-0.005839990102685988,8.594433784484863,0.0001,0.009469326,0.9762193560600281,18.741420316696168,0.04248046875,9.968097639083862,1830,0.2,1000.0,2250.03466796875
1136,663,368,753664,0.1391196846961975,-0.006661082745995373,6.954411029815674,0.0001,0.006879284,0.9771516919136047,18.98651518821716,0.02568359375,9.970036458969116,1835,0.2,1000.0,2271.257568359375
1139,663,369,755712,0.13903874158859253,-0.014350408618338407,16.15908432006836,0.0001,0.018596724,0.9593478441238403,32.27697620391846,0.14853515625,9.97529730796814,1840,0.2,1000.0,2271.257568359375
1141,663,370,757760,0.138995960354805,-0.010587474051862954,8.870196342468262,0.0001,0.017687555,0.9756858944892883,19.558649158477785,0.11904296875,9.985322046279908,1845,0.2,1000.0,2271.257568359375
1144,663,371,759808,0.13895626366138458,-0.013927013450302183,8.582235336303711,0.0001,0.01757836,0.9778257608413696,17.309558582305907,0.17138671875,9.989238166809082,1850,0.2,1000.0,2271.257568359375
1148,663,372,761856,0.13889427483081818,-0.012769692298024892,10.684903144836426,0.0001,0.019222101,0.9710281491279602,20.91638422012329,0.1599609375,9.995580291748047,1855,0.2,1000.0,2264.0771484375
1150,663,373,763904,0.13883329927921295,-0.003438308835029602,29.641393661499023,0.0001,0.008057641,0.8727120161056519,65.99603252410888,0.0587890625,10.005069541931153,1860,0.2,1000.0,2264.0771484375
1153,663,374,765952,0.13880348205566406,-0.008794574392959475,24.930727005004883,0.0001,0.009686907,0.9061487317085266,49.298312187194824,0.04091796875,10.009979438781738,1865,0.2,1000.0,2264.0771484375
1157,663,375,768000,0.13878297805786133,-0.0037079579662531613,24.269819259643555,0.0001,0.0060882876,0.903170108795166,49.584707260131836,0.0177734375,10.01344599723816,1870,0.2,1000.0,2239.34228515625
1160,663,376,770048,0.13876135647296906,-0.011241365503519774,25.444944381713867,0.0001,0.013920431,0.9050615429878235,51.37687091827392,0.0904296875,10.016201400756836,1875,0.2,1000.0,2239.34228515625
1162,663,377,772096,0.13874942064285278,-0.0086100562941283,22.020235061645508,0.0001,0.01260747,0.9319956302642822,45.68583297729492,0.07392578125,10.018439722061157,1880,0.2,1000.0,2239.34228515625
1165,664,378,774144,0.13873830437660217,-0.007241517421789467,13.7907133102417,0.0001,0.010166889,0.9602640271186829,28.309179401397706,0.05009765625,10.020171642303467,1885,0.2,1000.0,2239.34228515625
1169,663,379,776192,0.13871809840202332,-0.007418258662801236,12.2798433303833,0.0001,0.013938093,0.9614678621292114,27.058252620697022,0.0662109375,10.021636819839477,1890,0.2,1000.0,2214.56689453125
1172,663,380,778240,0.13865719735622406,-0.013834427599795163,12.213443756103516,0.0001,0.015139125,0.9599363207817078,27.35544080734253,0.10693359375,10.026742315292358,1895,0.2,1000.0,2214.56689453125
1174,664,381,780288,0.13860593736171722,-0.010056124208495021,10.151762962341309,0.0001,0.011707832,0.9597086310386658,21.17861490249634,0.09423828125,10.035097122192383,1900,0.2,1000.0,2214.56689453125
1177,664,382,782336,0.13854898512363434,-0.014733360637910664,11.271832466125488,0.0001,0.017636295,0.9555298686027527,24.571789455413818,0.1439453125,10.041711854934693,1905,0.2,1000.0,2214.56689453125
1181,663,383,784384,0.1385272890329361,-0.013249673380050809,10.018911361694336,0.0001,0.016100634,0.959594190120697,21.134016895294188,0.11220703125,10.047691106796265,1910,0.2,1000.0,2241.0478515625
1184,663,384,786432,0.13847242295742035,-0.011603625409770757,14.28635025024414,0.0001,0.016361453,0.9444748163223267,28.25788974761963,0.09755859375,10.051123237609863,1915,0.2,1000.0,2241.0478515625
1187,663,385,788480,0.13840024173259735,-0.013136150909122079,16.362274169921875,0.0001,0.017281147,0.9432920813560486,29.036255645751954,0.108984375,10.060623168945312,1920,0.2,1000.0,2241.0478515625
1190,663,386,790528,0.13837017118930817,-0.009693462331779302,16.164648056030273,0.0001,0.010777197,0.93803870677948,31.936964988708496,0.05546875,10.06745958328247,1925,0.2,1000.0,2241.0478515625
1194,663,387,792576,0.13833068311214447,-0.010108009562827647,15.071978569030762,0.0001,0.011999052,0.9423270225524902,30.39605321884155,0.0673828125,10.071545171737672,1930,0.2,1000.0,2244.379150390625
1197,663,388,794624,0.13831569254398346,-0.01038456205278635,27.753257751464844,0.0001,0.013246861,0.8914084434509277,62.10008163452149,0.09130859375,10.076012325286865,1935,0.2,1000.0,2244.379150390625
1199,663,389,796672,0.13826516270637512,-0.015168923139572143,12.104179382324219,0.0001,0.019642185,0.9692102670669556,24.232917881011964,0.14140625,10.078935194015504,1940,0.2,1000.0,2244.379150390625
1202,664,390,798720,0.1382172703742981,-0.011232306307647377,9.697986602783203,0.0001,0.016429594,0.9708602428436279,21.50167531967163,0.09423828125,10.08654432296753,1945,0.2,1000.0,2244.379150390625
1206,663,391,800768,0.13817839324474335,-0.007943587703630328,9.098756790161133,0.0001,0.0109521635,0.9794719219207764,17.743999099731447,0.05888671875,10.091845607757568,1950,0.2,1000.0,2242.297119140625
1209,663,392,802816,0.138153076171875,-0.0077065289951860905,18.2921085357666,0.0001,0.012474406,0.9446842670440674,46.19982738494873,0.0703125,10.096696853637695,1955,0.2,1000.0,2242.297119140625
1211,664,393,804864,0.13814300298690796,-0.005030101840384304,53.180755615234375,0.0001,0.0041042315,0.8700653314590454,115.27490844726563,0.00927734375,10.098709774017333,1960,0.2,1000.0,2242.297119140625
1214,664,394,806912,0.13813820481300354,-0.005126769689377397,47.572105407714844,0.0001,0.0040744576,0.8748400211334229,106.93366966247558,0.00771484375,10.099975347518921,1965,0.2,1000.0,2242.297119140625
1219,663,395,808960,0.13814838230609894,-0.007072177226655185,52.61581802368164,0.0001,0.004928648,0.8645342588424683,114.98947639465332,0.0099609375,10.099660634994507,1970,0.2,1000.0,2224.39111328125
1222,663,396,811008,0.13814809918403625,-0.005592079251073301,44.92796325683594,0.0001,0.0038540862,0.8938500881195068,105.16361846923829,0.0068359375,10.09842619895935,1975,0.2,1000.0,2224.39111328125
1225,663,397,813056,0.13811489939689636,-0.008623526804149151,29.9960994720459,0.0001,0.009169015,0.9311146140098572,65.0042293548584,0.04716796875,10.100539541244506,1980,0.2,1000.0,2224.39111328125
1228,663,398,815104,0.13809533417224884,-0.011275193095207215,28.36453628540039,0.0001,0.011699254,0.9349561929702759,67.1303014755249,0.0560546875,10.10463056564331,1985,0.2,1000.0,2224.39111328125
1231,663,399,817152,0.13810323178768158,-0.011251922405790538,20.244897842407227,0.0001,0.012209901,0.9571991562843323,46.908683395385744,0.06083984375,10.105491018295288,1990,0.2,1000.0,2196.721923828125
1234,663,400,819200,0.13809801638126373,-0.007289004046469927,33.811832427978516,0.0001,0.0076836813,0.9468938112258911,63.992256546020506,0.02880859375,10.104633951187134,1995,0.2,1000.0,2196.721923828125
1237,663,401,821248,0.13811257481575012,-0.008175570971798152,35.49159240722656,0.0001,0.010126978,0.9440534710884094,66.11656017303467,0.04931640625,10.105014753341674,2000,0.2,1000.0,2196.721923828125
1240,663,402,823296,0.1380995810031891,-0.009761357691604643,36.59398651123047,0.0001,0.01084958,0.9362375736236572,74.44860153198242,0.05302734375,10.103892469406128,2005,0.2,1000.0,2196.721923828125
1243,663,403,825344,0.13808149099349976,-0.011502879241015762,21.27775001525879,0.0001,0.014226894,0.9592074155807495,43.6254467010498,0.08603515625,10.106822538375855,2010,0.2,1000.0,2202.74560546875
1246,663,404,827392,0.13807198405265808,-0.005933104397263378,18.508493423461914,0.0001,0.006376911,0.958564043045044,44.48520622253418,0.01962890625,10.108517074584961,2015,0.2,1000.0,2202.74560546875
1249,663,405,829440,0.13806073367595673,-0.003638800454791635,15.710246086120605,0.0001,0.0048721284,0.9700552821159363,32.17623043060303,0.012890625,10.109827089309693,2020,0.2,1000.0,2202.74560546875
1252,663,406,831488,0.13804729282855988,-0.006526504585053772,9.366575241088867,0.0001,0.006593276,0.9744099378585815,21.205647659301757,0.02060546875,10.111454963684082,2025,0.2,1000.0,2202.74560546875
1256,663,407,833536,0.13802126049995422,-0.007522596453782171,13.139233589172363,0.0001,0.007707622,0.971068799495697,26.581167030334473,0.0275390625,10.113708782196046,2030,0.2,1000.0,2199.623779296875
1259,663,408,835584,0.1379803568124771,-0.01339287890587002,13.222317695617676,0.0001,0.01717252,0.9659823179244995,26.01453905105591,0.12314453125,10.118315505981446,2035,0.2,1000.0,2199.623779296875
1261,663,409,837632,0.13789905607700348,-0.009319600521121175,6.254920482635498,0.0001,0.01408049,0.982092022895813,12.638346099853516,0.08818359375,10.125135803222657,2040,0.2,1000.0,2199.623779296875
1264,663,410,839680,0.1378227323293686,-0.01065001004608348,6.316345691680908,0.0001,0.014004691,0.9820751547813416,12.667521810531616,0.07939453125,10.13703007698059,2045,0.2,1000.0,2199.623779296875
1269,663,411,841728,0.13772889971733093,-0.01545855354052037,9.704689979553223,0.0001,0.017832853,0.9743691682815552,18.343479537963866,0.13125,10.147741174697876,2050,0.2,1000.0,2191.0986328125
1271,663,412,843776,0.1376907229423523,-0.007872526720166206,29.980480194091797,0.0001,0.010066038,0.9312251210212708,58.48335227966309,0.04921875,10.157690382003784,2055,0.2,1000.0,2191.0986328125
1274,663,413,845824,0.13767212629318237,-0.014940614905208349,20.453065872192383,0.0001,0.023643695,0.9571846127510071,39.751089859008786,0.15283203125,10.160741138458253,2060,0.2,1000.0,2191.0986328125
1277,663,414,847872,0.13764305412769318,-0.009824148437473923,17.98350715637207,0.0001,0.013537067,0.9539376497268677,38.00914878845215,0.07841796875,10.163757705688477,2065,0.2,1000.0,2191.0986328125
1281,663,415,849920,0.13762201368808746,-0.006208107760176063,16.130765914916992,0.0001,0.009505625,0.9562170505523682,35.71714153289795,0.04150390625,10.167183828353881,2070,0.2,1000.0,2202.86572265625
1284,663,416,851968,0.1375856101512909,-0.010094700776971877,12.888998985290527,0.0001,0.017287346,0.9712190628051758,27.699049758911134,0.1056640625,10.170348834991454,2075,0.2,1000.0,2202.86572265625
1286,663,417,854016,0.13755325973033905,-0.005715691111981868,10.243633270263672,0.0001,0.009425167,0.9813348054885864,21.01320276260376,0.04453125,10.175498437881469,2080,0.2,1000.0,2202.86572265625
1290,663,418,856064,0.13751323521137238,-0.011250435409601777,12.705718040466309,0.0001,0.014931474,0.976051926612854,24.49061326980591,0.0994140625,10.179747772216796,2085,0.2,1000.0,2203.85400390625
1293,663,419,858112,0.1375153362751007,-0.011839960678480565,12.58678913116455,0.0001,0.0151913,0.9756414890289307,25.800714778900147,0.0990234375,10.183683443069459,2090,0.2,1000.0,2203.85400390625
1296,663,420,860160,0.13748984038829803,-0.006050733767915517,11.795751571655273,0.0001,0.009314135,0.9201776385307312,22.49031867980957,0.04560546875,10.183135318756104,2095,0.2,1000.0,2203.85400390625
1298,663,421,862208,0.1374553143978119,-0.005189346405677498,8.18808650970459,0.0001,0.006539667,0.9380578994750977,16.554506826400758,0.02001953125,10.188628482818604,2100,0.2,1000.0,2203.85400390625
1302,663,422,864256,0.13742655515670776,-0.004179045686032623,7.271627426147461,0.0001,0.0070512253,0.9400263428688049,15.201408052444458,0.02666015625,10.192061853408813,2105,0.2,1000.0,2227.04638671875
1305,663,423,866304,0.13737846910953522,-0.011298529198393225,14.06618881225586,0.0001,0.01341724,0.8659922480583191,28.00381441116333,0.07392578125,10.197110605239867,2110,0.2,1000.0,2227.04638671875
1308,663,424,868352,0.13731986284255981,-0.010629008989781141,11.393904685974121,0.0001,0.014300383,0.939002513885498,23.375236415863036,0.0865234375,10.204666996002198,2115,0.2,1000.0,2227.04638671875
1310,663,425,870400,0.13727881014347076,-0.007321689347736538,9.166248321533203,0.0001,0.010436822,0.9553750157356262,17.961885833740233,0.04443359375,10.211267328262329,2120,0.2,1000.0,2227.04638671875
1314,663,426,872448,0.1372344046831131,-0.006845683266874403,7.494639873504639,0.0001,0.0114460755,0.9542196989059448,16.714561319351198,0.06435546875,10.216910362243652,2125,0.2,1000.0,2237.744384765625
1317,663,427,874496,0.1372111439704895,-0.01019067708402872,18.803319931030273,0.0001,0.012417143,0.8866416215896606,39.1864538192749,0.0646484375,10.221800804138184,2130,0.2,1000.0,2237.744384765625
1320,663,428,876544,0.13717995584011078,-0.008660470298491419,10.180146217346191,0.0001,0.013227003,0.9517475962638855,19.79235725402832,0.0646484375,10.224835729598999,2135,0.2,1000.0,2237.744384765625
1323,663,429,878592,0.13716714084148407,-0.006950297596631572,12.910707473754883,0.0001,0.008080368,0.9388726353645325,27.06410484313965,0.033203125,10.228373718261718,2140,0.2,1000.0,2237.744384765625
1327,663,430,880640,0.1371476650238037,-0.00902488874271512,9.552644729614258,0.0001,0.013486923,0.9526610970497131,19.975007915496825,0.0626953125,10.22966480255127,2145,0.2,1000.0,2226.22509765625
1329,663,431,882688,0.13711343705654144,-0.00671202689409256,35.7321662902832,0.0001,0.007790507,0.8599655628204346,66.87456493377685,0.03017578125,10.233642959594727,2150,0.2,1000.0,2226.22509765625
1332,663,432,884736,0.13709568977355957,-0.009875305905006826,34.76396560668945,0.0001,0.015003156,0.8904454112052917,65.15083980560303,0.0876953125,10.23753571510315,2155,0.2,1000.0,2226.22509765625
1335,664,433,886784,0.1371106058359146,-0.007954164315015078,32.28413009643555,0.0001,0.009286017,0.8957464694976807,64.76593360900878,0.0349609375,10.238011741638184,2160,0.2,1000.0,2226.22509765625
1339,663,434,888832,0.13709025084972382,-0.01059684946667403,25.973907470703125,0.0001,0.017872145,0.9032579660415649,49.99474925994873,0.11171875,10.236894226074218,2165,0.2,1000.0,2218.954345703125
1341,663,435,890880,0.1370559185743332,-0.015575500531122088,20.952775955200195,0.0001,0.017890437,0.9135233759880066,43.548823547363284,0.13134765625,10.24201545715332,2170,0.2,1000.0,2218.954345703125
1344,664,436,892928,0.13703273236751556,-0.005406672391109169,10.617879867553711,0.0001,0.008956406,0.9399226903915405,22.37421112060547,0.0388671875,10.245291328430175,2175,0.2,1000.0,2218.954345703125
1347,664,437,894976,0.13699160516262054,-0.00624797036871314,8.816765785217285,0.0001,0.007159801,0.9538297653198242,20.266687679290772,0.02490234375,10.2487961769104,2180,0.2,1000.0,2218.954345703125
1351,663,438,897024,0.1369296759366989,-0.009036008070688694,10.127510070800781,0.0001,0.015894478,0.9419623613357544,21.55835371017456,0.0837890625,10.256092596054078,2185,0.2,1000.0,2234.517578125
1353,664,439,899072,0.13691632449626923,-0.005901432456448674,48.06658935546875,0.0001,0.006638607,0.8563950061798096,84.72263717651367,0.02490234375,10.262169790267944,2190,0.2,1000.0,2234.517578125
1356,664,440,901120,0.13692232966423035,-0.00271635694662109,59.95145034790039,0.0001,0.0026312158,0.7976285219192505,131.52281379699707,0.00322265625,10.261574649810791,2195,0.2,1000.0,2234.517578125
1359,664,441,903168,0.13691949844360352,-0.0036197995068505406,61.000911712646484,0.0001,0.0025350885,0.8057039976119995,125.48540115356445,0.00341796875,10.261425304412843,2200,0.2,1000.0,2234.517578125
1363,663,442,905216,0.13691383600234985,-0.003698502090992406,84.89472198486328,0.0001,0.0023820684,0.7542659044265747,164.8941535949707,0.00224609375,10.262016487121581,2205,0.2,1000.0,2226.068359375
1366,664,443,907264,0.1368943601846695,-0.010848022601567208,34.303924560546875,0.0001,0.010630636,0.8657552599906921,66.66371593475341,0.05166015625,10.263506269454956,2210,0.2,1000.0,2226.068359375
1368,664,444,909312,0.13687355816364288,-0.0015072114067152143,10.516888618469238,0.0001,0.003395719,0.9581934213638306,23.32459077835083,0.00458984375,10.266058731079102,2215,0.2,1000.0,2226.068359375
1371,664,445,911360,0.13684870302677155,-0.006451180402655155,8.362417221069336,0.0001,0.009367264,0.9547275900840759,19.362806797027588,0.045703125,10.269611024856568,2220,0.2,1000.0,2226.068359375
1375,663,446,913408,0.13684257864952087,-0.003121167467907071,4.701914310455322,0.0001,0.0047988947,0.975498378276825,15.278430843353272,0.0142578125,10.271865510940552,2225,0.2,1000.0,2227.743896484375
1378,664,447,915456,0.1368371844291687,-0.005152989993803203,32.61076736450195,0.0001,0.007177117,0.8651409149169922,76.06316909790038,0.02607421875,10.272019195556641,2230,0.2,1000.0,2227.743896484375
1381,664,448,917504,0.1368442177772522,-0.0073972294048871845,44.22505187988281,0.0001,0.009445117,0.8761391639709473,87.26206016540527,0.03798828125,10.272668170928956,2235,0.2,1000.0,2227.743896484375
1384,664,449,919552,0.1368470937013626,-0.011171928845578804,33.102542877197266,0.0001,0.01592703,0.903602659702301,63.71500701904297,0.08935546875,10.271590757369996,2240,0.2,1000.0,2227.743896484375
1388,663,450,921600,0.13687250018119812,-0.013527727196924388,29.627349853515625,0.0001,0.016108854,0.9073925018310547,59.960944938659665,0.11640625,10.270447254180908,2245,0.2,1000.0,2241.7724609375
1391,663,451,923648,0.13684622943401337,-0.009590949083212763,17.293466567993164,0.0001,0.0131512415,0.9506002068519592,35.876756858825686,0.0701171875,10.26881513595581,2250,0.2,1000.0,2241.7724609375
1393,664,452,925696,0.1367882639169693,-0.011969767953269183,11.074501037597656,0.0001,0.016965896,0.9687560796737671,23.7130446434021,0.11220703125,10.275201082229614,2255,0.2,1000.0,2241.7724609375
1396,664,453,927744,0.1367524415254593,-0.009995452198199927,13.029105186462402,0.0001,0.016762372,0.9659087657928467,26.453575801849365,0.09423828125,10.282135772705079,2260,0.2,1000.0,2241.7724609375
1400,664,454,929792,0.13669979572296143,-0.014203919580904768,12.937178611755371,0.0001,0.018421132,0.9671854376792908,27.294136905670165,0.1388671875,10.287236881256103,2265,0.2,1000.0,2235.529052734375
1402,664,455,931840,0.13663482666015625,-0.013087529339827597,21.345794677734375,0.0001,0.014360182,0.9455337524414062,42.81284580230713,0.11259765625,10.295543575286866,2270,0.2,1000.0,2235.529052734375
1405,664,456,933888,0.13660919666290283,-0.012368907697964459,23.35297203063965,0.0001,0.014082982,0.9397109746932983,46.459950637817386,0.100390625,10.30210018157959,2275,0.2,1000.0,2235.529052734375
1408,664,457,935936,0.13658520579338074,-0.008589872857555747,15.637320518493652,0.0001,0.010190162,0.9603368639945984,31.65097713470459,0.0482421875,10.30434741973877,2280,0.2,1000.0,2235.529052734375
1412,664,458,937984,0.13654562830924988,-0.010643527144566178,17.963808059692383,0.0001,0.011463876,0.9508225917816162,35.36143531799316,0.0650390625,10.309277534484863,2285,0.2,1000.0,2239.751953125
1414,664,459,940032,0.13651049137115479,-0.008053036528872326,31.516550064086914,0.0001,0.008661401,0.883023738861084,69.77033920288086,0.03330078125,10.31424856185913,2290,0.2,1000.0,2239.751953125
1417,664,460,942080,0.1364905834197998,-0.005522946058772504,24.224395751953125,0.0001,0.005450095,0.9161981344223022,49.69657230377197,0.01376953125,10.317996835708618,2295,0.2,1000.0,2239.751953125
1421,664,461,944128,0.13649259507656097,-0.006278771359939128,38.07511901855469,0.0001,0.007958911,0.8776079416275024,77.88917083740235,0.030078125,10.319551229476929,2300,0.2,1000.0,2235.636474609375
1423,664,462,946176,0.13650387525558472,-0.01064851475530304,27.614473342895508,0.0001,0.012689488,0.9112970232963562,60.808089065551755,0.07060546875,10.31838321685791,2305,0.2,1000.0,2235.636474609375
1426,664,463,948224,0.13649950921535492,-0.0042679660953581335,10.199568748474121,0.0001,0.005635149,0.9652617573738098,22.703757953643798,0.01435546875,10.31773920059204,2310,0.2,1000.0,2235.636474609375
1429,664,464,950272,0.13649605214595795,-0.0035219410317949952,7.450881004333496,0.0001,0.006602954,0.9759405851364136,18.625224924087526,0.0369140625,10.318820142745972,2315,0.2,1000.0,2235.636474609375
1433,664,465,952320,0.13649049401283264,-0.008188616286497563,8.551279067993164,0.0001,0.010308505,0.9712963104248047,19.39482183456421,0.04580078125,10.318856143951416,2320,0.2,1000.0,2239.182861328125
1435,664,466,954368,0.1364513635635376,-0.009717709920369088,12.600081443786621,0.0001,0.012754664,0.9595399498939514,24.72134370803833,0.0638671875,10.321525430679321,2325,0.2,1000.0,2239.182861328125
1438,664,467,956416,0.13640202581882477,-0.014719254430383443,8.992076873779297,0.0001,0.020877246,0.9330786466598511,18.38888578414917,0.1427734375,10.327874088287354,2330,0.2,1000.0,2239.182861328125
1441,664,468,958464,0.1363546997308731,-0.010878756828606128,7.397103786468506,0.0001,0.01830205,0.9523457884788513,14.613289070129394,0.100390625,10.333885908126831,2335,0.2,1000.0,2239.182861328125
1445,664,469,960512,0.1362592577934265,-0.015478497685398907,6.645225524902344,0.0001,0.0217758,0.9459848403930664,14.969061946868896,0.16142578125,10.342968463897705,2340,0.2,1000.0,2220.44287109375
1448,664,470,962560,0.136188343167305,-0.015762545447796584,14.691065788269043,0.0001,0.018423274,0.9459629058837891,26.951950073242188,0.14814453125,10.355029249191285,2345,0.2,1000.0,2220.44287109375
1451,664,471,964608,0.13616083562374115,-0.008166223298758268,11.421061515808105,0.0001,0.015468819,0.9720648527145386,25.24263200759888,0.07197265625,10.361225986480713,2350,0.2,1000.0,2220.44287109375
1454,664,472,966656,0.13613615930080414,-0.010483571176882834,9.756426811218262,0.0001,0.011384442,0.9782268404960632,23.014387798309325,0.0513671875,10.364517116546631,2355,0.2,1000.0,2220.44287109375
1457,664,473,968704,0.13612496852874756,-0.00795291381655261,9.373595237731934,0.0001,0.012000104,0.9785189628601074,20.047397804260253,0.0650390625,10.367453289031982,2360,0.2,1000.0,2223.88134765625
1460,664,474,970752,0.13611581921577454,-0.012787626450881362,18.831083297729492,0.0001,0.015030876,0.956619381904602,33.47720108032227,0.1169921875,10.368511581420899,2365,0.2,1000.0,2223.88134765625
1463,664,475,972800,0.1360841989517212,-0.00979181018192321,9.675311088562012,0.0001,0.013565143,0.9766783714294434,19.579354095458985,0.0685546875,10.370975685119628,2370,0.2,1000.0,2223.88134765625
1466,664,476,974848,0.13600032031536102,-0.01604919070377946,9.556086540222168,0.0001,0.021088397,0.9728364944458008,21.140648746490477,0.16806640625,10.378514194488526,2375,0.2,1000.0,2223.88134765625
1469,664,477,976896,0.1359029859304428,-0.015111965755932034,11.93271255493164,0.0001,0.021039814,0.9705939888954163,24.365945243835448,0.1349609375,10.39054479598999,2380,0.2,1000.0,2233.462646484375
1472,664,478,978944,0.13587330281734467,-0.011172843188978732,19.430932998657227,0.0001,0.015021225,0.9481571316719055,40.66928253173828,0.09189453125,10.400222682952881,2385,0.2,1000.0,2233.462646484375
1475,664,479,980992,0.13581593334674835,-0.010776080936193467,9.059508323669434,0.0001,0.014275368,0.9752018451690674,18.317001867294312,0.09453125,10.404372501373292,2390,0.2,1000.0,2233.462646484375
1477,665,480,983040,0.13573698699474335,-0.008785094157792628,9.322999954223633,0.0001,0.018288426,0.9781846404075623,17.676738929748534,0.0970703125,10.414077615737915,2395,0.2,1000.0,2233.462646484375
1481,664,481,985088,0.13568909466266632,-0.014985537622123957,8.889857292175293,0.0001,0.016366795,0.9803613424301147,17.030215215682983,0.1703125,10.423370552062988,2400,0.2,1000.0,2249.766845703125
1484,664,482,987136,0.13566161692142487,-0.009830515913199634,14.748258590698242,0.0001,0.017035015,0.9448311924934387,33.64138841629028,0.0970703125,10.428014230728149,2405,0.2,1000.0,2249.766845703125
1487,665,483,989184,0.13564185798168182,-0.010492067760787904,14.498848915100098,0.0001,0.012551356,0.9461173415184021,27.461499309539796,0.0822265625,10.430767679214478,2410,0.2,1000.0,2249.766845703125
1489,665,484,991232,0.1356326788663864,-0.011422331596259027,18.986507415771484,0.0001,0.02132722,0.9368987679481506,31.386757469177248,0.1552734375,10.432989597320557,2415,0.2,1000.0,2249.766845703125
1493,665,485,993280,0.13556978106498718,-0.011294071632437407,8.230294227600098,0.0001,0.017287795,0.9626696109771729,18.347603797912598,0.11552734375,10.436826181411742,2420,0.2,1000.0,2251.053955078125
1496,665,486,995328,0.13554199039936066,-0.012353068101219833,13.168713569641113,0.0001,0.015370377,0.9677056074142456,24.83440179824829,0.097265625,10.444486522674561,2425,0.2,1000.0,2251.053955078125
1499,665,487,997376,0.13552013039588928,-0.012492127355653793,7.0366315841674805,0.0001,0.01751832,0.9776769280433655,15.150564861297607,0.0982421875,10.447318029403686,2430,0.2,1000.0,2251.053955078125
1501,665,488,999424,0.1354987770318985,-0.013662208942696452,5.46611213684082,0.0001,0.014205819,0.9819114804267883,12.865745306015015,0.115234375,10.450731086730958,2435,0.2,1000.0,2251.053955078125
1505,665,489,1001472,0.135503888130188,-0.010672958032228053,6.384948253631592,0.0001,0.0138559025,0.9827335476875305,12.172045040130616,0.07158203125,10.452433156967164,2440,0.2,1000.0,2268.68212890625
1508,665,490,1003520,0.13548682630062103,-0.015336770890280604,20.68728256225586,0.0001,0.023332987,0.9565486907958984,40.928205490112305,0.16640625,10.45237832069397,2445,0.2,1000.0,2268.68212890625
1511,665,491,1005568,0.13545125722885132,-0.012515561847249047,9.955693244934082,0.0001,0.017013147,0.9787762761116028,19.97514400482178,0.1244140625,10.455951738357545,2450,0.2,1000.0,2268.68212890625
1514,665,492,1007616,0.13536445796489716,-0.010362696659285575,5.2275519371032715,0.0001,0.015872253,0.9885775446891785,10.641372680664062,0.11552734375,10.463806629180908,2455,0.2,1000.0,2268.68212890625
1518,665,493,1009664,0.13527190685272217,-0.01185504295863211,5.277889251708984,0.0001,0.018874984,0.9877768158912659,11.695566654205322,0.1404296875,10.476861763000489,2460,0.2,1000.0,2282.2578125
1520,665,494,1011712,0.13523931801319122,-0.0027255997993052006,63.77216720581055,0.0001,0.007362917,0.8010462522506714,120.0641544342041,0.04609375,10.485974979400634,2465,0.2,1000.0,2282.2578125
1523,665,495,1013760,0.13523340225219727,-0.007028221315704286,54.276405334472656,0.0001,0.004627137,0.7276239395141602,112.69593124389648,0.00908203125,10.4879581451416,2470,0.2,1000.0,2282.2578125
1526,665,496,1015808,0.1352241337299347,-0.004419520788360387,61.49048614501953,0.0001,0.004361237,0.708381175994873,119.56764335632325,0.01044921875,10.488849306106568,2475,0.2,1000.0,2282.2578125
1529,665,497,1017856,0.13522201776504517,-0.004128828854300081,60.894317626953125,0.0001,0.0037190374,0.7165975570678711,117.02755126953124,0.0064453125,10.489944219589233,2480,0.2,1000.0,2270.909912109375
1532,665,498,1019904,0.13521797955036163,-0.00514625299256295,37.25029373168945,0.0001,0.0041711032,0.840631902217865,77.78689994812012,0.0068359375,10.489944076538086,2485,0.2,1000.0,2270.909912109375
1535,665,499,1021952,0.13520686328411102,-0.008202488429378717,19.371997833251953,0.0001,0.010486743,0.9138911962509155,39.65955028533936,0.05,10.491034126281738,2490,0.2,1000.0,2270.909912109375
1539,665,500,1024000,0.13519233465194702,-0.005861637450288981,18.27423667907715,0.0001,0.008157944,0.9148017168045044,39.480702018737794,0.02822265625,10.492545461654663,2495,0.2,1000.0,2286.36279296875
1542,665,501,1026048,0.1351616084575653,-0.01201152300927788,20.569236755371094,0.0001,0.013195019,0.9139643907546997,43.09356956481933,0.07529296875,10.49545602798462,2500,0.2,1000.0,2286.36279296875
1544,665,502,1028096,0.13514666259288788,-0.004778395185712725,59.46430587768555,0.0001,0.0035435203,0.7316884994506836,129.14578704833986,0.0064453125,10.499186134338379,2505,0.2,1000.0,2286.36279296875
1547,665,503,1030144,0.13515084981918335,-0.005170082929544151,51.69450759887695,0.0001,0.00416182,0.7477338314056396,109.64444580078126,0.00810546875,10.499852609634399,2510,0.2,1000.0,2286.36279296875
1551,665,504,1032192,0.13516049087047577,-0.00758937185164541,43.120567321777344,0.0001,0.007628773,0.7752200365066528,95.7130687713623,0.02734375,10.498781108856202,2515,0.2,1000.0,2260.867919921875
1554,665,505,1034240,0.13516029715538025,-0.00416087630437687,62.837310791015625,0.0001,0.003285041,0.6706972122192383,119.41645240783691,0.00537109375,10.497886180877686,2520,0.2,1000.0,2260.867919921875
1557,665,506,1036288,0.13515597581863403,-0.005811959120910615,88.97481536865234,0.0001,0.0055473847,0.2067165970802307,188.52857208251953,0.012890625,10.498481941223144,2525,0.2,1000.0,2260.867919921875
1559,665,507,1038336,0.13514620065689087,-0.006780671747401356,91.19181823730469,0.0001,0.0054679103,0.04527020454406738,181.5328353881836,0.01767578125,10.49909291267395,2530,0.2,1000.0,2260.867919921875
1563,665,508,1040384,0.13513877987861633,-0.004253748431801796,96.94332122802734,0.0001,0.0027063391,-0.006780743598937988,220.00233459472656,0.00322265625,10.500500917434692,2535,0.2,1000.0,2260.170654296875
1566,665,509,1042432,0.1351345181465149,-0.006240338506177068,67.4994888305664,0.0001,0.0065278052,0.3278927803039551,138.45954284667968,0.01953125,10.501132392883301,2540,0.2,1000.0,2260.170654296875
1569,665,510,1044480,0.1351277232170105,-0.0016876505338586866,17.28276252746582,0.0001,0.0023363244,0.9199095368385315,51.6981279373169,0.00234375,10.50195050239563,2545,0.2,1000.0,2260.170654296875
1572,665,511,1046528,0.13511520624160767,-0.00367214985890314,9.812243461608887,0.0001,0.0019244144,0.9385546445846558,31.351176166534422,0.00087890625,10.502954149246216,2550,0.2,1000.0,2260.170654296875
1576,665,512,1048576,0.13509346544742584,-0.003631126007530838,12.164518356323242,0.0001,0.008616546,0.9420346617698669,30.418143653869627,0.05537109375,10.505478429794312,2555,0.2,1000.0,2270.703857421875
1579,665,513,1050624,0.13506491482257843,-0.011172162042930723,26.504840850830078,0.0001,0.013383909,0.8859261274337769,56.30781517028809,0.108203125,10.508668613433837,2560,0.2,1000.0,2270.703857421875
1582,665,514,1052672,0.13508357107639313,-0.007250113622285425,15.718549728393555,0.0001,0.014649507,0.8676028251647949,28.891701221466064,0.0796875,10.510816717147828,2565,0.2,1000.0,2270.703857421875
1584,665,515,1054720,0.1351364254951477,-0.012771348061505705,10.385693550109863,0.0001,0.017327853,0.9077674746513367,20.98438138961792,0.10126953125,10.505213975906372,2570,0.2,1000.0,2270.703857421875
1588,665,516,1056768,0.13511452078819275,-0.010668246005661786,11.518257141113281,0.0001,0.0178537,0.8936969041824341,20.55563611984253,0.101171875,10.501883602142334,2575,0.2,1000.0,2250.89404296875
1591,665,517,1058816,0.13505828380584717,-0.00676954691298306,20.137928009033203,0.0001,0.009463871,0.8370651602745056,40.057453346252444,0.0626953125,10.508716773986816,2580,0.2,1000.0,2250.89404296875
1594,665,518,1060864,0.13501040637493134,-0.007885252765845507,9.957524299621582,0.0001,0.009466397,0.8995685577392578,22.054987812042235,0.04892578125,10.515788364410401,2585,0.2,1000.0,2250.89404296875
1596,665,519,1062912,0.13497453927993774,-0.004589002032298594,10.259870529174805,0.0001,0.0063957353,0.9245826005935669,22.82511854171753,0.021875,10.521570920944214,2590,0.2,1000.0,2250.89404296875
1601,665,520,1064960,0.1349545568227768,-0.008760077378246934,7.880213737487793,0.0001,0.015737243,0.9412129521369934,15.994578313827514,0.10849609375,10.525445222854614,2595,0.2,1000.0,2252.105224609375
1603,665,521,1067008,0.13491687178611755,-0.013309019547887147,15.202808380126953,0.0001,0.017240811,0.9326618909835815,29.92015504837036,0.13193359375,10.528493213653565,2600,0.2,1000.0,2252.105224609375
1606,665,522,1069056,0.13490167260169983,-0.0032986070844344796,7.193332672119141,0.0001,0.0043854304,0.9773184657096863,25.94669885635376,0.0126953125,10.53287968635559,2605,0.2,1000.0,2252.105224609375
1609,665,523,1071104,0.1348770260810852,-0.008909018407575787,8.967491149902344,0.0001,0.013412255,0.9756016135215759,19.52226495742798,0.0556640625,10.534446334838867,2610,0.2,1000.0,2252.105224609375
1613,665,524,1073152,0.13486817479133606,-0.003926153900101781,8.305147171020508,0.0001,0.004446322,0.9786872863769531,21.073782444000244,0.01025390625,10.538062286376952,2615,0.2,1000.0,2266.1904296875
1616,665,525,1075200,0.13487404584884644,-0.004292537772562355,31.217391967773438,0.0001,0.005707558,0.8981943130493164,65.08232707977295,0.02109375,10.537452840805054,2620,0.2,1000.0,2266.1904296875
1618,665,526,1077248,0.13485875725746155,-0.011253370065242052,30.369794845581055,0.0001,0.012708877,0.8692454099655151,67.0531400680542,0.07177734375,10.538091564178467,2625,0.2,1000.0,2266.1904296875
1621,665,527,1079296,0.13483983278274536,-0.006473044003359974,40.295719146728516,0.0001,0.008012852,0.8354489803314209,80.98664665222168,0.0267578125,10.540583086013793,2630,0.2,1000.0,2266.1904296875
1625,665,528,1081344,0.13481999933719635,-0.0031406655674800278,39.54038619995117,0.0001,0.0051949853,0.8345209956169128,79.62195510864258,0.0150390625,10.543065071105957,2635,0.2,1000.0,2243.88818359375
1628,665,529,1083392,0.1347832977771759,-0.01430530792567879,20.88728141784668,0.0001,0.017965162,0.8861683011054993,39.360107421875,0.1345703125,10.547028398513794,2640,0.2,1000.0,2243.88818359375
1630,665,530,1085440,0.13475863635540009,-0.0051637902855873104,8.382218360900879,0.0001,0.005749841,0.9456335306167603,20.188468647003173,0.0173828125,10.55130639076233,2645,0.2,1000.0,2243.88818359375
1633,665,531,1087488,0.1347293257713318,-0.00725960994604975,9.185351371765137,0.0001,0.010651528,0.9485413432121277,18.343251132965086,0.06201171875,10.55483283996582,2650,0.2,1000.0,2243.88818359375
1637,665,532,1089536,0.13471049070358276,-0.008793815900571645,7.3004469871521,0.0001,0.013335812,0.9540894627571106,17.436315870285036,0.06337890625,10.558622884750367,2655,0.2,1000.0,2243.34326171875
1640,665,533,1091584,0.13469935953617096,-0.004212596558500081,37.14033889770508,0.0001,0.0061776247,0.8469781875610352,82.35287590026856,0.0302734375,10.560187149047852,2660,0.2,1000.0,2243.34326171875
1643,665,534,1093632,0.13468509912490845,-0.004686555033549667,42.93014907836914,0.0001,0.006136331,0.8409672379493713,91.81432914733887,0.0267578125,10.562228155136108,2665,0.2,1000.0,2243.34326171875
1646,665,535,1095680,0.13467219471931458,-0.00810139398672618,28.914857864379883,0.0001,0.011080453,0.8695622682571411,60.45031394958496,0.04853515625,10.56404972076416,2670,0.2,1000.0,2243.34326171875
1650,665,536,1097728,0.1346505880355835,-0.004248921573162079,27.523780822753906,0.0001,0.006151908,0.8787140250205994,63.65583553314209,0.0236328125,10.566278648376464,2675,0.2,1000.0,2204.266357421875
1653,665,537,1099776,0.13465102016925812,-0.012298780493438244,21.15165138244629,0.0001,0.01353528,0.9264553189277649,44.108123016357425,0.0658203125,10.568367433547973,2680,0.2,1000.0,2204.266357421875
1656,665,538,1101824,0.13465827703475952,-0.00315622934140265,11.786323547363281,0.0001,0.004902566,0.967001736164093,25.259555912017824,0.011328125,10.567350101470947,2685,0.2,1000.0,2204.266357421875
1658,665,539,1103872,0.13465136289596558,-0.011128876474685967,9.943541526794434,0.0001,0.015827771,0.971051812171936,20.693382740020752,0.11044921875,10.56743083000183,2690,0.2,1000.0,2204.266357421875
1662,665,540,1105920,0.13463923335075378,-0.005697849718853831,8.226171493530273,0.0001,0.008091925,0.9759526252746582,20.969771099090575,0.05185546875,10.56912784576416,2695,0.2,1000.0,2213.647216796875
1665,665,541,1107968,0.13463439047336578,-0.005465457041282207,37.04399871826172,0.0001,0.008492723,0.8566828966140747,81.10522232055663,0.0466796875,10.570379400253296,2700,0.2,1000.0,2213.647216796875
1667,665,542,1110016,0.13462376594543457,-0.006980446248780936,51.161376953125,0.0001,0.011041502,0.789945125579834,106.14368858337403,0.06044921875,10.57121925354004,2705,0.2,1000.0,2213.647216796875
1671,665,543,1112064,0.13459761440753937,-0.009004365734290332,32.114498138427734,0.0001,0.011308922,0.8479199409484863,67.05582752227784,0.04892578125,10.573308181762695,2710,0.2,1000.0,2195.67578125
1674,665,544,1114112,0.1345680058002472,-0.012819551536813379,29.66007423400879,0.0001,0.015438213,0.8692662715911865,61.71263408660889,0.08837890625,10.57717604637146,2715,0.2,1000.0,2195.67578125
1677,665,545,1116160,0.13453473150730133,-0.008224875794257968,8.429561614990234,0.0001,0.014130922,0.9081804156303406,18.635552406311035,0.0736328125,10.580913591384888,2720,0.2,1000.0,2195.67578125
1679,665,546,1118208,0.13448967039585114,-0.008963990001939237,7.357581615447998,0.0001,0.012112314,0.9267416596412659,16.786115741729738,0.065234375,10.58579363822937,2725,0.2,1000.0,2195.67578125
1683,665,547,1120256,0.13441406190395355,-0.010488555056508631,8.085945129394531,0.0001,0.014767384,0.8978516459465027,18.674134063720704,0.0966796875,10.594317817687989,2730,0.2,1000.0,2180.308837890625
1686,665,548,1122304,0.1344051957130432,-0.012535555358044802,12.28995132446289,0.0001,0.018785175,0.8624892830848694,26.33848457336426,0.14052734375,10.601528549194336,2735,0.2,1000.0,2180.308837890625
1688,665,549,1124352,0.13441257178783417,-0.0022656708024442196,16.5554256439209,0.0001,0.0071768165,0.8868376016616821,41.2372802734375,0.04541015625,10.600182676315308,2740,0.2,1000.0,2180.308837890625
1691,665,550,1126400,0.13440652191638947,-0.007660098618362099,11.39024543762207,0.0001,0.010654321,0.9238656759262085,25.74076862335205,0.0474609375,10.600300979614257,2745,0.2,1000.0,2180.308837890625
1695,665,551,1128448,0.13440050184726715,-0.006936043908353895,12.968414306640625,0.0001,0.008638768,0.9130593538284302,30.26419677734375,0.03984375,10.601364850997925,2750,0.2,1000.0,2197.977294921875
1698,665,552,1130496,0.13441656529903412,-0.011542590509634465,33.94703674316406,0.0001,0.016197866,0.8704685568809509,59.9250846862793,0.12392578125,10.600875663757325,2755,0.2,1000.0,2197.977294921875
1700,665,553,1132544,0.13442593812942505,-0.0019724050536751745,49.75120544433594,0.0001,0.0046226652,0.746506929397583,125.84897155761719,0.0171875,10.598891830444336,2760,0.2,1000.0,2197.977294921875
1703,666,554,1134592,0.13442488014698029,-0.006743463990278542,47.288204193115234,0.0001,0.008223763,0.7614532709121704,100.39128799438477,0.02734375,10.59854965209961,2765,0.2,1000.0,2197.977294921875
1707,665,555,1136640,0.13441570103168488,-0.006979767221491784,33.54009246826172,0.0001,0.0078420825,0.7891632318496704,79.96493759155274,0.0298828125,10.599153280258179,2770,0.2,1000.0,2207.281494140625
1710,665,556,1138688,0.13439269363880157,-0.012881580542307347,37.605552673339844,0.0001,0.021640988,0.8116764426231384,74.19494743347168,0.1333984375,10.601332807540894,2775,0.2,1000.0,2207.281494140625
1713,665,557,1140736,0.13437598943710327,-0.004755416570696979,15.926250457763672,0.0001,0.004831424,0.9168349504470825,40.85249347686768,0.01328125,10.604152488708497,2780,0.2,1000.0,2207.281494140625
1716,665,558,1142784,0.13438038527965546,-0.007443184708245098,15.120401382446289,0.0001,0.012564784,0.9359000325202942,31.025533771514894,0.0580078125,10.605865240097046,2785,0.2,1000.0,2207.281494140625
1720,665,559,1144832,0.13438132405281067,-0.0027341356500983236,15.817946434020996,0.0001,0.0039645205,0.9349548816680908,39.75270528793335,0.00732421875,10.604439496994019,2790,0.2,1000.0,2215.9619140625
1722,665,560,1146880,0.13434436917304993,-0.008333471964579075,15.444524765014648,0.0001,0.013245294,0.9316210746765137,35.00634508132934,0.075390625,10.607044506072999,2795,0.2,1000.0,2215.9619140625
1725,665,561,1148928,0.1343117654323578,-0.007229334570001811,9.32831859588623,0.0001,0.013158587,0.9559326767921448,21.229844284057616,0.07001953125,10.612375736236572,2800,0.2,1000.0,2215.9619140625
1728,665,562,1150976,0.13430075347423553,-0.0066621312871575356,8.013513565063477,0.0001,0.007762491,0.9640435576438904,20.23645763397217,0.03544921875,10.615593767166137,2805,0.2,1000.0,2215.9619140625
1732,665,563,1153024,0.1342947632074356,-0.014950979175046087,12.8478422164917,0.0001,0.020573277,0.9475181698799133,26.531593799591064,0.16279296875,10.616713714599609,2810,0.2,1000.0,2237.966796875
1735,665,564,1155072,0.13425138592720032,-0.01668083113618195,15.879073143005371,0.0001,0.027494136,0.9495365023612976,32.327642345428465,0.1970703125,10.619085216522217,2815,0.2,1000.0,2237.966796875
1737,665,565,1157120,0.13418270647525787,-0.01080636151600629,8.544875144958496,0.0001,0.019062541,0.9779464602470398,17.76120285987854,0.163671875,10.627111387252807,2820,0.2,1000.0,2237.966796875
1740,665,566,1159168,0.13404372334480286,-0.01394263976253569,8.984655380249023,0.0001,0.017891236,0.9791319370269775,17.283330869674682,0.1591796875,10.639335346221923,2825,0.2,1000.0,2237.966796875
1744,665,567,1161216,0.13385364413261414,-0.014298136392608286,6.397523880004883,0.0001,0.020206263,0.9845542907714844,12.620520544052123,0.19765625,10.662612056732177,2830,0.2,1000.0,2253.9208984375
1747,665,568,1163264,0.13375374674797058,-0.009052883996628226,9.704915046691895,0.0001,0.017009592,0.9670526385307312,21.55315580368042,0.1291015625,10.684715366363525,2835,0.2,1000.0,2253.9208984375
1749,665,569,1165312,0.13372984528541565,-0.007664175773970783,7.489932537078857,0.0001,0.01054521,0.9680318832397461,17.05145435333252,0.05087890625,10.691739177703857,2840,0.2,1000.0,2253.9208984375
1752,666,570,1167360,0.13368290662765503,-0.008410346950404346,8.448799133300781,0.0001,0.017307265,0.9666874408721924,16.86716513633728,0.08447265625,10.695903015136718,2845,0.2,1000.0,2253.9208984375
1756,665,571,1169408,0.13366590440273285,-0.008037082920782267,7.93475866317749,0.0001,0.01319267,0.9704119563102722,16.85905590057373,0.06494140625,10.70156807899475,2850,0.2,1000.0,2245.876708984375
1759,665,572,1171456,0.13365915417671204,-0.0012923326168674976,56.25284957885742,0.0001,0.005990832,0.8313921093940735,109.96104354858399,0.0349609375,10.702734994888306,2855,0.2,1000.0,2245.876708984375
1762,665,573,1173504,0.13364657759666443,-0.0058214050251990555,57.51963806152344,0.0001,0.005687446,0.8043116331100464,120.75065650939942,0.01826171875,10.704075622558594,2860,0.2,1000.0,2245.876708984375
1764,666,574,1175552,0.13363903760910034,-0.003502982296049595,54.4680061340332,0.0001,0.0027562445,0.8316404223442078,106.64405174255371,0.00263671875,10.705682373046875,2865,0.2,1000.0,2245.876708984375
1768,665,575,1177600,0.13362640142440796,-0.005203886236995458,54.066612243652344,0.0001,0.0044215154,0.8090050220489502,111.0195426940918,0.00908203125,10.70668797492981,2870,0.2,1000.0,2224.40673828125
1771,665,576,1179648,0.13360515236854553,-0.007806508522480726,18.39562225341797,0.0001,0.011457972,0.9255973100662231,36.71068029403686,0.05703125,10.708943080902099,2875,0.2,1000.0,2224.40673828125
1774,665,577,1181696,0.13358540832996368,-0.005682651500683278,8.770910263061523,0.0001,0.010926702,0.9636231660842896,20.11395721435547,0.03564453125,10.711796236038207,2880,0.2,1000.0,2224.40673828125
1777,665,578,1183744,0.13357287645339966,-0.006994578748708591,11.390061378479004,0.0001,0.0133643,0.9576061964035034,22.155992221832275,0.0990234375,10.71432843208313,2885,0.2,1000.0,2224.40673828125
1781,665,579,1185792,0.13353519141674042,-0.01400226610712707,7.596872329711914,0.0001,0.024095336,0.9672074317932129,16.692559432983398,0.162890625,10.716615915298462,2890,0.2,1000.0,2219.759521484375
1784,665,580,1187840,0.13352586328983307,-0.008383410656824708,15.998858451843262,0.0001,0.01653668,0.8719720840454102,32.19386291503906,0.088671875,10.720969915390015,2895,0.2,1000.0,2219.759521484375
1787,665,581,1189888,0.1335200071334839,-0.005339214229024947,6.133783340454102,0.0001,0.011257009,0.936098039150238,13.92861361503601,0.04140625,10.72095012664795,2900,0.2,1000.0,2219.759521484375
1789,665,582,1191936,0.13349583745002747,-0.002621198585256934,4.926242351531982,0.0001,0.0072210003,0.9475459456443787,13.368614530563354,0.039453125,10.723122310638427,2905,0.2,1000.0,2219.759521484375
1793,665,583,1193984,0.13345038890838623,-0.008055991353467106,7.100215911865234,0.0001,0.012524937,0.9345914721488953,15.001615953445434,0.06552734375,10.728057146072388,2910,0.2,1000.0,2238.148193359375
1796,665,584,1196032,0.13341794908046722,-0.006258739600889384,77.80706787109375,0.0001,0.007733299,0.7449048757553101,150.676607131958,0.03017578125,10.733811283111573,2915,0.2,1000.0,2238.148193359375
1799,665,585,1198080,0.13339760899543762,-0.011062974529340863,60.00457000732422,0.0001,0.014409013,0.7667860984802246,125.49993095397949,0.0958984375,10.737451791763306,2920,0.2,1000.0,2238.148193359375
1803,665,586,1200128,0.13336536288261414,-0.011544601083733142,55.04738235473633,0.0001,0.014252391,0.7831437587738037,116.76483726501465,0.07666015625,10.74023642539978,2925,0.2,1000.0,2234.1494140625
1806,665,587,1202176,0.13334450125694275,-0.005924489011522383,44.54822540283203,0.0001,0.0066842083,0.7875334024429321,101.41511726379395,0.0248046875,10.744470071792602,2930,0.2,1000.0,2234.1494140625
1808,665,588,1204224,0.13331767916679382,-0.010724393569398671,9.542427062988281,0.0001,0.015068322,0.9373939037322998,20.955036640167236,0.0755859375,10.747097063064576,2935,0.2,1000.0,2234.1494140625
1811,665,589,1206272,0.13326877355575562,-0.013984772330150008,8.146707534790039,0.0001,0.018191034,0.9490679502487183,17.21146693229675,0.13515625,10.75239839553833,2940,0.2,1000.0,2234.1494140625
1815,665,590,1208320,0.1332353949546814,-0.010371392639353872,11.351645469665527,0.0001,0.014470965,0.9331363439559937,26.489035511016844,0.090234375,10.758650398254394,2945,0.2,1000.0,2236.186767578125
1818,665,591,1210368,0.13321034610271454,-0.015166653250344098,11.230855941772461,0.0001,0.02100613,0.9463179111480713,22.15972309112549,0.15322265625,10.762142848968505,2950,0.2,1000.0,2236.186767578125
1820,665,592,1212416,0.13315947353839874,-0.008010333171114326,6.9040985107421875,0.0001,0.012854843,0.9763522148132324,15.177742528915406,0.06884765625,10.766287851333619,2955,0.2,1000.0,2236.186767578125
1823,665,593,1214464,0.13310101628303528,-0.008576668077148497,6.3168463706970215,0.0001,0.01446317,0.9797583222389221,13.963708543777466,0.080078125,10.774548625946045,2960,0.2,1000.0,2236.186767578125
1827,665,594,1216512,0.13309147953987122,-0.015275088179623707,9.0650053024292,0.0001,0.019233206,0.9744890928268433,16.91529517173767,0.133984375,10.779946565628052,2965,0.2,1000.0,2250.19287109375
1830,665,595,1218560,0.1331079751253128,-0.009853317448869348,13.102472305297852,0.0001,0.01591259,0.959972083568573,27.04070692062378,0.1115234375,10.779317045211792,2970,0.2,1000.0,2250.19287109375
1832,665,596,1220608,0.13302992284297943,-0.010205310815945268,7.319511413574219,0.0001,0.017452117,0.9788039922714233,14.552448320388795,0.1546875,10.78178334236145,2975,0.2,1000.0,2250.19287109375
1835,666,597,1222656,0.13295069336891174,-0.012575115798972547,5.973495960235596,0.0001,0.017281791,0.984261691570282,11.448335981369018,0.12939453125,10.793522930145263,2980,0.2,1000.0,2250.19287109375
1839,665,598,1224704,0.13287436962127686,-0.013176818285137415,5.924538612365723,0.0001,0.023476854,0.9826854467391968,13.199528408050536,0.1658203125,10.803233289718628,2985,0.2,1000.0,2245.073974609375
1842,665,599,1226752,0.1328301876783371,-0.007944689586292953,25.32990264892578,0.0001,0.012297194,0.9382426142692566,60.468089485168456,0.087109375,10.812406826019288,2990,0.2,1000.0,2245.073974609375
1845,665,600,1228800,0.1328185349702835,-0.0022292694542557,59.72614288330078,0.0001,0.0035198755,0.9118841886520386,144.32452011108398,0.0083984375,10.816136169433594,2995,0.2,1000.0,2245.073974609375
1848,665,601,1230848,0.13281039893627167,-0.00431444242130965,57.452186584472656,0.0001,0.0031397212,0.920945405960083,120.42795486450196,0.00283203125,10.817138862609863,3000,0.2,1000.0,2245.073974609375
1852,665,602,1232896,0.13280479609966278,-0.0065053506987169385,53.300758361816406,0.0001,0.004165604,0.9280682802200317,117.686572265625,0.0099609375,10.818208742141724,3005,0.2,1000.0,2244.769775390625
1854,665,603,1234944,0.1327817291021347,-0.00904821460135281,35.95756149291992,0.0001,0.010163551,0.9351661801338196,76.91901931762695,0.0462890625,10.819777584075927,3010,0.2,1000.0,2244.769775390625
1857,665,604,1236992,0.13276273012161255,-0.00418926258571446,9.363780975341797,0.0001,0.0042828443,0.9689661860466003,20.405817127227785,0.0087890625,10.823077392578124,3015,0.2,1000.0,2244.769775390625
1860,666,605,1239040,0.13274596631526947,-0.0026210895332042126,7.754528999328613,0.0001,0.0026340447,0.9735691547393799,19.588160514831543,0.00185546875,10.825180006027221,3020,0.2,1000.0,2244.769775390625
1864,665,606,1241088,0.13272804021835327,-0.004618759953882545,8.212911605834961,0.0001,0.006101413,0.9675029516220093,20.98049831390381,0.02001953125,10.827975845336914,3025,0.2,1000.0,2244.739013671875
1866,665,607,1243136,0.13269759714603424,-0.005399225314613431,15.639196395874023,0.0001,0.007975948,0.966628909111023,33.49142723083496,0.04130859375,10.830728149414062,3030,0.2,1000.0,2244.739013671875
1869,665,608,1245184,0.13267141580581665,-0.005614364566281438,6.780196189880371,0.0001,0.0069112247,0.9929978251457214,19.70474543571472,0.03583984375,10.835338449478149,3035,0.2,1000.0,2244.739013671875
1872,666,609,1247232,0.1326623558998108,-0.007466429600026458,6.600868225097656,0.0001,0.010835372,0.9905925989151001,17.481587648391724,0.0556640625,10.837564516067506,3040,0.2,1000.0,2244.739013671875
1876,665,610,1249280,0.1326492428779602,-0.004645025642821566,7.163363456726074,0.0001,0.0070943856,0.9884063601493835,18.233367013931275,0.03017578125,10.838634014129639,3045,0.2,1000.0,2255.897705078125
1878,665,611,1251328,0.13262374699115753,-0.010640287981368601,17.72504997253418,0.0001,0.018027123,0.9618868231773376,36.662864112854,0.10732421875,10.841575479507446,3050,0.2,1000.0,2255.897705078125
1881,666,612,1253376,0.13259655237197876,-0.011642622528597713,7.923037528991699,0.0001,0.01961885,0.9847064018249512,14.793867540359496,0.08984375,10.844738483428955,3055,0.2,1000.0,2255.897705078125
1884,666,613,1255424,0.13258162140846252,-0.009833676693961024,5.267263412475586,0.0001,0.017977087,0.9871110916137695,13.235692405700684,0.09794921875,10.848369121551514,3060,0.2,1000.0,2255.897705078125
1888,665,614,1257472,0.13256166875362396,-0.014468893478624522,6.286411285400391,0.0001,0.02607188,0.9870381355285645,13.700254344940186,0.1763671875,10.850509309768677,3065,0.2,1000.0,2253.767333984375
1890,666,615,1259520,0.13253909349441528,-0.005559964384883642,40.50398635864258,0.0001,0.008220082,0.8870674967765808,93.65673484802247,0.04658203125,10.853895998001098,3070,0.2,1000.0,2253.767333984375
1893,666,616,1261568,0.13252829015254974,-0.003472284722374752,52.35124969482422,0.0001,0.005036921,0.848591685295105,118.60005264282226,0.01474609375,10.856165456771851,3075,0.2,1000.0,2253.767333984375
1897,666,617,1263616,0.13252565264701843,-0.006109040649607778,53.813167572021484,0.0001,0.0059091225,0.8386567234992981,123.27381172180176,0.01845703125,10.85722575187683,3080,0.2,1000.0,2253.767333984375
1900,665,618,1265664,0.1325104683637619,-0.008656498813070356,61.55868911743164,0.0001,0.009479487,0.8496670126914978,114.7111831665039,0.04111328125,10.857980442047118,3085,0.2,1000.0,2228.013916015625
1903,665,619,1267712,0.13247516751289368,-0.010790716245537624,24.44758415222168,0.0001,0.011725019,0.9142433404922485,46.65265254974365,0.06015625,10.861500453948974,3090,0.2,1000.0,2228.013916015625
1906,665,620,1269760,0.13246110081672668,-0.007013511925470084,13.921767234802246,0.0001,0.009016272,0.9483376741409302,27.979916477203368,0.035546875,10.865593814849854,3095,0.2,1000.0,2228.013916015625
1909,666,621,1271808,0.13244928419589996,-0.005905138922389597,9.783426284790039,0.0001,0.005957861,0.964281439781189,22.137030410766602,0.0173828125,10.866662120819091,3100,0.2,1000.0,2228.013916015625
1913,665,622,1273856,0.132420614361763,-0.0035370576952118427,10.69868278503418,0.0001,0.0073418827,0.9581764340400696,24.21713457107544,0.022265625,10.869416809082031,3105,0.2,1000.0,2252.74658203125
1916,665,623,1275904,0.13238945603370667,-0.005285044363699853,19.73653221130371,0.0001,0.008947581,0.9356487393379211,39.74954128265381,0.03896484375,10.873931980133056,3110,0.2,1000.0,2252.74658203125
1918,665,624,1277952,0.13238361477851868,-0.008667140221223234,17.23735809326172,0.0001,0.014909991,0.9405378103256226,37.51364574432373,0.068359375,10.87677788734436,3115,0.2,1000.0,2252.74658203125
1923,665,625,1280000,0.1323622316122055,-0.007315226912032813,18.88079071044922,0.0001,0.009399948,0.9376327991485596,38.80529308319092,0.03544921875,10.877990102767944,3120,0.2,1000.0,2249.337646484375
1925,665,626,1282048,0.1323220133781433,-0.011644883756525814,18.08365249633789,0.0001,0.01590802,0.9396119713783264,36.12876396179199,0.0962890625,10.882571077346801,3125,0.2,1000.0,2249.337646484375
1928,665,627,1284096,0.13229906558990479,-0.011284674750640988,25.806785583496094,0.0001,0.012409519,0.9417428970336914,60.474856758117674,0.08349609375,10.887279748916626,3130,0.2,1000.0,2249.337646484375
1931,665,628,1286144,0.13227170705795288,-0.011652359738945961,21.18039894104004,0.0001,0.015610912,0.9548097848892212,47.39384174346924,0.078515625,10.890252208709716,3135,0.2,1000.0,2249.337646484375
1935,665,629,1288192,0.13226723670959473,-0.0072116533294320105,16.680471420288086,0.0001,0.010319984,0.9665268659591675,36.1331545829773,0.04765625,10.893366241455078,3140,0.2,1000.0,2247.5498046875
1938,665,630,1290240,0.13229376077651978,-0.011051164777018129,29.453094482421875,0.0001,0.014829288,0.9532537460327148,53.44744396209717,0.08525390625,10.891455554962159,3145,0.2,1000.0,2247.5498046875
1940,665,631,1292288,0.13230431079864502,-0.009671826846897602,38.37091064453125,0.0001,0.011447968,0.9356200695037842,86.18288459777833,0.0587890625,10.88841667175293,3150,0.2,1000.0,2247.5498046875
1943,665,632,1294336,0.13228970766067505,-0.011073436087463051,37.54071807861328,0.0001,0.014615644,0.9421104192733765,73.01179714202881,0.0849609375,10.88870415687561,3155,0.2,1000.0,2247.5498046875
1947,665,633,1296384,0.13227535784244537,-0.009886733361054213,34.30917739868164,0.0001,0.012252555,0.9338537454605103,72.4393232345581,0.07001953125,10.89084858894348,3160,0.2,1000.0,2227.964599609375
1950,665,634,1298432,0.13227692246437073,-0.014096066053025425,29.375850677490234,0.0001,0.0147159565,0.9360018372535706,61.475239753723145,0.10869140625,10.89220552444458,3165,0.2,1000.0,2227.964599609375
1952,665,635,1300480,0.13226380944252014,-0.004493394208839163,9.943798065185547,0.0001,0.007282975,0.9749255776405334,24.841152286529542,0.027734375,10.891864347457886,3170,0.2,1000.0,2227.964599609375
1955,666,636,1302528,0.13220326602458954,-0.007290433067828417,6.974816799163818,0.0001,0.011470295,0.9829196929931641,15.392551851272582,0.0607421875,10.89660096168518,3175,0.2,1000.0,2227.964599609375
1959,665,637,1304576,0.13216336071491241,-0.01870561228133738,10.552559852600098,0.0001,0.023202002,0.9706634879112244,21.279294300079346,0.20634765625,10.90524344444275,3180,0.2,1000.0,2270.781982421875
1961,666,638,1306624,0.13207514584064484,-0.01525733966846019,11.57021427154541,0.0001,0.02482935,0.9626961946487427,24.655573749542235,0.21259765625,10.912190294265747,3185,0.2,1000.0,2270.781982421875
1964,666,639,1308672,0.13201887905597687,-0.00667618348961696,11.018329620361328,0.0001,0.011485055,0.9670088887214661,21.518403244018554,0.0685546875,10.923543119430542,3190,0.2,1000.0,2270.781982421875
1967,666,640,1310720,0.13199451565742493,-0.003260373289231211,10.173089027404785,0.0001,0.0049262596,0.9723043441772461,23.840253639221192,0.01806640625,10.928726148605346,3195,0.2,1000.0,2270.781982421875
1971,665,641,1312768,0.13197344541549683,-0.012624282541219145,8.910440444946289,0.0001,0.01494975,0.9704011082649231,18.33364791870117,0.10986328125,10.93167848587036,3200,0.2,1000.0,2295.052734375
1974,665,642,1314816,0.13196220993995667,-0.005611953986226581,34.49924850463867,0.0001,0.006815945,0.9202614426612854,66.51792678833007,0.0302734375,10.933989477157592,3205,0.2,1000.0,2295.052734375
1977,666,643,1316864,0.13195544481277466,-0.005201744451187551,52.96565628051758,0.0001,0.004491284,0.8631343841552734,118.46590728759766,0.00830078125,10.935115194320678,3210,0.2,1000.0,2295.052734375
1980,666,644,1318912,0.13194435834884644,-0.005918237287551165,54.2631721496582,0.0001,0.0055176234,0.8604023456573486,125.26961250305176,0.0138671875,10.936190366744995,3215,0.2,1000.0,2295.052734375
1983,665,645,1320960,0.1319384127855301,-0.0023629289818927644,71.84742736816406,0.0001,0.0027535018,0.8542943596839905,142.74390716552733,0.00341796875,10.937653398513794,3220,0.2,1000.0,2265.194580078125
1986,665,646,1323008,0.13191959261894226,-0.009033061203081161,38.307212829589844,0.0001,0.012055101,0.9265376329421997,80.26245460510253,0.05205078125,10.93871192932129,3225,0.2,1000.0,2265.194580078125
1989,666,647,1325056,0.13187699019908905,-0.007503204612294212,8.609041213989258,0.0001,0.013175039,0.9093271493911743,17.629583168029786,0.0529296875,10.942633152008057,3230,0.2,1000.0,2265.194580078125
1992,666,648,1327104,0.1318272352218628,-0.00445781925227493,8.635366439819336,0.0001,0.007528675,0.8631685972213745,18.752005100250244,0.028125,10.949213123321533,3235,0.2,1000.0,2265.194580078125
1995,665,649,1329152,0.13178396224975586,-0.010962025460321457,9.104783058166504,0.0001,0.01777907,0.8253809213638306,17.76224946975708,0.11708984375,10.955908584594727,3240,0.2,1000.0,2293.578369140625
1998,666,650,1331200,0.1317637860774994,-0.004992581880651414,32.388179779052734,0.0001,0.011724982,0.9258749485015869,69.19526062011718,0.0763671875,10.95947437286377,3245,0.2,1000.0,2293.578369140625
2001,666,651,1333248,0.13175159692764282,-0.0017751479463186115,49.537567138671875,0.0001,0.00215822,0.8804630637168884,101.74686851501465,0.00244140625,10.9615309715271,3250,0.2,1000.0,2293.578369140625
2004,666,652,1335296,0.13174016773700714,-0.004562320205150172,53.20332717895508,0.0001,0.004076923,0.8633841276168823,106.26370429992676,0.00771484375,10.963313722610474,3255,0.2,1000.0,2293.578369140625
2007,666,653,1337344,0.13173164427280426,-0.005652682390064001,50.15916442871094,0.0001,0.0052937306,0.8686028718948364,111.3215560913086,0.01396484375,10.964457178115845,3260,0.2,1000.0,2285.372314453125
2010,666,654,1339392,0.13171136379241943,-0.012069864652585239,25.536376953125,0.0001,0.015361827,0.9319051504135132,51.430914878845215,0.0849609375,10.966236782073974,3265,0.2,1000.0,2285.372314453125
2013,666,655,1341440,0.1317036747932434,-0.003499272163026035,6.3817138671875,0.0001,0.003741229,0.9492741227149963,18.075113391876222,0.0052734375,10.969092082977294,3270,0.2,1000.0,2285.372314453125
2016,666,656,1343488,0.1317007839679718,-0.004015192377846688,8.206622123718262,0.0001,0.006236073,0.9208430647850037,19.633449459075926,0.02412109375,10.969332933425903,3275,0.2,1000.0,2285.372314453125
2020,666,657,1345536,0.13167214393615723,-0.0063799417344853285,7.45049524307251,0.0001,0.011696963,0.9042633771896362,17.618861198425293,0.058203125,10.970853281021117,3280,0.2,1000.0,2290.313720703125
2022,666,658,1347584,0.13165195286273956,-0.008569852780783548,26.94439697265625,0.0001,0.01127373,0.9500375390052795,64.23510875701905,0.060546875,10.975521850585938,3285,0.2,1000.0,2290.313720703125
2025,666,659,1349632,0.13163787126541138,-0.010291397641412913,37.30949783325195,0.0001,0.0101518,0.926705002784729,77.40217475891113,0.05068359375,10.977266979217529,3290,0.2,1000.0,2290.313720703125
2028,666,660,1351680,0.13161581754684448,-0.006762541370699182,28.50242042541504,0.0001,0.008046204,0.9435113072395325,60.52276248931885,0.03330078125,10.979537439346313,3295,0.2,1000.0,2290.313720703125
2032,666,661,1353728,0.1315864622592926,-0.013119673007167876,23.658859252929688,0.0001,0.016205583,0.948652982711792,55.56395664215088,0.0861328125,10.9830961227417,3300,0.2,1000.0,2259.3974609375
2034,666,662,1355776,0.13157209753990173,-0.00442772147944197,29.215824127197266,0.0001,0.0051053055,0.9591202139854431,63.64053726196289,0.0138671875,10.986171627044678,3305,0.2,1000.0,2259.3974609375
2037,666,663,1357824,0.1315707564353943,-0.00524365552701056,19.895832061767578,0.0001,0.004646919,0.9696142673492432,49.79620552062988,0.01025390625,10.987390899658203,3310,0.2,1000.0,2259.3974609375
2040,666,664,1359872,0.13157592713832855,-0.0053541188943199815,20.37493324279785,0.0001,0.006466853,0.9737592935562134,43.61545639038086,0.01904296875,10.986998367309571,3315,0.2,1000.0,2259.3974609375
2044,666,665,1361920,0.13156360387802124,-0.007311523612588644,24.55660629272461,0.0001,0.008755011,0.9734665751457214,47.52874908447266,0.04130859375,10.987118482589722,3320,0.2,1000.0,2262.12353515625
2047,666,666,1363968,0.13155169785022736,-0.006238115113228559,18.517370223999023,0.0001,0.0058824653,0.9703260660171509,39.94490718841553,0.015625,10.988975381851196,3325,0.2,1000.0,2262.12353515625
2050,666,667,1366016,0.13153637945652008,-0.001636232517194003,7.953890323638916,0.0001,0.0033422853,0.985503613948822,19.838688325881957,0.0052734375,10.99054856300354,3330,0.2,1000.0,2262.12353515625
2054,665,668,1368064,0.13151246309280396,-0.00951604291331023,7.100741863250732,0.0001,0.011871683,0.9871385097503662,15.833675003051757,0.05244140625,10.993201446533202,3335,0.2,1000.0,2261.9267578125
2056,666,669,1370112,0.13149325549602509,-0.008507617097347975,5.763967990875244,0.0001,0.010811414,0.9878063797950745,14.087834072113036,0.05546875,10.996698951721191,3340,0.2,1000.0,2261.9267578125
2059,666,670,1372160,0.1314709335565567,-0.010691446671262383,12.28065013885498,0.0001,0.011578383,0.9698586463928223,27.714789390563965,0.07158203125,10.999320697784423,3345,0.2,1000.0,2261.9267578125
2062,666,671,1374208,0.13144388794898987,-0.010273634688928723,9.260652542114258,0.0001,0.011870093,0.9753816723823547,20.61784954071045,0.0619140625,11.002528524398803,3350,0.2,1000.0,2261.9267578125
2066,666,672,1376256,0.13141177594661713,-0.012950256164185703,8.802511215209961,0.0001,0.017522458,0.9728388786315918,20.191640853881836,0.11982421875,11.00693850517273,3355,0.2,1000.0,2250.781494140625
2068,666,673,1378304,0.13139961659908295,-0.007035574206383899,15.562372207641602,0.0001,0.008708283,0.9616035223007202,30.102684116363527,0.03857421875,11.01042218208313,3360,0.2,1000.0,2250.781494140625
2071,666,674,1380352,0.13139159977436066,-0.0031341772177256645,40.085105895996094,0.0001,0.0031773718,0.9073996543884277,88.02480049133301,0.00458984375,11.011836576461793,3365,0.2,1000.0,2250.781494140625
2074,666,675,1382400,0.13137458264827728,-0.004773359163664281,38.31405258178711,0.0001,0.0043041874,0.9149492383003235,83.58462257385254,0.009375,11.013364267349242,3370,0.2,1000.0,2250.781494140625
2078,666,676,1384448,0.13137008249759674,-0.006748620606958866,36.093841552734375,0.0001,0.0067212377,0.9251353740692139,73.2272792816162,0.02109375,11.015444993972778,3375,0.2,1000.0,2225.162353515625
2081,666,677,1386496,0.13136188685894012,-0.004822717560455203,42.3900260925293,0.0001,0.0060442192,0.9169619679450989,88.3845329284668,0.019921875,11.015535831451416,3380,0.2,1000.0,2225.162353515625
2083,666,678,1388544,0.13133221864700317,-0.010841009649448096,11.934348106384277,0.0001,0.013054812,0.977759838104248,26.10546932220459,0.064453125,11.018347835540771,3385,0.2,1000.0,2225.162353515625
2086,666,679,1390592,0.13128608465194702,-0.01217626896686852,9.800657272338867,0.0001,0.014980715,0.9810279011726379,20.588751220703124,0.1177734375,11.023375463485717,3390,0.2,1000.0,2225.162353515625
2090,666,680,1392640,0.13126522302627563,-0.00764952931785956,8.073874473571777,0.0001,0.0106024835,0.9836241006851196,17.95207724571228,0.05439453125,11.029048728942872,3395,0.2,1000.0,2214.43408203125
2093,666,681,1394688,0.13123275339603424,-0.01378291102591902,31.16350555419922,0.0001,0.018219564,0.9328004717826843,55.72329444885254,0.122265625,11.032065486907959,3400,0.2,1000.0,2214.43408203125
2095,666,682,1396736,0.13120988011360168,-0.008187586022540928,19.40165138244629,0.0001,0.010874296,0.9196260571479797,40.02111759185791,0.051953125,11.036673450469971,3405,0.2,1000.0,2214.43408203125
2098,666,683,1398784,0.1311892420053482,-0.008408566692378373,17.25843048095703,0.0001,0.0152090965,0.928692638874054,35.3210412979126,0.075,11.039358520507813,3410,0.2,1000.0,2214.43408203125
2102,666,684,1400832,0.1311626434326172,-0.010328531754203141,20.731229782104492,0.0001,0.014445074,0.8942626714706421,47.297515869140625,0.10625,11.043141984939576,3415,0.2,1000.0,2218.086181640625
2105,666,685,1402880,0.1311618536710739,-0.011076846136711537,24.36256980895996,0.0001,0.01537725,0.9211471080780029,47.31598949432373,0.098828125,11.045329189300537,3420,0.2,1000.0,2218.086181640625
2108,666,686,1404928,0.13109880685806274,-0.015021507837809622,7.654650688171387,0.0001,0.02006977,0.9832961559295654,15.101299619674682,0.17734375,11.047830200195312,3425,0.2,1000.0,2218.086181640625
2110,666,687,1406976,0.13103638589382172,-0.013047831831499934,7.264455795288086,0.0001,0.01688209,0.9832937121391296,14.89320640563965,0.1771484375,11.058395290374756,3430,0.2,1000.0,2218.086181640625
2114,666,688,1409024,0.13100343942642212,-0.012300872628111392,10.313260078430176,0.0001,0.020354662,0.9754223823547363,20.383412075042724,0.19599609375,11.064685487747193,3435,0.2,1000.0,2190.038330078125
2117,666,689,1411072,0.1309579312801361,-0.01198260160163045,16.55092430114746,0.0001,0.0175194,0.9555178880691528,29.71823968887329,0.12958984375,11.070453262329101,3440,0.2,1000.0,2190.038330078125
2120,666,690,1413120,0.1309225708246231,-0.009624884696677327,5.575425148010254,0.0001,0.015396625,0.9802861213684082,11.67752161026001,0.090625,11.076004028320312,3445,0.2,1000.0,2190.038330078125
2122,666,691,1415168,0.13086159527301788,-0.01803558096289635,8.183772087097168,0.0001,0.025839677,0.9715743064880371,16.415015935897827,0.2212890625,11.08332953453064,3450,0.2,1000.0,2190.038330078125
2126,666,692,1417216,0.1308400183916092,-0.00784760182723403,6.866487503051758,0.0001,0.011560629,0.9719756245613098,15.75805468559265,0.062890625,11.088859128952027,3455,0.2,1000.0,2172.631591796875
2129,666,693,1419264,0.13081446290016174,-0.009456614614464343,32.970455169677734,0.0001,0.0142005915,0.9172324538230896,65.88373107910157,0.09296875,11.091835117340088,3460,0.2,1000.0,2172.631591796875
2132,666,694,1421312,0.13082745671272278,-0.009766077023232355,32.60784149169922,0.0001,0.014039985,0.9287537932395935,67.51321430206299,0.0923828125,11.093563413619995,3465,0.2,1000.0,2172.631591796875
2134,666,695,1423360,0.13085873425006866,-0.010549414588604122,31.051042556762695,0.0001,0.01355559,0.9366106390953064,64.97985916137695,0.070703125,11.0900559425354,3470,0.2,1000.0,2172.631591796875
2138,666,696,1425408,0.13088077306747437,-0.010951012792065739,37.830352783203125,0.0001,0.016097737,0.9275776147842407,79.45711708068848,0.11201171875,11.086175727844239,3475,0.2,1000.0,2190.089599609375
2141,666,697,1427456,0.13086645305156708,-0.008571264811325818,20.693519592285156,0.0001,0.013359184,0.9738619327545166,38.61793174743652,0.06357421875,11.085321855545043,3480,0.2,1000.0,2190.089599609375
2143,666,698,1429504,0.13084515929222107,-0.004473911342211067,6.36983060836792,0.0001,0.006929737,0.9930732846260071,18.834809970855712,0.0248046875,11.088151121139527,3485,0.2,1000.0,2190.089599609375
2146,666,699,1431552,0.13078704476356506,-0.007652641111053527,6.344091892242432,0.0001,0.012737772,0.9924382567405701,15.502259731292725,0.0603515625,11.093088245391845,3490,0.2,1000.0,2190.089599609375
2150,666,700,1433600,0.13072329759597778,-0.0058563864673487846,7.202101707458496,0.0001,0.00811943,0.9922358393669128,17.249259853363036,0.03271484375,11.102735090255738,3495,0.2,1000.0,2193.3935546875
2152,666,701,1435648,0.13069812953472137,-0.0029113825061358512,87.98738098144531,0.0001,0.00401737,0.8079054951667786,201.94198989868164,0.01162109375,11.10970072746277,3500,0.2,1000.0,2193.3935546875
2155,666,702,1437696,0.13069112598896027,-0.0022867738967761396,102.5736083984375,0.0001,0.0021921508,0.7468804121017456,227.90381546020507,0.00185546875,11.11116647720337,3505,0.2,1000.0,2193.3935546875
2158,667,703,1439744,0.13068972527980804,-0.0028933550929650664,78.38529968261719,0.0001,0.002490733,0.7973353862762451,170.8837760925293,0.0025390625,11.112201166152953,3510,0.2,1000.0,2193.3935546875
2162,666,704,1441792,0.1306946575641632,-0.004488611244596541,69.8716812133789,0.0001,0.002828731,0.8046768307685852,157.97690200805664,0.00390625,11.111646461486817,3515,0.2,1000.0,2164.729736328125
2164,667,705,1443840,0.13069084286689758,-0.006741232838248834,16.33414077758789,0.0001,0.006279789,0.9591856598854065,38.81552848815918,0.016796875,11.11142611503601,3520,0.2,1000.0,2164.729736328125
2167,667,706,1445888,0.13067692518234253,-0.00522766683716327,7.005786418914795,0.0001,0.0058703767,0.9830747246742249,22.552730894088747,0.01767578125,11.112458848953247,3525,0.2,1000.0,2164.729736328125
2170,667,707,1447936,0.13066019117832184,-0.008412472484633327,10.001688003540039,0.0001,0.012044564,0.976807713508606,22.14415874481201,0.0603515625,11.115270042419434,3530,0.2,1000.0,2164.729736328125
2174,666,708,1449984,0.1306515336036682,-0.0013201722642406822,7.634010314941406,0.0001,0.0046347994,0.9814984202384949,22.59997968673706,0.01787109375,11.116869783401489,3535,0.2,1000.0,2152.222412109375
2176,667,709,1452032,0.13061997294425964,-0.012118290504440665,14.876171112060547,0.0001,0.014582887,0.9139286875724792,31.693849754333495,0.13310546875,11.1187828540802,3540,0.2,1000.0,2152.222412109375
2179,667,710,1454080,0.1305675357580185,-0.012068366818130016,10.292222023010254,0.0001,0.016867124,0.9028056859970093,26.55413465499878,0.11435546875,11.12549319267273,3545,0.2,1000.0,2152.222412109375
2183,666,711,1456128,0.13054177165031433,-0.008402697229757904,12.299859046936035,0.0001,0.013211031,0.9123112559318542,26.50146951675415,0.06708984375,11.131187391281127,3550,0.2,1000.0,2178.159423828125
2186,667,712,1458176,0.1304951161146164,-0.01121418527327478,11.27987289428711,0.0001,0.017853905,0.9096945524215698,24.52812490463257,0.09638671875,11.13553500175476,3555,0.2,1000.0,2178.159423828125
2188,667,713,1460224,0.13046514987945557,-0.005850921128876507,9.406539916992188,0.0001,0.00782239,0.9587064385414124,21.805304431915282,0.03095703125,11.141718864440918,3560,0.2,1000.0,2178.159423828125
2191,667,714,1462272,0.13042280077934265,-0.007518799253739416,6.890078544616699,0.0001,0.011204602,0.9688380360603333,17.34883761405945,0.07109375,11.145669841766358,3565,0.2,1000.0,2178.159423828125
2195,667,715,1464320,0.1303664743900299,-0.009811075916513801,6.370560646057129,0.0001,0.01801706,0.9671638607978821,14.66650037765503,0.11337890625,11.15333604812622,3570,0.2,1000.0,2200.342529296875
2197,667,716,1466368,0.13035227358341217,-0.011801504960749299,21.481231689453125,0.0001,0.019021124,0.9419945478439331,41.07374610900879,0.14384765625,11.158307743072509,3575,0.2,1000.0,2200.342529296875
2200,667,717,1468416,0.13034556806087494,-0.009715798369143158,33.65623092651367,0.0001,0.012701338,0.9158838391304016,68.68255958557128,0.0732421875,11.15928406715393,3580,0.2,1000.0,2200.342529296875
2203,667,718,1470464,0.13033130764961243,-0.008799385488964617,35.56520080566406,0.0001,0.010822042,0.9099653959274292,84.26546020507813,0.052734375,11.160817384719849,3585,0.2,1000.0,2200.342529296875
2206,667,719,1472512,0.13032034039497375,-0.008862120495177806,34.95512771606445,0.0001,0.012780698,0.9174716472625732,80.23084373474121,0.0708984375,11.16256594657898,3590,0.2,1000.0,2177.09521484375
2209,667,720,1474560,0.13033141195774078,-0.009036848251707853,35.75986862182617,0.0001,0.0106275175,0.9373345375061035,67.75469360351562,0.0439453125,11.162959480285645,3595,0.2,1000.0,2177.09521484375
2212,667,721,1476608,0.1303226351737976,-0.007169981300830841,16.502063751220703,0.0001,0.009066643,0.9717097878456116,31.526062297821046,0.03447265625,11.161422061920167,3600,0.2,1000.0,2177.09521484375
2214,667,722,1478656,0.13029111921787262,-0.005682205152697861,11.410942077636719,0.0001,0.009059713,0.9768081903457642,25.79857301712036,0.0353515625,11.164393520355224,3605,0.2,1000.0,2177.09521484375
2218,667,723,1480704,0.13025136291980743,-0.011190176429226994,18.868118286132812,0.0001,0.019652523,0.9558271765708923,39.10836982727051,0.0994140625,11.169338035583497,3610,0.2,1000.0,2213.6708984375
2221,667,724,1482752,0.13024652004241943,-0.010429753153584898,15.34403133392334,0.0001,0.013492053,0.9538784027099609,38.97584114074707,0.102734375,11.173481321334839,3615,0.2,1000.0,2213.6708984375
2224,667,725,1484800,0.1301897019147873,-0.014379982952959836,8.929526329040527,0.0001,0.023308804,0.9603585600852966,17.5201828956604,0.20927734375,11.176003408432006,3620,0.2,1000.0,2213.6708984375
2226,667,726,1486848,0.13007567822933197,-0.015296278498135507,10.417402267456055,0.0001,0.020239007,0.9488314390182495,21.533111095428467,0.1953125,11.18789563179016,3625,0.2,1000.0,2213.6708984375
2230,667,727,1488896,0.12999846041202545,-0.010080613126046956,8.164533615112305,0.0001,0.018684143,0.9599393606185913,18.650490856170656,0.1263671875,11.202882051467896,3630,0.2,1000.0,2251.404296875
2233,667,728,1490944,0.12995509803295135,-0.011467535840347409,30.6021785736084,0.0001,0.015560947,0.8408951759338379,74.19979801177979,0.11845703125,11.211300039291382,3635,0.2,1000.0,2251.404296875
2236,667,729,1492992,0.12993662059307098,-0.007776325749000534,39.615203857421875,0.0001,0.01106639,0.8072499632835388,92.055904006958,0.070703125,11.215368032455444,3640,0.2,1000.0,2251.404296875
2239,667,730,1495040,0.1299252063035965,-0.007472511299420148,45.15163803100586,0.0001,0.008658459,0.8170373439788818,94.65223999023438,0.0392578125,11.217390441894532,3645,0.2,1000.0,2251.404296875
2243,667,731,1497088,0.1299152672290802,-0.007068104681093246,43.31852722167969,0.0001,0.010080364,0.8350274562835693,91.64444389343262,0.0408203125,11.218786716461182,3650,0.2,1000.0,2261.567138671875
2245,667,732,1499136,0.12990331649780273,-0.003577908512670547,32.629329681396484,0.0001,0.005456037,0.8783171772956848,74.81613883972167,0.01396484375,11.220042181015014,3655,0.2,1000.0,2261.567138671875
2248,667,733,1501184,0.12984293699264526,-0.011804488021880388,10.811031341552734,0.0001,0.015286166,0.9546407461166382,22.47255916595459,0.09345703125,11.22432336807251,3660,0.2,1000.0,2261.567138671875
2251,667,734,1503232,0.12978306412696838,-0.01237772409513127,9.147183418273926,0.0001,0.016205067,0.9618079662322998,20.67592535018921,0.1115234375,11.234038829803467,3665,0.2,1000.0,2261.567138671875
2254,667,735,1505280,0.12970475852489471,-0.011095038708299398,10.892817497253418,0.0001,0.013725476,0.9636461734771729,21.3467586517334,0.1123046875,11.242722082138062,3670,0.2,1000.0,2256.5341796875
2257,667,736,1507328,0.1296677440404892,-0.010566405253484845,42.9881477355957,0.0001,0.019299867,0.7983955144882202,81.2328483581543,0.1416015625,11.251994180679322,3675,0.2,1000.0,2256.5341796875
2260,667,737,1509376,0.12963147461414337,-0.01255337696056813,35.8980598449707,0.0001,0.016470486,0.692657470703125,78.72396850585938,0.11591796875,11.25658278465271,3680,0.2,1000.0,2256.5341796875
2264,667,738,1511424,0.12959037721157074,-0.013207583804614842,25.87958526611328,0.0001,0.0168657,0.706565260887146,58.483579063415526,0.1083984375,11.261790657043457,3685,0.2,1000.0,2256.5341796875
2267,667,739,1513472,0.12954384088516235,-0.014408180804457516,27.468852996826172,0.0001,0.019308602,0.7123456001281738,60.156005668640134,0.136328125,11.268077182769776,3690,0.2,1000.0,2255.400390625
2270,667,740,1515520,0.1295456439256668,-0.011909473966807128,20.299518585205078,0.0001,0.018421898,0.8524046540260315,45.162802124023436,0.1234375,11.272486114501953,3695,0.2,1000.0,2255.400390625
2273,667,741,1517568,0.1295371651649475,-0.005489975062664599,10.943252563476562,0.0001,0.008367984,0.9367267489433289,26.20496768951416,0.04130859375,11.271023368835449,3700,0.2,1000.0,2255.400390625
2276,667,742,1519616,0.12953948974609375,-0.010357651161029935,10.584169387817383,0.0001,0.015428487,0.926590085029602,22.292809772491456,0.1162109375,11.273343420028686,3705,0.2,1000.0,2255.400390625
2279,667,743,1521664,0.12951333820819855,-0.009606477548368275,11.05749797821045,0.0001,0.014791943,0.9358498454093933,23.928833198547363,0.0859375,11.273208570480346,3710,0.2,1000.0,2280.038330078125
2282,667,744,1523712,0.12947994470596313,-0.011805079714395105,16.4616756439209,0.0001,0.015957486,0.9193896651268005,34.762681770324704,0.14814453125,11.279201650619507,3715,0.2,1000.0,2280.038330078125
2285,667,745,1525760,0.12948401272296906,-0.011407763953320682,8.905418395996094,0.0001,0.020608906,0.9618245959281921,20.729383087158205,0.1177734375,11.280986118316651,3720,0.2,1000.0,2280.038330078125
2288,667,746,1527808,0.1294580101966858,-0.0043506899227698645,7.433072090148926,0.0001,0.026601987,0.9669718146324158,16.05399252573649,0.11744791666666667,11.280932235717774,3724,0.2,1000.0,2280.038330078125
2292,667,747,1529856,0.1293901652097702,-0.010570731898769736,6.737917900085449,0.0001,0.020961061,0.9678907990455627,13.693899822235107,0.14091796875,11.28822889328003,3729,0.2,1000.0,2281.972900390625
2294,667,748,1531904,0.1293785274028778,-0.01199437365285121,15.056280136108398,0.0001,0.016415283,0.961708664894104,31.023194217681883,0.13515625,11.295270490646363,3734,0.2,1000.0,2281.972900390625
2297,667,749,1533952,0.12935525178909302,-0.01090221416670829,11.541502952575684,0.0001,0.014497435,0.9688745737075806,28.174272346496583,0.108984375,11.296196222305298,3739,0.2,1000.0,2281.972900390625
2301,667,750,1536000,0.1293100267648697,-0.01589412479661405,12.21007251739502,0.0001,0.021279484,0.9745392203330994,23.491640949249266,0.18427734375,11.302057838439941,3744,0.2,1000.0,2310.640380859375
2304,667,751,1538048,0.12930625677108765,-0.015361991757526994,9.586564064025879,0.0001,0.022435,0.9785332679748535,21.6494197845459,0.177734375,11.306419181823731,3749,0.2,1000.0,2310.640380859375
2307,667,752,1540096,0.1293090283870697,-0.005209138710051775,58.508766174316406,0.0001,0.009362455,0.8416081666946411,104.64474372863769,0.05654296875,11.306137657165527,3754,0.2,1000.0,2310.640380859375
2309,667,753,1542144,0.1292819231748581,-0.012215942586772143,39.97498321533203,0.0001,0.016050987,0.8705540895462036,84.2357105255127,0.1111328125,11.307119941711425,3759,0.2,1000.0,2310.640380859375
2313,667,754,1544192,0.129268616437912,-0.01452408272307366,36.66204071044922,0.0001,0.018660333,0.8736754059791565,74.30842723846436,0.15849609375,11.31125774383545,3764,0.2,1000.0,2333.949462890625
2316,667,755,1546240,0.12925030291080475,-0.0023167905048467217,41.43424606323242,0.0001,0.0062873713,0.8390370607376099,91.33398666381837,0.03115234375,11.312359094619751,3769,0.2,1000.0,2333.949462890625
2319,667,756,1548288,0.12922674417495728,-0.0018839759402908384,49.20671463012695,0.0001,0.005050704,0.5612263679504395,104.47780494689941,0.0166015625,11.316183042526244,3774,0.2,1000.0,2333.949462890625
2322,667,757,1550336,0.1292133629322052,-0.004887615324696526,63.4081916809082,0.0001,0.004878709,0.37841832637786865,117.19694595336914,0.013671875,11.318351936340331,3779,0.2,1000.0,2333.949462890625
2326,667,758,1552384,0.1292024403810501,-0.0044166677398607135,50.48811721801758,0.0001,0.0040139845,0.4757009744644165,108.32357978820801,0.00771484375,11.320121812820435,3784,0.2,1000.0,2304.955078125
2329,667,759,1554432,0.12919718027114868,-0.005695431819185614,39.40208435058594,0.0001,0.005885718,0.6752527952194214,86.90098991394044,0.02001953125,11.32118101119995,3789,0.2,1000.0,2304.955078125
2332,667,760,1556480,0.12919040024280548,-0.0033846243750303984,16.231231689453125,0.0001,0.0042856745,0.9461533427238464,45.48251724243164,0.00859375,11.321976137161254,3794,0.2,1000.0,2304.955078125
2334,667,761,1558528,0.12918485701084137,-0.007802998367697001,13.336945533752441,0.0001,0.00875554,0.9500503540039062,35.89627170562744,0.0369140625,11.322981643676759,3799,0.2,1000.0,2304.955078125
2338,667,762,1560576,0.1291755884885788,-0.00456705077085644,13.822832107543945,0.0001,0.0048966603,0.9479061365127563,35.335819244384766,0.01162109375,11.323691272735596,3804,0.2,1000.0,2296.0576171875
2341,667,763,1562624,0.12914060056209564,-0.0109029499348253,19.162731170654297,0.0001,0.01951816,0.938356876373291,37.89099826812744,0.12744140625,11.326828861236573,3809,0.2,1000.0,2296.0576171875
2344,667,764,1564672,0.12911637127399445,-0.0043254945543594655,10.60838794708252,0.0001,0.00771732,0.9640665054321289,25.90431432723999,0.0328125,11.331118869781495,3814,0.2,1000.0,2296.0576171875
2347,667,765,1566720,0.12910108268260956,-0.007584154675714672,10.92096996307373,0.0001,0.011369206,0.9573534727096558,24.465571022033693,0.0720703125,11.334400701522828,3819,0.2,1000.0,2296.0576171875
2351,667,766,1568768,0.12907303869724274,-0.00711912086699158,8.296320915222168,0.0001,0.010017669,0.9728056788444519,17.648840761184694,0.06328125,11.33617548942566,3824,0.2,1000.0,2302.228515625
2353,667,767,1570816,0.12905393540859222,-0.010529353492893278,18.536972045898438,0.0001,0.023916356,0.9430046081542969,33.62172689437866,0.158984375,11.341533279418945,3829,0.2,1000.0,2302.228515625
2356,667,768,1572864,0.12905432283878326,-0.011652595759369434,18.73638153076172,0.0001,0.013857234,0.922714352607727,38.03474674224854,0.09423828125,11.342257642745972,3834,0.2,1000.0,2302.228515625
2359,667,769,1574912,0.12902337312698364,-0.011823107779491693,14.998826026916504,0.0001,0.016582122,0.9408646821975708,28.53643226623535,0.1125,11.34387755393982,3839,0.2,1000.0,2302.228515625
2363,667,770,1576960,0.12899023294448853,-0.009947765432298184,14.55014419555664,0.0001,0.01320017,0.934838056564331,29.938285446166994,0.0966796875,11.349781179428101,3844,0.2,1000.0,2310.6025390625
2366,667,771,1579008,0.1289752721786499,-0.00610026199137792,27.342424392700195,0.0001,0.012068047,0.8930476307868958,55.222310066223145,0.054296875,11.352855491638184,3849,0.2,1000.0,2310.6025390625
2369,667,772,1581056,0.12897354364395142,-0.004474228655453771,22.921340942382812,0.0001,0.008987922,0.8929449319839478,46.81333408355713,0.03837890625,11.354480648040772,3854,0.2,1000.0,2310.6025390625
2371,667,773,1583104,0.12897759675979614,-0.012177549139596521,27.16111183166504,0.0001,0.01636043,0.8764762282371521,56.49046745300293,0.09443359375,11.35424346923828,3859,0.2,1000.0,2310.6025390625
2375,667,774,1585152,0.12897048890590668,-0.006272744218586012,31.481019973754883,0.0001,0.0076247645,0.8705375790596008,65.62436256408691,0.0359375,11.354059171676635,3864,0.2,1000.0,2285.39013671875
2378,667,775,1587200,0.12895745038986206,-0.012619887292385102,13.179557800292969,0.0001,0.015338398,0.9588497877120972,25.743677139282227,0.13115234375,11.35610466003418,3869,0.2,1000.0,2285.39013671875
2381,667,776,1589248,0.12894053757190704,-0.006096261879429221,8.064563751220703,0.0001,0.008693857,0.9801993370056152,19.673448419570924,0.06025390625,11.358236122131348,3874,0.2,1000.0,2285.39013671875
2383,667,777,1591296,0.12891285121440887,-0.005220489564817399,6.583676815032959,0.0001,0.0075172894,0.9826129078865051,15.998573303222656,0.03017578125,11.361548042297363,3879,0.2,1000.0,2285.39013671875
2387,667,778,1593344,0.12890972197055817,-0.009718452929519117,6.455260276794434,0.0001,0.015581073,0.9813650250434875,14.146512508392334,0.08994140625,11.364841079711914,3884,0.2,1000.0,2285.579833984375
2390,667,779,1595392,0.1289004236459732,-0.009739569970406592,22.327199935913086,0.0001,0.016501442,0.9372379779815674,42.324268913269044,0.1138671875,11.364707136154175,3889,0.2,1000.0,2285.579833984375
2393,667,780,1597440,0.12889939546585083,-0.007346596877323463,5.718461513519287,0.0001,0.007392836,0.9786984920501709,15.246179294586181,0.03095703125,11.366463899612427,3894,0.2,1000.0,2285.579833984375
2395,667,781,1599488,0.12889641523361206,-0.010538741806522011,6.338025093078613,0.0001,0.020979587,0.9749423861503601,12.744050121307373,0.16904296875,11.366396760940551,3899,0.2,1000.0,2285.579833984375
2399,667,782,1601536,0.12888173758983612,-0.0028874124865978954,6.966523170471191,0.0001,0.01199984,0.9676114916801453,14.838828182220459,0.13740234375,11.367636251449586,3904,0.2,1000.0,2317.55322265625
2402,667,783,1603584,0.12887197732925415,0.00028129853308200836,75.19003295898438,0.0001,0.014545679,0.7955267429351807,181.9490837097168,0.11708984375,11.369591856002808,3909,0.2,1000.0,2317.55322265625
2405,667,784,1605632,0.12886536121368408,-0.0017338952282443642,60.50076675415039,0.0001,0.00064004934,0.8419815301895142,140.78385734558105,0.0,11.370581245422363,3914,0.2,1000.0,2317.55322265625
2408,667,785,1607680,0.1288488358259201,-0.004035246925195679,49.519527435302734,0.0001,0.002813302,0.8811107277870178,117.18248062133789,0.003125,11.37200312614441,3919,0.2,1000.0,2317.55322265625
2411,667,786,1609728,0.12883608043193817,-0.003765619278419763,73.9863510131836,0.0001,0.0038895262,0.8680229783058167,150.52959213256835,0.00888671875,11.374534368515015,3924,0.2,1000.0,2301.70458984375
2414,667,787,1611776,0.1288212239742279,-0.004770001210272312,20.9156551361084,0.0001,0.004499973,0.9307382702827454,49.46817131042481,0.00771484375,11.37602367401123,3929,0.2,1000.0,2301.70458984375
2417,667,788,1613824,0.12880776822566986,-0.003386428335215896,7.162075519561768,0.0001,0.0038760628,0.9790582060813904,19.234743642807008,0.007421875,11.378209543228149,3934,0.2,1000.0,2301.70458984375
2419,667,789,1615872,0.1287623792886734,-0.008840397448511794,9.126729011535645,0.0001,0.017245404,0.9745668172836304,19.85722417831421,0.08955078125,11.381382656097411,3939,0.2,1000.0,2301.70458984375
2423,667,790,1617920,0.1287240982055664,-0.008343662600964308,10.277889251708984,0.0001,0.010517206,0.9751973152160645,21.164633083343507,0.05927734375,11.388444662094116,3944,0.2,1000.0,2309.759765625
2426,667,791,1619968,0.12869825959205627,-0.00304298180853948,27.800235748291016,0.0001,0.0047140503,0.9063567519187927,61.432835006713866,0.01416015625,11.392475700378418,3949,0.2,1000.0,2309.759765625
2429,667,792,1622016,0.12865114212036133,-0.007577386940829456,20.386180877685547,0.0001,0.011354457,0.9359265565872192,41.77270374298096,0.05849609375,11.397181224822997,3954,0.2,1000.0,2309.759765625
2433,667,793,1624064,0.12860769033432007,-0.007688067038543522,19.873498916625977,0.0001,0.011188247,0.9409577250480652,41.40733337402344,0.04873046875,11.404010105133057,3959,0.2,1000.0,2287.8095703125
2436,667,794,1626112,0.12857437133789062,-0.008431078516878188,22.24272346496582,0.0001,0.013271764,0.9395036101341248,46.12278327941895,0.07412109375,11.409111261367798,3964,0.2,1000.0,2287.8095703125
2439,667,795,1628160,0.12856525182724,-0.010701240925118326,21.490814208984375,0.0001,0.01749388,0.9244406223297119,39.819030380249025,0.137109375,11.412864351272583,3969,0.2,1000.0,2287.8095703125
2442,667,796,1630208,0.12854549288749695,-0.009509209962561726,12.869964599609375,0.0001,0.015244592,0.9455570578575134,28.118490505218507,0.07919921875,11.413765716552735,3974,0.2,1000.0,2287.8095703125
2446,667,797,1632256,0.1285054236650467,-0.011300275637768208,12.121041297912598,0.0001,0.015549341,0.9478228688240051,25.14922227859497,0.09658203125,11.418492698669434,3979,0.2,1000.0,2277.4267578125
2448,667,798,1634304,0.12845593690872192,-0.00903700280468911,23.539323806762695,0.0001,0.016805382,0.931749701499939,42.52603130340576,0.1232421875,11.425161695480346,3984,0.2,1000.0,2277.4267578125
2451,667,799,1636352,0.12846538424491882,-0.010085426201112569,12.440861701965332,0.0001,0.014868887,0.94023197889328,24.44301118850708,0.1166015625,11.428659677505493,3989,0.2,1000.0,2277.4267578125
2454,667,800,1638400,0.128472238779068,-0.010676244064234197,7.707859992980957,0.0001,0.013561974,0.9610773324966431,16.30967745780945,0.08623046875,11.42641086578369,3994,0.2,1000.0,2277.4267578125
2458,667,801,1640448,0.12843772768974304,-0.007525231735780835,7.6982550621032715,0.0001,0.015732368,0.9591973423957825,16.14510645866394,0.11015625,11.427998304367065,3999,0.2,1000.0,2248.445556640625
2460,667,802,1642496,0.12839564681053162,-0.010136820655316115,16.64242935180664,0.0001,0.011727216,0.9281031489372253,33.73082027435303,0.09853515625,11.43384280204773,4004,0.2,1000.0,2248.445556640625
2463,667,803,1644544,0.12834694981575012,-0.00867600905476138,11.965431213378906,0.0001,0.016018543,0.9616038799285889,25.19909324645996,0.09990234375,11.439978981018067,4009,0.2,1000.0,2248.445556640625
2466,667,804,1646592,0.12833672761917114,-0.00714958687312901,14.27923583984375,0.0001,0.010160661,0.9567533731460571,27.862018013000487,0.054296875,11.445092010498048,4014,0.2,1000.0,2248.445556640625
2470,667,805,1648640,0.1283312886953354,-0.008712039701640606,14.624168395996094,0.0001,0.015089024,0.9555473327636719,27.900063037872314,0.0890625,11.44545931816101,4019,0.2,1000.0,2281.058349609375
2473,667,806,1650688,0.12830688059329987,-0.01136868605390191,16.261690139770508,0.0001,0.016339483,0.9473548531532288,31.37863826751709,0.12373046875,11.448073625564575,4024,0.2,1000.0,2281.058349609375
2476,667,807,1652736,0.1283128261566162,-0.011589340656064451,7.080187797546387,0.0001,0.026626665,0.9613997340202332,15.671726751327515,0.1583984375,11.450663948059082,4029,0.2,1000.0,2281.058349609375
2478,667,808,1654784,0.12835581600666046,-0.00689008958870545,7.3951616287231445,0.0001,0.010891618,0.9626266956329346,15.7085871219635,0.056640625,11.447010850906372,4034,0.2,1000.0,2281.058349609375
2482,667,809,1656832,0.12836751341819763,-0.01536908793495968,6.583792686462402,0.0001,0.02292315,0.9620407223701477,14.312638521194458,0.1859375,11.442011547088622,4039,0.2,1000.0,2307.7060546875
2485,667,810,1658880,0.12835097312927246,-0.012573379219975322,18.25710678100586,0.0001,0.017048746,0.9286816716194153,33.855928325653075,0.1328125,11.442934322357178,4044,0.2,1000.0,2307.7060546875
2488,667,811,1660928,0.12831920385360718,-0.008948912774212659,11.028042793273926,0.0001,0.010904839,0.9546583294868469,21.90939054489136,0.05009765625,11.44573335647583,4049,0.2,1000.0,2307.7060546875
2491,667,812,1662976,0.12829992175102234,-0.008630678383633494,9.969621658325195,0.0001,0.017644582,0.9509592652320862,20.127960681915283,0.09658203125,11.450616836547852,4054,0.2,1000.0,2307.7060546875
2494,667,813,1665024,0.1282951533794403,-0.006940620671957731,12.0253324508667,0.0001,0.01477838,0.9407410025596619,24.347863388061523,0.088671875,11.451207399368286,4059,0.2,1000.0,2319.5478515625
2497,667,814,1667072,0.12826406955718994,-0.012340205250075087,14.251811981201172,0.0001,0.01891216,0.9432754516601562,31.296826171875,0.12919921875,11.453927564620972,4064,0.2,1000.0,2319.5478515625
2501,667,815,1669120,0.1281835436820984,-0.012170427991077305,7.596764087677002,0.0001,0.01567884,0.9698110222816467,16.483368492126466,0.129296875,11.460751247406005,4069,0.2,1000.0,2319.5478515625
2504,667,816,1671168,0.128134086728096,-0.01104059595381841,6.921365737915039,0.0001,0.016630666,0.971211314201355,17.01517744064331,0.096875,11.47157588005066,4074,0.2,1000.0,2319.5478515625
2508,667,817,1673216,0.12810181081295013,-0.010995680675841868,8.458311080932617,0.0001,0.014090527,0.9736071825027466,16.94932107925415,0.1134765625,11.476506280899049,4079,0.2,1000.0,2324.0732421875
2511,667,818,1675264,0.1280769407749176,-0.008807727159000934,23.040193557739258,0.0001,0.017081004,0.9388471245765686,42.446854972839354,0.1041015625,11.481254720687867,4084,0.2,1000.0,2324.0732421875
2513,667,819,1677312,0.12804609537124634,-0.010989870643243194,10.200246810913086,0.0001,0.015057393,0.9674050211906433,20.506876373291014,0.10888671875,11.48494257926941,4089,0.2,1000.0,2324.0732421875
2516,667,820,1679360,0.12803581357002258,-0.010778927686624229,7.313667297363281,0.0001,0.01884364,0.9727007150650024,16.514565467834473,0.14912109375,11.488258457183838,4094,0.2,1000.0,2324.0732421875
2520,667,821,1681408,0.12802241742610931,-0.011375907389447094,10.711852073669434,0.0001,0.01671905,0.968380868434906,20.41400365829468,0.140234375,11.48921446800232,4099,0.2,1000.0,2352.429931640625
2523,667,822,1683456,0.1280110478401184,-0.0026961995346937327,28.620681762695312,0.0001,0.00550744,0.8921509981155396,65.03681507110596,0.02294921875,11.491301012039184,4104,0.2,1000.0,2352.429931640625
2526,667,823,1685504,0.12798753380775452,-0.008512552175670863,25.88161849975586,0.0001,0.013679567,0.8972843885421753,52.651185035705566,0.0677734375,11.493377733230592,4109,0.2,1000.0,2352.429931640625
2528,667,824,1687552,0.12797138094902039,-0.00390695323003456,27.32918357849121,0.0001,0.003412825,0.9048988223075867,55.794189834594725,0.0052734375,11.49684705734253,4114,0.2,1000.0,2352.429931640625
2532,667,825,1689600,0.127959743142128,-0.011006061267107726,26.95619773864746,0.0001,0.012337234,0.8884270787239075,60.68647804260254,0.0662109375,11.498488330841065,4119,0.2,1000.0,2332.724609375
2535,667,826,1691648,0.1279986947774887,-0.012415463337674737,42.34296798706055,0.0001,0.01937239,0.8628556728363037,85.05714149475098,0.12451171875,11.497321605682373,4124,0.2,1000.0,2332.724609375
2538,667,827,1693696,0.12801820039749146,-0.005549096199683845,43.72804641723633,0.0001,0.0074377153,0.8411700129508972,79.5569278717041,0.0248046875,11.491975021362304,4129,0.2,1000.0,2332.724609375
2541,667,828,1695744,0.12801748514175415,-0.004701539990492165,44.65127944946289,0.0001,0.008447757,0.8214999437332153,82.78800811767579,0.03681640625,11.491268301010132,4134,0.2,1000.0,2332.724609375
2545,667,829,1697792,0.1280408650636673,-0.00865450605051592,38.8956413269043,0.0001,0.018159041,0.8547912240028381,70.01913871765137,0.09912109375,11.490000152587891,4139,0.2,1000.0,2342.858642578125
2548,667,830,1699840,0.12802726030349731,-0.006747264810837805,14.061726570129395,0.0001,0.012768217,0.9782364368438721,28.104571533203124,0.06982421875,11.487845182418823,4144,0.2,1000.0,2342.858642578125
2550,667,831,1701888,0.12801089882850647,-0.00818224570248276,4.957347869873047,0.0001,0.014076466,0.9905412197113037,11.474545335769653,0.08232421875,11.491720199584961,4149,0.2,1000.0,2342.858642578125
2553,667,832,1703936,0.127991184592247,-0.006165906193200499,5.1701154708862305,0.0001,0.010909934,0.9913671612739563,11.17121205329895,0.06044921875,11.49300045967102,4154,0.2,1000.0,2342.858642578125
2557,667,833,1705984,0.12793871760368347,-0.008837624592706561,4.310306549072266,0.0001,0.0147753665,0.9924411177635193,10.24625358581543,0.10244140625,11.498467397689819,4159,0.2,1000.0,2354.790771484375
2560,667,834,1708032,0.12790894508361816,-0.004800157574936748,33.42588806152344,0.0001,0.00960196,0.9220396280288696,72.6567169189453,0.05625,11.505037260055541,4164,0.2,1000.0,2354.790771484375
2563,667,835,1710080,0.12789654731750488,-0.003418354480527341,29.42889976501465,0.0001,0.0046661054,0.9257789850234985,68.49513397216796,0.01123046875,11.507700872421264,4169,0.2,1000.0,2354.790771484375
2568,666,836,1712128,0.12788915634155273,-0.007114140578778461,34.46076202392578,0.0001,0.009272994,0.9249240756034851,66.80469093322753,0.03876953125,11.50917067527771,4174,0.2,1000.0,2330.416748046875
2570,666,837,1714176,0.12788815796375275,-0.0064493936719372865,31.529010772705078,0.0001,0.007391339,0.9194344878196716,65.90092277526855,0.02685546875,11.509874868392945,4179,0.2,1000.0,2330.416748046875
2573,666,838,1716224,0.12786142528057098,-0.009717449801973999,15.246468544006348,0.0001,0.014085995,0.9513948559761047,31.250615215301515,0.0896484375,11.511154460906983,4184,0.2,1000.0,2330.416748046875
2576,666,839,1718272,0.1278517097234726,-0.011058414867147804,13.414531707763672,0.0001,0.013811742,0.9526245594024658,29.49870729446411,0.11328125,11.51472339630127,4189,0.2,1000.0,2330.416748046875
2580,666,840,1720320,0.12782417237758636,-0.012812030408531428,16.24422836303711,0.0001,0.014524177,0.9518680572509766,31.26613931655884,0.139453125,11.516194772720336,4194,0.2,1000.0,2325.285400390625
2583,666,841,1722368,0.12778639793395996,-0.011867381306365133,20.2664852142334,0.0001,0.015441836,0.9493848085403442,38.18379135131836,0.10107421875,11.521450614929199,4199,0.2,1000.0,2325.285400390625
2585,666,842,1724416,0.12775665521621704,-0.00506337839178741,8.642728805541992,0.0001,0.012630227,0.9837398529052734,20.79188084602356,0.05830078125,11.525868797302246,4204,0.2,1000.0,2325.285400390625
2588,666,843,1726464,0.1277286410331726,-0.0005926142213866115,11.506675720214844,0.0001,0.0054897023,0.9736752510070801,24.586324405670165,0.018359375,11.530463933944702,4209,0.2,1000.0,2325.285400390625
2592,666,844,1728512,0.12770015001296997,-0.0040606707101687785,6.166708469390869,0.0001,0.006225732,0.9859122037887573,15.314219045639039,0.0224609375,11.53424139022827,4214,0.2,1000.0,2322.38623046875
2595,666,845,1730560,0.1277308166027069,-0.011545900092460214,19.3212833404541,0.0001,0.02105094,0.9529441595077515,41.14639959335327,0.13984375,11.535768985748291,4219,0.2,1000.0,2322.38623046875
2597,666,846,1732608,0.12774813175201416,-0.010955425654537975,12.118468284606934,0.0001,0.014623249,0.9000172019004822,24.07864103317261,0.1126953125,11.530674028396607,4224,0.2,1000.0,2322.38623046875
2600,666,847,1734656,0.1276981085538864,-0.010021313966717571,12.601330757141113,0.0001,0.017065967,0.8737956285476685,24.763242340087892,0.12109375,11.532605409622192,4229,0.2,1000.0,2322.38623046875
2604,666,848,1736704,0.12759526073932648,-0.012290897697675973,10.964889526367188,0.0001,0.01920494,0.8971922993659973,22.865698623657227,0.1384765625,11.54363718032837,4234,0.2,1000.0,2345.013427734375
2607,666,849,1738752,0.12755919992923737,-0.009502978809177876,22.395784378051758,0.0001,0.014129432,0.8957393765449524,41.76692295074463,0.084765625,11.555264472961426,4239,0.2,1000.0,2345.013427734375
2610,666,850,1740800,0.12753309309482574,-0.011978384642861783,15.388484001159668,0.0001,0.016025417,0.952793538570404,31.233303356170655,0.1017578125,11.558351707458495,4244,0.2,1000.0,2345.013427734375
2612,667,851,1742848,0.12748964130878448,-0.013185726711526513,10.71852970123291,0.0001,0.015475184,0.966280460357666,22.55831460952759,0.13310546875,11.563693428039551,4249,0.2,1000.0,2345.013427734375
2616,666,852,1744896,0.1274747997522354,-0.010793317016214133,11.876936912536621,0.0001,0.01538551,0.9653756022453308,24.03257942199707,0.09111328125,11.568689918518066,4254,0.2,1000.0,2372.577880859375
2619,666,853,1746944,0.12746721506118774,-0.012849109480157495,17.031131744384766,0.0001,0.020036777,0.9712220430374146,27.94718494415283,0.133984375,11.569578170776367,4259,0.2,1000.0,2372.577880859375
2622,667,854,1748992,0.12743526697158813,-0.0134361861506477,8.205631256103516,0.0001,0.018081944,0.9844770431518555,19.39240732192993,0.116796875,11.572140121459961,4264,0.2,1000.0,2372.577880859375
2624,667,855,1751040,0.12739787995815277,-0.011923039832618087,10.312841415405273,0.0001,0.016108839,0.982151448726654,21.25044164657593,0.148828125,11.577670621871949,4269,0.2,1000.0,2372.577880859375
2628,666,856,1753088,0.12734243273735046,-0.017170899384655058,12.20815372467041,0.0001,0.021455668,0.9816691279411316,24.078003120422363,0.16484375,11.583581733703614,4274,0.2,1000.0,2371.40478515625
2631,666,857,1755136,0.1273120641708374,-0.009438080200925469,15.431551933288574,0.0001,0.020248987,0.9795212745666504,28.909662437438964,0.12568359375,11.590852403640747,4279,0.2,1000.0,2371.40478515625
2634,666,858,1757184,0.12729595601558685,-0.00692663153167814,14.127144813537598,0.0001,0.0102342,0.9786453247070312,28.057417392730713,0.07373046875,11.593330383300781,4284,0.2,1000.0,2371.40478515625
2637,667,859,1759232,0.12727147340774536,-0.00868955688783899,13.080190658569336,0.0001,0.013132147,0.9811805486679077,24.94515609741211,0.07177734375,11.596406650543212,4289,0.2,1000.0,2371.40478515625
2641,666,860,1761280,0.12723319232463837,-0.009743784996680915,12.123183250427246,0.0001,0.015113031,0.9829217791557312,23.33213815689087,0.1263671875,11.601285171508788,4294,0.2,1000.0,2329.285888671875
2644,666,861,1763328,0.12719573080539703,-0.008000330941285938,14.243005752563477,0.0001,0.012497414,0.97737056016922,28.603663158416747,0.0744140625,11.607023429870605,4299,0.2,1000.0,2329.285888671875
2646,666,862,1765376,0.1271418184041977,-0.013228102144785226,6.106129169464111,0.0001,0.016819704,0.9857358932495117,12.937252092361451,0.117578125,11.613095474243163,4304,0.2,1000.0,2329.285888671875
2649,667,863,1767424,0.1270858496427536,-0.016123698325827718,8.55969524383545,0.0001,0.022635119,0.9806958436965942,16.88133406639099,0.2029296875,11.621346712112427,4309,0.2,1000.0,2329.285888671875
2653,666,864,1769472,0.12702634930610657,-0.011226357030682265,8.342296600341797,0.0001,0.01826676,0.9811980128288269,16.797581291198732,0.15478515625,11.629036808013916,4314,0.2,1000.0,2332.212890625
2656,666,865,1771520,0.1269785463809967,-0.010256698960438371,19.373144149780273,0.0001,0.015445311,0.9482719898223877,43.877347755432126,0.10634765625,11.637727499008179,4319,0.2,1000.0,2332.212890625
2658,667,866,1773568,0.1269473284482956,-0.014056730829179288,9.628433227539062,0.0001,0.021275979,0.9749595522880554,20.327023792266846,0.14248046875,11.642688941955566,4324,0.2,1000.0,2332.212890625
2661,667,867,1775616,0.1269160658121109,-0.007534132211003452,9.760835647583008,0.0001,0.012238304,0.968993604183197,22.067234897613524,0.0583984375,11.646881008148194,4329,0.2,1000.0,2332.212890625
2665,666,868,1777664,0.12687432765960693,-0.007246649835724384,7.356086730957031,0.0001,0.011888175,0.9763094782829285,16.95981068611145,0.0705078125,11.651682806015014,4334,0.2,1000.0,2345.65869140625
2667,667,869,1779712,0.1268228441476822,-0.004964293376542628,14.633828163146973,0.0001,0.011425921,0.9614753723144531,31.84119071960449,0.08720703125,11.659074783325195,4339,0.2,1000.0,2345.65869140625
2670,667,870,1781760,0.1267917901277542,-0.007637338142376393,8.497865676879883,0.0001,0.009295811,0.9756056070327759,19.554386329650878,0.0419921875,11.664963340759277,4344,0.2,1000.0,2345.65869140625
2673,667,871,1783808,0.1267528235912323,-0.007353343022987247,4.443239688873291,0.0001,0.012927584,0.9877908229827881,11.312143278121948,0.06181640625,11.669345664978028,4349,0.2,1000.0,2345.65869140625
2677,667,872,1785856,0.12669464945793152,-0.007509493175894022,4.864522457122803,0.0001,0.0116095,0.9844931364059448,12.225805521011353,0.06357421875,11.676106882095336,4354,0.2,1000.0,2376.077392578125
2679,667,873,1787904,0.1266576647758484,-0.00576753003988415,86.48127746582031,0.0001,0.0076591503,0.6685101985931396,182.0166114807129,0.046484375,11.68446068763733,4359,0.2,1000.0,2376.077392578125
2682,667,874,1789952,0.12664611637592316,-0.003873264975845814,79.15218353271484,0.0001,0.003619244,0.736151933670044,164.30682144165038,0.00751953125,11.68709397315979,4364,0.2,1000.0,2376.077392578125
2686,667,875,1792000,0.12663227319717407,-0.006274344504345208,71.14002227783203,0.0001,0.0063459473,0.746448814868927,147.8373908996582,0.01962890625,11.689054679870605,4369,0.2,1000.0,2334.780517578125
2689,667,876,1794048,0.1266287863254547,-0.004471839702455327,66.12567138671875,0.0001,0.0034254622,0.7651185989379883,147.13380966186523,0.00576171875,11.690452575683594,4374,0.2,1000.0,2334.780517578125
2691,667,877,1796096,0.1266271471977234,-0.007424243469722569,19.692853927612305,0.0001,0.008271625,0.9295921921730042,39.56222133636474,0.03212890625,11.690496921539307,4379,0.2,1000.0,2334.780517578125
2694,667,878,1798144,0.12656718492507935,-0.013063487538602203,10.446192741394043,0.0001,0.02063812,0.9618639945983887,22.841440677642822,0.1291015625,11.693644094467164,4384,0.2,1000.0,2334.780517578125
2698,667,879,1800192,0.12643766403198242,-0.012805338809266686,7.6670050621032715,0.0001,0.017861642,0.9738373160362244,15.341761493682862,0.17490234375,11.707440662384034,4389,0.2,1000.0,2339.229736328125
2701,667,880,1802240,0.1263541281223297,-0.011499466630630195,18.336483001708984,0.0001,0.017521389,0.9471074342727661,33.762757015228274,0.12568359375,11.72407808303833,4394,0.2,1000.0,2339.229736328125
2704,667,881,1804288,0.12630411982536316,-0.011312174692284316,14.214200973510742,0.0001,0.017488044,0.9620097279548645,27.915823554992677,0.107421875,11.733124017715454,4399,0.2,1000.0,2339.229736328125
2706,667,882,1806336,0.12628011405467987,-0.01316330130212009,10.603984832763672,0.0001,0.020028554,0.9675149917602539,22.907277870178223,0.2,11.73941502571106,4404,0.2,1000.0,2339.229736328125
2710,667,883,1808384,0.12628836929798126,-0.013045219180639833,11.86766242980957,0.0001,0.016961096,0.9659810662269592,23.36077013015747,0.1412109375,11.740308713912963,4409,0.2,1000.0,2354.212890625
2713,667,884,1810432,0.12629598379135132,-0.008802540414035321,25.080163955688477,0.0001,0.021454394,0.9333192110061646,52.53675727844238,0.10810546875,11.73885407447815,4414,0.2,1000.0,2354.212890625
2716,667,885,1812480,0.12630391120910645,-0.005467197578400374,49.59522247314453,0.0001,0.0061517702,0.7550259828567505,101.61835060119628,0.0216796875,11.738184404373168,4419,0.2,1000.0,2354.212890625
2718,667,886,1814528,0.1263091266155243,-0.006469700578600168,61.841522216796875,0.0001,0.0059691304,0.6947179436683655,123.68473281860352,0.017578125,11.73660912513733,4424,0.2,1000.0,2354.212890625
2723,667,887,1816576,0.12629704177379608,-0.004842583427671343,56.651371002197266,0.0001,0.0049351286,0.7016258239746094,111.00912361145019,0.0138671875,11.73718547821045,4429,0.2,1000.0,2328.013671875
2725,667,888,1818624,0.12628582119941711,-0.010141775058582426,36.07243347167969,0.0001,0.011369899,0.8020305633544922,75.46325950622558,0.05703125,11.739118146896363,4434,0.2,1000.0,2328.013671875
2728,667,889,1820672,0.1262747347354889,-0.0025562335271388293,8.65052604675293,0.0001,0.003567964,0.9624982476234436,27.158666133880615,0.00634765625,11.740299892425536,4439,0.2,1000.0,2328.013671875
2731,667,890,1822720,0.12625178694725037,-0.006202806509099901,11.680318832397461,0.0001,0.010806948,0.9525903463363647,26.124925422668458,0.05400390625,11.74299578666687,4444,0.2,1000.0,2328.013671875
2735,667,891,1824768,0.12624293565750122,-0.004012347105890513,7.723691463470459,0.0001,0.0066501196,0.9701225757598877,19.13995885848999,0.02412109375,11.74544291496277,4449,0.2,1000.0,2333.488037109375
2737,667,892,1826816,0.1261776089668274,-0.012300828821025789,28.61984634399414,0.0001,0.014603391,0.9235368967056274,55.60178279876709,0.10517578125,11.749627923965454,4454,0.2,1000.0,2333.488037109375
2740,667,893,1828864,0.1261284202337265,-0.012445709528401494,9.105820655822754,0.0001,0.015898135,0.9774199724197388,20.207304096221925,0.1232421875,11.759323883056641,4459,0.2,1000.0,2333.488037109375
2743,667,894,1830912,0.12610489130020142,-0.012118652707431465,10.703174591064453,0.0001,0.017211411,0.9742439985275269,25.31821451187134,0.1205078125,11.763625144958496,4464,0.2,1000.0,2333.488037109375
2747,667,895,1832960,0.12604546546936035,-0.012054682546295225,9.304597854614258,0.0001,0.020179268,0.9782788753509521,20.754525470733643,0.1484375,11.769071531295776,4469,0.2,1000.0,2321.112060546875
2750,667,896,1835008,0.12599362432956696,-0.012439430365338922,16.28168487548828,0.0001,0.0169327,0.9536701440811157,41.0876443862915,0.123828125,11.777818059921264,4474,0.2,1000.0,2321.112060546875
2753,667,897,1837056,0.12597188353538513,-0.004750101407989859,7.947947978973389,0.0001,0.008141987,0.9807453751564026,18.386044645309447,0.0384765625,11.783669185638427,4479,0.2,1000.0,2321.112060546875
2755,667,898,1839104,0.12595821917057037,-0.007711730338633061,8.096455574035645,0.0001,0.011359808,0.9752454161643982,18.015368461608887,0.05732421875,11.785974836349487,4484,0.2,1000.0,2321.112060546875
2759,667,899,1841152,0.12592917680740356,-0.007518170727416873,8.433042526245117,0.0001,0.010776503,0.9745489954948425,19.104990673065185,0.0548828125,11.788794755935669,4489,0.2,1000.0,2327.53173828125
2762,667,900,1843200,0.12589004635810852,-0.007215171365533024,30.79019546508789,0.0001,0.013258112,0.9162560105323792,70.389231300354,0.0740234375,11.794422960281372,4494,0.2,1000.0,2327.53173828125
2765,667,901,1845248,0.1258741170167923,-0.005825854116119444,53.74552536010742,0.0001,0.006046241,0.8575022220611572,111.36740264892578,0.0185546875,11.798749446868896,4499,0.2,1000.0,2327.53173828125
2768,667,902,1847296,0.12587441504001617,-0.009561131964437664,43.48733901977539,0.0001,0.010874698,0.8815129399299622,95.92659530639648,0.04423828125,11.799829339981079,4504,0.2,1000.0,2327.53173828125
2772,667,903,1849344,0.1258746236562729,-0.010197797743603586,36.5897216796875,0.0001,0.011354757,0.9027727842330933,80.03619766235352,0.05302734375,11.79950761795044,4509,0.2,1000.0,2294.01416015625
2775,667,904,1851392,0.12585824728012085,-0.009564323013182729,49.158790588378906,0.0001,0.010984413,0.9022661447525024,92.42619667053222,0.0458984375,11.800504922866821,4514,0.2,1000.0,2294.01416015625
2777,667,905,1853440,0.12585338950157166,-0.01092973374761641,19.3851261138916,0.0001,0.016173871,0.9497050642967224,42.46801567077637,0.09541015625,11.80292100906372,4519,0.2,1000.0,2294.01416015625
2780,667,906,1855488,0.12583404779434204,-0.01586124001769349,17.241472244262695,0.0001,0.025036829,0.9540714621543884,35.39885787963867,0.1615234375,11.803841495513916,4524,0.2,1000.0,2294.01416015625
2784,667,907,1857536,0.12579509615898132,-0.010142857662867755,23.351991653442383,0.0001,0.017214136,0.9426311254501343,49.90792751312256,0.08818359375,11.807940196990966,4529,0.2,1000.0,2288.385498046875
2787,667,908,1859584,0.12576356530189514,-0.008320144528988748,15.15988540649414,0.0001,0.014222331,0.9684726595878601,30.596305179595948,0.10185546875,11.813816595077515,4534,0.2,1000.0,2288.385498046875
2790,667,909,1861632,0.12577617168426514,-0.012673370749689638,12.983765602111816,0.0001,0.019574523,0.9716901183128357,29.684828662872313,0.1455078125,11.815778160095215,4539,0.2,1000.0,2288.385498046875
2793,667,910,1863680,0.12576225399971008,-0.011041977058630437,10.217252731323242,0.0001,0.023424655,0.9798722267150879,20.756590270996092,0.13115234375,11.814609909057618,4544,0.2,1000.0,2288.385498046875
2797,667,911,1865728,0.12575936317443848,-0.009693896514363587,8.399748802185059,0.0001,0.018188335,0.9842982292175293,17.01236743927002,0.12197265625,11.817282247543336,4549,0.2,1000.0,2279.20947265625
2799,667,912,1867776,0.1257322132587433,-0.010317549551837146,19.34544563293457,0.0001,0.014921987,0.9658681154251099,39.075005531311035,0.09755859375,11.819103145599366,4554,0.2,1000.0,2279.20947265625
2802,667,913,1869824,0.12570209801197052,-0.013085239671636373,14.163440704345703,0.0001,0.015239244,0.9759899973869324,29.58817367553711,0.09697265625,11.823952198028564,4559,0.2,1000.0,2279.20947265625
2805,667,914,1871872,0.1256609708070755,-0.011551880370825529,14.283166885375977,0.0001,0.014022963,0.9763582944869995,28.733740043640136,0.11064453125,11.828667974472046,4564,0.2,1000.0,2279.20947265625
2809,667,915,1873920,0.1256355196237564,-0.012213330634403973,12.148157119750977,0.0001,0.017654913,0.9789498448371887,28.494352531433105,0.13671875,11.833758401870728,4569,0.2,1000.0,2254.823486328125
2811,667,916,1875968,0.1256389617919922,-0.00937059314455837,13.272218704223633,0.0001,0.015128133,0.9491547346115112,27.146067714691164,0.09248046875,11.835420560836791,4574,0.2,1000.0,2254.823486328125
2814,667,917,1878016,0.12562169134616852,-0.006952954328153282,8.624975204467773,0.0001,0.009819914,0.9684441089630127,16.47485408782959,0.05244140625,11.83542342185974,4579,0.2,1000.0,2254.823486328125
2818,667,918,1880064,0.1256028562784195,-0.008734291000291706,9.1632719039917,0.0001,0.01139452,0.9584143161773682,19.453606796264648,0.0603515625,11.83873896598816,4584,0.2,1000.0,2251.745849609375
2821,667,919,1882112,0.12555330991744995,-0.01335947155021131,13.189723014831543,0.0001,0.020979227,0.9438234567642212,25.64371862411499,0.15751953125,11.843223047256469,4589,0.2,1000.0,2251.745849609375
2824,667,920,1884160,0.12551960349082947,-0.007716689782682806,16.402528762817383,0.0001,0.01025391,0.968699038028717,36.79714584350586,0.04814453125,11.849863052368164,4594,0.2,1000.0,2251.745849609375
2826,667,921,1886208,0.12545335292816162,-0.012972335645463318,8.516807556152344,0.0001,0.015695041,0.9849074482917786,18.439174270629884,0.10751953125,11.85620903968811,4599,0.2,1000.0,2251.745849609375
2831,666,922,1888256,0.1253814697265625,-0.009982977178879082,5.217782497406006,0.0001,0.012881517,0.9897131323814392,11.830062961578369,0.10078125,11.866875839233398,4604,0.2,1000.0,2260.457763671875
2834,666,923,1890304,0.12533177435398102,-0.013330027286428958,12.738818168640137,0.0001,0.015859192,0.9736111760139465,28.775933265686035,0.12314453125,11.876241683959961,4609,0.2,1000.0,2260.457763671875
2836,667,924,1892352,0.12530210614204407,-0.009456298826262356,35.6024055480957,0.0001,0.014068469,0.5431340932846069,74.6894395828247,0.09375,11.881845331192016,4614,0.2,1000.0,2260.457763671875
2839,667,925,1894400,0.12528292834758759,-0.00804135532816872,30.87111473083496,0.0001,0.012179114,0.5907260179519653,67.89925174713134,0.06953125,11.885292577743531,4619,0.2,1000.0,2260.457763671875
2843,666,926,1896448,0.12526823580265045,-0.013952650129795074,33.80259323120117,0.0001,0.019645547,0.5032994747161865,77.92252159118652,0.17490234375,11.88758544921875,4624,0.2,1000.0,2272.9111328125
2846,666,927,1898496,0.12524628639221191,-0.01274954506661743,33.60611343383789,0.0001,0.023607919,0.8375778794288635,61.83331089019775,0.12802734375,11.889791631698609,4629,0.2,1000.0,2272.9111328125
2849,667,928,1900544,0.12522883713245392,-0.007513014800497331,9.073908805847168,0.0001,0.014866663,0.9629063010215759,18.77610387802124,0.076953125,11.893443155288697,4634,0.2,1000.0,2272.9111328125
2851,667,929,1902592,0.12520739436149597,-0.007606005191337317,8.028946876525879,0.0001,0.010165306,0.9624365568161011,18.944882488250734,0.0412109375,11.895730352401733,4639,0.2,1000.0,2272.9111328125
2855,666,930,1904640,0.12519361078739166,-0.0069030133541673425,7.726764678955078,0.0001,0.009268688,0.9664409160614014,18.65264759063721,0.036328125,11.89859480857849,4644,0.2,1000.0,2276.797119140625
2858,666,931,1906688,0.1251738965511322,-0.008181456848978997,17.324642181396484,0.0001,0.010470419,0.9327912330627441,34.75001497268677,0.0662109375,11.901150274276734,4649,0.2,1000.0,2276.797119140625
2861,667,932,1908736,0.12512589991092682,-0.010964930430054665,17.846233367919922,0.0001,0.012861463,0.9324439764022827,38.74391689300537,0.07470703125,11.905282640457154,4654,0.2,1000.0,2276.797119140625
2864,667,933,1910784,0.1250951886177063,-0.01411850533913821,13.907265663146973,0.0001,0.018595023,0.9480609893798828,29.73917188644409,0.14296875,11.91245732307434,4659,0.2,1000.0,2276.797119140625
2868,666,934,1912832,0.12506961822509766,-0.011135974305216224,18.0643367767334,0.0001,0.013347421,0.9249142408370972,38.707651710510255,0.08076171875,11.915623760223388,4664,0.2,1000.0,2255.968017578125
2870,667,935,1914880,0.12503623962402344,-0.013330091931857168,28.149599075317383,0.0001,0.019145329,0.9268428087234497,56.09061832427979,0.14365234375,11.919836568832398,4669,0.2,1000.0,2255.968017578125
2873,667,936,1916928,0.12498398870229721,-0.006874997285194695,11.87651538848877,0.0001,0.017275697,0.9439275860786438,25.690437602996827,0.0833984375,11.92552628517151,4674,0.2,1000.0,2255.968017578125
2876,667,937,1918976,0.12493260949850082,-0.01296344914007932,10.994904518127441,0.0001,0.01447501,0.9510270357131958,23.093808937072755,0.10068359375,11.933526468276977,4679,0.2,1000.0,2255.968017578125
2880,667,938,1921024,0.12489403784275055,-0.008466445351950824,9.483050346374512,0.0001,0.012975255,0.9483784437179565,24.454428291320802,0.0728515625,11.940232229232787,4684,0.2,1000.0,2307.089599609375
2882,667,939,1923072,0.12484240531921387,-0.014115022635087371,14.5813627243042,0.0001,0.016736425,0.9626606106758118,28.122549533843994,0.16328125,11.946192216873168,4689,0.2,1000.0,2307.089599609375
2885,667,940,1925120,0.12477213889360428,-0.005360664357431233,5.235307216644287,0.0001,0.01421876,0.9849634766578674,11.584853744506836,0.0626953125,11.955003833770752,4694,0.2,1000.0,2307.089599609375
2888,667,941,1927168,0.12470940500497818,-0.008759666630066932,7.690645217895508,0.0001,0.015004262,0.9755434989929199,17.73342056274414,0.07890625,11.965645122528077,4699,0.2,1000.0,2307.089599609375
2891,667,942,1929216,0.12468606978654861,-0.012137479160446673,7.446516036987305,0.0001,0.022969421,0.9807868599891663,15.051575183868408,0.1560546875,11.972819280624389,4704,0.2,1000.0,2317.2666015625
2895,667,943,1931264,0.12468382716178894,-0.009804677660576999,14.068772315979004,0.0001,0.013506826,0.9450714588165283,27.516157150268555,0.088671875,11.973820638656616,4709,0.2,1000.0,2317.2666015625
2898,667,944,1933312,0.12466301023960114,-0.011728297590161673,13.269914627075195,0.0001,0.019663958,0.9389923810958862,23.675728225708006,0.16044921875,11.975030899047852,4714,0.2,1000.0,2317.2666015625
2900,667,945,1935360,0.12462782859802246,-0.012787299114279449,10.13586711883545,0.0001,0.022576828,0.9474990367889404,19.104050636291504,0.17001953125,11.979764032363892,4719,0.2,1000.0,2317.2666015625
2904,666,946,1937408,0.12459190934896469,-0.012164646084420383,11.774482727050781,0.0001,0.0147525,0.9262897372245789,23.261689949035645,0.14326171875,11.985392665863037,4724,0.2,1000.0,2303.638916015625
2907,667,947,1939456,0.12457343190908432,-0.007239591400139034,28.062503814697266,0.0001,0.0117637,0.8174969553947449,62.95490970611572,0.0673828125,11.989954423904418,4729,0.2,1000.0,2303.638916015625
2910,667,948,1941504,0.1245611384510994,-0.01591721149161458,21.70637321472168,0.0001,0.024588764,0.8673977851867676,44.41125087738037,0.18603515625,11.992656373977661,4734,0.2,1000.0,2303.638916015625
2913,667,949,1943552,0.12451764941215515,-0.011505022132769226,24.725200653076172,0.0001,0.013539507,0.8632806539535522,48.19586963653565,0.10888671875,11.99594497680664,4739,0.2,1000.0,2303.638916015625
2917,666,950,1945600,0.12447934597730637,-0.013911443203687668,25.554636001586914,0.0001,0.021482447,0.8483189344406128,51.70978603363037,0.1681640625,12.003493070602417,4744,0.2,1000.0,2327.9677734375
2920,666,951,1947648,0.12447040528059006,-0.00954492223681882,16.14286994934082,0.0001,0.014812598,0.9314387440681458,34.43936948776245,0.0978515625,12.00669593811035,4749,0.2,1000.0,2327.9677734375
2922,667,952,1949696,0.12443891167640686,-0.01269581848755479,12.4474458694458,0.0001,0.017974902,0.9508066773414612,26.456589221954346,0.11630859375,12.009160661697388,4754,0.2,1000.0,2327.9677734375
2925,667,953,1951744,0.12442987412214279,-0.010062351904343814,7.248332500457764,0.0001,0.01700928,0.972653865814209,15.210747241973877,0.112890625,12.013716316223144,4759,0.2,1000.0,2327.9677734375
2929,666,954,1953792,0.12442395091056824,-0.013182727782987059,8.591288566589355,0.0001,0.015044458,0.9674209356307983,20.01702070236206,0.15693359375,12.01423888206482,4764,0.2,1000.0,2342.16796875
2932,666,955,1955840,0.12441114336252213,-0.011533212894573808,14.20468807220459,0.0001,0.01718214,0.9458392858505249,29.859986591339112,0.1369140625,12.016290044784546,4769,0.2,1000.0,2342.16796875
2935,667,956,1957888,0.1243695393204689,-0.01489639754872769,12.48104476928711,0.0001,0.01884486,0.9452365636825562,26.420086765289305,0.1435546875,12.01957597732544,4774,0.2,1000.0,2342.16796875
2937,667,957,1959936,0.1243264377117157,-0.011198429693467914,11.614330291748047,0.0001,0.019992149,0.9551964402198792,23.907250213623048,0.125,12.02626895904541,4779,0.2,1000.0,2342.16796875
2941,667,958,1961984,0.12429138273000717,-0.012813846708741038,11.034774780273438,0.0001,0.018129207,0.9496825933456421,22.45974941253662,0.17333984375,12.032328605651855,4784,0.2,1000.0,2341.13671875
2944,667,959,1964032,0.12427891790866852,-0.01081640417687595,10.314769744873047,0.0001,0.014312303,0.9362972974777222,22.30261869430542,0.113671875,12.035709571838378,4789,0.2,1000.0,2341.13671875
2946,667,960,1966080,0.12421207875013351,-0.013438694830983876,7.222812652587891,0.0001,0.016032645,0.955022394657135,15.44405264854431,0.15537109375,12.040664577484131,4794,0.2,1000.0,2341.13671875
2950,667,961,1968128,0.1241365522146225,-0.01221177828265354,8.919601440429688,0.0001,0.015874146,0.9526375532150269,19.179284954071044,0.12158203125,12.0522310256958,4799,0.2,1000.0,2343.552490234375
2953,667,962,1970176,0.12409812957048416,-0.0136691658757627,12.409831047058105,0.0001,0.026411757,0.9433752298355103,25.51921755472819,0.1671875,12.06095422108968,4803,0.2,1000.0,2343.552490234375
2956,667,963,1972224,0.12402619421482086,-0.01153946651611477,11.156291961669922,0.0001,0.020145323,0.9537304639816284,25.018672466278076,0.13974609375,12.068230152130127,4808,0.2,1000.0,2343.552490234375
2958,667,964,1974272,0.12395739555358887,-0.004959709558170289,8.853350639343262,0.0001,0.011651417,0.9710318446159363,19.451263904571533,0.088671875,12.078671312332153,4813,0.2,1000.0,2343.552490234375
2962,667,965,1976320,0.1239040195941925,-0.009671718790195882,8.928102493286133,0.0001,0.019403202,0.969071626663208,19.06714334487915,0.1162109375,12.088256549835204,4818,0.2,1000.0,2378.773681640625
2965,667,966,1978368,0.1238834485411644,-0.012868124013766646,17.56187629699707,0.0001,0.018015265,0.9385050535202026,36.85208740234375,0.169921875,12.093659162521362,4823,0.2,1000.0,2378.773681640625
2968,667,967,1980416,0.1238502636551857,-0.009180493012536317,8.567590713500977,0.0001,0.014588974,0.9676625728607178,18.081606578826904,0.08984375,12.09609146118164,4828,0.2,1000.0,2378.773681640625
2970,667,968,1982464,0.12379630655050278,-0.013269272923935205,9.442726135253906,0.0001,0.02049848,0.9613270163536072,21.31043577194214,0.166015625,12.10298523902893,4833,0.2,1000.0,2378.773681640625
2974,667,969,1984512,0.12379492819309235,-0.01664153046440333,10.310029983520508,0.0001,0.019830685,0.9617167711257935,20.648404026031493,0.21376953125,12.108059549331665,4838,0.2,1000.0,2387.300537109375
2977,667,970,1986560,0.12382389605045319,-0.007026333548128605,24.32754135131836,0.0001,0.012693593,0.8877364993095398,50.86870403289795,0.1296875,12.105645847320556,4843,0.2,1000.0,2387.300537109375
2980,667,971,1988608,0.12382061034440994,-0.008154872409068047,30.684894561767578,0.0001,0.011618664,0.8225650787353516,60.18251838684082,0.0796875,12.103439617156983,4848,0.2,1000.0,2387.300537109375
2982,667,972,1990656,0.12380601465702057,-0.00862167023587972,37.09880065917969,0.0001,0.012572609,0.7929354906082153,75.1773473739624,0.09287109375,12.104815435409545,4853,0.2,1000.0,2387.300537109375
2987,667,973,1992704,0.12378732115030289,-0.008994189579971135,27.43756675720215,0.0001,0.015629325,0.842839241027832,52.6621015548706,0.10732421875,12.10752568244934,4858,0.2,1000.0,2373.210205078125
2989,667,974,1994752,0.12378382682800293,-0.007116058899555355,36.09904479980469,0.0001,0.01049147,0.7885295152664185,74.60054206848145,0.04208984375,12.10929079055786,4863,0.2,1000.0,2373.210205078125
2992,667,975,1996800,0.12374838441610336,-0.01321837231516838,9.115543365478516,0.0001,0.018303374,0.9165491461753845,19.698409366607667,0.0982421875,12.111061382293702,4868,0.2,1000.0,2373.210205078125
2995,667,976,1998848,0.12371126562356949,-0.011431991192512213,13.097275733947754,0.0001,0.015536213,0.8851281404495239,29.1711895942688,0.11962890625,12.117380523681641,4873,0.2,1000.0,2373.210205078125
2998,667,977,2000896,0.12367180734872818,-0.011071192420786247,11.739398002624512,0.0001,0.017875534,0.8840348720550537,27.388018321990966,0.11181640625,12.122159671783447,4878,0.2,1000.0,2403.613037109375
3001,667,978,2002944,0.12360426038503647,-0.009172418306116014,12.946710586547852,0.0001,0.015357329,0.9297986030578613,30.56009969711304,0.12900390625,12.130502367019654,4883,0.2,1000.0,2403.613037109375
3004,667,979,2004992,0.12355238944292068,-0.008480790467001498,8.569376945495605,0.0001,0.01432763,0.9572798609733582,16.399940919876098,0.10107421875,12.13969931602478,4888,0.2,1000.0,2403.613037109375
3006,667,980,2007040,0.12354917079210281,-0.014484966010786592,10.854421615600586,0.0001,0.018369915,0.9423520565032959,21.040624141693115,0.15673828125,12.14457540512085,4893,0.2,1000.0,2403.613037109375
3010,667,981,2009088,0.12353425472974777,-0.01465983735397458,9.831737518310547,0.0001,0.021377172,0.9525068402290344,20.053154945373535,0.17275390625,12.145331859588623,4898,0.2,1000.0,2407.23974609375
3013,667,982,2011136,0.12352245301008224,-0.008119863551110029,34.57756805419922,0.0001,0.013537118,0.8529641628265381,67.06159172058105,0.075,12.148349714279174,4903,0.2,1000.0,2407.23974609375
3016,667,983,2013184,0.12351515889167786,-0.005764478223863989,40.4354248046875,0.0001,0.006406743,0.8586536645889282,75.28714103698731,0.02216796875,12.149488306045532,4908,0.2,1000.0,2407.23974609375
3018,667,984,2015232,0.12350816279649734,-0.0060935225803405045,43.93171310424805,0.0001,0.0075272173,0.8427429795265198,85.39779968261719,0.02783203125,12.150723457336426,4913,0.2,1000.0,2407.23974609375
3022,667,985,2017280,0.12348993867635727,-0.006104035448515788,43.87834167480469,0.0001,0.008375369,0.8589250445365906,88.8662223815918,0.034765625,12.152175760269165,4918,0.2,1000.0,2401.234619140625
3025,667,986,2019328,0.12344816327095032,-0.011053289216943086,22.102285385131836,0.0001,0.015589555,0.9241799116134644,44.4526123046875,0.09296875,12.156316137313842,4923,0.2,1000.0,2401.234619140625
3028,667,987,2021376,0.12342715263366699,-0.00851286823162809,8.855677604675293,0.0001,0.014034362,0.966895580291748,20.209366416931154,0.077734375,12.161964845657348,4928,0.2,1000.0,2401.234619140625
3031,667,988,2023424,0.12340239435434341,-0.007220879860688001,11.986763000488281,0.0001,0.010332716,0.9581963419914246,26.986510944366454,0.050390625,12.16456389427185,4933,0.2,1000.0,2401.234619140625
3034,667,989,2025472,0.12336841225624084,-0.0086400086292997,9.994878768920898,0.0001,0.014040863,0.9606781005859375,22.935067176818848,0.086328125,12.169381713867187,4938,0.2,1000.0,2383.882568359375
3037,667,990,2027520,0.12331994622945786,-0.013251073355786503,15.435922622680664,0.0001,0.016176928,0.9599676728248596,32.519176197052005,0.12177734375,12.175283050537109,4943,0.2,1000.0,2383.882568359375
3040,667,991,2029568,0.12329910695552826,-0.004798102099448443,6.520597457885742,0.0001,0.007456401,0.9878185987472534,16.17871446609497,0.03896484375,12.181013584136963,4948,0.2,1000.0,2383.882568359375
3043,667,992,2031616,0.12329772114753723,-0.006111906236037612,6.003098487854004,0.0001,0.010573131,0.9843656420707703,14.183067178726196,0.045703125,12.182355308532715,4953,0.2,1000.0,2383.882568359375
3047,667,993,2033664,0.12328367680311203,-0.006023694504983723,5.938477516174316,0.0001,0.008964291,0.9867403507232666,13.704201459884644,0.039453125,12.183045387268066,4958,0.2,1000.0,2392.740966796875
3050,667,994,2035712,0.12327468395233154,-0.009742819145321846,26.579761505126953,0.0001,0.013955287,0.9013797044754028,67.17140445709228,0.0705078125,12.185498762130738,4963,0.2,1000.0,2392.740966796875
3053,667,995,2037760,0.12325853854417801,-0.006152493692934513,22.05893325805664,0.0001,0.008482462,0.9140581488609314,50.024626922607425,0.02939453125,12.18651623725891,4968,0.2,1000.0,2392.740966796875
3055,667,996,2039808,0.1232352927327156,-0.008103989937808365,19.950685501098633,0.0001,0.013081102,0.9101584553718567,46.2252872467041,0.057421875,12.190224981307983,4973,0.2,1000.0,2392.740966796875
3059,667,997,2041856,0.12322431057691574,-0.004878977301996201,20.205608367919922,0.0001,0.015037092,0.9139687418937683,42.26650905609131,0.073828125,12.192452526092529,4978,0.2,1000.0,2389.260009765625
3062,667,998,2043904,0.12320777028799057,-0.009204314276576041,50.03855514526367,0.0001,0.01188926,0.6354455351829529,115.03683052062988,0.06376953125,12.19450535774231,4983,0.2,1000.0,2389.260009765625
3065,667,999,2045952,0.12319139391183853,-0.0101425796514377,36.9807014465332,0.0001,0.015068894,0.54676753282547,74.6124828338623,0.0875,12.197177982330322,4988,0.2,1000.0,2389.260009765625
3069,667,1000,2048000,0.12316057085990906,-0.01039321192074567,36.83943557739258,0.0001,0.020822808,0.47346293926239014,79.08843383789062,0.13984375,12.200450897216797,4993,0.2,1000.0,2375.05810546875
3071,667,1001,2050048,0.12314590811729431,-0.010742413508705796,50.14960861206055,0.0001,0.016492918,0.3218972682952881,98.79619750976562,0.10517578125,12.204748630523682,4998,0.2,1000.0,2375.05810546875
3074,667,1002,2052096,0.12308730185031891,-0.007828199188224971,20.923887252807617,0.0001,0.015959838,0.9267814755439758,35.91855916976929,0.08330078125,12.208322477340698,5003,0.2,1000.0,2375.05810546875
3077,667,1003,2054144,0.12301360070705414,-0.009775444318074733,6.040561199188232,0.0001,0.024709312,0.9771527051925659,11.14716191291809,0.17880859375,12.219012451171874,5008,0.2,1000.0,2375.05810546875
3081,667,1004,2056192,0.1229424774646759,-0.013314487622119486,8.268566131591797,0.0001,0.020937046,0.9683393836021423,16.428990840911865,0.19072265625,12.229417610168458,5013,0.2,1000.0,2377.704345703125
3084,667,1005,2058240,0.12291435152292252,-0.009854435175657272,13.609122276306152,0.0001,0.020936115,0.9504698514938354,26.408336925506593,0.14462890625,12.237620878219605,5018,0.2,1000.0,2377.704345703125
3086,667,1006,2060288,0.12289595603942871,-0.009237448242492974,32.47712326049805,0.0001,0.01678629,0.8800455331802368,66.5583251953125,0.1439453125,12.241120624542237,5023,0.2,1000.0,2377.704345703125
3089,667,1007,2062336,0.12287191301584244,-0.014565151883289218,43.50532531738281,0.0001,0.020185497,0.8488800525665283,84.24087448120117,0.1314453125,12.243911933898925,5028,0.2,1000.0,2377.704345703125
3093,667,1008,2064384,0.12285915017127991,-0.012371774180792272,36.124473571777344,0.0001,0.017425355,0.8600253462791443,77.280810546875,0.1427734375,12.246717500686646,5033,0.2,1000.0,2397.5302734375
3096,667,1009,2066432,0.12284919619560242,-0.013427178631536663,26.86227798461914,0.0001,0.016020995,0.8774166107177734,65.85655994415283,0.11533203125,12.247946453094482,5038,0.2,1000.0,2397.5302734375
3099,667,1010,2068480,0.1228329986333847,-0.00563240828923881,5.840758323669434,0.0001,0.0072619403,0.9776175618171692,13.966679573059082,0.02373046875,12.249304580688477,5043,0.2,1000.0,2397.5302734375
3101,667,1011,2070528,0.1227853000164032,-0.006271172827109694,5.975296497344971,0.0001,0.011176932,0.9759249687194824,14.521229648590088,0.0689453125,12.25387601852417,5048,0.2,1000.0,2397.5302734375
3105,667,1012,2072576,0.12273616343736649,-0.005197784677147865,6.3147382736206055,0.0001,0.009931197,0.9765467643737793,15.171294260025025,0.0431640625,12.261486339569093,5053,0.2,1000.0,2392.214599609375
3108,667,1013,2074624,0.12268110364675522,-0.01263288832269609,15.078853607177734,0.0001,0.017744105,0.9366047382354736,29.64778690338135,0.15146484375,12.26914472579956,5058,0.2,1000.0,2392.214599609375
3111,667,1014,2076672,0.12262337654829025,-0.011298793158493936,5.034432888031006,0.0001,0.019478798,0.9777328968048096,11.200295352935791,0.14462890625,12.27676019668579,5063,0.2,1000.0,2392.214599609375
3113,667,1015,2078720,0.12256671488285065,-0.011881558794993908,6.977768898010254,0.0001,0.012541825,0.9706156849861145,14.707062149047852,0.158203125,12.28500051498413,5068,0.2,1000.0,2392.214599609375
3117,667,1016,2080768,0.12246648222208023,-0.01405158793204464,4.2411298751831055,0.0001,0.016282557,0.9811335206031799,10.605675268173218,0.158984375,12.295642709732055,5073,0.2,1000.0,2391.781982421875
3120,667,1017,2082816,0.12242569029331207,-0.008906463673338295,13.604585647583008,0.0001,0.02055101,0.9495922327041626,27.909079170227052,0.11328125,12.308690881729126,5078,0.2,1000.0,2391.781982421875
3123,667,1018,2084864,0.12239047139883041,-0.010758319683372975,6.651381492614746,0.0001,0.014599852,0.9629930257797241,14.128870534896851,0.1056640625,12.311734008789063,5083,0.2,1000.0,2391.781982421875
3126,667,1019,2086912,0.12230733036994934,-0.014352493011392653,8.520127296447754,0.0001,0.017741388,0.9525713920593262,18.873966407775878,0.19814453125,12.32103123664856,5088,0.2,1000.0,2391.781982421875
3129,667,1020,2088960,0.12219730764627457,-0.01329553620889783,7.6463236808776855,0.0001,0.021858476,0.9513877630233765,16.86760311126709,0.1951171875,12.335143613815308,5093,0.2,1000.0,2414.776611328125
3132,667,1021,2091008,0.122132807970047,-0.009886886412277817,11.17833137512207,0.0001,0.016398888,0.9607468247413635,23.141349697113036,0.12724609375,12.349030303955079,5098,0.2,1000.0,2414.776611328125
3135,667,1022,2093056,0.12208110839128494,-0.009077408583834767,6.902120590209961,0.0001,0.01863667,0.9857340455055237,14.38544282913208,0.1328125,12.356851959228516,5103,0.2,1000.0,2414.776611328125
3137,667,1023,2095104,0.12203534692525864,-0.009349955315701663,5.77289342880249,0.0001,0.013004775,0.9871362447738647,12.306843996047974,0.10234375,12.3644428730011,5108,0.2,1000.0,2414.776611328125
3142,667,1024,2097152,0.12200537323951721,-0.013307000417262316,7.56835412979126,0.0001,0.01828618,0.9806732535362244,18.466989517211914,0.1396484375,12.370597124099731,5113,0.2,1000.0,2421.2880859375
3145,667,1025,2099200,0.1220114529132843,-0.009152735210955143,23.940603256225586,0.0001,0.014162008,0.9171411991119385,57.983764266967775,0.07705078125,12.373289680480957,5118,0.2,1000.0,2421.2880859375
3147,667,1026,2101248,0.12201768904924393,-0.013127627957146615,25.68084716796875,0.0001,0.017537076,0.8549021482467651,53.9230878829956,0.13583984375,12.37174096107483,5123,0.2,1000.0,2421.2880859375
3150,667,1027,2103296,0.12198962271213531,-0.009300761274062097,20.276569366455078,0.0001,0.017393338,0.863817572593689,47.252966499328615,0.1181640625,12.3724365234375,5128,0.2,1000.0,2421.2880859375
3154,667,1028,2105344,0.12197359651327133,-0.014000005088746548,31.846019744873047,0.0001,0.021736298,0.8166036605834961,62.82540397644043,0.15205078125,12.376720857620239,5133,0.2,1000.0,2405.321044921875
3157,667,1029,2107392,0.1219632476568222,-0.004147992609068752,23.18411636352539,0.0001,0.006241888,0.8356371521949768,48.94510631561279,0.025,12.377953243255615,5138,0.2,1000.0,2405.321044921875
3160,667,1030,2109440,0.12194212526082993,-0.011093748407438398,5.807146072387695,0.0001,0.014579462,0.9398080706596375,13.433908176422118,0.08291015625,12.380151748657227,5143,0.2,1000.0,2405.321044921875
3163,667,1031,2111488,0.1218869686126709,-0.013525018095970153,4.378215312957764,0.0001,0.01614073,0.9638985991477966,9.222917175292968,0.1259765625,12.385523176193237,5148,0.2,1000.0,2405.321044921875
3167,667,1032,2113536,0.12180451303720474,-0.012243551854044198,6.96366024017334,0.0001,0.016222157,0.9442176818847656,14.297492218017577,0.17509765625,12.396256017684937,5153,0.2,1000.0,2425.173095703125
3170,667,1033,2115584,0.12178424000740051,-0.0125818612286821,11.850408554077148,0.0001,0.016008463,0.9317700862884521,29.413336753845215,0.1353515625,12.404674673080445,5158,0.2,1000.0,2425.173095703125
3173,667,1034,2117632,0.12177649140357971,-0.006027124891988933,7.0035481452941895,0.0001,0.008743901,0.9718532562255859,15.829889011383056,0.04755859375,12.405691385269165,5163,0.2,1000.0,2425.173095703125
3176,667,1035,2119680,0.12176624685525894,-0.00781384010333568,6.634396553039551,0.0001,0.015459264,0.9699181914329529,13.743582773208619,0.09716796875,12.40748734474182,5168,0.2,1000.0,2425.173095703125
3179,667,1036,2121728,0.12175401300191879,-0.007503276527859271,9.015413284301758,0.0001,0.012168045,0.9587081670761108,18.151505374908446,0.10849609375,12.40862741470337,5173,0.2,1000.0,2428.8388671875
3182,667,1037,2123776,0.12174257636070251,-0.010611843620426952,13.624757766723633,0.0001,0.017170468,0.9540411233901978,28.503544044494628,0.14248046875,12.410909843444824,5178,0.2,1000.0,2428.8388671875
3185,667,1038,2125824,0.12170101702213287,-0.008801097725518047,12.082674026489258,0.0001,0.015364485,0.959405243396759,27.166235160827636,0.128125,12.414078187942504,5183,0.2,1000.0,2428.8388671875
3188,667,1039,2127872,0.1216505914926529,-0.01297236408572644,7.9213080406188965,0.0001,0.01724568,0.9753508567810059,16.580226182937622,0.1515625,12.421603584289551,5188,0.2,1000.0,2428.8388671875
3192,667,1040,2129920,0.1216224730014801,-0.011843044753186404,11.075642585754395,0.0001,0.01592254,0.9644502401351929,25.659525012969972,0.13388671875,12.428060245513915,5193,0.2,1000.0,2427.954833984375
3194,667,1041,2131968,0.12161873281002045,-0.00870982784545049,19.541536331176758,0.0001,0.01280072,0.9311988949775696,39.390494918823244,0.06044921875,12.429779720306396,5198,0.2,1000.0,2427.954833984375
3197,667,1042,2134016,0.12161551415920258,-0.010386769962497055,7.259426116943359,0.0001,0.013171549,0.9684349894523621,15.937169551849365,0.08662109375,12.430416059494018,5203,0.2,1000.0,2427.954833984375
3201,667,1043,2136064,0.12159335613250732,-0.013607130793388933,7.614720821380615,0.0001,0.018574309,0.972775399684906,15.02225832939148,0.13876953125,12.432138013839722,5208,0.2,1000.0,2438.76806640625
3204,667,1044,2138112,0.12157804518938065,-0.005915815860498696,10.57670783996582,0.0001,0.010915144,0.9634610414505005,22.76818265914917,0.05615234375,12.435649013519287,5213,0.2,1000.0,2438.76806640625
3207,667,1045,2140160,0.12156607210636139,-0.011058295459952206,9.338733673095703,0.0001,0.016488941,0.9564287662506104,22.07125005722046,0.1193359375,12.437520265579224,5218,0.2,1000.0,2438.76806640625
3209,667,1046,2142208,0.12155362963676453,-0.009509702655486762,9.881606101989746,0.0001,0.018081691,0.9615355134010315,21.8038028717041,0.1078125,12.439446306228637,5223,0.2,1000.0,2438.76806640625
3213,667,1047,2144256,0.12152784317731857,-0.005518096312880516,7.849088668823242,0.0001,0.009535725,0.9670680165290833,17.19633436203003,0.03994140625,12.440989780426026,5228,0.2,1000.0,2456.550048828125
3216,667,1048,2146304,0.12145891785621643,-0.009365713060833513,12.459298133850098,0.0001,0.013733707,0.9495490193367004,26.667201042175293,0.12001953125,12.448503017425537,5233,0.2,1000.0,2456.550048828125
3219,667,1049,2148352,0.12142029404640198,-0.013494460517540574,9.175353050231934,0.0001,0.019864276,0.9721984267234802,19.46868152618408,0.15703125,12.45677375793457,5238,0.2,1000.0,2456.550048828125
3223,667,1050,2150400,0.12137312442064285,-0.01221796611789614,10.318174362182617,0.0001,0.016072806,0.9705054759979248,20.719832134246825,0.1125,12.462352085113526,5243,0.2,1000.0,2456.550048828125
3227,666,1051,2152448,0.12132799625396729,-0.016249425895512103,6.394134998321533,0.0001,0.020115977,0.9769012331962585,16.97987232208252,0.165625,12.469597005844117,5248,0.2,1000.0,2457.0673828125
3230,666,1052,2154496,0.12126937508583069,-0.01319361391942948,17.280466079711914,0.0001,0.01795724,0.9579304456710815,34.86793327331543,0.15615234375,12.476717233657837,5253,0.2,1000.0,2457.0673828125
3232,667,1053,2156544,0.12121771275997162,-0.008591452706605196,8.313515663146973,0.0001,0.013194186,0.9839737415313721,15.895400953292846,0.10224609375,12.485860967636109,5258,0.2,1000.0,2457.0673828125
3235,667,1054,2158592,0.12117023020982742,-0.015866418019868433,8.785123825073242,0.0001,0.020914026,0.9825466275215149,16.79889006614685,0.19248046875,12.493022775650024,5263,0.2,1000.0,2457.0673828125
3239,666,1055,2160640,0.12111275643110275,-0.014444374234881253,5.441837787628174,0.0001,0.01725339,0.986783504486084,11.996160125732422,0.1814453125,12.500289392471313,5268,0.2,1000.0,2466.4716796875
3242,666,1056,2162688,0.12106382846832275,-0.008505808503832668,28.919052124023438,0.0001,0.011964937,0.9233860969543457,57.77312679290772,0.08369140625,12.50930495262146,5273,0.2,1000.0,2466.4716796875
3245,667,1057,2164736,0.12103406339883804,-0.0044549674494192,53.9511604309082,0.0001,0.0072733066,0.7353562712669373,104.06852836608887,0.03115234375,12.515729284286499,5278,0.2,1000.0,2466.4716796875
3248,667,1058,2166784,0.12102459371089935,-0.0053920091828331355,32.334266662597656,0.0001,0.009465611,0.8290853500366211,65.49368247985839,0.03330078125,12.518616199493408,5283,0.2,1000.0,2466.4716796875
3251,666,1059,2168832,0.12102382630109787,-0.0056100247544236485,42.00227737426758,0.0001,0.0074471557,0.8011521100997925,78.44638786315917,0.023046875,12.519505834579467,5288,0.2,1000.0,2450.566650390625
3254,666,1060,2170880,0.12102074176073074,-0.007790508412290365,22.74209976196289,0.0001,0.011299934,0.8718308210372925,49.776469993591306,0.0537109375,12.519513845443726,5293,0.2,1000.0,2450.566650390625
3257,667,1061,2172928,0.12099774926900864,-0.011551869940012694,6.6006879806518555,0.0001,0.023491902,0.9636281728744507,13.800225925445556,0.133984375,12.52098879814148,5298,0.2,1000.0,2450.566650390625
3260,667,1062,2174976,0.12096917629241943,-0.00713860554387793,5.416633605957031,0.0001,0.01075261,0.9700047373771667,12.680035305023193,0.09150390625,12.524709558486938,5303,0.2,1000.0,2450.566650390625
3264,666,1063,2177024,0.12091702967882156,-0.01236662219162099,6.678792953491211,0.0001,0.017136265,0.9626454710960388,14.214468050003052,0.151953125,12.530592393875121,5308,0.2,1000.0,2451.97607421875
3266,667,1064,2179072,0.12087799608707428,-0.008011715020984411,19.143461227416992,0.0001,0.013283312,0.8734140396118164,45.77303237915039,0.07275390625,12.538631105422974,5313,0.2,1000.0,2451.97607421875
3269,667,1065,2181120,0.1208614930510521,-0.009852445707656443,17.076766967773438,0.0001,0.012258353,0.9212498068809509,34.15716505050659,0.0736328125,12.542525672912598,5318,0.2,1000.0,2451.97607421875
3272,667,1066,2183168,0.12082091718912125,-0.013137553026899696,10.219873428344727,0.0001,0.019021261,0.9480107426643372,21.194795608520508,0.1546875,12.545820665359496,5323,0.2,1000.0,2451.97607421875
3276,666,1067,2185216,0.12077032029628754,-0.010658681078348308,11.45024299621582,0.0001,0.01606004,0.943248450756073,23.875826168060303,0.1453125,12.5531569480896,5328,0.2,1000.0,2449.662841796875
3279,667,1068,2187264,0.12073339521884918,-0.00994689823128283,17.42218780517578,0.0001,0.0155847315,0.9091630578041077,36.904913330078124,0.1203125,12.559443092346191,5333,0.2,1000.0,2449.662841796875
3281,667,1069,2189312,0.12070915102958679,-0.006219835299998522,8.350130081176758,0.0001,0.0063775056,0.9592746496200562,19.034248113632202,0.0453125,12.564490556716919,5338,0.2,1000.0,2449.662841796875
3284,667,1070,2191360,0.12069269269704819,-0.0039020466851070524,6.567788124084473,0.0001,0.008213964,0.9657842516899109,15.426701498031616,0.03017578125,12.56761817932129,5343,0.2,1000.0,2449.662841796875
3288,667,1071,2193408,0.12065402418375015,-0.009068303392268717,7.596829891204834,0.0001,0.013434539,0.9544509053230286,16.224713945388793,0.0857421875,12.571038389205933,5348,0.2,1000.0,2455.208251953125
3291,667,1072,2195456,0.12063606828451157,-0.00997689648065716,21.553375244140625,0.0001,0.014746087,0.9318835139274597,43.90601139068603,0.1013671875,12.576825952529907,5353,0.2,1000.0,2455.208251953125
3294,667,1073,2197504,0.12063663452863693,-0.010625649988651276,12.865328788757324,0.0001,0.012459834,0.964431881904602,25.699432849884033,0.13076171875,12.577501916885376,5358,0.2,1000.0,2455.208251953125
3297,667,1074,2199552,0.12062206864356995,-0.008956934092566371,13.828004837036133,0.0001,0.0145753445,0.959195613861084,28.37152681350708,0.0875,12.578769874572753,5363,0.2,1000.0,2455.208251953125
3300,666,1075,2201600,0.12060172110795975,-0.011826387280598283,18.814464569091797,0.0001,0.018712677,0.9507835507392883,36.184807205200194,0.1244140625,12.581537675857543,5368,0.2,1000.0,2435.389892578125
3303,667,1076,2203648,0.12059329450130463,-0.005552178376819939,20.872745513916016,0.0001,0.008777479,0.892208456993103,45.035287094116214,0.0431640625,12.583988332748413,5373,0.2,1000.0,2435.389892578125
3306,667,1077,2205696,0.12058176100254059,-0.008280099323019385,9.151413917541504,0.0001,0.013983777,0.9027215838432312,19.92501268386841,0.06572265625,12.58509030342102,5378,0.2,1000.0,2435.389892578125
3308,667,1078,2207744,0.12055917829275131,-0.009645677241496741,7.494403839111328,0.0001,0.01529059,0.9274198412895203,15.936915111541747,0.08681640625,12.587475681304932,5383,0.2,1000.0,2435.389892578125
3312,667,1079,2209792,0.12055239081382751,-0.012800000910647213,7.699606895446777,0.0001,0.018038794,0.9224370121955872,15.22420630455017,0.12236328125,12.590335941314697,5388,0.2,1000.0,2457.341552734375
3315,667,1080,2211840,0.12054286897182465,-0.011130886408500374,13.057575225830078,0.0001,0.016916988,0.9771948456764221,24.098473453521727,0.10634765625,12.591292238235473,5393,0.2,1000.0,2457.341552734375
3318,667,1081,2213888,0.12051650881767273,-0.006327202334068716,7.6849284172058105,0.0001,0.009648662,0.984857439994812,16.877562475204467,0.03916015625,12.59371223449707,5398,0.2,1000.0,2457.341552734375
3320,667,1082,2215936,0.12048503011465073,-0.006838759989477694,5.811807632446289,0.0001,0.008222053,0.9885444641113281,12.468706798553466,0.04541015625,12.598392295837403,5403,0.2,1000.0,2457.341552734375
3324,667,1083,2217984,0.12045744061470032,-0.005851988238282502,4.657652378082275,0.0001,0.013124634,0.9895437955856323,11.115148544311523,0.0529296875,12.60330090522766,5408,0.2,1000.0,2446.687255859375
3327,667,1084,2220032,0.12044522166252136,-0.00782177153741941,20.3052921295166,0.0001,0.013576448,0.886264979839325,42.76027660369873,0.0689453125,12.606479406356812,5413,0.2,1000.0,2446.687255859375
3330,667,1085,2222080,0.12044557929039001,-0.010880662268027664,9.295093536376953,0.0001,0.015249528,0.9221101403236389,20.85563507080078,0.0861328125,12.607665538787842,5418,0.2,1000.0,2446.687255859375
3333,667,1086,2224128,0.12040272355079651,-0.014523218758404255,6.355874061584473,0.0001,0.016925167,0.9542698264122009,12.777491807937622,0.13837890625,12.609320402145386,5423,0.2,1000.0,2459.371337890625
3336,667,1087,2226176,0.12034758180379868,-0.010114111029542983,15.11184024810791,0.0001,0.013714889,0.8996567726135254,31.367795085906984,0.12861328125,12.61791639328003,5428,0.2,1000.0,2459.371337890625
3339,667,1088,2228224,0.12031647562980652,-0.006467107334174216,8.817876815795898,0.0001,0.009709083,0.9728776216506958,20.08100528717041,0.0478515625,12.624301052093506,5433,0.2,1000.0,2459.371337890625
3341,667,1089,2230272,0.12028194963932037,-0.010248414950910955,12.608654022216797,0.0001,0.015521008,0.9666447639465332,26.625877857208252,0.0962890625,12.628871202468872,5438,0.2,1000.0,2459.371337890625
3345,667,1090,2232320,0.12024858593940735,-0.008516626688651741,7.073019504547119,0.0001,0.01717959,0.978676974773407,16.47955279350281,0.1052734375,12.634560012817383,5443,0.2,1000.0,2443.83544921875
3348,667,1091,2234368,0.12022014707326889,-0.009134912420995534,14.321731567382812,0.0001,0.017839894,0.9675419330596924,28.8341233253479,0.101171875,12.639029788970948,5448,0.2,1000.0,2443.83544921875
3350,667,1092,2236416,0.12017582356929779,-0.011275390698574483,8.552835464477539,0.0001,0.017340785,0.9857650399208069,16.085437488555907,0.12265625,12.64406509399414,5453,0.2,1000.0,2443.83544921875
3353,667,1093,2238464,0.12012389302253723,-0.00847477950155735,6.780902862548828,0.0001,0.016314847,0.9879973530769348,13.075264072418213,0.09619140625,12.651139640808106,5458,0.2,1000.0,2443.83544921875
3357,667,1094,2240512,0.12008551508188248,-0.005466212448664009,7.125944137573242,0.0001,0.008977131,0.9857855439186096,16.057802391052245,0.05693359375,12.658958387374877,5463,0.2,1000.0,2456.6142578125
3360,667,1095,2242560,0.12006250768899918,-0.00801536433864385,23.148773193359375,0.0001,0.013334162,0.9475467801094055,46.21291542053223,0.08349609375,12.663628673553466,5468,0.2,1000.0,2456.6142578125
3363,667,1096,2244608,0.12005509436130524,-0.005499883787706494,30.730350494384766,0.0001,0.008679662,0.8689088225364685,62.155052185058594,0.03408203125,12.665953350067138,5473,0.2,1000.0,2456.6142578125
3366,667,1097,2246656,0.12006212770938873,-0.007980266225058586,27.414710998535156,0.0001,0.010087161,0.8747744560241699,64.54024085998535,0.0466796875,12.666560888290405,5478,0.2,1000.0,2456.6142578125
3370,667,1098,2248704,0.12006194144487381,-0.008544327970594168,27.952077865600586,0.0001,0.011039659,0.8925653100013733,54.00554084777832,0.05009765625,12.665541172027588,5483,0.2,1000.0,2435.921142578125
3373,667,1099,2250752,0.1200622171163559,-0.01067112407181412,29.13677406311035,0.0001,0.015309567,0.9081590175628662,63.949866104125974,0.0830078125,12.665742492675781,5488,0.2,1000.0,2435.921142578125
3376,667,1100,2252800,0.12005354464054108,-0.010807062441017479,18.79751968383789,0.0001,0.015552102,0.9660419821739197,35.11187715530396,0.0853515625,12.666067504882813,5493,0.2,1000.0,2435.921142578125
3378,667,1101,2254848,0.12004094570875168,-0.007774103642441332,22.61115264892578,0.0001,0.013473497,0.957679808139801,45.49152030944824,0.071484375,12.66790132522583,5498,0.2,1000.0,2435.921142578125
3382,667,1102,2256896,0.12002893537282944,-0.007105122366920113,15.542536735534668,0.0001,0.01215085,0.9672287702560425,34.22413854598999,0.0751953125,12.669468021392822,5503,0.2,1000.0,2441.326904296875
3385,667,1103,2258944,0.1200200691819191,-0.012025462358724325,15.711028099060059,0.0001,0.015660781,0.9635715484619141,32.42275772094727,0.09033203125,12.671389532089233,5508,0.2,1000.0,2441.326904296875
3388,667,1104,2260992,0.12000665068626404,-0.009159393573645503,4.968003273010254,0.0001,0.013292229,0.9770196080207825,11.58993582725525,0.07265625,12.672705745697021,5513,0.2,1000.0,2441.326904296875
3390,667,1105,2263040,0.11997033655643463,-0.012593014154117555,8.625572204589844,0.0001,0.01685805,0.9660719037055969,18.802030086517334,0.11650390625,12.67690987586975,5518,0.2,1000.0,2441.326904296875
3394,667,1106,2265088,0.11994478106498718,-0.014692216459661723,5.814070224761963,0.0001,0.02130941,0.9751037955284119,13.394775104522704,0.1271484375,12.68191318511963,5523,0.2,1000.0,2415.005859375
3397,667,1107,2267136,0.11992456018924713,-0.00852231957251206,17.047805786132812,0.0001,0.013940487,0.9507774710655212,36.42949571609497,0.09248046875,12.685126638412475,5528,0.2,1000.0,2415.005859375
3400,667,1108,2269184,0.11989479511976242,-0.011397263803519308,8.156768798828125,0.0001,0.016572265,0.9755668044090271,17.18263359069824,0.1033203125,12.688682985305785,5533,0.2,1000.0,2415.005859375
3403,667,1109,2271232,0.11985651403665543,-0.012267482792958617,8.230327606201172,0.0001,0.015971307,0.9785470366477966,15.144702482223511,0.138671875,12.69458827972412,5538,0.2,1000.0,2415.005859375
3407,667,1110,2273280,0.11983123421669006,-0.00997300103190355,13.314779281616211,0.0001,0.014054948,0.9638372659683228,25.909697914123534,0.103515625,12.700163173675538,5543,0.2,1000.0,2415.952392578125
3410,667,1111,2275328,0.11982907354831696,-0.013023718120530247,11.993334770202637,0.0001,0.019987052,0.977699875831604,28.008928871154787,0.14677734375,12.70277714729309,5548,0.2,1000.0,2415.952392578125
3413,667,1112,2277376,0.11983401328325272,-0.010067323502153159,11.133004188537598,0.0001,0.014622533,0.9842962622642517,23.373579216003417,0.094140625,12.702501440048218,5553,0.2,1000.0,2415.952392578125
3415,667,1113,2279424,0.11983828991651535,-0.0036438821814954283,8.742652893066406,0.0001,0.007989479,0.9881073236465454,19.310908603668214,0.0388671875,12.701768016815185,5558,0.2,1000.0,2415.952392578125
3419,667,1114,2281472,0.11982345581054688,-0.006251652701757848,10.138371467590332,0.0001,0.008137431,0.9855886101722717,21.76220531463623,0.04208984375,12.70219259262085,5563,0.2,1000.0,2414.241455078125
3422,667,1115,2283520,0.11977151781320572,-0.01344057647511363,15.97085189819336,0.0001,0.016750216,0.9630635380744934,29.62940368652344,0.12265625,12.707163429260254,5568,0.2,1000.0,2414.241455078125
3425,667,1116,2285568,0.11970522999763489,-0.012125949026085436,10.029817581176758,0.0001,0.017265808,0.954550564289093,18.984440040588378,0.1509765625,12.716295051574708,5573,0.2,1000.0,2414.241455078125
3428,667,1117,2287616,0.11965552717447281,-0.012682476220652461,10.122005462646484,0.0001,0.017250165,0.9472373127937317,21.23212251663208,0.17197265625,12.72545280456543,5578,0.2,1000.0,2414.241455078125
3432,667,1118,2289664,0.11960993707180023,-0.013118157151620836,9.715250968933105,0.0001,0.017958252,0.9510757327079773,19.417732906341552,0.1765625,12.732873058319091,5583,0.2,1000.0,2419.125244140625
3435,667,1119,2291712,0.11957350373268127,-0.008398962672799826,23.46290397644043,0.0001,0.011915786,0.9232045412063599,53.31733169555664,0.097265625,12.739318370819092,5588,0.2,1000.0,2419.125244140625
3438,667,1120,2293760,0.11955436319112778,-0.009358332329429685,18.795289993286133,0.0001,0.01303403,0.9422519207000732,38.65587387084961,0.1173828125,12.743928861618041,5593,0.2,1000.0,2419.125244140625
3440,667,1121,2295808,0.11954493075609207,-0.01002463799668476,18.068445205688477,0.0001,0.014179297,0.9380688071250916,38.004666328430176,0.10478515625,12.746105909347534,5598,0.2,1000.0,2419.125244140625
3444,667,1122,2297856,0.11949287354946136,-0.010996634990442544,14.26817798614502,0.0001,0.017775424,0.9487267136573792,30.65253562927246,0.113671875,12.748956727981568,5603,0.2,1000.0,2422.4423828125
3447,667,1123,2299904,0.11945439875125885,-0.004338585259392858,16.225204467773438,0.0001,0.009825861,0.9462425112724304,35.128664302825925,0.05849609375,12.757711553573609,5608,0.2,1000.0,2422.4423828125
3450,667,1124,2301952,0.11945920437574387,-0.00628933550324291,14.991697311401367,0.0001,0.011227736,0.9442610144615173,31.758716583251953,0.0505859375,12.759931230545044,5613,0.2,1000.0,2422.4423828125
3453,667,1125,2304000,0.1194630041718483,-0.008960102807031944,7.898463249206543,0.0001,0.013500901,0.9727473258972168,15.591661071777343,0.06416015625,12.758528423309325,5618,0.2,1000.0,2399.68701171875
3456,667,1126,2306048,0.11945872753858566,-0.006021790159866214,12.184649467468262,0.0001,0.007088082,0.9603174924850464,24.736778736114502,0.026171875,12.758871030807494,5623,0.2,1000.0,2399.68701171875
3459,667,1127,2308096,0.11940969526767731,-0.01145770070143044,10.091713905334473,0.0001,0.014353611,0.9465277194976807,24.17898826599121,0.1173828125,12.76166067123413,5628,0.2,1000.0,2399.68701171875
3462,667,1128,2310144,0.11935378611087799,-0.007668689056299627,6.859665870666504,0.0001,0.01333767,0.9732629060745239,13.391745138168336,0.0884765625,12.770226001739502,5633,0.2,1000.0,2399.68701171875
3466,667,1129,2312192,0.11931637674570084,-0.007217653363477438,6.066226005554199,0.0001,0.009569308,0.9759307503700256,12.064497184753417,0.0732421875,12.777833938598633,5638,0.2,1000.0,2397.589111328125
3468,667,1130,2314240,0.11929816752672195,-0.012195112672634423,9.813165664672852,0.0001,0.017041497,0.9555389881134033,20.01681785583496,0.11787109375,12.781981801986694,5643,0.2,1000.0,2397.589111328125
3471,667,1131,2316288,0.11929818987846375,-0.008001578133553266,7.963482856750488,0.0001,0.013720784,0.9650542140007019,17.397272682189943,0.09404296875,12.783616399765014,5648,0.2,1000.0,2397.589111328125
3474,667,1132,2318336,0.11926846951246262,-0.013594265305437147,9.250426292419434,0.0001,0.019151023,0.9672685265541077,18.30149726867676,0.15283203125,12.784725522994995,5653,0.2,1000.0,2397.589111328125
3478,667,1133,2320384,0.11919043958187103,-0.010674828547053039,8.011839866638184,0.0001,0.016809968,0.9703472852706909,14.987230730056762,0.19658203125,12.793551874160766,5658,0.2,1000.0,2394.144287109375
3480,667,1134,2322432,0.11916038393974304,-0.01630724670831114,11.075929641723633,0.0001,0.025195431,0.9524584412574768,25.227031707763672,0.18212890625,12.803053855895996,5663,0.2,1000.0,2394.144287109375
3483,667,1135,2324480,0.11912589520215988,-0.008792553120292724,7.811953067779541,0.0001,0.0142538715,0.9779999852180481,18.234524059295655,0.0958984375,12.806894874572754,5668,0.2,1000.0,2394.144287109375
3486,667,1136,2326528,0.11908543109893799,-0.012399266590364277,7.932011127471924,0.0001,0.020969383,0.9782168865203857,16.055164575576782,0.18857421875,12.814113998413086,5673,0.2,1000.0,2394.144287109375
3490,667,1137,2328576,0.11904153227806091,-0.009874001075513662,6.378764629364014,0.0001,0.017797964,0.9840980172157288,14.864808511734008,0.12158203125,12.819782972335815,5678,0.2,1000.0,2411.332275390625
3493,667,1138,2330624,0.11899934709072113,-0.010556448902934789,17.706762313842773,0.0001,0.0150950635,0.9565953016281128,39.89729175567627,0.11494140625,12.827487230300903,5683,0.2,1000.0,2411.332275390625
3495,667,1139,2332672,0.11898773163557053,-0.010028541879728436,24.32468605041504,0.0001,0.012340916,0.9510947465896606,49.12399806976318,0.06865234375,12.8311101436615,5688,0.2,1000.0,2411.332275390625
3498,667,1140,2334720,0.11898832768201828,-0.00604383785976097,18.458553314208984,0.0001,0.011590291,0.9596606492996216,43.77201766967774,0.04951171875,12.831827116012573,5693,0.2,1000.0,2411.332275390625
3502,667,1141,2336768,0.11898381263017654,-0.006609694170765579,22.60762596130371,0.0001,0.010182475,0.9572012424468994,48.98648109436035,0.040625,12.83215274810791,5698,0.2,1000.0,2402.434326171875
3505,667,1142,2338816,0.1189781054854393,-0.01166389751015231,18.683019638061523,0.0001,0.016881585,0.9631609320640564,38.44922924041748,0.11796875,12.833163642883301,5703,0.2,1000.0,2402.434326171875
3508,667,1143,2340864,0.11897046118974686,-0.006178680155426264,8.747947692871094,0.0001,0.0074599185,0.9821707010269165,21.136085987091064,0.02861328125,12.833902168273926,5708,0.2,1000.0,2402.434326171875
3510,667,1144,2342912,0.11895399540662766,-0.0037113673868589105,7.448296070098877,0.0001,0.006445283,0.9845806956291199,16.553593254089357,0.01845703125,12.835894203186035,5713,0.2,1000.0,2402.434326171875
3514,667,1145,2344960,0.11893803626298904,-0.006304309703409672,8.397314071655273,0.0001,0.012919248,0.983347475528717,17.581702327728273,0.0609375,12.838336563110351,5718,0.2,1000.0,2400.813232421875
3517,667,1146,2347008,0.11892734467983246,-0.010737109009642153,16.147235870361328,0.0001,0.015127947,0.9594295620918274,36.66346282958985,0.090234375,12.840625333786011,5723,0.2,1000.0,2400.813232421875
3519,667,1147,2349056,0.1189226284623146,-0.004124955460429192,11.301483154296875,0.0001,0.008447288,0.9755462408065796,23.328890323638916,0.03720703125,12.84135856628418,5728,0.2,1000.0,2400.813232421875
3522,667,1148,2351104,0.11890701204538345,-0.006286692107096314,11.37220287322998,0.0001,0.009175958,0.9760227203369141,22.361659431457518,0.04375,12.843284511566162,5733,0.2,1000.0,2400.813232421875
3526,667,1149,2353152,0.1188674122095108,-0.010462308255955576,7.389765739440918,0.0001,0.014337229,0.9784153699874878,16.332916450500488,0.11318359375,12.847041797637939,5738,0.2,1000.0,2423.283447265625
3528,667,1150,2355200,0.11884377896785736,-0.002422693441621959,49.642120361328125,0.0001,0.007448527,0.8789257407188416,118.82701873779297,0.0421875,12.852627182006836,5743,0.2,1000.0,2423.283447265625
3531,667,1151,2357248,0.11883319914340973,-0.0009454880491830409,65.65727233886719,0.0001,0.003171184,0.870650053024292,133.37401275634767,0.0044921875,12.85497751235962,5748,0.2,1000.0,2423.283447265625
3534,667,1152,2359296,0.11882510781288147,-0.003997125464957207,37.09314727783203,0.0001,0.0038607758,0.9152072668075562,82.38732261657715,0.0068359375,12.856462621688843,5753,0.2,1000.0,2423.283447265625
3537,667,1153,2361344,0.1188218966126442,-0.003016640548594296,47.83317184448242,0.0001,0.002925673,0.8802767395973206,106.26736755371094,0.003125,12.857344675064088,5758,0.2,1000.0,2380.055419921875
3540,667,1154,2363392,0.1188218966126442,-0.006225123710464686,31.043853759765625,0.0001,0.005709826,0.9300299286842346,60.85495471954346,0.0158203125,12.857574033737183,5763,0.2,1000.0,2380.055419921875
3543,667,1155,2365440,0.11880917102098465,-0.006510329863522202,9.349997520446777,0.0001,0.009578614,0.982050359249115,21.485461139678954,0.03359375,12.858013486862182,5768,0.2,1000.0,2380.055419921875
3545,667,1156,2367488,0.11878551542758942,-0.0034593853866681456,9.36177921295166,0.0001,0.0065225214,0.9784169793128967,24.097857093811037,0.020703125,12.860882759094238,5773,0.2,1000.0,2380.055419921875
3549,667,1157,2369536,0.11876247823238373,-0.005735225020907819,10.959404945373535,0.0001,0.010633191,0.97101891040802,25.877724742889406,0.04521484375,12.864913511276246,5778,0.2,1000.0,2418.496337890625
3552,667,1158,2371584,0.11875893175601959,-0.00726522107142955,11.058993339538574,0.0001,0.011059916,0.9701776504516602,24.502569484710694,0.0556640625,12.867037963867187,5783,0.2,1000.0,2418.496337890625
3555,667,1159,2373632,0.11873756349086761,-0.009955336304847151,7.024326324462891,0.0001,0.015552463,0.9849318265914917,14.44141116142273,0.07177734375,12.86843981742859,5788,0.2,1000.0,2418.496337890625
3558,667,1160,2375680,0.11869260668754578,-0.011962241306900979,4.178095817565918,0.0001,0.017826501,0.9881169199943542,10.185616540908814,0.10498046875,12.873767757415772,5793,0.2,1000.0,2418.496337890625
3561,667,1161,2377728,0.11864937841892242,-0.010456460434943438,5.61519718170166,0.0001,0.015916662,0.9880062341690063,12.3434467792511,0.08818359375,12.881028652191162,5798,0.2,1000.0,2431.972900390625
3564,667,1162,2379776,0.11864033341407776,-0.007672676531365141,10.904088020324707,0.0001,0.012535151,0.9550862908363342,22.435948657989503,0.112890625,12.885872840881348,5803,0.2,1000.0,2431.972900390625
3567,667,1163,2381824,0.11864370852708817,-0.004586042943992652,6.325704574584961,0.0001,0.009751644,0.9732224941253662,13.75456199645996,0.04306640625,12.886049365997314,5808,0.2,1000.0,2431.972900390625
3569,667,1164,2383872,0.11861089617013931,-0.00588753039482981,8.007281303405762,0.0001,0.012670276,0.9551884531974792,19.28946418762207,0.083984375,12.887520694732666,5813,0.2,1000.0,2431.972900390625
3573,667,1165,2385920,0.1185336634516716,-0.014588990760967136,6.199855804443359,0.0001,0.018538866,0.9689571261405945,13.39017457962036,0.1681640625,12.896124649047852,5818,0.2,1000.0,2421.623046875
3576,667,1166,2387968,0.11849101632833481,-0.0022948131198063495,32.10948944091797,0.0001,0.007985167,0.8857228755950928,64.61183223724365,0.04638671875,12.907000207901001,5823,0.2,1000.0,2421.623046875
3579,667,1167,2390016,0.11849113553762436,-0.005921883368864655,23.95360565185547,0.0001,0.009144049,0.8895007371902466,54.913539505004884,0.03466796875,12.909714508056641,5828,0.2,1000.0,2421.623046875
3582,667,1168,2392064,0.11847543716430664,-0.008072893251664937,23.087369918823242,0.0001,0.010901129,0.8948086500167847,49.229603385925294,0.0556640625,12.910265064239502,5833,0.2,1000.0,2397.014404296875
3585,667,1169,2394112,0.11844727396965027,-0.006116670579649508,29.689023971557617,0.0001,0.010278565,0.8857665657997131,60.44750347137451,0.041796875,12.913722944259643,5838,0.2,1000.0,2397.014404296875
3588,667,1170,2396160,0.118434377014637,-0.00989735482726246,21.288837432861328,0.0001,0.014369894,0.9190196394920349,44.45516662597656,0.0978515625,12.917666816711426,5843,0.2,1000.0,2397.014404296875
3591,667,1171,2398208,0.11840751767158508,-0.012655478704255074,21.821401596069336,0.0001,0.018394308,0.9239301085472107,42.72576484680176,0.1267578125,12.92027645111084,5848,0.2,1000.0,2397.014404296875
3594,667,1172,2400256,0.11838342249393463,-0.008416777476668358,21.33740234375,0.0001,0.014126682,0.9299338459968567,43.08152313232422,0.087890625,12.924526262283326,5853,0.2,1000.0,2414.503662109375
3597,667,1173,2402304,0.11838497221469879,-0.007507072819862515,24.528308868408203,0.0001,0.011343505,0.9201226234436035,51.2459077835083,0.051171875,12.92701530456543,5858,0.2,1000.0,2414.503662109375
3600,667,1174,2404352,0.11836906522512436,-0.010453689424321056,7.545325756072998,0.0001,0.015844883,0.9692512154579163,16.02870979309082,0.11328125,12.927268600463867,5863,0.2,1000.0,2414.503662109375
3602,667,1175,2406400,0.11835508793592453,-0.01338270294945687,7.660147190093994,0.0001,0.01722756,0.9699984192848206,16.396133756637575,0.1943359375,12.930684041976928,5868,0.2,1000.0,2414.503662109375
3606,667,1176,2408448,0.11832262575626373,-0.01273770781699568,7.855034828186035,0.0001,0.018631175,0.9670160412788391,16.666879844665527,0.18427734375,12.933467197418214,5873,0.2,1000.0,2413.559326171875
3609,667,1177,2410496,0.11830314993858337,-0.008117634302470833,12.085870742797852,0.0001,0.014391163,0.9500874876976013,23.88030023574829,0.08046875,12.939120435714722,5878,0.2,1000.0,2413.559326171875
3611,667,1178,2412544,0.11828972399234772,-0.006895890971645713,7.6248016357421875,0.0001,0.010605094,0.9699571132659912,18.74446096420288,0.052734375,12.941020202636718,5883,0.2,1000.0,2413.559326171875
3614,668,1179,2414592,0.11828197538852692,-0.007587675680406391,7.387204170227051,0.0001,0.010629406,0.9698386788368225,17.238505125045776,0.04365234375,12.94318084716797,5888,0.2,1000.0,2413.559326171875
3618,667,1180,2416640,0.1182565838098526,-0.007151660043746233,6.983203411102295,0.0001,0.010457886,0.9709522128105164,15.88128228187561,0.04755859375,12.944615364074707,5893,0.2,1000.0,2427.4072265625
3621,667,1181,2418688,0.11821810156106949,-0.009872449631802737,15.01954174041748,0.0001,0.013886723,0.9401328563690186,29.113898086547852,0.10625,12.950183010101318,5898,0.2,1000.0,2427.4072265625
3624,667,1182,2420736,0.11818921566009521,-0.012848454550839961,8.303546905517578,0.0001,0.01704191,0.9606472253799438,15.655319499969483,0.133984375,12.955541563034057,5903,0.2,1000.0,2427.4072265625
3627,667,1183,2422784,0.11814674735069275,-0.010140963294543327,6.957869052886963,0.0001,0.01463734,0.9639641046524048,15.343716764450074,0.1216796875,12.960807657241821,5908,0.2,1000.0,2427.4072265625
3630,667,1184,2424832,0.11810588836669922,-0.016275366162881257,8.000373840332031,0.0001,0.021765333,0.9655438661575317,14.294620561599732,0.234375,12.968411588668824,5913,0.2,1000.0,2418.722900390625
3633,667,1185,2426880,0.11807719618082047,-0.00917445042869076,7.6873459815979,0.0001,0.016769776,0.9552127122879028,16.931983041763306,0.13359375,12.973533487319946,5918,0.2,1000.0,2418.722900390625
3636,668,1186,2428928,0.11802370101213455,-0.012405541236512363,4.49165678024292,0.0001,0.01926748,0.9613199830055237,10.279144096374512,0.16708984375,12.979578065872193,5923,0.2,1000.0,2418.722900390625
3638,668,1187,2430976,0.11798310279846191,-0.0084552712040022,7.078873634338379,0.0001,0.013073784,0.9516971111297607,14.652350616455077,0.06376953125,12.98770055770874,5928,0.2,1000.0,2418.722900390625
3643,667,1188,2433024,0.11796249449253082,-0.008618628443218767,4.879347324371338,0.0001,0.0129963085,0.9657823443412781,10.153031969070435,0.09052734375,12.992936944961547,5933,0.2,1000.0,2398.158447265625
3645,667,1189,2435072,0.11795376241207123,-0.009600148524623365,22.21230125427246,0.0001,0.014900908,0.9235462546348572,40.890423965454104,0.0810546875,12.994995260238648,5938,0.2,1000.0,2398.158447265625
3648,667,1190,2437120,0.11794373393058777,-0.01107720194850117,11.281951904296875,0.0001,0.021807488,0.9345540404319763,24.598403644561767,0.1240234375,12.99641456604004,5943,0.2,1000.0,2398.158447265625
3651,668,1191,2439168,0.11795856058597565,-0.010624495596857741,13.925174713134766,0.0001,0.016214186,0.9238863587379456,25.730327987670897,0.1359375,12.99689598083496,5948,0.2,1000.0,2398.158447265625
3655,667,1192,2441216,0.11796198785305023,-0.012816890014801175,11.37230396270752,0.0001,0.01638183,0.9364897012710571,22.253440380096436,0.1654296875,12.994708681106568,5953,0.2,1000.0,2438.834716796875
3658,667,1193,2443264,0.11792387068271637,-0.011157736321911216,21.28787612915039,0.0001,0.020988317,0.9456358551979065,42.69971885681152,0.13173828125,12.996890974044799,5958,0.2,1000.0,2438.834716796875
3660,667,1194,2445312,0.11786913871765137,-0.012371996638830752,7.952592849731445,0.0001,0.021601586,0.9768057465553284,17.080733728408813,0.14111328125,13.004392862319946,5963,0.2,1000.0,2438.834716796875
3663,667,1195,2447360,0.1178450956940651,-0.007250099792145193,8.381016731262207,0.0001,0.011815821,0.9762606620788574,18.00797128677368,0.075390625,13.011731910705567,5968,0.2,1000.0,2438.834716796875
3667,667,1196,2449408,0.11786937713623047,-0.01495935971615836,6.613405227661133,0.0001,0.018785682,0.9799160361289978,13.508306694030761,0.168359375,13.011936330795288,5973,0.2,1000.0,2430.83447265625
3670,667,1197,2451456,0.11788414418697357,-0.0034837143728509547,21.988048553466797,0.0001,0.009585652,0.938962996006012,43.338983345031735,0.06513671875,13.008005046844483,5978,0.2,1000.0,2430.83447265625
3672,668,1198,2453504,0.11785513907670975,-0.008268334658350796,13.861234664916992,0.0001,0.011827631,0.9538063406944275,30.52084846496582,0.06171875,13.008602237701416,5983,0.2,1000.0,2430.83447265625
3675,668,1199,2455552,0.11784669756889343,-0.009213395230472089,10.627861022949219,0.0001,0.015559182,0.9625088572502136,25.360569095611574,0.0890625,13.01313533782959,5988,0.2,1000.0,2430.83447265625
3679,667,1200,2457600,0.11779989302158356,-0.014595193811692298,11.726357460021973,0.0001,0.020063588,0.9647302627563477,24.588384914398194,0.1578125,13.015515518188476,5993,0.2,1000.0,2438.675048828125
3682,667,1201,2459648,0.11776546388864517,-0.011014521331526339,9.064846992492676,0.0001,0.016956987,0.9789115786552429,18.532007217407227,0.14443359375,13.024492549896241,5998,0.2,1000.0,2438.675048828125
3685,668,1202,2461696,0.11774230003356934,-0.006775200797710568,7.11964750289917,0.0001,0.009566952,0.9790420532226562,15.75416259765625,0.055078125,13.027591800689697,6003,0.2,1000.0,2438.675048828125
3688,668,1203,2463744,0.11770643293857574,-0.005982478288933635,4.5602240562438965,0.0001,0.012260469,0.9870395064353943,11.118483018875121,0.0748046875,13.032836055755615,6008,0.2,1000.0,2438.675048828125
3691,667,1204,2465792,0.11766467988491058,-0.010393672320060433,5.229827880859375,0.0001,0.015542912,0.983547031879425,11.705304098129272,0.09443359375,13.038325071334839,6013,0.2,1000.0,2460.522705078125
3694,667,1205,2467840,0.11763821542263031,-0.016445929795736447,37.371315002441406,0.0001,0.021435853,0.891480028629303,61.640900421142575,0.16279296875,13.04450306892395,6018,0.2,1000.0,2460.522705078125
3697,668,1206,2469888,0.11761459708213806,-0.013139367976691574,37.385597229003906,0.0001,0.021588888,0.8465338945388794,78.55233306884766,0.171484375,13.047701597213745,6023,0.2,1000.0,2460.522705078125
3700,668,1207,2471936,0.11756527423858643,-0.011672150762751698,30.90496253967285,0.0001,0.020462748,0.8825021982192993,59.86978168487549,0.15380859375,13.05323143005371,6028,0.2,1000.0,2460.522705078125
3703,667,1208,2473984,0.11753180623054504,-0.013367438269779087,37.39976501464844,0.0001,0.02138776,0.8433754444122314,69.66505851745606,0.1380859375,13.059680271148682,6033,0.2,1000.0,2442.51318359375
3706,668,1209,2476032,0.11752092838287354,-0.012058842368423939,12.479286193847656,0.0001,0.020105936,0.953015148639679,26.797289752960204,0.130859375,13.063533973693847,6038,0.2,1000.0,2442.51318359375
3709,668,1210,2478080,0.11749076843261719,-0.010088975471444429,6.287847995758057,0.0001,0.020754676,0.9784777760505676,13.618025064468384,0.12666015625,13.065657234191894,6043,0.2,1000.0,2442.51318359375
3712,667,1211,2480128,0.11746243387460709,-0.008163634175434708,6.8003716468811035,0.0001,0.01440409,0.9787566065788269,13.34284586906433,0.11943359375,13.07240662574768,6048,0.2,1000.0,2437.4443359375
3715,668,1212,2482176,0.11744748055934906,-0.008250109886284917,8.487175941467285,0.0001,0.017628133,0.9685143828392029,20.2038782119751,0.0998046875,13.074549102783203,6053,0.2,1000.0,2437.4443359375
3718,668,1213,2484224,0.11743591725826263,-0.006572923518251628,30.557462692260742,0.0001,0.012823542,0.7668002247810364,61.90057258605957,0.0783203125,13.077032709121704,6058,0.2,1000.0,2437.4443359375
3720,668,1214,2486272,0.11742612719535828,-0.009186063427478075,33.83189392089844,0.0001,0.012407134,0.7047877311706543,67.46643009185792,0.0650390625,13.078537750244141,6063,0.2,1000.0,2437.4443359375
3725,667,1215,2488320,0.11741450428962708,-0.007181058265268802,24.806072235107422,0.0001,0.00968707,0.752974808216095,54.285678482055665,0.0384765625,13.080085706710815,6068,0.2,1000.0,2429.05224609375
3728,667,1216,2490368,0.11740437895059586,-0.006869447114877403,19.603708267211914,0.0001,0.009808838,0.8009411692619324,42.408826637268064,0.048046875,13.082128953933715,6073,0.2,1000.0,2429.05224609375
3730,668,1217,2492416,0.11737930774688721,-0.010410586884245277,7.8636579513549805,0.0001,0.019585105,0.956255316734314,16.969323253631593,0.098828125,13.084415912628174,6078,0.2,1000.0,2429.05224609375
3733,668,1218,2494464,0.1173672005534172,-0.00961992044467479,7.623456954956055,0.0001,0.0158184,0.9536593556404114,16.97088599205017,0.091796875,13.088904666900635,6083,0.2,1000.0,2429.05224609375
3737,667,1219,2496512,0.11730870604515076,-0.009126613661646844,7.2640910148620605,0.0001,0.017773937,0.960856020450592,14.738253307342529,0.1310546875,13.092368555068969,6088,0.2,1000.0,2408.962158203125
3740,668,1220,2498560,0.1172715276479721,-0.01103059113956988,11.279848098754883,0.0001,0.018453496,0.9382386803627014,22.66148042678833,0.159765625,13.10306339263916,6093,0.2,1000.0,2408.962158203125
3742,668,1221,2500608,0.11723845452070236,-0.010194727149792016,14.651933670043945,0.0001,0.015563083,0.9080965518951416,32.469586086273196,0.134765625,13.107865905761718,6098,0.2,1000.0,2408.962158203125
3745,668,1222,2502656,0.11720602959394455,-0.010157016501761974,11.355142593383789,0.0001,0.015493007,0.9343010187149048,24.242144966125487,0.1232421875,13.113988828659057,6103,0.2,1000.0,2408.962158203125
3749,668,1223,2504704,0.11720062792301178,-0.011750357341952622,10.11160945892334,0.0001,0.016307587,0.9470835328102112,20.022463226318358,0.1109375,13.117546892166137,6108,0.2,1000.0,2415.06494140625
3752,668,1224,2506752,0.11717453598976135,-0.01011608811095357,26.22815704345703,0.0001,0.019934647,0.9018149375915527,49.887207984924316,0.11689453125,13.118794107437134,6113,0.2,1000.0,2415.06494140625
3754,668,1225,2508800,0.11716309934854507,-0.002973858662880957,26.181509017944336,0.0001,0.006348701,0.9242736101150513,57.32895431518555,0.02431640625,13.122479057312011,6118,0.2,1000.0,2415.06494140625
3757,668,1226,2510848,0.11715546995401382,-0.007995258108712733,32.28806686401367,0.0001,0.009882778,0.9039315581321716,72.26526145935058,0.0453125,13.123594760894775,6123,0.2,1000.0,2415.06494140625
3761,668,1227,2512896,0.11713995039463043,-0.00950123678194359,30.31634521484375,0.0001,0.013734361,0.9193665981292725,57.9072172164917,0.07275390625,13.125382661819458,6128,0.2,1000.0,2385.94384765625
3764,668,1228,2514944,0.11712430417537689,-0.006211962271481753,33.60638427734375,0.0001,0.00861823,0.9272034764289856,67.84375667572021,0.03427734375,13.127841901779174,6133,0.2,1000.0,2385.94384765625
3767,668,1229,2516992,0.1170821562409401,-0.01018993955804035,18.16864585876465,0.0001,0.014006266,0.9564970135688782,40.85107421875,0.07958984375,13.131601333618164,6138,0.2,1000.0,2385.94384765625
3770,668,1230,2519040,0.11703288555145264,-0.012487706448882818,16.845266342163086,0.0001,0.017404813,0.9614729881286621,35.75207862854004,0.1072265625,13.13960165977478,6143,0.2,1000.0,2385.94384765625
3773,668,1231,2521088,0.1170053482055664,-0.011968776816502213,21.986591339111328,0.0001,0.0162969,0.9561743140220642,48.548813056945804,0.1015625,13.145715856552124,6148,0.2,1000.0,2400.339111328125
3776,668,1232,2523136,0.11700081825256348,-0.010779960453510285,26.198041915893555,0.0001,0.013400898,0.9559325575828552,54.273289108276366,0.1119140625,13.148601770401001,6153,0.2,1000.0,2400.339111328125
3779,668,1233,2525184,0.11701646447181702,-0.009600363718345762,35.20886993408203,0.0001,0.010278271,0.9424088001251221,72.9587474822998,0.04755859375,13.147644472122192,6158,0.2,1000.0,2400.339111328125
3782,668,1234,2527232,0.1170319989323616,-0.011189629649743437,36.975730895996094,0.0001,0.01429815,0.9486623406410217,72.07284297943116,0.072265625,13.144897699356079,6163,0.2,1000.0,2400.339111328125
3786,668,1235,2529280,0.11702585220336914,-0.012674739409703761,24.98063087463379,0.0001,0.015582475,0.962523341178894,53.00344066619873,0.093359375,13.143838596343993,6168,0.2,1000.0,2393.103759765625
3788,668,1236,2531328,0.11702913790941238,-0.011549274856224655,17.921873092651367,0.0001,0.018734587,0.9634719491004944,37.36780128479004,0.1267578125,13.144926691055298,6173,0.2,1000.0,2393.103759765625
3791,668,1237,2533376,0.11702986806631088,-0.007773375738179311,7.437371253967285,0.0001,0.01333691,0.9726028442382812,17.30175127983093,0.06875,13.143998718261718,6178,0.2,1000.0,2393.103759765625
3794,668,1238,2535424,0.11699851602315903,-0.00799035110976547,7.363526344299316,0.0001,0.010248342,0.9685285687446594,16.66196279525757,0.0611328125,13.146125888824463,6183,0.2,1000.0,2393.103759765625
3798,668,1239,2537472,0.11696922779083252,-0.00849424455082044,8.468798637390137,0.0001,0.019521646,0.969854474067688,18.014312076568604,0.10390625,13.152491855621339,6188,0.2,1000.0,2407.682861328125
3800,668,1240,2539520,0.11696529388427734,-0.013810706394724547,16.463430404663086,0.0001,0.016138356,0.9740713834762573,31.896681022644042,0.131640625,13.155338478088378,6193,0.2,1000.0,2407.682861328125
3803,668,1241,2541568,0.11695994436740875,-0.004300017363857478,8.412543296813965,0.0001,0.007704133,0.9872508645057678,19.659675312042236,0.05703125,13.155547618865967,6198,0.2,1000.0,2407.682861328125
3806,668,1242,2543616,0.11693496257066727,-0.009313901094719768,11.322861671447754,0.0001,0.014774106,0.982524573802948,22.926124477386473,0.08349609375,13.157752084732056,6203,0.2,1000.0,2407.682861328125
3811,667,1243,2545664,0.11691503971815109,-0.007341397437267005,7.0148797035217285,0.0001,0.013229424,0.986419141292572,15.651980829238891,0.06552734375,13.161855125427246,6208,0.2,1000.0,2399.0830078125
3814,667,1244,2547712,0.11690083891153336,-0.012607911415398122,10.232026100158691,0.0001,0.018411705,0.961650550365448,21.11390886306763,0.12548828125,13.164134645462036,6213,0.2,1000.0,2399.0830078125
3817,667,1245,2549760,0.11680999398231506,-0.015828386461362243,3.892672061920166,0.0001,0.024580192,0.9823776483535767,7.561037206649781,0.19345703125,13.171162033081055,6218,0.2,1000.0,2399.0830078125
3820,667,1246,2551808,0.1167571172118187,-0.009864665521308779,6.554476737976074,0.0001,0.017343163,0.9643945693969727,14.703257179260254,0.11484375,13.184722471237183,6223,0.2,1000.0,2399.0830078125
3823,667,1247,2553856,0.11670075356960297,-0.012474350514821708,5.383680820465088,0.0001,0.01919244,0.9722139835357666,11.191495370864867,0.16201171875,13.192912817001343,6228,0.2,1000.0,2398.02587890625
3826,667,1248,2555904,0.11661342531442642,-0.01192740014521405,9.145853996276855,0.0001,0.022596609,0.9836287498474121,17.62873558998108,0.162890625,13.20387797355652,6233,0.2,1000.0,2398.02587890625
3829,667,1249,2557952,0.11651257425546646,-0.010213146905880422,8.176558494567871,0.0001,0.014872348,0.9847500324249268,16.65294122695923,0.14736328125,13.219100046157838,6238,0.2,1000.0,2398.02587890625
3833,667,1250,2560000,0.11644461750984192,-0.007529497379437089,4.3203229904174805,0.0001,0.015587801,0.9923276305198669,8.907976603507995,0.10439453125,13.23204779624939,6243,0.2,1000.0,2390.995361328125
3836,667,1251,2562048,0.1163785457611084,-0.012594811525195837,10.38862419128418,0.0001,0.020467084,0.9805815815925598,19.791335678100587,0.1728515625,13.241901683807374,6248,0.2,1000.0,2390.995361328125
3838,667,1252,2564096,0.11634095758199692,-0.004905675118789077,13.37862491607666,0.0001,0.007860155,0.9456261396408081,29.758940982818604,0.04306640625,13.251411199569702,6253,0.2,1000.0,2390.995361328125
3841,667,1253,2566144,0.11632023751735687,-0.008990097884088754,8.089612007141113,0.0001,0.012652837,0.9663228988647461,17.562430334091186,0.059375,13.255399894714355,6258,0.2,1000.0,2390.995361328125
3845,667,1254,2568192,0.11629758775234222,-0.007574511948041618,10.417316436767578,0.0001,0.010553526,0.9599413871765137,22.64726095199585,0.0447265625,13.258816146850586,6263,0.2,1000.0,2377.822998046875
3848,667,1255,2570240,0.11629144102334976,-0.005558964144438505,16.638137817382812,0.0001,0.009234753,0.9477220773696899,30.492709350585937,0.0388671875,13.261758995056152,6268,0.2,1000.0,2377.822998046875
3850,667,1256,2572288,0.11628136038780212,-0.008670425205491484,9.24875259399414,0.0001,0.013569367,0.9687143564224243,21.084753227233886,0.07861328125,13.262256145477295,6273,0.2,1000.0,2377.822998046875
3853,668,1257,2574336,0.11629006266593933,-0.01114978751866147,8.63819694519043,0.0001,0.015578644,0.9667612910270691,19.177100133895873,0.10107421875,13.263888168334962,6278,0.2,1000.0,2377.822998046875
3857,667,1258,2576384,0.11625613272190094,-0.009663065825589002,10.020009994506836,0.0001,0.016439985,0.957994282245636,21.962265396118163,0.113671875,13.263717699050904,6283,0.2,1000.0,2381.264892578125
3860,667,1259,2578432,0.11617621779441833,-0.012187332706525921,25.287216186523438,0.0001,0.019617703,0.9165869951248169,46.97381420135498,0.1337890625,13.273419761657715,6288,0.2,1000.0,2381.264892578125
3862,668,1260,2580480,0.11613926291465759,-0.012506521854083985,31.829669952392578,0.0001,0.019097611,0.9055184125900269,60.8005277633667,0.122265625,13.283803606033326,6293,0.2,1000.0,2381.264892578125
3865,668,1261,2582528,0.11611959338188171,-0.013111983716953546,26.44231414794922,0.0001,0.018663071,0.915668785572052,53.383094024658206,0.15400390625,13.287969636917115,6298,0.2,1000.0,2381.264892578125
3869,667,1262,2584576,0.11611691862344742,-0.01151875387877226,27.343122482299805,0.0001,0.014189055,0.9184412360191345,55.32716026306152,0.11787109375,13.290167379379273,6303,0.2,1000.0,2384.092529296875
3871,668,1263,2586624,0.1161179393529892,-0.0041533820098266,35.519718170166016,0.0001,0.007514976,0.898165225982666,65.00153350830078,0.040625,13.290361213684083,6308,0.2,1000.0,2384.092529296875
3874,668,1264,2588672,0.1160951480269432,-0.010247080191038548,10.4500732421875,0.0001,0.016617794,0.936516284942627,25.141014194488527,0.07919921875,13.291960191726684,6313,0.2,1000.0,2384.092529296875
3877,668,1265,2590720,0.11604677140712738,-0.009592718607746065,13.089980125427246,0.0001,0.012269394,0.9269139766693115,30.113592433929444,0.07890625,13.297221136093139,6318,0.2,1000.0,2384.092529296875
3881,667,1266,2592768,0.11598939448595047,-0.01125863086199388,14.88393783569336,0.0001,0.013438065,0.8973318338394165,33.05125713348389,0.1013671875,13.306234216690063,6323,0.2,1000.0,2387.378662109375
3884,667,1267,2594816,0.11595752835273743,-0.012461542279925197,17.823589324951172,0.0001,0.016577711,0.8878440260887146,34.81888370513916,0.14052734375,13.31350154876709,6328,0.2,1000.0,2387.378662109375
3887,667,1268,2596864,0.11594846844673157,-0.0018836986622773112,7.737161636352539,0.0001,0.006204935,0.9373440146446228,24.63096833229065,0.0279296875,13.316551542282104,6333,0.2,1000.0,2387.378662109375
3890,667,1269,2598912,0.11594225466251373,-0.009381985617801547,12.47962474822998,0.0001,0.015447963,0.9115313291549683,27.296425914764406,0.08740234375,13.317708349227905,6338,0.2,1000.0,2387.378662109375
3894,667,1270,2600960,0.11594030261039734,-0.005620237241964787,8.671917915344238,0.0001,0.0076111527,0.9421306848526001,21.497055530548096,0.0396484375,13.318795204162598,6343,0.2,1000.0,2399.2138671875
3897,667,1271,2603008,0.1159481629729271,-0.01351811122149229,10.332481384277344,0.0001,0.01852369,0.9356337189674377,21.530056858062743,0.1349609375,13.318556785583496,6348,0.2,1000.0,2399.2138671875
3899,668,1272,2605056,0.11589355021715164,-0.012545546656474471,6.196351528167725,0.0001,0.01950485,0.9473851323127747,13.941879415512085,0.1537109375,13.321181488037109,6353,0.2,1000.0,2399.2138671875
3902,668,1273,2607104,0.11583777517080307,-0.01327848844230175,7.709516525268555,0.0001,0.013557028,0.9487044215202332,16.18022484779358,0.14853515625,13.331701183319092,6358,0.2,1000.0,2399.2138671875
3906,667,1274,2609152,0.11581408977508545,-0.009029435215052218,4.582810401916504,0.0001,0.015149863,0.9715102314949036,9.910750436782838,0.1115234375,13.338762331008912,6363,0.2,1000.0,2415.116943359375
3908,668,1275,2611200,0.11581125855445862,-0.011544589744880795,27.965787887573242,0.0001,0.01632821,0.8645556569099426,69.61282939910889,0.11318359375,13.339723539352416,6368,0.2,1000.0,2415.116943359375
3911,668,1276,2613248,0.11578701436519623,-0.009811584139242768,37.5019645690918,0.0001,0.016525785,0.7349737882614136,77.20771751403808,0.0978515625,13.341349458694458,6373,0.2,1000.0,2415.116943359375
3914,668,1277,2615296,0.11576681584119797,-0.01240251106210053,42.617027282714844,0.0001,0.017842328,0.70308518409729,89.38295440673828,0.1134765625,13.346084499359131,6378,0.2,1000.0,2415.116943359375
3918,667,1278,2617344,0.11575966328382492,-0.01111286748200655,41.23271942138672,0.0001,0.01488579,0.7609888315200806,77.17326507568359,0.06865234375,13.348022651672363,6383,0.2,1000.0,2402.189453125
3920,668,1279,2619392,0.11575845628976822,-0.007633534650085494,46.14832305908203,0.0001,0.013173573,0.7193617820739746,89.04128494262696,0.062109375,13.348721313476563,6388,0.2,1000.0,2402.189453125
3923,668,1280,2621440,0.11573398113250732,-0.01025327603565529,47.42095184326172,0.0001,0.015360458,0.7008774280548096,101.4931568145752,0.080859375,13.350290250778198,6393,0.2,1000.0,2402.189453125
3926,668,1281,2623488,0.1157275140285492,-0.012861816049553453,42.42784118652344,0.0001,0.022030521,0.7329216003417969,80.58237152099609,0.15185546875,13.353752088546752,6398,0.2,1000.0,2402.189453125
3930,668,1282,2625536,0.11573045700788498,-0.00990707918535918,40.49581527709961,0.0001,0.012003657,0.7091851234436035,91.19666481018066,0.07939453125,13.353333330154419,6403,0.2,1000.0,2396.320068359375
3932,668,1283,2627584,0.11575276404619217,-0.010773179680109024,19.035154342651367,0.0001,0.020562306,0.944510817527771,35.83442239761352,0.13671875,13.35189208984375,6408,0.2,1000.0,2396.320068359375
3935,668,1284,2629632,0.11575819551944733,-0.010008795710746199,5.188817024230957,0.0001,0.014990661,0.985902726650238,11.74442253112793,0.0923828125,13.349008989334106,6413,0.2,1000.0,2396.320068359375
3938,668,1285,2631680,0.11573030054569244,-0.007181375473737717,5.444227695465088,0.0001,0.011203321,0.9874678254127502,12.0023832321167,0.06015625,13.350423192977905,6418,0.2,1000.0,2396.320068359375
3942,668,1286,2633728,0.11568832397460938,-0.012341897585429251,5.499486923217773,0.0001,0.015799548,0.984921395778656,11.358472967147828,0.13232421875,13.357075548171997,6423,0.2,1000.0,2410.136962890625
3944,668,1287,2635776,0.11568490415811539,-0.011794658186512865,13.773812294006348,0.0001,0.03041825,0.9468606114387512,28.157028062003,0.16476004464285715,13.361208166394915,6427,0.2,1000.0,2410.136962890625
3947,668,1288,2637824,0.11566708981990814,-0.01098630139604211,10.552563667297363,0.0001,0.0148251215,0.9559734463691711,20.89561767578125,0.11650390625,13.361825084686279,6432,0.2,1000.0,2410.136962890625
3950,668,1289,2639872,0.11561662703752518,-0.005880526639521122,8.234007835388184,0.0001,0.014092386,0.96430903673172,17.256419324874877,0.07216796875,13.367386436462402,6437,0.2,1000.0,2410.136962890625
3954,668,1290,2641920,0.11557086557149887,-0.010673850402235984,13.117103576660156,0.0001,0.017830105,0.9468400478363037,27.059933948516846,0.1201171875,13.375958728790284,6442,0.2,1000.0,2394.62109375
3957,668,1291,2643968,0.1155506893992424,-0.0023113926639780403,39.33042907714844,0.0001,0.0049832407,0.8124901056289673,82.10055732727051,0.01513671875,13.380899238586426,6447,0.2,1000.0,2394.62109375
3959,668,1292,2646016,0.11551397293806076,-0.00869885846041143,25.084203720092773,0.0001,0.013379778,0.8706265091896057,53.18330669403076,0.0720703125,13.384581518173217,6452,0.2,1000.0,2394.62109375
3963,668,1293,2648064,0.1154894158244133,-0.005660360679030418,29.78994369506836,0.0001,0.007527752,0.8577734231948853,60.75987548828125,0.0349609375,13.390530729293824,6457,0.2,1000.0,2406.440673828125
3966,668,1294,2650112,0.11547575891017914,-0.010074780648574233,31.239458084106445,0.0001,0.014819689,0.8540709018707275,60.05616855621338,0.0931640625,13.39300217628479,6462,0.2,1000.0,2406.440673828125
3969,668,1295,2652160,0.11546223610639572,-0.009274318674579262,47.28846740722656,0.0001,0.013553067,0.7964500784873962,99.60046997070313,0.080078125,13.395391464233398,6467,0.2,1000.0,2406.440673828125
3971,668,1296,2654208,0.11544942855834961,-0.011685786163434386,38.15816116333008,0.0001,0.01585068,0.8091399669647217,95.92461318969727,0.10595703125,13.397272443771362,6472,0.2,1000.0,2406.440673828125
3975,668,1297,2656256,0.1154453456401825,-0.010930634383112193,53.849342346191406,0.0001,0.012416321,0.8125098943710327,103.3367088317871,0.07646484375,13.398788833618164,6477,0.2,1000.0,2396.985595703125
3978,668,1298,2658304,0.11544717848300934,-0.010961390036391095,41.314727783203125,0.0001,0.013697519,0.8466342091560364,95.46530151367188,0.071484375,13.39848895072937,6482,0.2,1000.0,2396.985595703125
3980,668,1299,2660352,0.11544489860534668,-0.005833435186650604,13.631658554077148,0.0001,0.008398832,0.9709330797195435,28.71099262237549,0.0296875,13.398672008514405,6487,0.2,1000.0,2396.985595703125
3983,668,1300,2662400,0.11543744057416916,-0.00817312968429178,9.85615062713623,0.0001,0.010586799,0.9786153435707092,21.675701808929443,0.04345703125,13.399560546875,6492,0.2,1000.0,2396.985595703125
3987,668,1301,2664448,0.1154264509677887,-0.005797849292866886,11.79168701171875,0.0001,0.010903741,0.9759390354156494,24.811075115203856,0.049609375,13.401288366317749,6497,0.2,1000.0,2414.2158203125
3990,668,1302,2666496,0.11539896577596664,-0.012479364941827952,23.37221336364746,0.0001,0.015674531,0.9405158758163452,46.91266689300537,0.10859375,13.403721189498901,6502,0.2,1000.0,2414.2158203125
3992,668,1303,2668544,0.11537820845842361,-0.003827910718973726,34.630943298339844,0.0001,0.006740081,0.928279459476471,73.80019187927246,0.03232421875,13.408024978637695,6507,0.2,1000.0,2414.2158203125
3995,668,1304,2670592,0.11535260081291199,-0.006304655456915498,33.51325988769531,0.0001,0.008961501,0.9306234121322632,66.7511100769043,0.03603515625,13.411410665512085,6512,0.2,1000.0,2414.2158203125
3999,668,1305,2672640,0.1153186559677124,-0.012191168451681732,34.60826873779297,0.0001,0.013650427,0.9217718839645386,72.22261066436768,0.07109375,13.416028881072998,6517,0.2,1000.0,2403.669921875
4001,668,1306,2674688,0.11530060321092606,-0.00772777043748647,47.72263717651367,0.0001,0.009180993,0.9102767109870911,92.17438545227051,0.03623046875,13.420903825759888,6522,0.2,1000.0,2403.669921875
4004,668,1307,2676736,0.11529597640037537,-0.01219263132661581,57.21097946166992,0.0001,0.014468049,0.9106971621513367,107.71900596618653,0.07763671875,13.422450971603393,6527,0.2,1000.0,2403.669921875
4007,668,1308,2678784,0.11529821902513504,-0.010053000645712018,42.24296569824219,0.0001,0.014598031,0.9253166317939758,90.86743202209473,0.08291015625,13.42277364730835,6532,0.2,1000.0,2403.669921875
4011,668,1309,2680832,0.11529578268527985,-0.012107966374605894,41.44969940185547,0.0001,0.013555333,0.9321169257164001,86.06625709533691,0.0845703125,13.422243690490722,6537,0.2,1000.0,2401.13427734375
4013,668,1310,2682880,0.11527058482170105,-0.010609284811653196,47.923423767089844,0.0001,0.014120746,0.9265063405036926,83.82182273864746,0.084375,13.424152374267578,6542,0.2,1000.0,2401.13427734375
4016,668,1311,2684928,0.11525479704141617,-0.004184009251184761,13.216994285583496,0.0001,0.005089214,0.9642375707626343,29.885105323791503,0.01318359375,13.427712202072144,6547,0.2,1000.0,2401.13427734375
4019,668,1312,2686976,0.11524342000484467,-0.0043640663148835305,11.70124626159668,0.0001,0.007979525,0.9702038764953613,26.665787601470946,0.0337890625,13.429312133789063,6552,0.2,1000.0,2401.13427734375
4023,668,1313,2689024,0.11523982882499695,-0.006778807460796088,11.870091438293457,0.0001,0.015057402,0.9663304686546326,25.088758563995363,0.06708984375,13.43106803894043,6557,0.2,1000.0,2441.61865234375
4026,668,1314,2691072,0.11523326486349106,-0.00893857228802517,13.868273735046387,0.0001,0.016881257,0.9643137454986572,29.103395080566408,0.08515625,13.431310558319092,6562,0.2,1000.0,2441.61865234375
4029,668,1315,2693120,0.11522375047206879,-0.004755355161614716,6.638774394989014,0.0001,0.009401688,0.9836492538452148,16.004048585891724,0.0470703125,13.43329062461853,6567,0.2,1000.0,2441.61865234375
4031,668,1316,2695168,0.11521010845899582,-0.00805832501500845,4.546049118041992,0.0001,0.011302233,0.9892598986625671,10.886279392242432,0.059765625,13.434566688537597,6572,0.2,1000.0,2441.61865234375
4035,668,1317,2697216,0.1151961088180542,-0.004330284096067771,4.258455276489258,0.0001,0.011432678,0.9887930750846863,10.798048114776611,0.05615234375,13.437772989273071,6577,0.2,1000.0,2445.682861328125
4038,668,1318,2699264,0.11517226696014404,-0.01033187594730407,17.1367244720459,0.0001,0.01604567,0.9326682090759277,40.75493965148926,0.112890625,13.439868545532226,6582,0.2,1000.0,2445.682861328125
4041,668,1319,2701312,0.11513275653123856,-0.009302492067217828,5.782240390777588,0.0001,0.016233172,0.9762228727340698,12.055549430847169,0.11611328125,13.445246839523316,6587,0.2,1000.0,2445.682861328125
4043,668,1320,2703360,0.11507221311330795,-0.012647053762339055,12.007977485656738,0.0001,0.017733129,0.9524136781692505,21.898454189300537,0.15498046875,13.453775453567506,6592,0.2,1000.0,2445.682861328125
4047,668,1321,2705408,0.115044504404068,-0.013383665354922414,9.247217178344727,0.0001,0.02436538,0.959338903427124,17.682539081573488,0.16591796875,13.46143913269043,6597,0.2,1000.0,2450.069091796875
4050,668,1322,2707456,0.11502018570899963,-0.007878401596099139,24.101850509643555,0.0001,0.009614515,0.9547878503799438,47.150228309631345,0.06337890625,13.465127086639404,6602,0.2,1000.0,2450.069091796875
4053,668,1323,2709504,0.11500290036201477,-0.010014414211036637,18.09551429748535,0.0001,0.012138676,0.9670244455337524,38.44162139892578,0.061328125,13.468679094314576,6607,0.2,1000.0,2450.069091796875
4055,668,1324,2711552,0.11499394476413727,-0.007125097466632724,19.26708984375,0.0001,0.009613978,0.9650647640228271,43.663815879821776,0.04150390625,13.470574760437012,6612,0.2,1000.0,2450.069091796875
4059,668,1325,2713600,0.11496750265359879,-0.00890799812041223,21.810075759887695,0.0001,0.012561645,0.9657933712005615,46.31259460449219,0.0576171875,13.472753143310547,6617,0.2,1000.0,2461.74365234375
4063,668,1326,2715648,0.11497257649898529,-0.007421348313800991,15.992819786071777,0.0001,0.011809713,0.9768648147583008,31.03590621948242,0.07412109375,13.475867366790771,6622,0.2,1000.0,2461.74365234375
4065,668,1327,2717696,0.11498706787824631,-0.00887928624288179,10.083780288696289,0.0001,0.013308945,0.9867105484008789,19.052991008758546,0.0580078125,13.47338933944702,6627,0.2,1000.0,2461.74365234375
4068,668,1328,2719744,0.11497130990028381,-0.006588390655815601,12.464566230773926,0.0001,0.012501802,0.9818469882011414,25.998128986358644,0.064453125,13.473033237457276,6632,0.2,1000.0,2461.74365234375
4072,668,1329,2721792,0.11495108157396317,-0.012058930296916515,7.112287998199463,0.0001,0.020820089,0.9887781143188477,15.287987184524535,0.10849609375,13.476756381988526,6637,0.2,1000.0,2469.265869140625
4075,668,1330,2723840,0.11492381989955902,-0.010027212416753173,18.98511505126953,0.0001,0.019841187,0.9605573415756226,36.83015460968018,0.14091796875,13.47996096611023,6642,0.2,1000.0,2469.265869140625
4078,668,1331,2725888,0.11490146070718765,-0.011358957830816507,8.369335174560547,0.0001,0.018457886,0.9796561598777771,17.318652963638307,0.1439453125,13.484149932861328,6647,0.2,1000.0,2469.265869140625
4081,668,1332,2727936,0.1148887351155281,-0.012961537088267505,9.37370777130127,0.0001,0.020543989,0.9798576831817627,17.799316740036012,0.18623046875,13.487008333206177,6652,0.2,1000.0,2469.265869140625
4085,668,1333,2729984,0.11488083750009537,-0.009791316057089716,7.671716213226318,0.0001,0.021143077,0.9833690524101257,15.557761716842652,0.18037109375,13.488343143463135,6657,0.2,1000.0,2472.541748046875
4088,668,1334,2732032,0.11488744616508484,-0.01479524679016322,16.83009147644043,0.0001,0.02132342,0.9673699140548706,30.236352825164794,0.1849609375,13.488823223114014,6662,0.2,1000.0,2472.541748046875
4091,668,1335,2734080,0.1148892343044281,-0.010805750009603798,9.650554656982422,0.0001,0.020468734,0.9749910235404968,20.864680576324464,0.12275390625,13.48804497718811,6667,0.2,1000.0,2472.541748046875
4095,668,1336,2736128,0.11486770212650299,-0.00607437543803826,8.465089797973633,0.0001,0.017336462,0.9801599383354187,17.85439853668213,0.09091796875,13.489353561401368,6672,0.2,1000.0,2465.132080078125
4097,668,1337,2738176,0.11485983431339264,-0.014599299989640713,13.553228378295898,0.0001,0.022963902,0.9659921526908875,27.59349355697632,0.1771484375,13.492503786087036,6677,0.2,1000.0,2465.132080078125
4100,668,1338,2740224,0.11485877633094788,-0.0036188012221828104,77.44554138183594,0.0001,0.0074182004,0.7664372324943542,169.68118743896486,0.04052734375,13.492820644378662,6682,0.2,1000.0,2465.132080078125
4103,668,1339,2742272,0.11485061049461365,-0.005569269391708076,68.04472351074219,0.0001,0.004739018,0.7925009727478027,147.04564361572267,0.0109375,13.493337154388428,6687,0.2,1000.0,2465.132080078125
4107,668,1340,2744320,0.11483883857727051,-0.004694136697798968,71.24142456054688,0.0001,0.0044100014,0.7961777448654175,144.95401992797852,0.00927734375,13.494931316375732,6692,0.2,1000.0,2461.65478515625
4110,668,1341,2746368,0.11482613533735275,-0.005231182486750185,48.99910354614258,0.0001,0.0062479717,0.8322702646255493,111.45621833801269,0.01943359375,13.496769666671753,6697,0.2,1000.0,2461.65478515625
4113,668,1342,2748416,0.11480781435966492,-0.00604751673527062,7.021081447601318,0.0001,0.0069080135,0.9700818657875061,17.72599902153015,0.02255859375,13.49896936416626,6702,0.2,1000.0,2461.65478515625
4115,668,1343,2750464,0.11479248106479645,-0.004804566234815866,7.119165420532227,0.0001,0.0063492977,0.9772998094558716,19.110787677764893,0.0212890625,13.502078485488891,6707,0.2,1000.0,2461.65478515625
4119,668,1344,2752512,0.11478611081838608,-0.0057853753445670005,7.271906852722168,0.0001,0.009725909,0.9715200066566467,15.94558663368225,0.05166015625,13.503911924362182,6712,0.2,1000.0,2465.13037109375
4122,668,1345,2754560,0.1147642508149147,-0.010759568470530213,10.651236534118652,0.0001,0.013664502,0.946365237236023,28.53510961532593,0.11494140625,13.50553994178772,6717,0.2,1000.0,2465.13037109375
4125,668,1346,2756608,0.11474744230508804,-0.0065744758117944006,25.378515243530273,0.0001,0.0105865635,0.8576120138168335,50.35643482208252,0.06826171875,13.509997701644897,6722,0.2,1000.0,2465.13037109375
4127,668,1347,2758656,0.11474575102329254,-0.00530455510597676,26.912424087524414,0.0001,0.0069886753,0.8564529418945312,52.05513305664063,0.0248046875,13.510984945297242,6727,0.2,1000.0,2465.13037109375
4131,668,1348,2760704,0.11474613100290298,-0.012544700340367854,17.319242477416992,0.0001,0.02139172,0.8801526427268982,37.942070960998535,0.16611328125,13.51103687286377,6732,0.2,1000.0,2452.4677734375
4134,668,1349,2762752,0.11475226283073425,-0.006268895464017987,19.978923797607422,0.0001,0.013592382,0.8833327293395996,41.350951766967775,0.0658203125,13.5106276512146,6737,0.2,1000.0,2452.4677734375
4137,668,1350,2764800,0.11473250389099121,-0.013329732511192561,9.61933708190918,0.0001,0.01783452,0.9300113320350647,19.440532970428468,0.1193359375,13.51127495765686,6742,0.2,1000.0,2452.4677734375
4139,668,1351,2766848,0.1147167831659317,-0.011813056329265237,7.931565284729004,0.0001,0.016682707,0.9455263018608093,15.728858232498169,0.139453125,13.515093278884887,6747,0.2,1000.0,2452.4677734375
4143,668,1352,2768896,0.11466356366872787,-0.013202924840152263,8.126715660095215,0.0001,0.019202359,0.9394381046295166,17.16633548736572,0.128125,13.519430112838744,6752,0.2,1000.0,2452.076171875
4146,668,1353,2770944,0.1146344467997551,-0.007176149100996554,19.332168579101562,0.0001,0.011067268,0.8863238096237183,34.832034492492674,0.0568359375,13.527800607681275,6757,0.2,1000.0,2452.076171875
4149,668,1354,2772992,0.11462043225765228,-0.007513243006542325,13.797513961791992,0.0001,0.011673666,0.9082279205322266,30.039674949645995,0.046484375,13.530562734603881,6762,0.2,1000.0,2452.076171875
4152,668,1355,2775040,0.11456028372049332,-0.015626229729969056,15.191398620605469,0.0001,0.019036552,0.9092959761619568,31.76863431930542,0.14306640625,13.536008882522584,6767,0.2,1000.0,2452.076171875
4156,668,1356,2777088,0.11449851095676422,-0.01174495299346745,12.261716842651367,0.0001,0.020819679,0.9267104864120483,26.110202503204345,0.16669921875,13.546888780593871,6772,0.2,1000.0,2460.00244140625
4159,668,1357,2779136,0.11446525156497955,-0.007001385884359479,28.26226234436035,0.0001,0.009758336,0.8009245991706848,55.33937740325928,0.0576171875,13.55466365814209,6777,0.2,1000.0,2460.00244140625
4161,668,1358,2781184,0.11443943530321121,-0.011598131083883346,14.472121238708496,0.0001,0.016626898,0.798007607460022,31.975968742370604,0.090234375,13.559295749664306,6782,0.2,1000.0,2460.00244140625
4164,668,1359,2783232,0.11442490667104721,-0.012219872348941863,21.901262283325195,0.0001,0.013140131,0.6706281900405884,48.176578521728516,0.090625,13.563152742385864,6787,0.2,1000.0,2460.00244140625
4168,668,1360,2785280,0.11441133916378021,-0.012483626790344714,19.296939849853516,0.0001,0.015559576,0.7106322646141052,39.70048770904541,0.10234375,13.565220975875855,6792,0.2,1000.0,2411.2314453125
4171,668,1361,2787328,0.11439621448516846,-0.006562171597033739,43.40111541748047,0.0001,0.009408143,0.5705325603485107,96.9096752166748,0.0498046875,13.568098020553588,6797,0.2,1000.0,2411.2314453125
4174,668,1362,2789376,0.11437536776065826,-0.01176319399382919,61.474945068359375,0.0001,0.019331586,0.6189669966697693,104.31179733276367,0.12021484375,13.570866775512695,6802,0.2,1000.0,2411.2314453125
4177,668,1363,2791424,0.11435095220804214,-0.01598929336760193,46.814659118652344,0.0001,0.022096578,0.6050375699996948,92.63857460021973,0.15458984375,13.574363088607788,6807,0.2,1000.0,2411.2314453125
4180,668,1364,2793472,0.11434139311313629,-0.013506661099381746,42.897918701171875,0.0001,0.016100947,0.6418700218200684,89.28922386169434,0.1529296875,13.577788305282592,6812,0.2,1000.0,2377.791015625
4183,668,1365,2795520,0.1143241599202156,-0.005094918166287243,17.485057830810547,0.0001,0.007451685,0.8999649286270142,46.46902446746826,0.03486328125,13.580386638641357,6817,0.2,1000.0,2377.791015625
4186,668,1366,2797568,0.1143113523721695,-0.002261477196589112,9.22229290008545,0.0001,0.0059153046,0.9671871066093445,29.816129875183105,0.02763671875,13.583242750167846,6822,0.2,1000.0,2377.791015625
4189,668,1367,2799616,0.11429227888584137,-0.00646084628533572,8.732810020446777,0.0001,0.007696504,0.9705585241317749,20.843308782577516,0.02802734375,13.585324144363403,6827,0.2,1000.0,2377.791015625
4193,668,1368,2801664,0.11427529901266098,-0.0031638476531952618,6.480666637420654,0.0001,0.0059154416,0.9812972545623779,19.181632041931152,0.0259765625,13.589063692092896,6832,0.2,1000.0,2390.072021484375
4196,668,1369,2803712,0.11424890160560608,-0.01182724735699594,15.127459526062012,0.0001,0.01688288,0.9555047154426575,32.01825532913208,0.11708984375,13.59229235649109,6837,0.2,1000.0,2390.072021484375
4199,668,1370,2805760,0.11421995609998703,-0.0047373657813295725,4.589829444885254,0.0001,0.009816486,0.984919548034668,12.62563648223877,0.058203125,13.597123908996583,6842,0.2,1000.0,2390.072021484375
4201,668,1371,2807808,0.11418803781270981,-0.008407180127687753,7.284614562988281,0.0001,0.014994284,0.9809139370918274,16.39485397338867,0.09716796875,13.602145957946778,6847,0.2,1000.0,2390.072021484375
4205,668,1372,2809856,0.11416301131248474,-0.007156780711375177,8.54669189453125,0.0001,0.0099883145,0.9794597029685974,19.457766151428224,0.04921875,13.607556200027465,6852,0.2,1000.0,2395.316650390625
4208,668,1373,2811904,0.1141519844532013,-0.0012213042937219143,34.66282653808594,0.0001,0.0066365604,0.910599410533905,76.82293357849122,0.03701171875,13.61050877571106,6857,0.2,1000.0,2395.316650390625
4211,668,1374,2813952,0.11414650827646255,-0.009407137136440724,24.059682846069336,0.0001,0.010803731,0.9417409896850586,45.55685157775879,0.05419921875,13.611615800857544,6862,0.2,1000.0,2395.316650390625
4215,668,1375,2816000,0.11413517594337463,-0.007599379727616906,28.858898162841797,0.0001,0.0099443495,0.9283373355865479,56.96310596466064,0.044140625,13.612505149841308,6867,0.2,1000.0,2387.4091796875
4217,668,1376,2818048,0.1141282171010971,-0.0110676025506109,26.94974136352539,0.0001,0.018877938,0.9252535104751587,56.30493717193603,0.11044921875,13.614157676696777,6872,0.2,1000.0,2387.4091796875
4220,668,1377,2820096,0.11412321031093597,-0.00993582436349243,14.970690727233887,0.0001,0.013003938,0.9476887583732605,30.41609125137329,0.0876953125,13.614741849899293,6877,0.2,1000.0,2387.4091796875
4223,668,1378,2822144,0.11410441994667053,-0.009333141148090363,6.644778728485107,0.0001,0.020301662,0.9774804711341858,14.215685558319091,0.1130859375,13.61672501564026,6882,0.2,1000.0,2387.4091796875
4227,668,1379,2824192,0.1140846386551857,-0.0021903170738369225,6.713690280914307,0.0001,0.0063164392,0.9782300591468811,16.142189073562623,0.050390625,13.620300006866454,6887,0.2,1000.0,2403.964111328125
4229,668,1380,2826240,0.11405180394649506,-0.01508841454051435,10.358672142028809,0.0001,0.01691313,0.9600505828857422,25.043622970581055,0.13837890625,13.62485146522522,6892,0.2,1000.0,2403.964111328125
4232,668,1381,2828288,0.11402632296085358,-0.0055552627774886785,6.379029750823975,0.0001,0.009582169,0.9833003282546997,15.614730501174927,0.04384765625,13.629911851882934,6897,0.2,1000.0,2403.964111328125
4235,668,1382,2830336,0.11399001628160477,-0.005174106848426163,5.451812744140625,0.0001,0.01135084,0.9848276972770691,12.070644950866699,0.0548828125,13.634354448318481,6902,0.2,1000.0,2403.964111328125
4240,667,1383,2832384,0.11394165456295013,-0.007052272220607847,4.686753749847412,0.0001,0.010817916,0.9865247011184692,12.358106517791748,0.0576171875,13.641538715362548,6907,0.2,1000.0,2396.538330078125
4242,668,1384,2834432,0.11388476938009262,-0.016517053416464478,16.62261199951172,0.0001,0.021416102,0.9443551898002625,32.562070274353026,0.214453125,13.650537014007568,6912,0.2,1000.0,2396.538330078125
4245,668,1385,2836480,0.11383402347564697,-0.015105819620657712,8.881827354431152,0.0001,0.02261411,0.9260213375091553,18.506554412841798,0.18369140625,13.659006643295289,6917,0.2,1000.0,2396.538330078125
4248,668,1386,2838528,0.11378438025712967,-0.008292076317593456,7.38769006729126,0.0001,0.016072836,0.9416801929473877,15.030864810943603,0.11787109375,13.667298316955566,6922,0.2,1000.0,2396.538330078125
4252,667,1387,2840576,0.11376294493675232,-0.00809387891786173,11.90202808380127,0.0001,0.016576964,0.9066190123558044,23.63914051055908,0.1509765625,13.67385573387146,6927,0.2,1000.0,2443.926513671875
4255,668,1388,2842624,0.11373721063137054,-0.012345825205557048,12.807868003845215,0.0001,0.02085133,0.9490789771080017,26.323925590515138,0.16943359375,13.677328205108642,6932,0.2,1000.0,2443.926513671875
4258,668,1389,2844672,0.11370006203651428,-0.013575753406621515,5.1105570793151855,0.0001,0.021152474,0.9686309099197388,11.204631042480468,0.164453125,13.682494068145752,6937,0.2,1000.0,2443.926513671875
4260,668,1390,2846720,0.11362224072217941,-0.012231821776367724,6.057859420776367,0.0001,0.017659342,0.9427496194839478,15.173416566848754,0.14072265625,13.690512895584106,6942,0.2,1000.0,2443.926513671875
4264,668,1391,2848768,0.11352794617414474,-0.01701951485592872,4.379983901977539,0.0001,0.020303302,0.9580714702606201,10.071106243133546,0.21611328125,13.70540018081665,6947,0.2,1000.0,2420.723876953125
4267,668,1392,2850816,0.11345779895782471,-0.012344776885583997,11.302988052368164,0.0001,0.018187601,0.9359212517738342,24.83341407775879,0.1455078125,13.719227027893066,6952,0.2,1000.0,2420.723876953125
4269,668,1393,2852864,0.1134321391582489,-0.007678314065560699,5.139252185821533,0.0001,0.014968265,0.9774211645126343,11.025088548660278,0.09111328125,13.727098083496093,6957,0.2,1000.0,2420.723876953125
4272,668,1394,2854912,0.11342435330152512,-0.008767585060559214,4.773624897003174,0.0001,0.013917174,0.9780796766281128,10.481845331192016,0.09384765625,13.729766035079956,6962,0.2,1000.0,2420.723876953125
4276,668,1395,2856960,0.11340665817260742,-0.009549860330298542,4.779976844787598,0.0001,0.020011008,0.9769716262817383,10.693262100219727,0.14150390625,13.732326126098632,6967,0.2,1000.0,2436.146484375
4279,668,1396,2859008,0.113383449614048,-0.011923113279044628,16.513044357299805,0.0001,0.016466703,0.9324026703834534,31.124729728698732,0.163671875,13.736209297180176,6972,0.2,1000.0,2436.146484375
4282,668,1397,2861056,0.11338154226541519,-0.009415948390960693,4.606217861175537,0.0001,0.017617691,0.9813214540481567,9.679996490478516,0.11357421875,13.738775587081909,6977,0.2,1000.0,2436.146484375
4285,668,1398,2863104,0.1133355051279068,-0.01232787522021681,5.490966796875,0.0001,0.024635967,0.9772666096687317,11.310914039611816,0.17919921875,13.74199595451355,6982,0.2,1000.0,2436.146484375
4289,667,1399,2865152,0.11331523954868317,-0.012134540465194733,8.773120880126953,0.0001,0.02493111,0.964173436164856,17.386873626708983,0.23203125,13.749250841140746,6987,0.2,1000.0,2464.72900390625
4292,667,1400,2867200,0.11330000311136246,-0.01033474518917501,18.863313674926758,0.0001,0.014510654,0.917529821395874,37.46577272415161,0.1044921875,13.750777912139892,6992,0.2,1000.0,2464.72900390625
4294,668,1401,2869248,0.1132967621088028,-0.01258201296441257,8.795722007751465,0.0001,0.020025443,0.9511323571205139,17.4285680770874,0.14072265625,13.753828954696655,6997,0.2,1000.0,2464.72900390625
4297,668,1402,2871296,0.1132809966802597,-0.010141988983377814,6.917286396026611,0.0001,0.026332945,0.9648279547691345,13.573912286758423,0.17236328125,13.753868865966798,7002,0.2,1000.0,2464.72900390625
4301,667,1403,2873344,0.1132320985198021,-0.011408764240331947,6.034984111785889,0.0001,0.016854407,0.9670265913009644,12.337502002716064,0.1521484375,13.759039449691773,7007,0.2,1000.0,2493.6708984375
4304,668,1404,2875392,0.11320214718580246,-0.003294486133381724,32.0942268371582,0.0001,0.009705651,0.9111500978469849,68.13739528656006,0.07041015625,13.767224073410034,7012,0.2,1000.0,2493.6708984375
4306,668,1405,2877440,0.11319058388471603,-0.00415054865879938,33.06251525878906,0.0001,0.006044301,0.9212945103645325,72.72184581756592,0.019921875,13.770144033432008,7017,0.2,1000.0,2493.6708984375
4309,668,1406,2879488,0.11318520456552505,-0.0070792077342048286,27.666685104370117,0.0001,0.01002187,0.9305227994918823,60.674563789367674,0.05048828125,13.771633338928222,7022,0.2,1000.0,2493.6708984375
4313,668,1407,2881536,0.11318448185920715,-0.006276778527535498,26.437780380249023,0.0001,0.0073465025,0.9395793080329895,61.27018985748291,0.02685546875,13.771818256378173,7027,0.2,1000.0,2485.92529296875
4316,668,1408,2883584,0.11316566914319992,-0.008321918721776456,14.364485740661621,0.0001,0.013829288,0.9390925765037537,33.64035539627075,0.075,13.77294201850891,7032,0.2,1000.0,2485.92529296875
4318,668,1409,2885632,0.11315115541219711,-0.004422860057093203,5.4791789054870605,0.0001,0.0068426337,0.9777563810348511,14.534446907043456,0.0306640625,13.77630443572998,7037,0.2,1000.0,2485.92529296875
4321,668,1410,2887680,0.11313513666391373,-0.00499344146810472,7.429414749145508,0.0001,0.010017676,0.9697569608688354,16.912531471252443,0.06923828125,13.778564929962158,7042,0.2,1000.0,2485.92529296875
4325,668,1411,2889728,0.1131080910563469,-0.006880520924460143,6.101296424865723,0.0001,0.009595265,0.9770585298538208,13.033398294448853,0.03837890625,13.781764793395997,7047,0.2,1000.0,2509.168212890625
4328,668,1412,2891776,0.1130901575088501,-0.0062290944391861554,38.71854019165039,0.0001,0.00853264,0.8710740804672241,80.56000347137451,0.03359375,13.78621187210083,7052,0.2,1000.0,2509.168212890625
4330,668,1413,2893824,0.11307483166456223,-0.004417357477359473,25.306812286376953,0.0001,0.0063097365,0.907143235206604,53.25712490081787,0.0232421875,13.78862442970276,7057,0.2,1000.0,2509.168212890625
4333,668,1414,2895872,0.11306015402078629,-0.009811313566751778,31.16402816772461,0.0001,0.012150564,0.8800432085990906,63.39369659423828,0.06005859375,13.791477489471436,7062,0.2,1000.0,2509.168212890625
4337,668,1415,2897920,0.11302520334720612,-0.01056041093543172,30.052339553833008,0.0001,0.015658606,0.8926286697387695,58.79288291931152,0.0908203125,13.794418954849244,7067,0.2,1000.0,2496.41552734375
4340,668,1416,2899968,0.11299056559801102,-0.015158174117095769,14.865694999694824,0.0001,0.01602771,0.9131188988685608,30.195497512817383,0.13369140625,13.800916290283203,7072,0.2,1000.0,2496.41552734375
4343,668,1417,2902016,0.11295429617166519,-0.009240626858081668,6.517675399780273,0.0001,0.016186886,0.9550318121910095,14.625903415679932,0.10703125,13.805878305435181,7077,0.2,1000.0,2496.41552734375
4347,667,1418,2904064,0.11293385922908783,-0.009516764455474913,5.889971733093262,0.0001,0.01585251,0.969646155834198,11.341465473175049,0.1021484375,13.811754083633422,7082,0.2,1000.0,2491.549560546875
4350,668,1419,2906112,0.11291617900133133,-0.011057683022227139,6.084612846374512,0.0001,0.016213102,0.9670533537864685,11.913419389724732,0.12880859375,13.814615392684937,7087,0.2,1000.0,2491.549560546875
4353,668,1420,2908160,0.11293130367994308,-0.008621018996927887,8.251728057861328,0.0001,0.01939458,0.9801840782165527,18.639146089553833,0.09892578125,13.816425275802612,7092,0.2,1000.0,2491.549560546875
4356,668,1421,2910208,0.11291977018117905,-0.007003820524550975,7.906362056732178,0.0001,0.009405198,0.9837101101875305,16.369516563415527,0.1005859375,13.814250183105468,7097,0.2,1000.0,2491.549560546875
4359,667,1422,2912256,0.11289834976196289,-0.008377787389326841,8.048613548278809,0.0001,0.013173513,0.9841306805610657,16.3645809173584,0.1212890625,13.819404315948486,7102,0.2,1000.0,2496.143798828125
4362,668,1423,2914304,0.1128869354724884,-0.013356606278102845,15.825887680053711,0.0001,0.017338572,0.9709761142730713,28.4236701965332,0.16513671875,13.8211350440979,7107,0.2,1000.0,2496.143798828125
4365,668,1424,2916352,0.11287353932857513,-0.0046260358649306,4.8765082359313965,0.0001,0.011096638,0.9873180389404297,10.805400466918945,0.06396484375,13.823518323898316,7112,0.2,1000.0,2496.143798828125
4368,668,1425,2918400,0.11286367475986481,-0.007135375158395618,5.585943222045898,0.0001,0.016616346,0.9838823080062866,11.880016994476318,0.07939453125,13.825831127166747,7117,0.2,1000.0,2496.143798828125
4372,667,1426,2920448,0.1128372997045517,-0.00777733838185668,6.300480365753174,0.0001,0.015054699,0.9810288548469543,13.566674280166627,0.0884765625,13.827894592285157,7122,0.2,1000.0,2511.207763671875
4374,668,1427,2922496,0.11280860006809235,-0.011631780071184039,9.718101501464844,0.0001,0.020022623,0.9697766304016113,21.33210868835449,0.11396484375,13.833341932296753,7127,0.2,1000.0,2511.207763671875
4377,668,1428,2924544,0.11279375106096268,-0.00967245635110885,5.116978168487549,0.0001,0.025524447,0.9875086545944214,11.503019523620605,0.13984375,13.836195087432861,7132,0.2,1000.0,2511.207763671875
4380,668,1429,2926592,0.11273631453514099,-0.010769409977365285,5.827739238739014,0.0001,0.019778717,0.9866873025894165,11.735310649871826,0.15859375,13.841441917419434,7137,0.2,1000.0,2511.207763671875
4383,668,1430,2928640,0.11271468549966812,-0.012234914011787622,7.146340370178223,0.0001,0.019620478,0.9812414646148682,15.33076376914978,0.1470703125,13.849382877349854,7142,0.2,1000.0,2513.2158203125
4386,668,1431,2930688,0.11268697679042816,-0.012384864734485745,14.518425941467285,0.0001,0.0167898,0.9543977975845337,33.000499629974364,0.15849609375,13.852722311019898,7147,0.2,1000.0,2513.2158203125
4389,668,1432,2932736,0.11260831356048584,-0.012797375291120261,4.458820819854736,0.0001,0.019423228,0.9753383994102478,10.261651945114135,0.15703125,13.860356903076172,7152,0.2,1000.0,2513.2158203125
4392,668,1433,2934784,0.11250492930412292,-0.014226593426428735,5.160930633544922,0.0001,0.022948604,0.9772657752037048,9.866343879699707,0.2142578125,13.877529525756836,7157,0.2,1000.0,2513.2158203125
4395,668,1434,2936832,0.11241217702627182,-0.007870933052618056,5.729950428009033,0.0001,0.017033799,0.9719285368919373,12.619863271713257,0.1447265625,13.894433832168579,7162,0.2,1000.0,2521.1123046875
4398,668,1435,2938880,0.11235891282558441,-0.009560381132178008,11.645398139953613,0.0001,0.01666931,0.9672296047210693,22.025357151031493,0.10966796875,13.907736921310425,7167,0.2,1000.0,2521.1123046875
4401,668,1436,2940928,0.1123117208480835,-0.014471732382662594,5.214690685272217,0.0001,0.020463953,0.9847221970558167,12.386748600006104,0.1912109375,13.915503978729248,7172,0.2,1000.0,2521.1123046875
4403,668,1437,2942976,0.11226557195186615,-0.012649967102333903,5.045677661895752,0.0001,0.015648926,0.9875639081001282,10.179810619354248,0.16083984375,13.922717094421387,7177,0.2,1000.0,2521.1123046875
4407,668,1438,2945024,0.11220857501029968,-0.011886891582980752,5.722811222076416,0.0001,0.02010792,0.9886905550956726,10.007370138168335,0.2099609375,13.931110429763795,7182,0.2,1000.0,2511.324951171875
4410,668,1439,2947072,0.11218966543674469,-0.003906798141542822,15.613030433654785,0.0001,0.011494106,0.9655663371086121,30.89051237106323,0.0876953125,13.938019800186158,7187,0.2,1000.0,2511.324951171875
4413,668,1440,2949120,0.11218225955963135,-0.0020271038520149887,16.777061462402344,0.0001,0.0043275333,0.9572910666465759,38.12891540527344,0.01474609375,13.939807558059693,7192,0.2,1000.0,2511.324951171875
4416,668,1441,2951168,0.11216284334659576,-0.010448075574822724,15.525557518005371,0.0001,0.012431394,0.9632634520530701,30.953368949890137,0.06806640625,13.941839265823365,7197,0.2,1000.0,2511.324951171875
4420,668,1442,2953216,0.11213947832584381,-0.008235469995997845,14.2958984375,0.0001,0.01196727,0.9637539386749268,32.37191257476807,0.07607421875,13.945512437820435,7202,0.2,1000.0,2501.706787109375
4423,668,1443,2955264,0.11211379617452621,-0.012315129372291267,12.4685640335083,0.0001,0.014823381,0.9628802537918091,24.693382358551027,0.12412109375,13.948907518386841,7207,0.2,1000.0,2501.706787109375
4426,668,1444,2957312,0.11209162324666977,-0.0083401074167341,6.566519737243652,0.0001,0.013945475,0.971601128578186,14.384897422790527,0.101953125,13.952698373794556,7212,0.2,1000.0,2501.706787109375
4428,668,1445,2959360,0.11206841468811035,-0.007360378908924758,6.57037353515625,0.0001,0.0110662,0.9728092551231384,15.015784978866577,0.0763671875,13.956513977050781,7217,0.2,1000.0,2501.706787109375
4432,668,1446,2961408,0.11205674707889557,-0.011141922045499086,7.4435319900512695,0.0001,0.0148837725,0.9728416204452515,15.924640417098999,0.1091796875,13.959770250320435,7222,0.2,1000.0,2480.8056640625
4435,668,1447,2963456,0.11203781515359879,-0.009917112486436962,31.233741760253906,0.0001,0.014292612,0.9107404947280884,53.506320762634275,0.11181640625,13.96239151954651,7227,0.2,1000.0,2480.8056640625
4438,668,1448,2965504,0.11202732473611832,-0.010374822339508682,23.411409378051758,0.0001,0.014852837,0.8738057017326355,46.19612407684326,0.09599609375,13.965306425094605,7232,0.2,1000.0,2480.8056640625
4440,668,1449,2967552,0.1120055764913559,-0.013703712035203352,21.965360641479492,0.0001,0.016672302,0.8731909394264221,44.03629379272461,0.12294921875,13.967676687240601,7237,0.2,1000.0,2480.8056640625
4444,668,1450,2969600,0.11199993640184402,-0.013431888609193265,21.412233352661133,0.0001,0.020657534,0.858607828617096,45.69269580841065,0.14287109375,13.970848321914673,7242,0.2,1000.0,2477.30322265625
4447,668,1451,2971648,0.11198622733354568,-0.009797496511600912,31.26266860961914,0.0001,0.008860825,0.9338028430938721,67.17757244110108,0.0466796875,13.971778678894044,7247,0.2,1000.0,2477.30322265625
4450,668,1452,2973696,0.1119697093963623,-0.01180919356411323,34.8292236328125,0.0001,0.012906047,0.9298697710037231,78.50863018035889,0.06748046875,13.974432229995728,7252,0.2,1000.0,2477.30322265625
4452,668,1453,2975744,0.11196064949035645,-0.008226157631725073,35.15128707885742,0.0001,0.00745463,0.9416893124580383,68.45173606872558,0.0263671875,13.976444959640503,7257,0.2,1000.0,2477.30322265625
4456,668,1454,2977792,0.11195886135101318,-0.007797472382662818,30.628379821777344,0.0001,0.011224749,0.948921799659729,63.61399097442627,0.0548828125,13.977223968505859,7262,0.2,1000.0,2468.068359375
4459,668,1455,2979840,0.11195489764213562,-0.01111472153570503,13.755504608154297,0.0001,0.01163273,0.9792433381080627,26.489393615722655,0.060546875,13.977539682388306,7267,0.2,1000.0,2468.068359375
4461,668,1456,2981888,0.11192210763692856,-0.0067503975937142965,9.685928344726562,0.0001,0.009154223,0.9851073622703552,21.299437522888184,0.046484375,13.980125665664673,7272,0.2,1000.0,2468.068359375
4464,668,1457,2983936,0.11188948154449463,-0.009373403724748642,11.140523910522461,0.0001,0.010819022,0.9808770418167114,24.363305187225343,0.11474609375,13.986524295806884,7277,0.2,1000.0,2468.068359375
4468,668,1458,2985984,0.11186875402927399,-0.007097138941753655,8.823152542114258,0.0001,0.009756208,0.9867798089981079,18.275907611846925,0.0591796875,13.990872955322265,7282,0.2,1000.0,2469.068603515625
4470,668,1459,2988032,0.11184515058994293,-0.011632018932141363,15.423356056213379,0.0001,0.014828978,0.9486708641052246,29.487282943725585,0.1193359375,13.994805669784546,7287,0.2,1000.0,2469.068603515625
4473,668,1460,2990080,0.11183251440525055,-0.012815246661193668,6.386392593383789,0.0001,0.022380907,0.9773276448249817,12.743679428100586,0.14697265625,13.998034858703614,7292,0.2,1000.0,2469.068603515625
4477,668,1461,2992128,0.11181064695119858,-0.01160640005255118,5.720581531524658,0.0001,0.020712156,0.9785652160644531,11.962960481643677,0.15009765625,14.001027345657349,7297,0.2,1000.0,2466.486083984375
4479,668,1462,2994176,0.11179953068494797,-0.012455853447318078,10.621773719787598,0.0001,0.015416274,0.9559237360954285,23.7692307472229,0.1205078125,14.003781366348267,7302,0.2,1000.0,2466.486083984375
4482,668,1463,2996224,0.11178959906101227,-0.007063596474472434,24.82758140563965,0.0001,0.010222801,0.6579220294952393,55.403888893127444,0.05576171875,14.004964971542359,7307,0.2,1000.0,2466.486083984375
4485,668,1464,2998272,0.11176734417676926,-0.006952215416822583,27.275285720825195,0.0001,0.01186626,0.7166651487350464,49.60340557098389,0.054296875,14.007253694534302,7312,0.2,1000.0,2466.486083984375
4489,668,1465,3000320,0.1117401272058487,-0.012013320915866644,24.684425354003906,0.0001,0.0153778335,0.7374299764633179,49.43792457580567,0.07666015625,14.011698293685914,7317,0.2,1000.0,2481.675537109375
